position,fold,rows_val,fold_mae,fold_rmse,fold_r2
OL,1,378,9.899740809768597,12.113023316898838,0.04792447399833577
OL,2,377,9.84615465071701,11.888515643394353,0.01866788446946044
OL,3,377,9.548588090033492,11.655153163242574,0.10322744913257931
OL,4,377,9.787335090519832,11.8917841726126,0.02948786172898632
OL,5,377,9.803814573608722,12.25661934228564,0.05868433292256359
