position,fold,rows_val,fold_mae,fold_rmse,fold_r2
QB,1,126,12.107063196478952,15.07800855805835,0.09638442720683504
QB,2,126,12.455167475963774,15.299102748672144,0.16779865819660755
QB,3,126,12.947221137443423,15.544588595402626,0.052760062425644016
QB,4,126,10.948681430344353,13.331609782912139,0.24022532325531176
QB,5,125,11.029128783154297,13.337221746279882,0.17479819474553338
