position,fold,rows_val,fold_mae,fold_rmse,fold_r2
RB,1,178,10.247007053846724,12.58521368440199,0.11151919595976933
RB,2,178,11.011705179861687,14.305878914131611,0.021379954140195778
RB,3,178,11.060234470838912,13.895305783986787,0.10738435609182184
RB,4,177,11.782411121502028,15.008207999145776,0.03515800966868776
RB,5,177,11.210216440905555,13.84034978384129,0.04910779881731797
