position,fold,rows_val,fold_mae,fold_rmse,fold_r2
WR,1,299,10.098663438634969,12.869333329766949,0.09797748720055444
WR,2,299,9.813107567971526,12.390033551664514,0.1723263201574401
WR,3,299,9.58504728546653,12.221251614243105,0.09442027321211799
WR,4,299,9.968814421913377,12.463436243278329,0.07758822655014663
WR,5,299,9.954360335905655,12.650266661650454,0.11890671691219223
