player_id,name,year,position,rating,position_group,y_pred_score_raw,y_pred_score_calibrated,predictive_score_0_100,contrib_tier_raw,contrib_tier_raw_college_outlook,contrib_tier_raw_professional_outlook
202300007,Caleb Downs,2023,S,0.9953,DB,71.50585,87.42313494590488,87.42313494590488,Elite Power 4,All-Conference/All-American honors.,First round NFL Draft talent
202300014,Cormani McClain,2023,CB,0.9884,DB,67.609886,80.83890498482437,80.83890498482437,Elite Power 4,All-Conference/All-American honors.,First round NFL Draft talent
202300021,Peyton Bowen,2023,S,0.9864,DB,64.732216,75.77828306665586,75.77828306665586,Meaningful P4 Contributor,Reliable multi-year starter at the highest level of competition.,Potential Day 2 Pick
202300027,Dezz Ricks,2023,CB,0.9846,DB,64.50606,75.41805252110697,75.41805252110697,Meaningful P4 Contributor,Reliable multi-year starter at the highest level of competition.,Potential Day 2 Pick
202300037,Joenel Aguero,2023,S,0.982,DB,66.245766,78.37195426941096,78.37195426941096,Meaningful P4 Contributor,Reliable multi-year starter at the highest level of competition.,Potential Day 2 Pick
202300039,A.J. Harris,2023,CB,0.9808,DB,62.599773,69.409146832861,69.409146832861,Meaningful G5 Contributor,Standout starter at the Group of 5 level; high-end depth in Power 4.,Potential Day 3 Pick
202300043,Malik Muhammad,2023,CB,0.977,DB,64.21046,74.59405892065779,74.59405892065779,Meaningful P4 Contributor,Reliable multi-year starter at the highest level of competition.,Potential Day 2 Pick
202300047,Jermaine Mathews Jr.,2023,CB,0.9754,DB,64.16498,74.46449578515491,74.46449578515491,Meaningful P4 Contributor,Reliable multi-year starter at the highest level of competition.,Potential Day 2 Pick
202300049,Jahlil Hurley,2023,CB,0.974,DB,63.76856,73.04645231435562,73.04645231435562,Meaningful P4 Contributor,Reliable multi-year starter at the highest level of competition.,Potential Day 2 Pick
202300050,Derek Williams Jr.,2023,S,0.9734,DB,63.045124,70.55119508433499,70.55119508433499,Meaningful P4 Contributor,Reliable multi-year starter at the highest level of competition.,Potential Day 2 Pick
202300053,Ja'Keem Jackson,2023,CB,0.9715,DB,63.318645,71.48359072766499,71.48359072766499,Meaningful P4 Contributor,Reliable multi-year starter at the highest level of competition.,Potential Day 2 Pick
202300059,Javien Toviano,2023,S,0.9695,DB,62.148243,68.5727984731762,68.5727984731762,Meaningful G5 Contributor,Standout starter at the Group of 5 level; high-end depth in Power 4.,Potential Day 3 Pick
202300063,Calvin Simpson-Hunt,2023,CB,0.9674,DB,63.258835,71.28946004688055,71.28946004688055,Meaningful P4 Contributor,Reliable multi-year starter at the highest level of competition.,Potential Day 2 Pick
202300073,Makari Vickers,2023,S,0.9629,DB,61.149284,67.28139650694244,67.28139650694244,Meaningful G5 Contributor,Standout starter at the Group of 5 level; high-end depth in Power 4.,Potential Day 3 Pick
202300090,Rodrick Pleasant,2023,CB,0.9553,DB,62.457005,69.05952037221059,69.05952037221059,Meaningful G5 Contributor,Standout starter at the Group of 5 level; high-end depth in Power 4.,Potential Day 3 Pick
202300091,King Mack,2023,S,0.9547,DB,62.00032,68.3954206405926,68.3954206405926,Meaningful G5 Contributor,Standout starter at the Group of 5 level; high-end depth in Power 4.,Potential Day 3 Pick
202300099,Bravion Rogers,2023,CB,0.9526,DB,65.20199,76.52654861372014,76.52654861372014,Meaningful P4 Contributor,Reliable multi-year starter at the highest level of competition.,Potential Day 2 Pick
202300101,Christian Gray,2023,CB,0.9514,DB,62.718483,69.67518730330292,69.67518730330292,Meaningful G5 Contributor,Standout starter at the Group of 5 level; high-end depth in Power 4.,Potential Day 3 Pick
202300107,Dijon Johnson,2023,S,0.948,DB,61.12679,67.24661334477227,67.24661334477227,Meaningful G5 Contributor,Standout starter at the Group of 5 level; high-end depth in Power 4.,Potential Day 3 Pick
202300114,Tony Mitchell,2023,S,0.9464,DB,60.66637,66.56362056695285,66.56362056695285,Meaningful G5 Contributor,Standout starter at the Group of 5 level; high-end depth in Power 4.,Potential Day 3 Pick
202300121,Daylen Austin,2023,CB,0.9445,DB,62.209053,68.65975876533746,68.65975876533746,Meaningful G5 Contributor,Standout starter at the Group of 5 level; high-end depth in Power 4.,Potential Day 3 Pick
202300124,Jayvon Thomas,2023,CB,0.9441,DB,63.045193,70.55143421532546,70.55143421532546,Meaningful P4 Contributor,Reliable multi-year starter at the highest level of competition.,Potential Day 2 Pick
202300131,Jacobe Johnson,2023,CB,0.9426,DB,68.28767,81.96947257347837,81.96947257347837,Elite Power 4,All-Conference/All-American honors.,First round NFL Draft talent
202300136,Jordan Matthews,2023,CB,0.9405,DB,63.678864,72.69577864467884,72.69577864467884,Meaningful P4 Contributor,Reliable multi-year starter at the highest level of competition.,Potential Day 2 Pick
202300138,Isaac Smith,2023,S,0.9399,DB,58.95369,63.5460530988838,63.5460530988838,Meaningful G5 Contributor,Standout starter at the Group of 5 level; high-end depth in Power 4.,Potential Day 3 Pick
202300140,Jaylon Braxton,2023,CB,0.9397,DB,62.576015,69.35096606021816,69.35096606021816,Meaningful G5 Contributor,Standout starter at the Group of 5 level; high-end depth in Power 4.,Potential Day 3 Pick
202300144,Kayin Lee,2023,CB,0.9391,DB,63.543697,72.21405399978431,72.21405399978431,Meaningful P4 Contributor,Reliable multi-year starter at the highest level of competition.,Potential Day 2 Pick
202300148,Robert Stafford III,2023,CB,0.9378,DB,62.426735,68.98539313538963,68.98539313538963,Meaningful G5 Contributor,Standout starter at the Group of 5 level; high-end depth in Power 4.,Potential Day 3 Pick
202300158,Daniel Harris,2023,CB,0.9347,DB,61.59637,67.93637578592646,67.93637578592646,Meaningful G5 Contributor,Standout starter at the Group of 5 level; high-end depth in Power 4.,Potential Day 3 Pick
202300161,Malik Hartford,2023,S,0.934,DB,62.129917,68.54932082684968,68.54932082684968,Meaningful G5 Contributor,Standout starter at the Group of 5 level; high-end depth in Power 4.,Potential Day 3 Pick
202300166,Jyaire Hill,2023,CB,0.9333,DB,61.087795,67.18631938450375,67.18631938450375,Meaningful G5 Contributor,Standout starter at the Group of 5 level; high-end depth in Power 4.,Potential Day 3 Pick
202300171,Elliot Washington II,2023,S,0.9314,DB,61.12817,67.24874858382698,67.24874858382698,Meaningful G5 Contributor,Standout starter at the Group of 5 level; high-end depth in Power 4.,Potential Day 3 Pick
202300173,Chris Peal,2023,CB,0.9308,DB,62.526527,69.22977480082582,69.22977480082582,Meaningful G5 Contributor,Standout starter at the Group of 5 level; high-end depth in Power 4.,Potential Day 3 Pick
202300174,Damari Brown,2023,CB,0.9306,DB,61.39226,67.68366996155073,67.68366996155073,Meaningful G5 Contributor,Standout starter at the Group of 5 level; high-end depth in Power 4.,Potential Day 3 Pick
202300176,DaKaari Nelson,2023,S,0.9302,DB,58.899998,63.45028831423845,63.45028831423845,Meaningful G5 Contributor,Standout starter at the Group of 5 level; high-end depth in Power 4.,Potential Day 3 Pick
202300189,Aaron Williams,2023,CB,0.9265,DB,59.4293,64.34550894382947,64.34550894382947,Meaningful G5 Contributor,Standout starter at the Group of 5 level; high-end depth in Power 4.,Potential Day 3 Pick
202300193,Conrad Hussey,2023,S,0.9252,DB,60.1981,65.64550765414005,65.64550765414005,Meaningful G5 Contributor,Standout starter at the Group of 5 level; high-end depth in Power 4.,Potential Day 3 Pick
202300210,Kylin Jackson,2023,S,0.9219,DB,55.25549,56.441641284551906,56.441641284551906,Multi-Year Starter,Consistent career presence; reliable rotational player or specialist.,nan
202300212,Jordan Castell,2023,S,0.9215,DB,60.39056,66.08987009149658,66.08987009149658,Meaningful G5 Contributor,Standout starter at the Group of 5 level; high-end depth in Power 4.,Potential Day 3 Pick
202300215,Caleb Presley,2023,CB,0.9201,DB,54.389805,54.47214759542318,54.47214759542318,Multi-Year Starter,Consistent career presence; reliable rotational player or specialist.,nan
202300217,Cole Martin,2023,CB,0.9191,DB,63.535816,72.18847367026709,72.18847367026709,Meaningful P4 Contributor,Reliable multi-year starter at the highest level of competition.,Potential Day 2 Pick
202300223,Sharif Denson,2023,CB,0.9183,DB,61.260952,67.45859849025013,67.45859849025013,Meaningful G5 Contributor,Standout starter at the Group of 5 level; high-end depth in Power 4.,Potential Day 3 Pick
202300225,Braxton Myers,2023,S,0.9181,DB,59.99924,65.27436007430902,65.27436007430902,Meaningful G5 Contributor,Standout starter at the Group of 5 level; high-end depth in Power 4.,Potential Day 3 Pick
202300235,Randon Fontenette,2023,S,0.9163,DB,59.002728,63.633940550906644,63.633940550906644,Meaningful G5 Contributor,Standout starter at the Group of 5 level; high-end depth in Power 4.,Potential Day 3 Pick
202300237,Micah Bell,2023,CB,0.916,DB,64.27452,74.77656884329119,74.77656884329119,Meaningful P4 Contributor,Reliable multi-year starter at the highest level of competition.,Potential Day 2 Pick
202300239,Ryan Yaites,2023,S,0.9158,DB,59.71107,64.79696833922341,64.79696833922341,Meaningful G5 Contributor,Standout starter at the Group of 5 level; high-end depth in Power 4.,Potential Day 3 Pick
202300240,Sylvester Smith,2023,S,0.9156,DB,63.49605,72.05940815483261,72.05940815483261,Meaningful P4 Contributor,Reliable multi-year starter at the highest level of competition.,Potential Day 2 Pick
202300244,Avieon Terrell,2023,CB,0.9149,DB,61.214848,67.38277317443757,67.38277317443757,Meaningful G5 Contributor,Standout starter at the Group of 5 level; high-end depth in Power 4.,Potential Day 3 Pick
202300248,CJ Blocker,2023,CB,0.9142,DB,62.269844,68.74669178182836,68.74669178182836,Meaningful G5 Contributor,Standout starter at the Group of 5 level; high-end depth in Power 4.,Potential Day 3 Pick
202300249,Antione Jackson,2023,S,0.914,DB,60.919502,66.94513945625567,66.94513945625567,Meaningful G5 Contributor,Standout starter at the Group of 5 level; high-end depth in Power 4.,Potential Day 3 Pick
202300257,Curley Reed III,2023,CB,0.9126,DB,60.537304,66.35000234353612,66.35000234353612,Meaningful G5 Contributor,Standout starter at the Group of 5 level; high-end depth in Power 4.,Potential Day 3 Pick
202300259,Jordan Sanford,2023,S,0.9124,DB,60.682148,66.5904910310945,66.5904910310945,Meaningful G5 Contributor,Standout starter at the Group of 5 level; high-end depth in Power 4.,Potential Day 3 Pick
202300263,Warren Roberson,2023,S,0.912,DB,60.435097,66.1832161131728,66.1832161131728,Meaningful G5 Contributor,Standout starter at the Group of 5 level; high-end depth in Power 4.,Potential Day 3 Pick
202300277,Jayden Bonsu,2023,S,0.9093,DB,60.332123,65.96423833889867,65.96423833889867,Meaningful G5 Contributor,Standout starter at the Group of 5 level; high-end depth in Power 4.,Potential Day 3 Pick
202300278,Jalon Kilgore,2023,S,0.9089,DB,60.387646,66.08360449589733,66.08360449589733,Meaningful G5 Contributor,Standout starter at the Group of 5 level; high-end depth in Power 4.,Potential Day 3 Pick
202300284,Terrance Love,2023,S,0.9081,DB,60.760643,66.72417418889012,66.72417418889012,Meaningful G5 Contributor,Standout starter at the Group of 5 level; high-end depth in Power 4.,Potential Day 3 Pick
202300289,Rickey Gibson III,2023,CB,0.9065,DB,65.87644,77.65323034316837,77.65323034316837,Meaningful P4 Contributor,Reliable multi-year starter at the highest level of competition.,Potential Day 2 Pick
202300310,Daemon Fagan,2023,S,0.9027,DB,60.15093,65.54211687350617,65.54211687350617,Meaningful G5 Contributor,Standout starter at the Group of 5 level; high-end depth in Power 4.,Potential Day 3 Pick
202300315,Ben Minich,2023,S,0.9025,DB,60.356087,66.01575728072386,66.01575728072386,Meaningful G5 Contributor,Standout starter at the Group of 5 level; high-end depth in Power 4.,Potential Day 3 Pick
202300318,Adon Shuler,2023,S,0.9023,DB,61.097492,67.20131324549011,67.20131324549011,Meaningful G5 Contributor,Standout starter at the Group of 5 level; high-end depth in Power 4.,Potential Day 3 Pick
202300319,Jasiah Wagoner,2023,CB,0.9021,DB,58.11038,62.01260726501409,62.01260726501409,Meaningful G5 Contributor,Standout starter at the Group of 5 level; high-end depth in Power 4.,Potential Day 3 Pick
202300320,Avery Stuart,2023,S,0.9017,DB,64.706764,75.73774300323612,75.73774300323612,Meaningful P4 Contributor,Reliable multi-year starter at the highest level of competition.,Potential Day 2 Pick
202300321,Tyler Scott,2023,CB,0.9017,DB,61.061413,67.14552570134809,67.14552570134809,Meaningful G5 Contributor,Standout starter at the Group of 5 level; high-end depth in Power 4.,Potential Day 3 Pick
202300326,Brenden Jordan,2023,S,0.9009,DB,57.397747,60.6413447385157,60.6413447385157,Meaningful G5 Contributor,Standout starter at the Group of 5 level; high-end depth in Power 4.,Potential Day 3 Pick
202300327,Marvin Burks Jr.,2023,S,0.9009,DB,58.297264,62.33036120867391,62.33036120867391,Meaningful G5 Contributor,Standout starter at the Group of 5 level; high-end depth in Power 4.,Potential Day 3 Pick
202300332,Smith Snowden,2023,CB,0.9,DB,54.121994,53.907911769041654,53.907911769041654,Multi-Year Starter,Consistent career presence; reliable rotational player or specialist.,nan
202300335,LeVar Thornton Jr.,2023,CB,0.8997,DB,62.496037,69.15510573921146,69.15510573921146,Meaningful G5 Contributor,Standout starter at the Group of 5 level; high-end depth in Power 4.,Potential Day 3 Pick
202300339,Maliki Crawford,2023,CB,0.8994,DB,64.85572,75.97500445353792,75.97500445353792,Meaningful P4 Contributor,Reliable multi-year starter at the highest level of competition.,Potential Day 2 Pick
202300348,Saboor Karriem,2023,S,0.8987,DB,59.257896,64.06414130379386,64.06414130379386,Meaningful G5 Contributor,Standout starter at the Group of 5 level; high-end depth in Power 4.,Potential Day 3 Pick
202300360,Tyler Turner,2023,S,0.8976,DB,62.37225,68.89313485585562,68.89313485585562,Meaningful G5 Contributor,Standout starter at the Group of 5 level; high-end depth in Power 4.,Potential Day 3 Pick
202300361,Cedrick Hawkins Jr.,2023,S,0.8975,DB,61.080475,67.17500025813364,67.17500025813364,Meaningful G5 Contributor,Standout starter at the Group of 5 level; high-end depth in Power 4.,Potential Day 3 Pick
202300365,Branden Strozier,2023,CB,0.8972,DB,61.078693,67.17224568178405,67.17224568178405,Meaningful G5 Contributor,Standout starter at the Group of 5 level; high-end depth in Power 4.,Potential Day 3 Pick
202300373,Kelley Jones,2023,S,0.8967,DB,67.3865,80.46628269486074,80.46628269486074,Elite Power 4,All-Conference/All-American honors.,First round NFL Draft talent
202300375,Colton Hood,2023,CB,0.8963,DB,60.776844,66.75176578976283,66.75176578976283,Meaningful G5 Contributor,Standout starter at the Group of 5 level; high-end depth in Power 4.,Potential Day 3 Pick
202300376,Justyn Rhett,2023,CB,0.8963,DB,61.15509,67.2903739484929,67.2903739484929,Meaningful G5 Contributor,Standout starter at the Group of 5 level; high-end depth in Power 4.,Potential Day 3 Pick
202300383,MarJayvious Moss,2023,CB,0.8958,DB,61.843803,68.20955172580356,68.20955172580356,Meaningful G5 Contributor,Standout starter at the Group of 5 level; high-end depth in Power 4.,Potential Day 3 Pick
202300394,Kodi DeCambra,2023,S,0.8944,DB,59.21758,64.01042705933271,64.01042705933271,Meaningful G5 Contributor,Standout starter at the Group of 5 level; high-end depth in Power 4.,Potential Day 3 Pick
202300397,Cam Calhoun,2023,CB,0.8942,DB,61.121353,67.23820805291328,67.23820805291328,Meaningful G5 Contributor,Standout starter at the Group of 5 level; high-end depth in Power 4.,Potential Day 3 Pick
202300400,Martel Hight,2023,CB,0.8941,DB,61.16141,67.30014768085104,67.30014768085104,Meaningful G5 Contributor,Standout starter at the Group of 5 level; high-end depth in Power 4.,Potential Day 3 Pick
202300410,Bryce Thornton,2023,S,0.8933,DB,61.783894,68.13840692183668,68.13840692183668,Meaningful G5 Contributor,Standout starter at the Group of 5 level; high-end depth in Power 4.,Potential Day 3 Pick
202300412,Jaremiah Anglin Jr.,2023,S,0.893,DB,60.915718,66.94013793131666,66.94013793131666,Meaningful G5 Contributor,Standout starter at the Group of 5 level; high-end depth in Power 4.,Potential Day 3 Pick
202300421,Jshawn Frausto-Ramos,2023,CB,0.8925,DB,58.12911,62.04619880997092,62.04619880997092,Meaningful G5 Contributor,Standout starter at the Group of 5 level; high-end depth in Power 4.,Potential Day 3 Pick
202300424,Daeh McCullough,2023,S,0.8925,DB,56.094723,58.07046772944198,58.07046772944198,Multi-Year Starter,Consistent career presence; reliable rotational player or specialist.,nan
202300426,Christian Pierce,2023,S,0.8923,DB,57.841156,61.50306377353419,61.50306377353419,Meaningful G5 Contributor,Standout starter at the Group of 5 level; high-end depth in Power 4.,Potential Day 3 Pick
202300430,AJ Brown,2023,S,0.8919,DB,59.613476,64.66031044197189,64.66031044197189,Meaningful G5 Contributor,Standout starter at the Group of 5 level; high-end depth in Power 4.,Potential Day 3 Pick
202300433,Rob Billings,2023,S,0.8917,DB,59.240215,64.04058509950987,64.04058509950987,Meaningful G5 Contributor,Standout starter at the Group of 5 level; high-end depth in Power 4.,Potential Day 3 Pick
202300435,Javeon Wilcox,2023,S,0.8917,DB,59.720837,64.81589621559495,64.81589621559495,Meaningful G5 Contributor,Standout starter at the Group of 5 level; high-end depth in Power 4.,Potential Day 3 Pick
202300445,Zion Tracy,2023,CB,0.8906,DB,57.787514,61.37231846345258,61.37231846345258,Meaningful G5 Contributor,Standout starter at the Group of 5 level; high-end depth in Power 4.,Potential Day 3 Pick
202300446,Amare Snowden,2023,CB,0.8905,DB,63.316597,71.47694182304217,71.47694182304217,Meaningful P4 Contributor,Reliable multi-year starter at the highest level of competition.,Potential Day 2 Pick
202300454,Tay'Shawn Wilson,2023,CB,0.89,DB,62.88469,70.04153698340424,70.04153698340424,Meaningful P4 Contributor,Reliable multi-year starter at the highest level of competition.,Potential Day 2 Pick
202300455,R.J. Jones,2023,S,0.89,DB,58.948742,63.5371857301344,63.5371857301344,Meaningful G5 Contributor,Standout starter at the Group of 5 level; high-end depth in Power 4.,Potential Day 3 Pick
202300459,Jamel Johnson,2023,S,0.8894,DB,58.98901,63.60935530956288,63.60935530956288,Meaningful G5 Contributor,Standout starter at the Group of 5 level; high-end depth in Power 4.,Potential Day 3 Pick
202300463,Chance Rucker,2023,CB,0.8894,DB,58.90862,63.46527595025293,63.46527595025293,Meaningful G5 Contributor,Standout starter at the Group of 5 level; high-end depth in Power 4.,Potential Day 3 Pick
202300471,Brice Pollock,2023,CB,0.8886,DB,58.95855,63.554763220538966,63.554763220538966,Meaningful G5 Contributor,Standout starter at the Group of 5 level; high-end depth in Power 4.,Potential Day 3 Pick
202300477,Braeden Marshall,2023,CB,0.8883,DB,58.94554,63.53144962960953,63.53144962960953,Meaningful G5 Contributor,Standout starter at the Group of 5 level; high-end depth in Power 4.,Potential Day 3 Pick
202300480,Ethan Nation,2023,CB,0.888,DB,63.50548,72.09001540292874,72.09001540292874,Meaningful P4 Contributor,Reliable multi-year starter at the highest level of competition.,Potential Day 2 Pick
202300499,Jayden Davis,2023,S,0.8869,DB,59.25468,64.05985697149367,64.05985697149367,Meaningful G5 Contributor,Standout starter at the Group of 5 level; high-end depth in Power 4.,Potential Day 3 Pick
202300505,Brandon Cisse,2023,CB,0.8866,DB,63.12792,70.8395339186164,70.8395339186164,Meaningful P4 Contributor,Reliable multi-year starter at the highest level of competition.,Potential Day 2 Pick
202300509,Donovan McIntosh,2023,CB,0.8861,DB,58.431488,62.538258869680035,62.538258869680035,Meaningful G5 Contributor,Standout starter at the Group of 5 level; high-end depth in Power 4.,Potential Day 3 Pick
202300512,Genesis Smith,2023,S,0.8858,DB,53.129925,51.76991937921539,51.76991937921539,Multi-Year Starter,Consistent career presence; reliable rotational player or specialist.,nan
202300519,K.J. Kirkland,2023,S,0.8853,DB,56.40503,58.595888914076674,58.595888914076674,Multi-Year Starter,Consistent career presence; reliable rotational player or specialist.,nan
202300526,Antonio Robinson,2023,CB,0.885,DB,62.828865,69.91848990471242,69.91848990471242,Meaningful G5 Contributor,Standout starter at the Group of 5 level; high-end depth in Power 4.,Potential Day 3 Pick
202300529,Josiah Jackson,2023,CB,0.8847,DB,58.41596,62.50838772146653,62.50838772146653,Meaningful G5 Contributor,Standout starter at the Group of 5 level; high-end depth in Power 4.,Potential Day 3 Pick
202300534,Jeremiah Hughes,2023,CB,0.8844,DB,58.745743,63.246185762363666,63.246185762363666,Meaningful G5 Contributor,Standout starter at the Group of 5 level; high-end depth in Power 4.,Potential Day 3 Pick
202300539,Damon Walters,2023,S,0.8844,DB,55.807613,57.58132430534949,57.58132430534949,Multi-Year Starter,Consistent career presence; reliable rotational player or specialist.,nan
202300543,TJ Metcalf,2023,S,0.8842,DB,61.679234,68.02495019832268,68.02495019832268,Meaningful G5 Contributor,Standout starter at the Group of 5 level; high-end depth in Power 4.,Potential Day 3 Pick
202300553,Michael Daugherty,2023,S,0.8833,DB,63.050705,70.57063111983783,70.57063111983783,Meaningful P4 Contributor,Reliable multi-year starter at the highest level of competition.,Potential Day 2 Pick
202300561,Dallas Young,2023,CB,0.8828,DB,61.6454,67.9887856433304,67.9887856433304,Meaningful G5 Contributor,Standout starter at the Group of 5 level; high-end depth in Power 4.,Potential Day 3 Pick
202300567,Cristian Conyer,2023,CB,0.8825,DB,59.074657,63.765113845456625,63.765113845456625,Meaningful G5 Contributor,Standout starter at the Group of 5 level; high-end depth in Power 4.,Potential Day 3 Pick
202300576,Kevis Thomas,2023,CB,0.8819,DB,58.703037,63.16614930522915,63.16614930522915,Meaningful G5 Contributor,Standout starter at the Group of 5 level; high-end depth in Power 4.,Potential Day 3 Pick
202300579,Amare Ferrell,2023,S,0.8817,DB,57.84298,61.50663811333629,61.50663811333629,Meaningful G5 Contributor,Standout starter at the Group of 5 level; high-end depth in Power 4.,Potential Day 3 Pick
202300588,Ty Lee,2023,S,0.8811,DB,56.995544,59.80488450415853,59.80488450415853,Multi-Year Starter,Consistent career presence; reliable rotational player or specialist.,nan
202300589,Brock Fonoimoana,2023,S,0.8811,DB,57.442905,60.7077624802285,60.7077624802285,Meaningful G5 Contributor,Standout starter at the Group of 5 level; high-end depth in Power 4.,Potential Day 3 Pick
202300600,Carl Williams IV,2023,CB,0.8803,DB,60.38976,66.08814787281092,66.08814787281092,Meaningful G5 Contributor,Standout starter at the Group of 5 level; high-end depth in Power 4.,Potential Day 3 Pick
202300605,John Slaughter,2023,S,0.8803,DB,54.060566,53.792335915447545,53.792335915447545,Multi-Year Starter,Consistent career presence; reliable rotational player or specialist.,nan
202300608,Lamont Payne Jr.,2023,CB,0.88,DB,60.039818,65.33967462885836,65.33967462885836,Meaningful G5 Contributor,Standout starter at the Group of 5 level; high-end depth in Power 4.,Potential Day 3 Pick
202300617,Jordan Shaw,2023,CB,0.8794,DB,57.489777,60.77839468339854,60.77839468339854,Meaningful G5 Contributor,Standout starter at the Group of 5 level; high-end depth in Power 4.,Potential Day 3 Pick
202300620,Kahlil Tate,2023,S,0.8794,DB,53.291134,52.096802059279185,52.096802059279185,Multi-Year Starter,Consistent career presence; reliable rotational player or specialist.,nan
202300627,Leroy Bryant,2023,CB,0.8789,DB,56.61716,59.00443462258215,59.00443462258215,Multi-Year Starter,Consistent career presence; reliable rotational player or specialist.,nan
202300631,Ashton Stamps,2023,CB,0.8789,DB,59.859142,65.07869812124828,65.07869812124828,Meaningful G5 Contributor,Standout starter at the Group of 5 level; high-end depth in Power 4.,Potential Day 3 Pick
202300635,C.J. Johnson,2023,S,0.8786,DB,58.89558,63.444443401038384,63.444443401038384,Meaningful G5 Contributor,Standout starter at the Group of 5 level; high-end depth in Power 4.,Potential Day 3 Pick
202300640,Zahbari Sandy,2023,S,0.8786,DB,52.93918,51.4277119412345,51.4277119412345,Multi-Year Starter,Consistent career presence; reliable rotational player or specialist.,nan
202300646,Luke Evans,2023,CB,0.8786,DB,58.45395,62.58146233828262,62.58146233828262,Meaningful G5 Contributor,Standout starter at the Group of 5 level; high-end depth in Power 4.,Potential Day 3 Pick
202300650,Macho Stevenson,2023,CB,0.8781,DB,59.839268,65.04544107881007,65.04544107881007,Meaningful G5 Contributor,Standout starter at the Group of 5 level; high-end depth in Power 4.,Potential Day 3 Pick
202300660,Jonas Duclona,2023,CB,0.8778,DB,58.914978,63.47667294617064,63.47667294617064,Meaningful G5 Contributor,Standout starter at the Group of 5 level; high-end depth in Power 4.,Potential Day 3 Pick
202300663,Antonio Cotman Jr.,2023,CB,0.8775,DB,57.62413,60.99771229908178,60.99771229908178,Meaningful G5 Contributor,Standout starter at the Group of 5 level; high-end depth in Power 4.,Potential Day 3 Pick
202300667,Shawn Battle,2023,CB,0.8772,DB,59.683144,64.74762801768667,64.74762801768667,Meaningful G5 Contributor,Standout starter at the Group of 5 level; high-end depth in Power 4.,Potential Day 3 Pick
202300674,Rahmir Stewart,2023,S,0.8769,DB,57.318222,60.52438151318315,60.52438151318315,Meaningful G5 Contributor,Standout starter at the Group of 5 level; high-end depth in Power 4.,Potential Day 3 Pick
202300689,Christian Ford,2023,S,0.8769,DB,56.68837,59.177637892285404,59.177637892285404,Multi-Year Starter,Consistent career presence; reliable rotational player or specialist.,nan
202300695,Shelton Lewis,2023,CB,0.8764,DB,57.114864,60.085593688695816,60.085593688695816,Meaningful G5 Contributor,Standout starter at the Group of 5 level; high-end depth in Power 4.,Potential Day 3 Pick
202300698,Ja'Bril Rawls,2023,CB,0.8764,DB,58.54564,62.76406152199668,62.76406152199668,Meaningful G5 Contributor,Standout starter at the Group of 5 level; high-end depth in Power 4.,Potential Day 3 Pick
202300705,JC Hart,2023,CB,0.8761,DB,62.149113,68.57404224374348,68.57404224374348,Meaningful G5 Contributor,Standout starter at the Group of 5 level; high-end depth in Power 4.,Potential Day 3 Pick
202300707,Tre Miller,2023,CB,0.8761,DB,62.983906,70.33799652127989,70.33799652127989,Meaningful P4 Contributor,Reliable multi-year starter at the highest level of competition.,Potential Day 2 Pick
202300708,DJ Waller Jr.,2023,CB,0.8759,DB,59.047398,63.71466577838334,63.71466577838334,Meaningful G5 Contributor,Standout starter at the Group of 5 level; high-end depth in Power 4.,Potential Day 3 Pick
202300728,Kahlil Ali,2023,S,0.8747,DB,55.40736,56.75649913084499,56.75649913084499,Multi-Year Starter,Consistent career presence; reliable rotational player or specialist.,nan
202300736,Carter Stoutmire,2023,CB,0.8744,DB,59.2566,64.06241334058856,64.06241334058856,Meaningful G5 Contributor,Standout starter at the Group of 5 level; high-end depth in Power 4.,Potential Day 3 Pick
202300747,Shadarian Harrison,2023,CB,0.8744,DB,58.319263,62.3632548116542,62.3632548116542,Meaningful G5 Contributor,Standout starter at the Group of 5 level; high-end depth in Power 4.,Potential Day 3 Pick
202300752,Jace Arnold,2023,CB,0.8739,DB,61.017323,67.0773514113086,67.0773514113086,Meaningful G5 Contributor,Standout starter at the Group of 5 level; high-end depth in Power 4.,Potential Day 3 Pick
202300756,Jaylen Aborom,2023,CB,0.8739,DB,56.072186,58.0339226170184,58.0339226170184,Multi-Year Starter,Consistent career presence; reliable rotational player or specialist.,nan
202300768,Kaleb Cost,2023,CB,0.8733,DB,58.194035,62.162640377214345,62.162640377214345,Meaningful G5 Contributor,Standout starter at the Group of 5 level; high-end depth in Power 4.,Potential Day 3 Pick
202300769,Za'Quan Bryan,2023,CB,0.8733,DB,60.039185,65.33852087417674,65.33852087417674,Meaningful G5 Contributor,Standout starter at the Group of 5 level; high-end depth in Power 4.,Potential Day 3 Pick
202300780,Cory Huff Jr.,2023,S,0.8728,DB,56.731667,59.24673329112189,59.24673329112189,Multi-Year Starter,Consistent career presence; reliable rotational player or specialist.,nan
202300782,Chapman Lewis,2023,S,0.8728,DB,57.96904,61.75135159139553,61.75135159139553,Meaningful G5 Contributor,Standout starter at the Group of 5 level; high-end depth in Power 4.,Potential Day 3 Pick
202300795,Ty Adams,2023,CB,0.8722,DB,58.850506,63.38480307774654,63.38480307774654,Meaningful G5 Contributor,Standout starter at the Group of 5 level; high-end depth in Power 4.,Potential Day 3 Pick
202300799,AJ Tisdell,2023,CB,0.8719,DB,59.421646,64.32781766078126,64.32781766078126,Meaningful G5 Contributor,Standout starter at the Group of 5 level; high-end depth in Power 4.,Potential Day 3 Pick
202300801,Ryan Robinson Jr.,2023,CB,0.8719,DB,57.375916,60.6092355363006,60.6092355363006,Meaningful G5 Contributor,Standout starter at the Group of 5 level; high-end depth in Power 4.,Potential Day 3 Pick
202300804,Canyon Moses,2023,CB,0.8719,DB,59.767067,64.90550048658973,64.90550048658973,Meaningful G5 Contributor,Standout starter at the Group of 5 level; high-end depth in Power 4.,Potential Day 3 Pick
202300823,Daniel Demery,2023,S,0.8711,DB,59.061207,63.740221614208316,63.740221614208316,Meaningful G5 Contributor,Standout starter at the Group of 5 level; high-end depth in Power 4.,Potential Day 3 Pick
202300833,John Nestor,2023,S,0.8708,DB,54.97559,55.9323467439666,55.9323467439666,Multi-Year Starter,Consistent career presence; reliable rotational player or specialist.,nan
202300836,Emmanuel Karnley,2023,CB,0.8706,DB,56.305965,58.370136940307205,58.370136940307205,Multi-Year Starter,Consistent career presence; reliable rotational player or specialist.,nan
202300838,DJ Coleman,2023,S,0.8706,DB,58.594154,62.885686964269716,62.885686964269716,Meaningful G5 Contributor,Standout starter at the Group of 5 level; high-end depth in Power 4.,Potential Day 3 Pick
202300839,Chase Davis,2023,S,0.8706,DB,58.296608,62.32938016138544,62.32938016138544,Meaningful G5 Contributor,Standout starter at the Group of 5 level; high-end depth in Power 4.,Potential Day 3 Pick
202300845,Bo Mascoe,2023,CB,0.87,DB,62.91487,70.1080634619207,70.1080634619207,Meaningful P4 Contributor,Reliable multi-year starter at the highest level of competition.,Potential Day 2 Pick
202300851,Taylor Starling,2023,CB,0.8697,DB,62.589657,69.3843723612732,69.3843723612732,Meaningful G5 Contributor,Standout starter at the Group of 5 level; high-end depth in Power 4.,Potential Day 3 Pick
202300853,Rushaun Tongue,2023,S,0.8697,DB,60.07973,65.41239592544744,65.41239592544744,Meaningful G5 Contributor,Standout starter at the Group of 5 level; high-end depth in Power 4.,Potential Day 3 Pick
202300859,Ayden Duncanson,2023,S,0.8692,DB,58.300312,62.33491851555465,62.33491851555465,Meaningful G5 Contributor,Standout starter at the Group of 5 level; high-end depth in Power 4.,Potential Day 3 Pick
202300873,Shawn Russ,2023,S,0.8686,DB,61.732616,68.08201263857094,68.08201263857094,Meaningful G5 Contributor,Standout starter at the Group of 5 level; high-end depth in Power 4.,Potential Day 3 Pick
202300874,Jameel Croft Jr.,2023,S,0.8686,DB,59.43537,64.3595490847132,64.3595490847132,Meaningful G5 Contributor,Standout starter at the Group of 5 level; high-end depth in Power 4.,Potential Day 3 Pick
202300881,Jacoby Davis,2023,CB,0.8681,DB,60.437096,66.18647800936623,66.18647800936623,Meaningful G5 Contributor,Standout starter at the Group of 5 level; high-end depth in Power 4.,Potential Day 3 Pick
202300886,Dante Lovett,2023,S,0.8681,DB,54.505993,54.707972202932325,54.707972202932325,Multi-Year Starter,Consistent career presence; reliable rotational player or specialist.,nan
202300887,Michael Patterson,2023,CB,0.8681,DB,61.090157,67.18997052531829,67.18997052531829,Meaningful G5 Contributor,Standout starter at the Group of 5 level; high-end depth in Power 4.,Potential Day 3 Pick
202300889,Deldrick Madison,2023,S,0.8678,DB,58.15528,62.09313803399308,62.09313803399308,Meaningful G5 Contributor,Standout starter at the Group of 5 level; high-end depth in Power 4.,Potential Day 3 Pick
202300892,Dylan Smith,2023,CB,0.8678,DB,59.473965,64.44877276895984,64.44877276895984,Meaningful G5 Contributor,Standout starter at the Group of 5 level; high-end depth in Power 4.,Potential Day 3 Pick
202300894,Eddie Pleasant III,2023,CB,0.8678,DB,57.768764,61.32318397482976,61.32318397482976,Meaningful G5 Contributor,Standout starter at the Group of 5 level; high-end depth in Power 4.,Potential Day 3 Pick
202300896,Rayquan Adkins,2023,CB,0.8678,DB,58.89934,63.44942015787367,63.44942015787367,Meaningful G5 Contributor,Standout starter at the Group of 5 level; high-end depth in Power 4.,Potential Day 3 Pick
202300897,Cam Upshaw Jr.,2023,S,0.8675,DB,57.984375,61.77992492185712,61.77992492185712,Meaningful G5 Contributor,Standout starter at the Group of 5 level; high-end depth in Power 4.,Potential Day 3 Pick
202300911,Arian Parish,2023,S,0.8669,DB,59.331577,64.16230486058895,64.16230486058895,Meaningful G5 Contributor,Standout starter at the Group of 5 level; high-end depth in Power 4.,Potential Day 3 Pick
202300914,Vernon Glover Jr.,2023,CB,0.8669,DB,59.473965,64.44877276895984,64.44877276895984,Meaningful G5 Contributor,Standout starter at the Group of 5 level; high-end depth in Power 4.,Potential Day 3 Pick
202300920,Moussa Kane,2023,S,0.8667,DB,55.398865,56.73380081607261,56.73380081607261,Multi-Year Starter,Consistent career presence; reliable rotational player or specialist.,nan
202300923,Caleb Woodson,2023,S,0.8667,DB,52.023357,48.66566022424,48.66566022424,Single Season Contributor,Late bloomer or one-year starter; limited career longevity.,nan
202300927,Misun Kelley,2023,CB,0.8664,DB,63.33792,71.54615481529837,71.54615481529837,Meaningful P4 Contributor,Reliable multi-year starter at the highest level of competition.,Potential Day 2 Pick
202300930,Kerry Brown,2023,S,0.8664,DB,57.341545,60.558684442126555,60.558684442126555,Meaningful G5 Contributor,Standout starter at the Group of 5 level; high-end depth in Power 4.,Potential Day 3 Pick
202300936,Jai Eugene Jr.,2023,S,0.8661,DB,54.898235,55.77593953758117,55.77593953758117,Multi-Year Starter,Consistent career presence; reliable rotational player or specialist.,nan
202300958,Marcus Ratcliffe,2023,S,0.8656,DB,54.84138,55.614786359088036,55.614786359088036,Multi-Year Starter,Consistent career presence; reliable rotational player or specialist.,nan
202300969,Jarvis Lee,2023,CB,0.8656,DB,58.273438,62.294735503070484,62.294735503070484,Meaningful G5 Contributor,Standout starter at the Group of 5 level; high-end depth in Power 4.,Potential Day 3 Pick
202300973,Jack Luttrell,2023,S,0.8653,DB,55.231182,56.39425164181423,56.39425164181423,Multi-Year Starter,Consistent career presence; reliable rotational player or specialist.,nan
202300976,Jack Tchienchou,2023,CB,0.8653,DB,59.52954,64.55511148131635,64.55511148131635,Meaningful G5 Contributor,Standout starter at the Group of 5 level; high-end depth in Power 4.,Potential Day 3 Pick
202300979,Keontez Bradley,2023,CB,0.8653,DB,57.189613,60.29076467764451,60.29076467764451,Meaningful G5 Contributor,Standout starter at the Group of 5 level; high-end depth in Power 4.,Potential Day 3 Pick
202300983,Cruce Brookins,2023,S,0.865,DB,56.610466,58.98546466131388,58.98546466131388,Multi-Year Starter,Consistent career presence; reliable rotational player or specialist.,nan
202300984,Sean Brown,2023,CB,0.865,DB,54.95221,55.88705297500162,55.88705297500162,Multi-Year Starter,Consistent career presence; reliable rotational player or specialist.,nan
202300989,Dillon Thieneman,2023,S,0.8647,DB,53.52042,52.57366398688971,52.57366398688971,Multi-Year Starter,Consistent career presence; reliable rotational player or specialist.,nan
202300990,Zachary Tobe,2023,S,0.8647,DB,56.6281,59.03543510629578,59.03543510629578,Multi-Year Starter,Consistent career presence; reliable rotational player or specialist.,nan
202300993,Kimari Robinson,2023,CB,0.8647,DB,59.731167,64.83591835981922,64.83591835981922,Meaningful G5 Contributor,Standout starter at the Group of 5 level; high-end depth in Power 4.,Potential Day 3 Pick
202300996,Cam Fleming,2023,CB,0.8647,DB,55.449978,56.87036782084819,56.87036782084819,Multi-Year Starter,Consistent career presence; reliable rotational player or specialist.,nan
202300998,Tamarcus Cooley,2023,S,0.8647,DB,57.493866,60.784619959824994,60.784619959824994,Meaningful G5 Contributor,Standout starter at the Group of 5 level; high-end depth in Power 4.,Potential Day 3 Pick
202301004,Quentin Ajiero,2023,CB,0.8644,DB,59.52954,64.55511148131635,64.55511148131635,Meaningful G5 Contributor,Standout starter at the Group of 5 level; high-end depth in Power 4.,Potential Day 3 Pick
202301008,Josiah Cox,2023,S,0.8642,DB,53.084507,51.6782829997807,51.6782829997807,Multi-Year Starter,Consistent career presence; reliable rotational player or specialist.,nan
202301010,Shamar McNeil,2023,CB,0.8642,DB,58.76963,63.2777927109464,63.2777927109464,Meaningful G5 Contributor,Standout starter at the Group of 5 level; high-end depth in Power 4.,Potential Day 3 Pick
202301017,Ethon Cole,2023,S,0.8639,DB,55.587963,57.16271002658975,57.16271002658975,Multi-Year Starter,Consistent career presence; reliable rotational player or specialist.,nan
202301032,Winston Berglund,2023,S,0.8633,DB,52.077442,48.7954554451766,48.7954554451766,Single Season Contributor,Late bloomer or one-year starter; limited career longevity.,nan
202301039,Braylon Johnson,2023,S,0.8631,DB,55.976368,57.87855021792304,57.87855021792304,Multi-Year Starter,Consistent career presence; reliable rotational player or specialist.,nan
202301042,Jordan Lester,2023,S,0.8631,DB,57.63529,61.02041607230047,61.02041607230047,Meaningful G5 Contributor,Standout starter at the Group of 5 level; high-end depth in Power 4.,Potential Day 3 Pick
202301045,Montana Warren,2023,S,0.8631,DB,56.64483,59.08283298672961,59.08283298672961,Multi-Year Starter,Consistent career presence; reliable rotational player or specialist.,nan
202301046,Che Ojarikre,2023,S,0.8631,DB,56.645527,59.08481105106699,59.08481105106699,Multi-Year Starter,Consistent career presence; reliable rotational player or specialist.,nan
202301053,Andre Jordan Jr.,2023,CB,0.8625,DB,56.44941,58.67473600423638,58.67473600423638,Multi-Year Starter,Consistent career presence; reliable rotational player or specialist.,nan
202301059,Tywon Wray Jr.,2023,S,0.8625,DB,58.97052,63.576217193658195,63.576217193658195,Meaningful G5 Contributor,Standout starter at the Group of 5 level; high-end depth in Power 4.,Potential Day 3 Pick
202301070,Dwight Bootle II,2023,CB,0.8622,DB,61.01941,67.08057786369237,67.08057786369237,Meaningful G5 Contributor,Standout starter at the Group of 5 level; high-end depth in Power 4.,Potential Day 3 Pick
202301080,RJ Lester Jr.,2023,S,0.8617,DB,63.123554,70.8243358156668,70.8243358156668,Meaningful P4 Contributor,Reliable multi-year starter at the highest level of competition.,Potential Day 2 Pick
202301083,Mac Resetich,2023,S,0.8617,DB,56.69292,59.18490051878865,59.18490051878865,Multi-Year Starter,Consistent career presence; reliable rotational player or specialist.,nan
202301086,Diesel Gordon,2023,CB,0.8614,DB,58.264584,62.28149706843943,62.28149706843943,Meaningful G5 Contributor,Standout starter at the Group of 5 level; high-end depth in Power 4.,Potential Day 3 Pick
202301088,Collin Dunn,2023,S,0.8614,DB,59.798164,64.96577394291035,64.96577394291035,Meaningful G5 Contributor,Standout starter at the Group of 5 level; high-end depth in Power 4.,Potential Day 3 Pick
202301093,Adrian Wilson,2023,S,0.8611,DB,55.37189,56.67802211314685,56.67802211314685,Multi-Year Starter,Consistent career presence; reliable rotational player or specialist.,nan
202301094,Jalen Gilbert,2023,S,0.8611,DB,55.12021,56.20147324109744,56.20147324109744,Multi-Year Starter,Consistent career presence; reliable rotational player or specialist.,nan
202301095,D.J. Porter,2023,CB,0.8608,DB,59.330486,64.1608513385986,64.1608513385986,Meaningful G5 Contributor,Standout starter at the Group of 5 level; high-end depth in Power 4.,Potential Day 3 Pick
202301108,Caden Jenkins,2023,CB,0.8606,DB,57.11941,60.0992313128803,60.0992313128803,Meaningful G5 Contributor,Standout starter at the Group of 5 level; high-end depth in Power 4.,Potential Day 3 Pick
202301112,Warren Smith Jr.,2023,CB,0.86,DB,55.004135,55.98764667432472,55.98764667432472,Multi-Year Starter,Consistent career presence; reliable rotational player or specialist.,nan
202301119,Nick Hawthorne,2023,CB,0.86,DB,57.03688,59.89061798744372,59.89061798744372,Multi-Year Starter,Consistent career presence; reliable rotational player or specialist.,nan
202301122,Jamarie Wiggins,2023,S,0.8597,DB,55.19843,56.337354479511305,56.337354479511305,Multi-Year Starter,Consistent career presence; reliable rotational player or specialist.,nan
202301128,Travon West,2023,CB,0.8597,DB,61.767124,68.11889893516133,68.11889893516133,Meaningful G5 Contributor,Standout starter at the Group of 5 level; high-end depth in Power 4.,Potential Day 3 Pick
202301133,Carter Davis,2023,S,0.8597,DB,57.916035,61.6498435140685,61.6498435140685,Meaningful G5 Contributor,Standout starter at the Group of 5 level; high-end depth in Power 4.,Potential Day 3 Pick
202301138,Jonathan Akins,2023,CB,0.8594,DB,58.803696,63.32286617802461,63.32286617802461,Meaningful G5 Contributor,Standout starter at the Group of 5 level; high-end depth in Power 4.,Potential Day 3 Pick
202301147,Philipp Davis,2023,S,0.8592,DB,56.000988,57.918472722253064,57.918472722253064,Multi-Year Starter,Consistent career presence; reliable rotational player or specialist.,nan
202301151,Jamaal Shaw,2023,S,0.8589,DB,55.19843,56.337354479511305,56.337354479511305,Multi-Year Starter,Consistent career presence; reliable rotational player or specialist.,nan
202301155,Phillip Roche,2023,S,0.8589,DB,52.004112,48.61947480389685,48.61947480389685,Single Season Contributor,Late bloomer or one-year starter; limited career longevity.,nan
202301157,Jonah Lewis,2023,CB,0.8589,DB,55.339897,56.613051083146665,56.613051083146665,Multi-Year Starter,Consistent career presence; reliable rotational player or specialist.,nan
202301181,DaShawn Stone,2023,S,0.8583,DB,59.839848,65.04656492146962,65.04656492146962,Meaningful G5 Contributor,Standout starter at the Group of 5 level; high-end depth in Power 4.,Potential Day 3 Pick
202301195,Ian Strong,2023,S,0.8578,DB,57.58276,60.91994422900946,60.91994422900946,Meaningful G5 Contributor,Standout starter at the Group of 5 level; high-end depth in Power 4.,Potential Day 3 Pick
202301214,Nasir Addison,2023,CB,0.8567,DB,56.203396,58.22285330115836,58.22285330115836,Multi-Year Starter,Consistent career presence; reliable rotational player or specialist.,nan
202301220,Josh Fussell,2023,CB,0.8567,DB,56.392067,58.5663496477642,58.5663496477642,Multi-Year Starter,Consistent career presence; reliable rotational player or specialist.,nan
202301227,Johnsley Barbas,2023,S,0.8564,DB,59.544613,64.57400168235938,64.57400168235938,Meaningful G5 Contributor,Standout starter at the Group of 5 level; high-end depth in Power 4.,Potential Day 3 Pick
202301228,Sai Vadrawale III,2023,CB,0.8564,DB,56.138397,58.134189896848895,58.134189896848895,Multi-Year Starter,Consistent career presence; reliable rotational player or specialist.,nan
202301230,Davaughn Patterson,2023,S,0.8564,DB,56.76421,59.29866746270551,59.29866746270551,Multi-Year Starter,Consistent career presence; reliable rotational player or specialist.,nan
202301245,Harlem Howard,2023,S,0.8558,DB,58.792557,63.308127709506316,63.308127709506316,Meaningful G5 Contributor,Standout starter at the Group of 5 level; high-end depth in Power 4.,Potential Day 3 Pick
202301258,Nico Dowdell,2023,S,0.8553,DB,56.059406,58.01320052381952,58.01320052381952,Multi-Year Starter,Consistent career presence; reliable rotational player or specialist.,nan
202301268,Collin Gill,2023,CB,0.855,DB,54.572174,54.85965931572684,54.85965931572684,Multi-Year Starter,Consistent career presence; reliable rotational player or specialist.,nan
202301277,Jeremiah Moses,2023,CB,0.855,DB,57.692715,61.13726482513263,61.13726482513263,Meaningful G5 Contributor,Standout starter at the Group of 5 level; high-end depth in Power 4.,Potential Day 3 Pick
202301284,Joshua Bledsoe,2023,CB,0.8544,DB,60.06531,65.38612368028767,65.38612368028767,Meaningful G5 Contributor,Standout starter at the Group of 5 level; high-end depth in Power 4.,Potential Day 3 Pick
202301286,KP Price,2023,S,0.8542,DB,57.70753,61.167412331177545,61.167412331177545,Meaningful G5 Contributor,Standout starter at the Group of 5 level; high-end depth in Power 4.,Potential Day 3 Pick
202301293,Ta'Shawn James,2023,S,0.8542,DB,59.118668,63.84656071780821,63.84656071780821,Meaningful G5 Contributor,Standout starter at the Group of 5 level; high-end depth in Power 4.,Potential Day 3 Pick
202301296,Mose Phillips III,2023,S,0.8542,DB,57.948467,61.713019260256395,61.713019260256395,Meaningful G5 Contributor,Standout starter at the Group of 5 level; high-end depth in Power 4.,Potential Day 3 Pick
202301307,Devin Clark,2023,S,0.8536,DB,57.12522,60.11665589478716,60.11665589478716,Meaningful G5 Contributor,Standout starter at the Group of 5 level; high-end depth in Power 4.,Potential Day 3 Pick
202301314,Dre Walker,2023,CB,0.8533,DB,60.702095,66.62446241818267,66.62446241818267,Meaningful G5 Contributor,Standout starter at the Group of 5 level; high-end depth in Power 4.,Potential Day 3 Pick
202301317,River Hanson,2023,S,0.8531,DB,55.240993,56.41220407053012,56.41220407053012,Multi-Year Starter,Consistent career presence; reliable rotational player or specialist.,nan
202301319,Syncere Safeeullah,2023,CB,0.8531,DB,57.782658,61.35959248094661,61.35959248094661,Meaningful G5 Contributor,Standout starter at the Group of 5 level; high-end depth in Power 4.,Potential Day 3 Pick
202301320,Evan Jackson,2023,S,0.8528,DB,60.436047,66.18476613636395,66.18476613636395,Meaningful G5 Contributor,Standout starter at the Group of 5 level; high-end depth in Power 4.,Potential Day 3 Pick
202301327,Tracy Revels,2023,S,0.8525,DB,57.10887,60.06761994071442,60.06761994071442,Meaningful G5 Contributor,Standout starter at the Group of 5 level; high-end depth in Power 4.,Potential Day 3 Pick
202301333,Brandon Ramirez,2023,S,0.8519,DB,54.40806,54.508315816373575,54.508315816373575,Multi-Year Starter,Consistent career presence; reliable rotational player or specialist.,nan
202301340,La'Modrick Spencer,2023,CB,0.8517,DB,57.25126,60.403218039720976,60.403218039720976,Meaningful G5 Contributor,Standout starter at the Group of 5 level; high-end depth in Power 4.,Potential Day 3 Pick
202301342,Taylor Davis,2023,S,0.8517,DB,56.29069,58.34193149496185,58.34193149496185,Multi-Year Starter,Consistent career presence; reliable rotational player or specialist.,nan
202301345,Jalyn Stanford,2023,S,0.8517,DB,59.867607,65.09052009679262,65.09052009679262,Meaningful G5 Contributor,Standout starter at the Group of 5 level; high-end depth in Power 4.,Potential Day 3 Pick
202301349,Juice Clarke,2023,S,0.8517,DB,59.107227,63.82538890796315,63.82538890796315,Meaningful G5 Contributor,Standout starter at the Group of 5 level; high-end depth in Power 4.,Potential Day 3 Pick
202301353,LJ Green,2023,CB,0.8517,DB,62.266415,68.74178761630218,68.74178761630218,Meaningful G5 Contributor,Standout starter at the Group of 5 level; high-end depth in Power 4.,Potential Day 3 Pick
202301368,Antonio Smith,2023,S,0.8511,DB,58.481247,62.63396981472964,62.63396981472964,Meaningful G5 Contributor,Standout starter at the Group of 5 level; high-end depth in Power 4.,Potential Day 3 Pick
202301370,Jayden Sheppard,2023,S,0.8511,DB,57.51946,60.823580201937965,60.823580201937965,Meaningful G5 Contributor,Standout starter at the Group of 5 level; high-end depth in Power 4.,Potential Day 3 Pick
202301371,Hunter Wiggins,2023,S,0.8511,DB,52.396202,50.010603500376604,50.010603500376604,Multi-Year Starter,Consistent career presence; reliable rotational player or specialist.,nan
202301380,Justin Johnson,2023,S,0.8508,DB,52.873672,51.31581330183731,51.31581330183731,Multi-Year Starter,Consistent career presence; reliable rotational player or specialist.,nan
202301383,Jalen O'Neal,2023,S,0.8508,DB,56.804592,59.363111858483755,59.363111858483755,Multi-Year Starter,Consistent career presence; reliable rotational player or specialist.,nan
202301397,Jaden Milliner-Jones,2023,S,0.85,DB,55.569027,57.134564773068725,57.134564773068725,Multi-Year Starter,Consistent career presence; reliable rotational player or specialist.,nan
202301398,Gabe Tahir,2023,CB,0.85,DB,54.9845,55.949609958895984,55.949609958895984,Multi-Year Starter,Consistent career presence; reliable rotational player or specialist.,nan
202301405,Ahmere Foster,2023,S,0.85,DB,60.901596,66.92147296627206,66.92147296627206,Meaningful G5 Contributor,Standout starter at the Group of 5 level; high-end depth in Power 4.,Potential Day 3 Pick
202301410,Landon Danley,2023,S,0.85,DB,59.976418,65.24248495953576,65.24248495953576,Meaningful G5 Contributor,Standout starter at the Group of 5 level; high-end depth in Power 4.,Potential Day 3 Pick
202301423,Chantson Prox,2023,CB,0.85,DB,57.55218,60.87339402767132,60.87339402767132,Meaningful G5 Contributor,Standout starter at the Group of 5 level; high-end depth in Power 4.,Potential Day 3 Pick
202301431,Derrick Maxey III,2023,S,0.8497,DB,56.477325,58.71692462324746,58.71692462324746,Multi-Year Starter,Consistent career presence; reliable rotational player or specialist.,nan
202301432,Kam Sallis,2023,S,0.8497,DB,55.069958,56.114179237019115,56.114179237019115,Multi-Year Starter,Consistent career presence; reliable rotational player or specialist.,nan
202301443,Tawfiq Byard,2023,S,0.8492,DB,48.70182,36.25838698360284,36.25838698360284,Partial Season Contributor,Rotational backup or special teams contributor; limited starts.,nan
202301446,Zion Gunn,2023,CB,0.8492,DB,55.56279,57.125294529413026,57.125294529413026,Multi-Year Starter,Consistent career presence; reliable rotational player or specialist.,nan
202301458,Jermod McCoy,2023,CB,0.8486,DB,58.933804,63.510412703131564,63.510412703131564,Meaningful G5 Contributor,Standout starter at the Group of 5 level; high-end depth in Power 4.,Potential Day 3 Pick
202301459,Aaron Morris,2023,CB,0.8486,DB,54.482292,54.65540747357203,54.65540747357203,Multi-Year Starter,Consistent career presence; reliable rotational player or specialist.,nan
202301479,Jamal Miles,2023,CB,0.8478,DB,58.421127,62.518330095779795,62.518330095779795,Meaningful G5 Contributor,Standout starter at the Group of 5 level; high-end depth in Power 4.,Potential Day 3 Pick
202301487,Caleb Hardy,2023,S,0.8478,DB,58.269917,62.28947092953991,62.28947092953991,Meaningful G5 Contributor,Standout starter at the Group of 5 level; high-end depth in Power 4.,Potential Day 3 Pick
202301491,Trent Baker-Booker,2023,S,0.8478,DB,54.570442,54.85568986796566,54.85568986796566,Multi-Year Starter,Consistent career presence; reliable rotational player or specialist.,nan
202301495,Nireek Sharpe,2023,CB,0.8478,DB,57.084362,59.994111773444864,59.994111773444864,Multi-Year Starter,Consistent career presence; reliable rotational player or specialist.,nan
202301497,Cole Shivers,2023,CB,0.8475,DB,59.290874,64.10807730941092,64.10807730941092,Meaningful G5 Contributor,Standout starter at the Group of 5 level; high-end depth in Power 4.,Potential Day 3 Pick
202301507,J.J. Lewis,2023,S,0.8475,DB,51.82959,48.16247936149245,48.16247936149245,Single Season Contributor,Late bloomer or one-year starter; limited career longevity.,nan
202301510,Chris Pearson,2023,S,0.8475,DB,58.461704,62.59637956852532,62.59637956852532,Meaningful G5 Contributor,Standout starter at the Group of 5 level; high-end depth in Power 4.,Potential Day 3 Pick
202301522,Jamari Holliman,2023,S,0.8469,DB,55.154175,56.26047770570788,56.26047770570788,Multi-Year Starter,Consistent career presence; reliable rotational player or specialist.,nan
202301526,Tayvon Nelson,2023,CB,0.8467,DB,50.908966,44.116524657673295,44.116524657673295,Single Season Contributor,Late bloomer or one-year starter; limited career longevity.,nan
202301529,Jacob Fields,2023,CB,0.8467,DB,58.933804,63.510412703131564,63.510412703131564,Meaningful G5 Contributor,Standout starter at the Group of 5 level; high-end depth in Power 4.,Potential Day 3 Pick
202301544,Christian Bodnar,2023,S,0.8461,DB,57.85958,61.53918105647172,61.53918105647172,Meaningful G5 Contributor,Standout starter at the Group of 5 level; high-end depth in Power 4.,Potential Day 3 Pick
202301546,Deaubry Hood,2023,CB,0.8461,DB,60.095715,65.44151780566422,65.44151780566422,Meaningful G5 Contributor,Standout starter at the Group of 5 level; high-end depth in Power 4.,Potential Day 3 Pick
202301547,Abdul Muhammad,2023,S,0.8458,DB,59.191235,63.975329077286275,63.975329077286275,Meaningful G5 Contributor,Standout starter at the Group of 5 level; high-end depth in Power 4.,Potential Day 3 Pick
202301557,Makhi Connor,2023,S,0.8452,DB,51.15483,45.19250064406388,45.19250064406388,Single Season Contributor,Late bloomer or one-year starter; limited career longevity.,nan
202301572,Kody Jackson,2023,S,0.845,DB,55.36133,56.656571680087296,56.656571680087296,Multi-Year Starter,Consistent career presence; reliable rotational player or specialist.,nan
202301586,Kevin Adams,2023,S,0.8444,DB,59.547615,64.5777644229873,64.5777644229873,Meaningful G5 Contributor,Standout starter at the Group of 5 level; high-end depth in Power 4.,Potential Day 3 Pick
202301587,Dante Scott,2023,S,0.8444,DB,51.98062,48.5631002115335,48.5631002115335,Single Season Contributor,Late bloomer or one-year starter; limited career longevity.,nan
202301599,Will James,2023,CB,0.8437,DB,58.445824,62.5658333661149,62.5658333661149,Meaningful G5 Contributor,Standout starter at the Group of 5 level; high-end depth in Power 4.,Potential Day 3 Pick
202301605,Caleb Komolafe,2023,S,0.8436,DB,55.557228,57.11702785341914,57.11702785341914,Multi-Year Starter,Consistent career presence; reliable rotational player or specialist.,nan
202301606,Elijah Palmer,2023,CB,0.8436,DB,59.19912,63.98583407712554,63.98583407712554,Meaningful G5 Contributor,Standout starter at the Group of 5 level; high-end depth in Power 4.,Potential Day 3 Pick
202301608,Garrison Monroe,2023,S,0.8436,DB,55.74937,57.452279362598176,57.452279362598176,Multi-Year Starter,Consistent career presence; reliable rotational player or specialist.,nan
202301629,Jeremiah Vessel,2023,CB,0.8428,DB,53.614456,52.77154218243014,52.77154218243014,Multi-Year Starter,Consistent career presence; reliable rotational player or specialist.,nan
202301631,Steven Jones Jr.,2023,CB,0.8428,DB,57.768562,61.32265414209385,61.32265414209385,Meaningful G5 Contributor,Standout starter at the Group of 5 level; high-end depth in Power 4.,Potential Day 3 Pick
202301640,Jonathan Landry,2023,CB,0.8417,DB,55.413513,56.77293935613815,56.77293935613815,Multi-Year Starter,Consistent career presence; reliable rotational player or specialist.,nan
202301649,Brian Nelson II,2023,CB,0.8417,DB,54.685276,55.151141699369575,55.151141699369575,Multi-Year Starter,Consistent career presence; reliable rotational player or specialist.,nan
202301655,TJ Crandall,2023,CB,0.8411,DB,52.74415,51.01972694055746,51.01972694055746,Multi-Year Starter,Consistent career presence; reliable rotational player or specialist.,nan
202301658,Tristen Sion,2023,CB,0.8411,DB,58.395527,62.477284447649026,62.477284447649026,Meaningful G5 Contributor,Standout starter at the Group of 5 level; high-end depth in Power 4.,Potential Day 3 Pick
202301659,Dylan Hasz,2023,S,0.8411,DB,56.373703,58.52450090496601,58.52450090496601,Multi-Year Starter,Consistent career presence; reliable rotational player or specialist.,nan
202301662,Caimon Mathis,2023,CB,0.8411,DB,59.2159,64.00819087165526,64.00819087165526,Meaningful G5 Contributor,Standout starter at the Group of 5 level; high-end depth in Power 4.,Potential Day 3 Pick
202301665,Javion Clark,2023,S,0.8411,DB,53.50667,52.54713422897393,52.54713422897393,Multi-Year Starter,Consistent career presence; reliable rotational player or specialist.,nan
202301682,Jack Fabris,2023,S,0.8403,DB,48.830715,36.745776699063526,36.745776699063526,Partial Season Contributor,Rotational backup or special teams contributor; limited starts.,nan
202301685,Demarcus Houston,2023,CB,0.84,DB,53.26681,52.04610616231924,52.04610616231924,Multi-Year Starter,Consistent career presence; reliable rotational player or specialist.,nan
202301688,Davin Martin,2023,CB,0.84,DB,55.43429,56.828456967528,56.828456967528,Multi-Year Starter,Consistent career presence; reliable rotational player or specialist.,nan
202301711,Camani Cobbs,2023,CB,0.8383,DB,55.12184,56.20430948445472,56.20430948445472,Multi-Year Starter,Consistent career presence; reliable rotational player or specialist.,nan
202301724,Nazir Ward,2023,CB,0.8378,DB,57.512512,60.813005362038176,60.813005362038176,Meaningful G5 Contributor,Standout starter at the Group of 5 level; high-end depth in Power 4.,Potential Day 3 Pick
202301729,Traveon Wright,2023,CB,0.8378,DB,55.488297,56.97274975703527,56.97274975703527,Multi-Year Starter,Consistent career presence; reliable rotational player or specialist.,nan
202301730,Kiwaun Davis,2023,CB,0.8375,DB,57.000496,59.815154166515875,59.815154166515875,Multi-Year Starter,Consistent career presence; reliable rotational player or specialist.,nan
202301735,Evan Haynie,2023,CB,0.837,DB,53.89239,53.447493158466735,53.447493158466735,Multi-Year Starter,Consistent career presence; reliable rotational player or specialist.,nan
202301738,Anthony Baxter,2023,S,0.837,DB,54.7311,55.294574356793966,55.294574356793966,Multi-Year Starter,Consistent career presence; reliable rotational player or specialist.,nan
202301742,Karon Weary,2023,S,0.837,DB,53.482437,52.50036853750918,52.50036853750918,Multi-Year Starter,Consistent career presence; reliable rotational player or specialist.,nan
202301745,David Jester,2023,S,0.8367,DB,56.1199,58.10895784992733,58.10895784992733,Multi-Year Starter,Consistent career presence; reliable rotational player or specialist.,nan
202301746,Rashawn Carr,2023,S,0.8367,DB,54.05731,53.786206512294754,53.786206512294754,Multi-Year Starter,Consistent career presence; reliable rotational player or specialist.,nan
202301750,Jelani McLaughlin,2023,S,0.8367,DB,51.357357,46.28856989830312,46.28856989830312,Single Season Contributor,Late bloomer or one-year starter; limited career longevity.,nan
202301766,Sentario Willis,2023,S,0.8356,DB,53.216564,51.94472581712239,51.94472581712239,Multi-Year Starter,Consistent career presence; reliable rotational player or specialist.,nan
202301767,Wildrekus Johnson,2023,CB,0.8356,DB,53.79479,53.216038997532934,53.216038997532934,Multi-Year Starter,Consistent career presence; reliable rotational player or specialist.,nan
202301768,Tre Webb,2023,CB,0.8356,DB,54.646507,55.03003081148531,55.03003081148531,Multi-Year Starter,Consistent career presence; reliable rotational player or specialist.,nan
202301771,Landon Hale,2023,S,0.8353,DB,51.551327,47.330158656603636,47.330158656603636,Single Season Contributor,Late bloomer or one-year starter; limited career longevity.,nan
202301775,Alex Moore,2023,S,0.8353,DB,49.03682,37.516954325114234,37.516954325114234,Partial Season Contributor,Rotational backup or special teams contributor; limited starts.,nan
202301793,Jalen Lewis,2023,CB,0.8344,DB,56.397682,58.579145939704155,58.579145939704155,Multi-Year Starter,Consistent career presence; reliable rotational player or specialist.,nan
202301803,Daiquan White,2023,CB,0.8342,DB,56.549335,58.825751428531966,58.825751428531966,Multi-Year Starter,Consistent career presence; reliable rotational player or specialist.,nan
202301804,Kamaurri McKinley,2023,S,0.8337,DB,53.630466,52.81116637475021,52.81116637475021,Multi-Year Starter,Consistent career presence; reliable rotational player or specialist.,nan
202301808,Zyeir Gamble,2023,S,0.8337,DB,54.288773,54.266914045593914,54.266914045593914,Multi-Year Starter,Consistent career presence; reliable rotational player or specialist.,nan
202301813,Fabian Scott,2023,S,0.8337,DB,57.184284,60.28104330717292,60.28104330717292,Meaningful G5 Contributor,Standout starter at the Group of 5 level; high-end depth in Power 4.,Potential Day 3 Pick
202301819,Chauncey Carter,2023,CB,0.8337,DB,55.671497,57.28686892296434,57.28686892296434,Multi-Year Starter,Consistent career presence; reliable rotational player or specialist.,nan
202301820,Dontay Joyner,2023,S,0.8336,DB,53.24638,52.004882875887844,52.004882875887844,Multi-Year Starter,Consistent career presence; reliable rotational player or specialist.,nan
202301824,Lorenzo Williams Jr.,2023,CB,0.8336,DB,54.913857,55.812753162116344,55.812753162116344,Multi-Year Starter,Consistent career presence; reliable rotational player or specialist.,nan
202301828,Mark-Allen Gay,2023,S,0.8333,DB,51.38208,46.433712739039294,46.433712739039294,Single Season Contributor,Late bloomer or one-year starter; limited career longevity.,nan
202301831,Jamarion Clark,2023,CB,0.8319,DB,53.75553,53.120692022883055,53.120692022883055,Multi-Year Starter,Consistent career presence; reliable rotational player or specialist.,nan
202301839,Michael Richard,2023,S,0.8317,DB,53.74765,53.10118676166474,53.10118676166474,Multi-Year Starter,Consistent career presence; reliable rotational player or specialist.,nan
202301843,Jailen Duffie,2023,CB,0.8317,DB,53.84542,53.33610821812522,53.33610821812522,Multi-Year Starter,Consistent career presence; reliable rotational player or specialist.,nan
202301846,Marlon McClendon,2023,CB,0.8317,DB,55.54094,57.092817492312214,57.092817492312214,Multi-Year Starter,Consistent career presence; reliable rotational player or specialist.,nan
202301849,Cam Hill,2023,S,0.8311,DB,55.508095,57.025647940092604,57.025647940092604,Multi-Year Starter,Consistent career presence; reliable rotational player or specialist.,nan
202301852,Kyle Chen,2023,CB,0.8311,DB,50.745857,43.63820235370037,43.63820235370037,Single Season Contributor,Late bloomer or one-year starter; limited career longevity.,nan
202301854,Trevor Walton,2023,CB,0.8311,DB,52.349815,49.86159484804824,49.86159484804824,Single Season Contributor,Late bloomer or one-year starter; limited career longevity.,nan
202301857,Torian Roberts,2023,CB,0.8306,DB,55.633083,57.229773293843316,57.229773293843316,Multi-Year Starter,Consistent career presence; reliable rotational player or specialist.,nan
202301861,Mister Clark,2023,S,0.8306,DB,51.69178,47.75751493657288,47.75751493657288,Single Season Contributor,Late bloomer or one-year starter; limited career longevity.,nan
202301873,Cam Chadwick,2023,CB,0.8304,DB,53.071102,51.65306662596972,51.65306662596972,Multi-Year Starter,Consistent career presence; reliable rotational player or specialist.,nan
202301903,Alan Young,2023,CB,0.83,DB,43.52081,23.05842945227961,23.05842945227961,Partial Season Contributor,Rotational backup or special teams contributor; limited starts.,nan
202301907,AJ Stephens,2023,CB,0.83,DB,52.786156,51.11883009477088,51.11883009477088,Multi-Year Starter,Consistent career presence; reliable rotational player or specialist.,nan
202301914,Greg Turner,2023,S,0.8294,DB,51.397087,46.521815182405454,46.521815182405454,Single Season Contributor,Late bloomer or one-year starter; limited career longevity.,nan
202301917,Christian LeBrun,2023,S,0.8286,DB,49.200493,38.064572158568176,38.064572158568176,Partial Season Contributor,Rotational backup or special teams contributor; limited starts.,nan
202301918,Caleb Clark-Glover,2023,CB,0.8286,DB,52.450962,50.18597709988687,50.18597709988687,Multi-Year Starter,Consistent career presence; reliable rotational player or specialist.,nan
202301921,TJ Horton,2023,CB,0.8283,DB,54.245834,54.173528115404295,54.173528115404295,Multi-Year Starter,Consistent career presence; reliable rotational player or specialist.,nan
202301926,Trevaughn Martinez,2023,S,0.8278,DB,52.702385,50.921199758181096,50.921199758181096,Multi-Year Starter,Consistent career presence; reliable rotational player or specialist.,nan
202301934,Preston Thompson,2023,S,0.827,DB,52.425507,50.10445372618209,50.10445372618209,Multi-Year Starter,Consistent career presence; reliable rotational player or specialist.,nan
202301942,Chris Tooley,2023,CB,0.827,DB,55.200035,56.340144335710875,56.340144335710875,Multi-Year Starter,Consistent career presence; reliable rotational player or specialist.,nan
202301950,Nicholas Thompson,2023,CB,0.8269,DB,48.973164,37.278774069216325,37.278774069216325,Partial Season Contributor,Rotational backup or special teams contributor; limited starts.,nan
202301955,Kaden Willerford,2023,S,0.8267,DB,54.260334,54.20506328959146,54.20506328959146,Multi-Year Starter,Consistent career presence; reliable rotational player or specialist.,nan
202301957,Justin Bostic,2023,S,0.8267,DB,53.372753,52.27285190275676,52.27285190275676,Multi-Year Starter,Consistent career presence; reliable rotational player or specialist.,nan
202301965,Amarion Atwood,2023,CB,0.8261,DB,52.873898,51.31619776606538,51.31619776606538,Multi-Year Starter,Consistent career presence; reliable rotational player or specialist.,nan
202301966,D’Angelo Ponds,2023,CB,0.8256,DB,57.517944,60.82127475908227,60.82127475908227,Meaningful G5 Contributor,Standout starter at the Group of 5 level; high-end depth in Power 4.,Potential Day 3 Pick
202301969,Daylyn Diston,2023,S,0.8256,DB,52.756847,51.049686475644314,51.049686475644314,Multi-Year Starter,Consistent career presence; reliable rotational player or specialist.,nan
202301971,Naz Hill,2023,CB,0.8256,DB,55.132797,56.223341472590526,56.223341472590526,Multi-Year Starter,Consistent career presence; reliable rotational player or specialist.,nan
202301976,Elijah Davis,2023,S,0.8256,DB,46.467342,30.337692229573804,30.337692229573804,Partial Season Contributor,Rotational backup or special teams contributor; limited starts.,nan
202301988,Devin Jordan,2023,S,0.825,DB,53.873234,53.40206351740484,53.40206351740484,Multi-Year Starter,Consistent career presence; reliable rotational player or specialist.,nan
202301994,Brandon Greil,2023,S,0.825,DB,60.80288,66.79099971791328,66.79099971791328,Meaningful G5 Contributor,Standout starter at the Group of 5 level; high-end depth in Power 4.,Potential Day 3 Pick
202301996,Kendall Bannister,2023,CB,0.825,DB,54.231422,54.14218376179232,54.14218376179232,Multi-Year Starter,Consistent career presence; reliable rotational player or specialist.,nan
202301998,Max Tucker,2023,CB,0.8247,DB,57.293633,60.48051580865324,60.48051580865324,Meaningful G5 Contributor,Standout starter at the Group of 5 level; high-end depth in Power 4.,Potential Day 3 Pick
202302010,Twan Wilson,2023,S,0.8237,DB,52.98856,51.51206599941041,51.51206599941041,Multi-Year Starter,Consistent career presence; reliable rotational player or specialist.,nan
202302013,Chris Bracy,2023,S,0.8237,DB,55.517582,57.050996260181925,57.050996260181925,Multi-Year Starter,Consistent career presence; reliable rotational player or specialist.,nan
202302015,Zyil Powell,2023,S,0.8237,DB,50.780838,43.73608162448957,43.73608162448957,Single Season Contributor,Late bloomer or one-year starter; limited career longevity.,nan
202302018,Victor Evans III,2023,CB,0.8237,DB,56.681236,59.16625389265331,59.16625389265331,Multi-Year Starter,Consistent career presence; reliable rotational player or specialist.,nan
202302019,Isaac Paul,2023,CB,0.8237,DB,55.4163,56.780389948010004,56.780389948010004,Multi-Year Starter,Consistent career presence; reliable rotational player or specialist.,nan
202302021,Adonis Garcia,2023,CB,0.8237,DB,53.542286,52.61585837434067,52.61585837434067,Multi-Year Starter,Consistent career presence; reliable rotational player or specialist.,nan
202302022,Kaleb Barnett,2023,CB,0.8237,DB,53.26054,52.03345286080818,52.03345286080818,Multi-Year Starter,Consistent career presence; reliable rotational player or specialist.,nan
202302025,D'Marea Weaver,2023,S,0.8237,DB,52.897533,51.356573026355676,51.356573026355676,Multi-Year Starter,Consistent career presence; reliable rotational player or specialist.,nan
202302030,Devin Robinson,2023,S,0.823,DB,53.52344,52.57949405577686,52.57949405577686,Multi-Year Starter,Consistent career presence; reliable rotational player or specialist.,nan
202302032,Caleb Dobbs,2023,S,0.8228,DB,56.1632,58.16802342316031,58.16802342316031,Multi-Year Starter,Consistent career presence; reliable rotational player or specialist.,nan
202302047,Kadiyon Sweat,2023,S,0.8206,DB,54.878822,55.72091346905249,55.72091346905249,Multi-Year Starter,Consistent career presence; reliable rotational player or specialist.,nan
202302048,Cam Marshall,2023,S,0.8206,DB,54.34215,54.37772472894203,54.37772472894203,Multi-Year Starter,Consistent career presence; reliable rotational player or specialist.,nan
202302049,Keddrick Harper,2023,CB,0.8206,DB,56.338894,58.44517606532465,58.44517606532465,Multi-Year Starter,Consistent career presence; reliable rotational player or specialist.,nan
202302055,Kaden Kelly,2023,S,0.8204,DB,54.940285,55.86395160091376,55.86395160091376,Multi-Year Starter,Consistent career presence; reliable rotational player or specialist.,nan
202302064,Jaylen Moson,2023,CB,0.8204,DB,57.747883,61.26846125036968,61.26846125036968,Meaningful G5 Contributor,Standout starter at the Group of 5 level; high-end depth in Power 4.,Potential Day 3 Pick
202302068,Joshua Moore,2023,S,0.8204,DB,52.822033,51.203470956138226,51.203470956138226,Multi-Year Starter,Consistent career presence; reliable rotational player or specialist.,nan
202302070,Darius Owens,2023,S,0.8204,DB,55.1273,56.213792344838545,56.213792344838545,Multi-Year Starter,Consistent career presence; reliable rotational player or specialist.,nan
202302079,Joel Boamah,2023,CB,0.82,DB,54.152607,53.97076880944266,53.97076880944266,Multi-Year Starter,Consistent career presence; reliable rotational player or specialist.,nan
202302084,Derek Fields,2023,S,0.8197,DB,47.030125,31.904458174157284,31.904458174157284,Partial Season Contributor,Rotational backup or special teams contributor; limited starts.,nan
202302110,Jaden DaCosta,2023,CB,0.817,DB,50.37328,42.494597124030584,42.494597124030584,Single Season Contributor,Late bloomer or one-year starter; limited career longevity.,nan
202302119,Hasson Manning Jr.,2023,S,0.8164,DB,49.3954,38.737991989723604,38.737991989723604,Partial Season Contributor,Rotational backup or special teams contributor; limited starts.,nan
202302143,Dax Horany,2023,S,0.815,DB,52.827602,51.21661031367106,51.21661031367106,Multi-Year Starter,Consistent career presence; reliable rotational player or specialist.,nan
202302156,Miles Jones,2023,S,0.8144,DB,50.197994,41.89516415467353,41.89516415467353,Single Season Contributor,Late bloomer or one-year starter; limited career longevity.,nan
202302190,Jaylen Jones,2023,S,0.8104,DB,53.359554,52.24438244779171,52.24438244779171,Multi-Year Starter,Consistent career presence; reliable rotational player or specialist.,nan
202302192,Mike Williams,2023,CB,0.81,DB,52.389626,49.989541564775365,49.989541564775365,Single Season Contributor,Late bloomer or one-year starter; limited career longevity.,nan
202302207,Colton Phares,2023,S,0.8096,DB,53.55882,52.647761806862036,52.647761806862036,Multi-Year Starter,Consistent career presence; reliable rotational player or specialist.,nan
202302209,Ian Bell,2023,CB,0.8094,DB,50.734444,43.606266172871436,43.606266172871436,Single Season Contributor,Late bloomer or one-year starter; limited career longevity.,nan
202302211,Hunter Nowell,2023,S,0.8089,DB,53.47483,52.48569030851804,52.48569030851804,Multi-Year Starter,Consistent career presence; reliable rotational player or specialist.,nan
202302219,Anthony Leadford,2023,S,0.807,DB,51.396683,46.519441298573014,46.519441298573014,Single Season Contributor,Late bloomer or one-year starter; limited career longevity.,nan
202302226,Charles McCartherens,2023,CB,0.8063,DB,52.614113,50.678149162003365,50.678149162003365,Multi-Year Starter,Consistent career presence; reliable rotational player or specialist.,nan
202302227,Imari Conley,2023,CB,0.8056,DB,49.599804,39.53054777027095,39.53054777027095,Partial Season Contributor,Rotational backup or special teams contributor; limited starts.,nan
202302228,Santana Banner,2023,S,0.8056,DB,50.7919,43.76703581045344,43.76703581045344,Single Season Contributor,Late bloomer or one-year starter; limited career longevity.,nan
202302237,Ah'Marion Ashley,2023,CB,0.8044,DB,47.890713,34.18587873381817,34.18587873381817,Partial Season Contributor,Rotational backup or special teams contributor; limited starts.,nan
202302243,Zayden Laing-Taylor,2023,S,0.8037,DB,48.475895,35.44794623072899,35.44794623072899,Partial Season Contributor,Rotational backup or special teams contributor; limited starts.,nan
202302256,Rayjohn White,2023,CB,0.8006,DB,48.248077,34.98879907207522,34.98879907207522,Partial Season Contributor,Rotational backup or special teams contributor; limited starts.,nan
202302261,Tyson Wilkerson,2023,S,0.8,DB,49.32434,38.485278468622894,38.485278468622894,Partial Season Contributor,Rotational backup or special teams contributor; limited starts.,nan
202302262,Ethan Beard,2023,S,0.8,DB,51.802803,48.08222647042953,48.08222647042953,Single Season Contributor,Late bloomer or one-year starter; limited career longevity.,nan
202302269,Greco Carrillo,2023,S,0.7989,DB,50.997032,44.38741558890303,44.38741558890303,Single Season Contributor,Late bloomer or one-year starter; limited career longevity.,nan
202302274,Scooter Jackson,2023,CB,0.7983,DB,49.97137,40.958078927060676,40.958078927060676,Single Season Contributor,Late bloomer or one-year starter; limited career longevity.,nan
202302277,Jaivian Norman,2023,S,0.7963,DB,52.924995,51.403484178523186,51.403484178523186,Multi-Year Starter,Consistent career presence; reliable rotational player or specialist.,nan
202302308,Ezekiel Rodrigues,2023,S,0.7833,DB,47.669437,33.635932761393434,33.635932761393434,Partial Season Contributor,Rotational backup or special teams contributor; limited starts.,nan
202302309,DeAndre Beasley Jr.,2023,CB,0.78,DB,46.96827,31.726906580997767,31.726906580997767,Partial Season Contributor,Rotational backup or special teams contributor; limited starts.,nan
202400002,Ellis Robinson IV,2024,CB,0.9994,DB,75.4925,94.19799282473346,94.19799282473346,Elite Power 4,All-Conference/All-American honors.,First round NFL Draft talent
202400012,Jaylen Mbakwe,2024,CB,0.9943,DB,70.240715,85.27317832476179,85.27317832476179,Elite Power 4,All-Conference/All-American honors.,First round NFL Draft talent
202400013,KJ Bolden,2024,S,0.994,DB,72.14043,88.50152312833671,88.50152312833671,Elite Power 4,All-Conference/All-American honors.,First round NFL Draft talent
202400027,Zavier Mincey,2024,CB,0.9876,DB,64.01405,74.00624494022424,74.00624494022424,Meaningful P4 Contributor,Reliable multi-year starter at the highest level of competition.,Potential Day 2 Pick
202400030,Zabien Brown,2024,CB,0.9864,DB,66.25415,78.38827135739106,78.38827135739106,Meaningful P4 Contributor,Reliable multi-year starter at the highest level of competition.,Potential Day 2 Pick
202400034,Kobe Black,2024,CB,0.9841,DB,65.58186,77.13162364301623,77.13162364301623,Meaningful P4 Contributor,Reliable multi-year starter at the highest level of competition.,Potential Day 2 Pick
202400036,Aaron Scott Jr.,2024,CB,0.9835,DB,62.63049,69.4812330212075,69.4812330212075,Meaningful G5 Contributor,Standout starter at the Group of 5 level; high-end depth in Power 4.,Potential Day 3 Pick
202400037,Xavier Filsaime,2024,S,0.9835,DB,63.694614,72.7573586889988,72.7573586889988,Meaningful P4 Contributor,Reliable multi-year starter at the highest level of competition.,Potential Day 2 Pick
202400050,Demello Jones,2024,S,0.9763,DB,63.940308,73.71792684460941,73.71792684460941,Meaningful P4 Contributor,Reliable multi-year starter at the highest level of competition.,Potential Day 2 Pick
202400052,Ify Obidegwu,2024,CB,0.9753,DB,62.63706,69.4957121157481,69.4957121157481,Meaningful G5 Contributor,Standout starter at the Group of 5 level; high-end depth in Power 4.,Potential Day 3 Pick
202400054,Charles Lester III,2024,CB,0.9748,DB,64.20095,74.5669769433324,74.5669769433324,Meaningful P4 Contributor,Reliable multi-year starter at the highest level of competition.,Potential Day 2 Pick
202400060,Aaron Flowers,2024,S,0.9717,DB,61.245174,67.43155486683199,67.43155486683199,Meaningful G5 Contributor,Standout starter at the Group of 5 level; high-end depth in Power 4.,Potential Day 3 Pick
202400064,Bryce West,2024,CB,0.969,DB,63.988213,73.90521727729775,73.90521727729775,Meaningful P4 Contributor,Reliable multi-year starter at the highest level of competition.,Potential Day 2 Pick
202400070,Koi Perich,2024,S,0.9673,DB,59.921078,65.16519726272554,65.16519726272554,Meaningful G5 Contributor,Standout starter at the Group of 5 level; high-end depth in Power 4.,Potential Day 3 Pick
202400077,Tarrion Grant,2024,CB,0.9612,DB,64.06099,74.16824590478178,74.16824590478178,Meaningful P4 Contributor,Reliable multi-year starter at the highest level of competition.,Potential Day 2 Pick
202400080,Corian Gipson,2024,CB,0.9596,DB,63.48207,72.01402969032117,72.01402969032117,Meaningful P4 Contributor,Reliable multi-year starter at the highest level of competition.,Potential Day 2 Pick
202400085,Ondre Evans,2024,CB,0.9566,DB,64.31663,74.89652504943787,74.89652504943787,Meaningful P4 Contributor,Reliable multi-year starter at the highest level of competition.,Potential Day 2 Pick
202400090,Dakoda Fields,2024,CB,0.9549,DB,61.601776,67.94215379634748,67.94215379634748,Meaningful G5 Contributor,Standout starter at the Group of 5 level; high-end depth in Power 4.,Potential Day 3 Pick
202400092,Cai Bates,2024,CB,0.9547,DB,60.94598,66.98013500524935,66.98013500524935,Meaningful G5 Contributor,Standout starter at the Group of 5 level; high-end depth in Power 4.,Potential Day 3 Pick
202400093,Zaquan Patterson,2024,S,0.954,DB,65.10609,76.37379423806486,76.37379423806486,Meaningful P4 Contributor,Reliable multi-year starter at the highest level of competition.,Potential Day 2 Pick
202400096,Dashawn Spears,2024,S,0.9528,DB,57.53181,60.84238378875594,60.84238378875594,Meaningful G5 Contributor,Standout starter at the Group of 5 level; high-end depth in Power 4.,Potential Day 3 Pick
202400110,Jamari Howard,2024,CB,0.9495,DB,62.942715,70.19454449711058,70.19454449711058,Meaningful P4 Contributor,Reliable multi-year starter at the highest level of competition.,Potential Day 2 Pick
202400116,Peyton Woodyard,2024,S,0.9476,DB,62.708412,69.65298938832777,69.65298938832777,Meaningful G5 Contributor,Standout starter at the Group of 5 level; high-end depth in Power 4.,Potential Day 3 Pick
202400127,Koy Beasley,2024,S,0.9419,DB,64.57776,75.53225981008138,75.53225981008138,Meaningful P4 Contributor,Reliable multi-year starter at the highest level of competition.,Potential Day 2 Pick
202400128,Jon Mitchell,2024,CB,0.9419,DB,61.825405,68.18770318142074,68.18770318142074,Meaningful G5 Contributor,Standout starter at the Group of 5 level; high-end depth in Power 4.,Potential Day 3 Pick
202400137,Selman Bridges,2024,CB,0.9396,DB,64.97913,76.17158001285374,76.17158001285374,Meaningful P4 Contributor,Reliable multi-year starter at the highest level of competition.,Potential Day 2 Pick
202400148,Marcelles Williams,2024,CB,0.9357,DB,63.429626,71.8438078267186,71.8438078267186,Meaningful P4 Contributor,Reliable multi-year starter at the highest level of competition.,Potential Day 2 Pick
202400149,Wardell Mack,2024,CB,0.9354,DB,63.047176,70.55834244393891,70.55834244393891,Meaningful P4 Contributor,Reliable multi-year starter at the highest level of competition.,Potential Day 2 Pick
202400153,Ricardo Jones,2024,S,0.9343,DB,57.314095,60.517842531065256,60.517842531065256,Meaningful G5 Contributor,Standout starter at the Group of 5 level; high-end depth in Power 4.,Potential Day 3 Pick
202400158,Jo'Ziah Edmond,2024,CB,0.9309,DB,63.173756,70.9991671398072,70.9991671398072,Meaningful P4 Contributor,Reliable multi-year starter at the highest level of competition.,Potential Day 2 Pick
202400159,Kaleb Beasley,2024,CB,0.9306,DB,60.873272,66.88403715712668,66.88403715712668,Meaningful G5 Contributor,Standout starter at the Group of 5 level; high-end depth in Power 4.,Potential Day 3 Pick
202400164,Jamroc Grimsley,2024,CB,0.9296,DB,62.842686,69.94895317969537,69.94895317969537,Meaningful G5 Contributor,Standout starter at the Group of 5 level; high-end depth in Power 4.,Potential Day 3 Pick
202400166,Dontae Carter,2024,S,0.9292,DB,61.517128,67.85167105023422,67.85167105023422,Meaningful G5 Contributor,Standout starter at the Group of 5 level; high-end depth in Power 4.,Potential Day 3 Pick
202400175,Trajen Greco,2024,S,0.928,DB,63.074062,70.65197551176121,70.65197551176121,Meaningful P4 Contributor,Reliable multi-year starter at the highest level of competition.,Potential Day 2 Pick
202400182,Terhyon Nichols,2024,CB,0.9257,DB,61.739132,68.0889772411109,68.0889772411109,Meaningful G5 Contributor,Standout starter at the Group of 5 level; high-end depth in Power 4.,Potential Day 3 Pick
202400187,Reggie Powers III,2024,S,0.9246,DB,58.02591,61.857314579087415,61.857314579087415,Meaningful G5 Contributor,Standout starter at the Group of 5 level; high-end depth in Power 4.,Potential Day 3 Pick
202400189,Malcolm Ziglar,2024,S,0.9239,DB,60.70807,66.63463629314539,66.63463629314539,Meaningful G5 Contributor,Standout starter at the Group of 5 level; high-end depth in Power 4.,Potential Day 3 Pick
202400198,Tae Johnson,2024,S,0.9221,DB,62.423367,68.97714432000048,68.97714432000048,Meaningful G5 Contributor,Standout starter at the Group of 5 level; high-end depth in Power 4.,Potential Day 3 Pick
202400206,Jordon Johnson-Rubell,2024,S,0.9203,DB,64.00814,73.9831281882998,73.9831281882998,Meaningful P4 Contributor,Reliable multi-year starter at the highest level of competition.,Potential Day 2 Pick
202400208,Kingston Lopa,2024,S,0.9201,DB,60.78558,66.76664329529581,66.76664329529581,Meaningful G5 Contributor,Standout starter at the Group of 5 level; high-end depth in Power 4.,Potential Day 3 Pick
202400218,Peyton Morgan,2024,S,0.9181,DB,60.123844,65.492769534714,65.492769534714,Meaningful G5 Contributor,Standout starter at the Group of 5 level; high-end depth in Power 4.,Potential Day 3 Pick
202400228,Jordan Pride,2024,S,0.9168,DB,59.825077,65.01793650845768,65.01793650845768,Meaningful G5 Contributor,Standout starter at the Group of 5 level; high-end depth in Power 4.,Potential Day 3 Pick
202400231,Peyton Waters,2024,S,0.9162,DB,59.856716,65.07530975872182,65.07530975872182,Meaningful G5 Contributor,Standout starter at the Group of 5 level; high-end depth in Power 4.,Potential Day 3 Pick
202400232,Jaylen Heyward,2024,S,0.916,DB,59.682594,64.74693953655526,64.74693953655526,Meaningful G5 Contributor,Standout starter at the Group of 5 level; high-end depth in Power 4.,Potential Day 3 Pick
202400242,Jay Crawford,2024,CB,0.9147,DB,59.96965,65.23303377223712,65.23303377223712,Meaningful G5 Contributor,Standout starter at the Group of 5 level; high-end depth in Power 4.,Potential Day 3 Pick
202400255,Jaydan Hardy,2024,S,0.9117,DB,62.64491,69.51301639946738,69.51301639946738,Meaningful G5 Contributor,Standout starter at the Group of 5 level; high-end depth in Power 4.,Potential Day 3 Pick
202400259,TJ Banks,2024,S,0.9111,DB,63.72923,72.89268862897444,72.89268862897444,Meaningful P4 Contributor,Reliable multi-year starter at the highest level of competition.,Potential Day 2 Pick
202400260,Joel Rogers,2024,S,0.9111,DB,60.509605,66.30480267128337,66.30480267128337,Meaningful G5 Contributor,Standout starter at the Group of 5 level; high-end depth in Power 4.,Potential Day 3 Pick
202400275,Tavoy Feagin,2024,CB,0.9094,DB,62.411724,68.94958458318041,68.94958458318041,Meaningful G5 Contributor,Standout starter at the Group of 5 level; high-end depth in Power 4.,Potential Day 3 Pick
202400278,Santana Wilson,2024,CB,0.9093,DB,59.01695,63.659428253834776,63.659428253834776,Meaningful G5 Contributor,Standout starter at the Group of 5 level; high-end depth in Power 4.,Potential Day 3 Pick
202400288,Jaiden Patterson,2024,S,0.9084,DB,60.910908,66.93378014608672,66.93378014608672,Meaningful G5 Contributor,Standout starter at the Group of 5 level; high-end depth in Power 4.,Potential Day 3 Pick
202400290,Noah Dixon,2024,S,0.9083,DB,60.33136,65.96259813062662,65.96259813062662,Meaningful G5 Contributor,Standout starter at the Group of 5 level; high-end depth in Power 4.,Potential Day 3 Pick
202400293,Jacob Oden,2024,S,0.9076,DB,60.71328,66.64351082264672,66.64351082264672,Meaningful G5 Contributor,Standout starter at the Group of 5 level; high-end depth in Power 4.,Potential Day 3 Pick
202400294,Red Morgan,2024,S,0.9075,DB,64.028824,74.0639920779348,74.0639920779348,Meaningful P4 Contributor,Reliable multi-year starter at the highest level of competition.,Potential Day 2 Pick
202400301,Myles Davis,2024,S,0.9067,DB,59.72038,64.81500897139003,64.81500897139003,Meaningful G5 Contributor,Standout starter at the Group of 5 level; high-end depth in Power 4.,Potential Day 3 Pick
202400318,Marcellus Barnes Jr.,2024,CB,0.905,DB,60.61705,66.48013581667257,66.48013581667257,Meaningful G5 Contributor,Standout starter at the Group of 5 level; high-end depth in Power 4.,Potential Day 3 Pick
202400321,Brandon Jacob Jr.,2024,S,0.9044,DB,60.676018,66.5800507903122,66.5800507903122,Meaningful G5 Contributor,Standout starter at the Group of 5 level; high-end depth in Power 4.,Potential Day 3 Pick
202400325,Dejuan Lane,2024,S,0.9041,DB,57.888268,61.595413347918964,61.595413347918964,Meaningful G5 Contributor,Standout starter at the Group of 5 level; high-end depth in Power 4.,Potential Day 3 Pick
202400331,Ryan Mack,2024,CB,0.9035,DB,62.276253,68.75585640706083,68.75585640706083,Meaningful G5 Contributor,Standout starter at the Group of 5 level; high-end depth in Power 4.,Potential Day 3 Pick
202400346,Kevyn Humes,2024,CB,0.9013,DB,59.528023,64.55320859596704,64.55320859596704,Meaningful G5 Contributor,Standout starter at the Group of 5 level; high-end depth in Power 4.,Potential Day 3 Pick
202400356,Ju'Juan Johnson,2024,S,0.9002,DB,59.799812,64.96896802204805,64.96896802204805,Meaningful G5 Contributor,Standout starter at the Group of 5 level; high-end depth in Power 4.,Potential Day 3 Pick
202400359,Austin Alexander,2024,CB,0.9,DB,60.905304,66.92637365401472,66.92637365401472,Meaningful G5 Contributor,Standout starter at the Group of 5 level; high-end depth in Power 4.,Potential Day 3 Pick
202400366,Kelvin Hunter,2024,S,0.8996,DB,63.336334,71.54100408099093,71.54100408099093,Meaningful P4 Contributor,Reliable multi-year starter at the highest level of competition.,Potential Day 2 Pick
202400367,Antonio White Jr.,2024,S,0.8992,DB,61.608093,67.94890636180776,67.94890636180776,Meaningful G5 Contributor,Standout starter at the Group of 5 level; high-end depth in Power 4.,Potential Day 3 Pick
202400374,Xavier Lucas,2024,S,0.8988,DB,60.282284,65.85409077640628,65.85409077640628,Meaningful G5 Contributor,Standout starter at the Group of 5 level; high-end depth in Power 4.,Potential Day 3 Pick
202400375,Jaylen McClain,2024,S,0.8988,DB,59.014393,63.65484757761111,63.65484757761111,Meaningful G5 Contributor,Standout starter at the Group of 5 level; high-end depth in Power 4.,Potential Day 3 Pick
202400378,Vaboue Toure,2024,S,0.8986,DB,59.210453,64.00093342619301,64.00093342619301,Meaningful G5 Contributor,Standout starter at the Group of 5 level; high-end depth in Power 4.,Potential Day 3 Pick
202400379,Marquis Gallegos,2024,S,0.8985,DB,59.468292,64.4356586423932,64.4356586423932,Meaningful G5 Contributor,Standout starter at the Group of 5 level; high-end depth in Power 4.,Potential Day 3 Pick
202400395,Mario Buford,2024,CB,0.8967,DB,64.72446,75.76592418041548,75.76592418041548,Meaningful P4 Contributor,Reliable multi-year starter at the highest level of competition.,Potential Day 2 Pick
202400396,A'mon Lane-Ganus,2024,CB,0.8967,DB,65.784004,77.47334150061435,77.47334150061435,Meaningful P4 Contributor,Reliable multi-year starter at the highest level of competition.,Potential Day 2 Pick
202400401,Jeremiah Newcombe,2024,CB,0.896,DB,61.453857,67.7840393770916,67.7840393770916,Meaningful G5 Contributor,Standout starter at the Group of 5 level; high-end depth in Power 4.,Potential Day 3 Pick
202400403,Miles Lockhart,2024,CB,0.8958,DB,62.842545,69.94864207255368,69.94864207255368,Meaningful G5 Contributor,Standout starter at the Group of 5 level; high-end depth in Power 4.,Potential Day 3 Pick
202400407,Braydon Lee,2024,CB,0.8954,DB,62.141987,68.56385205330642,68.56385205330642,Meaningful G5 Contributor,Standout starter at the Group of 5 level; high-end depth in Power 4.,Potential Day 3 Pick
202400413,Troy Stevenson IV,2024,CB,0.895,DB,65.40044,76.8426420158816,76.8426420158816,Meaningful P4 Contributor,Reliable multi-year starter at the highest level of competition.,Potential Day 2 Pick
202400423,Omillio Agard,2024,CB,0.8947,DB,65.10272,76.36843507500488,76.36843507500488,Meaningful P4 Contributor,Reliable multi-year starter at the highest level of competition.,Potential Day 2 Pick
202400426,Ty White,2024,S,0.8944,DB,58.879784,63.42354203181432,63.42354203181432,Meaningful G5 Contributor,Standout starter at the Group of 5 level; high-end depth in Power 4.,Potential Day 3 Pick
202400430,Jakob Gude,2024,S,0.8942,DB,59.315926,64.14145241049677,64.14145241049677,Meaningful G5 Contributor,Standout starter at the Group of 5 level; high-end depth in Power 4.,Potential Day 3 Pick
202400432,Leonard Moore,2024,CB,0.894,DB,60.126675,65.49792667913425,65.49792667913425,Meaningful G5 Contributor,Standout starter at the Group of 5 level; high-end depth in Power 4.,Potential Day 3 Pick
202400437,Kaj Sanders,2024,S,0.8933,DB,58.085766,61.968466196162474,61.968466196162474,Meaningful G5 Contributor,Standout starter at the Group of 5 level; high-end depth in Power 4.,Potential Day 3 Pick
202400442,Quentin Reddish,2024,S,0.8933,DB,61.63909,67.98204123314243,67.98204123314243,Meaningful G5 Contributor,Standout starter at the Group of 5 level; high-end depth in Power 4.,Potential Day 3 Pick
202400443,Zion Ferguson,2024,CB,0.8933,DB,61.292698,67.5130126667699,67.5130126667699,Meaningful G5 Contributor,Standout starter at the Group of 5 level; high-end depth in Power 4.,Potential Day 3 Pick
202400449,Isaiah Rubin,2024,CB,0.8925,DB,59.64838,64.7040576805302,64.7040576805302,Meaningful G5 Contributor,Standout starter at the Group of 5 level; high-end depth in Power 4.,Potential Day 3 Pick
202400456,Jayden Lewis,2024,CB,0.8919,DB,63.92392,73.653856156695,73.653856156695,Meaningful P4 Contributor,Reliable multi-year starter at the highest level of competition.,Potential Day 2 Pick
202400460,Kensley Louidor-Faustin,2024,S,0.8917,DB,63.312027,71.46210869876256,71.46210869876256,Meaningful P4 Contributor,Reliable multi-year starter at the highest level of competition.,Potential Day 2 Pick
202400472,Devon Jordan,2024,CB,0.8908,DB,63.123653,70.82468122709747,70.82468122709747,Meaningful P4 Contributor,Reliable multi-year starter at the highest level of competition.,Potential Day 2 Pick
202400483,Eli Bowen,2024,CB,0.89,DB,64.65798,75.66004121501497,75.66004121501497,Meaningful P4 Contributor,Reliable multi-year starter at the highest level of competition.,Potential Day 2 Pick
202400490,Paul Mencke Jr.,2024,S,0.8896,DB,59.25224,64.05660433487193,64.05660433487193,Meaningful G5 Contributor,Standout starter at the Group of 5 level; high-end depth in Power 4.,Potential Day 3 Pick
202400493,Cam Pruitt,2024,S,0.8894,DB,65.004456,76.21191348722127,76.21191348722127,Meaningful P4 Contributor,Reliable multi-year starter at the highest level of competition.,Potential Day 2 Pick
202400499,Devondre McGee,2024,CB,0.8885,DB,58.57192,62.82994276683226,62.82994276683226,Meaningful G5 Contributor,Standout starter at the Group of 5 level; high-end depth in Power 4.,Potential Day 3 Pick
202400506,PJ Woodland,2024,CB,0.888,DB,59.977943,65.24461600514988,65.24461600514988,Meaningful G5 Contributor,Standout starter at the Group of 5 level; high-end depth in Power 4.,Potential Day 3 Pick
202400514,Josh Lair,2024,S,0.8878,DB,58.65231,63.033980126145764,63.033980126145764,Meaningful G5 Contributor,Standout starter at the Group of 5 level; high-end depth in Power 4.,Potential Day 3 Pick
202400522,Jalen Todd,2024,CB,0.8875,DB,61.83723,68.20174640920153,68.20174640920153,Meaningful G5 Contributor,Standout starter at the Group of 5 level; high-end depth in Power 4.,Potential Day 3 Pick
202400524,Daniel James,2024,CB,0.8873,DB,59.681686,64.74580163024085,64.74580163024085,Meaningful G5 Contributor,Standout starter at the Group of 5 level; high-end depth in Power 4.,Potential Day 3 Pick
202400527,Jamir Benjamin,2024,CB,0.8869,DB,64.25492,74.7207312833001,74.7207312833001,Meaningful P4 Contributor,Reliable multi-year starter at the highest level of competition.,Potential Day 2 Pick
202400528,Josh Philostin,2024,CB,0.8869,DB,63.795795,73.15293851354296,73.15293851354296,Meaningful P4 Contributor,Reliable multi-year starter at the highest level of competition.,Potential Day 2 Pick
202400534,Jarvis Boatwright Jr.,2024,S,0.8867,DB,59.696907,64.76951552478297,64.76951552478297,Meaningful G5 Contributor,Standout starter at the Group of 5 level; high-end depth in Power 4.,Potential Day 3 Pick
202400537,Cameron Keys,2024,CB,0.8864,DB,59.84037,65.04757785860357,65.04757785860357,Meaningful G5 Contributor,Standout starter at the Group of 5 level; high-end depth in Power 4.,Potential Day 3 Pick
202400539,Marcus Goree Jr.,2024,CB,0.8861,DB,58.368896,62.437466476016375,62.437466476016375,Meaningful G5 Contributor,Standout starter at the Group of 5 level; high-end depth in Power 4.,Potential Day 3 Pick
202400541,Oliver Miles III,2024,S,0.8861,DB,58.2196,62.20849180986213,62.20849180986213,Meaningful G5 Contributor,Standout starter at the Group of 5 level; high-end depth in Power 4.,Potential Day 3 Pick
202400552,Fred Gaskin,2024,S,0.8853,DB,60.14466,65.5306974822899,65.5306974822899,Meaningful G5 Contributor,Standout starter at the Group of 5 level; high-end depth in Power 4.,Potential Day 3 Pick
202400553,Jason Mitchell,2024,S,0.8853,DB,60.70615,66.63136843930998,66.63136843930998,Meaningful G5 Contributor,Standout starter at the Group of 5 level; high-end depth in Power 4.,Potential Day 3 Pick
202400560,Josiah Davis,2024,S,0.8853,DB,57.60278,60.95426853200316,60.95426853200316,Meaningful G5 Contributor,Standout starter at the Group of 5 level; high-end depth in Power 4.,Potential Day 3 Pick
202400569,Malik Esquerra,2024,S,0.8844,DB,59.67579,64.73841002031614,64.73841002031614,Meaningful G5 Contributor,Standout starter at the Group of 5 level; high-end depth in Power 4.,Potential Day 3 Pick
202400574,Kenny Woseley Jr.,2024,CB,0.8842,DB,61.427284,67.74370079003283,67.74370079003283,Meaningful G5 Contributor,Standout starter at the Group of 5 level; high-end depth in Power 4.,Potential Day 3 Pick
202400589,Chris Johnson II,2024,CB,0.8836,DB,57.681053,61.11353647137895,61.11353647137895,Meaningful G5 Contributor,Standout starter at the Group of 5 level; high-end depth in Power 4.,Potential Day 3 Pick
202400593,Asaad Brown Jr.,2024,CB,0.8833,DB,60.252113,65.77933620354042,65.77933620354042,Meaningful G5 Contributor,Standout starter at the Group of 5 level; high-end depth in Power 4.,Potential Day 3 Pick
202400594,Edrees Farooq,2024,S,0.8833,DB,56.214405,58.23787076608219,58.23787076608219,Multi-Year Starter,Consistent career presence; reliable rotational player or specialist.,nan
202400596,Braylon Conley,2024,CB,0.8833,DB,59.904957,65.14268276581232,65.14268276581232,Meaningful G5 Contributor,Standout starter at the Group of 5 level; high-end depth in Power 4.,Potential Day 3 Pick
202400598,Tony-Louis Nkuba,2024,CB,0.8833,DB,59.904957,65.14268276581232,65.14268276581232,Meaningful G5 Contributor,Standout starter at the Group of 5 level; high-end depth in Power 4.,Potential Day 3 Pick
202400605,Ka'Davion Dotson-Walker,2024,S,0.8828,DB,60.179646,65.5997796703842,65.5997796703842,Meaningful G5 Contributor,Standout starter at the Group of 5 level; high-end depth in Power 4.,Potential Day 3 Pick
202400607,Damani Maxson,2024,S,0.8828,DB,58.033585,61.871615459905506,61.871615459905506,Meaningful G5 Contributor,Standout starter at the Group of 5 level; high-end depth in Power 4.,Potential Day 3 Pick
202400615,Isaiah Thomas,2024,S,0.8825,DB,59.18108,63.961800141837735,63.961800141837735,Meaningful G5 Contributor,Standout starter at the Group of 5 level; high-end depth in Power 4.,Potential Day 3 Pick
202400622,Christian Peterson,2024,S,0.8819,DB,63.688896,72.73500255278286,72.73500255278286,Meaningful P4 Contributor,Reliable multi-year starter at the highest level of competition.,Potential Day 2 Pick
202400625,Jaren Sensabaugh,2024,CB,0.8819,DB,58.30968,62.348926958231885,62.348926958231885,Meaningful G5 Contributor,Standout starter at the Group of 5 level; high-end depth in Power 4.,Potential Day 3 Pick
202400629,Ashton Hampton,2024,S,0.8817,DB,58.194164,62.16287298669062,62.16287298669062,Meaningful G5 Contributor,Standout starter at the Group of 5 level; high-end depth in Power 4.,Potential Day 3 Pick
202400632,Jalon Thompson,2024,S,0.8811,DB,57.777985,61.347346346956186,61.347346346956186,Meaningful G5 Contributor,Standout starter at the Group of 5 level; high-end depth in Power 4.,Potential Day 3 Pick
202400633,Landyn Cleveland,2024,S,0.8811,DB,57.713818,61.18020406391751,61.18020406391751,Meaningful G5 Contributor,Standout starter at the Group of 5 level; high-end depth in Power 4.,Potential Day 3 Pick
202400634,Karson Hobbs,2024,CB,0.8811,DB,57.496105,60.78802876324135,60.78802876324135,Meaningful G5 Contributor,Standout starter at the Group of 5 level; high-end depth in Power 4.,Potential Day 3 Pick
202400635,Rodney Bimage Jr.,2024,CB,0.8811,DB,59.66604,64.72618948023361,64.72618948023361,Meaningful G5 Contributor,Standout starter at the Group of 5 level; high-end depth in Power 4.,Potential Day 3 Pick
202400643,Kennedy Urlacher,2024,S,0.8808,DB,54.222725,54.123267635208066,54.123267635208066,Multi-Year Starter,Consistent career presence; reliable rotational player or specialist.,nan
202400654,Brayshon Williams,2024,S,0.88,DB,58.72001,63.21036803569554,63.21036803569554,Meaningful G5 Contributor,Standout starter at the Group of 5 level; high-end depth in Power 4.,Potential Day 3 Pick
202400662,Davis Andrews,2024,S,0.8797,DB,45.8151,28.54048560579413,28.54048560579413,Partial Season Contributor,Rotational backup or special teams contributor; limited starts.,nan
202400668,Kaleb Harris,2024,S,0.8794,DB,63.029648,70.49729761609505,70.49729761609505,Meaningful P4 Contributor,Reliable multi-year starter at the highest level of competition.,Potential Day 2 Pick
202400673,Marqavious Saboor,2024,S,0.8794,DB,58.82598,63.35235320990266,63.35235320990266,Meaningful G5 Contributor,Standout starter at the Group of 5 level; high-end depth in Power 4.,Potential Day 3 Pick
202400682,D'Mon Marable,2024,S,0.8789,DB,56.32008,58.402301532819315,58.402301532819315,Multi-Year Starter,Consistent career presence; reliable rotational player or specialist.,nan
202400685,Earl Kulp,2024,CB,0.8786,DB,58.15842,62.09876855161008,62.09876855161008,Meaningful G5 Contributor,Standout starter at the Group of 5 level; high-end depth in Power 4.,Potential Day 3 Pick
202400692,Jeilani Davis,2024,S,0.8786,DB,55.290382,56.51249975735646,56.51249975735646,Multi-Year Starter,Consistent career presence; reliable rotational player or specialist.,nan
202400706,CJ Heard,2024,S,0.8778,DB,57.45098,60.7196400236654,60.7196400236654,Meaningful G5 Contributor,Standout starter at the Group of 5 level; high-end depth in Power 4.,Potential Day 3 Pick
202400716,Mykel Patterson-McDonald,2024,S,0.8775,DB,62.183327,68.62296934118994,68.62296934118994,Meaningful G5 Contributor,Standout starter at the Group of 5 level; high-end depth in Power 4.,Potential Day 3 Pick
202400724,Antoine Belgrave-Shorter,2024,CB,0.8769,DB,57.040695,59.89852989989159,59.89852989989159,Multi-Year Starter,Consistent career presence; reliable rotational player or specialist.,nan
202400727,Jay Harper,2024,CB,0.8769,DB,61.706257,68.05383617279165,68.05383617279165,Meaningful G5 Contributor,Standout starter at the Group of 5 level; high-end depth in Power 4.,Potential Day 3 Pick
202400729,LaVonte Johnson,2024,S,0.8769,DB,56.888744,59.55294549991105,59.55294549991105,Multi-Year Starter,Consistent career presence; reliable rotational player or specialist.,nan
202400730,Dylan Day,2024,S,0.8769,DB,60.55214,66.37421134028463,66.37421134028463,Meaningful G5 Contributor,Standout starter at the Group of 5 level; high-end depth in Power 4.,Potential Day 3 Pick
202400731,Kris Wokomah,2024,S,0.8769,DB,57.285934,60.46647305588898,60.46647305588898,Meaningful G5 Contributor,Standout starter at the Group of 5 level; high-end depth in Power 4.,Potential Day 3 Pick
202400734,Kyan McDonald,2024,S,0.8764,DB,56.273026,58.31783382342261,58.31783382342261,Multi-Year Starter,Consistent career presence; reliable rotational player or specialist.,nan
202400736,Kahmir Prescott,2024,S,0.8764,DB,57.687824,61.12731397478516,61.12731397478516,Meaningful G5 Contributor,Standout starter at the Group of 5 level; high-end depth in Power 4.,Potential Day 3 Pick
202400737,Quay'sheed Scott,2024,S,0.8762,DB,61.79574,68.15247279998485,68.15247279998485,Meaningful G5 Contributor,Standout starter at the Group of 5 level; high-end depth in Power 4.,Potential Day 3 Pick
202400745,Christian Peterson,2024,CB,0.8761,DB,57.685432,61.12244721724392,61.12244721724392,Meaningful G5 Contributor,Standout starter at the Group of 5 level; high-end depth in Power 4.,Potential Day 3 Pick
202400751,Khristian Dunbar-Hawkins,2024,S,0.8758,DB,56.672127,59.15171646424613,59.15171646424613,Multi-Year Starter,Consistent career presence; reliable rotational player or specialist.,nan
202400752,Damian Thompson,2024,S,0.8758,DB,62.61765,69.45292253944486,69.45292253944486,Meaningful G5 Contributor,Standout starter at the Group of 5 level; high-end depth in Power 4.,Potential Day 3 Pick
202400759,Jaylin Lackey,2024,CB,0.8756,DB,56.397717,58.579224177902155,58.579224177902155,Multi-Year Starter,Consistent career presence; reliable rotational player or specialist.,nan
202400765,Bernard Causey III,2024,CB,0.8753,DB,59.204517,63.99302545340641,63.99302545340641,Meaningful G5 Contributor,Standout starter at the Group of 5 level; high-end depth in Power 4.,Potential Day 3 Pick
202400779,Raphael Dunn,2024,S,0.8747,DB,50.230648,42.0492528819659,42.0492528819659,Single Season Contributor,Late bloomer or one-year starter; limited career longevity.,nan
202400781,Ashton Hampton,2024,S,0.8747,DB,58.14167,62.068727721894106,62.068727721894106,Meaningful G5 Contributor,Standout starter at the Group of 5 level; high-end depth in Power 4.,Potential Day 3 Pick
202400783,Justin Denson Jr.,2024,CB,0.8747,DB,58.64596,63.01744158546335,63.01744158546335,Meaningful G5 Contributor,Standout starter at the Group of 5 level; high-end depth in Power 4.,Potential Day 3 Pick
202400784,Wallace Foster IV,2024,CB,0.8744,DB,61.71281,68.06084155169307,68.06084155169307,Meaningful G5 Contributor,Standout starter at the Group of 5 level; high-end depth in Power 4.,Potential Day 3 Pick
202400785,Smiley Bradford,2024,S,0.8744,DB,56.00642,57.92728115828745,57.92728115828745,Multi-Year Starter,Consistent career presence; reliable rotational player or specialist.,nan
202400786,Isaiah Buxton,2024,S,0.8744,DB,57.652164,61.05475504417037,61.05475504417037,Meaningful G5 Contributor,Standout starter at the Group of 5 level; high-end depth in Power 4.,Potential Day 3 Pick
202400788,Kyren Condoll,2024,CB,0.8744,DB,53.951775,53.58764686566487,53.58764686566487,Multi-Year Starter,Consistent career presence; reliable rotational player or specialist.,nan
202400794,OJ Frederique Jr.,2024,CB,0.8744,DB,57.67893,61.109213052000214,61.109213052000214,Meaningful G5 Contributor,Standout starter at the Group of 5 level; high-end depth in Power 4.,Potential Day 3 Pick
202400798,Teddy Foster,2024,CB,0.8744,DB,59.01124,63.64919351904845,63.64919351904845,Meaningful G5 Contributor,Standout starter at the Group of 5 level; high-end depth in Power 4.,Potential Day 3 Pick
202400799,Devyn Hidrogo,2024,S,0.8744,DB,57.091843,60.01654749578192,60.01654749578192,Meaningful G5 Contributor,Standout starter at the Group of 5 level; high-end depth in Power 4.,Potential Day 3 Pick
202400802,Brooklyn Cheek,2024,S,0.8739,DB,53.846306,53.33820691918583,53.33820691918583,Multi-Year Starter,Consistent career presence; reliable rotational player or specialist.,nan
202400814,Katrevrick Banks,2024,S,0.8739,DB,57.525307,60.832482579514235,60.832482579514235,Meaningful G5 Contributor,Standout starter at the Group of 5 level; high-end depth in Power 4.,Potential Day 3 Pick
202400817,Jaden Allen,2024,CB,0.8736,DB,60.63816,66.51557726851779,66.51557726851779,Meaningful G5 Contributor,Standout starter at the Group of 5 level; high-end depth in Power 4.,Potential Day 3 Pick
202400819,Tevis Metcalf,2024,CB,0.8736,DB,63.2954,71.40813742269016,71.40813742269016,Meaningful P4 Contributor,Reliable multi-year starter at the highest level of competition.,Potential Day 2 Pick
202400826,Kenyan Kelly,2024,S,0.8731,DB,56.176357,58.18597049056235,58.18597049056235,Multi-Year Starter,Consistent career presence; reliable rotational player or specialist.,nan
202400828,Turran Williams,2024,S,0.8731,DB,56.249813,58.28617018029666,58.28617018029666,Multi-Year Starter,Consistent career presence; reliable rotational player or specialist.,nan
202400829,Dayday Aupiu,2024,S,0.8731,DB,59.156796,63.91712165125313,63.91712165125313,Meaningful G5 Contributor,Standout starter at the Group of 5 level; high-end depth in Power 4.,Potential Day 3 Pick
202400845,Amare Sanders,2024,CB,0.8728,DB,57.642605,61.03530353795293,61.03530353795293,Meaningful G5 Contributor,Standout starter at the Group of 5 level; high-end depth in Power 4.,Potential Day 3 Pick
202400848,Leroy Roker III,2024,S,0.8728,DB,57.892048,61.60282374696474,61.60282374696474,Meaningful G5 Contributor,Standout starter at the Group of 5 level; high-end depth in Power 4.,Potential Day 3 Pick
202400854,Brody Barnhardt,2024,S,0.8722,DB,60.37975,66.06662834028158,66.06662834028158,Meaningful G5 Contributor,Standout starter at the Group of 5 level; high-end depth in Power 4.,Potential Day 3 Pick
202400858,Jason Cross Jr.,2024,S,0.8722,DB,61.67304,68.01832811721913,68.01832811721913,Meaningful G5 Contributor,Standout starter at the Group of 5 level; high-end depth in Power 4.,Potential Day 3 Pick
202400870,Dre Kirkpatrick Jr.,2024,S,0.8719,DB,62.783104,69.8176239243935,69.8176239243935,Meaningful G5 Contributor,Standout starter at the Group of 5 level; high-end depth in Power 4.,Potential Day 3 Pick
202400873,Willie Nelson,2024,S,0.8719,DB,62.250866,68.71955248984528,68.71955248984528,Meaningful G5 Contributor,Standout starter at the Group of 5 level; high-end depth in Power 4.,Potential Day 3 Pick
202400880,Hudauri Hines,2024,CB,0.8714,DB,57.720055,61.19553427285118,61.19553427285118,Meaningful G5 Contributor,Standout starter at the Group of 5 level; high-end depth in Power 4.,Potential Day 3 Pick
202400896,Andy Jaffe,2024,S,0.8708,DB,58.851982,63.386756429567285,63.386756429567285,Meaningful G5 Contributor,Standout starter at the Group of 5 level; high-end depth in Power 4.,Potential Day 3 Pick
202400898,David Coffey,2024,CB,0.8708,DB,60.420048,66.15326414121144,66.15326414121144,Meaningful G5 Contributor,Standout starter at the Group of 5 level; high-end depth in Power 4.,Potential Day 3 Pick
202400912,Marquawn McCraney,2024,S,0.8703,DB,56.944683,59.69618947167203,59.69618947167203,Multi-Year Starter,Consistent career presence; reliable rotational player or specialist.,nan
202400914,Pat Broomfield,2024,CB,0.8703,DB,59.18045,63.96089837444392,63.96089837444392,Meaningful G5 Contributor,Standout starter at the Group of 5 level; high-end depth in Power 4.,Potential Day 3 Pick
202400922,Marcus Dawson Jr.,2024,S,0.87,DB,56.97928,59.771148109480784,59.771148109480784,Multi-Year Starter,Consistent career presence; reliable rotational player or specialist.,nan
202400923,Larry Tarver Jr.,2024,CB,0.87,DB,61.789185,68.1446901337502,68.1446901337502,Meaningful G5 Contributor,Standout starter at the Group of 5 level; high-end depth in Power 4.,Potential Day 3 Pick
202400926,Jhase McMillan,2024,CB,0.87,DB,59.280403,64.0941265476505,64.0941265476505,Meaningful G5 Contributor,Standout starter at the Group of 5 level; high-end depth in Power 4.,Potential Day 3 Pick
202400937,Willie Goodwyn,2024,S,0.8697,DB,59.48497,64.47421611471961,64.47421611471961,Meaningful G5 Contributor,Standout starter at the Group of 5 level; high-end depth in Power 4.,Potential Day 3 Pick
202400939,Jaylen Thompson,2024,CB,0.8694,DB,59.153458,63.91094448099157,63.91094448099157,Meaningful G5 Contributor,Standout starter at the Group of 5 level; high-end depth in Power 4.,Potential Day 3 Pick
202400942,Camren Campbell,2024,CB,0.8694,DB,59.145382,63.89599925877017,63.89599925877017,Meaningful G5 Contributor,Standout starter at the Group of 5 level; high-end depth in Power 4.,Potential Day 3 Pick
202400957,William Nettles,2024,CB,0.8689,DB,61.047535,67.12406713869333,67.12406713869333,Meaningful G5 Contributor,Standout starter at the Group of 5 level; high-end depth in Power 4.,Potential Day 3 Pick
202400961,Elijah Green,2024,S,0.8689,DB,62.223198,68.6799864024577,68.6799864024577,Meaningful G5 Contributor,Standout starter at the Group of 5 level; high-end depth in Power 4.,Potential Day 3 Pick
202400974,Sammie Hunter,2024,CB,0.8683,DB,58.14173,62.06883718517706,62.06883718517706,Meaningful G5 Contributor,Standout starter at the Group of 5 level; high-end depth in Power 4.,Potential Day 3 Pick
202400975,Tate Hamby,2024,S,0.8683,DB,56.43577,58.654120193689295,58.654120193689295,Multi-Year Starter,Consistent career presence; reliable rotational player or specialist.,nan
202400982,Jathan Hatch,2024,S,0.8681,DB,56.1885,58.202533411855676,58.202533411855676,Multi-Year Starter,Consistent career presence; reliable rotational player or specialist.,nan
202400992,Foster Slaughter,2024,S,0.8678,DB,54.43392,54.55956357772021,54.55956357772021,Multi-Year Starter,Consistent career presence; reliable rotational player or specialist.,nan
202400996,Israel Boyce,2024,CB,0.8678,DB,56.879993,59.53053676619449,59.53053676619449,Multi-Year Starter,Consistent career presence; reliable rotational player or specialist.,nan
202400997,DK Gilley,2024,S,0.8678,DB,56.67651,59.158711231934504,59.158711231934504,Multi-Year Starter,Consistent career presence; reliable rotational player or specialist.,nan
202400998,Rashad Godfrey Jr.,2024,CB,0.8678,DB,56.521965,58.78438721134087,58.78438721134087,Multi-Year Starter,Consistent career presence; reliable rotational player or specialist.,nan
202400999,LaDainian Fields,2024,CB,0.8678,DB,59.002815,63.63409779800089,63.63409779800089,Meaningful G5 Contributor,Standout starter at the Group of 5 level; high-end depth in Power 4.,Potential Day 3 Pick
202401001,Jay'Quan Bostic,2024,S,0.8678,DB,58.207127,62.1861202514082,62.1861202514082,Meaningful G5 Contributor,Standout starter at the Group of 5 level; high-end depth in Power 4.,Potential Day 3 Pick
202401010,Casey Etienne Jr.,2024,S,0.8672,DB,56.712917,59.21681224396054,59.21681224396054,Multi-Year Starter,Consistent career presence; reliable rotational player or specialist.,nan
202401020,Allen Bryant,2024,S,0.8672,DB,58.151386,62.08615290824951,62.08615290824951,Meaningful G5 Contributor,Standout starter at the Group of 5 level; high-end depth in Power 4.,Potential Day 3 Pick
202401024,Kumaro Brown,2024,CB,0.8669,DB,57.619747,60.98879379124306,60.98879379124306,Meaningful G5 Contributor,Standout starter at the Group of 5 level; high-end depth in Power 4.,Potential Day 3 Pick
202401034,Zahir Rainer,2024,S,0.8664,DB,51.237213,45.6320817788261,45.6320817788261,Single Season Contributor,Late bloomer or one-year starter; limited career longevity.,nan
202401037,Tomauri Johnson,2024,S,0.8664,DB,63.696407,72.76436828474364,72.76436828474364,Meaningful P4 Contributor,Reliable multi-year starter at the highest level of competition.,Potential Day 2 Pick
202401041,Therrian Alexander III,2024,CB,0.8664,DB,58.29828,62.331878409713056,62.331878409713056,Meaningful G5 Contributor,Standout starter at the Group of 5 level; high-end depth in Power 4.,Potential Day 3 Pick
202401042,Mike Gerald,2024,CB,0.8664,DB,59.473965,64.44877276895984,64.44877276895984,Meaningful G5 Contributor,Standout starter at the Group of 5 level; high-end depth in Power 4.,Potential Day 3 Pick
202401044,Julian Knox,2024,CB,0.8664,DB,56.85464,59.46561590992584,59.46561590992584,Multi-Year Starter,Consistent career presence; reliable rotational player or specialist.,nan
202401047,Quimari Shemwell,2024,CB,0.8663,DB,55.764584,57.488465947889985,57.488465947889985,Multi-Year Starter,Consistent career presence; reliable rotational player or specialist.,nan
202401056,Kayo Patu,2024,S,0.8658,DB,57.034557,59.88579963276296,59.88579963276296,Multi-Year Starter,Consistent career presence; reliable rotational player or specialist.,nan
202401062,Isaiah Collins,2024,CB,0.8658,DB,57.288006,60.4702516558647,60.4702516558647,Meaningful G5 Contributor,Standout starter at the Group of 5 level; high-end depth in Power 4.,Potential Day 3 Pick
202401070,Adrian Laing,2024,CB,0.8656,DB,57.85333,61.52692510890762,61.52692510890762,Meaningful G5 Contributor,Standout starter at the Group of 5 level; high-end depth in Power 4.,Potential Day 3 Pick
202401078,Jivan Baly,2024,CB,0.8653,DB,58.298225,62.33179855702678,62.33179855702678,Meaningful G5 Contributor,Standout starter at the Group of 5 level; high-end depth in Power 4.,Potential Day 3 Pick
202401081,Tyjai Hopper,2024,S,0.8652,DB,57.596638,60.9417717542657,60.9417717542657,Meaningful G5 Contributor,Standout starter at the Group of 5 level; high-end depth in Power 4.,Potential Day 3 Pick
202401083,Marcus Neal Jr.,2024,S,0.865,DB,52.28176,49.586677019484405,49.586677019484405,Single Season Contributor,Late bloomer or one-year starter; limited career longevity.,nan
202401095,Kevon Gray,2024,CB,0.8647,DB,58.934658,63.51194415309291,63.51194415309291,Meaningful G5 Contributor,Standout starter at the Group of 5 level; high-end depth in Power 4.,Potential Day 3 Pick
202401096,Fredrick Dotie,2024,S,0.8647,DB,56.271088,58.315190416568385,58.315190416568385,Multi-Year Starter,Consistent career presence; reliable rotational player or specialist.,nan
202401111,Keion Dunlap,2024,S,0.8639,DB,59.72772,64.82923445347551,64.82923445347551,Meaningful G5 Contributor,Standout starter at the Group of 5 level; high-end depth in Power 4.,Potential Day 3 Pick
202401119,Judah Jenkins,2024,CB,0.8636,DB,58.446556,62.567242174873684,62.567242174873684,Meaningful G5 Contributor,Standout starter at the Group of 5 level; high-end depth in Power 4.,Potential Day 3 Pick
202401123,Aundre Gibson,2024,CB,0.8633,DB,55.414463,56.77547724584553,56.77547724584553,Multi-Year Starter,Consistent career presence; reliable rotational player or specialist.,nan
202401125,Tyson Weaver,2024,CB,0.8633,DB,53.788395,53.20087769159511,53.20087769159511,Multi-Year Starter,Consistent career presence; reliable rotational player or specialist.,nan
202401127,Rahim Wright II,2024,S,0.8633,DB,55.50323,57.01265272171147,57.01265272171147,Multi-Year Starter,Consistent career presence; reliable rotational player or specialist.,nan
202401134,Samuel Madu,2024,CB,0.8633,DB,52.60857,50.6618669729709,50.6618669729709,Multi-Year Starter,Consistent career presence; reliable rotational player or specialist.,nan
202401138,Boogie Johnson,2024,CB,0.8633,DB,56.631332,59.044590409540355,59.044590409540355,Multi-Year Starter,Consistent career presence; reliable rotational player or specialist.,nan
202401140,Jayden Coleman,2024,CB,0.8631,DB,58.888298,63.43480787487351,63.43480787487351,Meaningful G5 Contributor,Standout starter at the Group of 5 level; high-end depth in Power 4.,Potential Day 3 Pick
202401157,Kyler Beaty,2024,CB,0.8625,DB,58.85566,63.39162214314661,63.39162214314661,Meaningful G5 Contributor,Standout starter at the Group of 5 level; high-end depth in Power 4.,Potential Day 3 Pick
202401162,Chasen Johnson,2024,CB,0.8622,DB,57.3991,60.64333648528948,60.64333648528948,Meaningful G5 Contributor,Standout starter at the Group of 5 level; high-end depth in Power 4.,Potential Day 3 Pick
202401165,E'Zaiah Shine,2024,CB,0.8622,DB,59.224785,64.02002741961155,64.02002741961155,Meaningful G5 Contributor,Standout starter at the Group of 5 level; high-end depth in Power 4.,Potential Day 3 Pick
202401166,Tayshaun Burney,2024,CB,0.8622,DB,58.713657,63.193819555986266,63.193819555986266,Meaningful G5 Contributor,Standout starter at the Group of 5 level; high-end depth in Power 4.,Potential Day 3 Pick
202401169,Nehemiah Chandler,2024,CB,0.8622,DB,59.601486,64.6452833850551,64.6452833850551,Meaningful G5 Contributor,Standout starter at the Group of 5 level; high-end depth in Power 4.,Potential Day 3 Pick
202401171,JD Crisp,2024,S,0.8622,DB,56.903786,59.59146234256336,59.59146234256336,Multi-Year Starter,Consistent career presence; reliable rotational player or specialist.,nan
202401173,Armani Cargo,2024,S,0.8619,DB,58.987896,63.60735895514898,63.60735895514898,Meaningful G5 Contributor,Standout starter at the Group of 5 level; high-end depth in Power 4.,Potential Day 3 Pick
202401178,Ty Hudkins,2024,S,0.8617,DB,58.00234,61.813395522141604,61.813395522141604,Meaningful G5 Contributor,Standout starter at the Group of 5 level; high-end depth in Power 4.,Potential Day 3 Pick
202401179,Elias Johnson,2024,CB,0.8617,DB,57.234886,60.37335109479324,60.37335109479324,Meaningful G5 Contributor,Standout starter at the Group of 5 level; high-end depth in Power 4.,Potential Day 3 Pick
202401184,Jeremiah Lowe,2024,CB,0.8614,DB,60.24416,65.75962912496851,65.75962912496851,Meaningful G5 Contributor,Standout starter at the Group of 5 level; high-end depth in Power 4.,Potential Day 3 Pick
202401187,Zach Williams,2024,CB,0.8614,DB,57.847507,61.51551414125489,61.51551414125489,Meaningful G5 Contributor,Standout starter at the Group of 5 level; high-end depth in Power 4.,Potential Day 3 Pick
202401194,Loyall Mouzon,2024,CB,0.8611,DB,54.64225,55.020273314345495,55.020273314345495,Multi-Year Starter,Consistent career presence; reliable rotational player or specialist.,nan
202401195,Khari Reid,2024,CB,0.8611,DB,60.063786,65.38334354852472,65.38334354852472,Meaningful G5 Contributor,Standout starter at the Group of 5 level; high-end depth in Power 4.,Potential Day 3 Pick
202401196,Elijah Cannon,2024,CB,0.8611,DB,58.88138,63.42565185367756,63.42565185367756,Meaningful G5 Contributor,Standout starter at the Group of 5 level; high-end depth in Power 4.,Potential Day 3 Pick
202401201,Treyvon Tolmaire,2024,CB,0.8608,DB,57.777523,61.346136728823254,61.346136728823254,Meaningful G5 Contributor,Standout starter at the Group of 5 level; high-end depth in Power 4.,Potential Day 3 Pick
202401210,Lloyd Irvin III,2024,CB,0.8608,DB,57.94557,61.7076244448782,61.7076244448782,Meaningful G5 Contributor,Standout starter at the Group of 5 level; high-end depth in Power 4.,Potential Day 3 Pick
202401212,Quentin Taylor Jr.,2024,S,0.8606,DB,57.2216,60.34911377671698,60.34911377671698,Meaningful G5 Contributor,Standout starter at the Group of 5 level; high-end depth in Power 4.,Potential Day 3 Pick
202401215,Davion Pritchard,2024,CB,0.8606,DB,58.656292,63.044356470179686,63.044356470179686,Meaningful G5 Contributor,Standout starter at the Group of 5 level; high-end depth in Power 4.,Potential Day 3 Pick
202401222,Nikko Klemm,2024,CB,0.86,DB,55.93177,57.80248318842202,57.80248318842202,Multi-Year Starter,Consistent career presence; reliable rotational player or specialist.,nan
202401228,Shae Terry,2024,CB,0.86,DB,58.65684,63.04578769004643,63.04578769004643,Meaningful G5 Contributor,Standout starter at the Group of 5 level; high-end depth in Power 4.,Potential Day 3 Pick
202401236,Kameron Franklin,2024,CB,0.86,DB,58.75594,63.25967751796278,63.25967751796278,Meaningful G5 Contributor,Standout starter at the Group of 5 level; high-end depth in Power 4.,Potential Day 3 Pick
202401238,Cam Boone,2024,CB,0.86,DB,57.05895,59.936388400954684,59.936388400954684,Multi-Year Starter,Consistent career presence; reliable rotational player or specialist.,nan
202401242,Markie Grant,2024,CB,0.86,DB,58.48394,62.6391501219364,62.6391501219364,Meaningful G5 Contributor,Standout starter at the Group of 5 level; high-end depth in Power 4.,Potential Day 3 Pick
202401248,Ibn McDaniels,2024,CB,0.86,DB,57.801792,61.40973665082088,61.40973665082088,Meaningful G5 Contributor,Standout starter at the Group of 5 level; high-end depth in Power 4.,Potential Day 3 Pick
202401252,Donavan Philord,2024,CB,0.8597,DB,59.617935,64.66589957004562,64.66589957004562,Meaningful G5 Contributor,Standout starter at the Group of 5 level; high-end depth in Power 4.,Potential Day 3 Pick
202401264,Dedaunte Scott,2024,CB,0.8594,DB,55.388435,56.711619270308034,56.711619270308034,Multi-Year Starter,Consistent career presence; reliable rotational player or specialist.,nan
202401273,Keke Adams,2024,S,0.8592,DB,56.661903,59.13121449478477,59.13121449478477,Multi-Year Starter,Consistent career presence; reliable rotational player or specialist.,nan
202401281,Nigel Maynard,2024,CB,0.8589,DB,57.498016,60.790938150824985,60.790938150824985,Meaningful G5 Contributor,Standout starter at the Group of 5 level; high-end depth in Power 4.,Potential Day 3 Pick
202401285,Shemar Welch,2024,CB,0.8589,DB,61.724346,68.07317232340314,68.07317232340314,Meaningful G5 Contributor,Standout starter at the Group of 5 level; high-end depth in Power 4.,Potential Day 3 Pick
202401286,Tito Williams Jr.,2024,S,0.8589,DB,57.3518,60.573765612064385,60.573765612064385,Meaningful G5 Contributor,Standout starter at the Group of 5 level; high-end depth in Power 4.,Potential Day 3 Pick
202401293,La'khi Roland,2024,CB,0.8585,DB,56.92414,59.64358658106013,59.64358658106013,Multi-Year Starter,Consistent career presence; reliable rotational player or specialist.,nan
202401303,Dajon Doss,2024,S,0.8583,DB,53.14351,51.79732716916726,51.79732716916726,Multi-Year Starter,Consistent career presence; reliable rotational player or specialist.,nan
202401305,Kaden McFadden,2024,S,0.8583,DB,55.61671,57.20543819551289,57.20543819551289,Multi-Year Starter,Consistent career presence; reliable rotational player or specialist.,nan
202401319,Ashton McShane,2024,CB,0.8581,DB,58.840378,63.37140217572048,63.37140217572048,Meaningful G5 Contributor,Standout starter at the Group of 5 level; high-end depth in Power 4.,Potential Day 3 Pick
202401320,Alexander Rodgers,2024,CB,0.8581,DB,59.300728,64.12120474752646,64.12120474752646,Meaningful G5 Contributor,Standout starter at the Group of 5 level; high-end depth in Power 4.,Potential Day 3 Pick
202401321,Devin Collier,2024,S,0.8581,DB,58.726604,63.22086285258411,63.22086285258411,Meaningful G5 Contributor,Standout starter at the Group of 5 level; high-end depth in Power 4.,Potential Day 3 Pick
202401322,Zach Cody,2024,CB,0.8581,DB,57.351135,60.57278937561752,60.57278937561752,Meaningful G5 Contributor,Standout starter at the Group of 5 level; high-end depth in Power 4.,Potential Day 3 Pick
202401327,Hunter Haines,2024,S,0.8578,DB,54.655624,55.05832601121108,55.05832601121108,Multi-Year Starter,Consistent career presence; reliable rotational player or specialist.,nan
202401328,Jah Jah Boyd,2024,S,0.8578,DB,59.60085,64.64448493818742,64.64448493818742,Meaningful G5 Contributor,Standout starter at the Group of 5 level; high-end depth in Power 4.,Potential Day 3 Pick
202401335,Milt Ferguson,2024,CB,0.8575,DB,55.101402,56.168803428594124,56.168803428594124,Multi-Year Starter,Consistent career presence; reliable rotational player or specialist.,nan
202401347,Darrius Davis,2024,S,0.8575,DB,54.516224,54.73142167186511,54.73142167186511,Multi-Year Starter,Consistent career presence; reliable rotational player or specialist.,nan
202401367,Deylen Platt,2024,CB,0.8567,DB,59.280598,64.0943857421313,64.0943857421313,Meaningful G5 Contributor,Standout starter at the Group of 5 level; high-end depth in Power 4.,Potential Day 3 Pick
202401369,Jiquan Sanks,2024,CB,0.8567,DB,60.59735,66.44798995418624,66.44798995418624,Meaningful G5 Contributor,Standout starter at the Group of 5 level; high-end depth in Power 4.,Potential Day 3 Pick
202401387,Chris Henry,2024,S,0.8564,DB,55.789753,57.54833532847056,57.54833532847056,Multi-Year Starter,Consistent career presence; reliable rotational player or specialist.,nan
202401388,Callen Barta,2024,S,0.8561,DB,58.180485,62.138339528398326,62.138339528398326,Meaningful G5 Contributor,Standout starter at the Group of 5 level; high-end depth in Power 4.,Potential Day 3 Pick
202401398,Cedric Franklin,2024,S,0.8558,DB,55.971375,57.87045313732682,57.87045313732682,Multi-Year Starter,Consistent career presence; reliable rotational player or specialist.,nan
202401405,Shamaar Darden,2024,S,0.8558,DB,57.22874,60.36214055232386,60.36214055232386,Meaningful G5 Contributor,Standout starter at the Group of 5 level; high-end depth in Power 4.,Potential Day 3 Pick
202401416,Sam Neely III,2024,CB,0.8553,DB,58.270256,62.28997856447406,62.28997856447406,Meaningful G5 Contributor,Standout starter at the Group of 5 level; high-end depth in Power 4.,Potential Day 3 Pick
202401422,Martell Hughes,2024,S,0.855,DB,54.112873,53.89075087567125,53.89075087567125,Multi-Year Starter,Consistent career presence; reliable rotational player or specialist.,nan
202401430,Emiril Gant,2024,S,0.855,DB,60.423943,66.16163740444026,66.16163740444026,Meaningful G5 Contributor,Standout starter at the Group of 5 level; high-end depth in Power 4.,Potential Day 3 Pick
202401440,Tony Mathis,2024,S,0.855,DB,57.05105,59.92000283027513,59.92000283027513,Multi-Year Starter,Consistent career presence; reliable rotational player or specialist.,nan
202401445,Jacob Cosby-Mosley,2024,S,0.855,DB,56.057888,58.0107386154335,58.0107386154335,Multi-Year Starter,Consistent career presence; reliable rotational player or specialist.,nan
202401455,Deuce Walker,2024,CB,0.8547,DB,57.393715,60.63541438262869,60.63541438262869,Meaningful G5 Contributor,Standout starter at the Group of 5 level; high-end depth in Power 4.,Potential Day 3 Pick
202401458,Cam Richardson,2024,S,0.8547,DB,57.07242,59.964325363808136,59.964325363808136,Multi-Year Starter,Consistent career presence; reliable rotational player or specialist.,nan
202401459,Christian Pritchett,2024,S,0.8547,DB,59.413826,64.30973833363828,64.30973833363828,Meaningful G5 Contributor,Standout starter at the Group of 5 level; high-end depth in Power 4.,Potential Day 3 Pick
202401463,Jayshaun Johnson,2024,S,0.8544,DB,57.431362,60.690784942939864,60.690784942939864,Meaningful G5 Contributor,Standout starter at the Group of 5 level; high-end depth in Power 4.,Potential Day 3 Pick
202401464,Quinton Price,2024,S,0.8542,DB,60.85127,66.85495570969901,66.85495570969901,Meaningful G5 Contributor,Standout starter at the Group of 5 level; high-end depth in Power 4.,Potential Day 3 Pick
202401469,Zay Johnson,2024,S,0.8542,DB,61.88414,68.25745272275651,68.25745272275651,Meaningful G5 Contributor,Standout starter at the Group of 5 level; high-end depth in Power 4.,Potential Day 3 Pick
202401472,Michael Matthews-Canty,2024,S,0.8542,DB,51.864685,48.26762413474492,48.26762413474492,Single Season Contributor,Late bloomer or one-year starter; limited career longevity.,nan
202401473,Devin Cook,2024,CB,0.8542,DB,57.046276,59.910105027802835,59.910105027802835,Multi-Year Starter,Consistent career presence; reliable rotational player or specialist.,nan
202401484,Brandon Jones,2024,S,0.8536,DB,61.14296,67.27161687613388,67.27161687613388,Meaningful G5 Contributor,Standout starter at the Group of 5 level; high-end depth in Power 4.,Potential Day 3 Pick
202401487,Corey Myrick,2024,CB,0.8533,DB,61.003876,67.05665531170044,67.05665531170044,Meaningful G5 Contributor,Standout starter at the Group of 5 level; high-end depth in Power 4.,Potential Day 3 Pick
202401493,Carson Van Dinter,2024,S,0.8533,DB,62.077705,68.48731771116073,68.48731771116073,Meaningful G5 Contributor,Standout starter at the Group of 5 level; high-end depth in Power 4.,Potential Day 3 Pick
202401495,Zach Jackson,2024,CB,0.8533,DB,58.66304,63.0619386086816,63.0619386086816,Meaningful G5 Contributor,Standout starter at the Group of 5 level; high-end depth in Power 4.,Potential Day 3 Pick
202401496,Alvin Williamson Jr.,2024,CB,0.8533,DB,56.814922,59.3795973509991,59.3795973509991,Multi-Year Starter,Consistent career presence; reliable rotational player or specialist.,nan
202401497,KJ Flowe,2024,S,0.8533,DB,62.012596,68.40999841704377,68.40999841704377,Meaningful G5 Contributor,Standout starter at the Group of 5 level; high-end depth in Power 4.,Potential Day 3 Pick
202401500,Jaden Pettway,2024,S,0.8533,DB,55.5196,57.05638800176908,57.05638800176908,Multi-Year Starter,Consistent career presence; reliable rotational player or specialist.,nan
202401506,Najiib Anderson,2024,S,0.853,DB,57.12522,60.11665589478716,60.11665589478716,Meaningful G5 Contributor,Standout starter at the Group of 5 level; high-end depth in Power 4.,Potential Day 3 Pick
202401518,Jaylen'Dai Sumlin,2024,S,0.8525,DB,53.847,53.33985331398337,53.33985331398337,Multi-Year Starter,Consistent career presence; reliable rotational player or specialist.,nan
202401523,Chase Green,2024,S,0.8525,DB,57.73438,61.233072422348364,61.233072422348364,Meaningful G5 Contributor,Standout starter at the Group of 5 level; high-end depth in Power 4.,Potential Day 3 Pick
202401532,Cameron Powell,2024,S,0.8522,DB,57.05404,59.926205769634265,59.926205769634265,Multi-Year Starter,Consistent career presence; reliable rotational player or specialist.,nan
202401535,Joseph Bey,2024,S,0.8519,DB,54.841267,55.614461976683664,55.614461976683664,Multi-Year Starter,Consistent career presence; reliable rotational player or specialist.,nan
202401550,Keyon Washington,2024,CB,0.8517,DB,57.726593,61.2126688635937,61.2126688635937,Meaningful G5 Contributor,Standout starter at the Group of 5 level; high-end depth in Power 4.,Potential Day 3 Pick
202401555,Bryce Rowe,2024,CB,0.8517,DB,60.896706,66.91500930198595,66.91500930198595,Meaningful G5 Contributor,Standout starter at the Group of 5 level; high-end depth in Power 4.,Potential Day 3 Pick
202401557,Mike Wright III,2024,S,0.8514,DB,59.172707,63.9465673394371,63.9465673394371,Meaningful G5 Contributor,Standout starter at the Group of 5 level; high-end depth in Power 4.,Potential Day 3 Pick
202401560,Hyajah Miller,2024,CB,0.8511,DB,59.25687,64.06277417996378,64.06277417996378,Meaningful G5 Contributor,Standout starter at the Group of 5 level; high-end depth in Power 4.,Potential Day 3 Pick
202401561,Rex Guthrie,2024,S,0.8511,DB,51.914803,48.405145158490754,48.405145158490754,Single Season Contributor,Late bloomer or one-year starter; limited career longevity.,nan
202401575,Timi Oke,2024,CB,0.8508,DB,58.72556,63.219479859305345,63.219479859305345,Meaningful G5 Contributor,Standout starter at the Group of 5 level; high-end depth in Power 4.,Potential Day 3 Pick
202401580,Tanner Heckel,2024,S,0.8506,DB,60.31901,65.93605135974343,65.93605135974343,Meaningful G5 Contributor,Standout starter at the Group of 5 level; high-end depth in Power 4.,Potential Day 3 Pick
202401588,Myles Turpin,2024,S,0.8503,DB,56.045315,57.990350550005594,57.990350550005594,Multi-Year Starter,Consistent career presence; reliable rotational player or specialist.,nan
202401589,LaTristan Thompson,2024,CB,0.8503,DB,59.748817,64.87012901762043,64.87012901762043,Meaningful G5 Contributor,Standout starter at the Group of 5 level; high-end depth in Power 4.,Potential Day 3 Pick
202401609,Donovan Aidoo,2024,S,0.85,DB,49.749283,40.213839588709824,40.213839588709824,Single Season Contributor,Late bloomer or one-year starter; limited career longevity.,nan
202401617,Tayshawn Banks,2024,CB,0.85,DB,58.69261,63.13898594484151,63.13898594484151,Meaningful G5 Contributor,Standout starter at the Group of 5 level; high-end depth in Power 4.,Potential Day 3 Pick
202401618,Ambrose Marsh,2024,CB,0.85,DB,56.83373,59.412065483494196,59.412065483494196,Multi-Year Starter,Consistent career presence; reliable rotational player or specialist.,nan
202401625,Braylon Vincent,2024,S,0.85,DB,56.418243,58.6260019271745,58.6260019271745,Multi-Year Starter,Consistent career presence; reliable rotational player or specialist.,nan
202401643,Christian Farrow,2024,CB,0.85,DB,65.54403,77.07136040126011,77.07136040126011,Meaningful P4 Contributor,Reliable multi-year starter at the highest level of competition.,Potential Day 2 Pick
202401646,Cam Cole,2024,S,0.85,DB,61.275883,67.48419054587357,67.48419054587357,Meaningful G5 Contributor,Standout starter at the Group of 5 level; high-end depth in Power 4.,Potential Day 3 Pick
202401650,Ameyr Adams,2024,S,0.85,DB,57.34648,60.565944499380855,60.565944499380855,Meaningful G5 Contributor,Standout starter at the Group of 5 level; high-end depth in Power 4.,Potential Day 3 Pick
202401651,Kaleb Jones,2024,CB,0.85,DB,59.088726,63.79114973565621,63.79114973565621,Meaningful G5 Contributor,Standout starter at the Group of 5 level; high-end depth in Power 4.,Potential Day 3 Pick
202401654,Eric Lee,2024,S,0.8497,DB,52.91084,51.379302030211804,51.379302030211804,Multi-Year Starter,Consistent career presence; reliable rotational player or specialist.,nan
202401668,Kemori Dixon,2024,S,0.8492,DB,49.492413,39.08299722673842,39.08299722673842,Partial Season Contributor,Rotational backup or special teams contributor; limited starts.,nan
202401670,Hasaan Sykes,2024,CB,0.8492,DB,59.899715,65.13536262412781,65.13536262412781,Meaningful G5 Contributor,Standout starter at the Group of 5 level; high-end depth in Power 4.,Potential Day 3 Pick
202401672,Shamar McIntosh,2024,S,0.8492,DB,55.07501,56.122953036563615,56.122953036563615,Multi-Year Starter,Consistent career presence; reliable rotational player or specialist.,nan
202401674,Ashton Williams,2024,S,0.8489,DB,55.005432,55.99015929978533,55.99015929978533,Multi-Year Starter,Consistent career presence; reliable rotational player or specialist.,nan
202401675,Michael-Arinze Ezirim,2024,CB,0.8486,DB,55.501503,57.008035597063106,57.008035597063106,Multi-Year Starter,Consistent career presence; reliable rotational player or specialist.,nan
202401681,Nijrell Eason II,2024,CB,0.8483,DB,55.15293,56.258317389505834,56.258317389505834,Multi-Year Starter,Consistent career presence; reliable rotational player or specialist.,nan
202401686,Terrion Curry-Hicks,2024,CB,0.8483,DB,59.889923,65.12168663889918,65.12168663889918,Meaningful G5 Contributor,Standout starter at the Group of 5 level; high-end depth in Power 4.,Potential Day 3 Pick
202401691,Ben Bouzi,2024,CB,0.8483,DB,60.92073,66.94676293511694,66.94676293511694,Meaningful G5 Contributor,Standout starter at the Group of 5 level; high-end depth in Power 4.,Potential Day 3 Pick
202401692,Amar Reynolds,2024,CB,0.8483,DB,56.901646,59.58598226426563,59.58598226426563,Multi-Year Starter,Consistent career presence; reliable rotational player or specialist.,nan
202401693,Tice Williams,2024,S,0.8483,DB,55.12796,56.214938770307725,56.214938770307725,Multi-Year Starter,Consistent career presence; reliable rotational player or specialist.,nan
202401698,Jermaine Dalias,2024,S,0.8483,DB,56.035614,57.97462031627283,57.97462031627283,Multi-Year Starter,Consistent career presence; reliable rotational player or specialist.,nan
202401706,Phoenix Rose,2024,CB,0.8478,DB,57.71443,61.18145374169125,61.18145374169125,Meaningful G5 Contributor,Standout starter at the Group of 5 level; high-end depth in Power 4.,Potential Day 3 Pick
202401713,Javion White,2024,CB,0.8478,DB,59.659172,64.717583466091,64.717583466091,Meaningful G5 Contributor,Standout starter at the Group of 5 level; high-end depth in Power 4.,Potential Day 3 Pick
202401714,Micheal Graham Jr.,2024,CB,0.8478,DB,58.68754,63.125767039127794,63.125767039127794,Meaningful G5 Contributor,Standout starter at the Group of 5 level; high-end depth in Power 4.,Potential Day 3 Pick
202401715,Keshawn Williams,2024,CB,0.8478,DB,56.432686,58.649462035154045,58.649462035154045,Multi-Year Starter,Consistent career presence; reliable rotational player or specialist.,nan
202401716,Maurice Hayes,2024,CB,0.8478,DB,59.41356,64.30912099076022,64.30912099076022,Meaningful G5 Contributor,Standout starter at the Group of 5 level; high-end depth in Power 4.,Potential Day 3 Pick
202401725,Ja'Marley Riddle,2024,S,0.8472,DB,54.943043,55.869294625055005,55.869294625055005,Multi-Year Starter,Consistent career presence; reliable rotational player or specialist.,nan
202401727,Damion Miller,2024,S,0.847,DB,56.98113,59.774985387018006,59.774985387018006,Multi-Year Starter,Consistent career presence; reliable rotational player or specialist.,nan
202401739,Jakyre Horton,2024,S,0.8467,DB,55.837547,57.63464515690171,57.63464515690171,Multi-Year Starter,Consistent career presence; reliable rotational player or specialist.,nan
202401748,Brandon Barnes Jr.,2024,CB,0.8467,DB,58.567493,62.818849394207895,62.818849394207895,Meaningful G5 Contributor,Standout starter at the Group of 5 level; high-end depth in Power 4.,Potential Day 3 Pick
202401750,Khamani Hudson,2024,CB,0.8467,DB,57.908627,61.63532182391018,61.63532182391018,Meaningful G5 Contributor,Standout starter at the Group of 5 level; high-end depth in Power 4.,Potential Day 3 Pick
202401757,Gabe Stroud,2024,S,0.8461,DB,56.58931,58.92551742188718,58.92551742188718,Multi-Year Starter,Consistent career presence; reliable rotational player or specialist.,nan
202401768,Prince Williams,2024,CB,0.8453,DB,57.849445,61.51931281200691,61.51931281200691,Meaningful G5 Contributor,Standout starter at the Group of 5 level; high-end depth in Power 4.,Potential Day 3 Pick
202401774,Dravon Wilson,2024,S,0.8453,DB,55.266537,56.464075540290615,56.464075540290615,Multi-Year Starter,Consistent career presence; reliable rotational player or specialist.,nan
202401786,Matthew McKenzie,2024,CB,0.845,DB,57.95065,61.71708491822257,61.71708491822257,Meaningful G5 Contributor,Standout starter at the Group of 5 level; high-end depth in Power 4.,Potential Day 3 Pick
202401788,Deondre Shepherd,2024,S,0.845,DB,56.58931,58.92551742188718,58.92551742188718,Multi-Year Starter,Consistent career presence; reliable rotational player or specialist.,nan
202401789,Tyderick Brown,2024,CB,0.845,DB,59.057304,63.732999619719656,63.732999619719656,Meaningful G5 Contributor,Standout starter at the Group of 5 level; high-end depth in Power 4.,Potential Day 3 Pick
202401801,Trey Ridley,2024,S,0.8444,DB,55.826736,57.615387951179905,57.615387951179905,Multi-Year Starter,Consistent career presence; reliable rotational player or specialist.,nan
202401802,Donald DeFrand Jr.,2024,CB,0.8444,DB,58.238377,62.24216545228118,62.24216545228118,Meaningful G5 Contributor,Standout starter at the Group of 5 level; high-end depth in Power 4.,Potential Day 3 Pick
202401810,Jeremy Cook Jr.,2024,S,0.8444,DB,60.443558,66.19702314706024,66.19702314706024,Meaningful G5 Contributor,Standout starter at the Group of 5 level; high-end depth in Power 4.,Potential Day 3 Pick
202401812,Xavion Griffin,2024,S,0.8444,DB,54.78381,55.45160038419416,55.45160038419416,Multi-Year Starter,Consistent career presence; reliable rotational player or specialist.,nan
202401818,Lawrence Johnson,2024,CB,0.8442,DB,59.029087,63.68118304748213,63.68118304748213,Meaningful G5 Contributor,Standout starter at the Group of 5 level; high-end depth in Power 4.,Potential Day 3 Pick
202401819,Kyle Boylston,2024,S,0.8439,DB,60.11189,65.47098720235138,65.47098720235138,Meaningful G5 Contributor,Standout starter at the Group of 5 level; high-end depth in Power 4.,Potential Day 3 Pick
202401831,Mike Smith,2024,CB,0.8433,DB,61.652637,67.99652091910224,67.99652091910224,Meaningful G5 Contributor,Standout starter at the Group of 5 level; high-end depth in Power 4.,Potential Day 3 Pick
202401833,Dax Collins,2024,S,0.8433,DB,57.833332,61.48772701425782,61.48772701425782,Meaningful G5 Contributor,Standout starter at the Group of 5 level; high-end depth in Power 4.,Potential Day 3 Pick
202401837,Tre Fulton,2024,S,0.8428,DB,58.924057,63.49294460200995,63.49294460200995,Meaningful G5 Contributor,Standout starter at the Group of 5 level; high-end depth in Power 4.,Potential Day 3 Pick
202401839,Tayten Beyer,2024,CB,0.8428,DB,56.555313,58.83478525826555,58.83478525826555,Multi-Year Starter,Consistent career presence; reliable rotational player or specialist.,nan
202401843,Denzel Chavis,2024,CB,0.8428,DB,56.78405,59.33032959216353,59.33032959216353,Multi-Year Starter,Consistent career presence; reliable rotational player or specialist.,nan
202401849,Ronnell Davis,2024,S,0.8425,DB,55.37671,56.68780611349146,56.68780611349146,Multi-Year Starter,Consistent career presence; reliable rotational player or specialist.,nan
202401854,Kemari Nix,2024,S,0.8419,DB,54.39047,54.47346280345774,54.47346280345774,Multi-Year Starter,Consistent career presence; reliable rotational player or specialist.,nan
202401861,Jaylen Moses,2024,S,0.8417,DB,57.292824,60.47904055415075,60.47904055415075,Meaningful G5 Contributor,Standout starter at the Group of 5 level; high-end depth in Power 4.,Potential Day 3 Pick
202401868,James Chenault,2024,CB,0.8417,DB,54.986088,55.952684230047794,55.952684230047794,Multi-Year Starter,Consistent career presence; reliable rotational player or specialist.,nan
202401872,Zachary Rogers,2024,CB,0.8414,DB,58.08152,61.96085165654191,61.96085165654191,Meaningful G5 Contributor,Standout starter at the Group of 5 level; high-end depth in Power 4.,Potential Day 3 Pick
202401883,Austin Stull,2024,S,0.8411,DB,54.376083,54.44495907070875,54.44495907070875,Multi-Year Starter,Consistent career presence; reliable rotational player or specialist.,nan
202401888,Jameson Young,2024,CB,0.8411,DB,60.8086,66.79856250763962,66.79856250763962,Meaningful G5 Contributor,Standout starter at the Group of 5 level; high-end depth in Power 4.,Potential Day 3 Pick
202401906,Caleb Turner,2024,S,0.8404,DB,56.19167,58.20685756755619,58.20685756755619,Multi-Year Starter,Consistent career presence; reliable rotational player or specialist.,nan
202401915,Amarion Fortenberry,2024,S,0.8403,DB,55.156647,56.2647718311647,56.2647718311647,Multi-Year Starter,Consistent career presence; reliable rotational player or specialist.,nan
202401920,Frankie Edwards III,2024,CB,0.84,DB,56.86816,59.50023515678351,59.50023515678351,Multi-Year Starter,Consistent career presence; reliable rotational player or specialist.,nan
202401926,Devin Rutherford,2024,CB,0.84,DB,57.056717,59.931759932172675,59.931759932172675,Multi-Year Starter,Consistent career presence; reliable rotational player or specialist.,nan
202401927,Jakobi Spence,2024,CB,0.84,DB,57.825466,61.471777065143,61.471777065143,Meaningful G5 Contributor,Standout starter at the Group of 5 level; high-end depth in Power 4.,Potential Day 3 Pick
202401941,Elyjah Gordon,2024,S,0.84,DB,55.697994,57.33007250936097,57.33007250936097,Multi-Year Starter,Consistent career presence; reliable rotational player or specialist.,nan
202401943,Ronald Moore,2024,S,0.84,DB,54.69372,55.17757858777597,55.17757858777597,Multi-Year Starter,Consistent career presence; reliable rotational player or specialist.,nan
202401948,Asaad Chapman,2024,CB,0.84,DB,56.558533,58.839650958517716,58.839650958517716,Multi-Year Starter,Consistent career presence; reliable rotational player or specialist.,nan
202401949,Ahamad Chapman,2024,S,0.84,DB,55.79356,57.55629129692355,57.55629129692355,Multi-Year Starter,Consistent career presence; reliable rotational player or specialist.,nan
202401952,Marco Coleman,2024,CB,0.84,DB,58.439373,62.55342557647378,62.55342557647378,Meaningful G5 Contributor,Standout starter at the Group of 5 level; high-end depth in Power 4.,Potential Day 3 Pick
202401959,Luke Bryant,2024,S,0.84,DB,54.34088,54.37520769287589,54.37520769287589,Multi-Year Starter,Consistent career presence; reliable rotational player or specialist.,nan
202401967,Cameron Gherardi,2024,S,0.84,DB,53.197617,51.90649652964951,51.90649652964951,Multi-Year Starter,Consistent career presence; reliable rotational player or specialist.,nan
202401971,Ian Crim-Davis,2024,CB,0.84,DB,58.473083,62.61826746710574,62.61826746710574,Meaningful G5 Contributor,Standout starter at the Group of 5 level; high-end depth in Power 4.,Potential Day 3 Pick
202401973,Rashayd Mcgruder,2024,CB,0.84,DB,55.92828,57.796265706687564,57.796265706687564,Multi-Year Starter,Consistent career presence; reliable rotational player or specialist.,nan
202401976,Skylar Husband,2024,S,0.84,DB,54.79019,55.46969010961143,55.46969010961143,Multi-Year Starter,Consistent career presence; reliable rotational player or specialist.,nan
202401978,Buddha Garrett,2024,S,0.84,DB,54.77638,55.430537153403456,55.430537153403456,Multi-Year Starter,Consistent career presence; reliable rotational player or specialist.,nan
202401987,Drew Jackson,2024,CB,0.84,DB,58.10658,62.00579317565014,62.00579317565014,Meaningful G5 Contributor,Standout starter at the Group of 5 level; high-end depth in Power 4.,Potential Day 3 Pick
202402011,Joe Wilkinson,2024,S,0.8392,DB,52.63582,50.74191079696189,50.74191079696189,Multi-Year Starter,Consistent career presence; reliable rotational player or specialist.,nan
202402012,Chris Gant Jr.,2024,S,0.8392,DB,61.94828,68.33362137821015,68.33362137821015,Meaningful G5 Contributor,Standout starter at the Group of 5 level; high-end depth in Power 4.,Potential Day 3 Pick
202402017,Tommy Prassas,2024,S,0.8386,DB,46.162525,29.498205119472836,29.498205119472836,Partial Season Contributor,Rotational backup or special teams contributor; limited starts.,nan
202402018,Kyle Williams,2024,S,0.8386,DB,54.403847,54.49997104815429,54.49997104815429,Multi-Year Starter,Consistent career presence; reliable rotational player or specialist.,nan
202402025,Bailey Fletcher,2024,CB,0.8385,DB,53.433746,52.40441205172681,52.40441205172681,Multi-Year Starter,Consistent career presence; reliable rotational player or specialist.,nan
202402026,Elijah Lee,2024,CB,0.8383,DB,55.551556,57.10859675108518,57.10859675108518,Multi-Year Starter,Consistent career presence; reliable rotational player or specialist.,nan
202402028,Cyrus Reyes,2024,S,0.8383,DB,52.3984,50.017640434777014,50.017640434777014,Multi-Year Starter,Consistent career presence; reliable rotational player or specialist.,nan
202402030,Kelvin Hill,2024,CB,0.8381,DB,57.420654,60.675036117041245,60.675036117041245,Meaningful G5 Contributor,Standout starter at the Group of 5 level; high-end depth in Power 4.,Potential Day 3 Pick
202402038,Austin McGee,2024,CB,0.8378,DB,60.434223,66.18179058983637,66.18179058983637,Meaningful G5 Contributor,Standout starter at the Group of 5 level; high-end depth in Power 4.,Potential Day 3 Pick
202402047,Fatu Mukuba,2024,S,0.8372,DB,56.58445,58.91174663518873,58.91174663518873,Multi-Year Starter,Consistent career presence; reliable rotational player or specialist.,nan
202402059,Devin Ross,2024,CB,0.837,DB,56.08926,58.06160980781189,58.06160980781189,Multi-Year Starter,Consistent career presence; reliable rotational player or specialist.,nan
202402062,Cornell Allen,2024,S,0.8369,DB,54.718304,55.254524978422225,55.254524978422225,Multi-Year Starter,Consistent career presence; reliable rotational player or specialist.,nan
202402067,Tareq Council,2024,CB,0.8367,DB,53.418186,52.3708493618995,52.3708493618995,Multi-Year Starter,Consistent career presence; reliable rotational player or specialist.,nan
202402072,Braden Jackson,2024,CB,0.8363,DB,56.14779,58.14700105368967,58.14700105368967,Multi-Year Starter,Consistent career presence; reliable rotational player or specialist.,nan
202402075,Nick Taylor,2024,S,0.8361,DB,53.869736,53.393768220540295,53.393768220540295,Multi-Year Starter,Consistent career presence; reliable rotational player or specialist.,nan
202402076,Cube Gurley,2024,CB,0.8361,DB,54.009132,53.695564553961525,53.695564553961525,Multi-Year Starter,Consistent career presence; reliable rotational player or specialist.,nan
202402079,Jaire Rawlison,2024,CB,0.8358,DB,56.287582,58.33769059617013,58.33769059617013,Multi-Year Starter,Consistent career presence; reliable rotational player or specialist.,nan
202402082,Zashon Rich,2024,CB,0.8356,DB,54.24835,54.17899553971088,54.17899553971088,Multi-Year Starter,Consistent career presence; reliable rotational player or specialist.,nan
202402093,Stephen Ellison,2024,S,0.8352,DB,46.92626,31.606326985322614,31.606326985322614,Partial Season Contributor,Rotational backup or special teams contributor; limited starts.,nan
202402095,James Robinson,2024,CB,0.835,DB,58.07793,61.95424356105375,61.95424356105375,Meaningful G5 Contributor,Standout starter at the Group of 5 level; high-end depth in Power 4.,Potential Day 3 Pick
202402107,Tre Brown,2024,S,0.835,DB,56.05442,58.00511581462223,58.00511581462223,Multi-Year Starter,Consistent career presence; reliable rotational player or specialist.,nan
202402111,Kiontre Harris,2024,CB,0.8347,DB,56.31943,58.40082370019038,58.40082370019038,Multi-Year Starter,Consistent career presence; reliable rotational player or specialist.,nan
202402115,Tysen Campbell,2024,S,0.8344,DB,54.56928,54.85302316847852,54.85302316847852,Multi-Year Starter,Consistent career presence; reliable rotational player or specialist.,nan
202402122,Railyn Adams,2024,CB,0.8344,DB,56.498756,58.7493126611819,58.7493126611819,Multi-Year Starter,Consistent career presence; reliable rotational player or specialist.,nan
202402130,Jordan Pierro,2024,CB,0.8337,DB,57.854977,61.5301554745865,61.5301554745865,Meaningful G5 Contributor,Standout starter at the Group of 5 level; high-end depth in Power 4.,Potential Day 3 Pick
202402140,Jordan Toney,2024,CB,0.8337,DB,57.793365,61.38765362226182,61.38765362226182,Meaningful G5 Contributor,Standout starter at the Group of 5 level; high-end depth in Power 4.,Potential Day 3 Pick
202402143,Daevon Iles,2024,S,0.8337,DB,54.11935,53.90293790910619,53.90293790910619,Multi-Year Starter,Consistent career presence; reliable rotational player or specialist.,nan
202402145,Gerayas Grimes,2024,S,0.8337,DB,52.35001,49.86238076784963,49.86238076784963,Single Season Contributor,Late bloomer or one-year starter; limited career longevity.,nan
202402151,Jaheim Miller,2024,CB,0.8336,DB,53.468155,52.47280821186082,52.47280821186082,Multi-Year Starter,Consistent career presence; reliable rotational player or specialist.,nan
202402155,Dagan Myers,2024,S,0.8333,DB,52.977146,51.49256910160722,51.49256910160722,Multi-Year Starter,Consistent career presence; reliable rotational player or specialist.,nan
202402159,Elijah Newell,2024,S,0.833,DB,57.60872,60.96635392513188,60.96635392513188,Meaningful G5 Contributor,Standout starter at the Group of 5 level; high-end depth in Power 4.,Potential Day 3 Pick
202402162,D'Mari Jenkins,2024,S,0.8328,DB,51.18364,45.34621969989479,45.34621969989479,Single Season Contributor,Late bloomer or one-year starter; limited career longevity.,nan
202402169,Elijah McDowell,2024,CB,0.8325,DB,52.867737,51.30567387236479,51.30567387236479,Multi-Year Starter,Consistent career presence; reliable rotational player or specialist.,nan
202402172,Avery Demery,2024,CB,0.8319,DB,50.90241,44.096353926027106,44.096353926027106,Single Season Contributor,Late bloomer or one-year starter; limited career longevity.,nan
202402181,Kerry Williams II,2024,CB,0.8314,DB,54.13392,53.930347968404206,53.930347968404206,Multi-Year Starter,Consistent career presence; reliable rotational player or specialist.,nan
202402187,CJ Miles Jr.,2024,CB,0.8311,DB,52.837605,51.24020715987044,51.24020715987044,Multi-Year Starter,Consistent career presence; reliable rotational player or specialist.,nan
202402189,MaLik Caswell,2024,S,0.8311,DB,51.01681,44.448256335607795,44.448256335607795,Single Season Contributor,Late bloomer or one-year starter; limited career longevity.,nan
202402191,Chase Jackson,2024,S,0.8308,DB,52.77188,51.08515374142302,51.08515374142302,Multi-Year Starter,Consistent career presence; reliable rotational player or specialist.,nan
202402194,Nacari Johnson,2024,CB,0.8306,DB,55.03597,56.04931684923298,56.04931684923298,Multi-Year Starter,Consistent career presence; reliable rotational player or specialist.,nan
202402209,Toney Coleman Jr.,2024,S,0.8304,DB,55.899166,57.74440579346639,57.74440579346639,Multi-Year Starter,Consistent career presence; reliable rotational player or specialist.,nan
202402219,Kam Kynard,2024,S,0.8304,DB,54.905544,55.79665018894378,55.79665018894378,Multi-Year Starter,Consistent career presence; reliable rotational player or specialist.,nan
202402228,O'Marion Lewis,2024,S,0.8303,DB,55.532215,57.07985049094183,57.07985049094183,Multi-Year Starter,Consistent career presence; reliable rotational player or specialist.,nan
202402241,RJ Whitten,2024,S,0.83,DB,52.62376,50.70648891153063,50.70648891153063,Multi-Year Starter,Consistent career presence; reliable rotational player or specialist.,nan
202402247,Jamil Watkins,2024,CB,0.83,DB,53.77385,53.1660280656567,53.1660280656567,Multi-Year Starter,Consistent career presence; reliable rotational player or specialist.,nan
202402249,Anthony Rogers,2024,CB,0.83,DB,53.534412,52.60066486148324,52.60066486148324,Multi-Year Starter,Consistent career presence; reliable rotational player or specialist.,nan
202402255,Tamal Johnson,2024,S,0.83,DB,52.50654,50.362142465020845,50.362142465020845,Multi-Year Starter,Consistent career presence; reliable rotational player or specialist.,nan
202402259,Roman Martin,2024,CB,0.83,DB,47.577316,33.40034943983696,33.40034943983696,Partial Season Contributor,Rotational backup or special teams contributor; limited starts.,nan
202402261,Guy Edmond,2024,CB,0.83,DB,53.686993,52.95106422602465,52.95106422602465,Multi-Year Starter,Consistent career presence; reliable rotational player or specialist.,nan
202402262,Jakwon Morris,2024,CB,0.83,DB,53.416683,52.3676074644266,52.3676074644266,Multi-Year Starter,Consistent career presence; reliable rotational player or specialist.,nan
202402268,Elijah Brown,2024,CB,0.83,DB,53.38917,52.308265929973416,52.308265929973416,Multi-Year Starter,Consistent career presence; reliable rotational player or specialist.,nan
202402287,Jakobe Freeman,2024,CB,0.83,DB,45.65136,28.08910869220484,28.08910869220484,Partial Season Contributor,Rotational backup or special teams contributor; limited starts.,nan
202402288,Tenerrean Jackson,2024,CB,0.83,DB,52.85777,51.28777883378727,51.28777883378727,Multi-Year Starter,Consistent career presence; reliable rotational player or specialist.,nan
202402304,Ja'Corian Norris,2024,S,0.83,DB,52.5429,50.468957210965435,50.468957210965435,Multi-Year Starter,Consistent career presence; reliable rotational player or specialist.,nan
202402307,Issac Covington,2024,S,0.83,DB,54.913708,55.81246494919586,55.81246494919586,Multi-Year Starter,Consistent career presence; reliable rotational player or specialist.,nan
202402313,Justin Content,2024,CB,0.8294,DB,51.60539,47.51549917640709,47.51549917640709,Single Season Contributor,Late bloomer or one-year starter; limited career longevity.,nan
202402316,La'Varis Stanford,2024,CB,0.8292,DB,53.21255,51.93662893562018,51.93662893562018,Multi-Year Starter,Consistent career presence; reliable rotational player or specialist.,nan
202402317,DeMarius Hines,2024,S,0.8292,DB,51.50178,47.082585358715015,47.082585358715015,Single Season Contributor,Late bloomer or one-year starter; limited career longevity.,nan
202402320,Trey Lenhardt,2024,S,0.8286,DB,52.410564,50.056600128879296,50.056600128879296,Multi-Year Starter,Consistent career presence; reliable rotational player or specialist.,nan
202402329,Kaleb Neal,2024,S,0.8278,DB,51.188652,45.372965838581464,45.372965838581464,Single Season Contributor,Late bloomer or one-year starter; limited career longevity.,nan
202402330,Jaylyn Monds,2024,CB,0.8278,DB,57.952503,61.72053930593509,61.72053930593509,Meaningful G5 Contributor,Standout starter at the Group of 5 level; high-end depth in Power 4.,Potential Day 3 Pick
202402336,Tyler McKinstry,2024,S,0.827,DB,53.458214,52.4536249296387,52.4536249296387,Multi-Year Starter,Consistent career presence; reliable rotational player or specialist.,nan
202402345,Chauncey Davis,2024,CB,0.8269,DB,54.448635,54.58871735581962,54.58871735581962,Multi-Year Starter,Consistent career presence; reliable rotational player or specialist.,nan
202402349,Jaylen Jones,2024,S,0.8267,DB,42.663696,21.31603674416735,21.31603674416735,Partial Season Contributor,Rotational backup or special teams contributor; limited starts.,nan
202402359,Jaquari Brown,2024,S,0.8263,DB,53.30652,52.12998625346245,52.12998625346245,Multi-Year Starter,Consistent career presence; reliable rotational player or specialist.,nan
202402362,Phillip Harris,2024,S,0.8258,DB,56.564163,58.85426386936269,58.85426386936269,Multi-Year Starter,Consistent career presence; reliable rotational player or specialist.,nan
202402370,Marc Woods,2024,S,0.8256,DB,56.364754,58.50410681468671,58.50410681468671,Multi-Year Starter,Consistent career presence; reliable rotational player or specialist.,nan
202402381,Jordan Davis,2024,CB,0.8256,DB,46.984768,31.77426462234312,31.77426462234312,Partial Season Contributor,Rotational backup or special teams contributor; limited starts.,nan
202402398,Wendell Smith,2024,CB,0.8244,DB,57.30883,60.50823945930377,60.50823945930377,Meaningful G5 Contributor,Standout starter at the Group of 5 level; high-end depth in Power 4.,Potential Day 3 Pick
202402407,David Moore,2024,CB,0.8237,DB,54.515465,54.729681759740714,54.729681759740714,Multi-Year Starter,Consistent career presence; reliable rotational player or specialist.,nan
202402409,Keyveon Johnson,2024,CB,0.8237,DB,55.219826,56.37452384631274,56.37452384631274,Multi-Year Starter,Consistent career presence; reliable rotational player or specialist.,nan
202402420,Landen Delich,2024,S,0.8236,DB,49.856224,40.58952939560939,40.58952939560939,Single Season Contributor,Late bloomer or one-year starter; limited career longevity.,nan
202402424,AJ Noland,2024,S,0.8233,DB,46.877014,31.46496460063625,31.46496460063625,Partial Season Contributor,Rotational backup or special teams contributor; limited starts.,nan
202402426,Jaden Williams,2024,S,0.8233,DB,55.388912,56.71258759971665,56.71258759971665,Multi-Year Starter,Consistent career presence; reliable rotational player or specialist.,nan
202402430,Tyshawn Sanders,2024,CB,0.823,DB,54.733986,55.30361352776219,55.30361352776219,Multi-Year Starter,Consistent career presence; reliable rotational player or specialist.,nan
202402432,D'kyah Banks,2024,S,0.823,DB,60.819782,66.81334019876488,66.81334019876488,Meaningful G5 Contributor,Standout starter at the Group of 5 level; high-end depth in Power 4.,Potential Day 3 Pick
202402437,Chase Regan,2024,S,0.8228,DB,52.043762,48.71462867090313,48.71462867090313,Single Season Contributor,Late bloomer or one-year starter; limited career longevity.,nan
202402438,Xavier McIntyre,2024,S,0.8228,DB,53.623592,52.79415355736618,52.79415355736618,Multi-Year Starter,Consistent career presence; reliable rotational player or specialist.,nan
202402440,Curtis Janvier,2024,S,0.8225,DB,54.5922,54.905561520013606,54.905561520013606,Multi-Year Starter,Consistent career presence; reliable rotational player or specialist.,nan
202402444,Kela Moore,2024,S,0.8222,DB,54.294548,54.2794750173696,54.2794750173696,Multi-Year Starter,Consistent career presence; reliable rotational player or specialist.,nan
202402447,Jaylen Allen,2024,CB,0.8219,DB,55.08073,56.13289314178775,56.13289314178775,Multi-Year Starter,Consistent career presence; reliable rotational player or specialist.,nan
202402450,Dontrae Henderson,2024,S,0.8219,DB,56.585514,58.91476237262112,58.91476237262112,Multi-Year Starter,Consistent career presence; reliable rotational player or specialist.,nan
202402452,Rondell Carter,2024,CB,0.8219,DB,56.724354,59.23506316957391,59.23506316957391,Multi-Year Starter,Consistent career presence; reliable rotational player or specialist.,nan
202402454,Semaj Jackson,2024,S,0.8217,DB,58.916077,63.478641953263796,63.478641953263796,Meaningful G5 Contributor,Standout starter at the Group of 5 level; high-end depth in Power 4.,Potential Day 3 Pick
202402477,Rodrick Hunter,2024,S,0.8204,DB,56.67016,59.14857521087171,59.14857521087171,Multi-Year Starter,Consistent career presence; reliable rotational player or specialist.,nan
202402478,Josh Stone,2024,S,0.8204,DB,55.495735,56.9926247969123,56.9926247969123,Multi-Year Starter,Consistent career presence; reliable rotational player or specialist.,nan
202402483,Raheim Sexil,2024,CB,0.8204,DB,57.591743,60.93362009280079,60.93362009280079,Meaningful G5 Contributor,Standout starter at the Group of 5 level; high-end depth in Power 4.,Potential Day 3 Pick
202402487,Ephraim Dotson,2024,CB,0.8204,DB,57.177204,60.2681278715285,60.2681278715285,Meaningful G5 Contributor,Standout starter at the Group of 5 level; high-end depth in Power 4.,Potential Day 3 Pick
202402497,Omari Gayles,2024,CB,0.82,DB,53.878586,53.414755231146344,53.414755231146344,Multi-Year Starter,Consistent career presence; reliable rotational player or specialist.,nan
202402498,Elijah Bradley,2024,CB,0.82,DB,55.803898,57.574705914956745,57.574705914956745,Multi-Year Starter,Consistent career presence; reliable rotational player or specialist.,nan
202402506,Jaden Eddy,2024,S,0.82,DB,52.996525,51.52567212327841,51.52567212327841,Multi-Year Starter,Consistent career presence; reliable rotational player or specialist.,nan
202402511,Nokoi Maddox,2024,S,0.82,DB,57.900986,61.620343994153686,61.620343994153686,Meaningful G5 Contributor,Standout starter at the Group of 5 level; high-end depth in Power 4.,Potential Day 3 Pick
202402516,Keyvon Thomas,2024,CB,0.82,DB,47.375683,32.884707896604915,32.884707896604915,Partial Season Contributor,Rotational backup or special teams contributor; limited starts.,nan
202402532,Bryson Ross,2024,CB,0.82,DB,57.062477,59.94370691996897,59.94370691996897,Multi-Year Starter,Consistent career presence; reliable rotational player or specialist.,nan
202402546,Jake Gillespie,2024,S,0.82,DB,54.309753,54.31254505270505,54.31254505270505,Multi-Year Starter,Consistent career presence; reliable rotational player or specialist.,nan
202402551,Anthony Irons,2024,S,0.82,DB,54.829033,55.579785497656054,55.579785497656054,Multi-Year Starter,Consistent career presence; reliable rotational player or specialist.,nan
202402568,Javion Randall,2024,CB,0.8196,DB,55.078808,56.12955326643244,56.12955326643244,Multi-Year Starter,Consistent career presence; reliable rotational player or specialist.,nan
202402570,Shamir Sterlin,2024,S,0.8196,DB,56.533005,58.80107125936192,58.80107125936192,Multi-Year Starter,Consistent career presence; reliable rotational player or specialist.,nan
202402582,Damyrion Darby,2024,CB,0.8189,DB,55.813515,57.591836266271024,57.591836266271024,Multi-Year Starter,Consistent career presence; reliable rotational player or specialist.,nan
202402583,Joe Lott,2024,S,0.8189,DB,58.113983,62.019072440163626,62.019072440163626,Meaningful G5 Contributor,Standout starter at the Group of 5 level; high-end depth in Power 4.,Potential Day 3 Pick
202402584,Phillip Gladney,2024,CB,0.8189,DB,55.55835,57.118694796315026,57.118694796315026,Multi-Year Starter,Consistent career presence; reliable rotational player or specialist.,nan
202402591,Jackson Barton,2024,CB,0.817,DB,40.572437,17.06479457658787,17.06479457658787,Minimal D1 Impact,Roster filler; medical DQ; or transferred to lower levels.,nan
202402594,John Keough,2024,S,0.817,DB,51.737507,47.88660004828143,47.88660004828143,Single Season Contributor,Late bloomer or one-year starter; limited career longevity.,nan
202402596,Caden Vanderbush,2024,S,0.817,DB,41.944084,19.853164191488673,19.853164191488673,Minimal D1 Impact,Roster filler; medical DQ; or transferred to lower levels.,nan
202402597,Tyrell Marshall,2024,CB,0.817,DB,51.74092,47.896828806114144,47.896828806114144,Single Season Contributor,Late bloomer or one-year starter; limited career longevity.,nan
202402598,Jordan Suggs,2024,CB,0.817,DB,49.80198,40.415907585530306,40.415907585530306,Single Season Contributor,Late bloomer or one-year starter; limited career longevity.,nan
202402602,Kai Fernandes,2024,S,0.817,DB,52.718716,50.95972687434416,50.95972687434416,Multi-Year Starter,Consistent career presence; reliable rotational player or specialist.,nan
202402621,Kal-El Pascal,2024,S,0.8156,DB,50.82796,43.86793578283843,43.86793578283843,Single Season Contributor,Late bloomer or one-year starter; limited career longevity.,nan
202402635,Jakobe Campbell,2024,CB,0.8156,DB,50.765537,43.69326878314437,43.69326878314437,Single Season Contributor,Late bloomer or one-year starter; limited career longevity.,nan
202402647,Renzo Jennings,2024,CB,0.815,DB,53.773952,53.1662829746852,53.1662829746852,Multi-Year Starter,Consistent career presence; reliable rotational player or specialist.,nan
202402649,Nick Pace,2024,S,0.8144,DB,51.861214,48.25722394521669,48.25722394521669,Single Season Contributor,Late bloomer or one-year starter; limited career longevity.,nan
202402670,Jon Morris,2024,S,0.8137,DB,52.531033,50.43409562109619,50.43409562109619,Multi-Year Starter,Consistent career presence; reliable rotational player or specialist.,nan
202402674,Ray Hester,2024,S,0.8122,DB,54.161972,53.99113683170772,53.99113683170772,Multi-Year Starter,Consistent career presence; reliable rotational player or specialist.,nan
202402693,Sadonnie Gay,2024,S,0.8104,DB,50.35528,42.44026239748754,42.44026239748754,Single Season Contributor,Late bloomer or one-year starter; limited career longevity.,nan
202402699,Jaion Jackson,2024,CB,0.8104,DB,51.254158,45.72249756881562,45.72249756881562,Single Season Contributor,Late bloomer or one-year starter; limited career longevity.,nan
202402700,Braden Steely,2024,S,0.8104,DB,48.85272,36.82810568066712,36.82810568066712,Partial Season Contributor,Rotational backup or special teams contributor; limited starts.,nan
202402736,Brilan Reynolds,2024,S,0.81,DB,51.944256,48.47582853420323,48.47582853420323,Single Season Contributor,Late bloomer or one-year starter; limited career longevity.,nan
202402738,Gio Kafentzis,2024,S,0.81,DB,51.860065,48.25378388252658,48.25378388252658,Single Season Contributor,Late bloomer or one-year starter; limited career longevity.,nan
202402743,Brandon Ervin,2024,CB,0.81,DB,56.531944,58.7994685761035,58.7994685761035,Multi-Year Starter,Consistent career presence; reliable rotational player or specialist.,nan
202402744,Tyler Brown,2024,S,0.81,DB,47.699535,33.71290292194172,33.71290292194172,Partial Season Contributor,Rotational backup or special teams contributor; limited starts.,nan
202402756,Jacob Asbeck,2024,S,0.81,DB,52.941643,51.431921498714736,51.431921498714736,Multi-Year Starter,Consistent career presence; reliable rotational player or specialist.,nan
202402762,Billy Eastep,2024,S,0.81,DB,25.664118,7.0021,7.0021,Minimal D1 Impact,Roster filler; medical DQ; or transferred to lower levels.,nan
202402768,Bukari Miles Jr.,2024,CB,0.81,DB,52.550934,50.49255686003796,50.49255686003796,Multi-Year Starter,Consistent career presence; reliable rotational player or specialist.,nan
202402773,Isaiah Menefee,2024,S,0.81,DB,48.8421,36.78836853004569,36.78836853004569,Partial Season Contributor,Rotational backup or special teams contributor; limited starts.,nan
202402785,Eric McClain,2024,CB,0.8094,DB,50.871006,43.99975970676508,43.99975970676508,Single Season Contributor,Late bloomer or one-year starter; limited career longevity.,nan
202402786,Jackson Lowe,2024,S,0.8094,DB,47.23581,32.4948623894868,32.4948623894868,Partial Season Contributor,Rotational backup or special teams contributor; limited starts.,nan
202402796,Matthias Leach,2024,S,0.8083,DB,50.563007,43.09399791930334,43.09399791930334,Single Season Contributor,Late bloomer or one-year starter; limited career longevity.,nan
202402797,Jerome Carter III,2024,S,0.8083,DB,50.250664,42.12442308518506,42.12442308518506,Single Season Contributor,Late bloomer or one-year starter; limited career longevity.,nan
202402808,DJ Morton,2024,S,0.8056,DB,47.416836,32.98994922638881,32.98994922638881,Partial Season Contributor,Rotational backup or special teams contributor; limited starts.,nan
202402809,Alex Nash-Lally,2024,CB,0.8056,DB,48.94021,37.15546615103438,37.15546615103438,Partial Season Contributor,Rotational backup or special teams contributor; limited starts.,nan
202402810,Franck Elokan,2024,CB,0.8056,DB,52.509308,50.37027795658146,50.37027795658146,Multi-Year Starter,Consistent career presence; reliable rotational player or specialist.,nan
202402820,Graham Eben,2024,S,0.805,DB,66.78191,79.41532737288088,79.41532737288088,Meaningful P4 Contributor,Reliable multi-year starter at the highest level of competition.,Potential Day 2 Pick
202402830,Kam Herring,2024,CB,0.8033,DB,46.404606,30.16513502093242,30.16513502093242,Partial Season Contributor,Rotational backup or special teams contributor; limited starts.,nan
202402838,Anthony Carter,2024,CB,0.803,DB,48.3555,35.205298862562486,35.205298862562486,Partial Season Contributor,Rotational backup or special teams contributor; limited starts.,nan
202402846,Micah Lillard,2024,S,0.8006,DB,48.44901,35.393759777484874,35.393759777484874,Partial Season Contributor,Rotational backup or special teams contributor; limited starts.,nan
202402847,Dev'ion Reynolds,2024,CB,0.8006,DB,48.126335,34.74343776832484,34.74343776832484,Partial Season Contributor,Rotational backup or special teams contributor; limited starts.,nan
202402851,Timmy Mitchell,2024,CB,0.8,DB,52.87962,51.32597228033837,51.32597228033837,Multi-Year Starter,Consistent career presence; reliable rotational player or specialist.,nan
202402857,Ruben Gamboa,2024,S,0.8,DB,49.70817,40.02591472135457,40.02591472135457,Single Season Contributor,Late bloomer or one-year starter; limited career longevity.,nan
202402874,Jayden Robertson,2024,CB,0.8,DB,50.15559,41.69506482142798,41.69506482142798,Single Season Contributor,Late bloomer or one-year starter; limited career longevity.,nan
202402876,Kenneth Latu,2024,CB,0.8,DB,56.05071,57.99909712904536,57.99909712904536,Multi-Year Starter,Consistent career presence; reliable rotational player or specialist.,nan
202402889,Diontaye Moorman,2024,S,0.8,DB,49.73387,40.14339174013274,40.14339174013274,Single Season Contributor,Late bloomer or one-year starter; limited career longevity.,nan
202402891,Diezel Wilkinson,2024,S,0.8,DB,50.462917,42.765211241094704,42.765211241094704,Single Season Contributor,Late bloomer or one-year starter; limited career longevity.,nan
202402896,DaShaun Caffee,2024,CB,0.8,DB,55.16103,56.27238595176639,56.27238595176639,Multi-Year Starter,Consistent career presence; reliable rotational player or specialist.,nan
202402897,Kenyar Hurt,2024,S,0.8,DB,50.50548,42.90020674428185,42.90020674428185,Single Season Contributor,Late bloomer or one-year starter; limited career longevity.,nan
202402898,Lekih Freeman,2024,S,0.8,DB,56.801815,59.35868001263768,59.35868001263768,Multi-Year Starter,Consistent career presence; reliable rotational player or specialist.,nan
202402901,Dawson Johnson,2024,S,0.8,DB,52.64814,50.778105890268755,50.778105890268755,Multi-Year Starter,Consistent career presence; reliable rotational player or specialist.,nan
202402902,Isiah Bivins,2024,CB,0.8,DB,49.64088,39.718315699349674,39.718315699349674,Partial Season Contributor,Rotational backup or special teams contributor; limited starts.,nan
202402907,Jordan Jones,2024,S,0.8,DB,48.62171,35.954783967527774,35.954783967527774,Partial Season Contributor,Rotational backup or special teams contributor; limited starts.,nan
202402920,Drew Minich,2024,S,0.8,DB,50.886772,44.048256294254145,44.048256294254145,Single Season Contributor,Late bloomer or one-year starter; limited career longevity.,nan
202402922,Jackson Mathews,2024,CB,0.8,DB,46.82232,31.314057975051348,31.314057975051348,Partial Season Contributor,Rotational backup or special teams contributor; limited starts.,nan
202402930,Will Steil,2024,S,0.8,DB,50.535564,43.0015487340842,43.0015487340842,Single Season Contributor,Late bloomer or one-year starter; limited career longevity.,nan
202402938,Dillon Rickenbacker,2024,S,0.8,DB,47.6095,33.482655807966985,33.482655807966985,Partial Season Contributor,Rotational backup or special teams contributor; limited starts.,nan
202402940,Laejohn Johnson,2024,CB,0.8,DB,49.75339,40.23261986913495,40.23261986913495,Single Season Contributor,Late bloomer or one-year starter; limited career longevity.,nan
202402960,Will Mitchell,2024,S,0.7983,DB,50.90593,44.10718440031997,44.10718440031997,Single Season Contributor,Late bloomer or one-year starter; limited career longevity.,nan
202402963,Jed Olotu-Judah,2024,S,0.7983,DB,49.671932,39.860257651680726,39.860257651680726,Partial Season Contributor,Rotational backup or special teams contributor; limited starts.,nan
202402964,Tyrese Boss,2024,CB,0.7983,DB,50.425793,42.65313291156589,42.65313291156589,Single Season Contributor,Late bloomer or one-year starter; limited career longevity.,nan
202402976,Kamani Jackson,2024,CB,0.7937,DB,52.114285,48.9011830285588,48.9011830285588,Single Season Contributor,Late bloomer or one-year starter; limited career longevity.,nan
202403000,DaMari Washington,2024,CB,0.79,DB,48.83507,36.762076923923324,36.762076923923324,Partial Season Contributor,Rotational backup or special teams contributor; limited starts.,nan
202403004,Marcus White,2024,S,0.79,DB,46.043324,29.16960979294599,29.16960979294599,Partial Season Contributor,Rotational backup or special teams contributor; limited starts.,nan
202403019,Thomas Telesco,2024,S,0.79,DB,48.392685,35.28024346333201,35.28024346333201,Partial Season Contributor,Rotational backup or special teams contributor; limited starts.,nan
202403033,Thomas D'Onofrio,2024,S,0.79,DB,49.06427,37.60880233043413,37.60880233043413,Partial Season Contributor,Rotational backup or special teams contributor; limited starts.,nan
202403037,Derald Mitchell,2024,S,0.79,DB,47.935658,34.292237463620026,34.292237463620026,Partial Season Contributor,Rotational backup or special teams contributor; limited starts.,nan
202403044,Trey Thomas,2024,CB,0.79,DB,51.678062,47.71908650571863,47.71908650571863,Single Season Contributor,Late bloomer or one-year starter; limited career longevity.,nan
202403052,Kandakai Sherman,2024,S,0.79,DB,49.674297,39.87106895517523,39.87106895517523,Partial Season Contributor,Rotational backup or special teams contributor; limited starts.,nan
202403053,Andrew Wiggins,2024,S,0.79,DB,47.646503,33.57728325502888,33.57728325502888,Partial Season Contributor,Rotational backup or special teams contributor; limited starts.,nan
202403063,Ty Bowers,2024,CB,0.79,DB,49.17306,37.97279280169021,37.97279280169021,Partial Season Contributor,Rotational backup or special teams contributor; limited starts.,nan
202403068,Brodyn Bishop,2024,S,0.7894,DB,49.845795,40.556148099634974,40.556148099634974,Single Season Contributor,Late bloomer or one-year starter; limited career longevity.,nan
202403075,Chris Boykins,2024,S,0.7883,DB,52.690136,50.892302171168815,50.892302171168815,Multi-Year Starter,Consistent career presence; reliable rotational player or specialist.,nan
202403076,Willizhuan Yates,2024,CB,0.7844,DB,50.900967,44.09191847718344,44.09191847718344,Single Season Contributor,Late bloomer or one-year starter; limited career longevity.,nan
202403083,Jaylan Moore,2024,CB,0.78,DB,47.166553,32.2960681141978,32.2960681141978,Partial Season Contributor,Rotational backup or special teams contributor; limited starts.,nan
202403084,Jace Burton,2024,CB,0.78,DB,37.7951,11.418851910329348,11.418851910329348,Minimal D1 Impact,Roster filler; medical DQ; or transferred to lower levels.,nan
202403100,Will Rosenmeyer,2024,CB,0.78,DB,54.551796,54.81295272995542,54.81295272995542,Multi-Year Starter,Consistent career presence; reliable rotational player or specialist.,nan
202403105,Zach Jones,2024,S,0.78,DB,50.61512,43.269553704579764,43.269553704579764,Single Season Contributor,Late bloomer or one-year starter; limited career longevity.,nan
202403106,Andre Miller,2024,CB,0.78,DB,46.696556,30.96814613907366,30.96814613907366,Partial Season Contributor,Rotational backup or special teams contributor; limited starts.,nan
202403108,Jermaine Agee,2024,S,0.78,DB,52.79699,51.14438884504023,51.14438884504023,Multi-Year Starter,Consistent career presence; reliable rotational player or specialist.,nan
202403109,Isaiah Jennings,2024,S,0.78,DB,52.914867,51.38618328825999,51.38618328825999,Multi-Year Starter,Consistent career presence; reliable rotational player or specialist.,nan
202403127,Christian Harris,2024,CB,0.78,DB,54.43602,54.56372084449612,54.56372084449612,Multi-Year Starter,Consistent career presence; reliable rotational player or specialist.,nan
202403145,Thomas Donofrio,2024,S,0.78,DB,52.51278,50.38047533581033,50.38047533581033,Multi-Year Starter,Consistent career presence; reliable rotational player or specialist.,nan
202403169,Zayne McCulley,2024,S,0.78,DB,51.38926,46.47586037463032,46.47586037463032,Single Season Contributor,Late bloomer or one-year starter; limited career longevity.,nan
202403171,Cordell Killingsworth,2024,CB,0.78,DB,52.117676,48.91517067521988,48.91517067521988,Single Season Contributor,Late bloomer or one-year starter; limited career longevity.,nan
202403190,Obe Eyafe,2024,S,0.78,DB,51.567642,47.40975687293023,47.40975687293023,Single Season Contributor,Late bloomer or one-year starter; limited career longevity.,nan
202403191,Elijah Parker,2024,S,0.78,DB,55.276478,56.484263271801346,56.484263271801346,Multi-Year Starter,Consistent career presence; reliable rotational player or specialist.,nan
202403194,Dillon Conway,2024,CB,0.78,DB,52.030872,48.68369496716884,48.68369496716884,Single Season Contributor,Late bloomer or one-year starter; limited career longevity.,nan
202403227,Tywon Christopher,2024,S,0.78,DB,47.07742,32.04021424273525,32.04021424273525,Partial Season Contributor,Rotational backup or special teams contributor; limited starts.,nan
202403236,Eli Limouris,2024,S,0.78,DB,50.288685,42.239207786214,42.239207786214,Single Season Contributor,Late bloomer or one-year starter; limited career longevity.,nan
202403237,Russell Peterson,2024,S,0.78,DB,45.00328,26.47715167552234,26.47715167552234,Partial Season Contributor,Rotational backup or special teams contributor; limited starts.,nan
202403238,JT Poynton,2024,S,0.78,DB,50.767326,43.698274822184736,43.698274822184736,Single Season Contributor,Late bloomer or one-year starter; limited career longevity.,nan
202403249,Joaquin Sandoval,2024,CB,0.7783,DB,53.928493,53.533105687939,53.533105687939,Multi-Year Starter,Consistent career presence; reliable rotational player or specialist.,nan
202403258,Ugochukwu Odoemelam,2024,S,0.77,DB,46.274677,29.80736738905454,29.80736738905454,Partial Season Contributor,Rotational backup or special teams contributor; limited starts.,nan
202403259,Keaten Fried,2024,S,0.77,DB,41.180996,18.301910692451933,18.301910692451933,Minimal D1 Impact,Roster filler; medical DQ; or transferred to lower levels.,nan
202403262,Ayden Martinez,2024,CB,0.77,DB,53.892384,53.447475066216214,53.447475066216214,Multi-Year Starter,Consistent career presence; reliable rotational player or specialist.,nan
202403270,Kayden Greene,2024,S,0.77,DB,54.04527,53.76355499432027,53.76355499432027,Multi-Year Starter,Consistent career presence; reliable rotational player or specialist.,nan
202403292,Alex Hall,2024,S,0.77,DB,52.43539,50.13610771408395,50.13610771408395,Multi-Year Starter,Consistent career presence; reliable rotational player or specialist.,nan
202403293,Baron Taylor,2024,S,0.77,DB,52.43539,50.13610771408395,50.13610771408395,Multi-Year Starter,Consistent career presence; reliable rotational player or specialist.,nan
202403305,Martell Buchanan,2024,S,0.77,DB,54.144432,53.95298930976281,53.95298930976281,Multi-Year Starter,Consistent career presence; reliable rotational player or specialist.,nan
202403315,Grant Patterson,2024,S,0.77,DB,53.21708,51.94576486560413,51.94576486560413,Multi-Year Starter,Consistent career presence; reliable rotational player or specialist.,nan
202403316,Antone Araujo,2024,S,0.77,DB,52.42697,50.10914501578237,50.10914501578237,Multi-Year Starter,Consistent career presence; reliable rotational player or specialist.,nan
202403318,Kai Brown,2024,CB,0.77,DB,54.283325,54.255066576838516,54.255066576838516,Multi-Year Starter,Consistent career presence; reliable rotational player or specialist.,nan
202403321,Johnathan Guerrero,2024,CB,0.77,DB,52.292038,49.62819207722829,49.62819207722829,Single Season Contributor,Late bloomer or one-year starter; limited career longevity.,nan
202403331,Seth Newbern,2024,S,0.77,DB,51.67189,47.70179584912181,47.70179584912181,Single Season Contributor,Late bloomer or one-year starter; limited career longevity.,nan
202403332,Isaac Davis,2024,S,0.77,DB,51.572105,47.42226000532719,47.42226000532719,Single Season Contributor,Late bloomer or one-year starter; limited career longevity.,nan
202403342,Kevin Arnal,2024,S,0.77,DB,52.819717,51.19800822324615,51.19800822324615,Multi-Year Starter,Consistent career presence; reliable rotational player or specialist.,nan
202403352,Caden McDonald,2024,S,0.77,DB,46.66544,30.882560029935405,30.882560029935405,Partial Season Contributor,Rotational backup or special teams contributor; limited starts.,nan
202403364,Cedrick Major,2024,S,0.77,DB,51.09678,44.844071526803276,44.844071526803276,Single Season Contributor,Late bloomer or one-year starter; limited career longevity.,nan
202403365,Joshua Watkins,2024,CB,0.77,DB,54.075172,53.8198177476162,53.8198177476162,Multi-Year Starter,Consistent career presence; reliable rotational player or specialist.,nan
202403369,Jamire Davis,2024,CB,0.77,DB,54.386353,54.4653070019101,54.4653070019101,Multi-Year Starter,Consistent career presence; reliable rotational player or specialist.,nan
202403370,William Washington,2024,CB,0.77,DB,52.977448,51.49308389269226,51.49308389269226,Multi-Year Starter,Consistent career presence; reliable rotational player or specialist.,nan
202403388,Steven Lee,2024,S,0.77,DB,53.55474,52.639892686104,52.639892686104,Multi-Year Starter,Consistent career presence; reliable rotational player or specialist.,nan
202403389,Cooper Miller,2024,S,0.77,DB,54.74108,55.32582337981092,55.32582337981092,Multi-Year Starter,Consistent career presence; reliable rotational player or specialist.,nan
202403395,Toju Maku,2024,S,0.77,DB,52.43539,50.13610771408395,50.13610771408395,Multi-Year Starter,Consistent career presence; reliable rotational player or specialist.,nan
202403397,Grady Woodward,2024,S,0.77,DB,48.743977,36.418154456490726,36.418154456490726,Partial Season Contributor,Rotational backup or special teams contributor; limited starts.,nan
202403409,Drew Robinson,2024,S,0.77,DB,53.87745,53.412059485818496,53.412059485818496,Multi-Year Starter,Consistent career presence; reliable rotational player or specialist.,nan
202403412,Ramari Taylor,2024,CB,0.7683,DB,49.581974,39.44904449199142,39.44904449199142,Partial Season Contributor,Rotational backup or special teams contributor; limited starts.,nan
202403418,Porter Buck Logan,2024,S,0.76,DB,53.232323,51.976520700663855,51.976520700663855,Multi-Year Starter,Consistent career presence; reliable rotational player or specialist.,nan
202403438,Jaren Bush,2024,CB,0.76,DB,41.641163,19.237366826449815,19.237366826449815,Minimal D1 Impact,Roster filler; medical DQ; or transferred to lower levels.,nan
202403443,Anthony Billberry,2024,CB,0.76,DB,50.357162,42.445940019400574,42.445940019400574,Single Season Contributor,Late bloomer or one-year starter; limited career longevity.,nan
202403448,Malik Kamara,2024,S,0.76,DB,49.96178,40.927383763169054,40.927383763169054,Single Season Contributor,Late bloomer or one-year starter; limited career longevity.,nan
202403449,Marius Aalona,2024,S,0.76,DB,49.426468,38.84847614883054,38.84847614883054,Partial Season Contributor,Rotational backup or special teams contributor; limited starts.,nan
202403453,Mack Mrowka,2024,S,0.76,DB,50.799686,43.78882115305767,43.78882115305767,Single Season Contributor,Late bloomer or one-year starter; limited career longevity.,nan
202403465,Jayden Madison,2024,S,0.76,DB,51.908157,48.3891976853019,48.3891976853019,Single Season Contributor,Late bloomer or one-year starter; limited career longevity.,nan
202403478,Chris Flowers,2024,CB,0.76,DB,52.845932,51.25985319925002,51.25985319925002,Multi-Year Starter,Consistent career presence; reliable rotational player or specialist.,nan
202403487,Niguse Shelp,2024,CB,0.76,DB,54.22978,54.138607950144156,54.138607950144156,Multi-Year Starter,Consistent career presence; reliable rotational player or specialist.,nan
202403501,Carson Navarro,2024,S,0.75,DB,48.956856,37.21775527650562,37.21775527650562,Partial Season Contributor,Rotational backup or special teams contributor; limited starts.,nan
202403505,Victor Byaundaombe,2024,CB,0.75,DB,43.266724,22.541908464820462,22.541908464820462,Partial Season Contributor,Rotational backup or special teams contributor; limited starts.,nan
202403507,A.J. Henderson,2024,S,0.75,DB,49.902306,40.73702246633762,40.73702246633762,Single Season Contributor,Late bloomer or one-year starter; limited career longevity.,nan
202403510,Jack Davis,2024,S,0.75,DB,51.003067,44.40597876369318,44.40597876369318,Single Season Contributor,Late bloomer or one-year starter; limited career longevity.,nan
202403512,Keith Stout,2024,CB,0.75,DB,51.068134,44.665691522473544,44.665691522473544,Single Season Contributor,Late bloomer or one-year starter; limited career longevity.,nan
202403566,Ojani Gray,2024,CB,0.74,DB,46.266247,29.78412764021864,29.78412764021864,Partial Season Contributor,Rotational backup or special teams contributor; limited starts.,nan
202403572,Kajon Babcock,2024,CB,0.74,DB,51.345432,46.21856272037668,46.21856272037668,Single Season Contributor,Late bloomer or one-year starter; limited career longevity.,nan
202403598,Elisee Kanda,2024,CB,0.74,DB,48.267666,35.02827799338744,35.02827799338744,Partial Season Contributor,Rotational backup or special teams contributor; limited starts.,nan
202403600,Harrison Brun,2024,CB,0.74,DB,48.480618,35.457464225779525,35.457464225779525,Partial Season Contributor,Rotational backup or special teams contributor; limited starts.,nan
202403614,Emil Burton,2024,CB,0.74,DB,54.954784,55.89204127554843,55.89204127554843,Multi-Year Starter,Consistent career presence; reliable rotational player or specialist.,nan
202403615,Joseph Stephens,2024,CB,0.74,DB,51.706367,47.79837987527885,47.79837987527885,Single Season Contributor,Late bloomer or one-year starter; limited career longevity.,nan
202403670,Charlie Ayres,2024,S,0.72,DB,51.95242,48.49541957474522,48.49541957474522,Single Season Contributor,Late bloomer or one-year starter; limited career longevity.,nan
202403687,Tanner Moriarty,2024,S,0.71,DB,47.300507,32.68057161057748,32.68057161057748,Partial Season Contributor,Rotational backup or special teams contributor; limited starts.,nan
202500008,Devin Sanchez,2025,CB,0.9965,DB,70.37987,85.50965229000825,85.50965229000825,Elite Power 4,All-Conference/All-American honors.,First round NFL Draft talent
202500010,Jonah Williams,2025,S,0.9962,DB,67.1959,80.14835748830775,80.14835748830775,Elite Power 4,All-Conference/All-American honors.,First round NFL Draft talent
202500011,DJ Pickett,2025,CB,0.9943,DB,72.297646,88.76869890561802,88.76869890561802,Elite Power 4,All-Conference/All-American honors.,First round NFL Draft talent
202500013,Na'eem Offord,2025,CB,0.9936,DB,65.37896,76.8084332992969,76.8084332992969,Meaningful P4 Contributor,Reliable multi-year starter at the highest level of competition.,Potential Day 2 Pick
202500014,Dijon Lee Jr.,2025,CB,0.9926,DB,68.29126,81.97546660006897,81.97546660006897,Elite Power 4,All-Conference/All-American honors.,First round NFL Draft talent
202500027,Kade Phillips,2025,CB,0.9864,DB,65.63608,77.21797786683535,77.21797786683535,Meaningful P4 Contributor,Reliable multi-year starter at the highest level of competition.,Potential Day 2 Pick
202500031,Trey McNutt,2025,S,0.9843,DB,65.39972,76.8414996999459,76.8414996999459,Meaningful P4 Contributor,Reliable multi-year starter at the highest level of competition.,Potential Day 2 Pick
202500040,Brandon Finney Jr.,2025,CB,0.9799,DB,60.330574,65.9609087161064,65.9609087161064,Meaningful G5 Contributor,Standout starter at the Group of 5 level; high-end depth in Power 4.,Potential Day 3 Pick
202500049,Tae Harris,2025,S,0.977,DB,66.674446,79.20618951911594,79.20618951911594,Meaningful P4 Contributor,Reliable multi-year starter at the highest level of competition.,Potential Day 2 Pick
202500051,Chuck McDonald III,2025,CB,0.9745,DB,63.902946,73.57185880051404,73.57185880051404,Meaningful P4 Contributor,Reliable multi-year starter at the highest level of competition.,Potential Day 2 Pick
202500054,Drake Stubbs,2025,S,0.9723,DB,61.25571,67.44961446254787,67.44961446254787,Meaningful G5 Contributor,Standout starter at the Group of 5 level; high-end depth in Power 4.,Potential Day 3 Pick
202500055,Faheem Delane,2025,S,0.9716,DB,58.935844,63.514070407280315,63.514070407280315,Meaningful G5 Contributor,Standout starter at the Group of 5 level; high-end depth in Power 4.,Potential Day 3 Pick
202500059,Ben Hanks III,2025,CB,0.9695,DB,63.916557,73.62507207204072,73.62507207204072,Meaningful P4 Contributor,Reliable multi-year starter at the highest level of competition.,Potential Day 2 Pick
202500062,Ivan Taylor,2025,S,0.9681,DB,63.286617,71.37963504197928,71.37963504197928,Meaningful P4 Contributor,Reliable multi-year starter at the highest level of competition.,Potential Day 2 Pick
202500063,AnQuon Fegans,2025,S,0.9674,DB,60.518066,66.31860970517079,66.31860970517079,Meaningful G5 Contributor,Standout starter at the Group of 5 level; high-end depth in Power 4.,Potential Day 3 Pick
202500064,Dorian Brew,2025,CB,0.9674,DB,60.007156,65.28541487343227,65.28541487343227,Meaningful G5 Contributor,Standout starter at the Group of 5 level; high-end depth in Power 4.,Potential Day 3 Pick
202500065,Graceson Littleton,2025,CB,0.9672,DB,62.457146,69.05986601906154,69.05986601906154,Meaningful G5 Contributor,Standout starter at the Group of 5 level; high-end depth in Power 4.,Potential Day 3 Pick
202500078,Adonyss Currie,2025,CB,0.9601,DB,63.734634,72.91382181444341,72.91382181444341,Meaningful P4 Contributor,Reliable multi-year starter at the highest level of competition.,Potential Day 2 Pick
202500079,Lagonza Hayward,2025,S,0.9599,DB,58.80917,63.33010922676563,63.33010922676563,Meaningful G5 Contributor,Standout starter at the Group of 5 level; high-end depth in Power 4.,Potential Day 3 Pick
202500082,J'Vari Flowers,2025,CB,0.9568,DB,66.801,79.45247510184012,79.45247510184012,Meaningful P4 Contributor,Reliable multi-year starter at the highest level of competition.,Potential Day 2 Pick
202500083,Eric Winters,2025,S,0.9566,DB,58.271244,62.29145583917007,62.29145583917007,Meaningful G5 Contributor,Standout starter at the Group of 5 level; high-end depth in Power 4.,Potential Day 3 Pick
202500088,Shamari Earls,2025,CB,0.9544,DB,60.182137,65.60595171945252,65.60595171945252,Meaningful G5 Contributor,Standout starter at the Group of 5 level; high-end depth in Power 4.,Potential Day 3 Pick
202500096,Kainoa Winston,2025,S,0.9508,DB,65.56274,77.1011578339655,77.1011578339655,Meaningful P4 Contributor,Reliable multi-year starter at the highest level of competition.,Potential Day 2 Pick
202500105,RJ Sermons,2025,CB,0.9483,DB,62.14189,68.56371567495474,68.56371567495474,Meaningful G5 Contributor,Standout starter at the Group of 5 level; high-end depth in Power 4.,Potential Day 3 Pick
202500107,Jamar Beal-Goines,2025,CB,0.9475,DB,62.071903,68.48042746940118,68.48042746940118,Meaningful G5 Contributor,Standout starter at the Group of 5 level; high-end depth in Power 4.,Potential Day 3 Pick
202500112,Daryus Dixson,2025,CB,0.9466,DB,62.342327,68.85034478423447,68.85034478423447,Meaningful G5 Contributor,Standout starter at the Group of 5 level; high-end depth in Power 4.,Potential Day 3 Pick
202500116,Blake Woodby,2025,CB,0.9452,DB,66.107635,78.103145463333,78.103145463333,Meaningful P4 Contributor,Reliable multi-year starter at the highest level of competition.,Potential Day 2 Pick
202500131,Elijah Dotson,2025,S,0.9417,DB,63.834045,73.30248152744375,73.30248152744375,Meaningful P4 Contributor,Reliable multi-year starter at the highest level of competition.,Potential Day 2 Pick
202500138,Bryce Fitzgerald,2025,S,0.9391,DB,62.41251,68.9507083407982,68.9507083407982,Meaningful G5 Contributor,Standout starter at the Group of 5 level; high-end depth in Power 4.,Potential Day 3 Pick
202500141,Trystan Haynes,2025,CB,0.938,DB,63.642635,72.55414006853286,72.55414006853286,Meaningful P4 Contributor,Reliable multi-year starter at the highest level of competition.,Potential Day 2 Pick
202500155,JaDon Blair,2025,S,0.9349,DB,64.24292,74.68654191706187,74.68654191706187,Meaningful P4 Contributor,Reliable multi-year starter at the highest level of competition.,Potential Day 2 Pick
202500171,Maison Dunn,2025,CB,0.9303,DB,62.449482,69.04109832923504,69.04109832923504,Meaningful G5 Contributor,Standout starter at the Group of 5 level; high-end depth in Power 4.,Potential Day 3 Pick
202500177,Rylon Dillard-Allen,2025,S,0.9296,DB,63.583035,72.34173277905909,72.34173277905909,Meaningful P4 Contributor,Reliable multi-year starter at the highest level of competition.,Potential Day 2 Pick
202500181,Mark Zackery IV,2025,CB,0.9285,DB,64.9799,76.17279524257256,76.17279524257256,Meaningful P4 Contributor,Reliable multi-year starter at the highest level of competition.,Potential Day 2 Pick
202500184,Ja'Boree Antoine,2025,CB,0.9277,DB,62.663494,69.5539816425579,69.5539816425579,Meaningful G5 Contributor,Standout starter at the Group of 5 level; high-end depth in Power 4.,Potential Day 3 Pick
202500199,Donovan Starr,2025,CB,0.9252,DB,61.972496,68.36237828464644,68.36237828464644,Meaningful G5 Contributor,Standout starter at the Group of 5 level; high-end depth in Power 4.,Potential Day 3 Pick
202500210,Aidan Anding,2025,CB,0.9216,DB,62.655075,69.53542452197071,69.53542452197071,Meaningful G5 Contributor,Standout starter at the Group of 5 level; high-end depth in Power 4.,Potential Day 3 Pick
202500222,Rashad Johnson Jr.,2025,S,0.9191,DB,58.14456,62.073913544924096,62.073913544924096,Meaningful G5 Contributor,Standout starter at the Group of 5 level; high-end depth in Power 4.,Potential Day 3 Pick
202500229,Jayden Sanders,2025,CB,0.9176,DB,61.61273,67.95386068972698,67.95386068972698,Meaningful G5 Contributor,Standout starter at the Group of 5 level; high-end depth in Power 4.,Potential Day 3 Pick
202500230,Jontae Gilbert,2025,S,0.9175,DB,59.709908,64.79471326020258,64.79471326020258,Meaningful G5 Contributor,Standout starter at the Group of 5 level; high-end depth in Power 4.,Potential Day 3 Pick
202500237,Trestin Castro,2025,CB,0.9166,DB,59.460037,64.41657392827737,64.41657392827737,Meaningful G5 Contributor,Standout starter at the Group of 5 level; high-end depth in Power 4.,Potential Day 3 Pick
202500241,Zelus Hicks,2025,S,0.9156,DB,62.477924,69.11075084060707,69.11075084060707,Meaningful G5 Contributor,Standout starter at the Group of 5 level; high-end depth in Power 4.,Potential Day 3 Pick
202500242,Chris Ewald Jr.,2025,CB,0.9153,DB,62.91181,70.10132000441688,70.10132000441688,Meaningful P4 Contributor,Reliable multi-year starter at the highest level of competition.,Potential Day 2 Pick
202500244,Demetres Samuel Jr.,2025,S,0.9149,DB,59.624184,64.6737310429154,64.6737310429154,Meaningful G5 Contributor,Standout starter at the Group of 5 level; high-end depth in Power 4.,Potential Day 3 Pick
202500248,Jahmir Joseph,2025,CB,0.914,DB,60.299313,65.89370118215902,65.89370118215902,Meaningful G5 Contributor,Standout starter at the Group of 5 level; high-end depth in Power 4.,Potential Day 3 Pick
202500255,Cobey Sellers,2025,CB,0.9127,DB,60.974846,67.01828675848881,67.01828675848881,Meaningful G5 Contributor,Standout starter at the Group of 5 level; high-end depth in Power 4.,Potential Day 3 Pick
202500257,Omarion Robinson,2025,S,0.9125,DB,67.82095,81.19097450845291,81.19097450845291,Elite Power 4,All-Conference/All-American honors.,First round NFL Draft talent
202500258,Byron Baldwin Jr.,2025,S,0.9124,DB,56.99519,59.80414869630088,59.80414869630088,Multi-Year Starter,Consistent career presence; reliable rotational player or specialist.,nan
202500260,Martels Carter Jr.,2025,S,0.9123,DB,60.33909,65.97921344042251,65.97921344042251,Meaningful G5 Contributor,Standout starter at the Group of 5 level; high-end depth in Power 4.,Potential Day 3 Pick
202500262,Cortez Thomas,2025,S,0.9115,DB,59.792385,64.95457248482327,64.95457248482327,Meaningful G5 Contributor,Standout starter at the Group of 5 level; high-end depth in Power 4.,Potential Day 3 Pick
202500274,Jaylan Morgan,2025,S,0.9103,DB,60.30098,65.89728503723346,65.89728503723346,Meaningful G5 Contributor,Standout starter at the Group of 5 level; high-end depth in Power 4.,Potential Day 3 Pick
202500283,Ladarian Clardy,2025,S,0.9076,DB,62.910427,70.0982677911078,70.0982677911078,Meaningful P4 Contributor,Reliable multi-year starter at the highest level of competition.,Potential Day 2 Pick
202500292,Deyjhon Pettaway,2025,S,0.9067,DB,63.570835,72.30213650907065,72.30213650907065,Meaningful P4 Contributor,Reliable multi-year starter at the highest level of competition.,Potential Day 2 Pick
202500301,Andrew Purcell,2025,CB,0.9052,DB,65.22144,76.55753697154996,76.55753697154996,Meaningful P4 Contributor,Reliable multi-year starter at the highest level of competition.,Potential Day 2 Pick
202500304,Jacob Bradford,2025,S,0.905,DB,58.82956,63.357087690543125,63.357087690543125,Meaningful G5 Contributor,Standout starter at the Group of 5 level; high-end depth in Power 4.,Potential Day 3 Pick
202500309,Tariq Hayer,2025,S,0.9046,DB,60.565903,66.39667111407446,66.39667111407446,Meaningful G5 Contributor,Standout starter at the Group of 5 level; high-end depth in Power 4.,Potential Day 3 Pick
202500310,Micah Strickland,2025,CB,0.9044,DB,60.962193,67.00156290947398,67.00156290947398,Meaningful G5 Contributor,Standout starter at the Group of 5 level; high-end depth in Power 4.,Potential Day 3 Pick
202500314,Messiah Delhomme,2025,S,0.9034,DB,59.214703,64.00659504681272,64.00659504681272,Meaningful G5 Contributor,Standout starter at the Group of 5 level; high-end depth in Power 4.,Potential Day 3 Pick
202500318,Kendarius Reddick,2025,S,0.9027,DB,61.498573,67.83183742801272,67.83183742801272,Meaningful G5 Contributor,Standout starter at the Group of 5 level; high-end depth in Power 4.,Potential Day 3 Pick
202500330,Carson Lawrence,2025,S,0.9014,DB,60.64186,66.52187909400554,66.52187909400554,Meaningful G5 Contributor,Standout starter at the Group of 5 level; high-end depth in Power 4.,Potential Day 3 Pick
202500335,CJ Bass III,2025,CB,0.9008,DB,61.01547,67.07448476440089,67.07448476440089,Meaningful G5 Contributor,Standout starter at the Group of 5 level; high-end depth in Power 4.,Potential Day 3 Pick
202500339,Dawayne Galloway Jr.,2025,CB,0.9006,DB,60.54062,66.3554118622233,66.3554118622233,Meaningful G5 Contributor,Standout starter at the Group of 5 level; high-end depth in Power 4.,Potential Day 3 Pick
202500342,Zae Thomas,2025,CB,0.9005,DB,59.540157,64.56841733540462,64.56841733540462,Meaningful G5 Contributor,Standout starter at the Group of 5 level; high-end depth in Power 4.,Potential Day 3 Pick
202500344,Kendall Daniels Jr.,2025,S,0.9004,DB,61.89647,68.27209392023636,68.27209392023636,Meaningful G5 Contributor,Standout starter at the Group of 5 level; high-end depth in Power 4.,Potential Day 3 Pick
202500355,Jhase Thomas,2025,S,0.8995,DB,62.48034,69.11666420430053,69.11666420430053,Meaningful G5 Contributor,Standout starter at the Group of 5 level; high-end depth in Power 4.,Potential Day 3 Pick
202500360,Onis Konanbanny,2025,CB,0.8991,DB,63.10173,70.74833201586382,70.74833201586382,Meaningful P4 Contributor,Reliable multi-year starter at the highest level of competition.,Potential Day 2 Pick
202500363,Rasean Dinkins,2025,S,0.8988,DB,63.1642,70.9658880769674,70.9658880769674,Meaningful P4 Contributor,Reliable multi-year starter at the highest level of competition.,Potential Day 2 Pick
202500364,Noah King,2025,CB,0.8985,DB,61.54142,67.87763743722157,67.87763743722157,Meaningful G5 Contributor,Standout starter at the Group of 5 level; high-end depth in Power 4.,Potential Day 3 Pick
202500369,Devin Williams,2025,CB,0.8982,DB,64.41853,75.18684123814981,75.18684123814981,Meaningful P4 Contributor,Reliable multi-year starter at the highest level of competition.,Potential Day 2 Pick
202500372,Kyle Johnson,2025,CB,0.8977,DB,63.77711,73.07988957746178,73.07988957746178,Meaningful P4 Contributor,Reliable multi-year starter at the highest level of competition.,Potential Day 2 Pick
202500376,Dominick Kelly,2025,CB,0.8975,DB,60.653225,66.54123284465302,66.54123284465302,Meaningful G5 Contributor,Standout starter at the Group of 5 level; high-end depth in Power 4.,Potential Day 3 Pick
202500380,Deshawn Stewart,2025,S,0.8973,DB,59.855778,65.07399916566914,65.07399916566914,Meaningful G5 Contributor,Standout starter at the Group of 5 level; high-end depth in Power 4.,Potential Day 3 Pick
202500387,Marcus Wimberly,2025,S,0.8968,DB,63.307068,71.44601265405183,71.44601265405183,Meaningful P4 Contributor,Reliable multi-year starter at the highest level of competition.,Potential Day 2 Pick
202500393,Courtland Guillory,2025,CB,0.8958,DB,63.034817,70.5152988656551,70.5152988656551,Meaningful P4 Contributor,Reliable multi-year starter at the highest level of competition.,Potential Day 2 Pick
202500403,Keon Young,2025,S,0.8951,DB,61.257088,67.45197489486266,67.45197489486266,Meaningful G5 Contributor,Standout starter at the Group of 5 level; high-end depth in Power 4.,Potential Day 3 Pick
202500404,Amari Wallace,2025,S,0.895,DB,63.84452,73.34343546343372,73.34343546343372,Meaningful P4 Contributor,Reliable multi-year starter at the highest level of competition.,Potential Day 2 Pick
202500406,Tre Poteat,2025,CB,0.895,DB,63.53316,72.17985609556041,72.17985609556041,Meaningful P4 Contributor,Reliable multi-year starter at the highest level of competition.,Potential Day 2 Pick
202500410,Tony Williams,2025,S,0.895,DB,59.58378,64.62308943080508,64.62308943080508,Meaningful G5 Contributor,Standout starter at the Group of 5 level; high-end depth in Power 4.,Potential Day 3 Pick
202500418,Alex Graham,2025,CB,0.8942,DB,59.345608,64.18099735667448,64.18099735667448,Meaningful G5 Contributor,Standout starter at the Group of 5 level; high-end depth in Power 4.,Potential Day 3 Pick
202500423,Mason Alexander,2025,CB,0.8935,DB,60.52907,66.33656880921282,66.33656880921282,Meaningful G5 Contributor,Standout starter at the Group of 5 level; high-end depth in Power 4.,Potential Day 3 Pick
202500430,Shamar Arnoux,2025,CB,0.8932,DB,60.01592,65.29765240287138,65.29765240287138,Meaningful G5 Contributor,Standout starter at the Group of 5 level; high-end depth in Power 4.,Potential Day 3 Pick
202500433,Jae'on Young,2025,CB,0.8928,DB,60.479553,66.25576217851278,66.25576217851278,Meaningful G5 Contributor,Standout starter at the Group of 5 level; high-end depth in Power 4.,Potential Day 3 Pick
202500435,Bryson Webber,2025,CB,0.8927,DB,60.444687,66.19886574490995,66.19886574490995,Meaningful G5 Contributor,Standout starter at the Group of 5 level; high-end depth in Power 4.,Potential Day 3 Pick
202500440,Jadyn Hudson,2025,S,0.8925,DB,57.734478,61.23333234029428,61.23333234029428,Meaningful G5 Contributor,Standout starter at the Group of 5 level; high-end depth in Power 4.,Potential Day 3 Pick
202500476,Jahmari DeLoatch,2025,S,0.8903,DB,55.61002,57.19549323687552,57.19549323687552,Multi-Year Starter,Consistent career presence; reliable rotational player or specialist.,nan
202500485,Jakarrion Kenan,2025,S,0.8897,DB,62.466084,69.08175387235347,69.08175387235347,Meaningful G5 Contributor,Standout starter at the Group of 5 level; high-end depth in Power 4.,Potential Day 3 Pick
202500494,Cree Thomas,2025,S,0.8892,DB,54.083168,53.83486134130267,53.83486134130267,Multi-Year Starter,Consistent career presence; reliable rotational player or specialist.,nan
202500504,Michael Clayton,2025,CB,0.8886,DB,59.833817,65.03487547906987,65.03487547906987,Meaningful G5 Contributor,Standout starter at the Group of 5 level; high-end depth in Power 4.,Potential Day 3 Pick
202500509,Timothy Merritt,2025,CB,0.8883,DB,63.24346,71.23956230827724,71.23956230827724,Meaningful P4 Contributor,Reliable multi-year starter at the highest level of competition.,Potential Day 2 Pick
202500514,Steve Miller,2025,S,0.8878,DB,58.820705,63.34537262703937,63.34537262703937,Meaningful G5 Contributor,Standout starter at the Group of 5 level; high-end depth in Power 4.,Potential Day 3 Pick
202500520,Ethan Long,2025,S,0.8875,DB,59.63268,64.6843785948574,64.6843785948574,Meaningful G5 Contributor,Standout starter at the Group of 5 level; high-end depth in Power 4.,Potential Day 3 Pick
202500522,Cody Haddad,2025,S,0.887,DB,58.83364,63.362488430719345,63.362488430719345,Meaningful G5 Contributor,Standout starter at the Group of 5 level; high-end depth in Power 4.,Potential Day 3 Pick
202500528,TJ Branch,2025,S,0.8869,DB,60.47426,66.24712188859586,66.24712188859586,Meaningful G5 Contributor,Standout starter at the Group of 5 level; high-end depth in Power 4.,Potential Day 3 Pick
202500532,Rukeem Stroud,2025,CB,0.8867,DB,60.420757,66.15478953490444,66.15478953490444,Meaningful G5 Contributor,Standout starter at the Group of 5 level; high-end depth in Power 4.,Potential Day 3 Pick
202500568,Kaylib Singleton,2025,CB,0.8842,DB,59.489326,64.48428762281584,64.48428762281584,Meaningful G5 Contributor,Standout starter at the Group of 5 level; high-end depth in Power 4.,Potential Day 3 Pick
202500570,Demarcus Gardner,2025,CB,0.8839,DB,59.591503,64.63277119671552,64.63277119671552,Meaningful G5 Contributor,Standout starter at the Group of 5 level; high-end depth in Power 4.,Potential Day 3 Pick
202500586,Fenix Felton,2025,S,0.8831,DB,58.632652,62.98276432077528,62.98276432077528,Meaningful G5 Contributor,Standout starter at the Group of 5 level; high-end depth in Power 4.,Potential Day 3 Pick
202500610,Sheldon Robinson,2025,S,0.8819,DB,56.78968,59.33931503786245,59.33931503786245,Multi-Year Starter,Consistent career presence; reliable rotational player or specialist.,nan
202500614,LaRue Zamorano III,2025,CB,0.8817,DB,55.619923,57.210212229248725,57.210212229248725,Multi-Year Starter,Consistent career presence; reliable rotational player or specialist.,nan
202500615,Xxavier Thomas,2025,CB,0.8814,DB,60.3131,65.92333974563502,65.92333974563502,Meaningful G5 Contributor,Standout starter at the Group of 5 level; high-end depth in Power 4.,Potential Day 3 Pick
202500621,Jo Pierce,2025,S,0.8811,DB,62.24602,68.71262446958026,68.71262446958026,Meaningful G5 Contributor,Standout starter at the Group of 5 level; high-end depth in Power 4.,Potential Day 3 Pick
202500630,Jahmare Washington,2025,CB,0.8808,DB,55.732693,57.412608412022514,57.412608412022514,Multi-Year Starter,Consistent career presence; reliable rotational player or specialist.,nan
202500633,Brandon Logan,2025,S,0.8807,DB,55.48362,56.96025396273309,56.96025396273309,Multi-Year Starter,Consistent career presence; reliable rotational player or specialist.,nan
202500643,Jason Stokes Jr.,2025,CB,0.8801,DB,57.697662,61.14733210508635,61.14733210508635,Meaningful G5 Contributor,Standout starter at the Group of 5 level; high-end depth in Power 4.,Potential Day 3 Pick
202500644,Maliek Hawkins,2025,CB,0.88,DB,57.467087,60.74385369068905,60.74385369068905,Meaningful G5 Contributor,Standout starter at the Group of 5 level; high-end depth in Power 4.,Potential Day 3 Pick
202500645,Jay'len Mosley,2025,S,0.88,DB,56.594696,58.940779863659714,58.940779863659714,Multi-Year Starter,Consistent career presence; reliable rotational player or specialist.,nan
202500654,Locke Kennedy,2025,S,0.88,DB,57.82115,61.460470634495515,61.460470634495515,Meaningful G5 Contributor,Standout starter at the Group of 5 level; high-end depth in Power 4.,Potential Day 3 Pick
202500655,Deon Mays,2025,CB,0.88,DB,57.697662,61.14733210508635,61.14733210508635,Meaningful G5 Contributor,Standout starter at the Group of 5 level; high-end depth in Power 4.,Potential Day 3 Pick
202500657,Daniel Okonkwo,2025,S,0.88,DB,57.105095,60.05629339042697,60.05629339042697,Meaningful G5 Contributor,Standout starter at the Group of 5 level; high-end depth in Power 4.,Potential Day 3 Pick
202500660,Michael Igbinoghene,2025,CB,0.8797,DB,62.33145,68.83479219700959,68.83479219700959,Meaningful G5 Contributor,Standout starter at the Group of 5 level; high-end depth in Power 4.,Potential Day 3 Pick
202500661,Chris McCorkle,2025,CB,0.8797,DB,59.07211,63.760398017188365,63.760398017188365,Meaningful G5 Contributor,Standout starter at the Group of 5 level; high-end depth in Power 4.,Potential Day 3 Pick
202500662,Mark Manfred III,2025,CB,0.8797,DB,57.74585,61.263132932478335,61.263132932478335,Meaningful G5 Contributor,Standout starter at the Group of 5 level; high-end depth in Power 4.,Potential Day 3 Pick
202500675,Dante Core,2025,CB,0.8794,DB,59.783657,64.93765569531622,64.93765569531622,Meaningful G5 Contributor,Standout starter at the Group of 5 level; high-end depth in Power 4.,Potential Day 3 Pick
202500676,Dyllon Williams,2025,S,0.8794,DB,61.624416,67.96635456688296,67.96635456688296,Meaningful G5 Contributor,Standout starter at the Group of 5 level; high-end depth in Power 4.,Potential Day 3 Pick
202500682,Josh Sims,2025,CB,0.8793,DB,60.02844,65.31894179623625,65.31894179623625,Meaningful G5 Contributor,Standout starter at the Group of 5 level; high-end depth in Power 4.,Potential Day 3 Pick
202500688,Damarcus Leach,2025,S,0.8789,DB,59.853584,65.07093578759883,65.07093578759883,Meaningful G5 Contributor,Standout starter at the Group of 5 level; high-end depth in Power 4.,Potential Day 3 Pick
202500691,Zadian Gentry,2025,CB,0.8786,DB,59.18749,63.970338312969794,63.970338312969794,Meaningful G5 Contributor,Standout starter at the Group of 5 level; high-end depth in Power 4.,Potential Day 3 Pick
202500694,Sidney Walton,2025,S,0.8786,DB,60.88774,66.90316093141469,66.90316093141469,Meaningful G5 Contributor,Standout starter at the Group of 5 level; high-end depth in Power 4.,Potential Day 3 Pick
202500703,Ty Redmond,2025,CB,0.8781,DB,57.480915,60.76490464875427,60.76490464875427,Meaningful G5 Contributor,Standout starter at the Group of 5 level; high-end depth in Power 4.,Potential Day 3 Pick
202500705,Dylan Lewis,2025,CB,0.8778,DB,56.477,58.71643459419362,58.71643459419362,Multi-Year Starter,Consistent career presence; reliable rotational player or specialist.,nan
202500711,Logan Bartley,2025,S,0.8778,DB,55.163727,56.27707105469536,56.27707105469536,Multi-Year Starter,Consistent career presence; reliable rotational player or specialist.,nan
202500716,Renick Dorilas,2025,CB,0.8775,DB,57.387547,60.626342116337966,60.626342116337966,Meaningful G5 Contributor,Standout starter at the Group of 5 level; high-end depth in Power 4.,Potential Day 3 Pick
202500717,Zyntreacs Otey,2025,CB,0.8775,DB,58.00421,61.81688544882236,61.81688544882236,Meaningful G5 Contributor,Standout starter at the Group of 5 level; high-end depth in Power 4.,Potential Day 3 Pick
202500722,Corey Costner,2025,S,0.8772,DB,53.872223,53.39966629421062,53.39966629421062,Multi-Year Starter,Consistent career presence; reliable rotational player or specialist.,nan
202500727,CJ Spence,2025,CB,0.8769,DB,57.081665,59.98602301480524,59.98602301480524,Multi-Year Starter,Consistent career presence; reliable rotational player or specialist.,nan
202500742,Davin Chandler,2025,S,0.8764,DB,55.997875,57.91342519149178,57.91342519149178,Multi-Year Starter,Consistent career presence; reliable rotational player or specialist.,nan
202500745,Aydan West,2025,CB,0.8764,DB,58.1522,62.08761013820385,62.08761013820385,Meaningful G5 Contributor,Standout starter at the Group of 5 level; high-end depth in Power 4.,Potential Day 3 Pick
202500749,Deuce Edwards,2025,S,0.8761,DB,54.368336,54.42960741830535,54.42960741830535,Multi-Year Starter,Consistent career presence; reliable rotational player or specialist.,nan
202500755,Bo Onu,2025,S,0.8761,DB,57.42965,60.688265804062596,60.688265804062596,Meaningful G5 Contributor,Standout starter at the Group of 5 level; high-end depth in Power 4.,Potential Day 3 Pick
202500766,Swayde Griffin,2025,CB,0.8756,DB,55.587345,57.16179150703488,57.16179150703488,Multi-Year Starter,Consistent career presence; reliable rotational player or specialist.,nan
202500768,Caden VerMaas,2025,S,0.8753,DB,57.15012,60.191331039965114,60.191331039965114,Meaningful G5 Contributor,Standout starter at the Group of 5 level; high-end depth in Power 4.,Potential Day 3 Pick
202500772,Braz Thomas,2025,S,0.8753,DB,55.478924,56.947707206790206,56.947707206790206,Multi-Year Starter,Consistent career presence; reliable rotational player or specialist.,nan
202500779,Kuron Jabari Jr.,2025,CB,0.8753,DB,52.855537,51.28251409121418,51.28251409121418,Multi-Year Starter,Consistent career presence; reliable rotational player or specialist.,nan
202500780,Micah Rice,2025,S,0.8753,DB,57.236557,60.37639902626536,60.37639902626536,Meaningful G5 Contributor,Standout starter at the Group of 5 level; high-end depth in Power 4.,Potential Day 3 Pick
202500785,Marcus Upton,2025,S,0.875,DB,55.0706,56.11529252880422,56.11529252880422,Multi-Year Starter,Consistent career presence; reliable rotational player or specialist.,nan
202500786,Jett White,2025,CB,0.875,DB,60.49525,66.28137802361952,66.28137802361952,Meaningful G5 Contributor,Standout starter at the Group of 5 level; high-end depth in Power 4.,Potential Day 3 Pick
202500787,Cole Woodson,2025,S,0.875,DB,57.271946,60.44095532824453,60.44095532824453,Meaningful G5 Contributor,Standout starter at the Group of 5 level; high-end depth in Power 4.,Potential Day 3 Pick
202500790,Tavares Murray,2025,S,0.875,DB,58.99448,63.61915932404757,63.61915932404757,Meaningful G5 Contributor,Standout starter at the Group of 5 level; high-end depth in Power 4.,Potential Day 3 Pick
202500799,Tywan Cox,2025,S,0.8744,DB,59.334442,64.16612162637476,64.16612162637476,Meaningful G5 Contributor,Standout starter at the Group of 5 level; high-end depth in Power 4.,Potential Day 3 Pick
202500804,Javion Holiday,2025,CB,0.8744,DB,58.211807,62.19451471691981,62.19451471691981,Meaningful G5 Contributor,Standout starter at the Group of 5 level; high-end depth in Power 4.,Potential Day 3 Pick
202500805,Kobi Foreman,2025,CB,0.8744,DB,60.562138,66.39052704624449,66.39052704624449,Meaningful G5 Contributor,Standout starter at the Group of 5 level; high-end depth in Power 4.,Potential Day 3 Pick
202500811,Cam Strong,2025,CB,0.8744,DB,62.652832,69.53048044090806,69.53048044090806,Meaningful G5 Contributor,Standout starter at the Group of 5 level; high-end depth in Power 4.,Potential Day 3 Pick
202500820,Remington Moss,2025,S,0.8739,DB,53.43844,52.4145326961219,52.4145326961219,Multi-Year Starter,Consistent career presence; reliable rotational player or specialist.,nan
202500822,Javion Butts,2025,S,0.8739,DB,56.399006,58.582162456893805,58.582162456893805,Multi-Year Starter,Consistent career presence; reliable rotational player or specialist.,nan
202500825,Vanzale Hinton,2025,CB,0.8739,DB,58.5533,62.783264532539555,62.783264532539555,Meaningful G5 Contributor,Standout starter at the Group of 5 level; high-end depth in Power 4.,Potential Day 3 Pick
202500827,James Finley,2025,CB,0.8736,DB,59.014244,63.65458094123391,63.65458094123391,Meaningful G5 Contributor,Standout starter at the Group of 5 level; high-end depth in Power 4.,Potential Day 3 Pick
202500829,Kolbe Harmon,2025,CB,0.8736,DB,58.96973,63.57480196980998,63.57480196980998,Meaningful G5 Contributor,Standout starter at the Group of 5 level; high-end depth in Power 4.,Potential Day 3 Pick
202500844,Manny Fuller,2025,S,0.8733,DB,56.461994,58.69375489657275,58.69375489657275,Multi-Year Starter,Consistent career presence; reliable rotational player or specialist.,nan
202500846,Joshua Johnson,2025,CB,0.8733,DB,58.73136,63.22715698622874,63.22715698622874,Meaningful G5 Contributor,Standout starter at the Group of 5 level; high-end depth in Power 4.,Potential Day 3 Pick
202500850,Allen Gant,2025,S,0.8731,DB,55.125984,56.21150612063699,56.21150612063699,Multi-Year Starter,Consistent career presence; reliable rotational player or specialist.,nan
202500857,Andre Lovett Jr.,2025,S,0.8728,DB,50.46605,42.77466626663346,42.77466626663346,Single Season Contributor,Late bloomer or one-year starter; limited career longevity.,nan
202500863,Josiah Persinger,2025,CB,0.8728,DB,56.78042,59.32453410144174,59.32453410144174,Multi-Year Starter,Consistent career presence; reliable rotational player or specialist.,nan
202500864,Ian Williams,2025,S,0.8728,DB,56.7269,59.23912366569937,59.23912366569937,Multi-Year Starter,Consistent career presence; reliable rotational player or specialist.,nan
202500869,Deante Lindsay,2025,CB,0.8725,DB,61.658546,68.00283717749473,68.00283717749473,Meaningful G5 Contributor,Standout starter at the Group of 5 level; high-end depth in Power 4.,Potential Day 3 Pick
202500873,Joseph Smith,2025,CB,0.8722,DB,59.731243,64.83606623385336,64.83606623385336,Meaningful G5 Contributor,Standout starter at the Group of 5 level; high-end depth in Power 4.,Potential Day 3 Pick
202500880,Tyren Polley,2025,S,0.8719,DB,59.532925,64.55935233384106,64.55935233384106,Meaningful G5 Contributor,Standout starter at the Group of 5 level; high-end depth in Power 4.,Potential Day 3 Pick
202500881,Jayden Glosten,2025,S,0.8719,DB,57.77439,61.33792931983864,61.33792931983864,Meaningful G5 Contributor,Standout starter at the Group of 5 level; high-end depth in Power 4.,Potential Day 3 Pick
202500882,Seaonta Stewart Jr.,2025,CB,0.8719,DB,57.617012,60.983228456064325,60.983228456064325,Meaningful G5 Contributor,Standout starter at the Group of 5 level; high-end depth in Power 4.,Potential Day 3 Pick
202500889,Nate Tilmon,2025,S,0.8717,DB,58.06227,61.92506606813215,61.92506606813215,Meaningful G5 Contributor,Standout starter at the Group of 5 level; high-end depth in Power 4.,Potential Day 3 Pick
202500914,Sael Reyes,2025,S,0.8711,DB,58.648067,63.02292792828588,63.02292792828588,Meaningful G5 Contributor,Standout starter at the Group of 5 level; high-end depth in Power 4.,Potential Day 3 Pick
202500916,Aiden Manutai,2025,S,0.8708,DB,58.53109,62.72984218578284,62.72984218578284,Meaningful G5 Contributor,Standout starter at the Group of 5 level; high-end depth in Power 4.,Potential Day 3 Pick
202500917,Tre Fuller,2025,S,0.8708,DB,59.5083,64.52815424389351,64.52815424389351,Meaningful G5 Contributor,Standout starter at the Group of 5 level; high-end depth in Power 4.,Potential Day 3 Pick
202500918,Julien Horton,2025,S,0.8708,DB,59.667526,64.72805411663118,64.72805411663118,Meaningful G5 Contributor,Standout starter at the Group of 5 level; high-end depth in Power 4.,Potential Day 3 Pick
202500919,RJ Collins,2025,CB,0.8708,DB,55.91014,57.7639551868544,57.7639551868544,Multi-Year Starter,Consistent career presence; reliable rotational player or specialist.,nan
202500932,Javon Lawrence,2025,CB,0.8706,DB,52.03549,48.69477214429772,48.69477214429772,Single Season Contributor,Late bloomer or one-year starter; limited career longevity.,nan
202500962,Brandon Wilson,2025,S,0.87,DB,60.525932,66.33144564019148,66.33144564019148,Meaningful G5 Contributor,Standout starter at the Group of 5 level; high-end depth in Power 4.,Potential Day 3 Pick
202500968,Taijh Overton,2025,S,0.8697,DB,64.16553,74.4660607148238,74.4660607148238,Meaningful P4 Contributor,Reliable multi-year starter at the highest level of competition.,Potential Day 2 Pick
202500971,Ben Alefaio-Lilii,2025,S,0.8697,DB,56.47168,58.70839235266309,58.70839235266309,Multi-Year Starter,Consistent career presence; reliable rotational player or specialist.,nan
202500977,MJ Preston,2025,CB,0.8694,DB,57.679993,61.111378642676456,61.111378642676456,Meaningful G5 Contributor,Standout starter at the Group of 5 level; high-end depth in Power 4.,Potential Day 3 Pick
202500978,Sekou Smith Jr.,2025,S,0.8694,DB,59.7082,64.79140088183756,64.79140088183756,Meaningful G5 Contributor,Standout starter at the Group of 5 level; high-end depth in Power 4.,Potential Day 3 Pick
202500985,Brandon Rose,2025,S,0.8689,DB,59.169357,63.94036899030607,63.94036899030607,Meaningful G5 Contributor,Standout starter at the Group of 5 level; high-end depth in Power 4.,Potential Day 3 Pick
202500992,Draden Fullbright,2025,CB,0.8689,DB,60.178806,65.59770026641019,65.59770026641019,Meaningful G5 Contributor,Standout starter at the Group of 5 level; high-end depth in Power 4.,Potential Day 3 Pick
202500993,Xavier Thompson,2025,CB,0.8689,DB,60.84415,66.84554759927944,66.84554759927944,Meaningful G5 Contributor,Standout starter at the Group of 5 level; high-end depth in Power 4.,Potential Day 3 Pick
202500996,Ramonz Adams Jr.,2025,CB,0.8689,DB,59.030666,63.68401349517855,63.68401349517855,Meaningful G5 Contributor,Standout starter at the Group of 5 level; high-end depth in Power 4.,Potential Day 3 Pick
202500998,Jordan Gibbs,2025,CB,0.8689,DB,52.47982,50.27839794839228,50.27839794839228,Multi-Year Starter,Consistent career presence; reliable rotational player or specialist.,nan
202501001,Leo Almanza Jr.,2025,CB,0.8689,DB,58.89557,63.444428258776206,63.444428258776206,Meaningful G5 Contributor,Standout starter at the Group of 5 level; high-end depth in Power 4.,Potential Day 3 Pick
202501006,Serious Stinyard,2025,CB,0.8689,DB,58.975113,63.58444873720043,63.58444873720043,Meaningful G5 Contributor,Standout starter at the Group of 5 level; high-end depth in Power 4.,Potential Day 3 Pick
202501007,Josh Patterson,2025,S,0.8686,DB,60.727844,66.66831532750474,66.66831532750474,Meaningful G5 Contributor,Standout starter at the Group of 5 level; high-end depth in Power 4.,Potential Day 3 Pick
202501008,Max Redmon,2025,S,0.8686,DB,57.872646,61.56479217325454,61.56479217325454,Meaningful G5 Contributor,Standout starter at the Group of 5 level; high-end depth in Power 4.,Potential Day 3 Pick
202501009,Cayden Daniels,2025,CB,0.8686,DB,60.29457,65.8835072877482,65.8835072877482,Meaningful G5 Contributor,Standout starter at the Group of 5 level; high-end depth in Power 4.,Potential Day 3 Pick
202501033,Evan Young,2025,S,0.8681,DB,56.950893,59.712092443987004,59.712092443987004,Multi-Year Starter,Consistent career presence; reliable rotational player or specialist.,nan
202501038,Jaylen Bell,2025,CB,0.8678,DB,59.16051,63.92399772420714,63.92399772420714,Meaningful G5 Contributor,Standout starter at the Group of 5 level; high-end depth in Power 4.,Potential Day 3 Pick
202501039,Joseph Albright,2025,S,0.8678,DB,56.2674,58.310158577143106,58.310158577143106,Multi-Year Starter,Consistent career presence; reliable rotational player or specialist.,nan
202501041,Jonnie Carter,2025,S,0.8678,DB,56.1905,58.205260075618696,58.205260075618696,Multi-Year Starter,Consistent career presence; reliable rotational player or specialist.,nan
202501045,Caden Gordon,2025,CB,0.8675,DB,58.578606,62.846707148048225,62.846707148048225,Meaningful G5 Contributor,Standout starter at the Group of 5 level; high-end depth in Power 4.,Potential Day 3 Pick
202501051,Des Straughton,2025,S,0.8672,DB,58.991783,63.61432568510707,63.61432568510707,Meaningful G5 Contributor,Standout starter at the Group of 5 level; high-end depth in Power 4.,Potential Day 3 Pick
202501054,CJ Bell Jr.,2025,CB,0.8672,DB,56.746525,59.27044488393847,59.27044488393847,Multi-Year Starter,Consistent career presence; reliable rotational player or specialist.,nan
202501055,Patrick Williams,2025,CB,0.8672,DB,56.38711,58.55505726785252,58.55505726785252,Multi-Year Starter,Consistent career presence; reliable rotational player or specialist.,nan
202501057,Zack Harden,2025,S,0.8672,DB,56.92048,59.63420890696776,59.63420890696776,Multi-Year Starter,Consistent career presence; reliable rotational player or specialist.,nan
202501061,Armoni Weaver,2025,CB,0.8669,DB,63.33792,71.54615481529837,71.54615481529837,Meaningful P4 Contributor,Reliable multi-year starter at the highest level of competition.,Potential Day 2 Pick
202501063,Zach Ruffin,2025,S,0.8669,DB,63.34083,71.5556019553863,71.5556019553863,Meaningful P4 Contributor,Reliable multi-year starter at the highest level of competition.,Potential Day 2 Pick
202501065,Ja'Bree Bickham,2025,CB,0.8669,DB,58.25862,62.27258208639362,62.27258208639362,Meaningful G5 Contributor,Standout starter at the Group of 5 level; high-end depth in Power 4.,Potential Day 3 Pick
202501071,Jayden Barr,2025,S,0.8667,DB,53.005535,51.54106372508695,51.54106372508695,Multi-Year Starter,Consistent career presence; reliable rotational player or specialist.,nan
202501072,Omarion Davis,2025,S,0.8667,DB,59.192154,63.97655389826415,63.97655389826415,Meaningful G5 Contributor,Standout starter at the Group of 5 level; high-end depth in Power 4.,Potential Day 3 Pick
202501080,Coleman Patmon,2025,S,0.8664,DB,57.107433,60.06330669883728,60.06330669883728,Meaningful G5 Contributor,Standout starter at the Group of 5 level; high-end depth in Power 4.,Potential Day 3 Pick
202501083,Zacharey Smith,2025,CB,0.8664,DB,58.743435,63.24313207282477,63.24313207282477,Meaningful G5 Contributor,Standout starter at the Group of 5 level; high-end depth in Power 4.,Potential Day 3 Pick
202501084,JoJo Scott,2025,CB,0.8664,DB,57.40231,60.64805496144935,60.64805496144935,Meaningful G5 Contributor,Standout starter at the Group of 5 level; high-end depth in Power 4.,Potential Day 3 Pick
202501091,D'Aryhian Clemons,2025,S,0.8658,DB,56.825603,59.39664291194555,59.39664291194555,Multi-Year Starter,Consistent career presence; reliable rotational player or specialist.,nan
202501095,Gavin Jenkins,2025,CB,0.8658,DB,60.052963,65.36362546399607,65.36362546399607,Meaningful G5 Contributor,Standout starter at the Group of 5 level; high-end depth in Power 4.,Potential Day 3 Pick
202501102,Chris Hatfield,2025,S,0.8658,DB,55.60708,57.191121764179165,57.191121764179165,Multi-Year Starter,Consistent career presence; reliable rotational player or specialist.,nan
202501123,Tre' Harrison,2025,S,0.865,DB,57.693424,61.13870855225012,61.13870855225012,Meaningful G5 Contributor,Standout starter at the Group of 5 level; high-end depth in Power 4.,Potential Day 3 Pick
202501129,Martel Jackson,2025,CB,0.865,DB,59.393375,64.26245868836337,64.26245868836337,Meaningful G5 Contributor,Standout starter at the Group of 5 level; high-end depth in Power 4.,Potential Day 3 Pick
202501130,Blake Thompson,2025,CB,0.865,DB,58.078472,61.95525286775165,61.95525286775165,Meaningful G5 Contributor,Standout starter at the Group of 5 level; high-end depth in Power 4.,Potential Day 3 Pick
202501135,Colin Peacock,2025,S,0.8647,DB,55.63668,57.2351199848325,57.2351199848325,Multi-Year Starter,Consistent career presence; reliable rotational player or specialist.,nan
202501142,Marquet Dorsey Jr.,2025,CB,0.8647,DB,55.278316,56.48799715000095,56.48799715000095,Multi-Year Starter,Consistent career presence; reliable rotational player or specialist.,nan
202501146,Elijah Pratt,2025,S,0.8647,DB,59.545235,64.57478100475119,64.57478100475119,Meaningful G5 Contributor,Standout starter at the Group of 5 level; high-end depth in Power 4.,Potential Day 3 Pick
202501147,Josiah Rainey,2025,CB,0.8647,DB,64.58863,75.54957683357452,75.54957683357452,Meaningful P4 Contributor,Reliable multi-year starter at the highest level of competition.,Potential Day 2 Pick
202501169,Jordyn Woods,2025,CB,0.8642,DB,58.539722,62.74922891773772,62.74922891773772,Meaningful G5 Contributor,Standout starter at the Group of 5 level; high-end depth in Power 4.,Potential Day 3 Pick
202501186,Kaleb Lanier,2025,S,0.8639,DB,57.058556,59.93557347397255,59.93557347397255,Multi-Year Starter,Consistent career presence; reliable rotational player or specialist.,nan
202501194,William Wiebush,2025,CB,0.8639,DB,55.86634,57.685934284914474,57.685934284914474,Multi-Year Starter,Consistent career presence; reliable rotational player or specialist.,nan
202501198,Jussiah Williams-West,2025,S,0.8637,DB,56.560738,58.84455730228639,58.84455730228639,Multi-Year Starter,Consistent career presence; reliable rotational player or specialist.,nan
202501199,Maliki Wright,2025,S,0.8636,DB,55.967606,57.86434166625802,57.86434166625802,Multi-Year Starter,Consistent career presence; reliable rotational player or specialist.,nan
202501203,Xavier Skowron,2025,S,0.8633,DB,57.41234,60.662805108683926,60.662805108683926,Meaningful G5 Contributor,Standout starter at the Group of 5 level; high-end depth in Power 4.,Potential Day 3 Pick
202501208,Jayden Shipps,2025,CB,0.8633,DB,54.370865,54.43461881443704,54.43461881443704,Multi-Year Starter,Consistent career presence; reliable rotational player or specialist.,nan
202501215,Rayshon Andrews,2025,CB,0.8633,DB,64.12261,74.34380058444238,74.34380058444238,Meaningful P4 Contributor,Reliable multi-year starter at the highest level of competition.,Potential Day 2 Pick
202501219,CJ Jones,2025,CB,0.8633,DB,53.65767,52.878490681501326,52.878490681501326,Multi-Year Starter,Consistent career presence; reliable rotational player or specialist.,nan
202501226,George Mullins,2025,CB,0.8631,DB,58.7722,63.28119467251535,63.28119467251535,Meaningful G5 Contributor,Standout starter at the Group of 5 level; high-end depth in Power 4.,Potential Day 3 Pick
202501236,Julius Simms,2025,S,0.8631,DB,56.986206,59.78551614248613,59.78551614248613,Multi-Year Starter,Consistent career presence; reliable rotational player or specialist.,nan
202501246,Lonnie McAllister III,2025,CB,0.8625,DB,52.871925,51.31282881681262,51.31282881681262,Multi-Year Starter,Consistent career presence; reliable rotational player or specialist.,nan
202501249,Ashton Cunningham,2025,CB,0.8625,DB,60.6318,66.50474722409706,66.50474722409706,Meaningful G5 Contributor,Standout starter at the Group of 5 level; high-end depth in Power 4.,Potential Day 3 Pick
202501255,Omari Gaines,2025,S,0.8622,DB,56.72076,59.2293285558555,59.2293285558555,Multi-Year Starter,Consistent career presence; reliable rotational player or specialist.,nan
202501258,Knahlij Harrell,2025,CB,0.8622,DB,57.257347,60.41432420097556,60.41432420097556,Meaningful G5 Contributor,Standout starter at the Group of 5 level; high-end depth in Power 4.,Potential Day 3 Pick
202501262,Darrion Jones,2025,S,0.8622,DB,59.073982,63.763864292158,63.763864292158,Meaningful G5 Contributor,Standout starter at the Group of 5 level; high-end depth in Power 4.,Potential Day 3 Pick
202501264,Tahj Crutchfield,2025,CB,0.8622,DB,57.61395,60.976995591143094,60.976995591143094,Meaningful G5 Contributor,Standout starter at the Group of 5 level; high-end depth in Power 4.,Potential Day 3 Pick
202501279,Naiim Parrish,2025,S,0.8617,DB,59.963245,65.22408870827184,65.22408870827184,Meaningful G5 Contributor,Standout starter at the Group of 5 level; high-end depth in Power 4.,Potential Day 3 Pick
202501281,David Kuku,2025,CB,0.8617,DB,54.79137,55.473031248376486,55.473031248376486,Multi-Year Starter,Consistent career presence; reliable rotational player or specialist.,nan
202501282,Grant Grayton,2025,S,0.8617,DB,49.86163,40.60683052816087,40.60683052816087,Single Season Contributor,Late bloomer or one-year starter; limited career longevity.,nan
202501283,RJ Jones III,2025,CB,0.8617,DB,59.450214,64.39386452954899,64.39386452954899,Meaningful G5 Contributor,Standout starter at the Group of 5 level; high-end depth in Power 4.,Potential Day 3 Pick
202501289,Chase Coleman,2025,CB,0.8617,DB,55.477062,56.94273335065687,56.94273335065687,Multi-Year Starter,Consistent career presence; reliable rotational player or specialist.,nan
202501290,Lo'Kavion Jackson,2025,S,0.8617,DB,57.589012,60.92946216563536,60.92946216563536,Meaningful G5 Contributor,Standout starter at the Group of 5 level; high-end depth in Power 4.,Potential Day 3 Pick
202501293,Charleston Coldon,2025,CB,0.8614,DB,53.206554,51.924529793299385,51.924529793299385,Multi-Year Starter,Consistent career presence; reliable rotational player or specialist.,nan
202501300,Kason Brown,2025,S,0.8611,DB,58.357536,62.4204806688939,62.4204806688939,Meaningful G5 Contributor,Standout starter at the Group of 5 level; high-end depth in Power 4.,Potential Day 3 Pick
202501305,Michael Henderson III,2025,S,0.8608,DB,59.599724,64.64307450809181,64.64307450809181,Meaningful G5 Contributor,Standout starter at the Group of 5 level; high-end depth in Power 4.,Potential Day 3 Pick
202501306,Dominic Mitchell,2025,S,0.8608,DB,39.3932,14.667567065166457,14.667567065166457,Minimal D1 Impact,Roster filler; medical DQ; or transferred to lower levels.,nan
202501326,Donmiel Rogers,2025,CB,0.86,DB,58.206253,62.184553558170904,62.184553558170904,Meaningful G5 Contributor,Standout starter at the Group of 5 level; high-end depth in Power 4.,Potential Day 3 Pick
202501330,Brock Beaner,2025,S,0.86,DB,54.1916,54.05557611029539,54.05557611029539,Multi-Year Starter,Consistent career presence; reliable rotational player or specialist.,nan
202501345,Marquis Williams,2025,CB,0.86,DB,57.765102,61.3135870045189,61.3135870045189,Meaningful G5 Contributor,Standout starter at the Group of 5 level; high-end depth in Power 4.,Potential Day 3 Pick
202501347,Aydden Moody,2025,CB,0.86,DB,59.3227,64.15047847712209,64.15047847712209,Meaningful G5 Contributor,Standout starter at the Group of 5 level; high-end depth in Power 4.,Potential Day 3 Pick
202501348,Cordial Vann,2025,S,0.86,DB,58.936436,63.515130115958925,63.515130115958925,Meaningful G5 Contributor,Standout starter at the Group of 5 level; high-end depth in Power 4.,Potential Day 3 Pick
202501349,Tyrone Cotton III,2025,CB,0.86,DB,59.018063,63.66142460824867,63.66142460824867,Meaningful G5 Contributor,Standout starter at the Group of 5 level; high-end depth in Power 4.,Potential Day 3 Pick
202501352,Gil Jackson,2025,CB,0.86,DB,55.84861,57.654350836715835,57.654350836715835,Multi-Year Starter,Consistent career presence; reliable rotational player or specialist.,nan
202501372,Devon Smoot,2025,S,0.86,DB,56.762547,59.29601322535813,59.29601322535813,Multi-Year Starter,Consistent career presence; reliable rotational player or specialist.,nan
202501374,Derrion Horsley,2025,CB,0.86,DB,55.94977,57.83454908602301,57.83454908602301,Multi-Year Starter,Consistent career presence; reliable rotational player or specialist.,nan
202501376,JQ Brooks,2025,CB,0.86,DB,61.411404,67.7164806245856,67.7164806245856,Meaningful G5 Contributor,Standout starter at the Group of 5 level; high-end depth in Power 4.,Potential Day 3 Pick
202501385,Tavius Horne Jr.,2025,CB,0.86,DB,56.989304,59.791940615393806,59.791940615393806,Multi-Year Starter,Consistent career presence; reliable rotational player or specialist.,nan
202501394,Zytavien Boddie,2025,CB,0.86,DB,60.978214,67.02273872070772,67.02273872070772,Meaningful G5 Contributor,Standout starter at the Group of 5 level; high-end depth in Power 4.,Potential Day 3 Pick
202501403,Antonio Parker,2025,S,0.8594,DB,56.884148,59.54117456524302,59.54117456524302,Multi-Year Starter,Consistent career presence; reliable rotational player or specialist.,nan
202501408,Kyle Peterson,2025,S,0.8592,DB,55.37189,56.67802211314685,56.67802211314685,Multi-Year Starter,Consistent career presence; reliable rotational player or specialist.,nan
202501409,Ziyyon Bredell,2025,CB,0.8592,DB,57.517128,60.820032026661316,60.820032026661316,Meaningful G5 Contributor,Standout starter at the Group of 5 level; high-end depth in Power 4.,Potential Day 3 Pick
202501412,Drew MacPherson,2025,S,0.8592,DB,54.09723,53.86131682142115,53.86131682142115,Multi-Year Starter,Consistent career presence; reliable rotational player or specialist.,nan
202501430,Sammy Etienne,2025,S,0.8589,DB,57.5461,60.86413741328347,60.86413741328347,Meaningful G5 Contributor,Standout starter at the Group of 5 level; high-end depth in Power 4.,Potential Day 3 Pick
202501436,Fabo Chaney,2025,CB,0.8586,DB,55.59046,57.16642379392582,57.16642379392582,Multi-Year Starter,Consistent career presence; reliable rotational player or specialist.,nan
202501453,Tristan Teasdell,2025,S,0.8583,DB,55.281384,56.49422544475714,56.49422544475714,Multi-Year Starter,Consistent career presence; reliable rotational player or specialist.,nan
202501462,Landon Hammond,2025,CB,0.8581,DB,51.99995,48.609487035097175,48.609487035097175,Single Season Contributor,Late bloomer or one-year starter; limited career longevity.,nan
202501468,Freddie Gillens,2025,CB,0.8578,DB,62.320484,68.81910868656712,68.81910868656712,Meaningful G5 Contributor,Standout starter at the Group of 5 level; high-end depth in Power 4.,Potential Day 3 Pick
202501473,Andrew Pellicciotta,2025,S,0.8578,DB,58.454082,62.58171915237927,62.58171915237927,Meaningful G5 Contributor,Standout starter at the Group of 5 level; high-end depth in Power 4.,Potential Day 3 Pick
202501474,Braylon Singleton,2025,CB,0.8578,DB,52.76211,51.06210586838083,51.06210586838083,Multi-Year Starter,Consistent career presence; reliable rotational player or specialist.,nan
202501482,Brandon Schmelzle,2025,S,0.8575,DB,58.583275,62.858412568817386,62.858412568817386,Meaningful G5 Contributor,Standout starter at the Group of 5 level; high-end depth in Power 4.,Potential Day 3 Pick
202501520,Will Felder Jr.,2025,S,0.8567,DB,57.42901,60.68732323094148,60.68732323094148,Meaningful G5 Contributor,Standout starter at the Group of 5 level; high-end depth in Power 4.,Potential Day 3 Pick
202501525,Osiris Gilbert,2025,CB,0.8564,DB,61.35308,67.61651206596859,67.61651206596859,Meaningful G5 Contributor,Standout starter at the Group of 5 level; high-end depth in Power 4.,Potential Day 3 Pick
202501526,Axavier Bridges-Brooks,2025,S,0.8564,DB,50.302956,42.28229091720119,42.28229091720119,Single Season Contributor,Late bloomer or one-year starter; limited career longevity.,nan
202501530,Joshua Tuchek,2025,CB,0.8564,DB,55.771942,57.50596943912065,57.50596943912065,Multi-Year Starter,Consistent career presence; reliable rotational player or specialist.,nan
202501535,Josiah Alanis,2025,S,0.8561,DB,55.473804,56.93402910242355,56.93402910242355,Multi-Year Starter,Consistent career presence; reliable rotational player or specialist.,nan
202501561,TJ Tillman,2025,S,0.855,DB,58.330357,62.37984135534533,62.37984135534533,Meaningful G5 Contributor,Standout starter at the Group of 5 level; high-end depth in Power 4.,Potential Day 3 Pick
202501562,Ma'khi Jones,2025,S,0.855,DB,59.462494,64.42225348275547,64.42225348275547,Meaningful G5 Contributor,Standout starter at the Group of 5 level; high-end depth in Power 4.,Potential Day 3 Pick
202501569,Bryce Smith,2025,S,0.855,DB,55.58835,57.1632826838431,57.1632826838431,Multi-Year Starter,Consistent career presence; reliable rotational player or specialist.,nan
202501575,Ayden Webb,2025,CB,0.855,DB,58.76269,63.268611452646816,63.268611452646816,Meaningful G5 Contributor,Standout starter at the Group of 5 level; high-end depth in Power 4.,Potential Day 3 Pick
202501577,Elgin Sessions,2025,S,0.855,DB,61.18606,67.33826346751268,67.33826346751268,Meaningful G5 Contributor,Standout starter at the Group of 5 level; high-end depth in Power 4.,Potential Day 3 Pick
202501578,Braylan McDonald,2025,S,0.855,DB,57.162556,60.2286285691945,60.2286285691945,Meaningful G5 Contributor,Standout starter at the Group of 5 level; high-end depth in Power 4.,Potential Day 3 Pick
202501580,Marcelous Townsend,2025,S,0.855,DB,58.38442,62.46067508890468,62.46067508890468,Meaningful G5 Contributor,Standout starter at the Group of 5 level; high-end depth in Power 4.,Potential Day 3 Pick
202501596,Tyrell Russell,2025,CB,0.8547,DB,58.79155,63.3067951904348,63.3067951904348,Meaningful G5 Contributor,Standout starter at the Group of 5 level; high-end depth in Power 4.,Potential Day 3 Pick
202501602,David Madison,2025,CB,0.8544,DB,58.099373,61.992869666806264,61.992869666806264,Meaningful G5 Contributor,Standout starter at the Group of 5 level; high-end depth in Power 4.,Potential Day 3 Pick
202501604,Braxton Winston III,2025,CB,0.8542,DB,68.82448,82.86644409071744,82.86644409071744,Elite Power 4,All-Conference/All-American honors.,First round NFL Draft talent
202501609,JT Alvis,2025,CB,0.8542,DB,60.128098,65.50051915200319,65.50051915200319,Meaningful G5 Contributor,Standout starter at the Group of 5 level; high-end depth in Power 4.,Potential Day 3 Pick
202501612,Njita Sinkala,2025,CB,0.8542,DB,59.17965,63.95941585358115,63.95941585358115,Meaningful G5 Contributor,Standout starter at the Group of 5 level; high-end depth in Power 4.,Potential Day 3 Pick
202501616,Charger Doty,2025,S,0.8539,DB,55.637108,57.2357550106976,57.2357550106976,Multi-Year Starter,Consistent career presence; reliable rotational player or specialist.,nan
202501619,Courtney Patterson,2025,CB,0.8539,DB,59.807835,64.98451697673919,64.98451697673919,Meaningful G5 Contributor,Standout starter at the Group of 5 level; high-end depth in Power 4.,Potential Day 3 Pick
202501628,Zah Jackson,2025,CB,0.8533,DB,59.05516,63.729032111505944,63.729032111505944,Meaningful G5 Contributor,Standout starter at the Group of 5 level; high-end depth in Power 4.,Potential Day 3 Pick
202501656,Alijah Jones,2025,S,0.8525,DB,57.733944,61.23193278212395,61.23193278212395,Meaningful G5 Contributor,Standout starter at the Group of 5 level; high-end depth in Power 4.,Potential Day 3 Pick
202501663,Rae Sykes Jr.,2025,S,0.8525,DB,57.12522,60.11665589478716,60.11665589478716,Meaningful G5 Contributor,Standout starter at the Group of 5 level; high-end depth in Power 4.,Potential Day 3 Pick
202501665,John Peters,2025,CB,0.8522,DB,56.14336,58.14095972424526,58.14095972424526,Multi-Year Starter,Consistent career presence; reliable rotational player or specialist.,nan
202501677,Tobias Gary,2025,S,0.8517,DB,58.104355,62.001804607277464,62.001804607277464,Meaningful G5 Contributor,Standout starter at the Group of 5 level; high-end depth in Power 4.,Potential Day 3 Pick
202501680,Ishmael Gibbs,2025,CB,0.8517,DB,59.422382,64.32951976328789,64.32951976328789,Meaningful G5 Contributor,Standout starter at the Group of 5 level; high-end depth in Power 4.,Potential Day 3 Pick
202501688,Clayton Lakatos,2025,S,0.8517,DB,52.005066,48.62176347685737,48.62176347685737,Single Season Contributor,Late bloomer or one-year starter; limited career longevity.,nan
202501689,DJ Kelly,2025,CB,0.8517,DB,57.726593,61.2126688635937,61.2126688635937,Meaningful G5 Contributor,Standout starter at the Group of 5 level; high-end depth in Power 4.,Potential Day 3 Pick
202501704,Sean Craig,2025,S,0.8511,DB,58.456345,62.58607031693113,62.58607031693113,Meaningful G5 Contributor,Standout starter at the Group of 5 level; high-end depth in Power 4.,Potential Day 3 Pick
202501705,Chris Garland,2025,CB,0.8511,DB,55.732613,57.41241786079605,57.41241786079605,Multi-Year Starter,Consistent career presence; reliable rotational player or specialist.,nan
202501707,Durante Speer,2025,S,0.8511,DB,56.477238,58.71679202715054,58.71679202715054,Multi-Year Starter,Consistent career presence; reliable rotational player or specialist.,nan
202501713,Kohl Bradley,2025,S,0.8508,DB,58.735714,63.23291609327647,63.23291609327647,Meaningful G5 Contributor,Standout starter at the Group of 5 level; high-end depth in Power 4.,Potential Day 3 Pick
202501716,Donte Utu,2025,S,0.8508,DB,57.65396,61.05841093380661,61.05841093380661,Meaningful G5 Contributor,Standout starter at the Group of 5 level; high-end depth in Power 4.,Potential Day 3 Pick
202501730,Chandler Jordan,2025,S,0.8504,DB,52.670437,50.84360444146956,50.84360444146956,Multi-Year Starter,Consistent career presence; reliable rotational player or specialist.,nan
202501731,Demarcus Baker,2025,CB,0.8504,DB,53.99619,53.67121201895284,53.67121201895284,Multi-Year Starter,Consistent career presence; reliable rotational player or specialist.,nan
202501753,Ahmyri McGee-Hall,2025,CB,0.85,DB,57.89946,61.61735291482139,61.61735291482139,Meaningful G5 Contributor,Standout starter at the Group of 5 level; high-end depth in Power 4.,Potential Day 3 Pick
202501758,Seth Gathers,2025,S,0.85,DB,48.55415,35.69873096668465,35.69873096668465,Partial Season Contributor,Rotational backup or special teams contributor; limited starts.,nan
202501778,Amari Colon,2025,S,0.85,DB,52.756207,51.048174549572046,51.048174549572046,Multi-Year Starter,Consistent career presence; reliable rotational player or specialist.,nan
202501803,Isaac Brown,2025,CB,0.85,DB,57.073204,59.9659552177724,59.9659552177724,Multi-Year Starter,Consistent career presence; reliable rotational player or specialist.,nan
202501805,Herlin Perry Jr.,2025,CB,0.85,DB,59.984314,65.25351312058885,65.25351312058885,Meaningful G5 Contributor,Standout starter at the Group of 5 level; high-end depth in Power 4.,Potential Day 3 Pick
202501807,Jayden Bradley,2025,S,0.85,DB,54.687233,55.157267319853986,55.157267319853986,Multi-Year Starter,Consistent career presence; reliable rotational player or specialist.,nan
202501808,Jonathan Cravin,2025,CB,0.85,DB,57.89946,61.61735291482139,61.61735291482139,Meaningful G5 Contributor,Standout starter at the Group of 5 level; high-end depth in Power 4.,Potential Day 3 Pick
202501810,Christofer Noble,2025,S,0.85,DB,56.496338,58.745657620945074,58.745657620945074,Multi-Year Starter,Consistent career presence; reliable rotational player or specialist.,nan
202501818,Carter Byrd,2025,S,0.85,DB,58.36959,62.4385045609379,62.4385045609379,Meaningful G5 Contributor,Standout starter at the Group of 5 level; high-end depth in Power 4.,Potential Day 3 Pick
202501819,Elijah Ffrench,2025,S,0.85,DB,54.19595,54.06503417358751,54.06503417358751,Multi-Year Starter,Consistent career presence; reliable rotational player or specialist.,nan
202501830,Luke Reynolds,2025,S,0.85,DB,58.10961,62.01123213252197,62.01123213252197,Meaningful G5 Contributor,Standout starter at the Group of 5 level; high-end depth in Power 4.,Potential Day 3 Pick
202501831,Aiden Walker,2025,CB,0.85,DB,55.956566,57.84644025201397,57.84644025201397,Multi-Year Starter,Consistent career presence; reliable rotational player or specialist.,nan
202501834,Je'Hahj Sherrill,2025,S,0.85,DB,62.005825,68.40195753662088,68.40195753662088,Meaningful G5 Contributor,Standout starter at the Group of 5 level; high-end depth in Power 4.,Potential Day 3 Pick
202501836,Jordyn Criss,2025,CB,0.85,DB,59.911278,65.15151062226883,65.15151062226883,Meaningful G5 Contributor,Standout starter at the Group of 5 level; high-end depth in Power 4.,Potential Day 3 Pick
202501844,Brycen Dowdell,2025,CB,0.85,DB,62.53252,69.24445077928148,69.24445077928148,Meaningful G5 Contributor,Standout starter at the Group of 5 level; high-end depth in Power 4.,Potential Day 3 Pick
202501846,Latrell Noel,2025,CB,0.85,DB,57.867157,61.55403176535659,61.55403176535659,Meaningful G5 Contributor,Standout starter at the Group of 5 level; high-end depth in Power 4.,Potential Day 3 Pick
202501855,Cam Riley,2025,CB,0.8494,DB,59.78681,64.94377028662844,64.94377028662844,Meaningful G5 Contributor,Standout starter at the Group of 5 level; high-end depth in Power 4.,Potential Day 3 Pick
202501862,Xanai Scott,2025,S,0.8492,DB,55.7137,57.367429623615315,57.367429623615315,Multi-Year Starter,Consistent career presence; reliable rotational player or specialist.,nan
202501867,Tylan Boykin,2025,CB,0.8489,DB,58.968533,63.57265520513202,63.57265520513202,Meaningful G5 Contributor,Standout starter at the Group of 5 level; high-end depth in Power 4.,Potential Day 3 Pick
202501870,Zion Paret,2025,CB,0.8489,DB,61.33898,67.59234542376514,67.59234542376514,Meaningful G5 Contributor,Standout starter at the Group of 5 level; high-end depth in Power 4.,Potential Day 3 Pick
202501872,Joseph Holt,2025,S,0.8489,DB,59.30222,64.12319190521255,64.12319190521255,Meaningful G5 Contributor,Standout starter at the Group of 5 level; high-end depth in Power 4.,Potential Day 3 Pick
202501875,Braylen Wortham,2025,S,0.8486,DB,50.000233,41.05045745132639,41.05045745132639,Single Season Contributor,Late bloomer or one-year starter; limited career longevity.,nan
202501880,Kaden Cook,2025,S,0.8483,DB,55.50482,57.016902922546706,57.016902922546706,Multi-Year Starter,Consistent career presence; reliable rotational player or specialist.,nan
202501887,Ja'Torian Mack,2025,S,0.8483,DB,55.154175,56.26047770570788,56.26047770570788,Multi-Year Starter,Consistent career presence; reliable rotational player or specialist.,nan
202501891,Braylon Cardwell,2025,CB,0.8483,DB,53.922947,53.519952621809175,53.519952621809175,Multi-Year Starter,Consistent career presence; reliable rotational player or specialist.,nan
202501892,Aiden Knapke,2025,S,0.8483,DB,56.738533,59.25769115173032,59.25769115173032,Multi-Year Starter,Consistent career presence; reliable rotational player or specialist.,nan
202501900,Grant Stewart,2025,S,0.8478,DB,55.50482,57.016902922546706,57.016902922546706,Multi-Year Starter,Consistent career presence; reliable rotational player or specialist.,nan
202501908,Angelo Ross,2025,CB,0.8478,DB,58.471985,62.616154253967565,62.616154253967565,Meaningful G5 Contributor,Standout starter at the Group of 5 level; high-end depth in Power 4.,Potential Day 3 Pick
202501919,John Wetzel,2025,S,0.8475,DB,49.7502,40.21802460941737,40.21802460941737,Single Season Contributor,Late bloomer or one-year starter; limited career longevity.,nan
202501922,Jojo Crim,2025,CB,0.847,DB,59.29508,64.11367794309398,64.11367794309398,Meaningful G5 Contributor,Standout starter at the Group of 5 level; high-end depth in Power 4.,Potential Day 3 Pick
202501924,Antonious Steele,2025,S,0.847,DB,58.461704,62.59637956852532,62.59637956852532,Meaningful G5 Contributor,Standout starter at the Group of 5 level; high-end depth in Power 4.,Potential Day 3 Pick
202501925,Trevionn Morton,2025,S,0.847,DB,54.59263,54.906540767038386,54.906540767038386,Multi-Year Starter,Consistent career presence; reliable rotational player or specialist.,nan
202501926,Jayden Price,2025,S,0.847,DB,58.23916,62.243481486011184,62.243481486011184,Meaningful G5 Contributor,Standout starter at the Group of 5 level; high-end depth in Power 4.,Potential Day 3 Pick
202501927,Camron Nti,2025,S,0.847,DB,55.992058,57.903991999811694,57.903991999811694,Multi-Year Starter,Consistent career presence; reliable rotational player or specialist.,nan
202501932,Jaylen Lewis,2025,CB,0.8469,DB,58.346596,62.40412227573498,62.40412227573498,Meaningful G5 Contributor,Standout starter at the Group of 5 level; high-end depth in Power 4.,Potential Day 3 Pick
202501938,Dominik Calhoun,2025,S,0.8467,DB,52.571693,50.553539429008836,50.553539429008836,Multi-Year Starter,Consistent career presence; reliable rotational player or specialist.,nan
202501944,Tyron Steed,2025,S,0.8464,DB,57.92405,61.66555415826141,61.66555415826141,Meaningful G5 Contributor,Standout starter at the Group of 5 level; high-end depth in Power 4.,Potential Day 3 Pick
202501945,Jerron Blackwell,2025,S,0.8464,DB,57.292065,60.47765576336776,60.47765576336776,Meaningful G5 Contributor,Standout starter at the Group of 5 level; high-end depth in Power 4.,Potential Day 3 Pick
202501960,Jacob Wallace,2025,S,0.8456,DB,59.468433,64.43598495220016,64.43598495220016,Meaningful G5 Contributor,Standout starter at the Group of 5 level; high-end depth in Power 4.,Potential Day 3 Pick
202501962,Jackson Small,2025,CB,0.8456,DB,49.821373,40.47798165602553,40.47798165602553,Single Season Contributor,Late bloomer or one-year starter; limited career longevity.,nan
202501969,Michael Gilliam,2025,CB,0.8452,DB,56.161522,58.16573385816846,58.16573385816846,Multi-Year Starter,Consistent career presence; reliable rotational player or specialist.,nan
202501974,Karvon Jefferson,2025,S,0.845,DB,51.91554,48.40691201401627,48.40691201401627,Single Season Contributor,Late bloomer or one-year starter; limited career longevity.,nan
202501976,Mason McKnight,2025,S,0.845,DB,55.60197,57.18352980316695,57.18352980316695,Multi-Year Starter,Consistent career presence; reliable rotational player or specialist.,nan
202501993,Robert Santiago,2025,S,0.8447,DB,55.08131,56.13390040578379,56.13390040578379,Multi-Year Starter,Consistent career presence; reliable rotational player or specialist.,nan
202502005,Jamarey Smith,2025,S,0.8444,DB,51.24466,45.6718142466468,45.6718142466468,Single Season Contributor,Late bloomer or one-year starter; limited career longevity.,nan
202502007,Jamari Johnson,2025,CB,0.8444,DB,62.016582,68.41473234382794,68.41473234382794,Meaningful G5 Contributor,Standout starter at the Group of 5 level; high-end depth in Power 4.,Potential Day 3 Pick
202502009,Jabari Smith,2025,CB,0.8442,DB,61.816383,68.17698955764604,68.17698955764604,Meaningful G5 Contributor,Standout starter at the Group of 5 level; high-end depth in Power 4.,Potential Day 3 Pick
202502010,Seth Carethers,2025,CB,0.8442,DB,59.354385,64.19269160177858,64.19269160177858,Meaningful G5 Contributor,Standout starter at the Group of 5 level; high-end depth in Power 4.,Potential Day 3 Pick
202502015,Davion Kerr,2025,CB,0.8437,DB,57.826984,61.47528412423545,61.47528412423545,Meaningful G5 Contributor,Standout starter at the Group of 5 level; high-end depth in Power 4.,Potential Day 3 Pick
202502039,Max Phenicie,2025,S,0.8428,DB,47.00638,31.83629544412842,31.83629544412842,Partial Season Contributor,Rotational backup or special teams contributor; limited starts.,nan
202502045,Jerome Smith,2025,S,0.8425,DB,49.78034,40.34664200686795,40.34664200686795,Single Season Contributor,Late bloomer or one-year starter; limited career longevity.,nan
202502046,Jeremiah Jones,2025,S,0.8425,DB,53.632866,52.8171048110069,52.8171048110069,Multi-Year Starter,Consistent career presence; reliable rotational player or specialist.,nan
202502051,Myke Gunn,2025,CB,0.8419,DB,59.43468,64.35795281241424,64.35795281241424,Meaningful G5 Contributor,Standout starter at the Group of 5 level; high-end depth in Power 4.,Potential Day 3 Pick
202502063,Joel Cordoba,2025,S,0.8417,DB,52.799995,51.15148049828398,51.15148049828398,Multi-Year Starter,Consistent career presence; reliable rotational player or specialist.,nan
202502070,Carmaro Mayo,2025,CB,0.8414,DB,57.391968,60.63284474876279,60.63284474876279,Meaningful G5 Contributor,Standout starter at the Group of 5 level; high-end depth in Power 4.,Potential Day 3 Pick
202502081,DeVenchi Arnold II,2025,CB,0.8411,DB,54.451283,54.59396307062413,54.59396307062413,Multi-Year Starter,Consistent career presence; reliable rotational player or specialist.,nan
202502096,John Smith,2025,S,0.8404,DB,53.258804,52.029950882591926,52.029950882591926,Multi-Year Starter,Consistent career presence; reliable rotational player or specialist.,nan
202502099,Malekhi Weedon,2025,S,0.8404,DB,52.95275,51.450897089090034,51.450897089090034,Multi-Year Starter,Consistent career presence; reliable rotational player or specialist.,nan
202502114,Tre Darden,2025,S,0.84,DB,55.783928,57.534479532146435,57.534479532146435,Multi-Year Starter,Consistent career presence; reliable rotational player or specialist.,nan
202502115,Le’Roi Lewis,2025,CB,0.84,DB,55.737705,57.424531474478236,57.424531474478236,Multi-Year Starter,Consistent career presence; reliable rotational player or specialist.,nan
202502116,Gaylon McNeal,2025,S,0.84,DB,54.21104,54.097855312520544,54.097855312520544,Multi-Year Starter,Consistent career presence; reliable rotational player or specialist.,nan
202502124,Trevor Brooks,2025,S,0.84,DB,54.348694,54.390687842615996,54.390687842615996,Multi-Year Starter,Consistent career presence; reliable rotational player or specialist.,nan
202502129,Mason Goree,2025,CB,0.84,DB,51.39305,46.49812113434206,46.49812113434206,Single Season Contributor,Late bloomer or one-year starter; limited career longevity.,nan
202502131,Jahvion Jarmon,2025,CB,0.84,DB,59.17306,63.94722388439062,63.94722388439062,Meaningful G5 Contributor,Standout starter at the Group of 5 level; high-end depth in Power 4.,Potential Day 3 Pick
202502133,Devontae Ward-Grant,2025,S,0.84,DB,54.70424,55.21049932008691,55.21049932008691,Multi-Year Starter,Consistent career presence; reliable rotational player or specialist.,nan
202502142,Demauriah Brown,2025,CB,0.84,DB,58.874104,63.416026422354136,63.416026422354136,Meaningful G5 Contributor,Standout starter at the Group of 5 level; high-end depth in Power 4.,Potential Day 3 Pick
202502147,Gionni McBride,2025,CB,0.84,DB,53.70158,52.98716689732128,52.98716689732128,Multi-Year Starter,Consistent career presence; reliable rotational player or specialist.,nan
202502155,Braylon Henry,2025,S,0.84,DB,59.282387,64.09676931490566,64.09676931490566,Meaningful G5 Contributor,Standout starter at the Group of 5 level; high-end depth in Power 4.,Potential Day 3 Pick
202502159,Jaron Hodson,2025,S,0.84,DB,54.263386,54.211700526989446,54.211700526989446,Multi-Year Starter,Consistent career presence; reliable rotational player or specialist.,nan
202502165,Chris Joe,2025,S,0.84,DB,52.931744,51.41501158902246,51.41501158902246,Multi-Year Starter,Consistent career presence; reliable rotational player or specialist.,nan
202502168,Omar Jah,2025,CB,0.84,DB,54.52856,54.75969742970576,54.75969742970576,Multi-Year Starter,Consistent career presence; reliable rotational player or specialist.,nan
202502184,Junior Coughlin,2025,S,0.84,DB,53.05732,51.62952307925751,51.62952307925751,Multi-Year Starter,Consistent career presence; reliable rotational player or specialist.,nan
202502199,Bernard Lackey Jr.,2025,S,0.84,DB,54.844696,55.62418263606808,55.62418263606808,Multi-Year Starter,Consistent career presence; reliable rotational player or specialist.,nan
202502201,Christopher Williams,2025,CB,0.84,DB,55.474648,56.93628160694295,56.93628160694295,Multi-Year Starter,Consistent career presence; reliable rotational player or specialist.,nan
202502206,Stacy Gentle,2025,CB,0.84,DB,55.474648,56.93628160694295,56.93628160694295,Multi-Year Starter,Consistent career presence; reliable rotational player or specialist.,nan
202502215,Rico Clay,2025,CB,0.84,DB,58.235825,62.23758851876262,62.23758851876262,Meaningful G5 Contributor,Standout starter at the Group of 5 level; high-end depth in Power 4.,Potential Day 3 Pick
202502219,Greg Gipson Jr.,2025,CB,0.84,DB,55.202797,56.34494209316573,56.34494209316573,Multi-Year Starter,Consistent career presence; reliable rotational player or specialist.,nan
202502223,JJ Moultrie,2025,CB,0.84,DB,61.53374,67.86942915565662,67.86942915565662,Meaningful G5 Contributor,Standout starter at the Group of 5 level; high-end depth in Power 4.,Potential Day 3 Pick
202502236,Dorian Mallary Jr.,2025,CB,0.84,DB,55.821465,57.60599717548917,57.60599717548917,Multi-Year Starter,Consistent career presence; reliable rotational player or specialist.,nan
202502240,Khalil Foster,2025,S,0.84,DB,57.71448,61.18155464735,61.18155464735,Meaningful G5 Contributor,Standout starter at the Group of 5 level; high-end depth in Power 4.,Potential Day 3 Pick
202502248,Tavarez Edwards,2025,S,0.8396,DB,52.87193,51.31283533315547,51.31283533315547,Multi-Year Starter,Consistent career presence; reliable rotational player or specialist.,nan
202502252,Manny Watkins,2025,S,0.8394,DB,53.615566,52.77428953529293,52.77428953529293,Multi-Year Starter,Consistent career presence; reliable rotational player or specialist.,nan
202502258,Cairo Skanes,2025,CB,0.8389,DB,56.178543,58.188952128608555,58.188952128608555,Multi-Year Starter,Consistent career presence; reliable rotational player or specialist.,nan
202502265,Mark Rayson III,2025,S,0.8386,DB,52.3847,49.97376954687444,49.97376954687444,Single Season Contributor,Late bloomer or one-year starter; limited career longevity.,nan
202502269,LaMarcus Hicks II,2025,CB,0.8386,DB,54.643867,55.02398046379646,55.02398046379646,Multi-Year Starter,Consistent career presence; reliable rotational player or specialist.,nan
202502274,JT Taylor,2025,CB,0.8383,DB,55.746284,57.44493860344545,57.44493860344545,Multi-Year Starter,Consistent career presence; reliable rotational player or specialist.,nan
202502281,Juan Berchal,2025,S,0.8378,DB,55.518738,57.05408453560897,57.05408453560897,Multi-Year Starter,Consistent career presence; reliable rotational player or specialist.,nan
202502287,Decari Prater,2025,S,0.8378,DB,60.01495,65.29629918890642,65.29629918890642,Meaningful G5 Contributor,Standout starter at the Group of 5 level; high-end depth in Power 4.,Potential Day 3 Pick
202502296,Brent Gordon Jr.,2025,S,0.837,DB,55.754612,57.464746857129505,57.464746857129505,Multi-Year Starter,Consistent career presence; reliable rotational player or specialist.,nan
202502301,Kelvin Reyes,2025,S,0.8367,DB,54.90816,55.80171978031431,55.80171978031431,Multi-Year Starter,Consistent career presence; reliable rotational player or specialist.,nan
202502305,Nevada Miller,2025,S,0.8367,DB,55.765255,57.49006294864509,57.49006294864509,Multi-Year Starter,Consistent career presence; reliable rotational player or specialist.,nan
202502314,CJ Solis-Lumar,2025,CB,0.8367,DB,55.29752,56.52699371194455,56.52699371194455,Multi-Year Starter,Consistent career presence; reliable rotational player or specialist.,nan
202502328,Uriah Points,2025,CB,0.8358,DB,57.483913,60.76946907717889,60.76946907717889,Meaningful G5 Contributor,Standout starter at the Group of 5 level; high-end depth in Power 4.,Potential Day 3 Pick
202502333,Abe Jager,2025,CB,0.8356,DB,56.375496,58.52858667752836,58.52858667752836,Multi-Year Starter,Consistent career presence; reliable rotational player or specialist.,nan
202502337,Haydon Caston,2025,S,0.8353,DB,52.951103,51.448082028979414,51.448082028979414,Multi-Year Starter,Consistent career presence; reliable rotational player or specialist.,nan
202502339,Chase Sutton,2025,CB,0.8352,DB,51.52226,47.18490853880942,47.18490853880942,Single Season Contributor,Late bloomer or one-year starter; limited career longevity.,nan
202502354,Jamarion Bennett,2025,S,0.835,DB,57.176853,60.2674876667444,60.2674876667444,Meaningful G5 Contributor,Standout starter at the Group of 5 level; high-end depth in Power 4.,Potential Day 3 Pick
202502359,Arthur de Boachie,2025,S,0.8348,DB,53.34256,52.207725967482645,52.207725967482645,Multi-Year Starter,Consistent career presence; reliable rotational player or specialist.,nan
202502360,Antonio Cromartie Jr.,2025,CB,0.8344,DB,56.549335,58.825751428531966,58.825751428531966,Multi-Year Starter,Consistent career presence; reliable rotational player or specialist.,nan
202502367,Jordan Bergeron,2025,CB,0.8344,DB,54.928432,55.8409906382487,55.8409906382487,Multi-Year Starter,Consistent career presence; reliable rotational player or specialist.,nan
202502372,Nizhan Feagin,2025,S,0.8342,DB,53.357876,52.24076205467476,52.24076205467476,Multi-Year Starter,Consistent career presence; reliable rotational player or specialist.,nan
202502373,Desmon Yharbrough,2025,S,0.8339,DB,58.062103,61.92475332521168,61.92475332521168,Meaningful G5 Contributor,Standout starter at the Group of 5 level; high-end depth in Power 4.,Potential Day 3 Pick
202502376,Taylor Lawrence,2025,CB,0.8337,DB,47.27519,32.60789754805514,32.60789754805514,Partial Season Contributor,Rotational backup or special teams contributor; limited starts.,nan
202502377,Jamarcus Pierre,2025,CB,0.8337,DB,58.48756,62.64611345272849,62.64611345272849,Meaningful G5 Contributor,Standout starter at the Group of 5 level; high-end depth in Power 4.,Potential Day 3 Pick
202502381,Tairan Davis Jr.,2025,S,0.8337,DB,54.56928,54.85302316847852,54.85302316847852,Multi-Year Starter,Consistent career presence; reliable rotational player or specialist.,nan
202502383,Cordarian Powell,2025,CB,0.8337,DB,55.33674,56.60663686914402,56.60663686914402,Multi-Year Starter,Consistent career presence; reliable rotational player or specialist.,nan
202502393,Davion Dean,2025,S,0.8336,DB,50.784325,43.745837529996805,43.745837529996805,Single Season Contributor,Late bloomer or one-year starter; limited career longevity.,nan
202502402,DeMaje Williams,2025,CB,0.8328,DB,53.721428,53.036288811222,53.036288811222,Multi-Year Starter,Consistent career presence; reliable rotational player or specialist.,nan
202502407,Vi'Naz Cobb,2025,S,0.8325,DB,42.395203,20.770226045872505,20.770226045872505,Partial Season Contributor,Rotational backup or special teams contributor; limited starts.,nan
202502421,Zah'eed Pierre,2025,CB,0.8317,DB,54.884724,55.73764078837139,55.73764078837139,Multi-Year Starter,Consistent career presence; reliable rotational player or specialist.,nan
202502423,Christian Barrett,2025,CB,0.8317,DB,53.610157,52.76090209075877,52.76090209075877,Multi-Year Starter,Consistent career presence; reliable rotational player or specialist.,nan
202502430,DJ Watkins,2025,CB,0.8311,DB,54.6127,54.95254789064924,54.95254789064924,Multi-Year Starter,Consistent career presence; reliable rotational player or specialist.,nan
202502432,Zephen Walker,2025,S,0.8311,DB,50.471165,42.79010985889591,42.79010985889591,Single Season Contributor,Late bloomer or one-year starter; limited career longevity.,nan
202502445,Michael Amey III,2025,S,0.8304,DB,51.07065,44.681346393009335,44.681346393009335,Single Season Contributor,Late bloomer or one-year starter; limited career longevity.,nan
202502470,KJ Sejour,2025,CB,0.83,DB,54.61146,54.94970632562197,54.94970632562197,Multi-Year Starter,Consistent career presence; reliable rotational player or specialist.,nan
202502480,Rasaan Thomas,2025,S,0.83,DB,54.792282,55.47561549486466,55.47561549486466,Multi-Year Starter,Consistent career presence; reliable rotational player or specialist.,nan
202502492,Xair Stevenson,2025,CB,0.83,DB,53.313725,52.14552925936678,52.14552925936678,Multi-Year Starter,Consistent career presence; reliable rotational player or specialist.,nan
202502499,Trey Cotton,2025,S,0.83,DB,47.488045,33.17205340724494,33.17205340724494,Partial Season Contributor,Rotational backup or special teams contributor; limited starts.,nan
202502500,RJ Harrison,2025,S,0.83,DB,53.260963,52.03430718955985,52.03430718955985,Multi-Year Starter,Consistent career presence; reliable rotational player or specialist.,nan
202502506,Jamarion Kolagbodi,2025,CB,0.83,DB,48.72392,36.34213804418012,36.34213804418012,Partial Season Contributor,Rotational backup or special teams contributor; limited starts.,nan
202502517,Kam Totton,2025,S,0.83,DB,53.361225,52.2479863845763,52.2479863845763,Multi-Year Starter,Consistent career presence; reliable rotational player or specialist.,nan
202502522,Kevin Malone,2025,CB,0.83,DB,55.131393,56.2209028334422,56.2209028334422,Multi-Year Starter,Consistent career presence; reliable rotational player or specialist.,nan
202502524,Jacob Holmes,2025,S,0.83,DB,51.947624,48.483912127099764,48.483912127099764,Single Season Contributor,Late bloomer or one-year starter; limited career longevity.,nan
202502525,Messiah Washington,2025,S,0.83,DB,52.62376,50.70648891153063,50.70648891153063,Multi-Year Starter,Consistent career presence; reliable rotational player or specialist.,nan
202502536,Tanner Caudle,2025,S,0.83,DB,55.540245,57.09178557528143,57.09178557528143,Multi-Year Starter,Consistent career presence; reliable rotational player or specialist.,nan
202502560,Caleb Holmes,2025,CB,0.83,DB,58.69853,63.1544013754896,63.1544013754896,Meaningful G5 Contributor,Standout starter at the Group of 5 level; high-end depth in Power 4.,Potential Day 3 Pick
202502562,Hayden Gunlock,2025,S,0.83,DB,52.516678,50.39192777709814,50.39192777709814,Multi-Year Starter,Consistent career presence; reliable rotational player or specialist.,nan
202502567,Howard Daniels,2025,CB,0.83,DB,56.791435,59.34211538001793,59.34211538001793,Multi-Year Starter,Consistent career presence; reliable rotational player or specialist.,nan
202502568,Zanden Willis,2025,CB,0.83,DB,53.627563,52.803981716576374,52.803981716576374,Multi-Year Starter,Consistent career presence; reliable rotational player or specialist.,nan
202502573,Yusuf Thomas,2025,CB,0.83,DB,52.668934,50.8391893124408,50.8391893124408,Multi-Year Starter,Consistent career presence; reliable rotational player or specialist.,nan
202502582,Justin Hawkins,2025,CB,0.83,DB,52.81017,51.17548232468129,51.17548232468129,Multi-Year Starter,Consistent career presence; reliable rotational player or specialist.,nan
202502583,Troy Temple,2025,S,0.83,DB,57.769066,61.32397372551159,61.32397372551159,Meaningful G5 Contributor,Standout starter at the Group of 5 level; high-end depth in Power 4.,Potential Day 3 Pick
202502599,Jamal Olford,2025,CB,0.83,DB,53.641445,52.83833778897398,52.83833778897398,Multi-Year Starter,Consistent career presence; reliable rotational player or specialist.,nan
202502607,Logan Miller,2025,CB,0.83,DB,46.53273,30.517541622333255,30.517541622333255,Partial Season Contributor,Rotational backup or special teams contributor; limited starts.,nan
202502620,Chase Shumate,2025,S,0.8292,DB,48.83291,36.75398390510064,36.75398390510064,Partial Season Contributor,Rotational backup or special teams contributor; limited starts.,nan
202502625,Derrick Jackson,2025,S,0.8286,DB,53.08735,51.68401700806886,51.68401700806886,Multi-Year Starter,Consistent career presence; reliable rotational player or specialist.,nan
202502626,Sean Martin,2025,S,0.8286,DB,53.163242,51.83714196765673,51.83714196765673,Multi-Year Starter,Consistent career presence; reliable rotational player or specialist.,nan
202502633,CJ Floyd,2025,S,0.8278,DB,52.400352,50.02389548757738,50.02389548757738,Multi-Year Starter,Consistent career presence; reliable rotational player or specialist.,nan
202502635,Jonathan Rousseau,2025,S,0.8278,DB,51.301308,45.97408225235243,45.97408225235243,Single Season Contributor,Late bloomer or one-year starter; limited career longevity.,nan
202502640,Isaiah Rollins,2025,S,0.8272,DB,46.43283,30.24276792782392,30.24276792782392,Partial Season Contributor,Rotational backup or special teams contributor; limited starts.,nan
202502652,Monterrius Echols,2025,CB,0.827,DB,56.28687,58.336717531048585,58.336717531048585,Multi-Year Starter,Consistent career presence; reliable rotational player or specialist.,nan
202502655,Khory Moss,2025,CB,0.827,DB,53.609333,52.758862818530716,52.758862818530716,Multi-Year Starter,Consistent career presence; reliable rotational player or specialist.,nan
202502679,Roddrey McWilliams,2025,CB,0.8256,DB,52.6858,50.88206967150112,50.88206967150112,Multi-Year Starter,Consistent career presence; reliable rotational player or specialist.,nan
202502684,Bryce Garza,2025,CB,0.8256,DB,51.268166,45.79724020295374,45.79724020295374,Single Season Contributor,Late bloomer or one-year starter; limited career longevity.,nan
202502688,Tobi Adewoyin,2025,S,0.825,DB,52.957066,51.45826707285187,51.45826707285187,Multi-Year Starter,Consistent career presence; reliable rotational player or specialist.,nan
202502691,Mykel Ford,2025,S,0.825,DB,54.988743,55.95782772216716,55.95782772216716,Multi-Year Starter,Consistent career presence; reliable rotational player or specialist.,nan
202502694,Kareem Williams,2025,S,0.825,DB,56.341255,58.450557114720596,58.450557114720596,Multi-Year Starter,Consistent career presence; reliable rotational player or specialist.,nan
202502695,Rico Garcia,2025,S,0.825,DB,55.043575,56.06405265855198,56.06405265855198,Multi-Year Starter,Consistent career presence; reliable rotational player or specialist.,nan
202502707,Steven Ranel II,2025,S,0.8244,DB,55.57422,57.14228147130444,57.14228147130444,Multi-Year Starter,Consistent career presence; reliable rotational player or specialist.,nan
202502709,Tyson Long,2025,CB,0.8241,DB,54.679466,55.13295589040709,55.13295589040709,Multi-Year Starter,Consistent career presence; reliable rotational player or specialist.,nan
202502716,Damon Allen,2025,S,0.8237,DB,52.718918,50.960203851021724,50.960203851021724,Multi-Year Starter,Consistent career presence; reliable rotational player or specialist.,nan
202502725,Darien Fantroy,2025,CB,0.8237,DB,53.24712,52.006376027039394,52.006376027039394,Multi-Year Starter,Consistent career presence; reliable rotational player or specialist.,nan
202502726,Gavin Harris,2025,CB,0.8237,DB,54.50007,54.69439389374045,54.69439389374045,Multi-Year Starter,Consistent career presence; reliable rotational player or specialist.,nan
202502741,Donovan Lanier,2025,CB,0.8222,DB,56.70639,59.20639618868219,59.20639618868219,Multi-Year Starter,Consistent career presence; reliable rotational player or specialist.,nan
202502747,Eric Harris,2025,S,0.8217,DB,53.43133,52.39920362253811,52.39920362253811,Multi-Year Starter,Consistent career presence; reliable rotational player or specialist.,nan
202502753,D'Angelo Hagans Jr.,2025,S,0.8206,DB,55.844868,57.64768488088906,57.64768488088906,Multi-Year Starter,Consistent career presence; reliable rotational player or specialist.,nan
202502757,Erion Wilkins,2025,CB,0.8204,DB,55.769386,57.49988994760974,57.49988994760974,Multi-Year Starter,Consistent career presence; reliable rotational player or specialist.,nan
202502759,RJ McIntosh,2025,S,0.8204,DB,54.279015,54.245691479013864,54.245691479013864,Multi-Year Starter,Consistent career presence; reliable rotational player or specialist.,nan
202502766,Gabriel White,2025,CB,0.8204,DB,55.769386,57.49988994760974,57.49988994760974,Multi-Year Starter,Consistent career presence; reliable rotational player or specialist.,nan
202502794,Jayden Gray,2025,CB,0.82,DB,53.261723,52.03583882398849,52.03583882398849,Multi-Year Starter,Consistent career presence; reliable rotational player or specialist.,nan
202502800,Jakai Clardy,2025,CB,0.82,DB,55.53612,57.08565644170846,57.08565644170846,Multi-Year Starter,Consistent career presence; reliable rotational player or specialist.,nan
202502804,Juan-Milleon Aguilar,2025,S,0.82,DB,53.997005,53.67274795838457,53.67274795838457,Multi-Year Starter,Consistent career presence; reliable rotational player or specialist.,nan
202502807,Ryder Keplar,2025,CB,0.82,DB,55.740955,57.43226240995181,57.43226240995181,Multi-Year Starter,Consistent career presence; reliable rotational player or specialist.,nan
202502810,Kesler Jenkins,2025,CB,0.82,DB,55.57335,57.14098874007907,57.14098874007907,Multi-Year Starter,Consistent career presence; reliable rotational player or specialist.,nan
202502813,Devon St. Clair,2025,S,0.82,DB,55.75719,57.470880791847975,57.470880791847975,Multi-Year Starter,Consistent career presence; reliable rotational player or specialist.,nan
202502828,Jayden Mayberry,2025,S,0.82,DB,54.978462,55.93791147035437,55.93791147035437,Multi-Year Starter,Consistent career presence; reliable rotational player or specialist.,nan
202502830,Josiah Young,2025,CB,0.82,DB,55.750725,57.455500585712166,57.455500585712166,Multi-Year Starter,Consistent career presence; reliable rotational player or specialist.,nan
202502831,Cam'Ren-Chance Brooks,2025,S,0.82,DB,53.536816,52.60530241627984,52.60530241627984,Multi-Year Starter,Consistent career presence; reliable rotational player or specialist.,nan
202502837,Tre Meadows,2025,S,0.82,DB,52.847824,51.264316980987196,51.264316980987196,Multi-Year Starter,Consistent career presence; reliable rotational player or specialist.,nan
202502838,Jermaine Barrett,2025,CB,0.82,DB,55.591843,57.16847628823981,57.16847628823981,Multi-Year Starter,Consistent career presence; reliable rotational player or specialist.,nan
202502852,RJ Rainer,2025,CB,0.82,DB,58.52784,62.72359059691576,62.72359059691576,Meaningful G5 Contributor,Standout starter at the Group of 5 level; high-end depth in Power 4.,Potential Day 3 Pick
202502854,Devontae Roberts,2025,CB,0.82,DB,57.30248,60.49665314446111,60.49665314446111,Meaningful G5 Contributor,Standout starter at the Group of 5 level; high-end depth in Power 4.,Potential Day 3 Pick
202502866,Temarion Foster,2025,CB,0.82,DB,56.861874,59.48413681625827,59.48413681625827,Multi-Year Starter,Consistent career presence; reliable rotational player or specialist.,nan
202502868,Jaiden Melton,2025,CB,0.82,DB,57.15776,60.2142472826174,60.2142472826174,Meaningful G5 Contributor,Standout starter at the Group of 5 level; high-end depth in Power 4.,Potential Day 3 Pick
202502873,Tsiyown Lowery,2025,S,0.82,DB,53.97004,53.62201171612805,53.62201171612805,Multi-Year Starter,Consistent career presence; reliable rotational player or specialist.,nan
202502875,Brandon Jones,2025,S,0.82,DB,56.26092,58.30132293769728,58.30132293769728,Multi-Year Starter,Consistent career presence; reliable rotational player or specialist.,nan
202502876,Jermaine Dukes,2025,CB,0.82,DB,53.79242,53.21042135374571,53.21042135374571,Multi-Year Starter,Consistent career presence; reliable rotational player or specialist.,nan
202502877,Marion Moore,2025,CB,0.82,DB,57.75591,61.289494610301,61.289494610301,Meaningful G5 Contributor,Standout starter at the Group of 5 level; high-end depth in Power 4.,Potential Day 3 Pick
202502881,Kendrick Carter,2025,CB,0.82,DB,56.110302,58.09573012604622,58.09573012604622,Multi-Year Starter,Consistent career presence; reliable rotational player or specialist.,nan
202502882,Timothy Wallace,2025,CB,0.82,DB,55.150345,56.253824461944525,56.253824461944525,Multi-Year Starter,Consistent career presence; reliable rotational player or specialist.,nan
202502884,Cordai Fisher,2025,CB,0.82,DB,53.15823,51.82702856243439,51.82702856243439,Multi-Year Starter,Consistent career presence; reliable rotational player or specialist.,nan
202502888,Isaiah Davis,2025,S,0.82,DB,48.81969,36.70452656785091,36.70452656785091,Partial Season Contributor,Rotational backup or special teams contributor; limited starts.,nan
202502889,Braylon James,2025,S,0.82,DB,55.611523,57.197727167150965,57.197727167150965,Multi-Year Starter,Consistent career presence; reliable rotational player or specialist.,nan
202502896,Landan Goff,2025,S,0.82,DB,56.137016,58.13230620928742,58.13230620928742,Multi-Year Starter,Consistent career presence; reliable rotational player or specialist.,nan
202502900,Tyson Deen,2025,CB,0.82,DB,56.21631,58.24046734092522,58.24046734092522,Multi-Year Starter,Consistent career presence; reliable rotational player or specialist.,nan
202502903,Zavien Bryant,2025,CB,0.82,DB,54.574284,54.86449434791171,54.86449434791171,Multi-Year Starter,Consistent career presence; reliable rotational player or specialist.,nan
202502911,Ryan Humphrey II,2025,S,0.82,DB,53.666386,52.90006353817308,52.90006353817308,Multi-Year Starter,Consistent career presence; reliable rotational player or specialist.,nan
202502920,DaJhon Hall,2025,S,0.8196,DB,54.886906,55.743825679548124,55.743825679548124,Multi-Year Starter,Consistent career presence; reliable rotational player or specialist.,nan
202502943,Camari Hall,2025,S,0.8169,DB,47.42589,33.01310856240169,33.01310856240169,Partial Season Contributor,Rotational backup or special teams contributor; limited starts.,nan
202502947,Lava Vailahi,2025,CB,0.8167,DB,57.294422,60.48195626941746,60.48195626941746,Meaningful G5 Contributor,Standout starter at the Group of 5 level; high-end depth in Power 4.,Potential Day 3 Pick
202502960,Max Mustell,2025,S,0.815,DB,51.412796,46.614038329782645,46.614038329782645,Single Season Contributor,Late bloomer or one-year starter; limited career longevity.,nan
202502980,Tajean Stallworth,2025,CB,0.8122,DB,52.918724,51.392771310879986,51.392771310879986,Multi-Year Starter,Consistent career presence; reliable rotational player or specialist.,nan
202502986,Zion Jones,2025,S,0.8106,DB,51.54335,47.29030065183885,47.29030065183885,Single Season Contributor,Late bloomer or one-year starter; limited career longevity.,nan
202502987,Josiah Jones,2025,S,0.8106,DB,50.00757,41.0739366876683,41.0739366876683,Single Season Contributor,Late bloomer or one-year starter; limited career longevity.,nan
202502994,Chase Davis,2025,CB,0.81,DB,51.219025,45.53503034103455,45.53503034103455,Single Season Contributor,Late bloomer or one-year starter; limited career longevity.,nan
202503001,Tavian Edwards,2025,S,0.81,DB,52.678684,50.86528549218691,50.86528549218691,Multi-Year Starter,Consistent career presence; reliable rotational player or specialist.,nan
202503007,Landen Kahai,2025,CB,0.81,DB,52.596607,50.62672523532064,50.62672523532064,Multi-Year Starter,Consistent career presence; reliable rotational player or specialist.,nan
202503009,Sean Jones,2025,S,0.81,DB,50.282845,42.221576063802516,42.221576063802516,Single Season Contributor,Late bloomer or one-year starter; limited career longevity.,nan
202503011,Sage Salopek,2025,CB,0.81,DB,51.925663,48.431208566165076,48.431208566165076,Single Season Contributor,Late bloomer or one-year starter; limited career longevity.,nan
202503028,Ryan Kiwanuka,2025,CB,0.81,DB,50.66999,43.42592068113159,43.42592068113159,Single Season Contributor,Late bloomer or one-year starter; limited career longevity.,nan
202503048,Zion Johnson,2025,CB,0.81,DB,50.923748,44.16199387531668,44.16199387531668,Single Season Contributor,Late bloomer or one-year starter; limited career longevity.,nan
202503051,Xzavier Mcgruder,2025,CB,0.81,DB,52.97693,51.49219767006485,51.49219767006485,Multi-Year Starter,Consistent career presence; reliable rotational player or specialist.,nan
202503056,James Rose,2025,S,0.81,DB,50.65122,43.37339462970807,43.37339462970807,Single Season Contributor,Late bloomer or one-year starter; limited career longevity.,nan
202503064,Owen Barry-Wilson,2025,S,0.81,DB,48.017464,34.485826239770155,34.485826239770155,Partial Season Contributor,Rotational backup or special teams contributor; limited starts.,nan
202503067,Trillion Sorrell,2025,CB,0.81,DB,52.455593,50.20080841648774,50.20080841648774,Multi-Year Starter,Consistent career presence; reliable rotational player or specialist.,nan
202503069,Brody Miller,2025,S,0.81,DB,51.07765,44.72493772447093,44.72493772447093,Single Season Contributor,Late bloomer or one-year starter; limited career longevity.,nan
202503072,Elvin Ampofo,2025,S,0.81,DB,54.478783,54.64845350005597,54.64845350005597,Multi-Year Starter,Consistent career presence; reliable rotational player or specialist.,nan
202503073,Jaden Brown,2025,S,0.81,DB,51.284107,45.88230269425635,45.88230269425635,Single Season Contributor,Late bloomer or one-year starter; limited career longevity.,nan
202503101,Ja'Lyen Judson,2025,CB,0.8089,DB,52.038452,48.701885339859,48.701885339859,Single Season Contributor,Late bloomer or one-year starter; limited career longevity.,nan
202503104,Devin Brown,2025,CB,0.807,DB,52.686928,50.8847335412475,50.8847335412475,Multi-Year Starter,Consistent career presence; reliable rotational player or specialist.,nan
202503116,Preston EstoEsta,2025,S,0.8044,DB,47.608116,33.47911459525734,33.47911459525734,Partial Season Contributor,Rotational backup or special teams contributor; limited starts.,nan
202503122,Le'Javier Payne,2025,CB,0.8017,DB,50.131927,41.58340449719964,41.58340449719964,Single Season Contributor,Late bloomer or one-year starter; limited career longevity.,nan
202503134,Christian Watson,2025,CB,0.8,DB,53.354164,52.23275604898661,52.23275604898661,Multi-Year Starter,Consistent career presence; reliable rotational player or specialist.,nan
202503139,Airriss Rosemond,2025,CB,0.8,DB,53.206318,51.92405260066332,51.92405260066332,Multi-Year Starter,Consistent career presence; reliable rotational player or specialist.,nan
202503140,Teddy Chung,2025,S,0.8,DB,48.50054,35.49761970893702,35.49761970893702,Partial Season Contributor,Rotational backup or special teams contributor; limited starts.,nan
202503158,Davyne Jones,2025,CB,0.8,DB,41.30723,18.55853105543177,18.55853105543177,Minimal D1 Impact,Roster filler; medical DQ; or transferred to lower levels.,nan
202503168,Cade Paterson,2025,S,0.8,DB,49.983223,40.99601443788457,40.99601443788457,Single Season Contributor,Late bloomer or one-year starter; limited career longevity.,nan
202503169,Justice Croffie,2025,S,0.8,DB,48.764427,36.49565996930875,36.49565996930875,Partial Season Contributor,Rotational backup or special teams contributor; limited starts.,nan
202503171,Terry Lee,2025,CB,0.8,DB,50.050117,41.210123584266206,41.210123584266206,Single Season Contributor,Late bloomer or one-year starter; limited career longevity.,nan
202503174,Chase Menefee,2025,CB,0.8,DB,55.189503,56.32184791536166,56.32184791536166,Multi-Year Starter,Consistent career presence; reliable rotational player or specialist.,nan
202503186,Ahmad Grayer,2025,CB,0.8,DB,50.459377,42.75452395278781,42.75452395278781,Single Season Contributor,Late bloomer or one-year starter; limited career longevity.,nan
202503197,David Konan,2025,CB,0.8,DB,56.658424,59.121356600382114,59.121356600382114,Multi-Year Starter,Consistent career presence; reliable rotational player or specialist.,nan
202503202,Lono Solomon,2025,S,0.8,DB,50.395443,42.56150784069339,42.56150784069339,Single Season Contributor,Late bloomer or one-year starter; limited career longevity.,nan
202503213,Ryan-Jalen Tillman,2025,S,0.8,DB,53.13803,51.786274771983635,51.786274771983635,Multi-Year Starter,Consistent career presence; reliable rotational player or specialist.,nan
202503219,Mikhail Benner,2025,CB,0.7983,DB,53.369602,52.26605543749632,52.26605543749632,Multi-Year Starter,Consistent career presence; reliable rotational player or specialist.,nan
202503227,Justin Wyatt Jr.,2025,S,0.7933,DB,52.129288,48.963065384372115,48.963065384372115,Single Season Contributor,Late bloomer or one-year starter; limited career longevity.,nan
202503232,Jack Lockhart,2025,S,0.79,DB,38.993504,13.855039312467873,13.855039312467873,Minimal D1 Impact,Roster filler; medical DQ; or transferred to lower levels.,nan
202503243,Wesley Valgardson,2025,CB,0.79,DB,51.577328,47.43688973887543,47.43688973887543,Single Season Contributor,Late bloomer or one-year starter; limited career longevity.,nan
202503249,Joseph Kramlich,2025,CB,0.79,DB,50.52747,42.9742791801455,42.9742791801455,Single Season Contributor,Late bloomer or one-year starter; limited career longevity.,nan
202503266,James Schlendorf,2025,CB,0.79,DB,54.61743,54.963389554137926,54.963389554137926,Multi-Year Starter,Consistent career presence; reliable rotational player or specialist.,nan
202503268,Justin Kabera,2025,CB,0.79,DB,48.965794,37.251197856931626,37.251197856931626,Partial Season Contributor,Rotational backup or special teams contributor; limited starts.,nan
202503271,Caisen Thome,2025,S,0.79,DB,48.1937,34.87920374134383,34.87920374134383,Partial Season Contributor,Rotational backup or special teams contributor; limited starts.,nan
202503273,Ethan Moore,2025,S,0.79,DB,44.196907,24.58782131554984,24.58782131554984,Partial Season Contributor,Rotational backup or special teams contributor; limited starts.,nan
202503286,DonPaul Keith,2025,CB,0.79,DB,52.8813,51.32884598753463,51.32884598753463,Multi-Year Starter,Consistent career presence; reliable rotational player or specialist.,nan
202503289,Kims Pierre,2025,CB,0.79,DB,48.05515,34.575006166074054,34.575006166074054,Partial Season Contributor,Rotational backup or special teams contributor; limited starts.,nan
202503296,Jeremiah Polk,2025,CB,0.79,DB,38.3904,12.629012496708402,12.629012496708402,Minimal D1 Impact,Roster filler; medical DQ; or transferred to lower levels.,nan
202503306,Charlie Prior,2025,S,0.79,DB,45.409576,27.42910118012506,27.42910118012506,Partial Season Contributor,Rotational backup or special teams contributor; limited starts.,nan
202503329,Gavin Hagan,2025,S,0.78,DB,49.69881,39.983122884619874,39.983122884619874,Partial Season Contributor,Rotational backup or special teams contributor; limited starts.,nan
202503344,Ashton Rees,2025,S,0.78,DB,51.521336,47.18029560855926,47.18029560855926,Single Season Contributor,Late bloomer or one-year starter; limited career longevity.,nan
202503345,Elijah Dawkins,2025,CB,0.78,DB,53.47861,52.49298525582507,52.49298525582507,Multi-Year Starter,Consistent career presence; reliable rotational player or specialist.,nan
202503357,Dylan Vokal,2025,S,0.78,DB,52.200195,49.25553149926098,49.25553149926098,Single Season Contributor,Late bloomer or one-year starter; limited career longevity.,nan
202503371,Mylek Lee,2025,S,0.78,DB,55.08343,56.13758487145354,56.13758487145354,Multi-Year Starter,Consistent career presence; reliable rotational player or specialist.,nan
202503377,Alex Perez,2025,S,0.78,DB,50.293247,42.2529814896785,42.2529814896785,Single Season Contributor,Late bloomer or one-year starter; limited career longevity.,nan
202503382,Jake Bushelman,2025,S,0.78,DB,50.61512,43.269553704579764,43.269553704579764,Single Season Contributor,Late bloomer or one-year starter; limited career longevity.,nan
202503392,Tristan Johnson,2025,CB,0.78,DB,44.447357,25.17462505588096,25.17462505588096,Partial Season Contributor,Rotational backup or special teams contributor; limited starts.,nan
202503398,Javien Jackson,2025,S,0.78,DB,52.525356,50.41742122517031,50.41742122517031,Multi-Year Starter,Consistent career presence; reliable rotational player or specialist.,nan
202503406,Wyatt Mueller,2025,S,0.78,DB,53.117805,51.745467104944936,51.745467104944936,Multi-Year Starter,Consistent career presence; reliable rotational player or specialist.,nan
202503407,Nigel Grisby,2025,CB,0.78,DB,52.607403,50.658437964131295,50.658437964131295,Multi-Year Starter,Consistent career presence; reliable rotational player or specialist.,nan
202503410,Samuel Etienne,2025,CB,0.78,DB,53.70818,53.00349995729596,53.00349995729596,Multi-Year Starter,Consistent career presence; reliable rotational player or specialist.,nan
202503411,Isaac Poot,2025,S,0.78,DB,52.949375,51.44513012566897,51.44513012566897,Multi-Year Starter,Consistent career presence; reliable rotational player or specialist.,nan
202503416,Lincoln Creager,2025,S,0.78,DB,47.388466,32.91739826517239,32.91739826517239,Partial Season Contributor,Rotational backup or special teams contributor; limited starts.,nan
202503428,Seanje Finister,2025,CB,0.77,DB,53.440685,52.4193790859989,52.4193790859989,Multi-Year Starter,Consistent career presence; reliable rotational player or specialist.,nan
202503439,Jerimyah Mitchell,2025,CB,0.77,DB,53.283432,52.080189391772116,52.080189391772116,Multi-Year Starter,Consistent career presence; reliable rotational player or specialist.,nan
202503443,Landin Hoeppner,2025,S,0.77,DB,44.97169,26.40313757472601,26.40313757472601,Partial Season Contributor,Rotational backup or special teams contributor; limited starts.,nan
202503452,Chris Little,2025,CB,0.77,DB,57.26992,60.43726023324066,60.43726023324066,Meaningful G5 Contributor,Standout starter at the Group of 5 level; high-end depth in Power 4.,Potential Day 3 Pick
202503454,Randy Kweyete,2025,S,0.77,DB,52.92221,51.39872724824366,51.39872724824366,Multi-Year Starter,Consistent career presence; reliable rotational player or specialist.,nan
202503469,Zach Coleman,2025,CB,0.77,DB,51.145046,45.140290715805634,45.140290715805634,Single Season Contributor,Late bloomer or one-year starter; limited career longevity.,nan
202503471,Tyon Spiller,2025,S,0.77,DB,53.198345,51.907966590834796,51.907966590834796,Multi-Year Starter,Consistent career presence; reliable rotational player or specialist.,nan
202503472,Charles Smith,2025,S,0.77,DB,50.202168,41.91485727005412,41.91485727005412,Single Season Contributor,Late bloomer or one-year starter; limited career longevity.,nan
202503475,Darryle Geter,2025,CB,0.77,DB,55.02621,56.03041303767932,56.03041303767932,Multi-Year Starter,Consistent career presence; reliable rotational player or specialist.,nan
202503485,Daylan Pringle,2025,CB,0.77,DB,52.80242,51.157204218414726,51.157204218414726,Multi-Year Starter,Consistent career presence; reliable rotational player or specialist.,nan
202503487,Zakiese Smith,2025,CB,0.77,DB,46.584778,30.66069926277488,30.66069926277488,Partial Season Contributor,Rotational backup or special teams contributor; limited starts.,nan
202503510,Quintin Kirby,2025,CB,0.77,DB,50.52024,42.949926774531065,42.949926774531065,Single Season Contributor,Late bloomer or one-year starter; limited career longevity.,nan
202503544,Tray Haido,2025,S,0.76,DB,54.934433,55.85261522604147,55.85261522604147,Multi-Year Starter,Consistent career presence; reliable rotational player or specialist.,nan
202503607,Noah Hart,2025,CB,0.75,DB,44.18249,24.55404528766561,24.55404528766561,Partial Season Contributor,Rotational backup or special teams contributor; limited starts.,nan
202503637,Julien Bey,2025,CB,0.73,DB,51.96384,48.52282872212032,48.52282872212032,Single Season Contributor,Late bloomer or one-year starter; limited career longevity.,nan
202600024,Khary Adams,2026,CB,0.9878,DB,65.94363,77.78397490800253,77.78397490800253,Meaningful P4 Contributor,Reliable multi-year starter at the highest level of competition.,Potential Day 2 Pick
202600025,Jorden Edmonds,2026,CB,0.9877,DB,69.215836,83.53151172168856,83.53151172168856,Elite Power 4,All-Conference/All-American honors.,First round NFL Draft talent
202600030,Bralan Womack,2026,S,0.9867,DB,62.468315,69.08721882932137,69.08721882932137,Meaningful G5 Contributor,Standout starter at the Group of 5 level; high-end depth in Power 4.,Potential Day 3 Pick
202600031,Joey O'Brien,2026,S,0.9865,DB,68.37035,82.10739881591778,82.10739881591778,Elite Power 4,All-Conference/All-American honors.,First round NFL Draft talent
202600032,Jireh Edwards,2026,S,0.9845,DB,65.49147,76.98764322593081,76.98764322593081,Meaningful P4 Contributor,Reliable multi-year starter at the highest level of competition.,Potential Day 2 Pick
202600036,Jett Washington,2026,S,0.9824,DB,55.92705,57.794077696722,57.794077696722,Multi-Year Starter,Consistent career presence; reliable rotational player or specialist.,nan
202600041,Chauncey Kennon,2026,CB,0.9806,DB,64.439255,75.24587386288154,75.24587386288154,Meaningful P4 Contributor,Reliable multi-year starter at the highest level of competition.,Potential Day 2 Pick
202600046,Elbert Hill,2026,CB,0.9778,DB,67.06217,79.92529316117378,79.92529316117378,Meaningful P4 Contributor,Reliable multi-year starter at the highest level of competition.,Potential Day 2 Pick
202600047,Davon Benjamin,2026,S,0.9768,DB,63.103867,70.75577164667831,70.75577164667831,Meaningful P4 Contributor,Reliable multi-year starter at the highest level of competition.,Potential Day 2 Pick
202600056,Zyan Gibson,2026,CB,0.9744,DB,62.896297,70.06712344373356,70.06712344373356,Meaningful P4 Contributor,Reliable multi-year starter at the highest level of competition.,Potential Day 2 Pick
202600058,Justice Fitzpatrick,2026,CB,0.9737,DB,63.89042,73.52288111450126,73.52288111450126,Meaningful P4 Contributor,Reliable multi-year starter at the highest level of competition.,Potential Day 2 Pick
202600063,Devin Jackson,2026,S,0.9714,DB,60.016796,65.2988777540995,65.2988777540995,Meaningful G5 Contributor,Standout starter at the Group of 5 level; high-end depth in Power 4.,Potential Day 3 Pick
202600064,Jay Timmons,2026,CB,0.9713,DB,63.642197,72.5524249546804,72.5524249546804,Meaningful P4 Contributor,Reliable multi-year starter at the highest level of competition.,Potential Day 2 Pick
202600071,Blaine Bradford,2026,S,0.9691,DB,65.34546,76.75507256234364,76.75507256234364,Meaningful P4 Contributor,Reliable multi-year starter at the highest level of competition.,Potential Day 2 Pick
202600075,Caden Harris,2026,CB,0.9647,DB,58.79125,63.30639644419749,63.30639644419749,Meaningful G5 Contributor,Standout starter at the Group of 5 level; high-end depth in Power 4.,Potential Day 3 Pick
202600081,Ayden Pouncey,2026,S,0.9621,DB,61.08259,67.1782679996704,67.1782679996704,Meaningful G5 Contributor,Standout starter at the Group of 5 level; high-end depth in Power 4.,Potential Day 3 Pick
202600082,J'Zavien Currence,2026,S,0.961,DB,63.235596,71.21403150505142,71.21403150505142,Meaningful P4 Contributor,Reliable multi-year starter at the highest level of competition.,Potential Day 2 Pick
202600085,Kentavion Anderson,2026,S,0.9595,DB,62.519154,69.2117170883148,69.2117170883148,Meaningful G5 Contributor,Standout starter at the Group of 5 level; high-end depth in Power 4.,Potential Day 3 Pick
202600088,Jordan Smith,2026,S,0.9587,DB,61.09305,67.19444155074223,67.19444155074223,Meaningful G5 Contributor,Standout starter at the Group of 5 level; high-end depth in Power 4.,Potential Day 3 Pick
202600093,Havon Finney,2026,CB,0.9582,DB,63.522778,72.14615345425068,72.14615345425068,Meaningful P4 Contributor,Reliable multi-year starter at the highest level of competition.,Potential Day 2 Pick
202600100,Victor Singleton,2026,CB,0.9536,DB,61.63518,67.97786165609122,67.97786165609122,Meaningful G5 Contributor,Standout starter at the Group of 5 level; high-end depth in Power 4.,Potential Day 3 Pick
202600102,Samari Matthews,2026,CB,0.9535,DB,61.901566,68.27814609840253,68.27814609840253,Meaningful G5 Contributor,Standout starter at the Group of 5 level; high-end depth in Power 4.,Potential Day 3 Pick
202600110,CJ Bronaugh,2026,CB,0.9513,DB,63.203693,71.1034282516502,71.1034282516502,Meaningful P4 Contributor,Reliable multi-year starter at the highest level of competition.,Potential Day 2 Pick
202600116,Brandon Lockhart,2026,CB,0.9485,DB,64.13219,74.37107817797636,74.37107817797636,Meaningful P4 Contributor,Reliable multi-year starter at the highest level of competition.,Potential Day 2 Pick
202600122,Danny Odem,2026,CB,0.9473,DB,61.12571,67.24494408330132,67.24494408330132,Meaningful G5 Contributor,Standout starter at the Group of 5 level; high-end depth in Power 4.,Potential Day 3 Pick
202600123,Jordan Thomas,2026,CB,0.9472,DB,62.61946,69.45692462264948,69.45692462264948,Meaningful G5 Contributor,Standout starter at the Group of 5 level; high-end depth in Power 4.,Potential Day 3 Pick
202600124,Nick Hankins,2026,CB,0.9463,DB,62.91158,70.10080709804814,70.10080709804814,Meaningful P4 Contributor,Reliable multi-year starter at the highest level of competition.,Potential Day 2 Pick
202600127,Kenton Dopson,2026,CB,0.9454,DB,62.02791,68.42818213198315,68.42818213198315,Meaningful G5 Contributor,Standout starter at the Group of 5 level; high-end depth in Power 4.,Potential Day 3 Pick
202600136,Camren Hamiel,2026,S,0.9418,DB,61.08501,67.18201351569176,67.18201351569176,Meaningful G5 Contributor,Standout starter at the Group of 5 level; high-end depth in Power 4.,Potential Day 3 Pick
202600142,Jakob Weatherspoon,2026,S,0.9405,DB,64.1803,74.5081399348093,74.5081399348093,Meaningful P4 Contributor,Reliable multi-year starter at the highest level of competition.,Potential Day 2 Pick
202600145,Jaelen Waters,2026,CB,0.9393,DB,70.82596,86.26773292754103,86.26773292754103,Elite Power 4,All-Conference/All-American honors.,First round NFL Draft talent
202600149,JJ Dunnigan,2026,S,0.9375,DB,66.078804,78.04703784233502,78.04703784233502,Meaningful P4 Contributor,Reliable multi-year starter at the highest level of competition.,Potential Day 2 Pick
202600155,Lasiah Jackson,2026,S,0.9358,DB,62.941196,70.18925704521028,70.18925704521028,Meaningful P4 Contributor,Reliable multi-year starter at the highest level of competition.,Potential Day 2 Pick
202600159,Rahsjon Duncan,2026,CB,0.9326,DB,57.512978,60.81371383566133,60.81371383566133,Meaningful G5 Contributor,Standout starter at the Group of 5 level; high-end depth in Power 4.,Potential Day 3 Pick
202600168,Jamarion Vincent,2026,CB,0.9312,DB,63.11239,70.7854504596061,70.7854504596061,Meaningful P4 Contributor,Reliable multi-year starter at the highest level of competition.,Potential Day 2 Pick
202600179,Matt Sieg,2026,S,0.9283,DB,61.378376,67.65986948059279,67.65986948059279,Meaningful G5 Contributor,Standout starter at the Group of 5 level; high-end depth in Power 4.,Potential Day 3 Pick
202600191,Zech Fort,2026,S,0.9259,DB,66.45277,78.77478887457569,78.77478887457569,Meaningful P4 Contributor,Reliable multi-year starter at the highest level of competition.,Potential Day 2 Pick
202600195,Aiden Hall,2026,S,0.925,DB,59.46164,64.4202779855457,64.4202779855457,Meaningful G5 Contributor,Standout starter at the Group of 5 level; high-end depth in Power 4.,Potential Day 3 Pick
202600206,Gavin Day,2026,S,0.9232,DB,60.36,66.02417154915949,66.02417154915949,Meaningful G5 Contributor,Standout starter at the Group of 5 level; high-end depth in Power 4.,Potential Day 3 Pick
202600207,Dylan Purter,2026,S,0.9229,DB,60.96444,67.00453256490651,67.00453256490651,Meaningful G5 Contributor,Standout starter at the Group of 5 level; high-end depth in Power 4.,Potential Day 3 Pick
202600213,Andre Clarke Jr.,2026,CB,0.9222,DB,58.30233,62.337935806343026,62.337935806343026,Meaningful G5 Contributor,Standout starter at the Group of 5 level; high-end depth in Power 4.,Potential Day 3 Pick
202600216,Chaston Smith,2026,CB,0.9207,DB,60.41178,66.13549248458374,66.13549248458374,Meaningful G5 Contributor,Standout starter at the Group of 5 level; high-end depth in Power 4.,Potential Day 3 Pick
202600217,Tylan Wilson,2026,S,0.9207,DB,60.22859,65.72104672941428,65.72104672941428,Meaningful G5 Contributor,Standout starter at the Group of 5 level; high-end depth in Power 4.,Potential Day 3 Pick
202600220,Preston Ashley,2026,S,0.92,DB,62.91852,70.1161102060992,70.1161102060992,Meaningful P4 Contributor,Reliable multi-year starter at the highest level of competition.,Potential Day 2 Pick
202600225,Traeviss Stevenson,2026,S,0.9195,DB,60.576534,66.4140201688284,66.4140201688284,Meaningful G5 Contributor,Standout starter at the Group of 5 level; high-end depth in Power 4.,Potential Day 3 Pick
202600233,Craig Tutt,2026,S,0.9178,DB,60.465153,66.23226283093612,66.23226283093612,Meaningful G5 Contributor,Standout starter at the Group of 5 level; high-end depth in Power 4.,Potential Day 3 Pick
202600246,Kaiden Hall,2026,S,0.9146,DB,60.236595,65.74088613369364,65.74088613369364,Meaningful G5 Contributor,Standout starter at the Group of 5 level; high-end depth in Power 4.,Potential Day 3 Pick
202600251,Camdin Portis,2026,CB,0.9124,DB,61.51011,67.8441681997228,67.8441681997228,Meaningful G5 Contributor,Standout starter at the Group of 5 level; high-end depth in Power 4.,Potential Day 3 Pick
202600258,Chance Collins,2026,S,0.9113,DB,60.9841,67.03051831040621,67.03051831040621,Meaningful G5 Contributor,Standout starter at the Group of 5 level; high-end depth in Power 4.,Potential Day 3 Pick
202600264,Dorian Barney,2026,CB,0.9106,DB,60.0001,65.27555878746695,65.27555878746695,Meaningful G5 Contributor,Standout starter at the Group of 5 level; high-end depth in Power 4.,Potential Day 3 Pick
202600266,Darion Jones,2026,CB,0.9105,DB,61.71461,68.0627661959547,68.0627661959547,Meaningful G5 Contributor,Standout starter at the Group of 5 level; high-end depth in Power 4.,Potential Day 3 Pick
202600268,Jaydin Broadnax,2026,CB,0.9104,DB,59.894547,65.12814370710997,65.12814370710997,Meaningful G5 Contributor,Standout starter at the Group of 5 level; high-end depth in Power 4.,Potential Day 3 Pick
202600292,Brody Jennings,2026,CB,0.9072,DB,60.416023,66.14461204257636,66.14461204257636,Meaningful G5 Contributor,Standout starter at the Group of 5 level; high-end depth in Power 4.,Potential Day 3 Pick
202600301,Jontavius Wyman,2026,CB,0.9062,DB,61.795643,68.15235954814791,68.15235954814791,Meaningful G5 Contributor,Standout starter at the Group of 5 level; high-end depth in Power 4.,Potential Day 3 Pick
202600308,Chace Calicut,2026,S,0.9047,DB,61.49187,67.82467302130155,67.82467302130155,Meaningful G5 Contributor,Standout starter at the Group of 5 level; high-end depth in Power 4.,Potential Day 3 Pick
202600313,Kosci Barnes,2026,CB,0.9039,DB,59.88487,65.11462755030239,65.11462755030239,Meaningful G5 Contributor,Standout starter at the Group of 5 level; high-end depth in Power 4.,Potential Day 3 Pick
202600323,Hayward Howard Jr.,2026,CB,0.903,DB,61.231125,67.40794186241114,67.40794186241114,Meaningful G5 Contributor,Standout starter at the Group of 5 level; high-end depth in Power 4.,Potential Day 3 Pick
202600325,Isaiah Washington,2026,S,0.9028,DB,61.715427,68.06363881009027,68.06363881009027,Meaningful G5 Contributor,Standout starter at the Group of 5 level; high-end depth in Power 4.,Potential Day 3 Pick
202600334,Peyton Dyer,2026,CB,0.9024,DB,58.67784,63.10050203286896,63.10050203286896,Meaningful G5 Contributor,Standout starter at the Group of 5 level; high-end depth in Power 4.,Potential Day 3 Pick
202600356,Cortez Redding,2026,S,0.9,DB,60.548637,66.36849679695341,66.36849679695341,Meaningful G5 Contributor,Standout starter at the Group of 5 level; high-end depth in Power 4.,Potential Day 3 Pick
202600360,Jordan Deck,2026,S,0.8998,DB,60.844196,66.84560810159725,66.84560810159725,Meaningful G5 Contributor,Standout starter at the Group of 5 level; high-end depth in Power 4.,Potential Day 3 Pick
202600370,S'Vioarean Martin,2026,CB,0.8986,DB,60.142303,65.52640217871615,65.52640217871615,Meaningful G5 Contributor,Standout starter at the Group of 5 level; high-end depth in Power 4.,Potential Day 3 Pick
202600374,Darryl Bell III,2026,S,0.8978,DB,60.1216,65.48868274102249,65.48868274102249,Meaningful G5 Contributor,Standout starter at the Group of 5 level; high-end depth in Power 4.,Potential Day 3 Pick
202600381,Tamarion Watkins,2026,S,0.8972,DB,59.0982,63.80868583957589,63.80868583957589,Meaningful G5 Contributor,Standout starter at the Group of 5 level; high-end depth in Power 4.,Potential Day 3 Pick
202600387,Xavier Lherisse,2026,S,0.8967,DB,62.23202,68.69260412755456,68.69260412755456,Meaningful G5 Contributor,Standout starter at the Group of 5 level; high-end depth in Power 4.,Potential Day 3 Pick
202600393,Tedarius Hughes,2026,CB,0.8967,DB,66.98714,79.80013126835301,79.80013126835301,Meaningful P4 Contributor,Reliable multi-year starter at the highest level of competition.,Potential Day 2 Pick
202600394,Messiah Tilson,2026,S,0.8967,DB,59.827763,65.02314167445985,65.02314167445985,Meaningful G5 Contributor,Standout starter at the Group of 5 level; high-end depth in Power 4.,Potential Day 3 Pick
202600396,Khmari Bing,2026,S,0.896,DB,58.687107,63.12464392909347,63.12464392909347,Meaningful G5 Contributor,Standout starter at the Group of 5 level; high-end depth in Power 4.,Potential Day 3 Pick
202600399,Jaxson Gates,2026,CB,0.8957,DB,60.363586,66.03188052803813,66.03188052803813,Meaningful G5 Contributor,Standout starter at the Group of 5 level; high-end depth in Power 4.,Potential Day 3 Pick
202600405,Derrick Johnson II,2026,CB,0.895,DB,60.179142,65.59853202799978,65.59853202799978,Meaningful G5 Contributor,Standout starter at the Group of 5 level; high-end depth in Power 4.,Potential Day 3 Pick
202600408,CJ Hester,2026,S,0.8946,DB,60.513847,66.31172486320528,66.31172486320528,Meaningful G5 Contributor,Standout starter at the Group of 5 level; high-end depth in Power 4.,Potential Day 3 Pick
202600409,Jason Bradford,2026,S,0.8944,DB,60.42516,66.16425353663419,66.16425353663419,Meaningful G5 Contributor,Standout starter at the Group of 5 level; high-end depth in Power 4.,Potential Day 3 Pick
202600429,Jeron Jones,2026,CB,0.8933,DB,60.501987,66.2923713607905,66.2923713607905,Meaningful G5 Contributor,Standout starter at the Group of 5 level; high-end depth in Power 4.,Potential Day 3 Pick
202600437,Xaier Hiler,2026,CB,0.8926,DB,66.65624,79.17076406695897,79.17076406695897,Meaningful P4 Contributor,Reliable multi-year starter at the highest level of competition.,Potential Day 2 Pick
202600444,Jaedyn Terry,2026,CB,0.8918,DB,61.210182,67.3755593695649,67.3755593695649,Meaningful G5 Contributor,Standout starter at the Group of 5 level; high-end depth in Power 4.,Potential Day 3 Pick
202600458,Donovan Webb,2026,S,0.8911,DB,60.50402,66.29568928191853,66.29568928191853,Meaningful G5 Contributor,Standout starter at the Group of 5 level; high-end depth in Power 4.,Potential Day 3 Pick
202600460,Kasmir Hicks,2026,CB,0.891,DB,61.75723,68.10832154699469,68.10832154699469,Meaningful G5 Contributor,Standout starter at the Group of 5 level; high-end depth in Power 4.,Potential Day 3 Pick
202600468,Jordan Crutchfield,2026,S,0.89,DB,58.95878,63.55517343035004,63.55517343035004,Meaningful G5 Contributor,Standout starter at the Group of 5 level; high-end depth in Power 4.,Potential Day 3 Pick
202600469,Iverson McCoy,2026,S,0.89,DB,57.988583,61.78776481824994,61.78776481824994,Meaningful G5 Contributor,Standout starter at the Group of 5 level; high-end depth in Power 4.,Potential Day 3 Pick
202600470,Blake Stewart,2026,S,0.89,DB,59.317997,64.14421206938053,64.14421206938053,Meaningful G5 Contributor,Standout starter at the Group of 5 level; high-end depth in Power 4.,Potential Day 3 Pick
202600471,Chris Hewitt Jr.,2026,S,0.89,DB,58.2228,62.214231790762085,62.214231790762085,Meaningful G5 Contributor,Standout starter at the Group of 5 level; high-end depth in Power 4.,Potential Day 3 Pick
202600482,Justin Hopkins,2026,S,0.8889,DB,62.16283,68.59365890584823,68.59365890584823,Meaningful G5 Contributor,Standout starter at the Group of 5 level; high-end depth in Power 4.,Potential Day 3 Pick
202600488,Vincent Smith,2026,CB,0.8889,DB,58.1723,62.12365776557198,62.12365776557198,Meaningful G5 Contributor,Standout starter at the Group of 5 level; high-end depth in Power 4.,Potential Day 3 Pick
202600498,KJ Johnson,2026,CB,0.8878,DB,63.712566,72.82754413064806,72.82754413064806,Meaningful P4 Contributor,Reliable multi-year starter at the highest level of competition.,Potential Day 2 Pick
202600510,Zachary Taylor,2026,CB,0.8878,DB,60.515835,66.3149680844205,66.3149680844205,Meaningful G5 Contributor,Standout starter at the Group of 5 level; high-end depth in Power 4.,Potential Day 3 Pick
202600552,Kaden Gebhardt,2026,S,0.8856,DB,53.857452,53.36463969719914,53.36463969719914,Multi-Year Starter,Consistent career presence; reliable rotational player or specialist.,nan
202600562,Almirian Thomas,2026,CB,0.8856,DB,60.10396,65.4565374675135,65.4565374675135,Meaningful G5 Contributor,Standout starter at the Group of 5 level; high-end depth in Power 4.,Potential Day 3 Pick
202600566,Kealan Jones,2026,S,0.8856,DB,57.60278,60.95426853200316,60.95426853200316,Meaningful G5 Contributor,Standout starter at the Group of 5 level; high-end depth in Power 4.,Potential Day 3 Pick
202600567,Rihyael Kelley,2026,S,0.8856,DB,59.388016,64.25006773488245,64.25006773488245,Meaningful G5 Contributor,Standout starter at the Group of 5 level; high-end depth in Power 4.,Potential Day 3 Pick
202600579,Keenan Harris,2026,S,0.8844,DB,56.92565,59.64745487162323,59.64745487162323,Multi-Year Starter,Consistent career presence; reliable rotational player or specialist.,nan
202600589,Chase Geter,2026,CB,0.8844,DB,55.813675,57.59212165887523,57.59212165887523,Multi-Year Starter,Consistent career presence; reliable rotational player or specialist.,nan
202600596,Collin Flanigan,2026,CB,0.8844,DB,58.640186,63.0023938988088,63.0023938988088,Meaningful G5 Contributor,Standout starter at the Group of 5 level; high-end depth in Power 4.,Potential Day 3 Pick
202600608,Nascar McCoy,2026,S,0.8833,DB,58.02538,61.85632659577046,61.85632659577046,Meaningful G5 Contributor,Standout starter at the Group of 5 level; high-end depth in Power 4.,Potential Day 3 Pick
202600611,Julian Peterson,2026,CB,0.8833,DB,58.53226,62.73209481228777,62.73209481228777,Meaningful G5 Contributor,Standout starter at the Group of 5 level; high-end depth in Power 4.,Potential Day 3 Pick
202600615,Javonte Smith,2026,CB,0.8833,DB,58.30968,62.348926958231885,62.348926958231885,Meaningful G5 Contributor,Standout starter at the Group of 5 level; high-end depth in Power 4.,Potential Day 3 Pick
202600620,Sean Johnson,2026,CB,0.8833,DB,59.317253,64.14322103165985,64.14322103165985,Meaningful G5 Contributor,Standout starter at the Group of 5 level; high-end depth in Power 4.,Potential Day 3 Pick
202600621,Amauri Polydor,2026,CB,0.8833,DB,60.19252,65.63167961771283,65.63167961771283,Meaningful G5 Contributor,Standout starter at the Group of 5 level; high-end depth in Power 4.,Potential Day 3 Pick
202600625,Jaziel Hart,2026,CB,0.8833,DB,57.370052,60.60061211435326,60.60061211435326,Meaningful G5 Contributor,Standout starter at the Group of 5 level; high-end depth in Power 4.,Potential Day 3 Pick
202600627,Brandon Murray,2026,CB,0.8833,DB,55.76562,57.490934039966056,57.490934039966056,Multi-Year Starter,Consistent career presence; reliable rotational player or specialist.,nan
202600658,Jowell Combay,2026,S,0.8822,DB,58.578613,62.84672627455275,62.84672627455275,Meaningful G5 Contributor,Standout starter at the Group of 5 level; high-end depth in Power 4.,Potential Day 3 Pick
202600664,Hakim Satterwhite,2026,CB,0.8811,DB,56.710983,59.21372577988916,59.21372577988916,Multi-Year Starter,Consistent career presence; reliable rotational player or specialist.,nan
202600681,KJ McClain,2026,S,0.88,DB,60.39034,66.08939443109769,66.08939443109769,Meaningful G5 Contributor,Standout starter at the Group of 5 level; high-end depth in Power 4.,Potential Day 3 Pick
202600691,Jamarion Richardson,2026,CB,0.88,DB,56.940956,59.68664573460094,59.68664573460094,Multi-Year Starter,Consistent career presence; reliable rotational player or specialist.,nan
202600694,Tyrell Chatman,2026,S,0.88,DB,59.22198,64.01629196974127,64.01629196974127,Meaningful G5 Contributor,Standout starter at the Group of 5 level; high-end depth in Power 4.,Potential Day 3 Pick
202600696,Alex Dunn,2026,CB,0.88,DB,55.679123,57.2982030006816,57.2982030006816,Multi-Year Starter,Consistent career presence; reliable rotational player or specialist.,nan
202600705,Jermaine Santana-Diaz,2026,S,0.88,DB,56.769394,59.30694064746487,59.30694064746487,Multi-Year Starter,Consistent career presence; reliable rotational player or specialist.,nan
202600711,Lyrik Pettis,2026,S,0.88,DB,59.457188,64.40998599785016,64.40998599785016,Meaningful G5 Contributor,Standout starter at the Group of 5 level; high-end depth in Power 4.,Potential Day 3 Pick
202600717,Victor Lincoln,2026,CB,0.88,DB,59.959892,65.2194057355348,65.2194057355348,Meaningful G5 Contributor,Standout starter at the Group of 5 level; high-end depth in Power 4.,Potential Day 3 Pick
202600718,Jordyn Best,2026,CB,0.88,DB,61.060753,67.14450526942416,67.14450526942416,Meaningful G5 Contributor,Standout starter at the Group of 5 level; high-end depth in Power 4.,Potential Day 3 Pick
202600726,Kamden Jennings,2026,CB,0.8789,DB,61.214806,67.38270829148287,67.38270829148287,Meaningful G5 Contributor,Standout starter at the Group of 5 level; high-end depth in Power 4.,Potential Day 3 Pick
202600733,Bradley Brown,2026,S,0.8789,DB,58.169838,62.11924502697785,62.11924502697785,Meaningful G5 Contributor,Standout starter at the Group of 5 level; high-end depth in Power 4.,Potential Day 3 Pick
202600734,Markell Taylor,2026,S,0.8789,DB,56.950745,59.711711475977005,59.711711475977005,Multi-Year Starter,Consistent career presence; reliable rotational player or specialist.,nan
202600736,Darrell Carey,2026,S,0.8789,DB,53.413876,52.361551534121894,52.361551534121894,Multi-Year Starter,Consistent career presence; reliable rotational player or specialist.,nan
202600737,Xavier Jackson,2026,CB,0.8789,DB,56.68802,59.177077823854304,59.177077823854304,Multi-Year Starter,Consistent career presence; reliable rotational player or specialist.,nan
202600739,Davis Kinney,2026,S,0.8789,DB,56.941494,59.68802308048325,59.68802308048325,Multi-Year Starter,Consistent career presence; reliable rotational player or specialist.,nan
202600744,Keegan Chapman,2026,CB,0.8789,DB,60.381416,66.07021219535602,66.07021219535602,Meaningful G5 Contributor,Standout starter at the Group of 5 level; high-end depth in Power 4.,Potential Day 3 Pick
202600746,Damonte Tabb,2026,S,0.8789,DB,61.51088,67.84499188222459,67.84499188222459,Meaningful G5 Contributor,Standout starter at the Group of 5 level; high-end depth in Power 4.,Potential Day 3 Pick
202600754,Madden Riordan,2026,CB,0.8778,DB,53.1534,51.81728459667222,51.81728459667222,Multi-Year Starter,Consistent career presence; reliable rotational player or specialist.,nan
202600763,Chauncey Davis,2026,CB,0.8778,DB,56.69503,59.188267017075574,59.188267017075574,Multi-Year Starter,Consistent career presence; reliable rotational player or specialist.,nan
202600765,Jaidon Windom,2026,S,0.8778,DB,61.08558,67.18289238480544,67.18289238480544,Meaningful G5 Contributor,Standout starter at the Group of 5 level; high-end depth in Power 4.,Potential Day 3 Pick
202600766,Zahir Cobb,2026,S,0.8778,DB,56.96854,59.74887607594001,59.74887607594001,Multi-Year Starter,Consistent career presence; reliable rotational player or specialist.,nan
202600769,Matthew Mason,2026,S,0.8778,DB,58.90079,63.45133817774934,63.45133817774934,Meaningful G5 Contributor,Standout starter at the Group of 5 level; high-end depth in Power 4.,Potential Day 3 Pick
202600778,Zaiden McDonald,2026,S,0.8767,DB,55.633736,57.23074284226235,57.23074284226235,Multi-Year Starter,Consistent career presence; reliable rotational player or specialist.,nan
202600783,Isaiah Williams,2026,S,0.8767,DB,57.071095,59.96157993018872,59.96157993018872,Multi-Year Starter,Consistent career presence; reliable rotational player or specialist.,nan
202600796,Braeden Presley,2026,S,0.8767,DB,59.581593,64.62034984963634,64.62034984963634,Meaningful G5 Contributor,Standout starter at the Group of 5 level; high-end depth in Power 4.,Potential Day 3 Pick
202600809,Nick Reddish,2026,S,0.8767,DB,57.604797,60.9583746161169,60.9583746161169,Meaningful G5 Contributor,Standout starter at the Group of 5 level; high-end depth in Power 4.,Potential Day 3 Pick
202600812,D'Various Surratt,2026,S,0.8767,DB,57.276897,60.44998778269844,60.44998778269844,Meaningful G5 Contributor,Standout starter at the Group of 5 level; high-end depth in Power 4.,Potential Day 3 Pick
202600817,Mason Lewis,2026,CB,0.8767,DB,53.157253,51.82505821864678,51.82505821864678,Multi-Year Starter,Consistent career presence; reliable rotational player or specialist.,nan
202600831,Azel Banag,2026,CB,0.8767,DB,62.30923,68.80301604106961,68.80301604106961,Meaningful G5 Contributor,Standout starter at the Group of 5 level; high-end depth in Power 4.,Potential Day 3 Pick
202600832,Tayten Duncan,2026,S,0.8767,DB,59.2423,64.0433600051278,64.0433600051278,Meaningful G5 Contributor,Standout starter at the Group of 5 level; high-end depth in Power 4.,Potential Day 3 Pick
202600851,Julian Burns,2026,S,0.8756,DB,59.30506,64.12697817753005,64.12697817753005,Meaningful G5 Contributor,Standout starter at the Group of 5 level; high-end depth in Power 4.,Potential Day 3 Pick
202600852,Ryan Gilbert,2026,CB,0.8756,DB,58.733864,63.23046809422463,63.23046809422463,Meaningful G5 Contributor,Standout starter at the Group of 5 level; high-end depth in Power 4.,Potential Day 3 Pick
202600857,Koby Sarkodie,2026,S,0.8756,DB,57.737045,61.240060216355964,61.240060216355964,Meaningful G5 Contributor,Standout starter at the Group of 5 level; high-end depth in Power 4.,Potential Day 3 Pick
202600859,Carsen Eloms,2026,CB,0.8756,DB,58.644104,63.012601279386224,63.012601279386224,Meaningful G5 Contributor,Standout starter at the Group of 5 level; high-end depth in Power 4.,Potential Day 3 Pick
202600868,Amari Jones,2026,S,0.8744,DB,58.347717,62.405799182146666,62.405799182146666,Meaningful G5 Contributor,Standout starter at the Group of 5 level; high-end depth in Power 4.,Potential Day 3 Pick
202600882,Da'Ron Barksdale,2026,CB,0.8744,DB,60.76231,66.72701325872326,66.72701325872326,Meaningful G5 Contributor,Standout starter at the Group of 5 level; high-end depth in Power 4.,Potential Day 3 Pick
202600897,Mahamadou Siby,2026,S,0.8744,DB,61.08304,67.17896401682081,67.17896401682081,Meaningful G5 Contributor,Standout starter at the Group of 5 level; high-end depth in Power 4.,Potential Day 3 Pick
202600901,Jayden Crowder,2026,CB,0.8744,DB,58.482952,62.63724969762117,62.63724969762117,Meaningful G5 Contributor,Standout starter at the Group of 5 level; high-end depth in Power 4.,Potential Day 3 Pick
202600913,Jalon Copeland,2026,CB,0.8733,DB,56.093655,58.06873573359252,58.06873573359252,Multi-Year Starter,Consistent career presence; reliable rotational player or specialist.,nan
202600928,Brayden Thomas,2026,S,0.8733,DB,56.89725,59.57472905535479,59.57472905535479,Multi-Year Starter,Consistent career presence; reliable rotational player or specialist.,nan
202600930,Rodarion Jones,2026,CB,0.8733,DB,56.791885,59.342833728657816,59.342833728657816,Multi-Year Starter,Consistent career presence; reliable rotational player or specialist.,nan
202600939,Jamareis Conyers,2026,CB,0.8733,DB,57.239864,60.382432260480726,60.382432260480726,Meaningful G5 Contributor,Standout starter at the Group of 5 level; high-end depth in Power 4.,Potential Day 3 Pick
202600943,Jordan Lampkins,2026,S,0.8733,DB,50.81982,43.845157771511914,43.845157771511914,Single Season Contributor,Late bloomer or one-year starter; limited career longevity.,nan
202600944,Bryson Williams,2026,S,0.8733,DB,64.354935,75.00565715870812,75.00565715870812,Meaningful P4 Contributor,Reliable multi-year starter at the highest level of competition.,Potential Day 2 Pick
202600953,Donovan Dunmore,2026,CB,0.8733,DB,53.80538,53.24116008738336,53.24116008738336,Multi-Year Starter,Consistent career presence; reliable rotational player or specialist.,nan
202600955,Raderrion Daniels,2026,CB,0.8733,DB,57.25769,60.414950488264346,60.414950488264346,Meaningful G5 Contributor,Standout starter at the Group of 5 level; high-end depth in Power 4.,Potential Day 3 Pick
202600964,Isaiah McMillian,2026,CB,0.8733,DB,58.111423,62.0144818237347,62.0144818237347,Meaningful G5 Contributor,Standout starter at the Group of 5 level; high-end depth in Power 4.,Potential Day 3 Pick
202600967,Isaac Nelson,2026,S,0.8733,DB,52.14647,49.03393193168541,49.03393193168541,Single Season Contributor,Late bloomer or one-year starter; limited career longevity.,nan
202600969,Tristen Hill,2026,S,0.8733,DB,58.145496,62.07558970144434,62.07558970144434,Meaningful G5 Contributor,Standout starter at the Group of 5 level; high-end depth in Power 4.,Potential Day 3 Pick
202600970,Jordan Rodriguez,2026,S,0.8733,DB,51.928497,48.43801050220372,48.43801050220372,Single Season Contributor,Late bloomer or one-year starter; limited career longevity.,nan
202600972,David Coleman Jr.,2026,S,0.8733,DB,59.440414,64.37120804592443,64.37120804592443,Meaningful G5 Contributor,Standout starter at the Group of 5 level; high-end depth in Power 4.,Potential Day 3 Pick
202600979,Aldarius Johnson Jr.,2026,CB,0.8722,DB,60.01428,65.2953615288362,65.2953615288362,Meaningful G5 Contributor,Standout starter at the Group of 5 level; high-end depth in Power 4.,Potential Day 3 Pick
202600992,Aaron Bradshaw,2026,S,0.8722,DB,57.86416,61.54815429446862,61.54815429446862,Meaningful G5 Contributor,Standout starter at the Group of 5 level; high-end depth in Power 4.,Potential Day 3 Pick
202600993,Jamar Owens,2026,S,0.8722,DB,58.525505,62.71910001899715,62.71910001899715,Meaningful G5 Contributor,Standout starter at the Group of 5 level; high-end depth in Power 4.,Potential Day 3 Pick
202600994,Emory Snyder,2026,S,0.8722,DB,54.68346,55.14545788777001,55.14545788777001,Multi-Year Starter,Consistent career presence; reliable rotational player or specialist.,nan
202601003,Jordan Vann,2026,S,0.8722,DB,58.540447,62.75104593566758,62.75104593566758,Meaningful G5 Contributor,Standout starter at the Group of 5 level; high-end depth in Power 4.,Potential Day 3 Pick
202601023,Shmar Akande,2026,CB,0.8711,DB,57.96726,61.74803225176231,61.74803225176231,Meaningful G5 Contributor,Standout starter at the Group of 5 level; high-end depth in Power 4.,Potential Day 3 Pick
202601031,AJ Marks,2026,CB,0.8711,DB,59.161587,63.92598853793716,63.92598853793716,Meaningful G5 Contributor,Standout starter at the Group of 5 level; high-end depth in Power 4.,Potential Day 3 Pick
202601034,Gerald Green Jr.,2026,CB,0.8711,DB,58.451237,62.57624534334776,62.57624534334776,Meaningful G5 Contributor,Standout starter at the Group of 5 level; high-end depth in Power 4.,Potential Day 3 Pick
202601037,DJ Biggins,2026,S,0.8711,DB,58.099594,61.99326647120697,61.99326647120697,Meaningful G5 Contributor,Standout starter at the Group of 5 level; high-end depth in Power 4.,Potential Day 3 Pick
202601043,KJ Deriso,2026,CB,0.8711,DB,60.165085,65.56790954593684,65.56790954593684,Meaningful G5 Contributor,Standout starter at the Group of 5 level; high-end depth in Power 4.,Potential Day 3 Pick
202601044,Orion Saunders,2026,CB,0.8711,DB,69.25198,83.59294127634274,83.59294127634274,Elite Power 4,All-Conference/All-American honors.,First round NFL Draft talent
202601049,Tyson Sanford,2026,S,0.8711,DB,59.35629,64.19522764189459,64.19522764189459,Meaningful G5 Contributor,Standout starter at the Group of 5 level; high-end depth in Power 4.,Potential Day 3 Pick
202601052,Nick McClellan,2026,S,0.8711,DB,54.523777,54.748733360338974,54.748733360338974,Multi-Year Starter,Consistent career presence; reliable rotational player or specialist.,nan
202601053,Devonte Anderson,2026,CB,0.8711,DB,57.50497,60.80152460504647,60.80152460504647,Meaningful G5 Contributor,Standout starter at the Group of 5 level; high-end depth in Power 4.,Potential Day 3 Pick
202601079,Dominic Turnbull,2026,CB,0.87,DB,59.67012,64.73130527752951,64.73130527752951,Meaningful G5 Contributor,Standout starter at the Group of 5 level; high-end depth in Power 4.,Potential Day 3 Pick
202601089,Xavier Myers,2026,CB,0.87,DB,55.63088,57.2264961067895,57.2264961067895,Multi-Year Starter,Consistent career presence; reliable rotational player or specialist.,nan
202601093,Ronnie Hill,2026,S,0.87,DB,61.670624,68.01574697353774,68.01574697353774,Meaningful G5 Contributor,Standout starter at the Group of 5 level; high-end depth in Power 4.,Potential Day 3 Pick
202601107,Madden Soliai,2026,S,0.87,DB,59.97308,65.23782329725486,65.23782329725486,Meaningful G5 Contributor,Standout starter at the Group of 5 level; high-end depth in Power 4.,Potential Day 3 Pick
202601108,Elijah Durr,2026,CB,0.87,DB,58.093853,61.982970081154015,61.982970081154015,Meaningful G5 Contributor,Standout starter at the Group of 5 level; high-end depth in Power 4.,Potential Day 3 Pick
202601111,Brandon Ford,2026,CB,0.87,DB,62.589657,69.3843723612732,69.3843723612732,Meaningful G5 Contributor,Standout starter at the Group of 5 level; high-end depth in Power 4.,Potential Day 3 Pick
202601114,Kyndrick Williams,2026,S,0.87,DB,65.708786,77.3337892590386,77.3337892590386,Meaningful P4 Contributor,Reliable multi-year starter at the highest level of competition.,Potential Day 2 Pick
202601148,Eliyjah Caldwell-Hardy,2026,S,0.8689,DB,57.950333,61.71649497134986,61.71649497134986,Meaningful G5 Contributor,Standout starter at the Group of 5 level; high-end depth in Power 4.,Potential Day 3 Pick
202601171,Isaac Patterson,2026,S,0.8678,DB,56.26291,58.304033990789904,58.304033990789904,Multi-Year Starter,Consistent career presence; reliable rotational player or specialist.,nan
202601173,TJ Umenyiora,2026,CB,0.8678,DB,56.08515,58.05494780949093,58.05494780949093,Multi-Year Starter,Consistent career presence; reliable rotational player or specialist.,nan
202601174,Javen Holmes,2026,S,0.8678,DB,52.684254,50.87842484971975,50.87842484971975,Multi-Year Starter,Consistent career presence; reliable rotational player or specialist.,nan
202601175,Karaijus Hayes,2026,S,0.8678,DB,58.934917,63.51240905754546,63.51240905754546,Meaningful G5 Contributor,Standout starter at the Group of 5 level; high-end depth in Power 4.,Potential Day 3 Pick
202601184,Sebastian Cruz,2026,S,0.8678,DB,57.714275,61.1811355007675,61.1811355007675,Meaningful G5 Contributor,Standout starter at the Group of 5 level; high-end depth in Power 4.,Potential Day 3 Pick
202601189,Garrick Dixon,2026,CB,0.8678,DB,57.19842,60.306832425975855,60.306832425975855,Meaningful G5 Contributor,Standout starter at the Group of 5 level; high-end depth in Power 4.,Potential Day 3 Pick
202601194,Emari Peterson,2026,CB,0.8678,DB,56.269527,58.313062161837316,58.313062161837316,Multi-Year Starter,Consistent career presence; reliable rotational player or specialist.,nan
202601198,James Henderson III,2026,CB,0.8678,DB,59.05689,63.73223012079565,63.73223012079565,Meaningful G5 Contributor,Standout starter at the Group of 5 level; high-end depth in Power 4.,Potential Day 3 Pick
202601200,Jarvse Dickerson,2026,S,0.8678,DB,56.653873,59.10846135035758,59.10846135035758,Multi-Year Starter,Consistent career presence; reliable rotational player or specialist.,nan
202601202,Justin Lewis,2026,CB,0.8678,DB,58.235687,62.23734222637597,62.23734222637597,Meaningful G5 Contributor,Standout starter at the Group of 5 level; high-end depth in Power 4.,Potential Day 3 Pick
202601203,Lennie Brown,2026,CB,0.8678,DB,57.830547,61.48226829447637,61.48226829447637,Meaningful G5 Contributor,Standout starter at the Group of 5 level; high-end depth in Power 4.,Potential Day 3 Pick
202601215,Elijah Keys,2026,CB,0.8678,DB,57.73244,61.227994025558864,61.227994025558864,Meaningful G5 Contributor,Standout starter at the Group of 5 level; high-end depth in Power 4.,Potential Day 3 Pick
202601221,Gabe Davis-Ray,2026,S,0.8678,DB,58.28947,62.31870842024166,62.31870842024166,Meaningful G5 Contributor,Standout starter at the Group of 5 level; high-end depth in Power 4.,Potential Day 3 Pick
202601223,DaQuwan Dunn,2026,CB,0.8678,DB,57.880592,61.580368218877496,61.580368218877496,Meaningful G5 Contributor,Standout starter at the Group of 5 level; high-end depth in Power 4.,Potential Day 3 Pick
202601225,Major Hinchen,2026,CB,0.8678,DB,55.695915,57.325127251340895,57.325127251340895,Multi-Year Starter,Consistent career presence; reliable rotational player or specialist.,nan
202601226,Dontae Dyson,2026,CB,0.8678,DB,54.360695,54.41446740857418,54.41446740857418,Multi-Year Starter,Consistent career presence; reliable rotational player or specialist.,nan
202601255,Brock King,2026,CB,0.8667,DB,59.732277,64.83806992701614,64.83806992701614,Meaningful G5 Contributor,Standout starter at the Group of 5 level; high-end depth in Power 4.,Potential Day 3 Pick
202601256,Logan Hirou,2026,S,0.8667,DB,53.2771,52.06686404198793,52.06686404198793,Multi-Year Starter,Consistent career presence; reliable rotational player or specialist.,nan
202601269,Jordan Jackson,2026,CB,0.8667,DB,59.237473,64.03693096555514,64.03693096555514,Meaningful G5 Contributor,Standout starter at the Group of 5 level; high-end depth in Power 4.,Potential Day 3 Pick
202601272,Davin Hill,2026,CB,0.8667,DB,60.439774,66.19084795426657,66.19084795426657,Meaningful G5 Contributor,Standout starter at the Group of 5 level; high-end depth in Power 4.,Potential Day 3 Pick
202601280,Ernest Nunley,2026,CB,0.8656,DB,53.432846,52.402470204509534,52.402470204509534,Multi-Year Starter,Consistent career presence; reliable rotational player or specialist.,nan
202601281,Zeth Thues,2026,S,0.8656,DB,53.71266,53.01459322057355,53.01459322057355,Multi-Year Starter,Consistent career presence; reliable rotational player or specialist.,nan
202601289,Kai Wheaton,2026,CB,0.8656,DB,58.589245,62.87337905860802,62.87337905860802,Meaningful G5 Contributor,Standout starter at the Group of 5 level; high-end depth in Power 4.,Potential Day 3 Pick
202601320,Brady Hummel,2026,S,0.865,DB,55.046288,56.06930700179461,56.06930700179461,Multi-Year Starter,Consistent career presence; reliable rotational player or specialist.,nan
202601322,AJ Tarvin,2026,CB,0.865,DB,58.77273,63.28189626399618,63.28189626399618,Meaningful G5 Contributor,Standout starter at the Group of 5 level; high-end depth in Power 4.,Potential Day 3 Pick
202601323,Braylon Edwards,2026,S,0.8644,DB,57.41234,60.662805108683926,60.662805108683926,Meaningful G5 Contributor,Standout starter at the Group of 5 level; high-end depth in Power 4.,Potential Day 3 Pick
202601325,Jaxon Toala,2026,S,0.8644,DB,56.639893,59.06884601813637,59.06884601813637,Multi-Year Starter,Consistent career presence; reliable rotational player or specialist.,nan
202601327,Marcell Gipson,2026,CB,0.8644,DB,59.842995,65.05266472537842,65.05266472537842,Meaningful G5 Contributor,Standout starter at the Group of 5 level; high-end depth in Power 4.,Potential Day 3 Pick
202601348,Matthew McClain,2026,S,0.8644,DB,56.271088,58.315190416568385,58.315190416568385,Multi-Year Starter,Consistent career presence; reliable rotational player or specialist.,nan
202601352,Marcellous Ryan,2026,CB,0.8644,DB,58.73305,63.22939299361012,63.22939299361012,Meaningful G5 Contributor,Standout starter at the Group of 5 level; high-end depth in Power 4.,Potential Day 3 Pick
202601357,Jeremiah Favorite,2026,CB,0.8644,DB,61.28338,67.49703888243467,67.49703888243467,Meaningful G5 Contributor,Standout starter at the Group of 5 level; high-end depth in Power 4.,Potential Day 3 Pick
202601358,Wayne Henry,2026,S,0.8644,DB,60.740807,66.69039120689385,66.69039120689385,Meaningful G5 Contributor,Standout starter at the Group of 5 level; high-end depth in Power 4.,Potential Day 3 Pick
202601359,Tylen Mathews,2026,S,0.8644,DB,57.433304,60.693640715074665,60.693640715074665,Meaningful G5 Contributor,Standout starter at the Group of 5 level; high-end depth in Power 4.,Potential Day 3 Pick
202601361,Deacon King,2026,S,0.8644,DB,56.1611,58.16515626336369,58.16515626336369,Multi-Year Starter,Consistent career presence; reliable rotational player or specialist.,nan
202601366,Luke Hamilton,2026,CB,0.8644,DB,57.95068,61.71714178057175,61.71714178057175,Meaningful G5 Contributor,Standout starter at the Group of 5 level; high-end depth in Power 4.,Potential Day 3 Pick
202601372,Jaden Vaughn,2026,CB,0.8644,DB,58.76492,63.27155914635048,63.27155914635048,Meaningful G5 Contributor,Standout starter at the Group of 5 level; high-end depth in Power 4.,Potential Day 3 Pick
202601373,Maddox Quiller,2026,S,0.8644,DB,56.62964,59.0397911714759,59.0397911714759,Multi-Year Starter,Consistent career presence; reliable rotational player or specialist.,nan
202601381,Carter Langenderfer,2026,S,0.8644,DB,58.80402,63.32329520878628,63.32329520878628,Meaningful G5 Contributor,Standout starter at the Group of 5 level; high-end depth in Power 4.,Potential Day 3 Pick
202601386,Kris Brunson,2026,CB,0.8644,DB,56.20732,58.22820776110521,58.22820776110521,Multi-Year Starter,Consistent career presence; reliable rotational player or specialist.,nan
202601392,Hannibal Carter Navies,2026,S,0.8644,DB,57.1456,60.17777350249984,60.17777350249984,Meaningful G5 Contributor,Standout starter at the Group of 5 level; high-end depth in Power 4.,Potential Day 3 Pick
202601395,Eric Parks,2026,S,0.8644,DB,55.666176,57.27895944901957,57.27895944901957,Multi-Year Starter,Consistent career presence; reliable rotational player or specialist.,nan
202601433,Jalen Williams,2026,CB,0.8622,DB,58.616264,62.94111557438251,62.94111557438251,Meaningful G5 Contributor,Standout starter at the Group of 5 level; high-end depth in Power 4.,Potential Day 3 Pick
202601438,Antavius Watts,2026,S,0.8622,DB,56.26246,58.30341997108754,58.30341997108754,Multi-Year Starter,Consistent career presence; reliable rotational player or specialist.,nan
202601442,Kah'ni Watts,2026,S,0.8622,DB,57.985176,61.781417558523025,61.781417558523025,Meaningful G5 Contributor,Standout starter at the Group of 5 level; high-end depth in Power 4.,Potential Day 3 Pick
202601447,Dkwan Thomas,2026,S,0.8622,DB,50.715496,43.55324912401539,43.55324912401539,Single Season Contributor,Late bloomer or one-year starter; limited career longevity.,nan
202601448,Makhi Boone,2026,CB,0.8622,DB,59.47866,64.4596291844296,64.4596291844296,Meaningful G5 Contributor,Standout starter at the Group of 5 level; high-end depth in Power 4.,Potential Day 3 Pick
202601453,Jermaine McCree,2026,CB,0.8622,DB,58.78127,63.29319239157973,63.29319239157973,Meaningful G5 Contributor,Standout starter at the Group of 5 level; high-end depth in Power 4.,Potential Day 3 Pick
202601456,Terrell Johnson Jr.,2026,CB,0.8622,DB,57.860786,61.54154400914423,61.54154400914423,Meaningful G5 Contributor,Standout starter at the Group of 5 level; high-end depth in Power 4.,Potential Day 3 Pick
202601457,DeCorian Thompson,2026,S,0.8622,DB,58.843506,63.37554106071535,63.37554106071535,Meaningful G5 Contributor,Standout starter at the Group of 5 level; high-end depth in Power 4.,Potential Day 3 Pick
202601459,Tim Sims,2026,S,0.8622,DB,56.184765,58.1974391297488,58.1974391297488,Multi-Year Starter,Consistent career presence; reliable rotational player or specialist.,nan
202601468,Aisa Galea'i,2026,S,0.8611,DB,54.650208,55.04137010265775,55.04137010265775,Multi-Year Starter,Consistent career presence; reliable rotational player or specialist.,nan
202601471,Niko Jandreau,2026,S,0.8611,DB,40.021065,15.943929997694395,15.943929997694395,Minimal D1 Impact,Roster filler; medical DQ; or transferred to lower levels.,nan
202601492,Maliek Bracy,2026,CB,0.8611,DB,55.4429,56.85146105214465,56.85146105214465,Multi-Year Starter,Consistent career presence; reliable rotational player or specialist.,nan
202601499,Jayden Ballard,2026,S,0.8611,DB,54.731907,55.2971058022963,55.2971058022963,Multi-Year Starter,Consistent career presence; reliable rotational player or specialist.,nan
202601500,Javan Allison,2026,CB,0.8611,DB,56.428204,58.642688104115784,58.642688104115784,Multi-Year Starter,Consistent career presence; reliable rotational player or specialist.,nan
202601501,Darius Burwell,2026,S,0.8611,DB,59.861332,65.08175617170454,65.08175617170454,Meaningful G5 Contributor,Standout starter at the Group of 5 level; high-end depth in Power 4.,Potential Day 3 Pick
202601535,Braylon Peebles,2026,CB,0.86,DB,58.79746,63.314613645138515,63.314613645138515,Meaningful G5 Contributor,Standout starter at the Group of 5 level; high-end depth in Power 4.,Potential Day 3 Pick
202601539,Da'Jon Green,2026,CB,0.86,DB,58.85663,63.392904188010874,63.392904188010874,Meaningful G5 Contributor,Standout starter at the Group of 5 level; high-end depth in Power 4.,Potential Day 3 Pick
202601541,Jayden Reed,2026,S,0.86,DB,57.986404,61.78370626807742,61.78370626807742,Meaningful G5 Contributor,Standout starter at the Group of 5 level; high-end depth in Power 4.,Potential Day 3 Pick
202601551,Andre Johnson,2026,CB,0.86,DB,53.030594,51.5838695812598,51.5838695812598,Multi-Year Starter,Consistent career presence; reliable rotational player or specialist.,nan
202601562,Preston Crump,2026,CB,0.86,DB,58.229023,62.22539020416832,62.22539020416832,Meaningful G5 Contributor,Standout starter at the Group of 5 level; high-end depth in Power 4.,Potential Day 3 Pick
202601563,Kayden Steptoe,2026,CB,0.86,DB,57.01713,59.84965801670106,59.84965801670106,Multi-Year Starter,Consistent career presence; reliable rotational player or specialist.,nan
202601564,CJ Cresser,2026,S,0.86,DB,56.19465,58.21092154541673,58.21092154541673,Multi-Year Starter,Consistent career presence; reliable rotational player or specialist.,nan
202601567,Jaxon Penn,2026,CB,0.86,DB,61.411556,67.7167421683324,67.7167421683324,Meaningful G5 Contributor,Standout starter at the Group of 5 level; high-end depth in Power 4.,Potential Day 3 Pick
202601569,Chris Palmer,2026,S,0.86,DB,56.534996,58.80408061425722,58.80408061425722,Multi-Year Starter,Consistent career presence; reliable rotational player or specialist.,nan
202601573,Knight Wilson,2026,S,0.86,DB,51.832916,48.172445257392035,48.172445257392035,Single Season Contributor,Late bloomer or one-year starter; limited career longevity.,nan
202601588,Dylan Waters,2026,CB,0.86,DB,56.289036,58.3396731513108,58.3396731513108,Multi-Year Starter,Consistent career presence; reliable rotational player or specialist.,nan
202601596,Keynan Farley,2026,CB,0.86,DB,58.85663,63.392904188010874,63.392904188010874,Meaningful G5 Contributor,Standout starter at the Group of 5 level; high-end depth in Power 4.,Potential Day 3 Pick
202601600,Kane White-Tinsley,2026,S,0.86,DB,57.29182,60.477210403517944,60.477210403517944,Meaningful G5 Contributor,Standout starter at the Group of 5 level; high-end depth in Power 4.,Potential Day 3 Pick
202601602,Teryn Green,2026,S,0.86,DB,55.57712,57.14659624526285,57.14659624526285,Multi-Year Starter,Consistent career presence; reliable rotational player or specialist.,nan
202601605,Jamarion McKinney,2026,CB,0.86,DB,61.733513,68.08297088306561,68.08297088306561,Meaningful G5 Contributor,Standout starter at the Group of 5 level; high-end depth in Power 4.,Potential Day 3 Pick
202601611,Alex Hanks,2026,S,0.86,DB,55.816525,57.59719757019287,57.59719757019287,Multi-Year Starter,Consistent career presence; reliable rotational player or specialist.,nan
202601613,KeAndre Gibson,2026,CB,0.86,DB,59.32957,64.15963159986545,64.15963159986545,Meaningful G5 Contributor,Standout starter at the Group of 5 level; high-end depth in Power 4.,Potential Day 3 Pick
202601623,Nathan Green,2026,S,0.8589,DB,56.72482,59.23580586901515,59.23580586901515,Multi-Year Starter,Consistent career presence; reliable rotational player or specialist.,nan
202601634,Tony Arnett,2026,S,0.8589,DB,59.061344,63.740475760641935,63.740475760641935,Meaningful G5 Contributor,Standout starter at the Group of 5 level; high-end depth in Power 4.,Potential Day 3 Pick
202601637,Maurice Williams,2026,CB,0.8589,DB,58.555233,62.788113101436586,62.788113101436586,Meaningful G5 Contributor,Standout starter at the Group of 5 level; high-end depth in Power 4.,Potential Day 3 Pick
202601639,Jayden Covil,2026,CB,0.8589,DB,52.482727,50.28770722619282,50.28770722619282,Multi-Year Starter,Consistent career presence; reliable rotational player or specialist.,nan
202601644,Masiyah Limehouse,2026,CB,0.8589,DB,57.97434,61.76122431677144,61.76122431677144,Meaningful G5 Contributor,Standout starter at the Group of 5 level; high-end depth in Power 4.,Potential Day 3 Pick
202601645,Chris Newell Jr.,2026,S,0.8589,DB,57.295902,60.48465626350692,60.48465626350692,Meaningful G5 Contributor,Standout starter at the Group of 5 level; high-end depth in Power 4.,Potential Day 3 Pick
202601646,Jackson Williams,2026,S,0.8589,DB,57.62724,61.00403830768802,61.00403830768802,Meaningful G5 Contributor,Standout starter at the Group of 5 level; high-end depth in Power 4.,Potential Day 3 Pick
202601647,Cason Dash,2026,CB,0.8589,DB,55.85374,57.66349019511239,57.66349019511239,Multi-Year Starter,Consistent career presence; reliable rotational player or specialist.,nan
202601649,Antione Baker,2026,S,0.8589,DB,56.977024,59.766472169224095,59.766472169224095,Multi-Year Starter,Consistent career presence; reliable rotational player or specialist.,nan
202601652,Noah Lewis,2026,CB,0.8589,DB,58.248447,62.25737014965902,62.25737014965902,Meaningful G5 Contributor,Standout starter at the Group of 5 level; high-end depth in Power 4.,Potential Day 3 Pick
202601654,Antonio Johnson,2026,CB,0.8589,DB,62.378418,68.90195580764188,68.90195580764188,Meaningful G5 Contributor,Standout starter at the Group of 5 level; high-end depth in Power 4.,Potential Day 3 Pick
202601662,Ksani Jiles,2026,CB,0.8578,DB,56.5388,58.80982836680628,58.80982836680628,Multi-Year Starter,Consistent career presence; reliable rotational player or specialist.,nan
202601669,Xavier Starks,2026,S,0.8578,DB,58.93239,63.50787623913308,63.50787623913308,Meaningful G5 Contributor,Standout starter at the Group of 5 level; high-end depth in Power 4.,Potential Day 3 Pick
202601670,Ladarrious Crumity,2026,CB,0.8578,DB,56.46672,58.70089779066331,58.70089779066331,Multi-Year Starter,Consistent career presence; reliable rotational player or specialist.,nan
202601674,Josiah Vilmael,2026,CB,0.8578,DB,56.013306,57.938446345817,57.938446345817,Multi-Year Starter,Consistent career presence; reliable rotational player or specialist.,nan
202601678,Sean Williams,2026,CB,0.8578,DB,58.504395,62.67849404154357,62.67849404154357,Meaningful G5 Contributor,Standout starter at the Group of 5 level; high-end depth in Power 4.,Potential Day 3 Pick
202601680,Yalik Carter,2026,S,0.8578,DB,57.871105,61.56177118312892,61.56177118312892,Meaningful G5 Contributor,Standout starter at the Group of 5 level; high-end depth in Power 4.,Potential Day 3 Pick
202601681,Darien Lewis,2026,S,0.8578,DB,57.03805,59.893046944565214,59.893046944565214,Multi-Year Starter,Consistent career presence; reliable rotational player or specialist.,nan
202601684,LaRon Dues,2026,S,0.8578,DB,58.0582,61.91748205231064,61.91748205231064,Meaningful G5 Contributor,Standout starter at the Group of 5 level; high-end depth in Power 4.,Potential Day 3 Pick
202601687,Kyle Bynes,2026,S,0.8578,DB,57.709858,61.17214713516503,61.17214713516503,Meaningful G5 Contributor,Standout starter at the Group of 5 level; high-end depth in Power 4.,Potential Day 3 Pick
202601692,Atticus Tillman,2026,S,0.8567,DB,59.79115,64.95217692547001,64.95217692547001,Meaningful G5 Contributor,Standout starter at the Group of 5 level; high-end depth in Power 4.,Potential Day 3 Pick
202601694,Macaiden Brown,2026,S,0.8567,DB,56.171593,58.17947124811957,58.17947124811957,Multi-Year Starter,Consistent career presence; reliable rotational player or specialist.,nan
202601696,Kolby Barrett,2026,S,0.8567,DB,55.779648,57.52429865233265,57.52429865233265,Multi-Year Starter,Consistent career presence; reliable rotational player or specialist.,nan
202601701,Amarion Queen,2026,CB,0.8567,DB,54.958534,55.89930571915955,55.89930571915955,Multi-Year Starter,Consistent career presence; reliable rotational player or specialist.,nan
202601709,Ibn Muhammad,2026,S,0.8567,DB,54.285686,54.2602021392752,54.2602021392752,Multi-Year Starter,Consistent career presence; reliable rotational player or specialist.,nan
202601710,Mudassir Abdullah,2026,S,0.8567,DB,59.052204,63.72356090355999,63.72356090355999,Meaningful G5 Contributor,Standout starter at the Group of 5 level; high-end depth in Power 4.,Potential Day 3 Pick
202601712,Jayden Flournoy,2026,CB,0.8567,DB,57.877747,61.57478985592275,61.57478985592275,Meaningful G5 Contributor,Standout starter at the Group of 5 level; high-end depth in Power 4.,Potential Day 3 Pick
202601716,Terron Johnson,2026,CB,0.8567,DB,58.531937,62.731471120910186,62.731471120910186,Meaningful G5 Contributor,Standout starter at the Group of 5 level; high-end depth in Power 4.,Potential Day 3 Pick
202601720,Josiah Brown,2026,CB,0.8567,DB,58.499557,62.66919003369913,62.66919003369913,Meaningful G5 Contributor,Standout starter at the Group of 5 level; high-end depth in Power 4.,Potential Day 3 Pick
202601725,Deon Jackson,2026,CB,0.8556,DB,59.788197,64.9464542003483,64.9464542003483,Meaningful G5 Contributor,Standout starter at the Group of 5 level; high-end depth in Power 4.,Potential Day 3 Pick
202601728,Isaiah Lucero,2026,CB,0.8556,DB,53.500603,52.535422562813,52.535422562813,Multi-Year Starter,Consistent career presence; reliable rotational player or specialist.,nan
202601733,Jack Duckworth,2026,CB,0.8556,DB,59.55644,64.58882315116055,64.58882315116055,Meaningful G5 Contributor,Standout starter at the Group of 5 level; high-end depth in Power 4.,Potential Day 3 Pick
202601736,Rickey Giles,2026,S,0.8556,DB,56.700516,59.197021130161644,59.197021130161644,Multi-Year Starter,Consistent career presence; reliable rotational player or specialist.,nan
202601737,Ja'Cari Jackson,2026,S,0.8556,DB,58.73664,63.234142616512756,63.234142616512756,Meaningful G5 Contributor,Standout starter at the Group of 5 level; high-end depth in Power 4.,Potential Day 3 Pick
202601740,Jase Rhodes,2026,CB,0.8556,DB,54.767326,55.404878505217454,55.404878505217454,Multi-Year Starter,Consistent career presence; reliable rotational player or specialist.,nan
202601745,Jax Pope,2026,S,0.8556,DB,56.165043,58.170536741094544,58.170536741094544,Multi-Year Starter,Consistent career presence; reliable rotational player or specialist.,nan
202601746,Trason Richardson,2026,S,0.8556,DB,56.57864,58.895284383900076,58.895284383900076,Multi-Year Starter,Consistent career presence; reliable rotational player or specialist.,nan
202601747,Kameron Hurst,2026,CB,0.8556,DB,57.43986,60.70328525790321,60.70328525790321,Meaningful G5 Contributor,Standout starter at the Group of 5 level; high-end depth in Power 4.,Potential Day 3 Pick
202601750,Amiri Barnes,2026,CB,0.8556,DB,58.478363,62.62842263024194,62.62842263024194,Meaningful G5 Contributor,Standout starter at the Group of 5 level; high-end depth in Power 4.,Potential Day 3 Pick
202601752,Larry Warren,2026,CB,0.8556,DB,58.789715,63.30436738106586,63.30436738106586,Meaningful G5 Contributor,Standout starter at the Group of 5 level; high-end depth in Power 4.,Potential Day 3 Pick
202601753,James Brewer III,2026,S,0.855,DB,59.04051,63.70191609896348,63.70191609896348,Meaningful G5 Contributor,Standout starter at the Group of 5 level; high-end depth in Power 4.,Potential Day 3 Pick
202601757,Traverse Moore,2026,S,0.855,DB,58.75014,63.2520054384601,63.2520054384601,Meaningful G5 Contributor,Standout starter at the Group of 5 level; high-end depth in Power 4.,Potential Day 3 Pick
202601779,Corey Warner,2026,CB,0.855,DB,58.21941,62.2081497371029,62.2081497371029,Meaningful G5 Contributor,Standout starter at the Group of 5 level; high-end depth in Power 4.,Potential Day 3 Pick
202601782,Lennox Lemon,2026,CB,0.855,DB,57.21843,60.34333105741713,60.34333105741713,Meaningful G5 Contributor,Standout starter at the Group of 5 level; high-end depth in Power 4.,Potential Day 3 Pick
202601783,Kallen Martinez,2026,S,0.855,DB,57.180565,60.27425852821101,60.27425852821101,Meaningful G5 Contributor,Standout starter at the Group of 5 level; high-end depth in Power 4.,Potential Day 3 Pick
202601786,Colton Benaitis,2026,S,0.855,DB,53.92271,53.51939176204298,53.51939176204298,Multi-Year Starter,Consistent career presence; reliable rotational player or specialist.,nan
202601791,Grant Blascak,2026,S,0.855,DB,56.61776,59.0061316504563,59.0061316504563,Multi-Year Starter,Consistent career presence; reliable rotational player or specialist.,nan
202601794,Torrence Sanders,2026,CB,0.855,DB,58.77079,63.27932712684693,63.27932712684693,Meaningful G5 Contributor,Standout starter at the Group of 5 level; high-end depth in Power 4.,Potential Day 3 Pick
202601804,Hayden West,2026,S,0.855,DB,60.693977,66.61063738247343,66.61063738247343,Meaningful G5 Contributor,Standout starter at the Group of 5 level; high-end depth in Power 4.,Potential Day 3 Pick
202601807,Troy Garner,2026,S,0.855,DB,53.28823,52.09054042482011,52.09054042482011,Multi-Year Starter,Consistent career presence; reliable rotational player or specialist.,nan
202601815,Fa'Rel Carter,2026,CB,0.855,DB,57.05034,59.91853121455983,59.91853121455983,Multi-Year Starter,Consistent career presence; reliable rotational player or specialist.,nan
202601816,Robert McFarland,2026,S,0.855,DB,59.738716,64.85055049549861,64.85055049549861,Meaningful G5 Contributor,Standout starter at the Group of 5 level; high-end depth in Power 4.,Potential Day 3 Pick
202601827,Omari Bledsoe,2026,CB,0.8544,DB,63.203506,71.10277728395393,71.10277728395393,Meaningful P4 Contributor,Reliable multi-year starter at the highest level of competition.,Potential Day 2 Pick
202601835,Nate Dawson,2026,CB,0.8544,DB,59.14598,63.89710761960567,63.89710761960567,Meaningful G5 Contributor,Standout starter at the Group of 5 level; high-end depth in Power 4.,Potential Day 3 Pick
202601839,Amar'e Miller,2026,S,0.8533,DB,57.89467,61.60796092571796,61.60796092571796,Meaningful G5 Contributor,Standout starter at the Group of 5 level; high-end depth in Power 4.,Potential Day 3 Pick
202601854,Derrick Nichols III,2026,S,0.8533,DB,60.332375,65.96477960762844,65.96477960762844,Meaningful G5 Contributor,Standout starter at the Group of 5 level; high-end depth in Power 4.,Potential Day 3 Pick
202601868,Ja'Kyri Watson,2026,CB,0.8533,DB,59.86269,65.08365280230112,65.08365280230112,Meaningful G5 Contributor,Standout starter at the Group of 5 level; high-end depth in Power 4.,Potential Day 3 Pick
202601875,Justice Brathwaite,2026,CB,0.8522,DB,50.419827,42.63512114549694,42.63512114549694,Single Season Contributor,Late bloomer or one-year starter; limited career longevity.,nan
202601883,Dareon Edmonds,2026,CB,0.8522,DB,58.815746,63.33881098009629,63.33881098009629,Meaningful G5 Contributor,Standout starter at the Group of 5 level; high-end depth in Power 4.,Potential Day 3 Pick
202601892,Julian Byrd,2026,CB,0.8522,DB,56.1413,58.13814980357344,58.13814980357344,Multi-Year Starter,Consistent career presence; reliable rotational player or specialist.,nan
202601893,Simaj Hill,2026,S,0.8522,DB,56.558502,58.839604838136175,58.839604838136175,Multi-Year Starter,Consistent career presence; reliable rotational player or specialist.,nan
202601896,Syncere Berry,2026,CB,0.8522,DB,59.11778,63.844915825612844,63.844915825612844,Meaningful G5 Contributor,Standout starter at the Group of 5 level; high-end depth in Power 4.,Potential Day 3 Pick
202601903,Jaylen Pollard,2026,S,0.8522,DB,59.99868,65.27357691504582,65.27357691504582,Meaningful G5 Contributor,Standout starter at the Group of 5 level; high-end depth in Power 4.,Potential Day 3 Pick
202601904,Savion Bandy,2026,S,0.8517,DB,56.37561,58.5288474715217,58.5288474715217,Multi-Year Starter,Consistent career presence; reliable rotational player or specialist.,nan
202601925,Jaycee Houston,2026,S,0.8511,DB,57.693817,61.13950803554637,61.13950803554637,Meaningful G5 Contributor,Standout starter at the Group of 5 level; high-end depth in Power 4.,Potential Day 3 Pick
202601931,Demari Clemons,2026,CB,0.85,DB,57.404873,60.65182525393381,60.65182525393381,Meaningful G5 Contributor,Standout starter at the Group of 5 level; high-end depth in Power 4.,Potential Day 3 Pick
202601936,Tommy Thies,2026,S,0.85,DB,55.68512,57.307116042288186,57.307116042288186,Multi-Year Starter,Consistent career presence; reliable rotational player or specialist.,nan
202601938,Kindall Brown,2026,CB,0.85,DB,60.83063,66.82767924808601,66.82767924808601,Meaningful G5 Contributor,Standout starter at the Group of 5 level; high-end depth in Power 4.,Potential Day 3 Pick
202601948,Julian Holt,2026,S,0.85,DB,54.82668,55.57311403287276,55.57311403287276,Multi-Year Starter,Consistent career presence; reliable rotational player or specialist.,nan
202601954,Jasiah Denmark,2026,CB,0.85,DB,57.363907,60.59157351138829,60.59157351138829,Meaningful G5 Contributor,Standout starter at the Group of 5 level; high-end depth in Power 4.,Potential Day 3 Pick
202601958,RJ Holland,2026,S,0.85,DB,56.261604,58.302254374364416,58.302254374364416,Multi-Year Starter,Consistent career presence; reliable rotational player or specialist.,nan
202601962,Dorian Rutledge,2026,S,0.85,DB,56.58375,58.90976857085135,58.90976857085135,Multi-Year Starter,Consistent career presence; reliable rotational player or specialist.,nan
202601969,Tedrick Lee,2026,S,0.85,DB,54.866615,55.686312679252566,55.686312679252566,Multi-Year Starter,Consistent career presence; reliable rotational player or specialist.,nan
202601974,Jamarcus Watkins,2026,CB,0.85,DB,58.216957,62.203750681419145,62.203750681419145,Meaningful G5 Contributor,Standout starter at the Group of 5 level; high-end depth in Power 4.,Potential Day 3 Pick
202601982,A'Davion Dale,2026,CB,0.85,DB,61.119774,67.23576609443634,67.23576609443634,Meaningful G5 Contributor,Standout starter at the Group of 5 level; high-end depth in Power 4.,Potential Day 3 Pick
202601984,Josh Hines,2026,S,0.85,DB,57.69024,61.13222730416889,61.13222730416889,Meaningful G5 Contributor,Standout starter at the Group of 5 level; high-end depth in Power 4.,Potential Day 3 Pick
202601995,Cato June Jr.,2026,CB,0.85,DB,57.000763,59.815708000387225,59.815708000387225,Multi-Year Starter,Consistent career presence; reliable rotational player or specialist.,nan
202601999,JaJuan Jones,2026,S,0.85,DB,57.59113,60.93268513990465,60.93268513990465,Meaningful G5 Contributor,Standout starter at the Group of 5 level; high-end depth in Power 4.,Potential Day 3 Pick
202602006,O'Shea Jackson-Webb,2026,CB,0.85,DB,52.33813,49.81439342938843,49.81439342938843,Single Season Contributor,Late bloomer or one-year starter; limited career longevity.,nan
202602010,Shondell Harris,2026,S,0.85,DB,59.168514,63.93880881358858,63.93880881358858,Meaningful G5 Contributor,Standout starter at the Group of 5 level; high-end depth in Power 4.,Potential Day 3 Pick
202602011,Hank James,2026,S,0.85,DB,58.451645,62.577030460728956,62.577030460728956,Meaningful G5 Contributor,Standout starter at the Group of 5 level; high-end depth in Power 4.,Potential Day 3 Pick
202602034,Brayden Dozier,2026,S,0.85,DB,58.34622,62.403557603167776,62.403557603167776,Meaningful G5 Contributor,Standout starter at the Group of 5 level; high-end depth in Power 4.,Potential Day 3 Pick
202602038,Champ Smith,2026,S,0.85,DB,58.613213,62.933464972572594,62.933464972572594,Meaningful G5 Contributor,Standout starter at the Group of 5 level; high-end depth in Power 4.,Potential Day 3 Pick
202602041,Dominick Walters,2026,S,0.85,DB,58.94069,63.52275318161474,63.52275318161474,Meaningful G5 Contributor,Standout starter at the Group of 5 level; high-end depth in Power 4.,Potential Day 3 Pick
202602044,Za'marion West,2026,CB,0.85,DB,58.463314,62.599476012776385,62.599476012776385,Meaningful G5 Contributor,Standout starter at the Group of 5 level; high-end depth in Power 4.,Potential Day 3 Pick
202602045,Brodon Moore,2026,CB,0.85,DB,61.546772,67.88335836073652,67.88335836073652,Meaningful G5 Contributor,Standout starter at the Group of 5 level; high-end depth in Power 4.,Potential Day 3 Pick
202602057,Deon Callins,2026,CB,0.85,DB,58.413933,62.50480510559595,62.50480510559595,Meaningful G5 Contributor,Standout starter at the Group of 5 level; high-end depth in Power 4.,Potential Day 3 Pick
202602058,Marrel Davis,2026,CB,0.85,DB,55.219086,56.37323825937042,56.37323825937042,Multi-Year Starter,Consistent career presence; reliable rotational player or specialist.,nan
202602061,Kevin White,2026,CB,0.85,DB,56.98054,59.773766952501035,59.773766952501035,Multi-Year Starter,Consistent career presence; reliable rotational player or specialist.,nan
202602064,Kaden Olson,2026,S,0.85,DB,54.687233,55.157267319853986,55.157267319853986,Multi-Year Starter,Consistent career presence; reliable rotational player or specialist.,nan
202602087,Caleb Carson,2026,S,0.85,DB,54.633926,55.00119548391621,55.00119548391621,Multi-Year Starter,Consistent career presence; reliable rotational player or specialist.,nan
202602090,Emanual Collins,2026,S,0.85,DB,58.43722,62.54928720074486,62.54928720074486,Meaningful G5 Contributor,Standout starter at the Group of 5 level; high-end depth in Power 4.,Potential Day 3 Pick
202602092,Rahsaan Isaac,2026,CB,0.85,DB,59.035328,63.69236810166411,63.69236810166411,Meaningful G5 Contributor,Standout starter at the Group of 5 level; high-end depth in Power 4.,Potential Day 3 Pick
202602113,Colt Matlock,2026,S,0.85,DB,54.51377,54.72579974474961,54.72579974474961,Multi-Year Starter,Consistent career presence; reliable rotational player or specialist.,nan
202602114,Shaquille Leaks,2026,S,0.85,DB,55.56323,57.125946564899515,57.125946564899515,Multi-Year Starter,Consistent career presence; reliable rotational player or specialist.,nan
202602121,Marquis Richardson,2026,S,0.8489,DB,50.16901,41.75839240818201,41.75839240818201,Single Season Contributor,Late bloomer or one-year starter; limited career longevity.,nan
202602123,Tristan Lester,2026,S,0.8489,DB,58.90141,63.45235434120407,63.45235434120407,Meaningful G5 Contributor,Standout starter at the Group of 5 level; high-end depth in Power 4.,Potential Day 3 Pick
202602126,Mark Brown III,2026,S,0.8489,DB,54.415688,54.52343315010415,54.52343315010415,Multi-Year Starter,Consistent career presence; reliable rotational player or specialist.,nan
202602128,Taron Essex,2026,S,0.8489,DB,56.271633,58.315934525190734,58.315934525190734,Multi-Year Starter,Consistent career presence; reliable rotational player or specialist.,nan
202602129,Alchino Blakely,2026,S,0.8478,DB,56.51955,58.780737936151745,58.780737936151745,Multi-Year Starter,Consistent career presence; reliable rotational player or specialist.,nan
202602132,Robert Reddick,2026,S,0.8478,DB,55.048088,56.07279511713994,56.07279511713994,Multi-Year Starter,Consistent career presence; reliable rotational player or specialist.,nan
202602133,Dorrian Medley,2026,S,0.8478,DB,63.240635,71.23038756279212,71.23038756279212,Meaningful P4 Contributor,Reliable multi-year starter at the highest level of competition.,Potential Day 2 Pick
202602135,Griffin Tillis,2026,S,0.8478,DB,55.122974,56.2062776252891,56.2062776252891,Multi-Year Starter,Consistent career presence; reliable rotational player or specialist.,nan
202602140,Bryce Williams,2026,CB,0.8478,DB,55.064648,56.10487543221205,56.10487543221205,Multi-Year Starter,Consistent career presence; reliable rotational player or specialist.,nan
202602142,Dylan Abram,2026,CB,0.8478,DB,59.132042,63.87131175659339,63.87131175659339,Meaningful G5 Contributor,Standout starter at the Group of 5 level; high-end depth in Power 4.,Potential Day 3 Pick
202602145,Micah Bright,2026,S,0.8478,DB,56.317028,58.395347026330214,58.395347026330214,Multi-Year Starter,Consistent career presence; reliable rotational player or specialist.,nan
202602146,Leonzay Merzius,2026,CB,0.8478,DB,56.52158,58.78380494152396,58.78380494152396,Multi-Year Starter,Consistent career presence; reliable rotational player or specialist.,nan
202602147,Tylen Hockett,2026,CB,0.8478,DB,58.636723,62.9933692624268,62.9933692624268,Meaningful G5 Contributor,Standout starter at the Group of 5 level; high-end depth in Power 4.,Potential Day 3 Pick
202602150,Truly Bell,2026,CB,0.8467,DB,52.248493,49.452284733447115,49.452284733447115,Single Season Contributor,Late bloomer or one-year starter; limited career longevity.,nan
202602157,Carter Stewart,2026,S,0.8467,DB,57.236023,60.37542480159391,60.37542480159391,Meaningful G5 Contributor,Standout starter at the Group of 5 level; high-end depth in Power 4.,Potential Day 3 Pick
202602161,Tyson Stroud,2026,CB,0.8467,DB,60.946342,66.98061398193202,66.98061398193202,Meaningful G5 Contributor,Standout starter at the Group of 5 level; high-end depth in Power 4.,Potential Day 3 Pick
202602162,Thomas Cook Jr.,2026,CB,0.8467,DB,57.191772,60.29470332881625,60.29470332881625,Meaningful G5 Contributor,Standout starter at the Group of 5 level; high-end depth in Power 4.,Potential Day 3 Pick
202602174,Camen Upshaw,2026,S,0.8456,DB,50.469734,42.785791180970165,42.785791180970165,Single Season Contributor,Late bloomer or one-year starter; limited career longevity.,nan
202602189,Ryan Miller,2026,S,0.845,DB,55.63361,57.2305557364271,57.2305557364271,Multi-Year Starter,Consistent career presence; reliable rotational player or specialist.,nan
202602191,Easton Jointer,2026,S,0.845,DB,51.341278,46.194174423267945,46.194174423267945,Single Season Contributor,Late bloomer or one-year starter; limited career longevity.,nan
202602215,Azari Warren,2026,CB,0.845,DB,57.17714,60.26800957281839,60.26800957281839,Meaningful G5 Contributor,Standout starter at the Group of 5 level; high-end depth in Power 4.,Potential Day 3 Pick
202602223,Kydel Stone,2026,CB,0.845,DB,49.693176,39.95736756968216,39.95736756968216,Partial Season Contributor,Rotational backup or special teams contributor; limited starts.,nan
202602236,Jaleel Parker,2026,S,0.845,DB,56.524925,58.788860888349966,58.788860888349966,Multi-Year Starter,Consistent career presence; reliable rotational player or specialist.,nan
202602237,Drew Esper,2026,S,0.845,DB,55.64546,57.248166364436024,57.248166364436024,Multi-Year Starter,Consistent career presence; reliable rotational player or specialist.,nan
202602239,Michael Knight,2026,CB,0.845,DB,61.393154,67.68519999246945,67.68519999246945,Meaningful G5 Contributor,Standout starter at the Group of 5 level; high-end depth in Power 4.,Potential Day 3 Pick
202602249,Horace Glenn III,2026,CB,0.845,DB,58.409096,62.49757273372513,62.49757273372513,Meaningful G5 Contributor,Standout starter at the Group of 5 level; high-end depth in Power 4.,Potential Day 3 Pick
202602261,Justus Donahoo,2026,S,0.845,DB,55.1592,56.26920511809466,56.26920511809466,Multi-Year Starter,Consistent career presence; reliable rotational player or specialist.,nan
202602263,Justin Weatherall,2026,S,0.845,DB,56.427647,58.64184640715273,58.64184640715273,Multi-Year Starter,Consistent career presence; reliable rotational player or specialist.,nan
202602264,Trakarris Collier,2026,CB,0.845,DB,58.421127,62.518330095779795,62.518330095779795,Meaningful G5 Contributor,Standout starter at the Group of 5 level; high-end depth in Power 4.,Potential Day 3 Pick
202602272,Zion Allen,2026,S,0.845,DB,55.463257,56.90584731511073,56.90584731511073,Multi-Year Starter,Consistent career presence; reliable rotational player or specialist.,nan
202602289,Christian Davis,2026,CB,0.8444,DB,57.30463,60.50057787813755,60.50057787813755,Meaningful G5 Contributor,Standout starter at the Group of 5 level; high-end depth in Power 4.,Potential Day 3 Pick
202602306,Jeremy Garner II,2026,CB,0.8422,DB,55.66771,57.28123873828537,57.28123873828537,Multi-Year Starter,Consistent career presence; reliable rotational player or specialist.,nan
202602309,Kennedi Bailey,2026,CB,0.8422,DB,59.92529,65.17107894862052,65.17107894862052,Meaningful G5 Contributor,Standout starter at the Group of 5 level; high-end depth in Power 4.,Potential Day 3 Pick
202602347,Trenton Gummer,2026,CB,0.84,DB,58.657215,63.04676171467797,63.04676171467797,Meaningful G5 Contributor,Standout starter at the Group of 5 level; high-end depth in Power 4.,Potential Day 3 Pick
202602368,Omar Williams Jr.,2026,CB,0.84,DB,54.914677,55.81434202821644,55.81434202821644,Multi-Year Starter,Consistent career presence; reliable rotational player or specialist.,nan
202602382,Brysen Conner,2026,CB,0.84,DB,57.730965,61.2241252469023,61.2241252469023,Meaningful G5 Contributor,Standout starter at the Group of 5 level; high-end depth in Power 4.,Potential Day 3 Pick
202602386,Javari Nash,2026,S,0.84,DB,51.666843,47.68765769171909,47.68765769171909,Single Season Contributor,Late bloomer or one-year starter; limited career longevity.,nan
202602392,Tylin Drakeford,2026,CB,0.84,DB,57.730965,61.2241252469023,61.2241252469023,Meaningful G5 Contributor,Standout starter at the Group of 5 level; high-end depth in Power 4.,Potential Day 3 Pick
202602393,David Williams,2026,CB,0.84,DB,55.65172,57.2574706273345,57.2574706273345,Multi-Year Starter,Consistent career presence; reliable rotational player or specialist.,nan
202602411,Jayshaun Manary,2026,CB,0.84,DB,56.73933,59.25896348110096,59.25896348110096,Multi-Year Starter,Consistent career presence; reliable rotational player or specialist.,nan
202602418,Kobe Russell,2026,CB,0.84,DB,56.35298,58.477279805904985,58.477279805904985,Multi-Year Starter,Consistent career presence; reliable rotational player or specialist.,nan
202602440,Eddie Guerra,2026,CB,0.84,DB,55.43877,56.84042276076679,56.84042276076679,Multi-Year Starter,Consistent career presence; reliable rotational player or specialist.,nan
202602447,Savion Lewis,2026,CB,0.84,DB,55.880478,57.71111678470453,57.71111678470453,Multi-Year Starter,Consistent career presence; reliable rotational player or specialist.,nan
202602481,Will Phillips,2026,S,0.84,DB,56.6471,59.08926439809977,59.08926439809977,Multi-Year Starter,Consistent career presence; reliable rotational player or specialist.,nan
202602483,Eric Johnson,2026,S,0.84,DB,53.412285,52.358120388826975,52.358120388826975,Multi-Year Starter,Consistent career presence; reliable rotational player or specialist.,nan
202602485,Aaron Kearse,2026,S,0.84,DB,51.5457,47.30204265611197,47.30204265611197,Single Season Contributor,Late bloomer or one-year starter; limited career longevity.,nan
202602488,TeJuan Barbour,2026,CB,0.84,DB,57.9167,61.65114463357805,61.65114463357805,Meaningful G5 Contributor,Standout starter at the Group of 5 level; high-end depth in Power 4.,Potential Day 3 Pick
202602490,Franklin Morgan Jr.,2026,CB,0.84,DB,56.753956,59.28230372419692,59.28230372419692,Multi-Year Starter,Consistent career presence; reliable rotational player or specialist.,nan
202602500,Ry'sheed Fuller,2026,CB,0.84,DB,56.6386,59.06518173501959,59.06518173501959,Multi-Year Starter,Consistent career presence; reliable rotational player or specialist.,nan
202602511,Kevin Moore,2026,S,0.84,DB,54.342953,54.37931204898374,54.37931204898374,Multi-Year Starter,Consistent career presence; reliable rotational player or specialist.,nan
202602553,Martece Smith,2026,CB,0.835,DB,51.675278,47.711285406017964,47.711285406017964,Single Season Contributor,Late bloomer or one-year starter; limited career longevity.,nan
202602558,Chase Usher,2026,CB,0.835,DB,58.249607,62.259104093703755,62.259104093703755,Meaningful G5 Contributor,Standout starter at the Group of 5 level; high-end depth in Power 4.,Potential Day 3 Pick
202602566,Amare Mack,2026,CB,0.835,DB,56.81123,59.3737044570719,59.3737044570719,Multi-Year Starter,Consistent career presence; reliable rotational player or specialist.,nan
202602569,Cedarius Christian,2026,CB,0.835,DB,56.396748,58.57701612209187,58.57701612209187,Multi-Year Starter,Consistent career presence; reliable rotational player or specialist.,nan
202602571,Jahmani Chin-Suer,2026,CB,0.835,DB,56.02596,57.95896431093362,57.95896431093362,Multi-Year Starter,Consistent career presence; reliable rotational player or specialist.,nan
202602588,Damien Richard II,2026,CB,0.835,DB,57.859196,61.53842580894031,61.53842580894031,Meaningful G5 Contributor,Standout starter at the Group of 5 level; high-end depth in Power 4.,Potential Day 3 Pick
202602591,Ziiyahn Blair,2026,S,0.835,DB,55.307045,56.54633706021097,56.54633706021097,Multi-Year Starter,Consistent career presence; reliable rotational player or specialist.,nan
202602592,Na'Cari Gay,2026,CB,0.835,DB,57.725895,61.21083944112819,61.21083944112819,Meaningful G5 Contributor,Standout starter at the Group of 5 level; high-end depth in Power 4.,Potential Day 3 Pick
202602604,Bo Gable,2026,S,0.835,DB,50.14901,41.66401306271544,41.66401306271544,Single Season Contributor,Late bloomer or one-year starter; limited career longevity.,nan
202602605,Xavier Wimbush,2026,S,0.835,DB,54.70775,55.22148483830456,55.22148483830456,Multi-Year Starter,Consistent career presence; reliable rotational player or specialist.,nan
202602617,Jakari Johnson,2026,S,0.8322,DB,51.76814,47.978373149283314,47.978373149283314,Single Season Contributor,Late bloomer or one-year starter; limited career longevity.,nan
202602619,Damyon Pearson,2026,CB,0.8322,DB,52.979275,51.49620522091677,51.49620522091677,Multi-Year Starter,Consistent career presence; reliable rotational player or specialist.,nan
202602626,Jeffery Johnson,2026,CB,0.83,DB,54.793434,55.478880944402036,55.478880944402036,Multi-Year Starter,Consistent career presence; reliable rotational player or specialist.,nan
202602639,Keshawn Mills,2026,CB,0.83,DB,46.209766,29.628431838741538,29.628431838741538,Partial Season Contributor,Rotational backup or special teams contributor; limited starts.,nan
202602678,Larell Parker,2026,CB,0.83,DB,54.753967,55.366159336918784,55.366159336918784,Multi-Year Starter,Consistent career presence; reliable rotational player or specialist.,nan
202602679,Chaz Katoanga,2026,S,0.83,DB,47.38942,32.91983711690079,32.91983711690079,Partial Season Contributor,Rotational backup or special teams contributor; limited starts.,nan
202602701,Torey Page,2026,CB,0.83,DB,57.660908,61.07254548800532,61.07254548800532,Meaningful G5 Contributor,Standout starter at the Group of 5 level; high-end depth in Power 4.,Potential Day 3 Pick
202602712,Rahmeer Henderson,2026,S,0.83,DB,52.31504,49.721115536098246,49.721115536098246,Single Season Contributor,Late bloomer or one-year starter; limited career longevity.,nan
202602724,Damarius Lavender,2026,S,0.83,DB,54.861675,55.67231017213041,55.67231017213041,Multi-Year Starter,Consistent career presence; reliable rotational player or specialist.,nan
202602726,Shane Veenhof,2026,S,0.83,DB,52.277435,49.56920186154767,49.56920186154767,Single Season Contributor,Late bloomer or one-year starter; limited career longevity.,nan
202602743,Kendall Griffin,2026,CB,0.83,DB,51.767956,47.977824567857645,47.977824567857645,Single Season Contributor,Late bloomer or one-year starter; limited career longevity.,nan
202602750,Marco Beltran,2026,S,0.83,DB,51.579037,47.44167726307529,47.44167726307529,Single Season Contributor,Late bloomer or one-year starter; limited career longevity.,nan
202602755,Iroc Cordova,2026,CB,0.83,DB,53.15284,51.81615318832544,51.81615318832544,Multi-Year Starter,Consistent career presence; reliable rotational player or specialist.,nan
202602758,Isaiah Sensabaugh,2026,S,0.83,DB,53.67027,52.90967455265529,52.90967455265529,Multi-Year Starter,Consistent career presence; reliable rotational player or specialist.,nan
202602761,Tre'Von Williams,2026,CB,0.83,DB,51.230614,45.59686806503009,45.59686806503009,Single Season Contributor,Late bloomer or one-year starter; limited career longevity.,nan
202602766,Davontey Oliver,2026,S,0.83,DB,51.733364,47.874188393525756,47.874188393525756,Single Season Contributor,Late bloomer or one-year starter; limited career longevity.,nan
202602776,Avin Houston,2026,CB,0.83,DB,50.896667,44.078694268594,44.078694268594,Single Season Contributor,Late bloomer or one-year starter; limited career longevity.,nan
202602782,Jeremiah Deese,2026,S,0.83,DB,50.41944,42.633957981575605,42.633957981575605,Single Season Contributor,Late bloomer or one-year starter; limited career longevity.,nan
202602795,Marcus Bourda Jr.,2026,S,0.83,DB,50.428596,42.66159752030035,42.66159752030035,Single Season Contributor,Late bloomer or one-year starter; limited career longevity.,nan
202602800,Rukevwe Eruvwetaghware,2026,S,0.83,DB,51.578705,47.44074754297398,47.44074754297398,Single Season Contributor,Late bloomer or one-year starter; limited career longevity.,nan
202602813,Elijah Whitaker,2026,S,0.827,DB,52.283283,49.59282568616585,49.59282568616585,Single Season Contributor,Late bloomer or one-year starter; limited career longevity.,nan
202602834,Kavontae Whipple,2026,S,0.825,DB,53.73487,53.06955915997967,53.06955915997967,Multi-Year Starter,Consistent career presence; reliable rotational player or specialist.,nan
202602836,Kingston Gregory,2026,CB,0.825,DB,56.427044,58.64093552961737,58.64093552961737,Multi-Year Starter,Consistent career presence; reliable rotational player or specialist.,nan
202602842,Jabari Monds,2026,CB,0.825,DB,56.700497,59.196990691659956,59.196990691659956,Multi-Year Starter,Consistent career presence; reliable rotational player or specialist.,nan
202602856,Clarence Tucker,2026,CB,0.82,DB,55.408634,56.75990336844445,56.75990336844445,Multi-Year Starter,Consistent career presence; reliable rotational player or specialist.,nan
202602861,Jayden Nicholas,2026,CB,0.82,DB,55.591843,57.16847628823981,57.16847628823981,Multi-Year Starter,Consistent career presence; reliable rotational player or specialist.,nan
202602864,Ose Enosegbe,2026,S,0.82,DB,54.55297,54.81564565927358,54.81564565927358,Multi-Year Starter,Consistent career presence; reliable rotational player or specialist.,nan
202602877,Israel Nabors,2026,CB,0.82,DB,57.12994,60.130808362166526,60.130808362166526,Meaningful G5 Contributor,Standout starter at the Group of 5 level; high-end depth in Power 4.,Potential Day 3 Pick
202602879,Carlos Young,2026,CB,0.82,DB,58.662125,63.05955324223702,63.05955324223702,Meaningful G5 Contributor,Standout starter at the Group of 5 level; high-end depth in Power 4.,Potential Day 3 Pick
202602888,Caden Ward,2026,CB,0.82,DB,56.21631,58.24046734092522,58.24046734092522,Multi-Year Starter,Consistent career presence; reliable rotational player or specialist.,nan
202602893,Dane Kellner,2026,S,0.82,DB,54.484894,54.66056248437416,54.66056248437416,Multi-Year Starter,Consistent career presence; reliable rotational player or specialist.,nan
202602900,AJ Morton,2026,CB,0.82,DB,54.330803,54.355237695017806,54.355237695017806,Multi-Year Starter,Consistent career presence; reliable rotational player or specialist.,nan
202602913,Kam Washington,2026,CB,0.82,DB,56.214428,58.23790198742299,58.23790198742299,Multi-Year Starter,Consistent career presence; reliable rotational player or specialist.,nan
202602919,Jerry Allen III,2026,CB,0.82,DB,55.63415,57.231360858506065,57.231360858506065,Multi-Year Starter,Consistent career presence; reliable rotational player or specialist.,nan
202602934,Damian Horace,2026,S,0.82,DB,53.879276,53.41639257981863,53.41639257981863,Multi-Year Starter,Consistent career presence; reliable rotational player or specialist.,nan
202602958,Malachi Igharo,2026,CB,0.82,DB,53.07986,51.66890847347871,51.66890847347871,Multi-Year Starter,Consistent career presence; reliable rotational player or specialist.,nan
202602966,Jeremiah Blakney,2026,CB,0.82,DB,55.703693,57.3436288680435,57.3436288680435,Multi-Year Starter,Consistent career presence; reliable rotational player or specialist.,nan
202602987,Trisshon Wright,2026,S,0.81,DB,50.69267,43.48937676235753,43.48937676235753,Single Season Contributor,Late bloomer or one-year starter; limited career longevity.,nan
202602991,Hayaat Asiedu,2026,CB,0.81,DB,51.016197,44.44636716295216,44.44636716295216,Single Season Contributor,Late bloomer or one-year starter; limited career longevity.,nan
202603005,Kingston Spivey,2026,CB,0.81,DB,46.537632,30.531024293688244,30.531024293688244,Partial Season Contributor,Rotational backup or special teams contributor; limited starts.,nan
202603009,Jermell Green,2026,CB,0.81,DB,55.729218,57.40434211834126,57.40434211834126,Multi-Year Starter,Consistent career presence; reliable rotational player or specialist.,nan
202603024,Nemo Fungula,2026,S,0.81,DB,51.739906,47.89378875071358,47.89378875071358,Single Season Contributor,Late bloomer or one-year starter; limited career longevity.,nan
202603028,JaMichael Hill,2026,CB,0.81,DB,51.027885,44.48232011336747,44.48232011336747,Single Season Contributor,Late bloomer or one-year starter; limited career longevity.,nan
202603068,Elijah Ward,2026,CB,0.8,DB,44.602478,25.538072634045655,25.538072634045655,Partial Season Contributor,Rotational backup or special teams contributor; limited starts.,nan
202603070,Xavier Collins,2026,S,0.8,DB,48.75436,36.457507190288645,36.457507190288645,Partial Season Contributor,Rotational backup or special teams contributor; limited starts.,nan
202603075,Xzavier Webber,2026,CB,0.8,DB,50.783176,43.7426246989709,43.7426246989709,Single Season Contributor,Late bloomer or one-year starter; limited career longevity.,nan
202603085,Caleb Jones,2026,S,0.8,DB,50.65358,43.38000174733278,43.38000174733278,Single Season Contributor,Late bloomer or one-year starter; limited career longevity.,nan
202603088,Gabriel Lomeli,2026,S,0.8,DB,49.840755,40.540019097446894,40.540019097446894,Single Season Contributor,Late bloomer or one-year starter; limited career longevity.,nan
202603106,Blair Otero,2026,S,0.79,DB,36.832047,9.46109413752846,9.46109413752846,Minimal D1 Impact,Roster filler; medical DQ; or transferred to lower levels.,nan
202603118,Jai Ewing,2026,CB,0.75,DB,49.111855,37.76800907465547,37.76800907465547,Partial Season Contributor,Rotational backup or special teams contributor; limited starts.,nan
202700001,John Meredith III,2027,CB,0.9988,DB,74.19246,91.98871999157203,91.98871999157203,Elite Power 4,All-Conference/All-American honors.,First round NFL Draft talent
202700003,Joshua Dobson,2027,CB,0.9979,DB,77.208885,97.11479462096659,97.11479462096659,Elite Power 4,All-Conference/All-American honors.,First round NFL Draft talent
202700016,Honor Fa'alave-Johnson,2027,S,0.9926,DB,69.39278,83.83220277942176,83.83220277942176,Elite Power 4,All-Conference/All-American honors.,First round NFL Draft talent
202700030,Tory Pittman III,2027,S,0.9875,DB,65.19049,76.50823510185757,76.50823510185757,Meaningful P4 Contributor,Reliable multi-year starter at the highest level of competition.,Potential Day 2 Pick
202700031,Donte Wright,2027,CB,0.9852,DB,66.720985,79.29675752337309,79.29675752337309,Meaningful P4 Contributor,Reliable multi-year starter at the highest level of competition.,Potential Day 2 Pick
202700033,Chance Gilbert,2027,S,0.9844,DB,65.84905,77.59992884558098,77.59992884558098,Meaningful P4 Contributor,Reliable multi-year starter at the highest level of competition.,Potential Day 2 Pick
202700037,JayQuan Snell,2027,S,0.9837,DB,62.107075,68.52219474686535,68.52219474686535,Meaningful G5 Contributor,Standout starter at the Group of 5 level; high-end depth in Power 4.,Potential Day 3 Pick
202700039,Xavier Hasan,2027,CB,0.9829,DB,63.493946,72.05257352661697,72.05257352661697,Meaningful P4 Contributor,Reliable multi-year starter at the highest level of competition.,Potential Day 2 Pick
202700041,Duvay Williams,2027,CB,0.9818,DB,62.81852,69.89568659205612,69.89568659205612,Meaningful G5 Contributor,Standout starter at the Group of 5 level; high-end depth in Power 4.,Potential Day 3 Pick
202700042,Kamarui Dorsey,2027,S,0.9811,DB,58.94753,63.5350116181357,63.5350116181357,Meaningful G5 Contributor,Standout starter at the Group of 5 level; high-end depth in Power 4.,Potential Day 3 Pick
202700046,Hayden Stepp,2027,CB,0.9794,DB,68.44798,82.23688760691435,82.23688760691435,Elite Power 4,All-Conference/All-American honors.,First round NFL Draft talent
202700047,JuJu Johnson,2027,CB,0.9792,DB,64.83852,75.94760102337861,75.94760102337861,Meaningful P4 Contributor,Reliable multi-year starter at the highest level of competition.,Potential Day 2 Pick
202700061,Raylaun Henry,2027,CB,0.9752,DB,64.43316,75.22850749058381,75.22850749058381,Meaningful P4 Contributor,Reliable multi-year starter at the highest level of competition.,Potential Day 2 Pick
202700071,Ta'Shawn Poole,2027,S,0.9687,DB,62.01699,68.41521706169004,68.41521706169004,Meaningful G5 Contributor,Standout starter at the Group of 5 level; high-end depth in Power 4.,Potential Day 3 Pick
202700083,Aaryn Washington,2027,CB,0.9649,DB,61.4297,67.74783971982579,67.74783971982579,Meaningful G5 Contributor,Standout starter at the Group of 5 level; high-end depth in Power 4.,Potential Day 3 Pick
202700084,KJ Caldwell,2027,S,0.9643,DB,62.653122,69.53111947179372,69.53111947179372,Meaningful G5 Contributor,Standout starter at the Group of 5 level; high-end depth in Power 4.,Potential Day 3 Pick
202700087,Corey Hadley Jr.,2027,S,0.9613,DB,61.999672,68.3946505281014,68.3946505281014,Meaningful G5 Contributor,Standout starter at the Group of 5 level; high-end depth in Power 4.,Potential Day 3 Pick
202700103,Karon Eugene,2027,S,0.9559,DB,63.401924,71.75389284464981,71.75389284464981,Meaningful P4 Contributor,Reliable multi-year starter at the highest level of competition.,Potential Day 2 Pick
202700106,Allen Evans,2027,CB,0.9544,DB,63.702175,72.78691830339507,72.78691830339507,Meaningful P4 Contributor,Reliable multi-year starter at the highest level of competition.,Potential Day 2 Pick
202700115,Eli Johnson,2027,S,0.95,DB,58.593388,62.88376475056497,62.88376475056497,Meaningful G5 Contributor,Standout starter at the Group of 5 level; high-end depth in Power 4.,Potential Day 3 Pick
202700116,Jerry Outhouse Jr.,2027,S,0.9492,DB,62.972164,70.29710512191028,70.29710512191028,Meaningful P4 Contributor,Reliable multi-year starter at the highest level of competition.,Potential Day 2 Pick
202700117,Ace Alston,2027,CB,0.9492,DB,63.2505,71.26240631019364,71.26240631019364,Meaningful P4 Contributor,Reliable multi-year starter at the highest level of competition.,Potential Day 2 Pick
202700122,Davion Jones,2027,S,0.9481,DB,64.97968,76.17245497825128,76.17245497825128,Meaningful P4 Contributor,Reliable multi-year starter at the highest level of competition.,Potential Day 2 Pick
202700124,Jayden Anding,2027,S,0.9471,DB,66.70797,79.27142817660871,79.27142817660871,Meaningful P4 Contributor,Reliable multi-year starter at the highest level of competition.,Potential Day 2 Pick
202700129,Mekhi Williams,2027,S,0.9455,DB,61.060093,67.14348483750021,67.14348483750021,Meaningful G5 Contributor,Standout starter at the Group of 5 level; high-end depth in Power 4.,Potential Day 3 Pick
202700135,Taelyn Mayo,2027,CB,0.9448,DB,68.80828,82.83891877528247,82.83891877528247,Elite Power 4,All-Conference/All-American honors.,First round NFL Draft talent
202700137,Tavares Harrington,2027,CB,0.9438,DB,63.590923,72.36733787172201,72.36733787172201,Meaningful P4 Contributor,Reliable multi-year starter at the highest level of competition.,Potential Day 2 Pick
202700142,Gavin Williams,2027,S,0.9416,DB,58.76197,63.26765749012971,63.26765749012971,Meaningful G5 Contributor,Standout starter at the Group of 5 level; high-end depth in Power 4.,Potential Day 3 Pick
202700144,Gabriel Osborne Jr.,2027,CB,0.9401,DB,64.41857,75.18694991382127,75.18694991382127,Meaningful P4 Contributor,Reliable multi-year starter at the highest level of competition.,Potential Day 2 Pick
202700150,Jailen Hill,2027,CB,0.9376,DB,60.280064,65.84858980771139,65.84858980771139,Meaningful G5 Contributor,Standout starter at the Group of 5 level; high-end depth in Power 4.,Potential Day 3 Pick
202700153,Jaylen Scott,2027,S,0.9366,DB,61.15956,67.29728693239376,67.29728693239376,Meaningful G5 Contributor,Standout starter at the Group of 5 level; high-end depth in Power 4.,Potential Day 3 Pick
202700158,Amare Nugent,2027,CB,0.9348,DB,61.72922,68.07838354239966,68.07838354239966,Meaningful G5 Contributor,Standout starter at the Group of 5 level; high-end depth in Power 4.,Potential Day 3 Pick
202700162,Semaj Stanford,2027,S,0.9344,DB,63.836308,73.31132554930902,73.31132554930902,Meaningful P4 Contributor,Reliable multi-year starter at the highest level of competition.,Potential Day 2 Pick
202700166,Larry Moon III,2027,S,0.933,DB,60.995033,67.04496828064333,67.04496828064333,Meaningful G5 Contributor,Standout starter at the Group of 5 level; high-end depth in Power 4.,Potential Day 3 Pick
202700169,Blake Jenkins,2027,CB,0.9329,DB,60.314205,65.9257180476295,65.9257180476295,Meaningful G5 Contributor,Standout starter at the Group of 5 level; high-end depth in Power 4.,Potential Day 3 Pick
202700174,Jernard Albright,2027,S,0.9318,DB,59.462612,64.42252687745861,64.42252687745861,Meaningful G5 Contributor,Standout starter at the Group of 5 level; high-end depth in Power 4.,Potential Day 3 Pick
202700175,Raheem Floyd,2027,CB,0.9316,DB,60.631603,66.50440939427709,66.50440939427709,Meaningful G5 Contributor,Standout starter at the Group of 5 level; high-end depth in Power 4.,Potential Day 3 Pick
202700189,Danny Lang,2027,CB,0.9279,DB,58.474224,62.62046139324571,62.62046139324571,Meaningful G5 Contributor,Standout starter at the Group of 5 level; high-end depth in Power 4.,Potential Day 3 Pick
202700195,Josiah Molden,2027,CB,0.9269,DB,61.915943,68.2952199453399,68.2952199453399,Meaningful G5 Contributor,Standout starter at the Group of 5 level; high-end depth in Power 4.,Potential Day 3 Pick
202700199,Marquis Bryant,2027,S,0.9257,DB,60.459652,66.22328639141148,66.22328639141148,Meaningful G5 Contributor,Standout starter at the Group of 5 level; high-end depth in Power 4.,Potential Day 3 Pick
202700201,Khalil Terry,2027,S,0.9248,DB,59.583004,64.62211886365455,64.62211886365455,Meaningful G5 Contributor,Standout starter at the Group of 5 level; high-end depth in Power 4.,Potential Day 3 Pick
202700212,Censere Gaylord,2027,CB,0.9233,DB,60.26482,65.81082027007427,65.81082027007427,Meaningful G5 Contributor,Standout starter at the Group of 5 level; high-end depth in Power 4.,Potential Day 3 Pick
202700214,Kennedy Green,2027,S,0.9229,DB,60.028236,65.31857342877765,65.31857342877765,Meaningful G5 Contributor,Standout starter at the Group of 5 level; high-end depth in Power 4.,Potential Day 3 Pick
202700216,Zayden Gamble,2027,S,0.9224,DB,61.60741,67.94817646493735,67.94817646493735,Meaningful G5 Contributor,Standout starter at the Group of 5 level; high-end depth in Power 4.,Potential Day 3 Pick
202700223,Darius Johnson,2027,CB,0.9212,DB,58.437492,62.549808166483785,62.549808166483785,Meaningful G5 Contributor,Standout starter at the Group of 5 level; high-end depth in Power 4.,Potential Day 3 Pick
202700225,Bryce Williams,2027,CB,0.921,DB,60.467964,66.23685065058221,66.23685065058221,Meaningful G5 Contributor,Standout starter at the Group of 5 level; high-end depth in Power 4.,Potential Day 3 Pick
202700227,Mikhail McCreary,2027,CB,0.9206,DB,61.6935,68.04020055751437,68.04020055751437,Meaningful G5 Contributor,Standout starter at the Group of 5 level; high-end depth in Power 4.,Potential Day 3 Pick
202700232,Isala Aisa Wily-Ava,2027,S,0.9198,DB,59.589508,64.6302706714952,64.6302706714952,Meaningful G5 Contributor,Standout starter at the Group of 5 level; high-end depth in Power 4.,Potential Day 3 Pick
202700233,Jayden Aparicio-Bailey,2027,S,0.9195,DB,64.15598,74.43887006182696,74.43887006182696,Meaningful P4 Contributor,Reliable multi-year starter at the highest level of competition.,Potential Day 2 Pick
202700240,Chase Johnson,2027,CB,0.9187,DB,60.90834,66.9303869744295,66.9303869744295,Meaningful G5 Contributor,Standout starter at the Group of 5 level; high-end depth in Power 4.,Potential Day 3 Pick
202700241,Montre Jackson,2027,CB,0.9186,DB,60.266235,65.81432690132137,65.81432690132137,Meaningful G5 Contributor,Standout starter at the Group of 5 level; high-end depth in Power 4.,Potential Day 3 Pick
202700242,Dhillon McGee,2027,CB,0.9185,DB,62.532024,69.24323634439973,69.24323634439973,Meaningful G5 Contributor,Standout starter at the Group of 5 level; high-end depth in Power 4.,Potential Day 3 Pick
202700243,Adryan Cole,2027,S,0.9185,DB,59.72505,64.82406625598188,64.82406625598188,Meaningful G5 Contributor,Standout starter at the Group of 5 level; high-end depth in Power 4.,Potential Day 3 Pick
202700251,Brandon Sherrard,2027,CB,0.9172,DB,59.91885,65.16208593612892,65.16208593612892,Meaningful G5 Contributor,Standout starter at the Group of 5 level; high-end depth in Power 4.,Potential Day 3 Pick
202700261,Gabe Jenkins,2027,S,0.9148,DB,60.128937,65.50204822447282,65.50204822447282,Meaningful G5 Contributor,Standout starter at the Group of 5 level; high-end depth in Power 4.,Potential Day 3 Pick
202700264,Evan Mack,2027,CB,0.9144,DB,60.388397,66.08522010104531,66.08522010104531,Meaningful G5 Contributor,Standout starter at the Group of 5 level; high-end depth in Power 4.,Potential Day 3 Pick
202700270,Kaleb Elkins,2027,S,0.9128,DB,61.726524,68.07550065364337,68.07550065364337,Meaningful G5 Contributor,Standout starter at the Group of 5 level; high-end depth in Power 4.,Potential Day 3 Pick
202700275,Jaylyn Jones,2027,S,0.912,DB,61.22576,67.39964864111026,67.39964864111026,Meaningful G5 Contributor,Standout starter at the Group of 5 level; high-end depth in Power 4.,Potential Day 3 Pick
202700278,Kei'Shjuan Telfair,2027,CB,0.9113,DB,61.45641,67.78676731567428,67.78676731567428,Meaningful G5 Contributor,Standout starter at the Group of 5 level; high-end depth in Power 4.,Potential Day 3 Pick
202700290,Jordan Haskins,2027,S,0.9087,DB,60.52139,66.32403167384345,66.32403167384345,Meaningful G5 Contributor,Standout starter at the Group of 5 level; high-end depth in Power 4.,Potential Day 3 Pick
202700291,Emerson Lewis,2027,CB,0.9084,DB,62.459316,69.06518150712093,69.06518150712093,Meaningful G5 Contributor,Standout starter at the Group of 5 level; high-end depth in Power 4.,Potential Day 3 Pick
202700294,T'ari Miller,2027,CB,0.907,DB,66.74994,79.35310269979207,79.35310269979207,Meaningful P4 Contributor,Reliable multi-year starter at the highest level of competition.,Potential Day 2 Pick
202700303,Trezavant Boyd,2027,CB,0.9047,DB,62.748802,69.74201648065994,69.74201648065994,Meaningful G5 Contributor,Standout starter at the Group of 5 level; high-end depth in Power 4.,Potential Day 3 Pick
202700304,Gideon Gash,2027,CB,0.9046,DB,68.48575,82.29988215388566,82.29988215388566,Elite Power 4,All-Conference/All-American honors.,First round NFL Draft talent
202700315,Aamaury Fountain,2027,CB,0.9022,DB,60.937035,66.96831184397718,66.96831184397718,Meaningful G5 Contributor,Standout starter at the Group of 5 level; high-end depth in Power 4.,Potential Day 3 Pick
202700319,Dolph McDonald,2027,CB,0.9017,DB,57.292908,60.47919364659912,60.47919364659912,Meaningful G5 Contributor,Standout starter at the Group of 5 level; high-end depth in Power 4.,Potential Day 3 Pick
202700322,Austin Barrett,2027,CB,0.9014,DB,61.402637,67.70145493633248,67.70145493633248,Meaningful G5 Contributor,Standout starter at the Group of 5 level; high-end depth in Power 4.,Potential Day 3 Pick
202700323,Jarrell Chandler,2027,S,0.901,DB,61.93642,68.31953737976805,68.31953737976805,Meaningful G5 Contributor,Standout starter at the Group of 5 level; high-end depth in Power 4.,Potential Day 3 Pick
202700327,Myles Baker,2027,S,0.8992,DB,58.45971,62.59254203216677,62.59254203216677,Meaningful G5 Contributor,Standout starter at the Group of 5 level; high-end depth in Power 4.,Potential Day 3 Pick
202700338,Malakai Taufoou,2027,S,0.8973,DB,55.796234,57.561054635388956,57.561054635388956,Multi-Year Starter,Consistent career presence; reliable rotational player or specialist.,nan
202700339,Trae'kerrion Collins,2027,S,0.8972,DB,60.29202,65.87802079107819,65.87802079107819,Meaningful G5 Contributor,Standout starter at the Group of 5 level; high-end depth in Power 4.,Potential Day 3 Pick
202700349,Davontrae Kirkland,2027,S,0.8944,DB,59.490345,64.48664234493641,64.48664234493641,Meaningful G5 Contributor,Standout starter at the Group of 5 level; high-end depth in Power 4.,Potential Day 3 Pick
202700356,Jaden Carey,2027,CB,0.8925,DB,61.443157,67.77090787829272,67.77090787829272,Meaningful G5 Contributor,Standout starter at the Group of 5 level; high-end depth in Power 4.,Potential Day 3 Pick
202700393,MJ Burnett,2027,CB,0.89,DB,59.17353,63.94809221803881,63.94809221803881,Meaningful G5 Contributor,Standout starter at the Group of 5 level; high-end depth in Power 4.,Potential Day 3 Pick
202700405,Alex Patton,2027,CB,0.8887,DB,63.56725,72.2904978305875,72.2904978305875,Meaningful P4 Contributor,Reliable multi-year starter at the highest level of competition.,Potential Day 2 Pick
202700411,Mikyal Davis,2027,CB,0.8878,DB,58.831276,63.35935902986957,63.35935902986957,Meaningful G5 Contributor,Standout starter at the Group of 5 level; high-end depth in Power 4.,Potential Day 3 Pick
202700413,Charles Woodson Jr.,2027,S,0.8874,DB,62.381573,68.90646720351525,68.90646720351525,Meaningful G5 Contributor,Standout starter at the Group of 5 level; high-end depth in Power 4.,Potential Day 3 Pick
202700415,Charles Roberts,2027,S,0.885,DB,57.689014,61.12973571059515,61.12973571059515,Meaningful G5 Contributor,Standout starter at the Group of 5 level; high-end depth in Power 4.,Potential Day 3 Pick
202700431,Bryson Brown,2027,S,0.8817,DB,62.62027,69.4587071824884,69.4587071824884,Meaningful G5 Contributor,Standout starter at the Group of 5 level; high-end depth in Power 4.,Potential Day 3 Pick
202700434,Maurice Williams,2027,CB,0.8811,DB,55.089523,56.14816777014883,56.14816777014883,Multi-Year Starter,Consistent career presence; reliable rotational player or specialist.,nan
202700447,Rontrae Carter,2027,S,0.88,DB,57.803566,61.41438518331521,61.41438518331521,Meaningful G5 Contributor,Standout starter at the Group of 5 level; high-end depth in Power 4.,Potential Day 3 Pick
202700456,Trenton Blaylock,2027,CB,0.88,DB,59.959892,65.2194057355348,65.2194057355348,Meaningful G5 Contributor,Standout starter at the Group of 5 level; high-end depth in Power 4.,Potential Day 3 Pick
202700457,Jernaro Gilford Jr.,2027,CB,0.88,DB,52.12669,48.9523504379422,48.9523504379422,Single Season Contributor,Late bloomer or one-year starter; limited career longevity.,nan
202700461,Dillon Davis,2027,S,0.88,DB,53.952583,53.58916845052247,53.58916845052247,Multi-Year Starter,Consistent career presence; reliable rotational player or specialist.,nan
202700463,Jackson Tucker,2027,S,0.88,DB,66.24436,78.36922238206944,78.36922238206944,Meaningful P4 Contributor,Reliable multi-year starter at the highest level of competition.,Potential Day 2 Pick
202700464,Jordan Holman,2027,S,0.88,DB,58.50766,62.68477498059313,62.68477498059313,Meaningful G5 Contributor,Standout starter at the Group of 5 level; high-end depth in Power 4.,Potential Day 3 Pick
202700465,Otha Thomas IV,2027,CB,0.88,DB,58.78077,63.292531179464696,63.292531179464696,Meaningful G5 Contributor,Standout starter at the Group of 5 level; high-end depth in Power 4.,Potential Day 3 Pick
202700475,Tyler Butler-Simpson,2027,CB,0.88,DB,57.668644,61.088286770770274,61.088286770770274,Meaningful G5 Contributor,Standout starter at the Group of 5 level; high-end depth in Power 4.,Potential Day 3 Pick
202700476,Jaden Walk-Green,2027,S,0.88,DB,54.7802,55.441371525709556,55.441371525709556,Multi-Year Starter,Consistent career presence; reliable rotational player or specialist.,nan
202700478,Akedran Crumel,2027,CB,0.88,DB,62.013172,68.4106824581389,68.4106824581389,Meaningful G5 Contributor,Standout starter at the Group of 5 level; high-end depth in Power 4.,Potential Day 3 Pick
202700489,Kamauri Whitfield,2027,CB,0.88,DB,58.60165,62.904478754965304,62.904478754965304,Meaningful G5 Contributor,Standout starter at the Group of 5 level; high-end depth in Power 4.,Potential Day 3 Pick
202700505,Jacquari Parks,2027,CB,0.88,DB,59.214005,64.0056649960287,64.0056649960287,Meaningful G5 Contributor,Standout starter at the Group of 5 level; high-end depth in Power 4.,Potential Day 3 Pick
202700506,Samari Howard,2027,S,0.88,DB,59.70805,64.79111252747097,64.79111252747097,Meaningful G5 Contributor,Standout starter at the Group of 5 level; high-end depth in Power 4.,Potential Day 3 Pick
202700507,Cairo Williams,2027,S,0.88,DB,58.428352,62.53222740718151,62.53222740718151,Meaningful G5 Contributor,Standout starter at the Group of 5 level; high-end depth in Power 4.,Potential Day 3 Pick
202700514,Hezikiah Kelley,2027,S,0.88,DB,57.692364,61.13655072354763,61.13655072354763,Meaningful G5 Contributor,Standout starter at the Group of 5 level; high-end depth in Power 4.,Potential Day 3 Pick
202700515,Robert Geathers III,2027,S,0.88,DB,58.516182,62.70116705750518,62.70116705750518,Meaningful G5 Contributor,Standout starter at the Group of 5 level; high-end depth in Power 4.,Potential Day 3 Pick
202700517,Loia Valade,2027,S,0.88,DB,57.90607,61.630311766028576,61.630311766028576,Meaningful G5 Contributor,Standout starter at the Group of 5 level; high-end depth in Power 4.,Potential Day 3 Pick
202700519,Wyatt Liebentritt,2027,S,0.88,DB,57.21006,60.32806356506591,60.32806356506591,Meaningful G5 Contributor,Standout starter at the Group of 5 level; high-end depth in Power 4.,Potential Day 3 Pick
202700520,Keland Shelton Jr.,2027,S,0.88,DB,58.03017,61.8652539845913,61.8652539845913,Meaningful G5 Contributor,Standout starter at the Group of 5 level; high-end depth in Power 4.,Potential Day 3 Pick
202700526,John Catlin IV,2027,CB,0.88,DB,60.376972,66.0606579821713,66.0606579821713,Meaningful G5 Contributor,Standout starter at the Group of 5 level; high-end depth in Power 4.,Potential Day 3 Pick
202700546,Khalid Rainer,2027,CB,0.875,DB,56.273823,58.31892136679374,58.31892136679374,Multi-Year Starter,Consistent career presence; reliable rotational player or specialist.,nan
202700547,David Coleman Jr.,2027,CB,0.875,DB,59.57096,64.6070248710722,64.6070248710722,Meaningful G5 Contributor,Standout starter at the Group of 5 level; high-end depth in Power 4.,Potential Day 3 Pick
202700556,Travis Miles,2027,S,0.875,DB,63.24677,71.25029713194202,71.25029713194202,Meaningful P4 Contributor,Reliable multi-year starter at the highest level of competition.,Potential Day 2 Pick
202700572,James Roberson,2027,S,0.875,DB,57.42965,60.688265804062596,60.688265804062596,Meaningful G5 Contributor,Standout starter at the Group of 5 level; high-end depth in Power 4.,Potential Day 3 Pick
202700576,Nash Johnson III,2027,CB,0.875,DB,58.75244,63.25504903315755,63.25504903315755,Meaningful G5 Contributor,Standout starter at the Group of 5 level; high-end depth in Power 4.,Potential Day 3 Pick
202700578,Braiden Graves,2027,S,0.875,DB,57.071095,59.96157993018872,59.96157993018872,Multi-Year Starter,Consistent career presence; reliable rotational player or specialist.,nan
202700589,Angelo Smith,2027,S,0.87,DB,61.942837,68.32715696335751,68.32715696335751,Meaningful G5 Contributor,Standout starter at the Group of 5 level; high-end depth in Power 4.,Potential Day 3 Pick
202700592,Damari Jerry,2027,S,0.87,DB,60.539692,66.35389918898856,66.35389918898856,Meaningful G5 Contributor,Standout starter at the Group of 5 level; high-end depth in Power 4.,Potential Day 3 Pick
202700598,Christian Chancellor Jr.,2027,CB,0.87,DB,64.95798,76.13788169275095,76.13788169275095,Meaningful P4 Contributor,Reliable multi-year starter at the highest level of competition.,Potential Day 2 Pick
202700605,Karnell James,2027,CB,0.87,DB,60.86704,66.8757987581848,66.8757987581848,Meaningful G5 Contributor,Standout starter at the Group of 5 level; high-end depth in Power 4.,Potential Day 3 Pick
202700606,Jordan Young,2027,CB,0.87,DB,58.9783,63.590157490404565,63.590157490404565,Meaningful G5 Contributor,Standout starter at the Group of 5 level; high-end depth in Power 4.,Potential Day 3 Pick
202700616,Faruq Muhammad,2027,S,0.87,DB,58.343792,62.399930009705756,62.399930009705756,Meaningful G5 Contributor,Standout starter at the Group of 5 level; high-end depth in Power 4.,Potential Day 3 Pick
202700624,Derek Fisher,2027,S,0.87,DB,56.815533,59.38057138305319,59.38057138305319,Multi-Year Starter,Consistent career presence; reliable rotational player or specialist.,nan
202700626,Elijajuan Houston,2027,CB,0.87,DB,61.284115,67.49830083101293,67.49830083101293,Meaningful G5 Contributor,Standout starter at the Group of 5 level; high-end depth in Power 4.,Potential Day 3 Pick
202700630,Jemari Foreman,2027,S,0.87,DB,61.198555,67.3575808926623,67.3575808926623,Meaningful G5 Contributor,Standout starter at the Group of 5 level; high-end depth in Power 4.,Potential Day 3 Pick
202700632,Miles Brown,2027,CB,0.87,DB,57.006786,59.82820091014242,59.82820091014242,Multi-Year Starter,Consistent career presence; reliable rotational player or specialist.,nan
202700641,Jaiden Fields,2027,S,0.87,DB,58.74318,63.24279389563617,63.24279389563617,Meaningful G5 Contributor,Standout starter at the Group of 5 level; high-end depth in Power 4.,Potential Day 3 Pick
202700644,Zachary Gleason Jr.,2027,CB,0.87,DB,61.818283,68.17924553423792,68.17924553423792,Meaningful G5 Contributor,Standout starter at the Group of 5 level; high-end depth in Power 4.,Potential Day 3 Pick
202700645,Micah Fleming,2027,CB,0.87,DB,64.475525,75.34920269129634,75.34920269129634,Meaningful P4 Contributor,Reliable multi-year starter at the highest level of competition.,Potential Day 2 Pick
202700648,Hudson Fuqua,2027,S,0.87,DB,59.594227,64.63618491565876,64.63618491565876,Meaningful G5 Contributor,Standout starter at the Group of 5 level; high-end depth in Power 4.,Potential Day 3 Pick
202700649,Brexton Bell,2027,S,0.87,DB,59.008083,63.643539460485805,63.643539460485805,Meaningful G5 Contributor,Standout starter at the Group of 5 level; high-end depth in Power 4.,Potential Day 3 Pick
202700652,Patrick Hall,2027,CB,0.87,DB,57.90672,61.63158297474481,61.63158297474481,Meaningful G5 Contributor,Standout starter at the Group of 5 level; high-end depth in Power 4.,Potential Day 3 Pick
202700660,Marvin Joseph,2027,S,0.87,DB,59.530346,64.55612029741862,64.55612029741862,Meaningful G5 Contributor,Standout starter at the Group of 5 level; high-end depth in Power 4.,Potential Day 3 Pick
202700663,Keyon Yarber,2027,CB,0.87,DB,55.172318,56.291994466005185,56.291994466005185,Multi-Year Starter,Consistent career presence; reliable rotational player or specialist.,nan
202700668,Harrison Luke,2027,S,0.87,DB,58.41052,62.49970023743792,62.49970023743792,Meaningful G5 Contributor,Standout starter at the Group of 5 level; high-end depth in Power 4.,Potential Day 3 Pick
202700670,Jabarri Lofton,2027,S,0.87,DB,55.366886,56.66785852767407,56.66785852767407,Multi-Year Starter,Consistent career presence; reliable rotational player or specialist.,nan
202700673,Noah Gillespie,2027,CB,0.87,DB,61.45909,67.78963389388599,67.78963389388599,Meaningful G5 Contributor,Standout starter at the Group of 5 level; high-end depth in Power 4.,Potential Day 3 Pick
202700675,Brandon Allen Jr.,2027,CB,0.87,DB,59.482185,64.46777811041991,64.46777811041991,Meaningful G5 Contributor,Standout starter at the Group of 5 level; high-end depth in Power 4.,Potential Day 3 Pick
202700687,Ziere Alston,2027,CB,0.87,DB,58.440685,62.55594969216659,62.55594969216659,Meaningful G5 Contributor,Standout starter at the Group of 5 level; high-end depth in Power 4.,Potential Day 3 Pick
202700689,London Goggans,2027,S,0.87,DB,58.68019,63.10662447341005,63.10662447341005,Meaningful G5 Contributor,Standout starter at the Group of 5 level; high-end depth in Power 4.,Potential Day 3 Pick
202700700,Brennan Drummond,2027,S,0.865,DB,55.555702,57.114759903900925,57.114759903900925,Multi-Year Starter,Consistent career presence; reliable rotational player or specialist.,nan
202700708,Zayvon Miller,2027,S,0.865,DB,57.153965,60.20286352753052,60.20286352753052,Meaningful G5 Contributor,Standout starter at the Group of 5 level; high-end depth in Power 4.,Potential Day 3 Pick
202700711,Julius Fuentes-Bream,2027,S,0.865,DB,57.114487,60.084461033667075,60.084461033667075,Meaningful G5 Contributor,Standout starter at the Group of 5 level; high-end depth in Power 4.,Potential Day 3 Pick
202700728,Terrell Jackson,2027,CB,0.86,DB,58.408493,62.49667153912293,62.49667153912293,Meaningful G5 Contributor,Standout starter at the Group of 5 level; high-end depth in Power 4.,Potential Day 3 Pick
202700733,Keilan Davis,2027,S,0.86,DB,54.58091,54.87968142007287,54.87968142007287,Multi-Year Starter,Consistent career presence; reliable rotational player or specialist.,nan
202700735,Isaiah Chong,2027,S,0.86,DB,58.69477,63.14461143403997,63.14461143403997,Meaningful G5 Contributor,Standout starter at the Group of 5 level; high-end depth in Power 4.,Potential Day 3 Pick
202700746,Emmanuel Moses,2027,S,0.86,DB,57.986404,61.78370626807742,61.78370626807742,Meaningful G5 Contributor,Standout starter at the Group of 5 level; high-end depth in Power 4.,Potential Day 3 Pick
202700748,Rilee Drew,2027,CB,0.86,DB,56.738304,59.25732588971004,59.25732588971004,Multi-Year Starter,Consistent career presence; reliable rotational player or specialist.,nan
202700749,Eltonino Hicks,2027,S,0.86,DB,56.589046,58.92477159435013,58.92477159435013,Multi-Year Starter,Consistent career presence; reliable rotational player or specialist.,nan
202700750,Amari Oquendo,2027,S,0.86,DB,58.595833,62.889894795265164,62.889894795265164,Meaningful G5 Contributor,Standout starter at the Group of 5 level; high-end depth in Power 4.,Potential Day 3 Pick
202700752,Dorian Franklin,2027,CB,0.86,DB,58.0831,61.963684018988374,61.963684018988374,Meaningful G5 Contributor,Standout starter at the Group of 5 level; high-end depth in Power 4.,Potential Day 3 Pick
202700763,Kamil Loud,2027,CB,0.86,DB,55.180805,56.30673895542098,56.30673895542098,Multi-Year Starter,Consistent career presence; reliable rotational player or specialist.,nan
202700768,Wesley Ace,2027,CB,0.86,DB,53.010277,51.54916353924783,51.54916353924783,Multi-Year Starter,Consistent career presence; reliable rotational player or specialist.,nan
202700769,Johnny McNeil,2027,CB,0.86,DB,53.600113,52.73604373994182,52.73604373994182,Multi-Year Starter,Consistent career presence; reliable rotational player or specialist.,nan
202700782,Masiia Acrey,2027,CB,0.86,DB,59.1149,63.83958581013001,63.83958581013001,Meaningful G5 Contributor,Standout starter at the Group of 5 level; high-end depth in Power 4.,Potential Day 3 Pick
202700783,Romel Koon,2027,CB,0.86,DB,55.214325,56.36496809182394,56.36496809182394,Multi-Year Starter,Consistent career presence; reliable rotational player or specialist.,nan
202700788,Kailib Dillard,2027,S,0.86,DB,58.871265,63.4122711413344,63.4122711413344,Meaningful G5 Contributor,Standout starter at the Group of 5 level; high-end depth in Power 4.,Potential Day 3 Pick
202700790,Zahir Mitchell,2027,CB,0.86,DB,66.06279,78.01587354054226,78.01587354054226,Meaningful P4 Contributor,Reliable multi-year starter at the highest level of competition.,Potential Day 2 Pick
202700795,Dre Otey,2027,CB,0.86,DB,53.163906,51.83848118569987,51.83848118569987,Multi-Year Starter,Consistent career presence; reliable rotational player or specialist.,nan
202700806,Bosston Johnson,2027,S,0.86,DB,57.70512,61.16250676376756,61.16250676376756,Meaningful G5 Contributor,Standout starter at the Group of 5 level; high-end depth in Power 4.,Potential Day 3 Pick
202700817,Saniiyn Black,2027,S,0.855,DB,59.77242,64.91587385008553,64.91587385008553,Meaningful G5 Contributor,Standout starter at the Group of 5 level; high-end depth in Power 4.,Potential Day 3 Pick
202700827,Nasim Eason,2027,CB,0.85,DB,54.40611,54.50445333760541,54.50445333760541,Multi-Year Starter,Consistent career presence; reliable rotational player or specialist.,nan
202700834,Tayven Collins,2027,S,0.85,DB,59.959423,65.21875043900846,65.21875043900846,Meaningful G5 Contributor,Standout starter at the Group of 5 level; high-end depth in Power 4.,Potential Day 3 Pick
202700840,Michael Kori,2027,CB,0.85,DB,57.126606,60.12080896322589,60.12080896322589,Meaningful G5 Contributor,Standout starter at the Group of 5 level; high-end depth in Power 4.,Potential Day 3 Pick
202700850,Ty'ire Clark,2027,S,0.85,DB,55.414318,56.77508993737613,56.77508993737613,Multi-Year Starter,Consistent career presence; reliable rotational player or specialist.,nan
202700857,Prince Staten,2027,CB,0.85,DB,59.70831,64.79161529918709,64.79161529918709,Meaningful G5 Contributor,Standout starter at the Group of 5 level; high-end depth in Power 4.,Potential Day 3 Pick
202700883,Jalani Culpepper,2027,S,0.845,DB,60.033447,65.32806757874809,65.32806757874809,Meaningful G5 Contributor,Standout starter at the Group of 5 level; high-end depth in Power 4.,Potential Day 3 Pick
202700911,Brett Smith,2027,S,0.84,DB,54.322582,54.338948767923114,54.338948767923114,Multi-Year Starter,Consistent career presence; reliable rotational player or specialist.,nan
202700917,Dylin Bruce,2027,CB,0.84,DB,56.10416,58.085771149911835,58.085771149911835,Multi-Year Starter,Consistent career presence; reliable rotational player or specialist.,nan
202700922,Xavier St. John,2027,CB,0.84,DB,56.16532,58.170916600740924,58.170916600740924,Multi-Year Starter,Consistent career presence; reliable rotational player or specialist.,nan
202700936,Grant Moser,2027,S,0.84,DB,45.83028,28.582327669422213,28.582327669422213,Partial Season Contributor,Rotational backup or special teams contributor; limited starts.,nan
202700958,Augus Saunders,2027,CB,0.83,DB,54.611755,54.95037955795151,54.95037955795151,Multi-Year Starter,Consistent career presence; reliable rotational player or specialist.,nan
202700960,Noah Clark,2027,CB,0.83,DB,53.688305,52.95431195586932,52.95431195586932,Multi-Year Starter,Consistent career presence; reliable rotational player or specialist.,nan
202700964,Elijah Carothers,2027,S,0.83,DB,46.767605,31.163566181086654,31.163566181086654,Partial Season Contributor,Rotational backup or special teams contributor; limited starts.,nan
202700977,Will Rasmussen,2027,CB,0.82,DB,56.352047,58.4751499882927,58.4751499882927,Multi-Year Starter,Consistent career presence; reliable rotational player or specialist.,nan
202700987,Vernard Scott,2027,CB,0.82,DB,57.207756,60.32386048148335,60.32386048148335,Meaningful G5 Contributor,Standout starter at the Group of 5 level; high-end depth in Power 4.,Potential Day 3 Pick
202700991,Jashaun Shaffer,2027,CB,0.82,DB,55.408127,56.75854778880155,56.75854778880155,Multi-Year Starter,Consistent career presence; reliable rotational player or specialist.,nan
202701002,Nathaniel Mensah,2027,CB,0.81,DB,51.06179,44.62618613597729,44.62618613597729,Single Season Contributor,Late bloomer or one-year starter; limited career longevity.,nan
202800003,A'mir Sears,2028,CB,0.9987,DB,80.04575,100.0,100.0,Elite Power 4,All-Conference/All-American honors.,First round NFL Draft talent
202800010,Giovanni Tuggle,2028,S,0.9937,DB,71.55393,87.50484221762939,87.50484221762939,Elite Power 4,All-Conference/All-American honors.,First round NFL Draft talent
202800016,Casey Barner,2028,S,0.9922,DB,68.22555,81.86585608833889,81.86585608833889,Elite Power 4,All-Conference/All-American honors.,First round NFL Draft talent
202800021,Langston Pridgeon,2028,CB,0.989,DB,64.62355,75.60519789780477,75.60519789780477,Meaningful P4 Contributor,Reliable multi-year starter at the highest level of competition.,Potential Day 2 Pick
202800029,James Foster III,2028,S,0.9848,DB,65.171814,76.47848627834094,76.47848627834094,Meaningful P4 Contributor,Reliable multi-year starter at the highest level of competition.,Potential Day 2 Pick
202800033,Amiir Woodward,2028,CB,0.9813,DB,67.8779,81.28596264958298,81.28596264958298,Elite Power 4,All-Conference/All-American honors.,First round NFL Draft talent
202800035,Jermaine Cobbins,2028,CB,0.9808,DB,64.0815,74.22666994575339,74.22666994575339,Meaningful P4 Contributor,Reliable multi-year starter at the highest level of competition.,Potential Day 2 Pick
202800048,Quartavius Lyons Jr.,2028,CB,0.9765,DB,64.83376,75.94003014223037,75.94003014223037,Meaningful P4 Contributor,Reliable multi-year starter at the highest level of competition.,Potential Day 2 Pick
202800054,Pole Moala,2028,S,0.9685,DB,65.51151,77.01956731064413,77.01956731064413,Meaningful P4 Contributor,Reliable multi-year starter at the highest level of competition.,Potential Day 2 Pick
202800062,Phoenix Evans,2028,S,0.9408,DB,61.885128,68.25862601178723,68.25862601178723,Meaningful G5 Contributor,Standout starter at the Group of 5 level; high-end depth in Power 4.,Potential Day 3 Pick
202800074,Man Robinson,2028,CB,0.9363,DB,61.124527,67.24311556366884,67.24311556366884,Meaningful G5 Contributor,Standout starter at the Group of 5 level; high-end depth in Power 4.,Potential Day 3 Pick
202800080,Ace Leutele,2028,S,0.9341,DB,60.18171,65.60489311379303,65.60489311379303,Meaningful G5 Contributor,Standout starter at the Group of 5 level; high-end depth in Power 4.,Potential Day 3 Pick
202800081,Nate Dollard,2028,CB,0.9338,DB,57.711956,61.17641622072752,61.17641622072752,Meaningful G5 Contributor,Standout starter at the Group of 5 level; high-end depth in Power 4.,Potential Day 3 Pick
202800084,Grayden Reid,2028,S,0.9335,DB,63.494473,72.05428218367088,72.05428218367088,Meaningful P4 Contributor,Reliable multi-year starter at the highest level of competition.,Potential Day 2 Pick
202800089,Jalen Flowers,2028,S,0.9325,DB,58.21505,62.200329953826795,62.200329953826795,Meaningful G5 Contributor,Standout starter at the Group of 5 level; high-end depth in Power 4.,Potential Day 3 Pick
202800092,Izayah Vickers,2028,CB,0.9319,DB,62.326683,68.8279732794259,68.8279732794259,Meaningful G5 Contributor,Standout starter at the Group of 5 level; high-end depth in Power 4.,Potential Day 3 Pick
202800100,Adrian Woodward,2028,CB,0.9302,DB,65.07408,76.32281535136049,76.32281535136049,Meaningful P4 Contributor,Reliable multi-year starter at the highest level of competition.,Potential Day 2 Pick
202800103,Xavier Bowman,2028,CB,0.9295,DB,62.15175,68.57781174138374,68.57781174138374,Meaningful G5 Contributor,Standout starter at the Group of 5 level; high-end depth in Power 4.,Potential Day 3 Pick
202800107,Kylen Johnson,2028,CB,0.9287,DB,63.16993,70.98584222961625,70.98584222961625,Meaningful P4 Contributor,Reliable multi-year starter at the highest level of competition.,Potential Day 2 Pick
202800110,Jaelyn Easterling-Flores,2028,S,0.9281,DB,61.335022,67.58555836353592,67.58555836353592,Meaningful G5 Contributor,Standout starter at the Group of 5 level; high-end depth in Power 4.,Potential Day 3 Pick
202800119,Brandon Nash,2028,S,0.926,DB,59.443413,64.37813992452658,64.37813992452658,Meaningful G5 Contributor,Standout starter at the Group of 5 level; high-end depth in Power 4.,Potential Day 3 Pick
202800144,Jayden Evans,2028,S,0.885,DB,61.603214,67.94369106517509,67.94369106517509,Meaningful G5 Contributor,Standout starter at the Group of 5 level; high-end depth in Power 4.,Potential Day 3 Pick
202800156,Micah Hannah,2028,CB,0.88,DB,56.55052,58.82754435836422,58.82754435836422,Multi-Year Starter,Consistent career presence; reliable rotational player or specialist.,nan
202800160,Ca'ron Williams,2028,CB,0.88,DB,57.300137,60.49238047340202,60.49238047340202,Meaningful G5 Contributor,Standout starter at the Group of 5 level; high-end depth in Power 4.,Potential Day 3 Pick
202800168,Isaiah Taylor,2028,CB,0.88,DB,58.776726,63.287180913495725,63.287180913495725,Meaningful G5 Contributor,Standout starter at the Group of 5 level; high-end depth in Power 4.,Potential Day 3 Pick
202800170,Nasir Richardson,2028,CB,0.88,DB,60.69354,66.60989025883313,66.60989025883313,Meaningful G5 Contributor,Standout starter at the Group of 5 level; high-end depth in Power 4.,Potential Day 3 Pick
202800178,Nekhi Lambeth,2028,CB,0.875,DB,52.079803,48.80112219942683,48.80112219942683,Single Season Contributor,Late bloomer or one-year starter; limited career longevity.,nan
202800184,Jordan Slye Jr,2028,CB,0.875,DB,56.88819,59.55152908038668,59.55152908038668,Multi-Year Starter,Consistent career presence; reliable rotational player or specialist.,nan
202800185,Jordan Hicks,2028,CB,0.875,DB,54.000977,53.68021951421836,53.68021951421836,Multi-Year Starter,Consistent career presence; reliable rotational player or specialist.,nan
202800194,Damontae Butler,2028,CB,0.875,DB,60.69013,66.6040821846207,66.6040821846207,Meaningful G5 Contributor,Standout starter at the Group of 5 level; high-end depth in Power 4.,Potential Day 3 Pick
202800217,Kacey Allen,2028,S,0.87,DB,53.47488,52.48578600409321,52.48578600409321,Multi-Year Starter,Consistent career presence; reliable rotational player or specialist.,nan
