player_id,name,year,position,rating,y_true_score,y_pred_score_oof_raw,y_pred_score_oof_calibrated,y_pred_score_oof,y_true_tier,y_true_tier_college_outlook,y_true_tier_professional_outlook,y_pred_tier_raw,y_pred_tier_raw_college_outlook,y_pred_tier_raw_professional_outlook,y_pred_tier,y_pred_tier_college_outlook,y_pred_tier_professional_outlook,position_group
201500003,Byron Cowart,2015,SDE,0.9987,57.4951,79.45643615722656,92.68577481965947,92.68577481965947,Multi-Year Starter,Consistent career presence; reliable rotational player or specialist.,nan,Meaningful P4 Contributor,Reliable multi-year starter at the highest level of competition.,Potential Day 2 Pick,Elite Power 4,All-Conference/All-American honors.,First round NFL Draft talent,EDGE
201500008,Josh Sweat,2015,WDE,0.9949,78.3032,83.86969757080078,98.07896910019795,98.07896910019795,Meaningful P4 Contributor,Reliable multi-year starter at the highest level of competition.,Potential Day 2 Pick,Elite Power 4,All-Conference/All-American honors.,First round NFL Draft talent,Elite Power 4,All-Conference/All-American honors.,First round NFL Draft talent,EDGE
201500057,Jalen Dalton,2015,WDE,0.9737,40.0965,69.99053192138672,82.3834524297447,82.3834524297447,Single Season Contributor,Late bloomer or one-year starter; limited career longevity.,nan,Meaningful G5 Contributor,Standout starter at the Group of 5 level; high-end depth in Power 4.,Potential Day 3 Pick,Elite Power 4,All-Conference/All-American honors.,First round NFL Draft talent,EDGE
201500065,Jonathan Ledbetter,2015,SDE,0.968,61.0535,64.58113861083984,76.84876141582018,76.84876141582018,Meaningful G5 Contributor,Standout starter at the Group of 5 level; high-end depth in Power 4.,Potential Day 3 Pick,Meaningful G5 Contributor,Standout starter at the Group of 5 level; high-end depth in Power 4.,Potential Day 3 Pick,Meaningful P4 Contributor,Reliable multi-year starter at the highest level of competition.,Potential Day 2 Pick,EDGE
201500087,Arden Key,2015,WDE,0.9593,79.8526,67.92017364501953,80.65618102750605,80.65618102750605,Meaningful P4 Contributor,Reliable multi-year starter at the highest level of competition.,Potential Day 2 Pick,Meaningful G5 Contributor,Standout starter at the Group of 5 level; high-end depth in Power 4.,Potential Day 3 Pick,Elite Power 4,All-Conference/All-American honors.,First round NFL Draft talent,EDGE
201500095,Jashon Cornell,2015,SDE,0.9563,48.7762,50.53099060058594,50.463278884019886,50.463278884019886,Single Season Contributor,Late bloomer or one-year starter; limited career longevity.,nan,Multi-Year Starter,Consistent career presence; reliable rotational player or specialist.,nan,Multi-Year Starter,Consistent career presence; reliable rotational player or specialist.,nan,EDGE
201500109,Darian Roseboro,2015,SDE,0.9509,74.1014,54.20682907104492,58.411391407404366,58.411391407404366,Meaningful P4 Contributor,Reliable multi-year starter at the highest level of competition.,Potential Day 2 Pick,Multi-Year Starter,Consistent career presence; reliable rotational player or specialist.,nan,Multi-Year Starter,Consistent career presence; reliable rotational player or specialist.,nan,EDGE
201500115,Clelin Ferrell,2015,WDE,0.9467,95.6048,47.94235610961914,42.53915026122749,42.53915026122749,Elite Power 4,All-Conference/All-American honors.,First round NFL Draft talent,Single Season Contributor,Late bloomer or one-year starter; limited career longevity.,nan,Single Season Contributor,Late bloomer or one-year starter; limited career longevity.,nan,EDGE
201500136,James Lockhart,2015,SDE,0.9404,63.6116,51.40301513671875,52.59642727466443,52.59642727466443,Meaningful G5 Contributor,Standout starter at the Group of 5 level; high-end depth in Power 4.,Potential Day 3 Pick,Multi-Year Starter,Consistent career presence; reliable rotational player or specialist.,nan,Multi-Year Starter,Consistent career presence; reliable rotational player or specialist.,nan,EDGE
201500147,Shameik Blackshear,2015,WDE,0.9343,45.5294,47.7701301574707,42.07833704439941,42.07833704439941,Single Season Contributor,Late bloomer or one-year starter; limited career longevity.,nan,Single Season Contributor,Late bloomer or one-year starter; limited career longevity.,nan,Single Season Contributor,Late bloomer or one-year starter; limited career longevity.,nan,EDGE
201500150,Chauncey Rivers,2015,WDE,0.9333,69.4877,55.883201599121094,60.77776981258336,60.77776981258336,Meaningful G5 Contributor,Standout starter at the Group of 5 level; high-end depth in Power 4.,Potential Day 3 Pick,Multi-Year Starter,Consistent career presence; reliable rotational player or specialist.,nan,Meaningful G5 Contributor,Standout starter at the Group of 5 level; high-end depth in Power 4.,Potential Day 3 Pick,EDGE
201500169,Fletcher Adams,2015,SDE,0.9269,55.248,51.160037994384766,52.09447414909721,52.09447414909721,Multi-Year Starter,Consistent career presence; reliable rotational player or specialist.,nan,Multi-Year Starter,Consistent career presence; reliable rotational player or specialist.,nan,Multi-Year Starter,Consistent career presence; reliable rotational player or specialist.,nan,EDGE
201500204,Austin Bryant,2015,WDE,0.919,85.8694,38.7379264831543,23.22451883376658,23.22451883376658,Elite Power 4,All-Conference/All-American honors.,First round NFL Draft talent,Partial Season Contributor,Rotational backup or special teams contributor; limited starts.,nan,Partial Season Contributor,Rotational backup or special teams contributor; limited starts.,nan,EDGE
201500242,Michael Barnett,2015,SDE,0.9091,36.3651,45.71791458129883,37.14139779153717,37.14139779153717,Partial Season Contributor,Rotational backup or special teams contributor; limited starts.,nan,Single Season Contributor,Late bloomer or one-year starter; limited career longevity.,nan,Partial Season Contributor,Rotational backup or special teams contributor; limited starts.,nan,EDGE
201500246,Ryan Buchholz,2015,SDE,0.9083,61.7956,62.792606353759766,73.89938669133869,73.89938669133869,Meaningful G5 Contributor,Standout starter at the Group of 5 level; high-end depth in Power 4.,Potential Day 3 Pick,Meaningful G5 Contributor,Standout starter at the Group of 5 level; high-end depth in Power 4.,Potential Day 3 Pick,Meaningful P4 Contributor,Reliable multi-year starter at the highest level of competition.,Potential Day 2 Pick,EDGE
201500422,Charles Omenihu,2015,WDE,0.88,55.5316,48.37257385253906,43.99592348998701,43.99592348998701,Multi-Year Starter,Consistent career presence; reliable rotational player or specialist.,nan,Single Season Contributor,Late bloomer or one-year starter; limited career longevity.,nan,Single Season Contributor,Late bloomer or one-year starter; limited career longevity.,nan,EDGE
201500429,Trevon Hill,2015,WDE,0.8797,66.1472,56.0113525390625,60.9105208304189,60.9105208304189,Meaningful G5 Contributor,Standout starter at the Group of 5 level; high-end depth in Power 4.,Potential Day 3 Pick,Multi-Year Starter,Consistent career presence; reliable rotational player or specialist.,nan,Meaningful G5 Contributor,Standout starter at the Group of 5 level; high-end depth in Power 4.,Potential Day 3 Pick,EDGE
201500444,Christian Rector,2015,WDE,0.8783,47.9647,45.40071105957031,36.52436884844663,36.52436884844663,Single Season Contributor,Late bloomer or one-year starter; limited career longevity.,nan,Single Season Contributor,Late bloomer or one-year starter; limited career longevity.,nan,Partial Season Contributor,Rotational backup or special teams contributor; limited starts.,nan,EDGE
201500490,Isaiah Washington,2015,WDE,0.8739,37.2862,50.939430236816406,51.61321201220267,51.61321201220267,Partial Season Contributor,Rotational backup or special teams contributor; limited starts.,nan,Multi-Year Starter,Consistent career presence; reliable rotational player or specialist.,nan,Multi-Year Starter,Consistent career presence; reliable rotational player or specialist.,nan,EDGE
201500498,Jason Strowbridge,2015,SDE,0.8733,41.1401,56.53142547607422,61.95522433458065,61.95522433458065,Single Season Contributor,Late bloomer or one-year starter; limited career longevity.,nan,Multi-Year Starter,Consistent career presence; reliable rotational player or specialist.,nan,Meaningful G5 Contributor,Standout starter at the Group of 5 level; high-end depth in Power 4.,Potential Day 3 Pick,EDGE
201500513,Jalen Bates,2015,WDE,0.8719,41.9767,53.854270935058594,58.0381888644496,58.0381888644496,Single Season Contributor,Late bloomer or one-year starter; limited career longevity.,nan,Multi-Year Starter,Consistent career presence; reliable rotational player or specialist.,nan,Multi-Year Starter,Consistent career presence; reliable rotational player or specialist.,nan,EDGE
201500522,Shareef Miller,2015,SDE,0.8711,79.6969,60.54371643066406,69.09961059520427,69.09961059520427,Meaningful P4 Contributor,Reliable multi-year starter at the highest level of competition.,Potential Day 2 Pick,Meaningful G5 Contributor,Standout starter at the Group of 5 level; high-end depth in Power 4.,Potential Day 3 Pick,Meaningful G5 Contributor,Standout starter at the Group of 5 level; high-end depth in Power 4.,Potential Day 3 Pick,EDGE
201500544,Breylin Mitchell,2015,SDE,0.8694,32.8172,48.198055267333984,43.51378861990775,43.51378861990775,Partial Season Contributor,Rotational backup or special teams contributor; limited starts.,nan,Single Season Contributor,Late bloomer or one-year starter; limited career longevity.,nan,Single Season Contributor,Late bloomer or one-year starter; limited career longevity.,nan,EDGE
201500600,Trevon McSwain,2015,WDE,0.8656,45.3667,45.59974670410156,36.90260511872638,36.90260511872638,Single Season Contributor,Late bloomer or one-year starter; limited career longevity.,nan,Single Season Contributor,Late bloomer or one-year starter; limited career longevity.,nan,Partial Season Contributor,Rotational backup or special teams contributor; limited starts.,nan,EDGE
201500608,Reggie Walker,2015,WDE,0.8653,77.8129,48.136962890625,43.31702952819227,43.31702952819227,Meaningful P4 Contributor,Reliable multi-year starter at the highest level of competition.,Potential Day 2 Pick,Single Season Contributor,Late bloomer or one-year starter; limited career longevity.,nan,Single Season Contributor,Late bloomer or one-year starter; limited career longevity.,nan,EDGE
201500616,Dylan Jackson,2015,SDE,0.8644,59.7654,51.806640625,53.40410063295851,53.40410063295851,Multi-Year Starter,Consistent career presence; reliable rotational player or specialist.,nan,Multi-Year Starter,Consistent career presence; reliable rotational player or specialist.,nan,Multi-Year Starter,Consistent career presence; reliable rotational player or specialist.,nan,EDGE
201500619,Boosie Whitlow,2015,WDE,0.8644,53.0159,59.307682037353516,67.46752248162797,67.46752248162797,Multi-Year Starter,Consistent career presence; reliable rotational player or specialist.,nan,Multi-Year Starter,Consistent career presence; reliable rotational player or specialist.,nan,Meaningful G5 Contributor,Standout starter at the Group of 5 level; high-end depth in Power 4.,Potential Day 3 Pick,EDGE
201500634,Austrian Robinson,2015,SDE,0.8636,47.5755,52.670936584472656,55.93844940305945,55.93844940305945,Single Season Contributor,Late bloomer or one-year starter; limited career longevity.,nan,Multi-Year Starter,Consistent career presence; reliable rotational player or specialist.,nan,Multi-Year Starter,Consistent career presence; reliable rotational player or specialist.,nan,EDGE
201500684,Daishon Neal,2015,SDE,0.8614,41.9081,50.613121032714844,50.72234977970774,50.72234977970774,Single Season Contributor,Late bloomer or one-year starter; limited career longevity.,nan,Multi-Year Starter,Consistent career presence; reliable rotational player or specialist.,nan,Multi-Year Starter,Consistent career presence; reliable rotational player or specialist.,nan,EDGE
201500698,Kengera Daniel,2015,WDE,0.8606,41.399,46.026771545410156,37.82243000108698,37.82243000108698,Single Season Contributor,Late bloomer or one-year starter; limited career longevity.,nan,Single Season Contributor,Late bloomer or one-year starter; limited career longevity.,nan,Partial Season Contributor,Rotational backup or special teams contributor; limited starts.,nan,EDGE
201500724,Chris Hart,2015,SDE,0.8597,45.5497,54.26899719238281,58.52207775984518,58.52207775984518,Single Season Contributor,Late bloomer or one-year starter; limited career longevity.,nan,Multi-Year Starter,Consistent career presence; reliable rotational player or specialist.,nan,Multi-Year Starter,Consistent career presence; reliable rotational player or specialist.,nan,EDGE
201500735,Rashod Berry,2015,WDE,0.8594,46.3138,47.96197509765625,42.628958707955896,42.628958707955896,Single Season Contributor,Late bloomer or one-year starter; limited career longevity.,nan,Single Season Contributor,Late bloomer or one-year starter; limited career longevity.,nan,Single Season Contributor,Late bloomer or one-year starter; limited career longevity.,nan,EDGE
201500780,Tyrone Riley,2015,WDE,0.8572,56.5618,31.668684005737305,14.775537792126581,14.775537792126581,Multi-Year Starter,Consistent career presence; reliable rotational player or specialist.,nan,Partial Season Contributor,Rotational backup or special teams contributor; limited starts.,nan,Minimal D1 Impact,Roster filler; medical DQ; or transferred to lower levels.,nan,EDGE
201500809,Kenneth Mann,2015,SDE,0.8561,40.6128,48.12208557128906,43.26230023190128,43.26230023190128,Single Season Contributor,Late bloomer or one-year starter; limited career longevity.,nan,Single Season Contributor,Late bloomer or one-year starter; limited career longevity.,nan,Single Season Contributor,Late bloomer or one-year starter; limited career longevity.,nan,EDGE
201500838,Marquise Copeland,2015,WDE,0.8547,57.3233,52.359169006347656,54.48441501795949,54.48441501795949,Multi-Year Starter,Consistent career presence; reliable rotational player or specialist.,nan,Multi-Year Starter,Consistent career presence; reliable rotational player or specialist.,nan,Multi-Year Starter,Consistent career presence; reliable rotational player or specialist.,nan,EDGE
201500839,Marquies Price,2015,SDE,0.8547,53.8355,45.177059173583984,35.95422050850446,35.95422050850446,Multi-Year Starter,Consistent career presence; reliable rotational player or specialist.,nan,Single Season Contributor,Late bloomer or one-year starter; limited career longevity.,nan,Partial Season Contributor,Rotational backup or special teams contributor; limited starts.,nan,EDGE
201500866,Gabe Reid,2015,WDE,0.8533,66.4286,46.88999557495117,40.111301078246946,40.111301078246946,Meaningful G5 Contributor,Standout starter at the Group of 5 level; high-end depth in Power 4.,Potential Day 3 Pick,Single Season Contributor,Late bloomer or one-year starter; limited career longevity.,nan,Single Season Contributor,Late bloomer or one-year starter; limited career longevity.,nan,EDGE
201500881,Tim Bonner,2015,WDE,0.8531,57.3019,49.586265563964844,47.89644211508533,47.89644211508533,Multi-Year Starter,Consistent career presence; reliable rotational player or specialist.,nan,Single Season Contributor,Late bloomer or one-year starter; limited career longevity.,nan,Single Season Contributor,Late bloomer or one-year starter; limited career longevity.,nan,EDGE
201500903,Tipa Galeai,2015,WDE,0.8519,66.8994,49.238990783691406,47.318033748392885,47.318033748392885,Meaningful G5 Contributor,Standout starter at the Group of 5 level; high-end depth in Power 4.,Potential Day 3 Pick,Single Season Contributor,Late bloomer or one-year starter; limited career longevity.,nan,Single Season Contributor,Late bloomer or one-year starter; limited career longevity.,nan,EDGE
201501028,Wyatt Ray,2015,WDE,0.8472,74.2521,51.31211471557617,52.4252502632228,52.4252502632228,Meaningful P4 Contributor,Reliable multi-year starter at the highest level of competition.,Potential Day 2 Pick,Multi-Year Starter,Consistent career presence; reliable rotational player or specialist.,nan,Multi-Year Starter,Consistent career presence; reliable rotational player or specialist.,nan,EDGE
201501086,Houshun Gaines,2015,SDE,0.8447,54.2888,45.54690933227539,36.80219591565131,36.80219591565131,Multi-Year Starter,Consistent career presence; reliable rotational player or specialist.,nan,Single Season Contributor,Late bloomer or one-year starter; limited career longevity.,nan,Partial Season Contributor,Rotational backup or special teams contributor; limited starts.,nan,EDGE
201501143,Gus Cumberlander,2015,WDE,0.8428,34.0636,57.134033203125,62.94737640238127,62.94737640238127,Partial Season Contributor,Rotational backup or special teams contributor; limited starts.,nan,Multi-Year Starter,Consistent career presence; reliable rotational player or specialist.,nan,Meaningful G5 Contributor,Standout starter at the Group of 5 level; high-end depth in Power 4.,Potential Day 3 Pick,EDGE
201501160,Devin Kaufusi,2015,WDE,0.8419,30.5963,42.79619216918945,28.87199497364465,28.87199497364465,Partial Season Contributor,Rotational backup or special teams contributor; limited starts.,nan,Single Season Contributor,Late bloomer or one-year starter; limited career longevity.,nan,Partial Season Contributor,Rotational backup or special teams contributor; limited starts.,nan,EDGE
201501256,Jake Pickard,2015,WDE,0.8378,50.3663,44.64659881591797,34.17316586240421,34.17316586240421,Multi-Year Starter,Consistent career presence; reliable rotational player or specialist.,nan,Single Season Contributor,Late bloomer or one-year starter; limited career longevity.,nan,Partial Season Contributor,Rotational backup or special teams contributor; limited starts.,nan,EDGE
201501259,J.B. Kouassi,2015,WDE,0.8378,23.7581,50.35039520263672,49.96136271461752,49.96136271461752,Partial Season Contributor,Rotational backup or special teams contributor; limited starts.,nan,Multi-Year Starter,Consistent career presence; reliable rotational player or specialist.,nan,Single Season Contributor,Late bloomer or one-year starter; limited career longevity.,nan,EDGE
201501268,Logan Hunt,2015,WDE,0.8375,58.571,49.49248123168945,47.67729648439891,47.67729648439891,Multi-Year Starter,Consistent career presence; reliable rotational player or specialist.,nan,Single Season Contributor,Late bloomer or one-year starter; limited career longevity.,nan,Single Season Contributor,Late bloomer or one-year starter; limited career longevity.,nan,EDGE
201501274,Steven Wright,2015,WDE,0.8372,54.4474,53.18328857421875,56.9825949561369,56.9825949561369,Multi-Year Starter,Consistent career presence; reliable rotational player or specialist.,nan,Multi-Year Starter,Consistent career presence; reliable rotational player or specialist.,nan,Multi-Year Starter,Consistent career presence; reliable rotational player or specialist.,nan,EDGE
201501297,Anthony Nelson,2015,WDE,0.8364,83.0082,52.0799446105957,53.967353563292576,53.967353563292576,Elite Power 4,All-Conference/All-American honors.,First round NFL Draft talent,Multi-Year Starter,Consistent career presence; reliable rotational player or specialist.,nan,Multi-Year Starter,Consistent career presence; reliable rotational player or specialist.,nan,EDGE
201501346,David Pfaff,2015,SDE,0.8344,55.8787,55.60199737548828,60.58826975953435,60.58826975953435,Multi-Year Starter,Consistent career presence; reliable rotational player or specialist.,nan,Multi-Year Starter,Consistent career presence; reliable rotational player or specialist.,nan,Meaningful G5 Contributor,Standout starter at the Group of 5 level; high-end depth in Power 4.,Potential Day 3 Pick,EDGE
201501416,Griffin Riggs,2015,SDE,0.8328,57.951,53.07987976074219,56.85996205082859,56.85996205082859,Multi-Year Starter,Consistent career presence; reliable rotational player or specialist.,nan,Multi-Year Starter,Consistent career presence; reliable rotational player or specialist.,nan,Multi-Year Starter,Consistent career presence; reliable rotational player or specialist.,nan,EDGE
201501427,Quinn Calcagno,2015,WDE,0.8322,42.3392,53.04755401611328,56.82035153900461,56.82035153900461,Single Season Contributor,Late bloomer or one-year starter; limited career longevity.,nan,Multi-Year Starter,Consistent career presence; reliable rotational player or specialist.,nan,Multi-Year Starter,Consistent career presence; reliable rotational player or specialist.,nan,EDGE
201501525,Kirk Livingstone,2015,SDE,0.8269,64.1446,48.890750885009766,45.57685437032217,45.57685437032217,Meaningful G5 Contributor,Standout starter at the Group of 5 level; high-end depth in Power 4.,Potential Day 3 Pick,Single Season Contributor,Late bloomer or one-year starter; limited career longevity.,nan,Single Season Contributor,Late bloomer or one-year starter; limited career longevity.,nan,EDGE
201501526,Luc Bequette,2015,WDE,0.8269,65.5354,73.10958862304688,85.29316711082929,85.29316711082929,Meaningful G5 Contributor,Standout starter at the Group of 5 level; high-end depth in Power 4.,Potential Day 3 Pick,Meaningful P4 Contributor,Reliable multi-year starter at the highest level of competition.,Potential Day 2 Pick,Elite Power 4,All-Conference/All-American honors.,First round NFL Draft talent,EDGE
201501583,Blain Padgett,2015,SDE,0.8239,50.4045,45.679141998291016,37.05889978306663,37.05889978306663,Multi-Year Starter,Consistent career presence; reliable rotational player or specialist.,nan,Single Season Contributor,Late bloomer or one-year starter; limited career longevity.,nan,Partial Season Contributor,Rotational backup or special teams contributor; limited starts.,nan,EDGE
201501659,Twazanga Mugala,2015,WDE,0.8197,33.7639,50.54070281982422,50.49345309088655,50.49345309088655,Partial Season Contributor,Rotational backup or special teams contributor; limited starts.,nan,Multi-Year Starter,Consistent career presence; reliable rotational player or specialist.,nan,Multi-Year Starter,Consistent career presence; reliable rotational player or specialist.,nan,EDGE
201501664,Cameron Saffle,2015,WDE,0.8194,66.252,56.11375045776367,61.031241192989256,61.031241192989256,Meaningful G5 Contributor,Standout starter at the Group of 5 level; high-end depth in Power 4.,Potential Day 3 Pick,Multi-Year Starter,Consistent career presence; reliable rotational player or specialist.,nan,Meaningful G5 Contributor,Standout starter at the Group of 5 level; high-end depth in Power 4.,Potential Day 3 Pick,EDGE
201501718,Zeandae Johnson,2015,SDE,0.8167,59.8126,55.724552154541016,60.68078604046602,60.68078604046602,Multi-Year Starter,Consistent career presence; reliable rotational player or specialist.,nan,Multi-Year Starter,Consistent career presence; reliable rotational player or specialist.,nan,Meaningful G5 Contributor,Standout starter at the Group of 5 level; high-end depth in Power 4.,Potential Day 3 Pick,EDGE
201501819,Sam Miller,2015,WDE,0.8111,51.016,47.36574172973633,40.97021120712984,40.97021120712984,Multi-Year Starter,Consistent career presence; reliable rotational player or specialist.,nan,Single Season Contributor,Late bloomer or one-year starter; limited career longevity.,nan,Single Season Contributor,Late bloomer or one-year starter; limited career longevity.,nan,EDGE
201501867,Caleb Ashworth,2015,WDE,0.8092,36.5201,52.628173828125,55.741705852171435,55.741705852171435,Partial Season Contributor,Rotational backup or special teams contributor; limited starts.,nan,Multi-Year Starter,Consistent career presence; reliable rotational player or specialist.,nan,Multi-Year Starter,Consistent career presence; reliable rotational player or specialist.,nan,EDGE
201501887,Sam Whitney,2015,WDE,0.8081,35.4314,56.34953308105469,61.57993927320667,61.57993927320667,Partial Season Contributor,Rotational backup or special teams contributor; limited starts.,nan,Multi-Year Starter,Consistent career presence; reliable rotational player or specialist.,nan,Meaningful G5 Contributor,Standout starter at the Group of 5 level; high-end depth in Power 4.,Potential Day 3 Pick,EDGE
201501945,Alex Davis,2015,WDE,0.8059,45.0186,47.21971130371094,40.5360753510231,40.5360753510231,Single Season Contributor,Late bloomer or one-year starter; limited career longevity.,nan,Single Season Contributor,Late bloomer or one-year starter; limited career longevity.,nan,Single Season Contributor,Late bloomer or one-year starter; limited career longevity.,nan,EDGE
201502032,Donald Louis,2015,WDE,0.8017,63.67,54.108638763427734,58.31905650078528,58.31905650078528,Meaningful G5 Contributor,Standout starter at the Group of 5 level; high-end depth in Power 4.,Potential Day 3 Pick,Multi-Year Starter,Consistent career presence; reliable rotational player or specialist.,nan,Multi-Year Starter,Consistent career presence; reliable rotational player or specialist.,nan,EDGE
201502051,Dean Lemon,2015,SDE,0.8007,52.8608,39.36837387084961,24.202364963603568,24.202364963603568,Multi-Year Starter,Consistent career presence; reliable rotational player or specialist.,nan,Partial Season Contributor,Rotational backup or special teams contributor; limited starts.,nan,Partial Season Contributor,Rotational backup or special teams contributor; limited starts.,nan,EDGE
201502209,DeAndre Kelly,2015,SDE,0.7944,52.8027,47.622169494628906,41.772718173420905,41.772718173420905,Multi-Year Starter,Consistent career presence; reliable rotational player or specialist.,nan,Single Season Contributor,Late bloomer or one-year starter; limited career longevity.,nan,Single Season Contributor,Late bloomer or one-year starter; limited career longevity.,nan,EDGE
201502221,Carl Granderson,2015,WDE,0.7933,71.6921,50.445003509521484,50.187124322391796,50.187124322391796,Meaningful P4 Contributor,Reliable multi-year starter at the highest level of competition.,Potential Day 2 Pick,Multi-Year Starter,Consistent career presence; reliable rotational player or specialist.,nan,Multi-Year Starter,Consistent career presence; reliable rotational player or specialist.,nan,EDGE
201502237,TJ King,2015,WDE,0.7926,38.6475,46.518409729003906,39.02959102095641,39.02959102095641,Partial Season Contributor,Rotational backup or special teams contributor; limited starts.,nan,Single Season Contributor,Late bloomer or one-year starter; limited career longevity.,nan,Partial Season Contributor,Rotational backup or special teams contributor; limited starts.,nan,EDGE
201502239,Uvakeious McGhee,2015,WDE,0.7926,37.1538,48.627323150634766,44.73610124281677,44.73610124281677,Partial Season Contributor,Rotational backup or special teams contributor; limited starts.,nan,Single Season Contributor,Late bloomer or one-year starter; limited career longevity.,nan,Single Season Contributor,Late bloomer or one-year starter; limited career longevity.,nan,EDGE
201502397,Jassavia Reese,2015,WDE,0.7859,40.1587,44.76811599731445,34.715341531144134,34.715341531144134,Single Season Contributor,Late bloomer or one-year starter; limited career longevity.,nan,Single Season Contributor,Late bloomer or one-year starter; limited career longevity.,nan,Partial Season Contributor,Rotational backup or special teams contributor; limited starts.,nan,EDGE
201502414,Kyle Ball,2015,WDE,0.7858,62.8447,63.434425354003906,74.67556969211682,74.67556969211682,Meaningful G5 Contributor,Standout starter at the Group of 5 level; high-end depth in Power 4.,Potential Day 3 Pick,Meaningful G5 Contributor,Standout starter at the Group of 5 level; high-end depth in Power 4.,Potential Day 3 Pick,Meaningful P4 Contributor,Reliable multi-year starter at the highest level of competition.,Potential Day 2 Pick,EDGE
201502425,Theodore Eboigbe,2015,SDE,0.7852,58.9549,55.8752555847168,60.77291234552908,60.77291234552908,Multi-Year Starter,Consistent career presence; reliable rotational player or specialist.,nan,Multi-Year Starter,Consistent career presence; reliable rotational player or specialist.,nan,Meaningful G5 Contributor,Standout starter at the Group of 5 level; high-end depth in Power 4.,Potential Day 3 Pick,EDGE
201502506,Marterious Allen,2015,SDE,0.7806,57.9291,52.43677520751953,54.85233624385065,54.85233624385065,Multi-Year Starter,Consistent career presence; reliable rotational player or specialist.,nan,Multi-Year Starter,Consistent career presence; reliable rotational player or specialist.,nan,Multi-Year Starter,Consistent career presence; reliable rotational player or specialist.,nan,EDGE
201502565,TJ Harris,2015,WDE,0.7793,51.1881,54.32318115234375,58.688205756224605,58.688205756224605,Multi-Year Starter,Consistent career presence; reliable rotational player or specialist.,nan,Multi-Year Starter,Consistent career presence; reliable rotational player or specialist.,nan,Multi-Year Starter,Consistent career presence; reliable rotational player or specialist.,nan,EDGE
201502714,Landon Beck,2015,SDE,0.7726,16.5714,50.04106903076172,49.406758516438714,49.406758516438714,Minimal D1 Impact,Roster filler; medical DQ; or transferred to lower levels.,nan,Multi-Year Starter,Consistent career presence; reliable rotational player or specialist.,nan,Single Season Contributor,Late bloomer or one-year starter; limited career longevity.,nan,EDGE
201502723,King Newton,2015,SDE,0.7719,40.5154,45.74238204956055,37.19345822309266,37.19345822309266,Single Season Contributor,Late bloomer or one-year starter; limited career longevity.,nan,Single Season Contributor,Late bloomer or one-year starter; limited career longevity.,nan,Partial Season Contributor,Rotational backup or special teams contributor; limited starts.,nan,EDGE
201502736,Tyrone Hunt,2015,SDE,0.7719,55.2076,41.428646087646484,26.923733373783133,26.923733373783133,Multi-Year Starter,Consistent career presence; reliable rotational player or specialist.,nan,Single Season Contributor,Late bloomer or one-year starter; limited career longevity.,nan,Partial Season Contributor,Rotational backup or special teams contributor; limited starts.,nan,EDGE
201502748,Immanuel Turner,2015,SDE,0.7711,58.3479,48.01165771484375,42.85606852189315,42.85606852189315,Multi-Year Starter,Consistent career presence; reliable rotational player or specialist.,nan,Single Season Contributor,Late bloomer or one-year starter; limited career longevity.,nan,Single Season Contributor,Late bloomer or one-year starter; limited career longevity.,nan,EDGE
201502837,Quintin Wynne,2015,SDE,0.7678,58.5486,54.45430374145508,58.91831019828397,58.91831019828397,Multi-Year Starter,Consistent career presence; reliable rotational player or specialist.,nan,Multi-Year Starter,Consistent career presence; reliable rotational player or specialist.,nan,Multi-Year Starter,Consistent career presence; reliable rotational player or specialist.,nan,EDGE
201503140,Tim Ward,2015,WDE,0.7633,57.4736,62.421722412109375,72.66360018428942,72.66360018428942,Multi-Year Starter,Consistent career presence; reliable rotational player or specialist.,nan,Meaningful G5 Contributor,Standout starter at the Group of 5 level; high-end depth in Power 4.,Potential Day 3 Pick,Meaningful P4 Contributor,Reliable multi-year starter at the highest level of competition.,Potential Day 2 Pick,EDGE
201503216,Dequarius Henry,2015,WDE,0.7583,52.6673,57.512611389160156,63.675569811086355,63.675569811086355,Multi-Year Starter,Consistent career presence; reliable rotational player or specialist.,nan,Multi-Year Starter,Consistent career presence; reliable rotational player or specialist.,nan,Meaningful G5 Contributor,Standout starter at the Group of 5 level; high-end depth in Power 4.,Potential Day 3 Pick,EDGE
201503277,Trae Philpots,2015,SDE,0.7533,58.215,58.05011749267578,65.10269488953317,65.10269488953317,Multi-Year Starter,Consistent career presence; reliable rotational player or specialist.,nan,Multi-Year Starter,Consistent career presence; reliable rotational player or specialist.,nan,Meaningful G5 Contributor,Standout starter at the Group of 5 level; high-end depth in Power 4.,Potential Day 3 Pick,EDGE
201503401,Charles Harris,2015,SDE,0.7383,58.1047,63.9200439453125,75.20338910405984,75.20338910405984,Multi-Year Starter,Consistent career presence; reliable rotational player or specialist.,nan,Meaningful G5 Contributor,Standout starter at the Group of 5 level; high-end depth in Power 4.,Potential Day 3 Pick,Meaningful P4 Contributor,Reliable multi-year starter at the highest level of competition.,Potential Day 2 Pick,EDGE
201600008,Nick Bosa,2016,SDE,0.9965,73.0468,69.5491943359375,81.96341294529769,81.96341294529769,Meaningful P4 Contributor,Reliable multi-year starter at the highest level of competition.,Potential Day 2 Pick,Meaningful G5 Contributor,Standout starter at the Group of 5 level; high-end depth in Power 4.,Potential Day 3 Pick,Elite Power 4,All-Conference/All-American honors.,First round NFL Draft talent,EDGE
201600032,Marlon Davidson,2016,SDE,0.9812,72.9151,65.31834411621094,78.5399771059468,78.5399771059468,Meaningful P4 Contributor,Reliable multi-year starter at the highest level of competition.,Potential Day 2 Pick,Meaningful G5 Contributor,Standout starter at the Group of 5 level; high-end depth in Power 4.,Potential Day 3 Pick,Meaningful P4 Contributor,Reliable multi-year starter at the highest level of competition.,Potential Day 2 Pick,EDGE
201600033,Jonathon Cooper,2016,WDE,0.9811,68.5162,64.99469757080078,78.07055683347176,78.07055683347176,Meaningful G5 Contributor,Standout starter at the Group of 5 level; high-end depth in Power 4.,Potential Day 3 Pick,Meaningful G5 Contributor,Standout starter at the Group of 5 level; high-end depth in Power 4.,Potential Day 3 Pick,Meaningful P4 Contributor,Reliable multi-year starter at the highest level of competition.,Potential Day 2 Pick,EDGE
201600041,Shane Simmons,2016,WDE,0.9783,60.9284,65.49449920654297,78.69031484478937,78.69031484478937,Meaningful G5 Contributor,Standout starter at the Group of 5 level; high-end depth in Power 4.,Potential Day 3 Pick,Meaningful G5 Contributor,Standout starter at the Group of 5 level; high-end depth in Power 4.,Potential Day 3 Pick,Meaningful P4 Contributor,Reliable multi-year starter at the highest level of competition.,Potential Day 2 Pick,EDGE
201600046,Brian Burns,2016,WDE,0.9761,87.2487,69.00315856933594,81.50444440437984,81.50444440437984,Elite Power 4,All-Conference/All-American honors.,First round NFL Draft talent,Meaningful G5 Contributor,Standout starter at the Group of 5 level; high-end depth in Power 4.,Potential Day 3 Pick,Elite Power 4,All-Conference/All-American honors.,First round NFL Draft talent,EDGE
201600085,Janarius Robinson,2016,WDE,0.9571,66.0088,53.387413024902344,57.25986309324044,57.25986309324044,Meaningful G5 Contributor,Standout starter at the Group of 5 level; high-end depth in Power 4.,Potential Day 3 Pick,Multi-Year Starter,Consistent career presence; reliable rotational player or specialist.,nan,Multi-Year Starter,Consistent career presence; reliable rotational player or specialist.,nan,EDGE
201600093,Josh King,2016,SDE,0.9556,44.7296,55.798362731933594,60.72590708224866,60.72590708224866,Single Season Contributor,Late bloomer or one-year starter; limited career longevity.,nan,Multi-Year Starter,Consistent career presence; reliable rotational player or specialist.,nan,Meaningful G5 Contributor,Standout starter at the Group of 5 level; high-end depth in Power 4.,Potential Day 3 Pick,EDGE
201600099,Xavier Kelly,2016,WDE,0.9536,53.6199,58.99978256225586,67.09244177127995,67.09244177127995,Multi-Year Starter,Consistent career presence; reliable rotational player or specialist.,nan,Multi-Year Starter,Consistent career presence; reliable rotational player or specialist.,nan,Meaningful G5 Contributor,Standout starter at the Group of 5 level; high-end depth in Power 4.,Potential Day 3 Pick,EDGE
201600102,Auston Robertson,2016,WDE,0.9521,38.5664,64.10604858398438,75.63848704050811,75.63848704050811,Partial Season Contributor,Rotational backup or special teams contributor; limited starts.,nan,Meaningful G5 Contributor,Standout starter at the Group of 5 level; high-end depth in Power 4.,Potential Day 3 Pick,Meaningful P4 Contributor,Reliable multi-year starter at the highest level of competition.,Potential Day 2 Pick,EDGE
201600148,Brandon Bowen,2016,WDE,0.9342,50.3089,52.10366439819336,54.01321486088482,54.01321486088482,Multi-Year Starter,Consistent career presence; reliable rotational player or specialist.,nan,Multi-Year Starter,Consistent career presence; reliable rotational player or specialist.,nan,Multi-Year Starter,Consistent career presence; reliable rotational player or specialist.,nan,EDGE
201600156,Amani Bledsoe,2016,SDE,0.9318,54.4276,60.15103530883789,68.36831084761143,68.36831084761143,Multi-Year Starter,Consistent career presence; reliable rotational player or specialist.,nan,Meaningful G5 Contributor,Standout starter at the Group of 5 level; high-end depth in Power 4.,Potential Day 3 Pick,Meaningful G5 Contributor,Standout starter at the Group of 5 level; high-end depth in Power 4.,Potential Day 3 Pick,EDGE
201600200,Mark Jackson Jr.,2016,WDE,0.9222,57.9948,57.46323013305664,63.565335544829786,63.565335544829786,Multi-Year Starter,Consistent career presence; reliable rotational player or specialist.,nan,Multi-Year Starter,Consistent career presence; reliable rotational player or specialist.,nan,Meaningful G5 Contributor,Standout starter at the Group of 5 level; high-end depth in Power 4.,Potential Day 3 Pick,EDGE
201600202,Andre Anthony,2016,WDE,0.9216,64.0545,51.633522033691406,52.94585885439717,52.94585885439717,Meaningful G5 Contributor,Standout starter at the Group of 5 level; high-end depth in Power 4.,Potential Day 3 Pick,Multi-Year Starter,Consistent career presence; reliable rotational player or specialist.,nan,Multi-Year Starter,Consistent career presence; reliable rotational player or specialist.,nan,EDGE
201600252,Connor Murphy,2016,WDE,0.9093,50.0605,49.83708190917969,48.71277603306407,48.71277603306407,Multi-Year Starter,Consistent career presence; reliable rotational player or specialist.,nan,Single Season Contributor,Late bloomer or one-year starter; limited career longevity.,nan,Single Season Contributor,Late bloomer or one-year starter; limited career longevity.,nan,EDGE
201600253,Charles Wiley,2016,WDE,0.9091,53.7374,52.284114837646484,54.35468561768425,54.35468561768425,Multi-Year Starter,Consistent career presence; reliable rotational player or specialist.,nan,Multi-Year Starter,Consistent career presence; reliable rotational player or specialist.,nan,Multi-Year Starter,Consistent career presence; reliable rotational player or specialist.,nan,EDGE
201600261,Marquiss Spencer,2016,WDE,0.9076,68.2652,48.26852035522461,43.70845943938149,43.70845943938149,Meaningful G5 Contributor,Standout starter at the Group of 5 level; high-end depth in Power 4.,Potential Day 3 Pick,Single Season Contributor,Late bloomer or one-year starter; limited career longevity.,nan,Single Season Contributor,Late bloomer or one-year starter; limited career longevity.,nan,EDGE
201600268,Daniel Joseph,2016,SDE,0.9069,59.1148,49.14527130126953,47.06872202287248,47.06872202287248,Multi-Year Starter,Consistent career presence; reliable rotational player or specialist.,nan,Single Season Contributor,Late bloomer or one-year starter; limited career longevity.,nan,Single Season Contributor,Late bloomer or one-year starter; limited career longevity.,nan,EDGE
201600286,Maxs Tupai,2016,WDE,0.9034,58.0607,58.83794021606445,66.85355369217612,66.85355369217612,Multi-Year Starter,Consistent career presence; reliable rotational player or specialist.,nan,Multi-Year Starter,Consistent career presence; reliable rotational player or specialist.,nan,Meaningful G5 Contributor,Standout starter at the Group of 5 level; high-end depth in Power 4.,Potential Day 3 Pick,EDGE
201600291,Pat Bethel,2016,SDE,0.9027,43.4402,57.00693893432617,62.74920203895564,62.74920203895564,Single Season Contributor,Late bloomer or one-year starter; limited career longevity.,nan,Multi-Year Starter,Consistent career presence; reliable rotational player or specialist.,nan,Meaningful G5 Contributor,Standout starter at the Group of 5 level; high-end depth in Power 4.,Potential Day 3 Pick,EDGE
201600359,Tomon Fox,2016,WDE,0.8872,67.3504,55.91795349121094,60.80242935628511,60.80242935628511,Meaningful G5 Contributor,Standout starter at the Group of 5 level; high-end depth in Power 4.,Potential Day 3 Pick,Multi-Year Starter,Consistent career presence; reliable rotational player or specialist.,nan,Meaningful G5 Contributor,Standout starter at the Group of 5 level; high-end depth in Power 4.,Potential Day 3 Pick,EDGE
201600406,Keir Thomas,2016,SDE,0.8818,67.5045,53.52456283569336,57.55918716549267,57.55918716549267,Meaningful G5 Contributor,Standout starter at the Group of 5 level; high-end depth in Power 4.,Potential Day 3 Pick,Multi-Year Starter,Consistent career presence; reliable rotational player or specialist.,nan,Multi-Year Starter,Consistent career presence; reliable rotational player or specialist.,nan,EDGE
201600450,David Marshall,2016,SDE,0.8762,49.4099,63.86075973510742,75.10718777315351,75.10718777315351,Single Season Contributor,Late bloomer or one-year starter; limited career longevity.,nan,Meaningful G5 Contributor,Standout starter at the Group of 5 level; high-end depth in Power 4.,Potential Day 3 Pick,Meaningful P4 Contributor,Reliable multi-year starter at the highest level of competition.,Potential Day 2 Pick,EDGE
201600473,Chidi Okonya,2016,SDE,0.8745,42.2941,52.086734771728516,53.980416985499225,53.980416985499225,Single Season Contributor,Late bloomer or one-year starter; limited career longevity.,nan,Multi-Year Starter,Consistent career presence; reliable rotational player or specialist.,nan,Multi-Year Starter,Consistent career presence; reliable rotational player or specialist.,nan,EDGE
201600504,Cedrick Lattimore,2016,SDE,0.8722,54.19,54.263526916503906,58.50530589651034,58.50530589651034,Multi-Year Starter,Consistent career presence; reliable rotational player or specialist.,nan,Multi-Year Starter,Consistent career presence; reliable rotational player or specialist.,nan,Multi-Year Starter,Consistent career presence; reliable rotational player or specialist.,nan,EDGE
201600515,Thomas Schaffer,2016,SDE,0.8711,56.2497,60.3721923828125,68.52171932486041,68.52171932486041,Multi-Year Starter,Consistent career presence; reliable rotational player or specialist.,nan,Meaningful G5 Contributor,Standout starter at the Group of 5 level; high-end depth in Power 4.,Potential Day 3 Pick,Meaningful G5 Contributor,Standout starter at the Group of 5 level; high-end depth in Power 4.,Potential Day 3 Pick,EDGE
201600541,Sci Martin,2016,WDE,0.8686,34.8875,57.138145446777344,62.95378850322387,62.95378850322387,Partial Season Contributor,Rotational backup or special teams contributor; limited starts.,nan,Multi-Year Starter,Consistent career presence; reliable rotational player or specialist.,nan,Meaningful G5 Contributor,Standout starter at the Group of 5 level; high-end depth in Power 4.,Potential Day 3 Pick,EDGE
201600591,Malcolm Roach,2016,SDE,0.8647,48.6029,56.70170593261719,62.38458300097895,62.38458300097895,Single Season Contributor,Late bloomer or one-year starter; limited career longevity.,nan,Multi-Year Starter,Consistent career presence; reliable rotational player or specialist.,nan,Meaningful G5 Contributor,Standout starter at the Group of 5 level; high-end depth in Power 4.,Potential Day 3 Pick,EDGE
201600626,Tommy Carnifax,2016,SDE,0.8628,32.2272,48.37889099121094,44.01337557298011,44.01337557298011,Partial Season Contributor,Rotational backup or special teams contributor; limited starts.,nan,Single Season Contributor,Late bloomer or one-year starter; limited career longevity.,nan,Single Season Contributor,Late bloomer or one-year starter; limited career longevity.,nan,EDGE
201600700,Romeo McKnight,2016,WDE,0.8589,29.7013,51.739662170410156,53.21919877215143,53.21919877215143,Partial Season Contributor,Rotational backup or special teams contributor; limited starts.,nan,Multi-Year Starter,Consistent career presence; reliable rotational player or specialist.,nan,Multi-Year Starter,Consistent career presence; reliable rotational player or specialist.,nan,EDGE
201600743,Tariqious Tisdale,2016,WDE,0.8564,47.5755,40.08767318725586,25.306139233416634,25.306139233416634,Single Season Contributor,Late bloomer or one-year starter; limited career longevity.,nan,Single Season Contributor,Late bloomer or one-year starter; limited career longevity.,nan,Partial Season Contributor,Rotational backup or special teams contributor; limited starts.,nan,EDGE
201600784,Willie Baker,2016,WDE,0.8547,44.605,49.74674606323242,48.43251167101459,48.43251167101459,Single Season Contributor,Late bloomer or one-year starter; limited career longevity.,nan,Single Season Contributor,Late bloomer or one-year starter; limited career longevity.,nan,Single Season Contributor,Late bloomer or one-year starter; limited career longevity.,nan,EDGE
201600814,Eyioma Uwazurike,2016,SDE,0.8533,79.5446,49.62312316894531,47.99742281387301,47.99742281387301,Meaningful P4 Contributor,Reliable multi-year starter at the highest level of competition.,Potential Day 2 Pick,Single Season Contributor,Late bloomer or one-year starter; limited career longevity.,nan,Single Season Contributor,Late bloomer or one-year starter; limited career longevity.,nan,EDGE
201600819,Kelvin Lucky,2016,WDE,0.8533,36.3339,53.40666961669922,57.297988548172775,57.297988548172775,Partial Season Contributor,Rotational backup or special teams contributor; limited starts.,nan,Multi-Year Starter,Consistent career presence; reliable rotational player or specialist.,nan,Multi-Year Starter,Consistent career presence; reliable rotational player or specialist.,nan,EDGE
201600832,Shaka Toney,2016,WDE,0.8525,83.5377,71.04315185546875,83.38527495519402,83.38527495519402,Elite Power 4,All-Conference/All-American honors.,First round NFL Draft talent,Meaningful P4 Contributor,Reliable multi-year starter at the highest level of competition.,Potential Day 2 Pick,Elite Power 4,All-Conference/All-American honors.,First round NFL Draft talent,EDGE
201600860,Jaylin Bannerman,2016,WDE,0.8514,50.2134,61.751827239990234,71.49175943933882,71.49175943933882,Multi-Year Starter,Consistent career presence; reliable rotational player or specialist.,nan,Meaningful G5 Contributor,Standout starter at the Group of 5 level; high-end depth in Power 4.,Potential Day 3 Pick,Meaningful P4 Contributor,Reliable multi-year starter at the highest level of competition.,Potential Day 2 Pick,EDGE
201600861,Chauncey Golston,2016,SDE,0.8514,68.7728,59.58216094970703,67.9461234187969,67.9461234187969,Meaningful G5 Contributor,Standout starter at the Group of 5 level; high-end depth in Power 4.,Potential Day 3 Pick,Multi-Year Starter,Consistent career presence; reliable rotational player or specialist.,nan,Meaningful G5 Contributor,Standout starter at the Group of 5 level; high-end depth in Power 4.,Potential Day 3 Pick,EDGE
201600887,JaQuan Bailey,2016,WDE,0.85,86.7506,57.40554428100586,63.454812489749,63.454812489749,Elite Power 4,All-Conference/All-American honors.,First round NFL Draft talent,Multi-Year Starter,Consistent career presence; reliable rotational player or specialist.,nan,Meaningful G5 Contributor,Standout starter at the Group of 5 level; high-end depth in Power 4.,Potential Day 3 Pick,EDGE
201600906,Evan Weaver,2016,SDE,0.8492,47.7119,52.254981994628906,54.30796031037881,54.30796031037881,Single Season Contributor,Late bloomer or one-year starter; limited career longevity.,nan,Multi-Year Starter,Consistent career presence; reliable rotational player or specialist.,nan,Multi-Year Starter,Consistent career presence; reliable rotational player or specialist.,nan,EDGE
201601012,Gary Overshown,2016,WDE,0.8447,26.8986,52.684844970703125,56.004478762854696,56.004478762854696,Partial Season Contributor,Rotational backup or special teams contributor; limited starts.,nan,Multi-Year Starter,Consistent career presence; reliable rotational player or specialist.,nan,Multi-Year Starter,Consistent career presence; reliable rotational player or specialist.,nan,EDGE
201601102,Curtis Weaver,2016,SDE,0.8408,68.9034,54.383270263671875,58.856988995398794,58.856988995398794,Meaningful G5 Contributor,Standout starter at the Group of 5 level; high-end depth in Power 4.,Potential Day 3 Pick,Multi-Year Starter,Consistent career presence; reliable rotational player or specialist.,nan,Multi-Year Starter,Consistent career presence; reliable rotational player or specialist.,nan,EDGE
201601168,Tabarius Peterson,2016,WDE,0.8381,62.1916,49.4449577331543,47.619095635979214,47.619095635979214,Meaningful G5 Contributor,Standout starter at the Group of 5 level; high-end depth in Power 4.,Potential Day 3 Pick,Single Season Contributor,Late bloomer or one-year starter; limited career longevity.,nan,Single Season Contributor,Late bloomer or one-year starter; limited career longevity.,nan,EDGE
201601195,Darius McFarland,2016,SDE,0.8367,19.3576,51.57677459716797,52.82866829244774,52.82866829244774,Minimal D1 Impact,Roster filler; medical DQ; or transferred to lower levels.,nan,Multi-Year Starter,Consistent career presence; reliable rotational player or specialist.,nan,Multi-Year Starter,Consistent career presence; reliable rotational player or specialist.,nan,EDGE
201601205,Chris Henderson,2016,SDE,0.8361,50.328,50.48439025878906,50.318310454518354,50.318310454518354,Multi-Year Starter,Consistent career presence; reliable rotational player or specialist.,nan,Multi-Year Starter,Consistent career presence; reliable rotational player or specialist.,nan,Multi-Year Starter,Consistent career presence; reliable rotational player or specialist.,nan,EDGE
201601256,Bronson Massie,2016,WDE,0.8342,61.4081,61.75132369995117,71.4909892071129,71.4909892071129,Meaningful G5 Contributor,Standout starter at the Group of 5 level; high-end depth in Power 4.,Potential Day 3 Pick,Meaningful G5 Contributor,Standout starter at the Group of 5 level; high-end depth in Power 4.,Potential Day 3 Pick,Meaningful P4 Contributor,Reliable multi-year starter at the highest level of competition.,Potential Day 2 Pick,EDGE
201601355,Terrell Lucas,2016,WDE,0.8325,53.405,58.92672348022461,66.98460260447193,66.98460260447193,Multi-Year Starter,Consistent career presence; reliable rotational player or specialist.,nan,Multi-Year Starter,Consistent career presence; reliable rotational player or specialist.,nan,Meaningful G5 Contributor,Standout starter at the Group of 5 level; high-end depth in Power 4.,Potential Day 3 Pick,EDGE
201601444,Bradlee Anae,2016,SDE,0.8289,86.293,42.42983627319336,28.262160837667448,28.262160837667448,Elite Power 4,All-Conference/All-American honors.,First round NFL Draft talent,Single Season Contributor,Late bloomer or one-year starter; limited career longevity.,nan,Partial Season Contributor,Rotational backup or special teams contributor; limited starts.,nan,EDGE
201601519,Quincy Roche,2016,WDE,0.8256,76.3103,46.61581802368164,39.203268159881915,39.203268159881915,Meaningful P4 Contributor,Reliable multi-year starter at the highest level of competition.,Potential Day 2 Pick,Single Season Contributor,Late bloomer or one-year starter; limited career longevity.,nan,Partial Season Contributor,Rotational backup or special teams contributor; limited starts.,nan,EDGE
201601567,Kayode Rufai,2016,SDE,0.8241,51.2264,54.31970977783203,58.67756252356442,58.67756252356442,Multi-Year Starter,Consistent career presence; reliable rotational player or specialist.,nan,Multi-Year Starter,Consistent career presence; reliable rotational player or specialist.,nan,Multi-Year Starter,Consistent career presence; reliable rotational player or specialist.,nan,EDGE
201601568,Kailen Guillory,2016,WDE,0.8241,50.1752,44.83004379272461,34.95529695065535,34.95529695065535,Multi-Year Starter,Consistent career presence; reliable rotational player or specialist.,nan,Single Season Contributor,Late bloomer or one-year starter; limited career longevity.,nan,Partial Season Contributor,Rotational backup or special teams contributor; limited starts.,nan,EDGE
201601625,Jacques Turner,2016,WDE,0.8215,39.3992,38.74306869506836,23.23238260410929,23.23238260410929,Partial Season Contributor,Rotational backup or special teams contributor; limited starts.,nan,Partial Season Contributor,Rotational backup or special teams contributor; limited starts.,nan,Partial Season Contributor,Rotational backup or special teams contributor; limited starts.,nan,EDGE
201601627,Jarrod McLin,2016,WDE,0.8215,31.2315,47.36475372314453,40.96718435900901,40.96718435900901,Partial Season Contributor,Rotational backup or special teams contributor; limited starts.,nan,Single Season Contributor,Late bloomer or one-year starter; limited career longevity.,nan,Single Season Contributor,Late bloomer or one-year starter; limited career longevity.,nan,EDGE
201601652,Tre Hornbuckle,2016,WDE,0.8206,64.1748,42.69334030151367,28.700788284894184,28.700788284894184,Meaningful G5 Contributor,Standout starter at the Group of 5 level; high-end depth in Power 4.,Potential Day 3 Pick,Single Season Contributor,Late bloomer or one-year starter; limited career longevity.,nan,Partial Season Contributor,Rotational backup or special teams contributor; limited starts.,nan,EDGE
201601677,TJ Carter,2016,SDE,0.8189,61.1037,54.22563934326172,58.42907996313625,58.42907996313625,Meaningful G5 Contributor,Standout starter at the Group of 5 level; high-end depth in Power 4.,Potential Day 3 Pick,Multi-Year Starter,Consistent career presence; reliable rotational player or specialist.,nan,Multi-Year Starter,Consistent career presence; reliable rotational player or specialist.,nan,EDGE
201601722,James Jennette II,2016,WDE,0.8167,46.8298,59.328125,67.49402182829019,67.49402182829019,Single Season Contributor,Late bloomer or one-year starter; limited career longevity.,nan,Multi-Year Starter,Consistent career presence; reliable rotational player or specialist.,nan,Meaningful G5 Contributor,Standout starter at the Group of 5 level; high-end depth in Power 4.,Potential Day 3 Pick,EDGE
201601760,Traver Vliem,2016,SDE,0.8148,56.5827,49.778472900390625,48.54417378181924,48.54417378181924,Multi-Year Starter,Consistent career presence; reliable rotational player or specialist.,nan,Single Season Contributor,Late bloomer or one-year starter; limited career longevity.,nan,Single Season Contributor,Late bloomer or one-year starter; limited career longevity.,nan,EDGE
201601794,Cameron Alexander,2016,WDE,0.8133,52.3008,48.9759407043457,46.17310490264939,46.17310490264939,Multi-Year Starter,Consistent career presence; reliable rotational player or specialist.,nan,Single Season Contributor,Late bloomer or one-year starter; limited career longevity.,nan,Single Season Contributor,Late bloomer or one-year starter; limited career longevity.,nan,EDGE
201601818,Isaiah Bean,2016,WDE,0.8126,52.3393,58.74226379394531,66.7123301049418,66.7123301049418,Multi-Year Starter,Consistent career presence; reliable rotational player or specialist.,nan,Multi-Year Starter,Consistent career presence; reliable rotational player or specialist.,nan,Meaningful G5 Contributor,Standout starter at the Group of 5 level; high-end depth in Power 4.,Potential Day 3 Pick,EDGE
201601820,Michael Pitts,2016,WDE,0.8125,56.105,53.29363250732422,57.113452246196964,57.113452246196964,Multi-Year Starter,Consistent career presence; reliable rotational player or specialist.,nan,Multi-Year Starter,Consistent career presence; reliable rotational player or specialist.,nan,Multi-Year Starter,Consistent career presence; reliable rotational player or specialist.,nan,EDGE
201601851,Chinedu Udeogu,2016,SDE,0.8111,54.7061,55.2526741027832,59.90675821330929,59.90675821330929,Multi-Year Starter,Consistent career presence; reliable rotational player or specialist.,nan,Multi-Year Starter,Consistent career presence; reliable rotational player or specialist.,nan,Multi-Year Starter,Consistent career presence; reliable rotational player or specialist.,nan,EDGE
201601911,Dean Taylor,2016,SDE,0.81,51.4178,47.44820785522461,41.22422049582501,41.22422049582501,Multi-Year Starter,Consistent career presence; reliable rotational player or specialist.,nan,Single Season Contributor,Late bloomer or one-year starter; limited career longevity.,nan,Single Season Contributor,Late bloomer or one-year starter; limited career longevity.,nan,EDGE
201601925,LaDarius Hamilton,2016,SDE,0.8093,66.0778,51.420223236083984,52.61770487403692,52.61770487403692,Meaningful G5 Contributor,Standout starter at the Group of 5 level; high-end depth in Power 4.,Potential Day 3 Pick,Multi-Year Starter,Consistent career presence; reliable rotational player or specialist.,nan,Multi-Year Starter,Consistent career presence; reliable rotational player or specialist.,nan,EDGE
201601943,Solomon Wise,2016,SDE,0.8081,50.6529,52.713356018066406,56.13983351741028,56.13983351741028,Multi-Year Starter,Consistent career presence; reliable rotational player or specialist.,nan,Multi-Year Starter,Consistent career presence; reliable rotational player or specialist.,nan,Multi-Year Starter,Consistent career presence; reliable rotational player or specialist.,nan,EDGE
201602023,Kendall Futrell,2016,WDE,0.8033,52.1276,50.735748291015625,51.12028729844368,51.12028729844368,Multi-Year Starter,Consistent career presence; reliable rotational player or specialist.,nan,Multi-Year Starter,Consistent career presence; reliable rotational player or specialist.,nan,Multi-Year Starter,Consistent career presence; reliable rotational player or specialist.,nan,EDGE
201602054,Ty Shelby,2016,WDE,0.8019,60.3872,48.822540283203125,45.35769397156632,45.35769397156632,Meaningful G5 Contributor,Standout starter at the Group of 5 level; high-end depth in Power 4.,Potential Day 3 Pick,Single Season Contributor,Late bloomer or one-year starter; limited career longevity.,nan,Single Season Contributor,Late bloomer or one-year starter; limited career longevity.,nan,EDGE
201602117,Arjay Jean,2016,SDE,0.7994,52.243,46.312625885009766,38.63884035739603,38.63884035739603,Multi-Year Starter,Consistent career presence; reliable rotational player or specialist.,nan,Single Season Contributor,Late bloomer or one-year starter; limited career longevity.,nan,Partial Season Contributor,Rotational backup or special teams contributor; limited starts.,nan,EDGE
201602136,Lorenzo Dantzler,2016,WDE,0.7985,60.098,58.73423385620117,66.65786152637607,66.65786152637607,Meaningful G5 Contributor,Standout starter at the Group of 5 level; high-end depth in Power 4.,Potential Day 3 Pick,Multi-Year Starter,Consistent career presence; reliable rotational player or specialist.,nan,Meaningful G5 Contributor,Standout starter at the Group of 5 level; high-end depth in Power 4.,Potential Day 3 Pick,EDGE
201602215,Randy Wade,2016,WDE,0.7941,28.0849,48.726009368896484,45.04945248543548,45.04945248543548,Partial Season Contributor,Rotational backup or special teams contributor; limited starts.,nan,Single Season Contributor,Late bloomer or one-year starter; limited career longevity.,nan,Single Season Contributor,Late bloomer or one-year starter; limited career longevity.,nan,EDGE
201602261,Javante Hubbard,2016,WDE,0.7926,50.6146,52.371803283691406,54.53719429122005,54.53719429122005,Multi-Year Starter,Consistent career presence; reliable rotational player or specialist.,nan,Multi-Year Starter,Consistent career presence; reliable rotational player or specialist.,nan,Multi-Year Starter,Consistent career presence; reliable rotational player or specialist.,nan,EDGE
201602284,Eric Kendzior,2016,SDE,0.7914,51.3986,43.90449905395508,32.04968232780552,32.04968232780552,Multi-Year Starter,Consistent career presence; reliable rotational player or specialist.,nan,Single Season Contributor,Late bloomer or one-year starter; limited career longevity.,nan,Partial Season Contributor,Rotational backup or special teams contributor; limited starts.,nan,EDGE
201602571,Joseph Ozougwu,2016,WDE,0.7833,65.4031,51.09384536743164,51.984856040303164,51.984856040303164,Meaningful G5 Contributor,Standout starter at the Group of 5 level; high-end depth in Power 4.,Potential Day 3 Pick,Multi-Year Starter,Consistent career presence; reliable rotational player or specialist.,nan,Multi-Year Starter,Consistent career presence; reliable rotational player or specialist.,nan,EDGE
201602623,Will Evans,2016,SDE,0.7819,42.4514,43.98707962036133,32.39003295061579,32.39003295061579,Single Season Contributor,Late bloomer or one-year starter; limited career longevity.,nan,Single Season Contributor,Late bloomer or one-year starter; limited career longevity.,nan,Partial Season Contributor,Rotational backup or special teams contributor; limited starts.,nan,EDGE
201602629,Leighton McCarthy,2016,WDE,0.7819,63.2094,35.801177978515625,17.64694024142799,17.64694024142799,Meaningful G5 Contributor,Standout starter at the Group of 5 level; high-end depth in Power 4.,Potential Day 3 Pick,Partial Season Contributor,Rotational backup or special teams contributor; limited starts.,nan,Minimal D1 Impact,Roster filler; medical DQ; or transferred to lower levels.,nan,EDGE
201602674,Christian Johnson,2016,SDE,0.7793,25.7828,43.61170959472656,30.832333152954416,30.832333152954416,Partial Season Contributor,Rotational backup or special teams contributor; limited starts.,nan,Single Season Contributor,Late bloomer or one-year starter; limited career longevity.,nan,Partial Season Contributor,Rotational backup or special teams contributor; limited starts.,nan,EDGE
201602689,Devontay Love-Taylor,2016,SDE,0.7793,22.4388,41.299495697021484,26.75665064226569,26.75665064226569,Partial Season Contributor,Rotational backup or special teams contributor; limited starts.,nan,Single Season Contributor,Late bloomer or one-year starter; limited career longevity.,nan,Partial Season Contributor,Rotational backup or special teams contributor; limited starts.,nan,EDGE
201602718,David Belvin,2016,SDE,0.7785,49.2565,53.55455780029297,57.64991922166932,57.64991922166932,Single Season Contributor,Late bloomer or one-year starter; limited career longevity.,nan,Multi-Year Starter,Consistent career presence; reliable rotational player or specialist.,nan,Multi-Year Starter,Consistent career presence; reliable rotational player or specialist.,nan,EDGE
201602895,Curtis Brooks,2016,SDE,0.7733,44.1442,28.532058715820312,12.5961,12.5961,Single Season Contributor,Late bloomer or one-year starter; limited career longevity.,nan,Partial Season Contributor,Rotational backup or special teams contributor; limited starts.,nan,Minimal D1 Impact,Roster filler; medical DQ; or transferred to lower levels.,nan,EDGE
201602925,Kerry Starks,2016,WDE,0.7719,67.4658,58.142276763916016,65.34287545570591,65.34287545570591,Meaningful G5 Contributor,Standout starter at the Group of 5 level; high-end depth in Power 4.,Potential Day 3 Pick,Multi-Year Starter,Consistent career presence; reliable rotational player or specialist.,nan,Meaningful G5 Contributor,Standout starter at the Group of 5 level; high-end depth in Power 4.,Potential Day 3 Pick,EDGE
201602928,Marcus Webb,2016,WDE,0.7719,50.0031,45.246673583984375,36.17714420716613,36.17714420716613,Multi-Year Starter,Consistent career presence; reliable rotational player or specialist.,nan,Single Season Contributor,Late bloomer or one-year starter; limited career longevity.,nan,Partial Season Contributor,Rotational backup or special teams contributor; limited starts.,nan,EDGE
201603659,Theo Majette,2016,SDE,0.7644,42.249,54.14008331298828,58.348625911634585,58.348625911634585,Single Season Contributor,Late bloomer or one-year starter; limited career longevity.,nan,Multi-Year Starter,Consistent career presence; reliable rotational player or specialist.,nan,Multi-Year Starter,Consistent career presence; reliable rotational player or specialist.,nan,EDGE
201603706,Sam White,2016,WDE,0.7611,22.1713,53.957176208496094,58.15594113381189,58.15594113381189,Partial Season Contributor,Rotational backup or special teams contributor; limited starts.,nan,Multi-Year Starter,Consistent career presence; reliable rotational player or specialist.,nan,Multi-Year Starter,Consistent career presence; reliable rotational player or specialist.,nan,EDGE
201603713,Terry Thomas,2016,SDE,0.7611,52.919,61.777835845947266,71.53154310082557,71.53154310082557,Multi-Year Starter,Consistent career presence; reliable rotational player or specialist.,nan,Meaningful G5 Contributor,Standout starter at the Group of 5 level; high-end depth in Power 4.,Potential Day 3 Pick,Meaningful P4 Contributor,Reliable multi-year starter at the highest level of competition.,Potential Day 2 Pick,EDGE
201700007,Chase Young,2017,WDE,0.9957,100.0,73.98979187011719,86.10173297618717,86.10173297618717,Elite Power 4,All-Conference/All-American honors.,First round NFL Draft talent,Meaningful P4 Contributor,Reliable multi-year starter at the highest level of competition.,Potential Day 2 Pick,Elite Power 4,All-Conference/All-American honors.,First round NFL Draft talent,EDGE
201700010,Joshua Kaindoh,2017,WDE,0.9948,67.2741,66.43637084960938,79.4939713405671,79.4939713405671,Meaningful G5 Contributor,Standout starter at the Group of 5 level; high-end depth in Power 4.,Potential Day 3 Pick,Meaningful G5 Contributor,Standout starter at the Group of 5 level; high-end depth in Power 4.,Potential Day 3 Pick,Meaningful P4 Contributor,Reliable multi-year starter at the highest level of competition.,Potential Day 2 Pick,EDGE
201700027,A.J. Epenesa,2017,SDE,0.9868,87.7959,85.44168090820312,100.0,100.0,Elite Power 4,All-Conference/All-American honors.,First round NFL Draft talent,Elite Power 4,All-Conference/All-American honors.,First round NFL Draft talent,Elite Power 4,All-Conference/All-American honors.,First round NFL Draft talent,EDGE
201700128,Addison Gumbs,2017,WDE,0.9407,32.3989,56.40211486816406,61.69838056350075,61.69838056350075,Partial Season Contributor,Rotational backup or special teams contributor; limited starts.,nan,Multi-Year Starter,Consistent career presence; reliable rotational player or specialist.,nan,Meaningful G5 Contributor,Standout starter at the Group of 5 level; high-end depth in Power 4.,Potential Day 3 Pick,EDGE
201700130,Zachary Carter,2017,SDE,0.9404,42.8071,53.54191970825195,57.61169013580982,57.61169013580982,Single Season Contributor,Late bloomer or one-year starter; limited career longevity.,nan,Multi-Year Starter,Consistent career presence; reliable rotational player or specialist.,nan,Multi-Year Starter,Consistent career presence; reliable rotational player or specialist.,nan,EDGE
201700156,Justin Foster,2017,WDE,0.9338,60.8786,49.57613754272461,47.86894581097239,47.86894581097239,Meaningful G5 Contributor,Standout starter at the Group of 5 level; high-end depth in Power 4.,Potential Day 3 Pick,Single Season Contributor,Late bloomer or one-year starter; limited career longevity.,nan,Single Season Contributor,Late bloomer or one-year starter; limited career longevity.,nan,EDGE
201700167,Jordan Williams,2017,WDE,0.9299,40.1214,55.4503059387207,60.1107989325269,60.1107989325269,Single Season Contributor,Late bloomer or one-year starter; limited career longevity.,nan,Multi-Year Starter,Consistent career presence; reliable rotational player or specialist.,nan,Meaningful G5 Contributor,Standout starter at the Group of 5 level; high-end depth in Power 4.,Potential Day 3 Pick,EDGE
201700175,Jake Lawler,2017,WDE,0.9277,25.1632,52.69086456298828,56.033056472607,56.033056472607,Partial Season Contributor,Rotational backup or special teams contributor; limited starts.,nan,Multi-Year Starter,Consistent career presence; reliable rotational player or specialist.,nan,Multi-Year Starter,Consistent career presence; reliable rotational player or specialist.,nan,EDGE
201700189,Big Kat Bryant,2017,WDE,0.9238,56.6037,56.22426223754883,61.209650611019654,61.209650611019654,Multi-Year Starter,Consistent career presence; reliable rotational player or specialist.,nan,Multi-Year Starter,Consistent career presence; reliable rotational player or specialist.,nan,Meaningful G5 Contributor,Standout starter at the Group of 5 level; high-end depth in Power 4.,Potential Day 3 Pick,EDGE
201700197,Yetur Gross-Matos,2017,SDE,0.9223,83.2674,50.60193634033203,50.686054352440465,50.686054352440465,Elite Power 4,All-Conference/All-American honors.,First round NFL Draft talent,Multi-Year Starter,Consistent career presence; reliable rotational player or specialist.,nan,Multi-Year Starter,Consistent career presence; reliable rotational player or specialist.,nan,EDGE
201700215,Earnest Brown,2017,SDE,0.9174,59.3219,44.2559814453125,33.37684988347884,33.37684988347884,Multi-Year Starter,Consistent career presence; reliable rotational player or specialist.,nan,Single Season Contributor,Late bloomer or one-year starter; limited career longevity.,nan,Partial Season Contributor,Rotational backup or special teams contributor; limited starts.,nan,EDGE
201700224,Ryan Johnson,2017,SDE,0.9137,36.9455,50.819664001464844,51.32511884204522,51.32511884204522,Partial Season Contributor,Rotational backup or special teams contributor; limited starts.,nan,Multi-Year Starter,Consistent career presence; reliable rotational player or specialist.,nan,Multi-Year Starter,Consistent career presence; reliable rotational player or specialist.,nan,EDGE
201700262,Josh Paschal,2017,SDE,0.9059,70.5559,53.79256057739258,57.98436712384496,57.98436712384496,Meaningful P4 Contributor,Reliable multi-year starter at the highest level of competition.,Potential Day 2 Pick,Multi-Year Starter,Consistent career presence; reliable rotational player or specialist.,nan,Multi-Year Starter,Consistent career presence; reliable rotational player or specialist.,nan,EDGE
201700282,Isaiah Thomas,2017,WDE,0.9008,44.1864,58.65707015991211,66.15814984321548,66.15814984321548,Single Season Contributor,Late bloomer or one-year starter; limited career longevity.,nan,Multi-Year Starter,Consistent career presence; reliable rotational player or specialist.,nan,Meaningful G5 Contributor,Standout starter at the Group of 5 level; high-end depth in Power 4.,Potential Day 3 Pick,EDGE
201700329,Logan Rudolph,2017,WDE,0.8931,58.3701,41.340606689453125,26.808541475498746,26.808541475498746,Multi-Year Starter,Consistent career presence; reliable rotational player or specialist.,nan,Single Season Contributor,Late bloomer or one-year starter; limited career longevity.,nan,Partial Season Contributor,Rotational backup or special teams contributor; limited starts.,nan,EDGE
201700338,Drew Jordan,2017,WDE,0.8925,62.0851,58.63358688354492,66.1314096572809,66.1314096572809,Meaningful G5 Contributor,Standout starter at the Group of 5 level; high-end depth in Power 4.,Potential Day 3 Pick,Multi-Year Starter,Consistent career presence; reliable rotational player or specialist.,nan,Meaningful G5 Contributor,Standout starter at the Group of 5 level; high-end depth in Power 4.,Potential Day 3 Pick,EDGE
201700408,Trevor Kent,2017,SDE,0.8828,51.4561,61.31741714477539,70.63889061125109,70.63889061125109,Multi-Year Starter,Consistent career presence; reliable rotational player or specialist.,nan,Meaningful G5 Contributor,Standout starter at the Group of 5 level; high-end depth in Power 4.,Potential Day 3 Pick,Meaningful P4 Contributor,Reliable multi-year starter at the highest level of competition.,Potential Day 2 Pick,EDGE
201700485,Jalen Harris,2017,WDE,0.8728,60.7052,58.01940155029297,65.022644642469,65.022644642469,Meaningful G5 Contributor,Standout starter at the Group of 5 level; high-end depth in Power 4.,Potential Day 3 Pick,Multi-Year Starter,Consistent career presence; reliable rotational player or specialist.,nan,Meaningful G5 Contributor,Standout starter at the Group of 5 level; high-end depth in Power 4.,Potential Day 3 Pick,EDGE
201700508,Izayah Green-May,2017,WDE,0.8711,38.7817,63.37308120727539,74.6134652875289,74.6134652875289,Partial Season Contributor,Rotational backup or special teams contributor; limited starts.,nan,Meaningful G5 Contributor,Standout starter at the Group of 5 level; high-end depth in Power 4.,Potential Day 3 Pick,Meaningful P4 Contributor,Reliable multi-year starter at the highest level of competition.,Potential Day 2 Pick,EDGE
201700509,Justin Thomas,2017,SDE,0.8711,44.8744,48.261898040771484,43.69016426059162,43.69016426059162,Single Season Contributor,Late bloomer or one-year starter; limited career longevity.,nan,Single Season Contributor,Late bloomer or one-year starter; limited career longevity.,nan,Single Season Contributor,Late bloomer or one-year starter; limited career longevity.,nan,EDGE
201700517,Dennis Collins,2017,WDE,0.8703,31.8755,60.41740417480469,68.67039094375052,68.67039094375052,Partial Season Contributor,Rotational backup or special teams contributor; limited starts.,nan,Meaningful G5 Contributor,Standout starter at the Group of 5 level; high-end depth in Power 4.,Potential Day 3 Pick,Meaningful G5 Contributor,Standout starter at the Group of 5 level; high-end depth in Power 4.,Potential Day 3 Pick,EDGE
201700537,Terrance Lang,2017,SDE,0.8689,59.5309,45.5761833190918,36.85782657223914,36.85782657223914,Multi-Year Starter,Consistent career presence; reliable rotational player or specialist.,nan,Single Season Contributor,Late bloomer or one-year starter; limited career longevity.,nan,Partial Season Contributor,Rotational backup or special teams contributor; limited starts.,nan,EDGE
201700575,Jacub Panasiuk,2017,SDE,0.8661,85.1051,44.7789421081543,34.765718565364665,34.765718565364665,Elite Power 4,All-Conference/All-American honors.,First round NFL Draft talent,Single Season Contributor,Late bloomer or one-year starter; limited career longevity.,nan,Partial Season Contributor,Rotational backup or special teams contributor; limited starts.,nan,EDGE
201700591,Aaron Odom,2017,WDE,0.8647,58.2592,55.5565299987793,60.3972600542163,60.3972600542163,Multi-Year Starter,Consistent career presence; reliable rotational player or specialist.,nan,Multi-Year Starter,Consistent career presence; reliable rotational player or specialist.,nan,Meaningful G5 Contributor,Standout starter at the Group of 5 level; high-end depth in Power 4.,Potential Day 3 Pick,EDGE
201700620,Justin Harris,2017,SDE,0.8631,43.975,44.117000579833984,32.92033936391988,32.92033936391988,Single Season Contributor,Late bloomer or one-year starter; limited career longevity.,nan,Single Season Contributor,Late bloomer or one-year starter; limited career longevity.,nan,Partial Season Contributor,Rotational backup or special teams contributor; limited starts.,nan,EDGE
201700626,Aaron Vopal,2017,SDE,0.8628,39.3604,56.36091995239258,61.61395042469654,61.61395042469654,Partial Season Contributor,Rotational backup or special teams contributor; limited starts.,nan,Multi-Year Starter,Consistent career presence; reliable rotational player or specialist.,nan,Meaningful G5 Contributor,Standout starter at the Group of 5 level; high-end depth in Power 4.,Potential Day 3 Pick,EDGE
201700643,Wyatt Hubert,2017,SDE,0.8619,79.1065,56.59621810913086,62.179116271164226,62.179116271164226,Meaningful P4 Contributor,Reliable multi-year starter at the highest level of competition.,Potential Day 2 Pick,Multi-Year Starter,Consistent career presence; reliable rotational player or specialist.,nan,Meaningful G5 Contributor,Standout starter at the Group of 5 level; high-end depth in Power 4.,Potential Day 3 Pick,EDGE
201700731,Cordarrius Bailey,2017,WDE,0.8569,33.6878,51.436195373535156,52.63745422198029,52.63745422198029,Partial Season Contributor,Rotational backup or special teams contributor; limited starts.,nan,Multi-Year Starter,Consistent career presence; reliable rotational player or specialist.,nan,Multi-Year Starter,Consistent career presence; reliable rotational player or specialist.,nan,EDGE
201700740,Tre Lawson,2017,SDE,0.8567,29.5905,38.66433334350586,23.115112491090866,23.115112491090866,Partial Season Contributor,Rotational backup or special teams contributor; limited starts.,nan,Partial Season Contributor,Rotational backup or special teams contributor; limited starts.,nan,Partial Season Contributor,Rotational backup or special teams contributor; limited starts.,nan,EDGE
201700777,Deandre Johnson,2017,WDE,0.855,64.5108,54.41828155517578,58.887213258332054,58.887213258332054,Meaningful G5 Contributor,Standout starter at the Group of 5 level; high-end depth in Power 4.,Potential Day 3 Pick,Multi-Year Starter,Consistent career presence; reliable rotational player or specialist.,nan,Multi-Year Starter,Consistent career presence; reliable rotational player or specialist.,nan,EDGE
201700835,Miki Suguturaga,2017,WDE,0.8528,55.3288,71.70427703857422,84.0022300673923,84.0022300673923,Multi-Year Starter,Consistent career presence; reliable rotational player or specialist.,nan,Meaningful P4 Contributor,Reliable multi-year starter at the highest level of competition.,Potential Day 2 Pick,Elite Power 4,All-Conference/All-American honors.,First round NFL Draft talent,EDGE
201700849,Ryan Thaxton,2017,SDE,0.8522,49.429,56.34159469604492,61.55622831633885,61.55622831633885,Single Season Contributor,Late bloomer or one-year starter; limited career longevity.,nan,Multi-Year Starter,Consistent career presence; reliable rotational player or specialist.,nan,Meaningful G5 Contributor,Standout starter at the Group of 5 level; high-end depth in Power 4.,Potential Day 3 Pick,EDGE
201700913,Aisa Kelemete,2017,WDE,0.85,34.2838,55.57855224609375,60.489776123416824,60.489776123416824,Partial Season Contributor,Rotational backup or special teams contributor; limited starts.,nan,Multi-Year Starter,Consistent career presence; reliable rotational player or specialist.,nan,Meaningful G5 Contributor,Standout starter at the Group of 5 level; high-end depth in Power 4.,Potential Day 3 Pick,EDGE
201700924,Zion DeBose,2017,WDE,0.8496,54.746,51.70410919189453,53.12105061503092,53.12105061503092,Multi-Year Starter,Consistent career presence; reliable rotational player or specialist.,nan,Multi-Year Starter,Consistent career presence; reliable rotational player or specialist.,nan,Multi-Year Starter,Consistent career presence; reliable rotational player or specialist.,nan,EDGE
201700989,Brock Martin,2017,WDE,0.8472,82.0662,56.16087341308594,61.107316151254,61.107316151254,Elite Power 4,All-Conference/All-American honors.,First round NFL Draft talent,Multi-Year Starter,Consistent career presence; reliable rotational player or specialist.,nan,Meaningful G5 Contributor,Standout starter at the Group of 5 level; high-end depth in Power 4.,Potential Day 3 Pick,EDGE
201701032,Kofi Wardlow,2017,WDE,0.8456,49.2373,48.59156799316406,44.630710071085275,44.630710071085275,Single Season Contributor,Late bloomer or one-year starter; limited career longevity.,nan,Single Season Contributor,Late bloomer or one-year starter; limited career longevity.,nan,Single Season Contributor,Late bloomer or one-year starter; limited career longevity.,nan,EDGE
201701045,Gabriel Cherry,2017,SDE,0.8447,25.3451,48.01039123535156,42.850589819345544,42.850589819345544,Partial Season Contributor,Rotational backup or special teams contributor; limited starts.,nan,Single Season Contributor,Late bloomer or one-year starter; limited career longevity.,nan,Single Season Contributor,Late bloomer or one-year starter; limited career longevity.,nan,EDGE
201701084,Jabreel Stephens,2017,WDE,0.8431,34.9222,56.47300720214844,61.83637479406658,61.83637479406658,Partial Season Contributor,Rotational backup or special teams contributor; limited starts.,nan,Multi-Year Starter,Consistent career presence; reliable rotational player or specialist.,nan,Meaningful G5 Contributor,Standout starter at the Group of 5 level; high-end depth in Power 4.,Potential Day 3 Pick,EDGE
201701127,Xavier Lyas,2017,WDE,0.8417,62.956,52.6416130065918,55.79923720098977,55.79923720098977,Meaningful G5 Contributor,Standout starter at the Group of 5 level; high-end depth in Power 4.,Potential Day 3 Pick,Multi-Year Starter,Consistent career presence; reliable rotational player or specialist.,nan,Multi-Year Starter,Consistent career presence; reliable rotational player or specialist.,nan,EDGE
201701151,Will Rodgers III,2017,WDE,0.8406,56.2704,64.7139663696289,77.24118030342143,77.24118030342143,Multi-Year Starter,Consistent career presence; reliable rotational player or specialist.,nan,Meaningful G5 Contributor,Standout starter at the Group of 5 level; high-end depth in Power 4.,Potential Day 3 Pick,Meaningful P4 Contributor,Reliable multi-year starter at the highest level of competition.,Potential Day 2 Pick,EDGE
201701193,Victor Jones,2017,WDE,0.8389,41.7704,40.049137115478516,25.25837467511302,25.25837467511302,Single Season Contributor,Late bloomer or one-year starter; limited career longevity.,nan,Single Season Contributor,Late bloomer or one-year starter; limited career longevity.,nan,Partial Season Contributor,Rotational backup or special teams contributor; limited starts.,nan,EDGE
201701255,Ryder Anderson,2017,WDE,0.8358,57.0568,44.9716911315918,35.307439631278214,35.307439631278214,Multi-Year Starter,Consistent career presence; reliable rotational player or specialist.,nan,Single Season Contributor,Late bloomer or one-year starter; limited career longevity.,nan,Partial Season Contributor,Rotational backup or special teams contributor; limited starts.,nan,EDGE
201701270,Jackson Perkins,2017,SDE,0.8356,48.7955,46.704345703125,39.36111133055135,39.36111133055135,Single Season Contributor,Late bloomer or one-year starter; limited career longevity.,nan,Single Season Contributor,Late bloomer or one-year starter; limited career longevity.,nan,Partial Season Contributor,Rotational backup or special teams contributor; limited starts.,nan,EDGE
201701276,Kylan Wilborn,2017,WDE,0.835,62.1383,49.94941711425781,48.95771296540464,48.95771296540464,Meaningful G5 Contributor,Standout starter at the Group of 5 level; high-end depth in Power 4.,Potential Day 3 Pick,Single Season Contributor,Late bloomer or one-year starter; limited career longevity.,nan,Single Season Contributor,Late bloomer or one-year starter; limited career longevity.,nan,EDGE
201701307,Justin Ellis,2017,SDE,0.8333,61.7434,53.01266098022461,56.77641862165766,56.77641862165766,Meaningful G5 Contributor,Standout starter at the Group of 5 level; high-end depth in Power 4.,Potential Day 3 Pick,Multi-Year Starter,Consistent career presence; reliable rotational player or specialist.,nan,Multi-Year Starter,Consistent career presence; reliable rotational player or specialist.,nan,EDGE
201701429,Ben Frye,2017,WDE,0.83,38.8883,46.90175247192383,40.154032095538724,40.154032095538724,Partial Season Contributor,Rotational backup or special teams contributor; limited starts.,nan,Single Season Contributor,Late bloomer or one-year starter; limited career longevity.,nan,Single Season Contributor,Late bloomer or one-year starter; limited career longevity.,nan,EDGE
201701436,Ibrahim Kante,2017,WDE,0.8294,60.0025,47.496429443359375,41.376262228660345,41.376262228660345,Meaningful G5 Contributor,Standout starter at the Group of 5 level; high-end depth in Power 4.,Potential Day 3 Pick,Single Season Contributor,Late bloomer or one-year starter; limited career longevity.,nan,Single Season Contributor,Late bloomer or one-year starter; limited career longevity.,nan,EDGE
201701472,Taijh Alston,2017,SDE,0.8281,61.2807,55.05926513671875,59.76569732290526,59.76569732290526,Meaningful G5 Contributor,Standout starter at the Group of 5 level; high-end depth in Power 4.,Potential Day 3 Pick,Multi-Year Starter,Consistent career presence; reliable rotational player or specialist.,nan,Multi-Year Starter,Consistent career presence; reliable rotational player or specialist.,nan,EDGE
201701597,Marcus Valdez,2017,SDE,0.8219,71.2438,41.31843185424805,26.779527631539857,26.779527631539857,Meaningful P4 Contributor,Reliable multi-year starter at the highest level of competition.,Potential Day 2 Pick,Single Season Contributor,Late bloomer or one-year starter; limited career longevity.,nan,Partial Season Contributor,Rotational backup or special teams contributor; limited starts.,nan,EDGE
201701610,Demetrice Lofton,2017,WDE,0.8215,15.8949,47.86071014404297,42.2610877332465,42.2610877332465,Minimal D1 Impact,Roster filler; medical DQ; or transferred to lower levels.,nan,Single Season Contributor,Late bloomer or one-year starter; limited career longevity.,nan,Single Season Contributor,Late bloomer or one-year starter; limited career longevity.,nan,EDGE
201701699,Toby Ndukwe,2017,WDE,0.8178,51.3029,45.03879165649414,35.51145145914884,35.51145145914884,Multi-Year Starter,Consistent career presence; reliable rotational player or specialist.,nan,Single Season Contributor,Late bloomer or one-year starter; limited career longevity.,nan,Partial Season Contributor,Rotational backup or special teams contributor; limited starts.,nan,EDGE
201701732,Raymond Johnson,2017,WDE,0.8167,67.1229,44.795284271240234,34.84176339080538,34.84176339080538,Meaningful G5 Contributor,Standout starter at the Group of 5 level; high-end depth in Power 4.,Potential Day 3 Pick,Single Season Contributor,Late bloomer or one-year starter; limited career longevity.,nan,Partial Season Contributor,Rotational backup or special teams contributor; limited starts.,nan,EDGE
201701777,Shane Irwin,2017,WDE,0.8144,67.7791,53.073184967041016,56.852022669508834,56.852022669508834,Meaningful G5 Contributor,Standout starter at the Group of 5 level; high-end depth in Power 4.,Potential Day 3 Pick,Multi-Year Starter,Consistent career presence; reliable rotational player or specialist.,nan,Multi-Year Starter,Consistent career presence; reliable rotational player or specialist.,nan,EDGE
201701814,Giovanni Reviere,2017,SDE,0.8131,54.5467,58.36789321899414,65.82886678035688,65.82886678035688,Multi-Year Starter,Consistent career presence; reliable rotational player or specialist.,nan,Multi-Year Starter,Consistent career presence; reliable rotational player or specialist.,nan,Meaningful G5 Contributor,Standout starter at the Group of 5 level; high-end depth in Power 4.,Potential Day 3 Pick,EDGE
201701815,Kenneth Orji,2017,WDE,0.813,55.8992,48.7849235534668,45.23683156498216,45.23683156498216,Multi-Year Starter,Consistent career presence; reliable rotational player or specialist.,nan,Single Season Contributor,Late bloomer or one-year starter; limited career longevity.,nan,Single Season Contributor,Late bloomer or one-year starter; limited career longevity.,nan,EDGE
201701863,Deven Lamp,2017,WDE,0.8114,54.0223,46.07417678833008,37.957821093338296,37.957821093338296,Multi-Year Starter,Consistent career presence; reliable rotational player or specialist.,nan,Single Season Contributor,Late bloomer or one-year starter; limited career longevity.,nan,Partial Season Contributor,Rotational backup or special teams contributor; limited starts.,nan,EDGE
201701875,Darrien Grant,2017,WDE,0.8108,57.1951,43.980892181396484,32.36477729842308,32.36477729842308,Multi-Year Starter,Consistent career presence; reliable rotational player or specialist.,nan,Single Season Contributor,Late bloomer or one-year starter; limited career longevity.,nan,Partial Season Contributor,Rotational backup or special teams contributor; limited starts.,nan,EDGE
201702017,Harrison Loveless,2017,SDE,0.8044,43.4833,45.8798942565918,37.48604856246161,37.48604856246161,Single Season Contributor,Late bloomer or one-year starter; limited career longevity.,nan,Single Season Contributor,Late bloomer or one-year starter; limited career longevity.,nan,Partial Season Contributor,Rotational backup or special teams contributor; limited starts.,nan,EDGE
201702273,Nate Givhan,2017,WDE,0.7948,61.9529,49.861900329589844,48.766890393353655,48.766890393353655,Meaningful G5 Contributor,Standout starter at the Group of 5 level; high-end depth in Power 4.,Potential Day 3 Pick,Single Season Contributor,Late bloomer or one-year starter; limited career longevity.,nan,Single Season Contributor,Late bloomer or one-year starter; limited career longevity.,nan,EDGE
201702524,Christian Johnson,2017,SDE,0.7859,55.4706,43.530845642089844,30.54242459793751,30.54242459793751,Multi-Year Starter,Consistent career presence; reliable rotational player or specialist.,nan,Single Season Contributor,Late bloomer or one-year starter; limited career longevity.,nan,Partial Season Contributor,Rotational backup or special teams contributor; limited starts.,nan,EDGE
201702624,Cameron Sample,2017,SDE,0.7826,62.7616,53.53781509399414,57.59927404876339,57.59927404876339,Meaningful G5 Contributor,Standout starter at the Group of 5 level; high-end depth in Power 4.,Potential Day 3 Pick,Multi-Year Starter,Consistent career presence; reliable rotational player or specialist.,nan,Multi-Year Starter,Consistent career presence; reliable rotational player or specialist.,nan,EDGE
201702657,Milton Williams,2017,SDE,0.7819,50.6911,35.70555877685547,17.58050065031042,17.58050065031042,Multi-Year Starter,Consistent career presence; reliable rotational player or specialist.,nan,Partial Season Contributor,Rotational backup or special teams contributor; limited starts.,nan,Minimal D1 Impact,Roster filler; medical DQ; or transferred to lower levels.,nan,EDGE
201702726,Torri Singletary,2017,WDE,0.7793,25.2547,47.1259880065918,40.42346217608824,40.42346217608824,Partial Season Contributor,Rotational backup or special teams contributor; limited starts.,nan,Single Season Contributor,Late bloomer or one-year starter; limited career longevity.,nan,Single Season Contributor,Late bloomer or one-year starter; limited career longevity.,nan,EDGE
201702882,Christian Albright,2017,SDE,0.7752,51.3412,46.74974822998047,39.543771427218196,39.543771427218196,Multi-Year Starter,Consistent career presence; reliable rotational player or specialist.,nan,Single Season Contributor,Late bloomer or one-year starter; limited career longevity.,nan,Partial Season Contributor,Rotational backup or special teams contributor; limited starts.,nan,EDGE
201702966,Michael Purcell,2017,SDE,0.7726,28.9574,50.03532791137695,49.35594565156974,49.35594565156974,Partial Season Contributor,Rotational backup or special teams contributor; limited starts.,nan,Multi-Year Starter,Consistent career presence; reliable rotational player or specialist.,nan,Single Season Contributor,Late bloomer or one-year starter; limited career longevity.,nan,EDGE
201702973,Sinjun Astani,2017,SDE,0.7726,46.3338,55.02218246459961,59.738651447762415,59.738651447762415,Single Season Contributor,Late bloomer or one-year starter; limited career longevity.,nan,Multi-Year Starter,Consistent career presence; reliable rotational player or specialist.,nan,Multi-Year Starter,Consistent career presence; reliable rotational player or specialist.,nan,EDGE
201702976,DeAngelo Malone,2017,WDE,0.7726,72.7211,39.584896087646484,24.538237332593898,24.538237332593898,Meaningful P4 Contributor,Reliable multi-year starter at the highest level of competition.,Potential Day 2 Pick,Partial Season Contributor,Rotational backup or special teams contributor; limited starts.,nan,Partial Season Contributor,Rotational backup or special teams contributor; limited starts.,nan,EDGE
201703029,Turner Coxe,2017,WDE,0.7711,62.7341,48.869659423828125,45.509087587439716,45.509087587439716,Meaningful G5 Contributor,Standout starter at the Group of 5 level; high-end depth in Power 4.,Potential Day 3 Pick,Single Season Contributor,Late bloomer or one-year starter; limited career longevity.,nan,Single Season Contributor,Late bloomer or one-year starter; limited career longevity.,nan,EDGE
201703035,Patrick Johnson,2017,SDE,0.7711,76.6086,42.1801643371582,27.907029665364835,27.907029665364835,Meaningful P4 Contributor,Reliable multi-year starter at the highest level of competition.,Potential Day 2 Pick,Single Season Contributor,Late bloomer or one-year starter; limited career longevity.,nan,Partial Season Contributor,Rotational backup or special teams contributor; limited starts.,nan,EDGE
201703036,Frendy Darelus,2017,WDE,0.7711,49.007,52.24998474121094,54.298226361785844,54.298226361785844,Single Season Contributor,Late bloomer or one-year starter; limited career longevity.,nan,Multi-Year Starter,Consistent career presence; reliable rotational player or specialist.,nan,Multi-Year Starter,Consistent career presence; reliable rotational player or specialist.,nan,EDGE
201703037,Emmanuel Jones,2017,WDE,0.7711,63.6408,52.7540397644043,56.257107063007986,56.257107063007986,Meaningful G5 Contributor,Standout starter at the Group of 5 level; high-end depth in Power 4.,Potential Day 3 Pick,Multi-Year Starter,Consistent career presence; reliable rotational player or specialist.,nan,Multi-Year Starter,Consistent career presence; reliable rotational player or specialist.,nan,EDGE
201703093,Ali Fayad,2017,WDE,0.7685,68.3483,57.67903518676758,64.23844310166861,64.23844310166861,Meaningful G5 Contributor,Standout starter at the Group of 5 level; high-end depth in Power 4.,Potential Day 3 Pick,Multi-Year Starter,Consistent career presence; reliable rotational player or specialist.,nan,Meaningful G5 Contributor,Standout starter at the Group of 5 level; high-end depth in Power 4.,Potential Day 3 Pick,EDGE
201703158,Trey Schuman,2017,SDE,0.7678,58.9095,45.0047492980957,35.40243885095898,35.40243885095898,Multi-Year Starter,Consistent career presence; reliable rotational player or specialist.,nan,Single Season Contributor,Late bloomer or one-year starter; limited career longevity.,nan,Partial Season Contributor,Rotational backup or special teams contributor; limited starts.,nan,EDGE
201703846,Jeffrey Gunter,2017,SDE,0.7633,50.3471,57.11249923706055,62.9137991210673,62.9137991210673,Multi-Year Starter,Consistent career presence; reliable rotational player or specialist.,nan,Multi-Year Starter,Consistent career presence; reliable rotational player or specialist.,nan,Meaningful G5 Contributor,Standout starter at the Group of 5 level; high-end depth in Power 4.,Potential Day 3 Pick,EDGE
201704002,Hardrick Willis,2017,WDE,0.7578,57.5598,51.384342193603516,52.573338414338934,52.573338414338934,Multi-Year Starter,Consistent career presence; reliable rotational player or specialist.,nan,Multi-Year Starter,Consistent career presence; reliable rotational player or specialist.,nan,Multi-Year Starter,Consistent career presence; reliable rotational player or specialist.,nan,EDGE
201800003,Xavier Thomas,2018,SDE,0.9988,72.1023,75.43435668945312,87.77062161465159,87.77062161465159,Meaningful P4 Contributor,Reliable multi-year starter at the highest level of competition.,Potential Day 2 Pick,Meaningful P4 Contributor,Reliable multi-year starter at the highest level of competition.,Potential Day 2 Pick,Elite Power 4,All-Conference/All-American honors.,First round NFL Draft talent,EDGE
201800014,KJ Henry,2018,WDE,0.9928,72.85,57.62970733642578,64.1014020222333,64.1014020222333,Meaningful P4 Contributor,Reliable multi-year starter at the highest level of competition.,Potential Day 2 Pick,Multi-Year Starter,Consistent career presence; reliable rotational player or specialist.,nan,Meaningful G5 Contributor,Standout starter at the Group of 5 level; high-end depth in Power 4.,Potential Day 3 Pick,EDGE
201800034,Tyreke Smith,2018,WDE,0.9816,60.8041,65.2581787109375,78.4886295634585,78.4886295634585,Meaningful G5 Contributor,Standout starter at the Group of 5 level; high-end depth in Power 4.,Potential Day 3 Pick,Meaningful G5 Contributor,Standout starter at the Group of 5 level; high-end depth in Power 4.,Potential Day 3 Pick,Meaningful P4 Contributor,Reliable multi-year starter at the highest level of competition.,Potential Day 2 Pick,EDGE
201800066,Ronnie Perkins,2018,WDE,0.9666,75.0485,56.1855354309082,61.14713033446306,61.14713033446306,Meaningful P4 Contributor,Reliable multi-year starter at the highest level of competition.,Potential Day 2 Pick,Multi-Year Starter,Consistent career presence; reliable rotational player or specialist.,nan,Meaningful G5 Contributor,Standout starter at the Group of 5 level; high-end depth in Power 4.,Potential Day 3 Pick,EDGE
201800135,Jalen Redmond,2018,WDE,0.9442,29.1342,52.463253021240234,55.03069101374788,55.03069101374788,Partial Season Contributor,Rotational backup or special teams contributor; limited starts.,nan,Multi-Year Starter,Consistent career presence; reliable rotational player or specialist.,nan,Multi-Year Starter,Consistent career presence; reliable rotational player or specialist.,nan,EDGE
201800142,Justin Mascoll,2018,WDE,0.9412,62.3256,58.08354568481445,65.18981365692304,65.18981365692304,Meaningful G5 Contributor,Standout starter at the Group of 5 level; high-end depth in Power 4.,Potential Day 3 Pick,Multi-Year Starter,Consistent career presence; reliable rotational player or specialist.,nan,Meaningful G5 Contributor,Standout starter at the Group of 5 level; high-end depth in Power 4.,Potential Day 3 Pick,EDGE
201800198,Jarell Cherry,2018,WDE,0.9216,46.6914,54.37511444091797,58.847433195165,58.847433195165,Single Season Contributor,Late bloomer or one-year starter; limited career longevity.,nan,Multi-Year Starter,Consistent career presence; reliable rotational player or specialist.,nan,Multi-Year Starter,Consistent career presence; reliable rotational player or specialist.,nan,EDGE
201800222,Malcolm Lamar,2018,SDE,0.9154,30.5458,52.27178955078125,54.335124461334466,54.335124461334466,Partial Season Contributor,Rotational backup or special teams contributor; limited starts.,nan,Multi-Year Starter,Consistent career presence; reliable rotational player or specialist.,nan,Multi-Year Starter,Consistent career presence; reliable rotational player or specialist.,nan,EDGE
201800262,Andres Fox,2018,WDE,0.9073,54.0913,49.032955169677734,46.769939658231586,46.769939658231586,Multi-Year Starter,Consistent career presence; reliable rotational player or specialist.,nan,Single Season Contributor,Late bloomer or one-year starter; limited career longevity.,nan,Single Season Contributor,Late bloomer or one-year starter; limited career longevity.,nan,EDGE
201800282,Thomas Booker,2018,SDE,0.9032,69.7685,64.50028991699219,76.6099065650499,76.6099065650499,Meaningful G5 Contributor,Standout starter at the Group of 5 level; high-end depth in Power 4.,Potential Day 3 Pick,Meaningful G5 Contributor,Standout starter at the Group of 5 level; high-end depth in Power 4.,Potential Day 3 Pick,Meaningful P4 Contributor,Reliable multi-year starter at the highest level of competition.,Potential Day 2 Pick,EDGE
201800450,Malik Vann,2018,SDE,0.8824,60.0502,54.23368453979492,58.436645398958305,58.436645398958305,Meaningful G5 Contributor,Standout starter at the Group of 5 level; high-end depth in Power 4.,Potential Day 3 Pick,Multi-Year Starter,Consistent career presence; reliable rotational player or specialist.,nan,Multi-Year Starter,Consistent career presence; reliable rotational player or specialist.,nan,EDGE
201800561,Taylor Upshaw,2018,SDE,0.8742,71.4095,47.922157287597656,42.44668754969202,42.44668754969202,Meaningful P4 Contributor,Reliable multi-year starter at the highest level of competition.,Potential Day 2 Pick,Single Season Contributor,Late bloomer or one-year starter; limited career longevity.,nan,Single Season Contributor,Late bloomer or one-year starter; limited career longevity.,nan,EDGE
201800579,Caleb Johnson,2018,WDE,0.8738,54.3879,44.07603454589844,32.75312577027161,32.75312577027161,Multi-Year Starter,Consistent career presence; reliable rotational player or specialist.,nan,Single Season Contributor,Late bloomer or one-year starter; limited career longevity.,nan,Partial Season Contributor,Rotational backup or special teams contributor; limited starts.,nan,EDGE
201800587,Boyd Dietzen,2018,SDE,0.873,29.5066,51.608760833740234,52.89472387606874,52.89472387606874,Partial Season Contributor,Rotational backup or special teams contributor; limited starts.,nan,Multi-Year Starter,Consistent career presence; reliable rotational player or specialist.,nan,Multi-Year Starter,Consistent career presence; reliable rotational player or specialist.,nan,EDGE
201800661,Ron Stone Jr.,2018,SDE,0.8685,73.1804,50.98487091064453,51.72953417097537,51.72953417097537,Meaningful P4 Contributor,Reliable multi-year starter at the highest level of competition.,Potential Day 2 Pick,Multi-Year Starter,Consistent career presence; reliable rotational player or specialist.,nan,Multi-Year Starter,Consistent career presence; reliable rotational player or specialist.,nan,EDGE
201800674,Patrick Joyner,2018,WDE,0.8676,58.5039,62.128475189208984,72.0678931443192,72.0678931443192,Multi-Year Starter,Consistent career presence; reliable rotational player or specialist.,nan,Meaningful G5 Contributor,Standout starter at the Group of 5 level; high-end depth in Power 4.,Potential Day 3 Pick,Meaningful P4 Contributor,Reliable multi-year starter at the highest level of competition.,Potential Day 2 Pick,EDGE
201800705,Adam Plant,2018,WDE,0.8666,47.2038,57.61457061767578,64.04635569001312,64.04635569001312,Single Season Contributor,Late bloomer or one-year starter; limited career longevity.,nan,Multi-Year Starter,Consistent career presence; reliable rotational player or specialist.,nan,Meaningful G5 Contributor,Standout starter at the Group of 5 level; high-end depth in Power 4.,Potential Day 3 Pick,EDGE
201800718,Thurman Geathers,2018,WDE,0.8654,40.2454,55.39897918701172,60.05024721335671,60.05024721335671,Single Season Contributor,Late bloomer or one-year starter; limited career longevity.,nan,Multi-Year Starter,Consistent career presence; reliable rotational player or specialist.,nan,Meaningful G5 Contributor,Standout starter at the Group of 5 level; high-end depth in Power 4.,Potential Day 3 Pick,EDGE
201800736,Randy Charlton,2018,SDE,0.8641,68.6011,54.934837341308594,59.58469470762811,59.58469470762811,Meaningful G5 Contributor,Standout starter at the Group of 5 level; high-end depth in Power 4.,Potential Day 3 Pick,Multi-Year Starter,Consistent career presence; reliable rotational player or specialist.,nan,Multi-Year Starter,Consistent career presence; reliable rotational player or specialist.,nan,EDGE
201800746,Ochaun Mathis,2018,WDE,0.8635,80.5129,44.25105285644531,33.36680241922396,33.36680241922396,Elite Power 4,All-Conference/All-American honors.,First round NFL Draft talent,Single Season Contributor,Late bloomer or one-year starter; limited career longevity.,nan,Partial Season Contributor,Rotational backup or special teams contributor; limited starts.,nan,EDGE
201800774,Joseph Boletepeli,2018,SDE,0.8622,41.4924,48.076698303222656,43.09533377875506,43.09533377875506,Single Season Contributor,Late bloomer or one-year starter; limited career longevity.,nan,Single Season Contributor,Late bloomer or one-year starter; limited career longevity.,nan,Single Season Contributor,Late bloomer or one-year starter; limited career longevity.,nan,EDGE
201800780,Willie Smith,2018,SDE,0.8616,35.5969,59.23432540893555,67.38258628118292,67.38258628118292,Partial Season Contributor,Rotational backup or special teams contributor; limited starts.,nan,Multi-Year Starter,Consistent career presence; reliable rotational player or specialist.,nan,Meaningful G5 Contributor,Standout starter at the Group of 5 level; high-end depth in Power 4.,Potential Day 3 Pick,EDGE
201800782,Isaiah Mullens,2018,SDE,0.8614,60.6069,52.71451187133789,56.14341751449673,56.14341751449673,Meaningful G5 Contributor,Standout starter at the Group of 5 level; high-end depth in Power 4.,Potential Day 3 Pick,Multi-Year Starter,Consistent career presence; reliable rotational player or specialist.,nan,Multi-Year Starter,Consistent career presence; reliable rotational player or specialist.,nan,EDGE
201800787,Will McDonald IV,2018,WDE,0.8614,84.7573,43.23214340209961,29.763318723071663,29.763318723071663,Elite Power 4,All-Conference/All-American honors.,First round NFL Draft talent,Single Season Contributor,Late bloomer or one-year starter; limited career longevity.,nan,Partial Season Contributor,Rotational backup or special teams contributor; limited starts.,nan,EDGE
201800826,Michael Matus,2018,SDE,0.8601,55.9197,48.63418960571289,44.757745475628774,44.757745475628774,Multi-Year Starter,Consistent career presence; reliable rotational player or specialist.,nan,Single Season Contributor,Late bloomer or one-year starter; limited career longevity.,nan,Single Season Contributor,Late bloomer or one-year starter; limited career longevity.,nan,EDGE
201800838,Jarrett Jackson,2018,SDE,0.8594,47.341,43.946929931640625,32.22609986030417,32.22609986030417,Single Season Contributor,Late bloomer or one-year starter; limited career longevity.,nan,Single Season Contributor,Late bloomer or one-year starter; limited career longevity.,nan,Partial Season Contributor,Rotational backup or special teams contributor; limited starts.,nan,EDGE
201800842,Tyler Lacy,2018,SDE,0.8593,75.2172,49.638404846191406,48.051206439685615,48.051206439685615,Meaningful P4 Contributor,Reliable multi-year starter at the highest level of competition.,Potential Day 2 Pick,Single Season Contributor,Late bloomer or one-year starter; limited career longevity.,nan,Single Season Contributor,Late bloomer or one-year starter; limited career longevity.,nan,EDGE
201800931,Juan Monjarres,2018,WDE,0.8551,47.9258,39.302337646484375,24.099928624992014,24.099928624992014,Single Season Contributor,Late bloomer or one-year starter; limited career longevity.,nan,Partial Season Contributor,Rotational backup or special teams contributor; limited starts.,nan,Partial Season Contributor,Rotational backup or special teams contributor; limited starts.,nan,EDGE
201801022,Brennan Jackson,2018,WDE,0.8519,60.7299,52.94252395629883,56.688110912207456,56.688110912207456,Meaningful G5 Contributor,Standout starter at the Group of 5 level; high-end depth in Power 4.,Potential Day 3 Pick,Multi-Year Starter,Consistent career presence; reliable rotational player or specialist.,nan,Multi-Year Starter,Consistent career presence; reliable rotational player or specialist.,nan,EDGE
201801043,Myjai Sanders,2018,WDE,0.8513,66.6076,51.33266067504883,52.483221298785935,52.483221298785935,Meaningful G5 Contributor,Standout starter at the Group of 5 level; high-end depth in Power 4.,Potential Day 3 Pick,Multi-Year Starter,Consistent career presence; reliable rotational player or specialist.,nan,Multi-Year Starter,Consistent career presence; reliable rotational player or specialist.,nan,EDGE
201801092,Rashawn Yates,2018,SDE,0.8493,51.8394,52.854454040527344,56.54591713688001,56.54591713688001,Multi-Year Starter,Consistent career presence; reliable rotational player or specialist.,nan,Multi-Year Starter,Consistent career presence; reliable rotational player or specialist.,nan,Multi-Year Starter,Consistent career presence; reliable rotational player or specialist.,nan,EDGE
201801118,Trumane Bell,2018,WDE,0.8481,17.1795,51.874454498291016,53.57201624451292,53.57201624451292,Minimal D1 Impact,Roster filler; medical DQ; or transferred to lower levels.,nan,Multi-Year Starter,Consistent career presence; reliable rotational player or specialist.,nan,Multi-Year Starter,Consistent career presence; reliable rotational player or specialist.,nan,EDGE
201801142,Spencer Trussell,2018,WDE,0.8473,53.2686,46.18252944946289,38.267280221390635,38.267280221390635,Multi-Year Starter,Consistent career presence; reliable rotational player or specialist.,nan,Single Season Contributor,Late bloomer or one-year starter; limited career longevity.,nan,Partial Season Contributor,Rotational backup or special teams contributor; limited starts.,nan,EDGE
201801159,Blake Kuithe,2018,SDE,0.8467,21.4554,48.74824523925781,45.12009478540072,45.12009478540072,Partial Season Contributor,Rotational backup or special teams contributor; limited starts.,nan,Single Season Contributor,Late bloomer or one-year starter; limited career longevity.,nan,Single Season Contributor,Late bloomer or one-year starter; limited career longevity.,nan,EDGE
201801191,Jaylen Joyner,2018,WDE,0.8463,54.0519,51.155372619628906,52.08674806869984,52.08674806869984,Multi-Year Starter,Consistent career presence; reliable rotational player or specialist.,nan,Multi-Year Starter,Consistent career presence; reliable rotational player or specialist.,nan,Multi-Year Starter,Consistent career presence; reliable rotational player or specialist.,nan,EDGE
201801224,Zach Petersen,2018,SDE,0.8444,61.0786,62.86769104003906,74.10181165642193,74.10181165642193,Meaningful G5 Contributor,Standout starter at the Group of 5 level; high-end depth in Power 4.,Potential Day 3 Pick,Meaningful G5 Contributor,Standout starter at the Group of 5 level; high-end depth in Power 4.,Potential Day 3 Pick,Meaningful P4 Contributor,Reliable multi-year starter at the highest level of competition.,Potential Day 2 Pick,EDGE
201801228,Jack Sullivan,2018,SDE,0.8444,65.77,50.40617370605469,50.05780898239838,50.05780898239838,Meaningful G5 Contributor,Standout starter at the Group of 5 level; high-end depth in Power 4.,Potential Day 3 Pick,Multi-Year Starter,Consistent career presence; reliable rotational player or specialist.,nan,Multi-Year Starter,Consistent career presence; reliable rotational player or specialist.,nan,EDGE
201801392,Travon King,2018,WDE,0.8379,45.7924,53.45733642578125,57.39830199754111,57.39830199754111,Single Season Contributor,Late bloomer or one-year starter; limited career longevity.,nan,Multi-Year Starter,Consistent career presence; reliable rotational player or specialist.,nan,Multi-Year Starter,Consistent career presence; reliable rotational player or specialist.,nan,EDGE
201801406,Andre Carter,2018,SDE,0.8376,54.906,57.13596725463867,62.950392112146766,62.950392112146766,Multi-Year Starter,Consistent career presence; reliable rotational player or specialist.,nan,Multi-Year Starter,Consistent career presence; reliable rotational player or specialist.,nan,Meaningful G5 Contributor,Standout starter at the Group of 5 level; high-end depth in Power 4.,Potential Day 3 Pick,EDGE
201801452,Cartez Crook-Jones,2018,SDE,0.8358,28.3427,51.68009948730469,53.054769016220135,53.054769016220135,Partial Season Contributor,Rotational backup or special teams contributor; limited starts.,nan,Multi-Year Starter,Consistent career presence; reliable rotational player or specialist.,nan,Multi-Year Starter,Consistent career presence; reliable rotational player or specialist.,nan,EDGE
201801544,Uchenna Ezewike,2018,WDE,0.8315,37.8473,52.58916091918945,55.61003138869386,55.61003138869386,Partial Season Contributor,Rotational backup or special teams contributor; limited starts.,nan,Multi-Year Starter,Consistent career presence; reliable rotational player or specialist.,nan,Multi-Year Starter,Consistent career presence; reliable rotational player or specialist.,nan,EDGE
201801550,Jamal Hines,2018,WDE,0.8315,69.1245,47.90047073364258,42.34741455345422,42.34741455345422,Meaningful G5 Contributor,Standout starter at the Group of 5 level; high-end depth in Power 4.,Potential Day 3 Pick,Single Season Contributor,Late bloomer or one-year starter; limited career longevity.,nan,Single Season Contributor,Late bloomer or one-year starter; limited career longevity.,nan,EDGE
201801555,Carlos Hatcher,2018,WDE,0.8311,52.648,56.58260726928711,62.13208380547508,62.13208380547508,Multi-Year Starter,Consistent career presence; reliable rotational player or specialist.,nan,Multi-Year Starter,Consistent career presence; reliable rotational player or specialist.,nan,Meaningful G5 Contributor,Standout starter at the Group of 5 level; high-end depth in Power 4.,Potential Day 3 Pick,EDGE
201801579,Desjuan Johnson,2018,SDE,0.8305,70.9736,54.962562561035156,59.6428160698754,59.6428160698754,Meaningful P4 Contributor,Reliable multi-year starter at the highest level of competition.,Potential Day 2 Pick,Multi-Year Starter,Consistent career presence; reliable rotational player or specialist.,nan,Multi-Year Starter,Consistent career presence; reliable rotational player or specialist.,nan,EDGE
201801610,Cameron Valentine,2018,SDE,0.8283,43.1146,56.54118347167969,61.98894323795308,61.98894323795308,Single Season Contributor,Late bloomer or one-year starter; limited career longevity.,nan,Multi-Year Starter,Consistent career presence; reliable rotational player or specialist.,nan,Meaningful G5 Contributor,Standout starter at the Group of 5 level; high-end depth in Power 4.,Potential Day 3 Pick,EDGE
201801611,Steven Shaw,2018,SDE,0.8282,34.3924,56.00727081298828,60.90579701579208,60.90579701579208,Partial Season Contributor,Rotational backup or special teams contributor; limited starts.,nan,Multi-Year Starter,Consistent career presence; reliable rotational player or specialist.,nan,Meaningful G5 Contributor,Standout starter at the Group of 5 level; high-end depth in Power 4.,Potential Day 3 Pick,EDGE
201801712,Brandon Derrow,2018,SDE,0.8241,26.359,50.58875274658203,50.64327229356062,50.64327229356062,Partial Season Contributor,Rotational backup or special teams contributor; limited starts.,nan,Multi-Year Starter,Consistent career presence; reliable rotational player or specialist.,nan,Multi-Year Starter,Consistent career presence; reliable rotational player or specialist.,nan,EDGE
201802009,Michael Fairbanks,2018,SDE,0.8104,52.4743,46.71613311767578,39.40774337649427,39.40774337649427,Multi-Year Starter,Consistent career presence; reliable rotational player or specialist.,nan,Single Season Contributor,Late bloomer or one-year starter; limited career longevity.,nan,Partial Season Contributor,Rotational backup or special teams contributor; limited starts.,nan,EDGE
201802114,Peter Gray,2018,SDE,0.8064,18.2407,49.06846237182617,46.864395598525626,46.864395598525626,Minimal D1 Impact,Roster filler; medical DQ; or transferred to lower levels.,nan,Single Season Contributor,Late bloomer or one-year starter; limited career longevity.,nan,Single Season Contributor,Late bloomer or one-year starter; limited career longevity.,nan,EDGE
201802246,Austin Lewis,2018,WDE,0.8004,19.7558,57.47358703613281,63.585178825781,63.585178825781,Minimal D1 Impact,Roster filler; medical DQ; or transferred to lower levels.,nan,Multi-Year Starter,Consistent career presence; reliable rotational player or specialist.,nan,Meaningful G5 Contributor,Standout starter at the Group of 5 level; high-end depth in Power 4.,Potential Day 3 Pick,EDGE
201802580,Brandon Nettles,2018,WDE,0.7893,49.4578,51.27792739868164,52.3287897320834,52.3287897320834,Single Season Contributor,Late bloomer or one-year starter; limited career longevity.,nan,Multi-Year Starter,Consistent career presence; reliable rotational player or specialist.,nan,Multi-Year Starter,Consistent career presence; reliable rotational player or specialist.,nan,EDGE
201802590,Myles Cole,2018,SDE,0.7892,61.6914,44.91453170776367,35.16533831902859,35.16533831902859,Meaningful G5 Contributor,Standout starter at the Group of 5 level; high-end depth in Power 4.,Potential Day 3 Pick,Single Season Contributor,Late bloomer or one-year starter; limited career longevity.,nan,Partial Season Contributor,Rotational backup or special teams contributor; limited starts.,nan,EDGE
201802901,Solomon Byrd,2018,SDE,0.7781,72.3449,51.101104736328125,51.99687789720929,51.99687789720929,Meaningful P4 Contributor,Reliable multi-year starter at the highest level of competition.,Potential Day 2 Pick,Multi-Year Starter,Consistent career presence; reliable rotational player or specialist.,nan,Multi-Year Starter,Consistent career presence; reliable rotational player or specialist.,nan,EDGE
201802926,Miles Adams,2018,WDE,0.7742,44.48,37.3087043762207,21.099783235613565,21.099783235613565,Single Season Contributor,Late bloomer or one-year starter; limited career longevity.,nan,Partial Season Contributor,Rotational backup or special teams contributor; limited starts.,nan,Partial Season Contributor,Rotational backup or special teams contributor; limited starts.,nan,EDGE
201803111,Tre Moore,2018,WDE,0.7691,55.349,48.99317932128906,46.377842569089175,46.377842569089175,Multi-Year Starter,Consistent career presence; reliable rotational player or specialist.,nan,Single Season Contributor,Late bloomer or one-year starter; limited career longevity.,nan,Single Season Contributor,Late bloomer or one-year starter; limited career longevity.,nan,EDGE
201803174,Praise Amaewhule,2018,SDE,0.7681,62.515,47.423545837402344,41.147299352206794,41.147299352206794,Meaningful G5 Contributor,Standout starter at the Group of 5 level; high-end depth in Power 4.,Potential Day 3 Pick,Single Season Contributor,Late bloomer or one-year starter; limited career longevity.,nan,Single Season Contributor,Late bloomer or one-year starter; limited career longevity.,nan,EDGE
201803255,Jorden Starling,2018,SDE,0.763,60.509,44.983943939208984,35.33790075080209,35.33790075080209,Meaningful G5 Contributor,Standout starter at the Group of 5 level; high-end depth in Power 4.,Potential Day 3 Pick,Single Season Contributor,Late bloomer or one-year starter; limited career longevity.,nan,Partial Season Contributor,Rotational backup or special teams contributor; limited starts.,nan,EDGE
201803351,Ikenna Enechukwu,2018,WDE,0.7597,54.5269,50.79050827026367,51.26294179693217,51.26294179693217,Multi-Year Starter,Consistent career presence; reliable rotational player or specialist.,nan,Multi-Year Starter,Consistent career presence; reliable rotational player or specialist.,nan,Multi-Year Starter,Consistent career presence; reliable rotational player or specialist.,nan,EDGE
201900002,Kayvon Thibodeaux,2019,WDE,0.9987,82.289,71.80691528320312,84.09651486055049,84.09651486055049,Elite Power 4,All-Conference/All-American honors.,First round NFL Draft talent,Meaningful P4 Contributor,Reliable multi-year starter at the highest level of competition.,Potential Day 2 Pick,Elite Power 4,All-Conference/All-American honors.,First round NFL Draft talent,EDGE
201900012,Zach Harrison,2019,SDE,0.9932,72.6573,69.67659759521484,82.08466796890792,82.08466796890792,Meaningful P4 Contributor,Reliable multi-year starter at the highest level of competition.,Potential Day 2 Pick,Meaningful G5 Contributor,Standout starter at the Group of 5 level; high-end depth in Power 4.,Potential Day 3 Pick,Elite Power 4,All-Conference/All-American honors.,First round NFL Draft talent,EDGE
201900059,George Karlaftis,2019,SDE,0.9705,78.9663,49.5167350769043,47.70767558587009,47.70767558587009,Meaningful P4 Contributor,Reliable multi-year starter at the highest level of competition.,Potential Day 2 Pick,Single Season Contributor,Late bloomer or one-year starter; limited career longevity.,nan,Single Season Contributor,Late bloomer or one-year starter; limited career longevity.,nan,EDGE
201900092,Adisa Isaac,2019,WDE,0.9584,78.8287,72.1863784790039,84.44509456450562,84.44509456450562,Meaningful P4 Contributor,Reliable multi-year starter at the highest level of competition.,Potential Day 2 Pick,Meaningful P4 Contributor,Reliable multi-year starter at the highest level of competition.,Potential Day 2 Pick,Elite Power 4,All-Conference/All-American honors.,First round NFL Draft talent,EDGE
201900171,Savion Jackson,2019,SDE,0.9309,55.6333,50.48571014404297,50.32260023692354,50.32260023692354,Multi-Year Starter,Consistent career presence; reliable rotational player or specialist.,nan,Multi-Year Starter,Consistent career presence; reliable rotational player or specialist.,nan,Multi-Year Starter,Consistent career presence; reliable rotational player or specialist.,nan,EDGE
201900183,De'Monte Russell,2019,WDE,0.9254,59.9311,44.237308502197266,33.338783058767035,33.338783058767035,Multi-Year Starter,Consistent career presence; reliable rotational player or specialist.,nan,Single Season Contributor,Late bloomer or one-year starter; limited career longevity.,nan,Partial Season Contributor,Rotational backup or special teams contributor; limited starts.,nan,EDGE
201900195,Joshua Pakola,2019,SDE,0.9214,19.5597,62.70399856567383,73.61339561183479,73.61339561183479,Minimal D1 Impact,Roster filler; medical DQ; or transferred to lower levels.,nan,Meaningful G5 Contributor,Standout starter at the Group of 5 level; high-end depth in Power 4.,Potential Day 3 Pick,Meaningful P4 Contributor,Reliable multi-year starter at the highest level of competition.,Potential Day 2 Pick,EDGE
201900206,Quashon Fuller,2019,SDE,0.9182,49.7354,48.07963180541992,43.106125273331415,43.106125273331415,Single Season Contributor,Late bloomer or one-year starter; limited career longevity.,nan,Single Season Contributor,Late bloomer or one-year starter; limited career longevity.,nan,Single Season Contributor,Late bloomer or one-year starter; limited career longevity.,nan,EDGE
201900227,Marcus Stripling,2019,SDE,0.9135,58.8414,48.563289642333984,44.54735738186671,44.54735738186671,Multi-Year Starter,Consistent career presence; reliable rotational player or specialist.,nan,Single Season Contributor,Late bloomer or one-year starter; limited career longevity.,nan,Single Season Contributor,Late bloomer or one-year starter; limited career longevity.,nan,EDGE
201900253,Lloyd Summerall,2019,WDE,0.9101,34.8179,56.847328186035156,62.555103794004516,62.555103794004516,Partial Season Contributor,Rotational backup or special teams contributor; limited starts.,nan,Multi-Year Starter,Consistent career presence; reliable rotational player or specialist.,nan,Meaningful G5 Contributor,Standout starter at the Group of 5 level; high-end depth in Power 4.,Potential Day 3 Pick,EDGE
201900291,Hakeem Beamon,2019,SDE,0.9041,28.15,55.01727294921875,59.735070741939055,59.735070741939055,Partial Season Contributor,Rotational backup or special teams contributor; limited starts.,nan,Multi-Year Starter,Consistent career presence; reliable rotational player or specialist.,nan,Multi-Year Starter,Consistent career presence; reliable rotational player or specialist.,nan,EDGE
201900324,Noah Potter,2019,SDE,0.9,40.7096,56.96986770629883,62.698595160755715,62.698595160755715,Single Season Contributor,Late bloomer or one-year starter; limited career longevity.,nan,Multi-Year Starter,Consistent career presence; reliable rotational player or specialist.,nan,Meaningful G5 Contributor,Standout starter at the Group of 5 level; high-end depth in Power 4.,Potential Day 3 Pick,EDGE
201900333,Colby Wooden,2019,WDE,0.8978,67.3888,53.305320739746094,57.12731336549255,57.12731336549255,Meaningful G5 Contributor,Standout starter at the Group of 5 level; high-end depth in Power 4.,Potential Day 3 Pick,Multi-Year Starter,Consistent career presence; reliable rotational player or specialist.,nan,Multi-Year Starter,Consistent career presence; reliable rotational player or specialist.,nan,EDGE
201900337,Steven Parker,2019,WDE,0.8978,47.0761,60.48283004760742,68.89271355313936,68.89271355313936,Single Season Contributor,Late bloomer or one-year starter; limited career longevity.,nan,Meaningful G5 Contributor,Standout starter at the Group of 5 level; high-end depth in Power 4.,Potential Day 3 Pick,Meaningful G5 Contributor,Standout starter at the Group of 5 level; high-end depth in Power 4.,Potential Day 3 Pick,EDGE
201900338,Ja'Darien Boykin,2019,WDE,0.8977,40.5641,63.11424255371094,74.35141876277892,74.35141876277892,Single Season Contributor,Late bloomer or one-year starter; limited career longevity.,nan,Meaningful G5 Contributor,Standout starter at the Group of 5 level; high-end depth in Power 4.,Potential Day 3 Pick,Meaningful P4 Contributor,Reliable multi-year starter at the highest level of competition.,Potential Day 2 Pick,EDGE
201900375,Trace Ford,2019,WDE,0.8937,66.7162,50.96771240234375,51.68561064258722,51.68561064258722,Meaningful G5 Contributor,Standout starter at the Group of 5 level; high-end depth in Power 4.,Potential Day 3 Pick,Multi-Year Starter,Consistent career presence; reliable rotational player or specialist.,nan,Multi-Year Starter,Consistent career presence; reliable rotational player or specialist.,nan,EDGE
201900384,Mike Morris,2019,SDE,0.8933,68.0196,49.505393981933594,47.693110408937414,47.693110408937414,Meaningful G5 Contributor,Standout starter at the Group of 5 level; high-end depth in Power 4.,Potential Day 3 Pick,Single Season Contributor,Late bloomer or one-year starter; limited career longevity.,nan,Single Season Contributor,Late bloomer or one-year starter; limited career longevity.,nan,EDGE
201900390,Colt Ellison,2019,WDE,0.8927,56.1256,52.58026885986328,55.58001934465688,55.58001934465688,Multi-Year Starter,Consistent career presence; reliable rotational player or specialist.,nan,Multi-Year Starter,Consistent career presence; reliable rotational player or specialist.,nan,Multi-Year Starter,Consistent career presence; reliable rotational player or specialist.,nan,EDGE
201900420,Michael Fletcher,2019,SDE,0.8904,51.9738,70.86579132080078,83.21647349798899,83.21647349798899,Multi-Year Starter,Consistent career presence; reliable rotational player or specialist.,nan,Meaningful P4 Contributor,Reliable multi-year starter at the highest level of competition.,Potential Day 2 Pick,Elite Power 4,All-Conference/All-American honors.,First round NFL Draft talent,EDGE
201900491,Derrick McLendon II,2019,WDE,0.8859,61.1541,56.16911315917969,61.120618337755396,61.120618337755396,Meaningful G5 Contributor,Standout starter at the Group of 5 level; high-end depth in Power 4.,Potential Day 3 Pick,Multi-Year Starter,Consistent career presence; reliable rotational player or specialist.,nan,Meaningful G5 Contributor,Standout starter at the Group of 5 level; high-end depth in Power 4.,Potential Day 3 Pick,EDGE
201900555,Cole Mashburn,2019,SDE,0.8807,45.0803,59.07868194580078,67.20237401314557,67.20237401314557,Single Season Contributor,Late bloomer or one-year starter; limited career longevity.,nan,Multi-Year Starter,Consistent career presence; reliable rotational player or specialist.,nan,Meaningful G5 Contributor,Standout starter at the Group of 5 level; high-end depth in Power 4.,Potential Day 3 Pick,EDGE
201900578,Earl Barquet,2019,SDE,0.8793,59.9786,55.51862335205078,60.23801318436602,60.23801318436602,Multi-Year Starter,Consistent career presence; reliable rotational player or specialist.,nan,Multi-Year Starter,Consistent career presence; reliable rotational player or specialist.,nan,Meaningful G5 Contributor,Standout starter at the Group of 5 level; high-end depth in Power 4.,Potential Day 3 Pick,EDGE
201900618,Blake Peterson,2019,SDE,0.8763,57.7547,47.7834587097168,42.105228217565625,42.105228217565625,Multi-Year Starter,Consistent career presence; reliable rotational player or specialist.,nan,Single Season Contributor,Late bloomer or one-year starter; limited career longevity.,nan,Single Season Contributor,Late bloomer or one-year starter; limited career longevity.,nan,EDGE
201900621,Smith Vilbert,2019,SDE,0.8763,61.2299,50.55909729003906,50.55060156909199,50.55060156909199,Meaningful G5 Contributor,Standout starter at the Group of 5 level; high-end depth in Power 4.,Potential Day 3 Pick,Multi-Year Starter,Consistent career presence; reliable rotational player or specialist.,nan,Multi-Year Starter,Consistent career presence; reliable rotational player or specialist.,nan,EDGE
201900623,Terrell Dawkins,2019,SDE,0.8763,52.8802,36.983299255371094,20.20377070625565,20.20377070625565,Multi-Year Starter,Consistent career presence; reliable rotational player or specialist.,nan,Partial Season Contributor,Rotational backup or special teams contributor; limited starts.,nan,Partial Season Contributor,Rotational backup or special teams contributor; limited starts.,nan,EDGE
201900630,Dontay Hunter II,2019,SDE,0.8759,43.3321,51.56185531616211,52.79785810907961,52.79785810907961,Single Season Contributor,Late bloomer or one-year starter; limited career longevity.,nan,Multi-Year Starter,Consistent career presence; reliable rotational player or specialist.,nan,Multi-Year Starter,Consistent career presence; reliable rotational player or specialist.,nan,EDGE
201900719,Brandon Mack II,2019,WDE,0.8715,52.2815,52.355072021484375,54.4673,54.4673,Multi-Year Starter,Consistent career presence; reliable rotational player or specialist.,nan,Multi-Year Starter,Consistent career presence; reliable rotational player or specialist.,nan,Multi-Year Starter,Consistent career presence; reliable rotational player or specialist.,nan,EDGE
201900767,Ahmad Craig,2019,SDE,0.8696,41.2346,50.058319091796875,49.45633570470718,49.45633570470718,Single Season Contributor,Late bloomer or one-year starter; limited career longevity.,nan,Multi-Year Starter,Consistent career presence; reliable rotational player or specialist.,nan,Single Season Contributor,Late bloomer or one-year starter; limited career longevity.,nan,EDGE
201900804,Jason Gold,2019,SDE,0.8674,37.0351,49.99376678466797,49.05441348073307,49.05441348073307,Partial Season Contributor,Rotational backup or special teams contributor; limited starts.,nan,Single Season Contributor,Late bloomer or one-year starter; limited career longevity.,nan,Single Season Contributor,Late bloomer or one-year starter; limited career longevity.,nan,EDGE
201900814,Corey Suttle,2019,SDE,0.8667,59.9073,50.17851638793945,49.66416811145776,49.66416811145776,Multi-Year Starter,Consistent career presence; reliable rotational player or specialist.,nan,Multi-Year Starter,Consistent career presence; reliable rotational player or specialist.,nan,Single Season Contributor,Late bloomer or one-year starter; limited career longevity.,nan,EDGE
201900835,Brandon Dorlus,2019,SDE,0.8656,68.0602,62.45914077758789,72.79805108451276,72.79805108451276,Meaningful G5 Contributor,Standout starter at the Group of 5 level; high-end depth in Power 4.,Potential Day 3 Pick,Meaningful G5 Contributor,Standout starter at the Group of 5 level; high-end depth in Power 4.,Potential Day 3 Pick,Meaningful P4 Contributor,Reliable multi-year starter at the highest level of competition.,Potential Day 2 Pick,EDGE
201900846,Jack Harris,2019,SDE,0.8652,58.2813,47.231563568115234,40.55914419631108,40.55914419631108,Multi-Year Starter,Consistent career presence; reliable rotational player or specialist.,nan,Single Season Contributor,Late bloomer or one-year starter; limited career longevity.,nan,Single Season Contributor,Late bloomer or one-year starter; limited career longevity.,nan,EDGE
201900874,Desmond Little,2019,WDE,0.8641,67.1982,48.967716217041016,46.075425237049885,46.075425237049885,Meaningful G5 Contributor,Standout starter at the Group of 5 level; high-end depth in Power 4.,Potential Day 3 Pick,Single Season Contributor,Late bloomer or one-year starter; limited career longevity.,nan,Single Season Contributor,Late bloomer or one-year starter; limited career longevity.,nan,EDGE
201900880,Darius Williams,2019,WDE,0.8637,12.5961,59.66474914550781,68.03099213343688,68.03099213343688,Minimal D1 Impact,Roster filler; medical DQ; or transferred to lower levels.,nan,Multi-Year Starter,Consistent career presence; reliable rotational player or specialist.,nan,Meaningful G5 Contributor,Standout starter at the Group of 5 level; high-end depth in Power 4.,Potential Day 3 Pick,EDGE
201900897,RJ Oben,2019,WDE,0.863,53.9731,52.42518615722656,54.774272306241116,54.774272306241116,Multi-Year Starter,Consistent career presence; reliable rotational player or specialist.,nan,Multi-Year Starter,Consistent career presence; reliable rotational player or specialist.,nan,Multi-Year Starter,Consistent career presence; reliable rotational player or specialist.,nan,EDGE
201900967,Jackson Ness,2019,SDE,0.8596,23.1871,48.94729232788086,45.832857087875595,45.832857087875595,Partial Season Contributor,Rotational backup or special teams contributor; limited starts.,nan,Single Season Contributor,Late bloomer or one-year starter; limited career longevity.,nan,Single Season Contributor,Late bloomer or one-year starter; limited career longevity.,nan,EDGE
201901030,Isreal Isuman-Hundley,2019,WDE,0.8567,34.3201,44.88461685180664,35.09096842509763,35.09096842509763,Partial Season Contributor,Rotational backup or special teams contributor; limited starts.,nan,Single Season Contributor,Late bloomer or one-year starter; limited career longevity.,nan,Partial Season Contributor,Rotational backup or special teams contributor; limited starts.,nan,EDGE
201901155,Caleb Oppan,2019,WDE,0.8522,52.764,49.55167007446289,47.80251971131877,47.80251971131877,Multi-Year Starter,Consistent career presence; reliable rotational player or specialist.,nan,Single Season Contributor,Late bloomer or one-year starter; limited career longevity.,nan,Single Season Contributor,Late bloomer or one-year starter; limited career longevity.,nan,EDGE
201901178,TJ Franklin,2019,SDE,0.8511,56.6875,62.7774772644043,73.8505559430473,73.8505559430473,Multi-Year Starter,Consistent career presence; reliable rotational player or specialist.,nan,Meaningful G5 Contributor,Standout starter at the Group of 5 level; high-end depth in Power 4.,Potential Day 3 Pick,Meaningful P4 Contributor,Reliable multi-year starter at the highest level of competition.,Potential Day 2 Pick,EDGE
201901288,Sulaiman Kpaka,2019,WDE,0.8467,47.7314,36.5101203918457,18.637505091628817,18.637505091628817,Single Season Contributor,Late bloomer or one-year starter; limited career longevity.,nan,Partial Season Contributor,Rotational backup or special teams contributor; limited starts.,nan,Minimal D1 Impact,Roster filler; medical DQ; or transferred to lower levels.,nan,EDGE
201901340,Immanuel Hickman Sr.,2019,SDE,0.8452,50.2803,46.3980827331543,38.815050273232615,38.815050273232615,Multi-Year Starter,Consistent career presence; reliable rotational player or specialist.,nan,Single Season Contributor,Late bloomer or one-year starter; limited career longevity.,nan,Partial Season Contributor,Rotational backup or special teams contributor; limited starts.,nan,EDGE
201901480,Isaiah Bagnah,2019,SDE,0.8393,57.2378,50.76429748535156,51.207045097079785,51.207045097079785,Multi-Year Starter,Consistent career presence; reliable rotational player or specialist.,nan,Multi-Year Starter,Consistent career presence; reliable rotational player or specialist.,nan,Multi-Year Starter,Consistent career presence; reliable rotational player or specialist.,nan,EDGE
201901600,DeVon Reaves,2019,WDE,0.8348,48.5836,43.55084228515625,30.594581897096507,30.594581897096507,Single Season Contributor,Late bloomer or one-year starter; limited career longevity.,nan,Single Season Contributor,Late bloomer or one-year starter; limited career longevity.,nan,Partial Season Contributor,Rotational backup or special teams contributor; limited starts.,nan,EDGE
201901652,Marlon Bradley,2019,WDE,0.8333,36.6734,56.2317008972168,61.22798937090494,61.22798937090494,Partial Season Contributor,Rotational backup or special teams contributor; limited starts.,nan,Multi-Year Starter,Consistent career presence; reliable rotational player or specialist.,nan,Meaningful G5 Contributor,Standout starter at the Group of 5 level; high-end depth in Power 4.,Potential Day 3 Pick,EDGE
201901666,Kody Walterscheid,2019,SDE,0.8326,64.6661,50.467864990234375,50.26326945457915,50.26326945457915,Meaningful G5 Contributor,Standout starter at the Group of 5 level; high-end depth in Power 4.,Potential Day 3 Pick,Multi-Year Starter,Consistent career presence; reliable rotational player or specialist.,nan,Multi-Year Starter,Consistent career presence; reliable rotational player or specialist.,nan,EDGE
201901730,Nelson Paul,2019,WDE,0.8307,60.9783,41.22138595581055,26.663155869016574,26.663155869016574,Meaningful G5 Contributor,Standout starter at the Group of 5 level; high-end depth in Power 4.,Potential Day 3 Pick,Single Season Contributor,Late bloomer or one-year starter; limited career longevity.,nan,Partial Season Contributor,Rotational backup or special teams contributor; limited starts.,nan,EDGE
201901731,Breylon Garcia,2019,WDE,0.8306,33.3786,50.040802001953125,49.40439512737504,49.40439512737504,Partial Season Contributor,Rotational backup or special teams contributor; limited starts.,nan,Multi-Year Starter,Consistent career presence; reliable rotational player or specialist.,nan,Single Season Contributor,Late bloomer or one-year starter; limited career longevity.,nan,EDGE
201901876,Jereme Robinson,2019,WDE,0.8256,75.477,57.25127410888672,63.159238963064574,63.159238963064574,Meaningful P4 Contributor,Reliable multi-year starter at the highest level of competition.,Potential Day 2 Pick,Multi-Year Starter,Consistent career presence; reliable rotational player or specialist.,nan,Meaningful G5 Contributor,Standout starter at the Group of 5 level; high-end depth in Power 4.,Potential Day 3 Pick,EDGE
201901920,Eric Phillips,2019,SDE,0.8226,62.7065,53.63600158691406,57.87233116413331,57.87233116413331,Meaningful G5 Contributor,Standout starter at the Group of 5 level; high-end depth in Power 4.,Potential Day 3 Pick,Multi-Year Starter,Consistent career presence; reliable rotational player or specialist.,nan,Multi-Year Starter,Consistent career presence; reliable rotational player or specialist.,nan,EDGE
201901978,Brayden Monday,2019,SDE,0.8206,20.3116,43.272884368896484,29.86958349892402,29.86958349892402,Partial Season Contributor,Rotational backup or special teams contributor; limited starts.,nan,Single Season Contributor,Late bloomer or one-year starter; limited career longevity.,nan,Partial Season Contributor,Rotational backup or special teams contributor; limited starts.,nan,EDGE
201901979,Marcus Harris,2019,SDE,0.8206,25.9515,42.670413970947266,28.6626252332144,28.6626252332144,Partial Season Contributor,Rotational backup or special teams contributor; limited starts.,nan,Single Season Contributor,Late bloomer or one-year starter; limited career longevity.,nan,Partial Season Contributor,Rotational backup or special teams contributor; limited starts.,nan,EDGE
201902136,Cam Mattox,2019,WDE,0.8156,32.7348,52.449913024902344,54.940832689251316,54.940832689251316,Partial Season Contributor,Rotational backup or special teams contributor; limited starts.,nan,Multi-Year Starter,Consistent career presence; reliable rotational player or specialist.,nan,Multi-Year Starter,Consistent career presence; reliable rotational player or specialist.,nan,EDGE
201902187,Adrian Woliver,2019,SDE,0.8122,45.2442,59.130496978759766,67.262368210267,67.262368210267,Single Season Contributor,Late bloomer or one-year starter; limited career longevity.,nan,Multi-Year Starter,Consistent career presence; reliable rotational player or specialist.,nan,Meaningful G5 Contributor,Standout starter at the Group of 5 level; high-end depth in Power 4.,Potential Day 3 Pick,EDGE
201902354,Tavion Woodard,2019,WDE,0.8094,43.4186,47.66124725341797,41.85865909486215,41.85865909486215,Single Season Contributor,Late bloomer or one-year starter; limited career longevity.,nan,Single Season Contributor,Late bloomer or one-year starter; limited career longevity.,nan,Single Season Contributor,Late bloomer or one-year starter; limited career longevity.,nan,EDGE
201902557,Jaylen Pate,2019,WDE,0.8006,60.8537,38.368202209472656,22.674872755678628,22.674872755678628,Meaningful G5 Contributor,Standout starter at the Group of 5 level; high-end depth in Power 4.,Potential Day 3 Pick,Partial Season Contributor,Rotational backup or special teams contributor; limited starts.,nan,Partial Season Contributor,Rotational backup or special teams contributor; limited starts.,nan,EDGE
201902693,JR Bivens,2019,SDE,0.7985,34.9912,53.8350944519043,58.01624563127625,58.01624563127625,Partial Season Contributor,Rotational backup or special teams contributor; limited starts.,nan,Multi-Year Starter,Consistent career presence; reliable rotational player or specialist.,nan,Multi-Year Starter,Consistent career presence; reliable rotational player or specialist.,nan,EDGE
201902781,Devonne Harris,2019,WDE,0.7944,59.1607,56.9075813293457,62.625659039088575,62.625659039088575,Multi-Year Starter,Consistent career presence; reliable rotational player or specialist.,nan,Multi-Year Starter,Consistent career presence; reliable rotational player or specialist.,nan,Meaningful G5 Contributor,Standout starter at the Group of 5 level; high-end depth in Power 4.,Potential Day 3 Pick,EDGE
201903177,Quindarius Dunnigan,2019,SDE,0.7844,35.0941,57.625701904296875,64.08683583049158,64.08683583049158,Partial Season Contributor,Rotational backup or special teams contributor; limited starts.,nan,Multi-Year Starter,Consistent career presence; reliable rotational player or specialist.,nan,Meaningful G5 Contributor,Standout starter at the Group of 5 level; high-end depth in Power 4.,Potential Day 3 Pick,EDGE
201903428,Marshawn Kneeland,2019,WDE,0.7783,61.7695,57.71710968017578,64.323997977183,64.323997977183,Meaningful G5 Contributor,Standout starter at the Group of 5 level; high-end depth in Power 4.,Potential Day 3 Pick,Multi-Year Starter,Consistent career presence; reliable rotational player or specialist.,nan,Meaningful G5 Contributor,Standout starter at the Group of 5 level; high-end depth in Power 4.,Potential Day 3 Pick,EDGE
201903626,Davon Bomar,2019,WDE,0.77,30.6966,61.685935974121094,71.37790499997332,71.37790499997332,Partial Season Contributor,Rotational backup or special teams contributor; limited starts.,nan,Meaningful G5 Contributor,Standout starter at the Group of 5 level; high-end depth in Power 4.,Potential Day 3 Pick,Meaningful P4 Contributor,Reliable multi-year starter at the highest level of competition.,Potential Day 2 Pick,EDGE
202000007,Myles Murphy,2020,SDE,0.9965,77.4651,77.16563415527344,89.88631675520419,89.88631675520419,Meaningful P4 Contributor,Reliable multi-year starter at the highest level of competition.,Potential Day 2 Pick,Meaningful P4 Contributor,Reliable multi-year starter at the highest level of competition.,Potential Day 2 Pick,Elite Power 4,All-Conference/All-American honors.,First round NFL Draft talent,EDGE
202000079,Zykeivous Walker,2020,SDE,0.9648,46.5526,68.49671173095703,81.10776270024483,81.10776270024483,Single Season Contributor,Late bloomer or one-year starter; limited career longevity.,nan,Meaningful G5 Contributor,Standout starter at the Group of 5 level; high-end depth in Power 4.,Potential Day 3 Pick,Elite Power 4,All-Conference/All-American honors.,First round NFL Draft talent,EDGE
202000084,BJ Ojulari,2020,WDE,0.9634,76.5079,64.20289611816406,75.86503065024044,75.86503065024044,Meaningful P4 Contributor,Reliable multi-year starter at the highest level of competition.,Potential Day 2 Pick,Meaningful G5 Contributor,Standout starter at the Group of 5 level; high-end depth in Power 4.,Potential Day 3 Pick,Meaningful P4 Contributor,Reliable multi-year starter at the highest level of competition.,Potential Day 2 Pick,EDGE
202000123,Braiden McGregor,2020,SDE,0.947,66.7527,65.0676040649414,78.28594769446644,78.28594769446644,Meaningful G5 Contributor,Standout starter at the Group of 5 level; high-end depth in Power 4.,Potential Day 3 Pick,Meaningful G5 Contributor,Standout starter at the Group of 5 level; high-end depth in Power 4.,Potential Day 3 Pick,Meaningful P4 Contributor,Reliable multi-year starter at the highest level of competition.,Potential Day 2 Pick,EDGE
202000124,Reggie Grimes II,2020,WDE,0.9466,65.1101,56.6399040222168,62.312214180111155,62.312214180111155,Meaningful G5 Contributor,Standout starter at the Group of 5 level; high-end depth in Power 4.,Potential Day 3 Pick,Multi-Year Starter,Consistent career presence; reliable rotational player or specialist.,nan,Meaningful G5 Contributor,Standout starter at the Group of 5 level; high-end depth in Power 4.,Potential Day 3 Pick,EDGE
202000177,Van Fillinger,2020,SDE,0.9276,76.1175,51.66566467285156,53.01492002195575,53.01492002195575,Meaningful P4 Contributor,Reliable multi-year starter at the highest level of competition.,Potential Day 2 Pick,Multi-Year Starter,Consistent career presence; reliable rotational player or specialist.,nan,Multi-Year Starter,Consistent career presence; reliable rotational player or specialist.,nan,EDGE
202000229,Demon Clowney,2020,WDE,0.9168,26.8235,41.635623931884766,27.194545888065136,27.194545888065136,Partial Season Contributor,Rotational backup or special teams contributor; limited starts.,nan,Single Season Contributor,Late bloomer or one-year starter; limited career longevity.,nan,Partial Season Contributor,Rotational backup or special teams contributor; limited starts.,nan,EDGE
202000247,Princely Umanmielen,2020,SDE,0.9117,70.7626,44.789527893066406,34.81497729332872,34.81497729332872,Meaningful P4 Contributor,Reliable multi-year starter at the highest level of competition.,Potential Day 2 Pick,Single Season Contributor,Late bloomer or one-year starter; limited career longevity.,nan,Partial Season Contributor,Rotational backup or special teams contributor; limited starts.,nan,EDGE
202000252,Xavier Carlton,2020,SDE,0.91,47.9453,56.020938873291016,60.921615172621905,60.921615172621905,Single Season Contributor,Late bloomer or one-year starter; limited career longevity.,nan,Multi-Year Starter,Consistent career presence; reliable rotational player or specialist.,nan,Meaningful G5 Contributor,Standout starter at the Group of 5 level; high-end depth in Power 4.,Potential Day 3 Pick,EDGE
202000284,Samuel Anaele,2020,SDE,0.9045,24.7867,56.474693298339844,61.83965683506476,61.83965683506476,Partial Season Contributor,Rotational backup or special teams contributor; limited starts.,nan,Multi-Year Starter,Consistent career presence; reliable rotational player or specialist.,nan,Meaningful G5 Contributor,Standout starter at the Group of 5 level; high-end depth in Power 4.,Potential Day 3 Pick,EDGE
202000309,Jaylen Harrell,2020,WDE,0.9003,71.5216,48.73777389526367,45.0868278247892,45.0868278247892,Meaningful P4 Contributor,Reliable multi-year starter at the highest level of competition.,Potential Day 2 Pick,Single Season Contributor,Late bloomer or one-year starter; limited career longevity.,nan,Single Season Contributor,Late bloomer or one-year starter; limited career longevity.,nan,EDGE
202000311,Dayon Hayes,2020,SDE,0.9001,63.7285,58.521968841552734,66.00431124265351,66.00431124265351,Meaningful G5 Contributor,Standout starter at the Group of 5 level; high-end depth in Power 4.,Potential Day 3 Pick,Multi-Year Starter,Consistent career presence; reliable rotational player or specialist.,nan,Meaningful G5 Contributor,Standout starter at the Group of 5 level; high-end depth in Power 4.,Potential Day 3 Pick,EDGE
202000330,Zuriah Fisher,2020,WDE,0.8985,59.1836,64.38262939453125,76.28545875470509,76.28545875470509,Multi-Year Starter,Consistent career presence; reliable rotational player or specialist.,nan,Meaningful G5 Contributor,Standout starter at the Group of 5 level; high-end depth in Power 4.,Potential Day 3 Pick,Meaningful P4 Contributor,Reliable multi-year starter at the highest level of competition.,Potential Day 2 Pick,EDGE
202000331,Jared Ivey,2020,WDE,0.8982,75.7453,52.18755340576172,54.17661887882977,54.17661887882977,Meaningful P4 Contributor,Reliable multi-year starter at the highest level of competition.,Potential Day 2 Pick,Multi-Year Starter,Consistent career presence; reliable rotational player or specialist.,nan,Multi-Year Starter,Consistent career presence; reliable rotational player or specialist.,nan,EDGE
202000442,Amin Vanover,2020,SDE,0.8867,60.4359,53.671043395996094,57.897407607833784,57.897407607833784,Meaningful G5 Contributor,Standout starter at the Group of 5 level; high-end depth in Power 4.,Potential Day 3 Pick,Multi-Year Starter,Consistent career presence; reliable rotational player or specialist.,nan,Multi-Year Starter,Consistent career presence; reliable rotational player or specialist.,nan,EDGE
202000484,Blayne Toll,2020,SDE,0.8828,57.9729,59.450679779052734,67.71212958271565,67.71212958271565,Multi-Year Starter,Consistent career presence; reliable rotational player or specialist.,nan,Multi-Year Starter,Consistent career presence; reliable rotational player or specialist.,nan,Meaningful G5 Contributor,Standout starter at the Group of 5 level; high-end depth in Power 4.,Potential Day 3 Pick,EDGE
202000505,Bradyn Swinson,2020,SDE,0.8815,74.0271,51.93327713012695,53.68518364362895,53.68518364362895,Meaningful P4 Contributor,Reliable multi-year starter at the highest level of competition.,Potential Day 2 Pick,Multi-Year Starter,Consistent career presence; reliable rotational player or specialist.,nan,Multi-Year Starter,Consistent career presence; reliable rotational player or specialist.,nan,EDGE
202000538,Jevon Banks,2020,SDE,0.8793,54.4673,53.62541961669922,57.86426980993555,57.86426980993555,Multi-Year Starter,Consistent career presence; reliable rotational player or specialist.,nan,Multi-Year Starter,Consistent career presence; reliable rotational player or specialist.,nan,Multi-Year Starter,Consistent career presence; reliable rotational player or specialist.,nan,EDGE
202000574,Josh Griffis,2020,WDE,0.877,35.0599,59.31864547729492,67.4802165346742,67.4802165346742,Partial Season Contributor,Rotational backup or special teams contributor; limited starts.,nan,Multi-Year Starter,Consistent career presence; reliable rotational player or specialist.,nan,Meaningful G5 Contributor,Standout starter at the Group of 5 level; high-end depth in Power 4.,Potential Day 3 Pick,EDGE
202000660,Khari Coleman,2020,WDE,0.8715,67.9792,49.22948455810547,47.292745372456835,47.292745372456835,Meaningful G5 Contributor,Standout starter at the Group of 5 level; high-end depth in Power 4.,Potential Day 3 Pick,Single Season Contributor,Late bloomer or one-year starter; limited career longevity.,nan,Single Season Contributor,Late bloomer or one-year starter; limited career longevity.,nan,EDGE
202000678,Nate Matlack,2020,WDE,0.8707,74.8016,53.48957824707031,57.46213645575984,57.46213645575984,Meaningful P4 Contributor,Reliable multi-year starter at the highest level of competition.,Potential Day 2 Pick,Multi-Year Starter,Consistent career presence; reliable rotational player or specialist.,nan,Multi-Year Starter,Consistent career presence; reliable rotational player or specialist.,nan,EDGE
202000799,Jimari Butler,2020,WDE,0.8659,48.6414,58.73371124267578,66.65420097467057,66.65420097467057,Single Season Contributor,Late bloomer or one-year starter; limited career longevity.,nan,Multi-Year Starter,Consistent career presence; reliable rotational player or specialist.,nan,Meaningful G5 Contributor,Standout starter at the Group of 5 level; high-end depth in Power 4.,Potential Day 3 Pick,EDGE
202000804,Myles Jackson,2020,WDE,0.8652,38.6744,55.55480194091797,60.390000435413626,60.390000435413626,Partial Season Contributor,Rotational backup or special teams contributor; limited starts.,nan,Multi-Year Starter,Consistent career presence; reliable rotational player or specialist.,nan,Meaningful G5 Contributor,Standout starter at the Group of 5 level; high-end depth in Power 4.,Potential Day 3 Pick,EDGE
202000805,Lance Keneley,2020,SDE,0.8652,44.9981,50.58206558227539,50.62196013136385,50.62196013136385,Single Season Contributor,Late bloomer or one-year starter; limited career longevity.,nan,Multi-Year Starter,Consistent career presence; reliable rotational player or specialist.,nan,Multi-Year Starter,Consistent career presence; reliable rotational player or specialist.,nan,EDGE
202000843,Tyler Wegis,2020,WDE,0.8641,42.5854,62.40545654296875,72.60515399828144,72.60515399828144,Single Season Contributor,Late bloomer or one-year starter; limited career longevity.,nan,Meaningful G5 Contributor,Standout starter at the Group of 5 level; high-end depth in Power 4.,Potential Day 3 Pick,Meaningful P4 Contributor,Reliable multi-year starter at the highest level of competition.,Potential Day 2 Pick,EDGE
202000872,Marlon Krakue,2020,WDE,0.863,37.6195,52.37144470214844,54.53569632875432,54.53569632875432,Partial Season Contributor,Rotational backup or special teams contributor; limited starts.,nan,Multi-Year Starter,Consistent career presence; reliable rotational player or specialist.,nan,Multi-Year Starter,Consistent career presence; reliable rotational player or specialist.,nan,EDGE
202000876,Stephen Sings V,2020,WDE,0.863,58.0168,42.952056884765625,29.131446575738533,29.131446575738533,Multi-Year Starter,Consistent career presence; reliable rotational player or specialist.,nan,Single Season Contributor,Late bloomer or one-year starter; limited career longevity.,nan,Partial Season Contributor,Rotational backup or special teams contributor; limited starts.,nan,EDGE
202000910,Chris Jones,2020,WDE,0.8607,50.9204,55.387332916259766,60.03650775600803,60.03650775600803,Multi-Year Starter,Consistent career presence; reliable rotational player or specialist.,nan,Multi-Year Starter,Consistent career presence; reliable rotational player or specialist.,nan,Meaningful G5 Contributor,Standout starter at the Group of 5 level; high-end depth in Power 4.,Potential Day 3 Pick,EDGE
202000924,Jake Shipley,2020,SDE,0.86,45.6307,32.517337799072266,15.365212355923376,15.365212355923376,Single Season Contributor,Late bloomer or one-year starter; limited career longevity.,nan,Partial Season Contributor,Rotational backup or special teams contributor; limited starts.,nan,Minimal D1 Impact,Roster filler; medical DQ; or transferred to lower levels.,nan,EDGE
202001010,Cedric Johnson,2020,WDE,0.8574,69.3958,45.29217529296875,36.318113513388376,36.318113513388376,Meaningful G5 Contributor,Standout starter at the Group of 5 level; high-end depth in Power 4.,Potential Day 3 Pick,Single Season Contributor,Late bloomer or one-year starter; limited career longevity.,nan,Partial Season Contributor,Rotational backup or special teams contributor; limited starts.,nan,EDGE
202001032,Jalen Mayala,2020,WDE,0.8563,16.883,46.43915939331055,38.88828917794966,38.88828917794966,Minimal D1 Impact,Roster filler; medical DQ; or transferred to lower levels.,nan,Single Season Contributor,Late bloomer or one-year starter; limited career longevity.,nan,Partial Season Contributor,Rotational backup or special teams contributor; limited starts.,nan,EDGE
202001072,Rashad Whitehead,2020,SDE,0.8552,32.3134,50.75768280029297,51.19146693923045,51.19146693923045,Partial Season Contributor,Rotational backup or special teams contributor; limited starts.,nan,Multi-Year Starter,Consistent career presence; reliable rotational player or specialist.,nan,Multi-Year Starter,Consistent career presence; reliable rotational player or specialist.,nan,EDGE
202001083,Avery Dunn,2020,WDE,0.8544,55.6945,50.792137145996094,51.266415511214944,51.266415511214944,Multi-Year Starter,Consistent career presence; reliable rotational player or specialist.,nan,Multi-Year Starter,Consistent career presence; reliable rotational player or specialist.,nan,Multi-Year Starter,Consistent career presence; reliable rotational player or specialist.,nan,EDGE
202001282,Jeff Pietrowski,2020,WDE,0.8478,59.789,44.22295379638672,33.309519430290926,33.309519430290926,Multi-Year Starter,Consistent career presence; reliable rotational player or specialist.,nan,Single Season Contributor,Late bloomer or one-year starter; limited career longevity.,nan,Partial Season Contributor,Rotational backup or special teams contributor; limited starts.,nan,EDGE
202001313,James Thompson Jr.,2020,SDE,0.8467,60.4115,47.595947265625,41.69003999356883,41.69003999356883,Meaningful G5 Contributor,Standout starter at the Group of 5 level; high-end depth in Power 4.,Potential Day 3 Pick,Single Season Contributor,Late bloomer or one-year starter; limited career longevity.,nan,Single Season Contributor,Late bloomer or one-year starter; limited career longevity.,nan,EDGE
202001328,Jordan Mitchell,2020,WDE,0.8467,33.8771,49.96709060668945,48.996248445149746,48.996248445149746,Partial Season Contributor,Rotational backup or special teams contributor; limited starts.,nan,Single Season Contributor,Late bloomer or one-year starter; limited career longevity.,nan,Single Season Contributor,Late bloomer or one-year starter; limited career longevity.,nan,EDGE
202001414,Cade McDonald,2020,SDE,0.8433,58.4146,37.08297348022461,20.533701569797415,20.533701569797415,Multi-Year Starter,Consistent career presence; reliable rotational player or specialist.,nan,Partial Season Contributor,Rotational backup or special teams contributor; limited starts.,nan,Partial Season Contributor,Rotational backup or special teams contributor; limited starts.,nan,EDGE
202001576,Tramel Logan,2020,WDE,0.8389,51.7627,49.70500946044922,48.28562034549893,48.28562034549893,Multi-Year Starter,Consistent career presence; reliable rotational player or specialist.,nan,Single Season Contributor,Late bloomer or one-year starter; limited career longevity.,nan,Single Season Contributor,Late bloomer or one-year starter; limited career longevity.,nan,EDGE
202001636,Emmanuel Johnson,2020,SDE,0.837,35.3311,38.68617248535156,23.147579384716124,23.147579384716124,Partial Season Contributor,Rotational backup or special teams contributor; limited starts.,nan,Partial Season Contributor,Rotational backup or special teams contributor; limited starts.,nan,Partial Season Contributor,Rotational backup or special teams contributor; limited starts.,nan,EDGE
202001735,Bryce Johnson-Maith,2020,WDE,0.8333,31.6042,60.63207244873047,69.38016117379385,69.38016117379385,Partial Season Contributor,Rotational backup or special teams contributor; limited starts.,nan,Meaningful G5 Contributor,Standout starter at the Group of 5 level; high-end depth in Power 4.,Potential Day 3 Pick,Meaningful G5 Contributor,Standout starter at the Group of 5 level; high-end depth in Power 4.,Potential Day 3 Pick,EDGE
202001745,Amore Morrison,2020,WDE,0.8333,58.9322,61.022666931152344,70.08567705914206,70.08567705914206,Multi-Year Starter,Consistent career presence; reliable rotational player or specialist.,nan,Meaningful G5 Contributor,Standout starter at the Group of 5 level; high-end depth in Power 4.,Potential Day 3 Pick,Meaningful P4 Contributor,Reliable multi-year starter at the highest level of competition.,Potential Day 2 Pick,EDGE
202001755,Ben Bell,2020,SDE,0.8333,67.8988,36.465965270996094,18.491347575248707,18.491347575248707,Meaningful G5 Contributor,Standout starter at the Group of 5 level; high-end depth in Power 4.,Potential Day 3 Pick,Partial Season Contributor,Rotational backup or special teams contributor; limited starts.,nan,Minimal D1 Impact,Roster filler; medical DQ; or transferred to lower levels.,nan,EDGE
202001839,Ralph Mency,2020,SDE,0.8304,41.2817,57.66374588012695,64.20408743178966,64.20408743178966,Single Season Contributor,Late bloomer or one-year starter; limited career longevity.,nan,Multi-Year Starter,Consistent career presence; reliable rotational player or specialist.,nan,Meaningful G5 Contributor,Standout starter at the Group of 5 level; high-end depth in Power 4.,Potential Day 3 Pick,EDGE
202001959,Gabriel Lopez,2020,WDE,0.827,54.6862,54.76123809814453,59.2207724521039,59.2207724521039,Multi-Year Starter,Consistent career presence; reliable rotational player or specialist.,nan,Multi-Year Starter,Consistent career presence; reliable rotational player or specialist.,nan,Multi-Year Starter,Consistent career presence; reliable rotational player or specialist.,nan,EDGE
202001997,Brandon Wilson,2020,SDE,0.8267,50.0414,50.02690505981445,49.2813976079613,49.2813976079613,Multi-Year Starter,Consistent career presence; reliable rotational player or specialist.,nan,Multi-Year Starter,Consistent career presence; reliable rotational player or specialist.,nan,Single Season Contributor,Late bloomer or one-year starter; limited career longevity.,nan,EDGE
202002021,Paris Shand,2020,SDE,0.8256,57.1525,59.583045959472656,67.94769844911491,67.94769844911491,Multi-Year Starter,Consistent career presence; reliable rotational player or specialist.,nan,Multi-Year Starter,Consistent career presence; reliable rotational player or specialist.,nan,Meaningful G5 Contributor,Standout starter at the Group of 5 level; high-end depth in Power 4.,Potential Day 3 Pick,EDGE
202002027,Ivan Davis,2020,WDE,0.8252,58.3257,61.533668518066406,71.07255332728313,71.07255332728313,Multi-Year Starter,Consistent career presence; reliable rotational player or specialist.,nan,Meaningful G5 Contributor,Standout starter at the Group of 5 level; high-end depth in Power 4.,Potential Day 3 Pick,Meaningful P4 Contributor,Reliable multi-year starter at the highest level of competition.,Potential Day 2 Pick,EDGE
202002143,Cam Williams,2020,SDE,0.8206,53.5808,46.30160903930664,38.60737584669982,38.60737584669982,Multi-Year Starter,Consistent career presence; reliable rotational player or specialist.,nan,Single Season Contributor,Late bloomer or one-year starter; limited career longevity.,nan,Partial Season Contributor,Rotational backup or special teams contributor; limited starts.,nan,EDGE
202002220,Jordan Lawson,2020,SDE,0.82,69.9117,52.1706428527832,54.14367949401098,54.14367949401098,Meaningful G5 Contributor,Standout starter at the Group of 5 level; high-end depth in Power 4.,Potential Day 3 Pick,Multi-Year Starter,Consistent career presence; reliable rotational player or specialist.,nan,Multi-Year Starter,Consistent career presence; reliable rotational player or specialist.,nan,EDGE
202002279,Justin Lohrenz,2020,WDE,0.817,35.7605,55.44441604614258,60.103850448364966,60.103850448364966,Partial Season Contributor,Rotational backup or special teams contributor; limited starts.,nan,Multi-Year Starter,Consistent career presence; reliable rotational player or specialist.,nan,Meaningful G5 Contributor,Standout starter at the Group of 5 level; high-end depth in Power 4.,Potential Day 3 Pick,EDGE
202002387,Felix Anudike-Uzomah,2020,WDE,0.8137,83.8205,51.318782806396484,52.444064479740504,52.444064479740504,Elite Power 4,All-Conference/All-American honors.,First round NFL Draft talent,Multi-Year Starter,Consistent career presence; reliable rotational player or specialist.,nan,Multi-Year Starter,Consistent career presence; reliable rotational player or specialist.,nan,EDGE
202002451,Dyshier Clary,2020,WDE,0.8115,37.5908,54.74032211303711,59.17692553008933,59.17692553008933,Partial Season Contributor,Rotational backup or special teams contributor; limited starts.,nan,Multi-Year Starter,Consistent career presence; reliable rotational player or specialist.,nan,Multi-Year Starter,Consistent career presence; reliable rotational player or specialist.,nan,EDGE
202002453,Pierce Oppong,2020,SDE,0.8115,47.4486,50.43744659423828,50.16195437297362,50.16195437297362,Single Season Contributor,Late bloomer or one-year starter; limited career longevity.,nan,Multi-Year Starter,Consistent career presence; reliable rotational player or specialist.,nan,Multi-Year Starter,Consistent career presence; reliable rotational player or specialist.,nan,EDGE
202002586,Quincey Miller,2020,WDE,0.81,36.0501,48.5683708190918,44.562334554676525,44.562334554676525,Partial Season Contributor,Rotational backup or special teams contributor; limited starts.,nan,Single Season Contributor,Late bloomer or one-year starter; limited career longevity.,nan,Single Season Contributor,Late bloomer or one-year starter; limited career longevity.,nan,EDGE
202002639,Aakil Washington,2020,SDE,0.8081,48.6607,41.27055740356445,26.722012463428623,26.722012463428623,Single Season Contributor,Late bloomer or one-year starter; limited career longevity.,nan,Single Season Contributor,Late bloomer or one-year starter; limited career longevity.,nan,Partial Season Contributor,Rotational backup or special teams contributor; limited starts.,nan,EDGE
202002656,Braylon Ryan,2020,SDE,0.8074,39.3086,53.958072662353516,58.156966926490576,58.156966926490576,Partial Season Contributor,Rotational backup or special teams contributor; limited starts.,nan,Multi-Year Starter,Consistent career presence; reliable rotational player or specialist.,nan,Multi-Year Starter,Consistent career presence; reliable rotational player or specialist.,nan,EDGE
202002667,Jayden Thiergood,2020,SDE,0.8067,42.6743,49.61874008178711,47.98460634744442,47.98460634744442,Single Season Contributor,Late bloomer or one-year starter; limited career longevity.,nan,Single Season Contributor,Late bloomer or one-year starter; limited career longevity.,nan,Single Season Contributor,Late bloomer or one-year starter; limited career longevity.,nan,EDGE
202003294,Bryce Santana,2020,SDE,0.79,40.4421,46.89229202270508,40.12059396142168,40.12059396142168,Single Season Contributor,Late bloomer or one-year starter; limited career longevity.,nan,Single Season Contributor,Late bloomer or one-year starter; limited career longevity.,nan,Single Season Contributor,Late bloomer or one-year starter; limited career longevity.,nan,EDGE
202003679,T.J. Jackson,2020,SDE,0.77,70.204,56.61198425292969,62.23359642270382,62.23359642270382,Meaningful P4 Contributor,Reliable multi-year starter at the highest level of competition.,Potential Day 2 Pick,Multi-Year Starter,Consistent career presence; reliable rotational player or specialist.,nan,Meaningful G5 Contributor,Standout starter at the Group of 5 level; high-end depth in Power 4.,Potential Day 3 Pick,EDGE
202003728,Max Meeuwsen,2020,WDE,0.7667,27.3356,58.760719299316406,66.73957143164486,66.73957143164486,Partial Season Contributor,Rotational backup or special teams contributor; limited starts.,nan,Multi-Year Starter,Consistent career presence; reliable rotational player or specialist.,nan,Meaningful G5 Contributor,Standout starter at the Group of 5 level; high-end depth in Power 4.,Potential Day 3 Pick,EDGE
202100059,Keanu Koht,2021,Edge,0.9715,48.0035,62.33665466308594,72.38633165389923,72.38633165389923,Single Season Contributor,Late bloomer or one-year starter; limited career longevity.,nan,Meaningful G5 Contributor,Standout starter at the Group of 5 level; high-end depth in Power 4.,Potential Day 3 Pick,Meaningful P4 Contributor,Reliable multi-year starter at the highest level of competition.,Potential Day 2 Pick,EDGE
202100077,Dylan Brooks,2021,Edge,0.9658,53.366,51.24192810058594,52.230088023087625,52.230088023087625,Multi-Year Starter,Consistent career presence; reliable rotational player or specialist.,nan,Multi-Year Starter,Consistent career presence; reliable rotational player or specialist.,nan,Multi-Year Starter,Consistent career presence; reliable rotational player or specialist.,nan,EDGE
202100107,Kelvin Gilliam Jr.,2021,Edge,0.952,44.3125,58.254573822021484,65.63553804550654,65.63553804550654,Single Season Contributor,Late bloomer or one-year starter; limited career longevity.,nan,Multi-Year Starter,Consistent career presence; reliable rotational player or specialist.,nan,Meaningful G5 Contributor,Standout starter at the Group of 5 level; high-end depth in Power 4.,Potential Day 3 Pick,EDGE
202100157,Sai'vion Jones,2021,Edge,0.9333,73.5936,54.62167739868164,59.0627991676084,59.0627991676084,Meaningful P4 Contributor,Reliable multi-year starter at the highest level of competition.,Potential Day 2 Pick,Multi-Year Starter,Consistent career presence; reliable rotational player or specialist.,nan,Multi-Year Starter,Consistent career presence; reliable rotational player or specialist.,nan,EDGE
202100174,Ethan Downs,2021,Edge,0.9261,66.8626,52.42966842651367,54.80446490883861,54.80446490883861,Meaningful G5 Contributor,Standout starter at the Group of 5 level; high-end depth in Power 4.,Potential Day 3 Pick,Multi-Year Starter,Consistent career presence; reliable rotational player or specialist.,nan,Multi-Year Starter,Consistent career presence; reliable rotational player or specialist.,nan,EDGE
202100189,Zaire Patterson,2021,Edge,0.9236,40.4666,44.661949157714844,34.22131642917387,34.22131642917387,Single Season Contributor,Late bloomer or one-year starter; limited career longevity.,nan,Single Season Contributor,Late bloomer or one-year starter; limited career longevity.,nan,Partial Season Contributor,Rotational backup or special teams contributor; limited starts.,nan,EDGE
202100217,Travion Ford,2021,Edge,0.9177,26.9729,49.0184326171875,46.677768072924394,46.677768072924394,Partial Season Contributor,Rotational backup or special teams contributor; limited starts.,nan,Single Season Contributor,Late bloomer or one-year starter; limited career longevity.,nan,Single Season Contributor,Late bloomer or one-year starter; limited career longevity.,nan,EDGE
202100248,Jabari Ishmael,2021,Edge,0.912,56.6665,47.289371490478516,40.73624402806031,40.73624402806031,Multi-Year Starter,Consistent career presence; reliable rotational player or specialist.,nan,Single Season Contributor,Late bloomer or one-year starter; limited career longevity.,nan,Single Season Contributor,Late bloomer or one-year starter; limited career longevity.,nan,EDGE
202100279,D.J. Harris Jr.,2021,Edge,0.9058,57.6896,57.65215301513672,64.17803781084103,64.17803781084103,Multi-Year Starter,Consistent career presence; reliable rotational player or specialist.,nan,Multi-Year Starter,Consistent career presence; reliable rotational player or specialist.,nan,Meaningful G5 Contributor,Standout starter at the Group of 5 level; high-end depth in Power 4.,Potential Day 3 Pick,EDGE
202100395,Travali Price,2021,Edge,0.8904,62.2451,52.261146545410156,54.318233212118784,54.318233212118784,Meaningful G5 Contributor,Standout starter at the Group of 5 level; high-end depth in Power 4.,Potential Day 3 Pick,Multi-Year Starter,Consistent career presence; reliable rotational player or specialist.,nan,Multi-Year Starter,Consistent career presence; reliable rotational player or specialist.,nan,EDGE
202100435,Deonte Anderson,2021,Edge,0.8872,57.8636,61.026981353759766,70.09347003580359,70.09347003580359,Multi-Year Starter,Consistent career presence; reliable rotational player or specialist.,nan,Meaningful G5 Contributor,Standout starter at the Group of 5 level; high-end depth in Power 4.,Potential Day 3 Pick,Meaningful P4 Contributor,Reliable multi-year starter at the highest level of competition.,Potential Day 2 Pick,EDGE
202100669,Je'lin Samuels,2021,Edge,0.8711,52.7834,52.73288345336914,56.19625759031513,56.19625759031513,Multi-Year Starter,Consistent career presence; reliable rotational player or specialist.,nan,Multi-Year Starter,Consistent career presence; reliable rotational player or specialist.,nan,Multi-Year Starter,Consistent career presence; reliable rotational player or specialist.,nan,EDGE
202100753,Josaiah Stewart,2021,Edge,0.8667,78.6937,57.502952575683594,63.64144165331783,63.64144165331783,Meaningful P4 Contributor,Reliable multi-year starter at the highest level of competition.,Potential Day 2 Pick,Multi-Year Starter,Consistent career presence; reliable rotational player or specialist.,nan,Meaningful G5 Contributor,Standout starter at the Group of 5 level; high-end depth in Power 4.,Potential Day 3 Pick,EDGE
202100803,Neto Okpala,2021,Edge,0.8652,60.656,58.695682525634766,66.38783571954544,66.38783571954544,Meaningful G5 Contributor,Standout starter at the Group of 5 level; high-end depth in Power 4.,Potential Day 3 Pick,Multi-Year Starter,Consistent career presence; reliable rotational player or specialist.,nan,Meaningful G5 Contributor,Standout starter at the Group of 5 level; high-end depth in Power 4.,Potential Day 3 Pick,EDGE
202100851,Noah Collins,2021,Edge,0.863,40.0217,52.8759651184082,56.60430840407697,56.60430840407697,Single Season Contributor,Late bloomer or one-year starter; limited career longevity.,nan,Multi-Year Starter,Consistent career presence; reliable rotational player or specialist.,nan,Multi-Year Starter,Consistent career presence; reliable rotational player or specialist.,nan,EDGE
202100946,TJ Guy,2021,Edge,0.8589,64.76,53.989540100097656,58.192974432049944,58.192974432049944,Meaningful G5 Contributor,Standout starter at the Group of 5 level; high-end depth in Power 4.,Potential Day 3 Pick,Multi-Year Starter,Consistent career presence; reliable rotational player or specialist.,nan,Multi-Year Starter,Consistent career presence; reliable rotational player or specialist.,nan,EDGE
202100981,Andrew Edson,2021,Edge,0.8578,60.7546,55.497772216796875,60.166796334357784,60.166796334357784,Meaningful G5 Contributor,Standout starter at the Group of 5 level; high-end depth in Power 4.,Potential Day 3 Pick,Multi-Year Starter,Consistent career presence; reliable rotational player or specialist.,nan,Meaningful G5 Contributor,Standout starter at the Group of 5 level; high-end depth in Power 4.,Potential Day 3 Pick,EDGE
202101015,Aaron Hall,2021,Edge,0.8567,22.946,46.940818786621094,40.20097220398872,40.20097220398872,Partial Season Contributor,Rotational backup or special teams contributor; limited starts.,nan,Single Season Contributor,Late bloomer or one-year starter; limited career longevity.,nan,Single Season Contributor,Late bloomer or one-year starter; limited career longevity.,nan,EDGE
202101054,Raam Stevenson,2021,Edge,0.8556,60.0741,47.61066436767578,41.736442731111644,41.736442731111644,Meaningful G5 Contributor,Standout starter at the Group of 5 level; high-end depth in Power 4.,Potential Day 3 Pick,Single Season Contributor,Late bloomer or one-year starter; limited career longevity.,nan,Single Season Contributor,Late bloomer or one-year starter; limited career longevity.,nan,EDGE
202101134,Jayden Jones,2021,Edge,0.8522,54.4077,51.55511474609375,52.7844965369521,52.7844965369521,Multi-Year Starter,Consistent career presence; reliable rotational player or specialist.,nan,Multi-Year Starter,Consistent career presence; reliable rotational player or specialist.,nan,Multi-Year Starter,Consistent career presence; reliable rotational player or specialist.,nan,EDGE
202101243,Zach Buckey,2021,Edge,0.8485,28.6551,48.6276741027832,44.73713570220003,44.73713570220003,Partial Season Contributor,Rotational backup or special teams contributor; limited starts.,nan,Single Season Contributor,Late bloomer or one-year starter; limited career longevity.,nan,Single Season Contributor,Late bloomer or one-year starter; limited career longevity.,nan,EDGE
202101248,Dennard Flowers,2021,Edge,0.8483,42.8733,48.924713134765625,45.68597494691873,45.68597494691873,Single Season Contributor,Late bloomer or one-year starter; limited career longevity.,nan,Single Season Contributor,Late bloomer or one-year starter; limited career longevity.,nan,Single Season Contributor,Late bloomer or one-year starter; limited career longevity.,nan,EDGE
202101271,Ethan Hassler,2021,Edge,0.8478,63.2662,64.1863021850586,75.82621448896992,75.82621448896992,Meaningful G5 Contributor,Standout starter at the Group of 5 level; high-end depth in Power 4.,Potential Day 3 Pick,Meaningful G5 Contributor,Standout starter at the Group of 5 level; high-end depth in Power 4.,Potential Day 3 Pick,Meaningful P4 Contributor,Reliable multi-year starter at the highest level of competition.,Potential Day 2 Pick,EDGE
202101337,James Smith,2021,Edge,0.8452,48.9109,45.9637565612793,37.66448581336837,37.66448581336837,Single Season Contributor,Late bloomer or one-year starter; limited career longevity.,nan,Single Season Contributor,Late bloomer or one-year starter; limited career longevity.,nan,Partial Season Contributor,Rotational backup or special teams contributor; limited starts.,nan,EDGE
202101355,Viliami Po'uha,2021,Edge,0.8444,57.025,43.64043045043945,30.951747663624406,30.951747663624406,Multi-Year Starter,Consistent career presence; reliable rotational player or specialist.,nan,Single Season Contributor,Late bloomer or one-year starter; limited career longevity.,nan,Partial Season Contributor,Rotational backup or special teams contributor; limited starts.,nan,EDGE
202101382,Myles Mendeszoon,2021,Edge,0.8437,61.6137,62.560237884521484,73.14939269198877,73.14939269198877,Meaningful G5 Contributor,Standout starter at the Group of 5 level; high-end depth in Power 4.,Potential Day 3 Pick,Meaningful G5 Contributor,Standout starter at the Group of 5 level; high-end depth in Power 4.,Potential Day 3 Pick,Meaningful P4 Contributor,Reliable multi-year starter at the highest level of competition.,Potential Day 2 Pick,EDGE
202101391,Jayden Gray,2021,Edge,0.8433,57.0568,52.33879089355469,54.44146062664783,54.44146062664783,Multi-Year Starter,Consistent career presence; reliable rotational player or specialist.,nan,Multi-Year Starter,Consistent career presence; reliable rotational player or specialist.,nan,Multi-Year Starter,Consistent career presence; reliable rotational player or specialist.,nan,EDGE
202101458,Quintayvious Hutchins,2021,Edge,0.8411,43.3754,50.04258346557617,49.42016230869983,49.42016230869983,Single Season Contributor,Late bloomer or one-year starter; limited career longevity.,nan,Multi-Year Starter,Consistent career presence; reliable rotational player or specialist.,nan,Single Season Contributor,Late bloomer or one-year starter; limited career longevity.,nan,EDGE
202101482,Ryheem Craig,2021,Edge,0.8396,52.2238,56.386409759521484,61.66781005945213,61.66781005945213,Multi-Year Starter,Consistent career presence; reliable rotational player or specialist.,nan,Multi-Year Starter,Consistent career presence; reliable rotational player or specialist.,nan,Meaningful G5 Contributor,Standout starter at the Group of 5 level; high-end depth in Power 4.,Potential Day 3 Pick,EDGE
202101513,Phillip Lee,2021,Edge,0.8389,66.2871,53.02305221557617,56.78950195683347,56.78950195683347,Meaningful G5 Contributor,Standout starter at the Group of 5 level; high-end depth in Power 4.,Potential Day 3 Pick,Multi-Year Starter,Consistent career presence; reliable rotational player or specialist.,nan,Multi-Year Starter,Consistent career presence; reliable rotational player or specialist.,nan,EDGE
202101584,Miles Capers,2021,Edge,0.8359,64.823,36.60895919799805,18.964670642333676,18.964670642333676,Meaningful G5 Contributor,Standout starter at the Group of 5 level; high-end depth in Power 4.,Potential Day 3 Pick,Partial Season Contributor,Rotational backup or special teams contributor; limited starts.,nan,Minimal D1 Impact,Roster filler; medical DQ; or transferred to lower levels.,nan,EDGE
202101590,Anthony Franklin,2021,Edge,0.8356,52.2045,56.341949462890625,61.55728796025462,61.55728796025462,Multi-Year Starter,Consistent career presence; reliable rotational player or specialist.,nan,Multi-Year Starter,Consistent career presence; reliable rotational player or specialist.,nan,Meaningful G5 Contributor,Standout starter at the Group of 5 level; high-end depth in Power 4.,Potential Day 3 Pick,EDGE
202102084,Tyce Westland,2021,Edge,0.817,56.7295,55.23236846923828,59.89194850305465,59.89194850305465,Multi-Year Starter,Consistent career presence; reliable rotational player or specialist.,nan,Multi-Year Starter,Consistent career presence; reliable rotational player or specialist.,nan,Multi-Year Starter,Consistent career presence; reliable rotational player or specialist.,nan,EDGE
202102159,Kris Caine,2021,Edge,0.8144,53.4245,50.863826751708984,51.4196770168437,51.4196770168437,Multi-Year Starter,Consistent career presence; reliable rotational player or specialist.,nan,Multi-Year Starter,Consistent career presence; reliable rotational player or specialist.,nan,Multi-Year Starter,Consistent career presence; reliable rotational player or specialist.,nan,EDGE
202102258,Louce Julien,2021,Edge,0.81,56.8136,52.54528045654297,55.46192819583354,55.46192819583354,Multi-Year Starter,Consistent career presence; reliable rotational player or specialist.,nan,Multi-Year Starter,Consistent career presence; reliable rotational player or specialist.,nan,Multi-Year Starter,Consistent career presence; reliable rotational player or specialist.,nan,EDGE
202102286,Joey Petersen,2021,Edge,0.8081,61.357,62.52903366088867,73.04867773459503,73.04867773459503,Meaningful G5 Contributor,Standout starter at the Group of 5 level; high-end depth in Power 4.,Potential Day 3 Pick,Meaningful G5 Contributor,Standout starter at the Group of 5 level; high-end depth in Power 4.,Potential Day 3 Pick,Meaningful P4 Contributor,Reliable multi-year starter at the highest level of competition.,Potential Day 2 Pick,EDGE
202102489,Dion Washington,2021,Edge,0.7967,56.8558,49.42792510986328,47.598236205236404,47.598236205236404,Multi-Year Starter,Consistent career presence; reliable rotational player or specialist.,nan,Single Season Contributor,Late bloomer or one-year starter; limited career longevity.,nan,Single Season Contributor,Late bloomer or one-year starter; limited career longevity.,nan,EDGE
202102544,Miles Posey,2021,Edge,0.7933,23.3048,54.851707458496094,59.41042658350963,59.41042658350963,Partial Season Contributor,Rotational backup or special teams contributor; limited starts.,nan,Multi-Year Starter,Consistent career presence; reliable rotational player or specialist.,nan,Multi-Year Starter,Consistent career presence; reliable rotational player or specialist.,nan,EDGE
202200060,Kenyatta Jackson Jr.,2022,Edge,0.9748,71.4654,60.39512634277344,68.59468899990871,68.59468899990871,Meaningful P4 Contributor,Reliable multi-year starter at the highest level of competition.,Potential Day 2 Pick,Meaningful G5 Contributor,Standout starter at the Group of 5 level; high-end depth in Power 4.,Potential Day 3 Pick,Meaningful G5 Contributor,Standout starter at the Group of 5 level; high-end depth in Power 4.,Potential Day 3 Pick,EDGE
202200063,Omari Abor,2022,Edge,0.9724,43.6124,61.34484100341797,70.69388542974417,70.69388542974417,Single Season Contributor,Late bloomer or one-year starter; limited career longevity.,nan,Meaningful G5 Contributor,Standout starter at the Group of 5 level; high-end depth in Power 4.,Potential Day 3 Pick,Meaningful P4 Contributor,Reliable multi-year starter at the highest level of competition.,Potential Day 2 Pick,EDGE
202200116,Justice Finkley,2022,Edge,0.9531,47.4974,66.41569519042969,79.47650002392517,79.47650002392517,Single Season Contributor,Late bloomer or one-year starter; limited career longevity.,nan,Meaningful G5 Contributor,Standout starter at the Group of 5 level; high-end depth in Power 4.,Potential Day 3 Pick,Meaningful P4 Contributor,Reliable multi-year starter at the highest level of competition.,Potential Day 2 Pick,EDGE
202200123,Caden Curry,2022,Edge,0.9506,81.2442,60.253456115722656,68.43935637077931,68.43935637077931,Elite Power 4,All-Conference/All-American honors.,First round NFL Draft talent,Meaningful G5 Contributor,Standout starter at the Group of 5 level; high-end depth in Power 4.,Potential Day 3 Pick,Meaningful G5 Contributor,Standout starter at the Group of 5 level; high-end depth in Power 4.,Potential Day 3 Pick,EDGE
202200163,Darris Smith,2022,Edge,0.9352,61.2046,58.364105224609375,65.82455342677775,65.82455342677775,Meaningful G5 Contributor,Standout starter at the Group of 5 level; high-end depth in Power 4.,Potential Day 3 Pick,Multi-Year Starter,Consistent career presence; reliable rotational player or specialist.,nan,Meaningful G5 Contributor,Standout starter at the Group of 5 level; high-end depth in Power 4.,Potential Day 3 Pick,EDGE
202200180,Popeye Williams,2022,Edge,0.9292,49.3907,57.87734603881836,64.68405534077206,64.68405534077206,Single Season Contributor,Late bloomer or one-year starter; limited career longevity.,nan,Multi-Year Starter,Consistent career presence; reliable rotational player or specialist.,nan,Meaningful G5 Contributor,Standout starter at the Group of 5 level; high-end depth in Power 4.,Potential Day 3 Pick,EDGE
202200352,CJ Madden,2022,Edge,0.8973,52.1468,61.36617660522461,70.73667107723782,70.73667107723782,Multi-Year Starter,Consistent career presence; reliable rotational player or specialist.,nan,Meaningful G5 Contributor,Standout starter at the Group of 5 level; high-end depth in Power 4.,Potential Day 3 Pick,Meaningful P4 Contributor,Reliable multi-year starter at the highest level of competition.,Potential Day 2 Pick,EDGE
202200379,Ethan Burke,2022,Edge,0.8938,63.1245,52.400184631347656,54.65575642680535,54.65575642680535,Meaningful G5 Contributor,Standout starter at the Group of 5 level; high-end depth in Power 4.,Potential Day 3 Pick,Multi-Year Starter,Consistent career presence; reliable rotational player or specialist.,nan,Multi-Year Starter,Consistent career presence; reliable rotational player or specialist.,nan,EDGE
202200436,Jack Pyburn,2022,Edge,0.8889,62.6516,53.456390380859375,57.3964289561736,57.3964289561736,Meaningful G5 Contributor,Standout starter at the Group of 5 level; high-end depth in Power 4.,Potential Day 3 Pick,Multi-Year Starter,Consistent career presence; reliable rotational player or specialist.,nan,Multi-Year Starter,Consistent career presence; reliable rotational player or specialist.,nan,EDGE
202200439,Bryson Jennings,2022,Edge,0.8889,52.6867,51.246490478515625,52.24008952709347,52.24008952709347,Multi-Year Starter,Consistent career presence; reliable rotational player or specialist.,nan,Multi-Year Starter,Consistent career presence; reliable rotational player or specialist.,nan,Multi-Year Starter,Consistent career presence; reliable rotational player or specialist.,nan,EDGE
202200504,Darren Agu,2022,Edge,0.8837,39.139,61.01854705810547,70.07823548991617,70.07823548991617,Partial Season Contributor,Rotational backup or special teams contributor; limited starts.,nan,Meaningful G5 Contributor,Standout starter at the Group of 5 level; high-end depth in Power 4.,Potential Day 3 Pick,Meaningful P4 Contributor,Reliable multi-year starter at the highest level of competition.,Potential Day 2 Pick,EDGE
202200673,Lance Holtzclaw,2022,Edge,0.8748,47.3997,58.70146179199219,66.42831554315006,66.42831554315006,Single Season Contributor,Late bloomer or one-year starter; limited career longevity.,nan,Multi-Year Starter,Consistent career presence; reliable rotational player or specialist.,nan,Meaningful G5 Contributor,Standout starter at the Group of 5 level; high-end depth in Power 4.,Potential Day 3 Pick,EDGE
202200769,Ikenna Ezeogu,2022,Edge,0.8704,59.6244,56.10163879394531,61.015009844052244,61.015009844052244,Multi-Year Starter,Consistent career presence; reliable rotational player or specialist.,nan,Multi-Year Starter,Consistent career presence; reliable rotational player or specialist.,nan,Meaningful G5 Contributor,Standout starter at the Group of 5 level; high-end depth in Power 4.,Potential Day 3 Pick,EDGE
202200801,Isaiah Ward,2022,Edge,0.8685,64.9181,50.905731201171875,51.526946905537294,51.526946905537294,Meaningful G5 Contributor,Standout starter at the Group of 5 level; high-end depth in Power 4.,Potential Day 3 Pick,Multi-Year Starter,Consistent career presence; reliable rotational player or specialist.,nan,Multi-Year Starter,Consistent career presence; reliable rotational player or specialist.,nan,EDGE
202200837,Donovan Rieman,2022,Edge,0.867,48.4679,59.520503997802734,67.83639404366761,67.83639404366761,Single Season Contributor,Late bloomer or one-year starter; limited career longevity.,nan,Multi-Year Starter,Consistent career presence; reliable rotational player or specialist.,nan,Meaningful G5 Contributor,Standout starter at the Group of 5 level; high-end depth in Power 4.,Potential Day 3 Pick,EDGE
202200903,Russell Davis II,2022,Edge,0.8641,62.7893,59.809818267822266,68.13162121461501,68.13162121461501,Meaningful G5 Contributor,Standout starter at the Group of 5 level; high-end depth in Power 4.,Potential Day 3 Pick,Multi-Year Starter,Consistent career presence; reliable rotational player or specialist.,nan,Meaningful G5 Contributor,Standout starter at the Group of 5 level; high-end depth in Power 4.,Potential Day 3 Pick,EDGE
202200908,Cam Robertson,2022,Edge,0.8641,65.7362,53.81829071044922,58.002779992640924,58.002779992640924,Meaningful G5 Contributor,Standout starter at the Group of 5 level; high-end depth in Power 4.,Potential Day 3 Pick,Multi-Year Starter,Consistent career presence; reliable rotational player or specialist.,nan,Multi-Year Starter,Consistent career presence; reliable rotational player or specialist.,nan,EDGE
202200986,Keyron Crawford,2022,Edge,0.8607,67.8189,47.09860610961914,40.390561473182856,40.390561473182856,Meaningful G5 Contributor,Standout starter at the Group of 5 level; high-end depth in Power 4.,Potential Day 3 Pick,Single Season Contributor,Late bloomer or one-year starter; limited career longevity.,nan,Single Season Contributor,Late bloomer or one-year starter; limited career longevity.,nan,EDGE
202201005,Bryan Thomas Jr.,2022,Edge,0.86,73.9533,60.755882263183594,69.60379410971522,69.60379410971522,Meaningful P4 Contributor,Reliable multi-year starter at the highest level of competition.,Potential Day 2 Pick,Meaningful G5 Contributor,Standout starter at the Group of 5 level; high-end depth in Power 4.,Potential Day 3 Pick,Meaningful G5 Contributor,Standout starter at the Group of 5 level; high-end depth in Power 4.,Potential Day 3 Pick,EDGE
202201141,Chase Kennedy,2022,Edge,0.8544,51.4752,52.58723068237305,55.603516547731736,55.603516547731736,Multi-Year Starter,Consistent career presence; reliable rotational player or specialist.,nan,Multi-Year Starter,Consistent career presence; reliable rotational player or specialist.,nan,Multi-Year Starter,Consistent career presence; reliable rotational player or specialist.,nan,EDGE
202201254,Gabe Jacas,2022,Edge,0.85,74.8831,62.44826889038086,72.75898644330198,72.75898644330198,Meaningful P4 Contributor,Reliable multi-year starter at the highest level of competition.,Potential Day 2 Pick,Meaningful G5 Contributor,Standout starter at the Group of 5 level; high-end depth in Power 4.,Potential Day 3 Pick,Meaningful P4 Contributor,Reliable multi-year starter at the highest level of competition.,Potential Day 2 Pick,EDGE
202201514,Ike Nnakenyi,2022,Edge,0.8393,40.902,50.406185150146484,50.057831336385036,50.057831336385036,Single Season Contributor,Late bloomer or one-year starter; limited career longevity.,nan,Multi-Year Starter,Consistent career presence; reliable rotational player or specialist.,nan,Multi-Year Starter,Consistent career presence; reliable rotational player or specialist.,nan,EDGE
202201885,Jaden Robinson,2022,Edge,0.8206,38.3484,43.592041015625,30.750555862874126,30.750555862874126,Partial Season Contributor,Rotational backup or special teams contributor; limited starts.,nan,Single Season Contributor,Late bloomer or one-year starter; limited career longevity.,nan,Partial Season Contributor,Rotational backup or special teams contributor; limited starts.,nan,EDGE
202201891,Paul Fitzgerald,2022,Edge,0.8204,62.4065,51.993656158447266,53.801345355250774,53.801345355250774,Meaningful G5 Contributor,Standout starter at the Group of 5 level; high-end depth in Power 4.,Potential Day 3 Pick,Multi-Year Starter,Consistent career presence; reliable rotational player or specialist.,nan,Multi-Year Starter,Consistent career presence; reliable rotational player or specialist.,nan,EDGE
202202075,Jaylon White-McClain,2022,Edge,0.8052,58.8188,43.17937088012695,29.625672008732565,29.625672008732565,Multi-Year Starter,Consistent career presence; reliable rotational player or specialist.,nan,Single Season Contributor,Late bloomer or one-year starter; limited career longevity.,nan,Partial Season Contributor,Rotational backup or special teams contributor; limited starts.,nan,EDGE
202202142,Nathan Voorhis,2022,Edge,0.7944,65.9059,67.06468963623047,79.9861109851045,79.9861109851045,Meaningful G5 Contributor,Standout starter at the Group of 5 level; high-end depth in Power 4.,Potential Day 3 Pick,Meaningful G5 Contributor,Standout starter at the Group of 5 level; high-end depth in Power 4.,Potential Day 3 Pick,Meaningful P4 Contributor,Reliable multi-year starter at the highest level of competition.,Potential Day 2 Pick,EDGE
