player_id,name,year,position,rating,y_true_score,y_pred_score_oof_raw,y_pred_score_oof_calibrated,y_pred_score_oof,y_true_tier,y_true_tier_college_outlook,y_true_tier_professional_outlook,y_pred_tier_raw,y_pred_tier_raw_college_outlook,y_pred_tier_raw_professional_outlook,y_pred_tier,y_pred_tier_college_outlook,y_pred_tier_professional_outlook,position_group
201500010,Malik Jefferson,2015,OLB,0.9934,78.458,78.48575592041016,90.15160112920074,90.15160112920074,Meaningful P4 Contributor,Reliable multi-year starter at the highest level of competition.,Potential Day 2 Pick,Meaningful P4 Contributor,Reliable multi-year starter at the highest level of competition.,Potential Day 2 Pick,Elite Power 4,All-Conference/All-American honors.,First round NFL Draft talent,LB
201500033,Osa Masina,2015,OLB,0.9858,47.4024,65.22537231445312,76.91061200710378,76.91061200710378,Single Season Contributor,Late bloomer or one-year starter; limited career longevity.,nan,Meaningful G5 Contributor,Standout starter at the Group of 5 level; high-end depth in Power 4.,Potential Day 3 Pick,Meaningful P4 Contributor,Reliable multi-year starter at the highest level of competition.,Potential Day 2 Pick,LB
201500035,Justin Hilliard,2015,OLB,0.9851,63.9058,71.81952667236328,85.68420902109165,85.68420902109165,Meaningful G5 Contributor,Standout starter at the Group of 5 level; high-end depth in Power 4.,Potential Day 3 Pick,Meaningful P4 Contributor,Reliable multi-year starter at the highest level of competition.,Potential Day 2 Pick,Elite Power 4,All-Conference/All-American honors.,First round NFL Draft talent,LB
201500041,Porter Gustin,2015,OLB,0.9827,77.6314,50.76429748535156,47.15946074989825,47.15946074989825,Meaningful P4 Contributor,Reliable multi-year starter at the highest level of competition.,Potential Day 2 Pick,Multi-Year Starter,Consistent career presence; reliable rotational player or specialist.,nan,Single Season Contributor,Late bloomer or one-year starter; limited career longevity.,nan,LB
201500048,Roquan Smith,2015,OLB,0.9769,89.663,74.31001281738281,87.35321525169421,87.35321525169421,Elite Power 4,All-Conference/All-American honors.,First round NFL Draft talent,Meaningful P4 Contributor,Reliable multi-year starter at the highest level of competition.,Potential Day 2 Pick,Elite Power 4,All-Conference/All-American honors.,First round NFL Draft talent,LB
201500049,John Houston Jr.,2015,OLB,0.9768,69.0497,67.06204986572266,79.47068924103228,79.47068924103228,Meaningful G5 Contributor,Standout starter at the Group of 5 level; high-end depth in Power 4.,Potential Day 3 Pick,Meaningful G5 Contributor,Standout starter at the Group of 5 level; high-end depth in Power 4.,Potential Day 3 Pick,Meaningful P4 Contributor,Reliable multi-year starter at the highest level of competition.,Potential Day 2 Pick,LB
201500064,Leo Lewis,2015,ILB,0.9684,64.044,61.82279968261719,68.32265576730276,68.32265576730276,Meaningful G5 Contributor,Standout starter at the Group of 5 level; high-end depth in Power 4.,Potential Day 3 Pick,Meaningful G5 Contributor,Standout starter at the Group of 5 level; high-end depth in Power 4.,Potential Day 3 Pick,Meaningful G5 Contributor,Standout starter at the Group of 5 level; high-end depth in Power 4.,Potential Day 3 Pick,LB
201500077,Anthony Wheeler,2015,OLB,0.9624,70.9697,61.850067138671875,68.39246210258547,68.39246210258547,Meaningful P4 Contributor,Reliable multi-year starter at the highest level of competition.,Potential Day 2 Pick,Meaningful G5 Contributor,Standout starter at the Group of 5 level; high-end depth in Power 4.,Potential Day 3 Pick,Meaningful G5 Contributor,Standout starter at the Group of 5 level; high-end depth in Power 4.,Potential Day 3 Pick,LB
201500086,Ricky DeBerry,2015,ILB,0.9597,35.0839,62.01700210571289,68.91676373409597,68.91676373409597,Partial Season Contributor,Rotational backup or special teams contributor; limited starts.,nan,Meaningful G5 Contributor,Standout starter at the Group of 5 level; high-end depth in Power 4.,Potential Day 3 Pick,Meaningful G5 Contributor,Standout starter at the Group of 5 level; high-end depth in Power 4.,Potential Day 3 Pick,LB
201500122,Jeff Holland,2015,OLB,0.945,71.0876,58.78988265991211,63.03070136010748,63.03070136010748,Meaningful P4 Contributor,Reliable multi-year starter at the highest level of competition.,Potential Day 2 Pick,Multi-Year Starter,Consistent career presence; reliable rotational player or specialist.,nan,Meaningful G5 Contributor,Standout starter at the Group of 5 level; high-end depth in Power 4.,Potential Day 3 Pick,LB
201500141,Josh Smith,2015,ILB,0.9378,62.2358,56.48579406738281,59.57248053274104,59.57248053274104,Meaningful G5 Contributor,Standout starter at the Group of 5 level; high-end depth in Power 4.,Potential Day 3 Pick,Multi-Year Starter,Consistent career presence; reliable rotational player or specialist.,nan,Multi-Year Starter,Consistent career presence; reliable rotational player or specialist.,nan,LB
201500149,Jahvoni Simmons,2015,ILB,0.9337,32.1373,56.96144104003906,60.56397618832969,60.56397618832969,Partial Season Contributor,Rotational backup or special teams contributor; limited starts.,nan,Multi-Year Starter,Consistent career presence; reliable rotational player or specialist.,nan,Meaningful G5 Contributor,Standout starter at the Group of 5 level; high-end depth in Power 4.,Potential Day 3 Pick,LB
201500160,Darrin Kirkland Jr.,2015,ILB,0.9306,69.2084,60.95188522338867,66.36138787306732,66.36138787306732,Meaningful G5 Contributor,Standout starter at the Group of 5 level; high-end depth in Power 4.,Potential Day 3 Pick,Meaningful G5 Contributor,Standout starter at the Group of 5 level; high-end depth in Power 4.,Potential Day 3 Pick,Meaningful G5 Contributor,Standout starter at the Group of 5 level; high-end depth in Power 4.,Potential Day 3 Pick,LB
201500162,Ben Humphreys,2015,OLB,0.9301,73.1452,62.246498107910156,69.74378847801458,69.74378847801458,Meaningful P4 Contributor,Reliable multi-year starter at the highest level of competition.,Potential Day 2 Pick,Meaningful G5 Contributor,Standout starter at the Group of 5 level; high-end depth in Power 4.,Potential Day 3 Pick,Meaningful G5 Contributor,Standout starter at the Group of 5 level; high-end depth in Power 4.,Potential Day 3 Pick,LB
201500174,Adonis Thomas,2015,OLB,0.9251,55.0846,55.24730682373047,57.70697173503408,57.70697173503408,Multi-Year Starter,Consistent career presence; reliable rotational player or specialist.,nan,Multi-Year Starter,Consistent career presence; reliable rotational player or specialist.,nan,Multi-Year Starter,Consistent career presence; reliable rotational player or specialist.,nan,LB
201500182,Asmar Bilal,2015,ILB,0.9231,64.2642,67.83523559570312,81.0893243082697,81.0893243082697,Meaningful G5 Contributor,Standout starter at the Group of 5 level; high-end depth in Power 4.,Potential Day 3 Pick,Meaningful G5 Contributor,Standout starter at the Group of 5 level; high-end depth in Power 4.,Potential Day 3 Pick,Elite Power 4,All-Conference/All-American honors.,First round NFL Draft talent,LB
201500202,Richard McBryde,2015,OLB,0.9194,61.4968,59.39118194580078,63.75812291097124,63.75812291097124,Meaningful G5 Contributor,Standout starter at the Group of 5 level; high-end depth in Power 4.,Potential Day 3 Pick,Multi-Year Starter,Consistent career presence; reliable rotational player or specialist.,nan,Meaningful G5 Contributor,Standout starter at the Group of 5 level; high-end depth in Power 4.,Potential Day 3 Pick,LB
201500213,Nick Conner,2015,ILB,0.9147,31.7756,56.94559097290039,60.52303698111746,60.52303698111746,Partial Season Contributor,Rotational backup or special teams contributor; limited starts.,nan,Multi-Year Starter,Consistent career presence; reliable rotational player or specialist.,nan,Meaningful G5 Contributor,Standout starter at the Group of 5 level; high-end depth in Power 4.,Potential Day 3 Pick,LB
201500229,Josh Woods,2015,ILB,0.9116,64.748,62.39904022216797,70.13708616343148,70.13708616343148,Meaningful G5 Contributor,Standout starter at the Group of 5 level; high-end depth in Power 4.,Potential Day 3 Pick,Meaningful G5 Contributor,Standout starter at the Group of 5 level; high-end depth in Power 4.,Potential Day 3 Pick,Meaningful P4 Contributor,Reliable multi-year starter at the highest level of competition.,Potential Day 2 Pick,LB
201500234,Quart'e Sapp,2015,OLB,0.911,56.3336,62.95287322998047,71.91508779580948,71.91508779580948,Multi-Year Starter,Consistent career presence; reliable rotational player or specialist.,nan,Meaningful G5 Contributor,Standout starter at the Group of 5 level; high-end depth in Power 4.,Potential Day 3 Pick,Meaningful P4 Contributor,Reliable multi-year starter at the highest level of competition.,Potential Day 2 Pick,LB
201500235,Chad Smith,2015,OLB,0.9104,64.9278,56.54643630981445,59.69596662203907,59.69596662203907,Meaningful G5 Contributor,Standout starter at the Group of 5 level; high-end depth in Power 4.,Potential Day 3 Pick,Multi-Year Starter,Consistent career presence; reliable rotational player or specialist.,nan,Multi-Year Starter,Consistent career presence; reliable rotational player or specialist.,nan,LB
201500245,Joshua McMillon,2015,OLB,0.9084,54.1671,57.50466537475586,61.333504192859834,61.333504192859834,Multi-Year Starter,Consistent career presence; reliable rotational player or specialist.,nan,Multi-Year Starter,Consistent career presence; reliable rotational player or specialist.,nan,Meaningful G5 Contributor,Standout starter at the Group of 5 level; high-end depth in Power 4.,Potential Day 3 Pick,LB
201500249,Kyahva Tezino,2015,OLB,0.908,73.5381,61.773494720458984,68.19643208466019,68.19643208466019,Meaningful P4 Contributor,Reliable multi-year starter at the highest level of competition.,Potential Day 2 Pick,Meaningful G5 Contributor,Standout starter at the Group of 5 level; high-end depth in Power 4.,Potential Day 3 Pick,Meaningful G5 Contributor,Standout starter at the Group of 5 level; high-end depth in Power 4.,Potential Day 3 Pick,LB
201500251,Cameron Townsend,2015,OLB,0.9076,50.2801,60.74317932128906,65.89867495521757,65.89867495521757,Multi-Year Starter,Consistent career presence; reliable rotational player or specialist.,nan,Meaningful G5 Contributor,Standout starter at the Group of 5 level; high-end depth in Power 4.,Potential Day 3 Pick,Meaningful G5 Contributor,Standout starter at the Group of 5 level; high-end depth in Power 4.,Potential Day 3 Pick,LB
201500256,Manny Bowen,2015,OLB,0.9069,60.2588,67.34751892089844,80.0870829340308,80.0870829340308,Meaningful G5 Contributor,Standout starter at the Group of 5 level; high-end depth in Power 4.,Potential Day 3 Pick,Meaningful G5 Contributor,Standout starter at the Group of 5 level; high-end depth in Power 4.,Potential Day 3 Pick,Elite Power 4,All-Conference/All-American honors.,First round NFL Draft talent,LB
201500270,Eli Brown,2015,OLB,0.9047,59.6302,49.00806427001953,41.01017071279417,41.01017071279417,Multi-Year Starter,Consistent career presence; reliable rotational player or specialist.,nan,Single Season Contributor,Late bloomer or one-year starter; limited career longevity.,nan,Single Season Contributor,Late bloomer or one-year starter; limited career longevity.,nan,LB
201500273,Montavious Atkinson,2015,ILB,0.904,61.7308,55.69282531738281,58.37183125261976,58.37183125261976,Meaningful G5 Contributor,Standout starter at the Group of 5 level; high-end depth in Power 4.,Potential Day 3 Pick,Multi-Year Starter,Consistent career presence; reliable rotational player or specialist.,nan,Multi-Year Starter,Consistent career presence; reliable rotational player or specialist.,nan,LB
201500285,Sh'mar Kilby-Lane,2015,OLB,0.9023,43.1926,61.99805450439453,68.84020041883079,68.84020041883079,Single Season Contributor,Late bloomer or one-year starter; limited career longevity.,nan,Meaningful G5 Contributor,Standout starter at the Group of 5 level; high-end depth in Power 4.,Potential Day 3 Pick,Meaningful G5 Contributor,Standout starter at the Group of 5 level; high-end depth in Power 4.,Potential Day 3 Pick,LB
201500292,Khaylan Kearse-Thomas,2015,OLB,0.9009,58.494,61.50129318237305,67.48944483012338,67.48944483012338,Multi-Year Starter,Consistent career presence; reliable rotational player or specialist.,nan,Meaningful G5 Contributor,Standout starter at the Group of 5 level; high-end depth in Power 4.,Potential Day 3 Pick,Meaningful G5 Contributor,Standout starter at the Group of 5 level; high-end depth in Power 4.,Potential Day 3 Pick,LB
201500304,Te'von Coney,2015,ILB,0.8995,81.7588,55.71785354614258,58.396367141398215,58.396367141398215,Elite Power 4,All-Conference/All-American honors.,First round NFL Draft talent,Multi-Year Starter,Consistent career presence; reliable rotational player or specialist.,nan,Multi-Year Starter,Consistent career presence; reliable rotational player or specialist.,nan,LB
201500310,Sherrod Pittman,2015,OLB,0.8987,24.4795,63.82758331298828,73.70135924886642,73.70135924886642,Partial Season Contributor,Rotational backup or special teams contributor; limited starts.,nan,Meaningful G5 Contributor,Standout starter at the Group of 5 level; high-end depth in Power 4.,Potential Day 3 Pick,Meaningful P4 Contributor,Reliable multi-year starter at the highest level of competition.,Potential Day 2 Pick,LB
201500358,Anthony McKee,2015,OLB,0.8894,41.3474,54.52607345581055,56.32423067880421,56.32423067880421,Single Season Contributor,Late bloomer or one-year starter; limited career longevity.,nan,Multi-Year Starter,Consistent career presence; reliable rotational player or specialist.,nan,Multi-Year Starter,Consistent career presence; reliable rotational player or specialist.,nan,LB
201500361,Tyriq Thompson,2015,OLB,0.8892,63.7109,58.09349822998047,62.16879302368552,62.16879302368552,Meaningful G5 Contributor,Standout starter at the Group of 5 level; high-end depth in Power 4.,Potential Day 3 Pick,Multi-Year Starter,Consistent career presence; reliable rotational player or specialist.,nan,Meaningful G5 Contributor,Standout starter at the Group of 5 level; high-end depth in Power 4.,Potential Day 3 Pick,LB
201500369,Tim Washington,2015,OLB,0.8872,61.3031,50.69385528564453,46.90995205695388,46.90995205695388,Meaningful G5 Contributor,Standout starter at the Group of 5 level; high-end depth in Power 4.,Potential Day 3 Pick,Multi-Year Starter,Consistent career presence; reliable rotational player or specialist.,nan,Single Season Contributor,Late bloomer or one-year starter; limited career longevity.,nan,LB
201500376,Richard Moore,2015,OLB,0.8863,69.3049,53.09074020385742,53.333545633749445,53.333545633749445,Meaningful G5 Contributor,Standout starter at the Group of 5 level; high-end depth in Power 4.,Potential Day 3 Pick,Multi-Year Starter,Consistent career presence; reliable rotational player or specialist.,nan,Multi-Year Starter,Consistent career presence; reliable rotational player or specialist.,nan,LB
201500377,Elijah Sullivan,2015,OLB,0.8861,62.1923,57.71483612060547,61.59408155305734,61.59408155305734,Meaningful G5 Contributor,Standout starter at the Group of 5 level; high-end depth in Power 4.,Potential Day 3 Pick,Multi-Year Starter,Consistent career presence; reliable rotational player or specialist.,nan,Meaningful G5 Contributor,Standout starter at the Group of 5 level; high-end depth in Power 4.,Potential Day 3 Pick,LB
201500436,Tremaine Edmunds,2015,OLB,0.8789,73.4313,56.23409652709961,59.18650320682854,59.18650320682854,Meaningful P4 Contributor,Reliable multi-year starter at the highest level of competition.,Potential Day 2 Pick,Multi-Year Starter,Consistent career presence; reliable rotational player or specialist.,nan,Multi-Year Starter,Consistent career presence; reliable rotational player or specialist.,nan,LB
201500458,Amonte Caban,2015,ILB,0.8769,52.98,52.35896301269531,51.824060659333554,51.824060659333554,Multi-Year Starter,Consistent career presence; reliable rotational player or specialist.,nan,Multi-Year Starter,Consistent career presence; reliable rotational player or specialist.,nan,Multi-Year Starter,Consistent career presence; reliable rotational player or specialist.,nan,LB
201500507,DJ Beavers,2015,OLB,0.8725,52.7417,57.95553207397461,61.92784420797908,61.92784420797908,Multi-Year Starter,Consistent career presence; reliable rotational player or specialist.,nan,Multi-Year Starter,Consistent career presence; reliable rotational player or specialist.,nan,Meaningful G5 Contributor,Standout starter at the Group of 5 level; high-end depth in Power 4.,Potential Day 3 Pick,LB
201500515,CJ Stalker,2015,ILB,0.8717,51.6595,54.658203125,56.6466418990472,56.6466418990472,Multi-Year Starter,Consistent career presence; reliable rotational player or specialist.,nan,Multi-Year Starter,Consistent career presence; reliable rotational player or specialist.,nan,Multi-Year Starter,Consistent career presence; reliable rotational player or specialist.,nan,LB
201500517,Jake Cooper,2015,ILB,0.8714,58.6283,58.00218963623047,62.0123519007166,62.0123519007166,Multi-Year Starter,Consistent career presence; reliable rotational player or specialist.,nan,Multi-Year Starter,Consistent career presence; reliable rotational player or specialist.,nan,Meaningful G5 Contributor,Standout starter at the Group of 5 level; high-end depth in Power 4.,Potential Day 3 Pick,LB
201500520,Andre Smith,2015,ILB,0.8711,55.2281,58.826255798339844,63.06095037345828,63.06095037345828,Multi-Year Starter,Consistent career presence; reliable rotational player or specialist.,nan,Multi-Year Starter,Consistent career presence; reliable rotational player or specialist.,nan,Meaningful G5 Contributor,Standout starter at the Group of 5 level; high-end depth in Power 4.,Potential Day 3 Pick,LB
201500553,Landis Durham,2015,OLB,0.8686,33.4147,58.231563568115234,62.368318709640555,62.368318709640555,Partial Season Contributor,Rotational backup or special teams contributor; limited starts.,nan,Multi-Year Starter,Consistent career presence; reliable rotational player or specialist.,nan,Meaningful G5 Contributor,Standout starter at the Group of 5 level; high-end depth in Power 4.,Potential Day 3 Pick,LB
201500557,Victor Alexander,2015,ILB,0.8681,63.0872,67.472412109375,80.35675620431934,80.35675620431934,Meaningful G5 Contributor,Standout starter at the Group of 5 level; high-end depth in Power 4.,Potential Day 3 Pick,Meaningful G5 Contributor,Standout starter at the Group of 5 level; high-end depth in Power 4.,Potential Day 3 Pick,Elite Power 4,All-Conference/All-American honors.,First round NFL Draft talent,LB
201500576,Daniel Fennell,2015,ILB,0.8669,46.1884,53.926815032958984,55.218992761736686,55.218992761736686,Single Season Contributor,Late bloomer or one-year starter; limited career longevity.,nan,Multi-Year Starter,Consistent career presence; reliable rotational player or specialist.,nan,Multi-Year Starter,Consistent career presence; reliable rotational player or specialist.,nan,LB
201500591,Keaton Anderson,2015,OLB,0.8661,46.6742,53.24928665161133,53.80654433644504,53.80654433644504,Single Season Contributor,Late bloomer or one-year starter; limited career longevity.,nan,Multi-Year Starter,Consistent career presence; reliable rotational player or specialist.,nan,Multi-Year Starter,Consistent career presence; reliable rotational player or specialist.,nan,LB
201500595,Austin Smith,2015,OLB,0.8661,49.4347,56.79937744140625,60.165209176675226,60.165209176675226,Single Season Contributor,Late bloomer or one-year starter; limited career longevity.,nan,Multi-Year Starter,Consistent career presence; reliable rotational player or specialist.,nan,Meaningful G5 Contributor,Standout starter at the Group of 5 level; high-end depth in Power 4.,Potential Day 3 Pick,LB
201500620,Tyler Cooksey,2015,ILB,0.8644,42.3646,55.98881530761719,58.7932691681668,58.7932691681668,Single Season Contributor,Late bloomer or one-year starter; limited career longevity.,nan,Multi-Year Starter,Consistent career presence; reliable rotational player or specialist.,nan,Multi-Year Starter,Consistent career presence; reliable rotational player or specialist.,nan,LB
201500627,Malik Lawal,2015,OLB,0.8639,62.1058,56.98371887207031,60.6215176973837,60.6215176973837,Meaningful G5 Contributor,Standout starter at the Group of 5 level; high-end depth in Power 4.,Potential Day 3 Pick,Multi-Year Starter,Consistent career presence; reliable rotational player or specialist.,nan,Meaningful G5 Contributor,Standout starter at the Group of 5 level; high-end depth in Power 4.,Potential Day 3 Pick,LB
201500630,Terez Hall,2015,OLB,0.8637,62.7586,56.814579010009766,60.19943889540642,60.19943889540642,Meaningful G5 Contributor,Standout starter at the Group of 5 level; high-end depth in Power 4.,Potential Day 3 Pick,Multi-Year Starter,Consistent career presence; reliable rotational player or specialist.,nan,Meaningful G5 Contributor,Standout starter at the Group of 5 level; high-end depth in Power 4.,Potential Day 3 Pick,LB
201500658,Jordan Fox,2015,OLB,0.8622,62.0972,57.77200698852539,61.65988405492681,61.65988405492681,Meaningful G5 Contributor,Standout starter at the Group of 5 level; high-end depth in Power 4.,Potential Day 3 Pick,Multi-Year Starter,Consistent career presence; reliable rotational player or specialist.,nan,Meaningful G5 Contributor,Standout starter at the Group of 5 level; high-end depth in Power 4.,Potential Day 3 Pick,LB
201500677,Nathan Fox,2015,ILB,0.8614,56.2303,55.142696380615234,57.498920873392784,57.498920873392784,Multi-Year Starter,Consistent career presence; reliable rotational player or specialist.,nan,Multi-Year Starter,Consistent career presence; reliable rotational player or specialist.,nan,Multi-Year Starter,Consistent career presence; reliable rotational player or specialist.,nan,LB
201500707,Dominic Sheppard,2015,OLB,0.8603,25.9129,61.964839935302734,68.70598725474507,68.70598725474507,Partial Season Contributor,Rotational backup or special teams contributor; limited starts.,nan,Meaningful G5 Contributor,Standout starter at the Group of 5 level; high-end depth in Power 4.,Potential Day 3 Pick,Meaningful G5 Contributor,Standout starter at the Group of 5 level; high-end depth in Power 4.,Potential Day 3 Pick,LB
201500710,Juwan Taylor,2015,ILB,0.8603,63.3013,55.18933868408203,57.576170969778104,57.576170969778104,Meaningful G5 Contributor,Standout starter at the Group of 5 level; high-end depth in Power 4.,Potential Day 3 Pick,Multi-Year Starter,Consistent career presence; reliable rotational player or specialist.,nan,Multi-Year Starter,Consistent career presence; reliable rotational player or specialist.,nan,LB
201500727,Ben Burr-Kirven,2015,ILB,0.8597,78.083,60.61530303955078,65.61049775653754,65.61049775653754,Meaningful P4 Contributor,Reliable multi-year starter at the highest level of competition.,Potential Day 2 Pick,Meaningful G5 Contributor,Standout starter at the Group of 5 level; high-end depth in Power 4.,Potential Day 3 Pick,Meaningful G5 Contributor,Standout starter at the Group of 5 level; high-end depth in Power 4.,Potential Day 3 Pick,LB
201500733,Alec Dunham,2015,OLB,0.8594,62.7857,56.16366958618164,59.06590728887993,59.06590728887993,Meaningful G5 Contributor,Standout starter at the Group of 5 level; high-end depth in Power 4.,Potential Day 3 Pick,Multi-Year Starter,Consistent career presence; reliable rotational player or specialist.,nan,Multi-Year Starter,Consistent career presence; reliable rotational player or specialist.,nan,LB
201500755,Saleem Brightwell,2015,OLB,0.8581,62.2445,56.933204650878906,60.491044296203356,60.491044296203356,Meaningful G5 Contributor,Standout starter at the Group of 5 level; high-end depth in Power 4.,Potential Day 3 Pick,Multi-Year Starter,Consistent career presence; reliable rotational player or specialist.,nan,Meaningful G5 Contributor,Standout starter at the Group of 5 level; high-end depth in Power 4.,Potential Day 3 Pick,LB
201500758,Nu'umotu Falo,2015,OLB,0.8581,52.7119,56.85580062866211,60.299840303458346,60.299840303458346,Multi-Year Starter,Consistent career presence; reliable rotational player or specialist.,nan,Multi-Year Starter,Consistent career presence; reliable rotational player or specialist.,nan,Meaningful G5 Contributor,Standout starter at the Group of 5 level; high-end depth in Power 4.,Potential Day 3 Pick,LB
201500768,David Long,2015,ILB,0.8578,81.5686,58.3693733215332,62.56132270731136,62.56132270731136,Elite Power 4,All-Conference/All-American honors.,First round NFL Draft talent,Multi-Year Starter,Consistent career presence; reliable rotational player or specialist.,nan,Meaningful G5 Contributor,Standout starter at the Group of 5 level; high-end depth in Power 4.,Potential Day 3 Pick,LB
201500774,Dare Odeyingbo,2015,ILB,0.8572,40.1535,62.39214324951172,70.11605017791022,70.11605017791022,Single Season Contributor,Late bloomer or one-year starter; limited career longevity.,nan,Meaningful G5 Contributor,Standout starter at the Group of 5 level; high-end depth in Power 4.,Potential Day 3 Pick,Meaningful P4 Contributor,Reliable multi-year starter at the highest level of competition.,Potential Day 2 Pick,LB
201500802,Brant Mitchell,2015,ILB,0.8564,62.6776,56.63082504272461,59.82796251638094,59.82796251638094,Meaningful G5 Contributor,Standout starter at the Group of 5 level; high-end depth in Power 4.,Potential Day 3 Pick,Multi-Year Starter,Consistent career presence; reliable rotational player or specialist.,nan,Multi-Year Starter,Consistent career presence; reliable rotational player or specialist.,nan,LB
201500804,Jordan Griffin,2015,ILB,0.8564,63.2545,55.37900161743164,57.93830120441906,57.93830120441906,Meaningful G5 Contributor,Standout starter at the Group of 5 level; high-end depth in Power 4.,Potential Day 3 Pick,Multi-Year Starter,Consistent career presence; reliable rotational player or specialist.,nan,Multi-Year Starter,Consistent career presence; reliable rotational player or specialist.,nan,LB
201500841,Cody Barton,2015,OLB,0.8547,67.7148,51.60316467285156,49.85739555342597,49.85739555342597,Meaningful G5 Contributor,Standout starter at the Group of 5 level; high-end depth in Power 4.,Potential Day 3 Pick,Multi-Year Starter,Consistent career presence; reliable rotational player or specialist.,nan,Single Season Contributor,Late bloomer or one-year starter; limited career longevity.,nan,LB
201500880,Tommy Vitale,2015,OLB,0.8531,30.5323,57.8465576171875,61.76249117299251,61.76249117299251,Partial Season Contributor,Rotational backup or special teams contributor; limited starts.,nan,Multi-Year Starter,Consistent career presence; reliable rotational player or specialist.,nan,Meaningful G5 Contributor,Standout starter at the Group of 5 level; high-end depth in Power 4.,Potential Day 3 Pick,LB
201500920,Matthew Draper,2015,OLB,0.8514,32.5892,49.72734832763672,43.87502967117331,43.87502967117331,Partial Season Contributor,Rotational backup or special teams contributor; limited starts.,nan,Single Season Contributor,Late bloomer or one-year starter; limited career longevity.,nan,Single Season Contributor,Late bloomer or one-year starter; limited career longevity.,nan,LB
201500925,Joe Giles-Harris,2015,OLB,0.8511,79.8115,54.595130920410156,56.49273864196669,56.49273864196669,Meaningful P4 Contributor,Reliable multi-year starter at the highest level of competition.,Potential Day 2 Pick,Multi-Year Starter,Consistent career presence; reliable rotational player or specialist.,nan,Multi-Year Starter,Consistent career presence; reliable rotational player or specialist.,nan,LB
201500940,Mustafa Branch,2015,ILB,0.8506,62.5971,59.40327072143555,63.77037287790883,63.77037287790883,Meaningful G5 Contributor,Standout starter at the Group of 5 level; high-end depth in Power 4.,Potential Day 3 Pick,Multi-Year Starter,Consistent career presence; reliable rotational player or specialist.,nan,Meaningful G5 Contributor,Standout starter at the Group of 5 level; high-end depth in Power 4.,Potential Day 3 Pick,LB
201500944,Jusstis Warren,2015,OLB,0.8506,45.4011,54.034358978271484,55.468131281962506,55.468131281962506,Single Season Contributor,Late bloomer or one-year starter; limited career longevity.,nan,Multi-Year Starter,Consistent career presence; reliable rotational player or specialist.,nan,Multi-Year Starter,Consistent career presence; reliable rotational player or specialist.,nan,LB
201500947,Casey Toohill,2015,OLB,0.8503,74.8583,51.95170974731445,50.607609494386104,50.607609494386104,Meaningful P4 Contributor,Reliable multi-year starter at the highest level of competition.,Potential Day 2 Pick,Multi-Year Starter,Consistent career presence; reliable rotational player or specialist.,nan,Multi-Year Starter,Consistent career presence; reliable rotational player or specialist.,nan,LB
201500968,Riley Nicholson,2015,OLB,0.8492,53.0397,51.7967414855957,50.17454027909302,50.17454027909302,Multi-Year Starter,Consistent career presence; reliable rotational player or specialist.,nan,Multi-Year Starter,Consistent career presence; reliable rotational player or specialist.,nan,Multi-Year Starter,Consistent career presence; reliable rotational player or specialist.,nan,LB
201500984,Markus Bailey,2015,OLB,0.8489,84.1492,54.065486907958984,55.53542309252962,55.53542309252962,Elite Power 4,All-Conference/All-American honors.,First round NFL Draft talent,Multi-Year Starter,Consistent career presence; reliable rotational player or specialist.,nan,Multi-Year Starter,Consistent career presence; reliable rotational player or specialist.,nan,LB
201500998,Carson Lydon,2015,OLB,0.8483,43.028,52.972721099853516,52.97466645275298,52.97466645275298,Single Season Contributor,Late bloomer or one-year starter; limited career longevity.,nan,Multi-Year Starter,Consistent career presence; reliable rotational player or specialist.,nan,Multi-Year Starter,Consistent career presence; reliable rotational player or specialist.,nan,LB
201501016,Grayson Miller,2015,OLB,0.8478,47.7989,56.190067291259766,59.111109528735,59.111109528735,Single Season Contributor,Late bloomer or one-year starter; limited career longevity.,nan,Multi-Year Starter,Consistent career presence; reliable rotational player or specialist.,nan,Multi-Year Starter,Consistent career presence; reliable rotational player or specialist.,nan,LB
201501031,Sawyer Dawson,2015,OLB,0.8467,28.882,55.74577331542969,58.42373769009042,58.42373769009042,Partial Season Contributor,Rotational backup or special teams contributor; limited starts.,nan,Multi-Year Starter,Consistent career presence; reliable rotational player or specialist.,nan,Multi-Year Starter,Consistent career presence; reliable rotational player or specialist.,nan,LB
201501116,Marcel Spears,2015,OLB,0.8436,72.0067,48.51801300048828,39.30880292159375,39.30880292159375,Meaningful P4 Contributor,Reliable multi-year starter at the highest level of competition.,Potential Day 2 Pick,Single Season Contributor,Late bloomer or one-year starter; limited career longevity.,nan,Partial Season Contributor,Rotational backup or special teams contributor; limited starts.,nan,LB
201501123,Troy Henderson Jr.,2015,OLB,0.8433,33.5292,53.920440673828125,55.20378497958451,55.20378497958451,Partial Season Contributor,Rotational backup or special teams contributor; limited starts.,nan,Multi-Year Starter,Consistent career presence; reliable rotational player or specialist.,nan,Multi-Year Starter,Consistent career presence; reliable rotational player or specialist.,nan,LB
201501130,Brett Zanotto,2015,ILB,0.8433,44.6793,62.47137451171875,70.44109916303941,70.44109916303941,Single Season Contributor,Late bloomer or one-year starter; limited career longevity.,nan,Meaningful G5 Contributor,Standout starter at the Group of 5 level; high-end depth in Power 4.,Potential Day 3 Pick,Meaningful P4 Contributor,Reliable multi-year starter at the highest level of competition.,Potential Day 2 Pick,LB
201501151,Riley Garner,2015,ILB,0.8425,64.1937,52.50685119628906,52.18936929078095,52.18936929078095,Meaningful G5 Contributor,Standout starter at the Group of 5 level; high-end depth in Power 4.,Potential Day 3 Pick,Multi-Year Starter,Consistent career presence; reliable rotational player or specialist.,nan,Multi-Year Starter,Consistent career presence; reliable rotational player or specialist.,nan,LB
201501153,Angelo Garbutt,2015,OLB,0.8425,24.601,55.07401657104492,57.386775775837464,57.386775775837464,Partial Season Contributor,Rotational backup or special teams contributor; limited starts.,nan,Multi-Year Starter,Consistent career presence; reliable rotational player or specialist.,nan,Multi-Year Starter,Consistent career presence; reliable rotational player or specialist.,nan,LB
201501154,Mohamed Barry,2015,OLB,0.8425,63.7788,54.600547790527344,56.50595641292679,56.50595641292679,Meaningful G5 Contributor,Standout starter at the Group of 5 level; high-end depth in Power 4.,Potential Day 3 Pick,Multi-Year Starter,Consistent career presence; reliable rotational player or specialist.,nan,Multi-Year Starter,Consistent career presence; reliable rotational player or specialist.,nan,LB
201501168,D'Vonta Hinton,2015,ILB,0.8417,50.0044,59.698856353759766,64.17861576882365,64.17861576882365,Multi-Year Starter,Consistent career presence; reliable rotational player or specialist.,nan,Multi-Year Starter,Consistent career presence; reliable rotational player or specialist.,nan,Meaningful G5 Contributor,Standout starter at the Group of 5 level; high-end depth in Power 4.,Potential Day 3 Pick,LB
201501169,Bobby McMillen,2015,OLB,0.8417,58.5434,47.148075103759766,34.951763226663026,34.951763226663026,Multi-Year Starter,Consistent career presence; reliable rotational player or specialist.,nan,Single Season Contributor,Late bloomer or one-year starter; limited career longevity.,nan,Partial Season Contributor,Rotational backup or special teams contributor; limited starts.,nan,LB
201501176,Kyler Manu,2015,OLB,0.8417,59.445,53.8254280090332,54.95140463694754,54.95140463694754,Multi-Year Starter,Consistent career presence; reliable rotational player or specialist.,nan,Multi-Year Starter,Consistent career presence; reliable rotational player or specialist.,nan,Multi-Year Starter,Consistent career presence; reliable rotational player or specialist.,nan,LB
201501196,Clay Johnston,2015,OLB,0.8406,70.028,48.92884826660156,40.576296273642484,40.576296273642484,Meaningful P4 Contributor,Reliable multi-year starter at the highest level of competition.,Potential Day 2 Pick,Single Season Contributor,Late bloomer or one-year starter; limited career longevity.,nan,Single Season Contributor,Late bloomer or one-year starter; limited career longevity.,nan,LB
201501199,Cortez Sisco,2015,OLB,0.8403,54.0272,54.364013671875,56.077659206032756,56.077659206032756,Multi-Year Starter,Consistent career presence; reliable rotational player or specialist.,nan,Multi-Year Starter,Consistent career presence; reliable rotational player or specialist.,nan,Multi-Year Starter,Consistent career presence; reliable rotational player or specialist.,nan,LB
201501219,Dwaine Thomas,2015,OLB,0.8394,52.5931,54.83086395263672,57.10689726377631,57.10689726377631,Multi-Year Starter,Consistent career presence; reliable rotational player or specialist.,nan,Multi-Year Starter,Consistent career presence; reliable rotational player or specialist.,nan,Multi-Year Starter,Consistent career presence; reliable rotational player or specialist.,nan,LB
201501222,Jaylen Waters,2015,ILB,0.8392,53.0935,53.5101432800293,54.38199474093604,54.38199474093604,Multi-Year Starter,Consistent career presence; reliable rotational player or specialist.,nan,Multi-Year Starter,Consistent career presence; reliable rotational player or specialist.,nan,Multi-Year Starter,Consistent career presence; reliable rotational player or specialist.,nan,LB
201501225,Quintin Hampton,2015,OLB,0.8392,41.9494,52.35113525390625,51.80395220632988,51.80395220632988,Single Season Contributor,Late bloomer or one-year starter; limited career longevity.,nan,Multi-Year Starter,Consistent career presence; reliable rotational player or specialist.,nan,Multi-Year Starter,Consistent career presence; reliable rotational player or specialist.,nan,LB
201501241,Bryce Jenkinson,2015,OLB,0.8386,46.2317,53.72926712036133,54.740095717570874,54.740095717570874,Single Season Contributor,Late bloomer or one-year starter; limited career longevity.,nan,Multi-Year Starter,Consistent career presence; reliable rotational player or specialist.,nan,Multi-Year Starter,Consistent career presence; reliable rotational player or specialist.,nan,LB
201501269,Jonathan Greenard,2015,OLB,0.8375,78.8571,49.74770736694336,43.95159868363729,43.95159868363729,Meaningful P4 Contributor,Reliable multi-year starter at the highest level of competition.,Potential Day 2 Pick,Single Season Contributor,Late bloomer or one-year starter; limited career longevity.,nan,Single Season Contributor,Late bloomer or one-year starter; limited career longevity.,nan,LB
201501290,Justice Williams,2015,OLB,0.8367,54.2647,52.78055191040039,52.61394057419972,52.61394057419972,Multi-Year Starter,Consistent career presence; reliable rotational player or specialist.,nan,Multi-Year Starter,Consistent career presence; reliable rotational player or specialist.,nan,Multi-Year Starter,Consistent career presence; reliable rotational player or specialist.,nan,LB
201501311,Junior McMullen,2015,OLB,0.8358,55.2594,56.65337371826172,59.86323182889585,59.86323182889585,Multi-Year Starter,Consistent career presence; reliable rotational player or specialist.,nan,Multi-Year Starter,Consistent career presence; reliable rotational player or specialist.,nan,Multi-Year Starter,Consistent career presence; reliable rotational player or specialist.,nan,LB
201501317,Chase Johnston,2015,ILB,0.8358,45.0837,51.68872833251953,49.99757795950956,49.99757795950956,Single Season Contributor,Late bloomer or one-year starter; limited career longevity.,nan,Multi-Year Starter,Consistent career presence; reliable rotational player or specialist.,nan,Single Season Contributor,Late bloomer or one-year starter; limited career longevity.,nan,LB
201501356,Tyrin Ferguson,2015,OLB,0.8339,58.11,54.49311828613281,56.25701378710398,56.25701378710398,Multi-Year Starter,Consistent career presence; reliable rotational player or specialist.,nan,Multi-Year Starter,Consistent career presence; reliable rotational player or specialist.,nan,Multi-Year Starter,Consistent career presence; reliable rotational player or specialist.,nan,LB
201501401,Jimmy Martin,2015,ILB,0.8333,56.0441,59.03256607055664,63.241660454822934,63.241660454822934,Multi-Year Starter,Consistent career presence; reliable rotational player or specialist.,nan,Multi-Year Starter,Consistent career presence; reliable rotational player or specialist.,nan,Meaningful G5 Contributor,Standout starter at the Group of 5 level; high-end depth in Power 4.,Potential Day 3 Pick,LB
201501419,Qaadir Sheppard,2015,OLB,0.8322,45.8406,38.24177551269531,17.9303310653471,17.9303310653471,Single Season Contributor,Late bloomer or one-year starter; limited career longevity.,nan,Partial Season Contributor,Rotational backup or special teams contributor; limited starts.,nan,Minimal D1 Impact,Roster filler; medical DQ; or transferred to lower levels.,nan,LB
201501471,Franklin Agbasimere,2015,OLB,0.83,34.4641,54.777706146240234,56.96008089808357,56.96008089808357,Partial Season Contributor,Rotational backup or special teams contributor; limited starts.,nan,Multi-Year Starter,Consistent career presence; reliable rotational player or specialist.,nan,Multi-Year Starter,Consistent career presence; reliable rotational player or specialist.,nan,LB
201501506,Kyle Pugh,2015,ILB,0.8281,57.3639,55.659976959228516,58.3396290672408,58.3396290672408,Multi-Year Starter,Consistent career presence; reliable rotational player or specialist.,nan,Multi-Year Starter,Consistent career presence; reliable rotational player or specialist.,nan,Multi-Year Starter,Consistent career presence; reliable rotational player or specialist.,nan,LB
201501543,Chris Orr,2015,ILB,0.8261,72.7958,53.012577056884766,53.06513323015546,53.06513323015546,Meaningful P4 Contributor,Reliable multi-year starter at the highest level of competition.,Potential Day 2 Pick,Multi-Year Starter,Consistent career presence; reliable rotational player or specialist.,nan,Multi-Year Starter,Consistent career presence; reliable rotational player or specialist.,nan,LB
201501552,Justin Strnad,2015,OLB,0.8256,71.3691,52.547325134277344,52.23321950480191,52.23321950480191,Meaningful P4 Contributor,Reliable multi-year starter at the highest level of competition.,Potential Day 2 Pick,Multi-Year Starter,Consistent career presence; reliable rotational player or specialist.,nan,Multi-Year Starter,Consistent career presence; reliable rotational player or specialist.,nan,LB
201501584,Shyheim Cullen,2015,ILB,0.8239,59.6228,52.5671501159668,52.254698257136205,52.254698257136205,Multi-Year Starter,Consistent career presence; reliable rotational player or specialist.,nan,Multi-Year Starter,Consistent career presence; reliable rotational player or specialist.,nan,Multi-Year Starter,Consistent career presence; reliable rotational player or specialist.,nan,LB
201501589,Eric Ogor,2015,OLB,0.8236,43.4374,57.849185943603516,61.766479279587735,61.766479279587735,Single Season Contributor,Late bloomer or one-year starter; limited career longevity.,nan,Multi-Year Starter,Consistent career presence; reliable rotational player or specialist.,nan,Meaningful G5 Contributor,Standout starter at the Group of 5 level; high-end depth in Power 4.,Potential Day 3 Pick,LB
201501625,Eric Gallon,2015,OLB,0.8217,54.009,48.04769515991211,37.545774435175595,37.545774435175595,Multi-Year Starter,Consistent career presence; reliable rotational player or specialist.,nan,Single Season Contributor,Late bloomer or one-year starter; limited career longevity.,nan,Partial Season Contributor,Rotational backup or special teams contributor; limited starts.,nan,LB
201501627,Jake Whalen,2015,ILB,0.8215,31.1539,55.864749908447266,58.57868863992525,58.57868863992525,Partial Season Contributor,Rotational backup or special teams contributor; limited starts.,nan,Multi-Year Starter,Consistent career presence; reliable rotational player or specialist.,nan,Multi-Year Starter,Consistent career presence; reliable rotational player or specialist.,nan,LB
201501629,Paxton Schrimsher,2015,OLB,0.8215,51.8656,51.44391632080078,49.40090964990558,49.40090964990558,Multi-Year Starter,Consistent career presence; reliable rotational player or specialist.,nan,Multi-Year Starter,Consistent career presence; reliable rotational player or specialist.,nan,Single Season Contributor,Late bloomer or one-year starter; limited career longevity.,nan,LB
201501636,Nela Otukolo,2015,ILB,0.8214,54.8735,59.26764678955078,63.58589680695882,63.58589680695882,Multi-Year Starter,Consistent career presence; reliable rotational player or specialist.,nan,Multi-Year Starter,Consistent career presence; reliable rotational player or specialist.,nan,Meaningful G5 Contributor,Standout starter at the Group of 5 level; high-end depth in Power 4.,Potential Day 3 Pick,LB
201501637,Josh Corcoran,2015,ILB,0.8211,44.3512,52.922813415527344,52.88470921066369,52.88470921066369,Single Season Contributor,Late bloomer or one-year starter; limited career longevity.,nan,Multi-Year Starter,Consistent career presence; reliable rotational player or specialist.,nan,Multi-Year Starter,Consistent career presence; reliable rotational player or specialist.,nan,LB
201501655,Logan Tago,2015,OLB,0.82,57.1134,51.93372344970703,50.5246494696643,50.5246494696643,Multi-Year Starter,Consistent career presence; reliable rotational player or specialist.,nan,Multi-Year Starter,Consistent career presence; reliable rotational player or specialist.,nan,Multi-Year Starter,Consistent career presence; reliable rotational player or specialist.,nan,LB
201501680,Jim Jones,2015,OLB,0.8189,58.0547,51.06053924560547,48.342720810477815,48.342720810477815,Multi-Year Starter,Consistent career presence; reliable rotational player or specialist.,nan,Multi-Year Starter,Consistent career presence; reliable rotational player or specialist.,nan,Single Season Contributor,Late bloomer or one-year starter; limited career longevity.,nan,LB
201501685,Doyle Grimes,2015,OLB,0.8186,33.7741,51.340179443359375,49.094271080333336,49.094271080333336,Partial Season Contributor,Rotational backup or special teams contributor; limited starts.,nan,Multi-Year Starter,Consistent career presence; reliable rotational player or specialist.,nan,Single Season Contributor,Late bloomer or one-year starter; limited career longevity.,nan,LB
201501693,Bo Anderson,2015,ILB,0.8181,16.2085,45.426578521728516,30.605573312048726,30.605573312048726,Minimal D1 Impact,Roster filler; medical DQ; or transferred to lower levels.,nan,Single Season Contributor,Late bloomer or one-year starter; limited career longevity.,nan,Partial Season Contributor,Rotational backup or special teams contributor; limited starts.,nan,LB
201501709,Rayshad Jackson,2015,OLB,0.8174,61.4637,52.2917366027832,51.651365109975046,51.651365109975046,Meaningful G5 Contributor,Standout starter at the Group of 5 level; high-end depth in Power 4.,Potential Day 3 Pick,Multi-Year Starter,Consistent career presence; reliable rotational player or specialist.,nan,Multi-Year Starter,Consistent career presence; reliable rotational player or specialist.,nan,LB
201501732,Lenoy Jones Jr.,2015,ILB,0.8161,51.3654,54.242431640625,55.878243090298454,55.878243090298454,Multi-Year Starter,Consistent career presence; reliable rotational player or specialist.,nan,Multi-Year Starter,Consistent career presence; reliable rotational player or specialist.,nan,Multi-Year Starter,Consistent career presence; reliable rotational player or specialist.,nan,LB
201501745,Daishaun Grimes,2015,OLB,0.815,40.1296,53.941375732421875,55.253731304211165,55.253731304211165,Single Season Contributor,Late bloomer or one-year starter; limited career longevity.,nan,Multi-Year Starter,Consistent career presence; reliable rotational player or specialist.,nan,Multi-Year Starter,Consistent career presence; reliable rotational player or specialist.,nan,LB
201501762,Pat Jasinski,2015,OLB,0.8142,61.258,55.51640701293945,58.14011444523226,58.14011444523226,Meaningful G5 Contributor,Standout starter at the Group of 5 level; high-end depth in Power 4.,Potential Day 3 Pick,Multi-Year Starter,Consistent career presence; reliable rotational player or specialist.,nan,Multi-Year Starter,Consistent career presence; reliable rotational player or specialist.,nan,LB
201501764,Gabriel Sewell,2015,ILB,0.8141,58.487,48.248817443847656,38.110268821563544,38.110268821563544,Multi-Year Starter,Consistent career presence; reliable rotational player or specialist.,nan,Single Season Contributor,Late bloomer or one-year starter; limited career longevity.,nan,Partial Season Contributor,Rotational backup or special teams contributor; limited starts.,nan,LB
201501785,Doug Salter,2015,ILB,0.8128,39.5777,46.345069885253906,32.63128544756875,32.63128544756875,Partial Season Contributor,Rotational backup or special teams contributor; limited starts.,nan,Single Season Contributor,Late bloomer or one-year starter; limited career longevity.,nan,Partial Season Contributor,Rotational backup or special teams contributor; limited starts.,nan,LB
201501798,Leroy Godfrey,2015,OLB,0.8122,54.7745,50.1990966796875,45.567645423734284,45.567645423734284,Multi-Year Starter,Consistent career presence; reliable rotational player or specialist.,nan,Multi-Year Starter,Consistent career presence; reliable rotational player or specialist.,nan,Single Season Contributor,Late bloomer or one-year starter; limited career longevity.,nan,LB
201501804,Nico Sawtelle,2015,OLB,0.8117,52.1814,53.504669189453125,54.37380300508085,54.37380300508085,Multi-Year Starter,Consistent career presence; reliable rotational player or specialist.,nan,Multi-Year Starter,Consistent career presence; reliable rotational player or specialist.,nan,Multi-Year Starter,Consistent career presence; reliable rotational player or specialist.,nan,LB
201501816,Sutton Smith,2015,OLB,0.8111,40.9556,52.94743347167969,52.92908619151244,52.92908619151244,Single Season Contributor,Late bloomer or one-year starter; limited career longevity.,nan,Multi-Year Starter,Consistent career presence; reliable rotational player or specialist.,nan,Multi-Year Starter,Consistent career presence; reliable rotational player or specialist.,nan,LB
201501839,Troy Dipre,2015,ILB,0.8106,42.283,47.01378631591797,34.56759043927073,34.56759043927073,Single Season Contributor,Late bloomer or one-year starter; limited career longevity.,nan,Single Season Contributor,Late bloomer or one-year starter; limited career longevity.,nan,Partial Season Contributor,Rotational backup or special teams contributor; limited starts.,nan,LB
201501841,Tim Faison,2015,OLB,0.8103,37.0154,53.17417907714844,53.582015370613625,53.582015370613625,Partial Season Contributor,Rotational backup or special teams contributor; limited starts.,nan,Multi-Year Starter,Consistent career presence; reliable rotational player or specialist.,nan,Multi-Year Starter,Consistent career presence; reliable rotational player or specialist.,nan,LB
201501863,Jay Hockaday,2015,ILB,0.8093,38.2775,53.027503967285156,53.116415329736164,53.116415329736164,Partial Season Contributor,Rotational backup or special teams contributor; limited starts.,nan,Multi-Year Starter,Consistent career presence; reliable rotational player or specialist.,nan,Multi-Year Starter,Consistent career presence; reliable rotational player or specialist.,nan,LB
201501888,Ronley Lakalaka,2015,OLB,0.8081,61.0873,51.68471908569336,49.99100944819463,49.99100944819463,Meaningful G5 Contributor,Standout starter at the Group of 5 level; high-end depth in Power 4.,Potential Day 3 Pick,Multi-Year Starter,Consistent career presence; reliable rotational player or specialist.,nan,Single Season Contributor,Late bloomer or one-year starter; limited career longevity.,nan,LB
201501928,Chase Middleton,2015,ILB,0.8064,57.5018,49.6025505065918,43.39721922263559,43.39721922263559,Multi-Year Starter,Consistent career presence; reliable rotational player or specialist.,nan,Single Season Contributor,Late bloomer or one-year starter; limited career longevity.,nan,Single Season Contributor,Late bloomer or one-year starter; limited career longevity.,nan,LB
201501932,Julian Huff,2015,ILB,0.8061,63.653,55.117431640625,57.45707680793437,57.45707680793437,Meaningful G5 Contributor,Standout starter at the Group of 5 level; high-end depth in Power 4.,Potential Day 3 Pick,Multi-Year Starter,Consistent career presence; reliable rotational player or specialist.,nan,Multi-Year Starter,Consistent career presence; reliable rotational player or specialist.,nan,LB
201501934,Ulysees Gilbert,2015,ILB,0.8061,68.1351,50.94389343261719,47.98146548774071,47.98146548774071,Meaningful G5 Contributor,Standout starter at the Group of 5 level; high-end depth in Power 4.,Potential Day 3 Pick,Multi-Year Starter,Consistent career presence; reliable rotational player or specialist.,nan,Single Season Contributor,Late bloomer or one-year starter; limited career longevity.,nan,LB
201501963,Nate Mays,2015,OLB,0.8053,54.5772,54.78935241699219,56.99197669352896,56.99197669352896,Multi-Year Starter,Consistent career presence; reliable rotational player or specialist.,nan,Multi-Year Starter,Consistent career presence; reliable rotational player or specialist.,nan,Multi-Year Starter,Consistent career presence; reliable rotational player or specialist.,nan,LB
201502005,Riley Whimpey,2015,OLB,0.8033,62.2097,53.666526794433594,54.63467429173278,54.63467429173278,Meaningful G5 Contributor,Standout starter at the Group of 5 level; high-end depth in Power 4.,Potential Day 3 Pick,Multi-Year Starter,Consistent career presence; reliable rotational player or specialist.,nan,Multi-Year Starter,Consistent career presence; reliable rotational player or specialist.,nan,LB
201502021,Azeez Al-Shaair,2015,OLB,0.8025,68.7249,53.70298385620117,54.6959324279725,54.6959324279725,Meaningful G5 Contributor,Standout starter at the Group of 5 level; high-end depth in Power 4.,Potential Day 3 Pick,Multi-Year Starter,Consistent career presence; reliable rotational player or specialist.,nan,Multi-Year Starter,Consistent career presence; reliable rotational player or specialist.,nan,LB
201502029,Tyler Taafe,2015,OLB,0.8017,61.0469,48.42215347290039,38.83760420308513,38.83760420308513,Meaningful G5 Contributor,Standout starter at the Group of 5 level; high-end depth in Power 4.,Potential Day 3 Pick,Single Season Contributor,Late bloomer or one-year starter; limited career longevity.,nan,Partial Season Contributor,Rotational backup or special teams contributor; limited starts.,nan,LB
201502040,Michael Oliver,2015,ILB,0.8014,58.8706,56.94226837158203,60.51445501974999,60.51445501974999,Multi-Year Starter,Consistent career presence; reliable rotational player or specialist.,nan,Multi-Year Starter,Consistent career presence; reliable rotational player or specialist.,nan,Meaningful G5 Contributor,Standout starter at the Group of 5 level; high-end depth in Power 4.,Potential Day 3 Pick,LB
201502049,Collin Scott,2015,OLB,0.8007,58.4167,45.50997543334961,30.757426994606583,30.757426994606583,Multi-Year Starter,Consistent career presence; reliable rotational player or specialist.,nan,Single Season Contributor,Late bloomer or one-year starter; limited career longevity.,nan,Partial Season Contributor,Rotational backup or special teams contributor; limited starts.,nan,LB
201502063,Sage Lewis,2015,OLB,0.8006,57.3874,51.18259048461914,48.653249227584034,48.653249227584034,Multi-Year Starter,Consistent career presence; reliable rotational player or specialist.,nan,Multi-Year Starter,Consistent career presence; reliable rotational player or specialist.,nan,Single Season Contributor,Late bloomer or one-year starter; limited career longevity.,nan,LB
201502105,Malik Hayes,2015,OLB,0.7993,29.2006,50.54868698120117,46.50913291382289,46.50913291382289,Partial Season Contributor,Rotational backup or special teams contributor; limited starts.,nan,Multi-Year Starter,Consistent career presence; reliable rotational player or specialist.,nan,Single Season Contributor,Late bloomer or one-year starter; limited career longevity.,nan,LB
201502120,Frank Ginda,2015,ILB,0.7983,72.118,49.8828239440918,44.50121099719356,44.50121099719356,Meaningful P4 Contributor,Reliable multi-year starter at the highest level of competition.,Potential Day 2 Pick,Single Season Contributor,Late bloomer or one-year starter; limited career longevity.,nan,Single Season Contributor,Late bloomer or one-year starter; limited career longevity.,nan,LB
201502131,Akeem Davis-Gaither,2015,ILB,0.7978,66.7589,49.943721771240234,44.76222159581016,44.76222159581016,Meaningful G5 Contributor,Standout starter at the Group of 5 level; high-end depth in Power 4.,Potential Day 3 Pick,Single Season Contributor,Late bloomer or one-year starter; limited career longevity.,nan,Single Season Contributor,Late bloomer or one-year starter; limited career longevity.,nan,LB
201502191,Javahn Ferguson,2015,OLB,0.7952,67.0251,53.91566467285156,55.192390519228724,55.192390519228724,Meaningful G5 Contributor,Standout starter at the Group of 5 level; high-end depth in Power 4.,Potential Day 3 Pick,Multi-Year Starter,Consistent career presence; reliable rotational player or specialist.,nan,Multi-Year Starter,Consistent career presence; reliable rotational player or specialist.,nan,LB
201502192,Kirk Louis Jr,2015,ILB,0.7952,56.7831,54.5611572265625,56.409839016494395,56.409839016494395,Multi-Year Starter,Consistent career presence; reliable rotational player or specialist.,nan,Multi-Year Starter,Consistent career presence; reliable rotational player or specialist.,nan,Multi-Year Starter,Consistent career presence; reliable rotational player or specialist.,nan,LB
201502203,Trevor Morris,2015,OLB,0.7947,72.6747,49.5084114074707,43.005939365999176,43.005939365999176,Meaningful P4 Contributor,Reliable multi-year starter at the highest level of competition.,Potential Day 2 Pick,Single Season Contributor,Late bloomer or one-year starter; limited career longevity.,nan,Single Season Contributor,Late bloomer or one-year starter; limited career longevity.,nan,LB
201502233,Brandon Durman,2015,ILB,0.7928,56.9477,48.2907829284668,38.22805428037002,38.22805428037002,Multi-Year Starter,Consistent career presence; reliable rotational player or specialist.,nan,Single Season Contributor,Late bloomer or one-year starter; limited career longevity.,nan,Partial Season Contributor,Rotational backup or special teams contributor; limited starts.,nan,LB
201502235,Jordon Williams,2015,OLB,0.7926,57.2868,56.44698715209961,59.49207264621929,59.49207264621929,Multi-Year Starter,Consistent career presence; reliable rotational player or specialist.,nan,Multi-Year Starter,Consistent career presence; reliable rotational player or specialist.,nan,Multi-Year Starter,Consistent career presence; reliable rotational player or specialist.,nan,LB
201502253,Bull Barge,2015,OLB,0.7919,58.4308,53.19285202026367,53.637620882521006,53.637620882521006,Multi-Year Starter,Consistent career presence; reliable rotational player or specialist.,nan,Multi-Year Starter,Consistent career presence; reliable rotational player or specialist.,nan,Multi-Year Starter,Consistent career presence; reliable rotational player or specialist.,nan,LB
201502271,Nick Faulkner,2015,ILB,0.7911,50.6788,48.89170837402344,40.38906822493577,40.38906822493577,Multi-Year Starter,Consistent career presence; reliable rotational player or specialist.,nan,Single Season Contributor,Late bloomer or one-year starter; limited career longevity.,nan,Single Season Contributor,Late bloomer or one-year starter; limited career longevity.,nan,LB
201502362,Alex Hart,2015,ILB,0.7883,59.276,43.60612869262695,27.651495706206696,27.651495706206696,Multi-Year Starter,Consistent career presence; reliable rotational player or specialist.,nan,Single Season Contributor,Late bloomer or one-year starter; limited career longevity.,nan,Partial Season Contributor,Rotational backup or special teams contributor; limited starts.,nan,LB
201502376,Joe Dillon,2015,OLB,0.7881,68.5442,40.108116149902344,21.18613742907977,21.18613742907977,Meaningful G5 Contributor,Standout starter at the Group of 5 level; high-end depth in Power 4.,Potential Day 3 Pick,Single Season Contributor,Late bloomer or one-year starter; limited career longevity.,nan,Partial Season Contributor,Rotational backup or special teams contributor; limited starts.,nan,LB
201502378,Bailey Laolagi,2015,OLB,0.7878,56.4307,53.28770065307617,53.928888761901,53.928888761901,Multi-Year Starter,Consistent career presence; reliable rotational player or specialist.,nan,Multi-Year Starter,Consistent career presence; reliable rotational player or specialist.,nan,Multi-Year Starter,Consistent career presence; reliable rotational player or specialist.,nan,LB
201502394,Jordan Milburn,2015,OLB,0.7859,59.0,52.83312225341797,52.7230433331124,52.7230433331124,Multi-Year Starter,Consistent career presence; reliable rotational player or specialist.,nan,Multi-Year Starter,Consistent career presence; reliable rotational player or specialist.,nan,Multi-Year Starter,Consistent career presence; reliable rotational player or specialist.,nan,LB
201502468,Mitchell Kaufman,2015,OLB,0.7826,43.84,50.64845657348633,46.78460325594476,46.78460325594476,Single Season Contributor,Late bloomer or one-year starter; limited career longevity.,nan,Multi-Year Starter,Consistent career presence; reliable rotational player or specialist.,nan,Single Season Contributor,Late bloomer or one-year starter; limited career longevity.,nan,LB
201502475,Emeke Egbule,2015,OLB,0.7826,61.8152,50.2934684753418,45.796410782365314,45.796410782365314,Meaningful G5 Contributor,Standout starter at the Group of 5 level; high-end depth in Power 4.,Potential Day 3 Pick,Multi-Year Starter,Consistent career presence; reliable rotational player or specialist.,nan,Single Season Contributor,Late bloomer or one-year starter; limited career longevity.,nan,LB
201502578,Terrill Hanks,2015,OLB,0.7785,69.4024,44.481075286865234,28.904537079968613,28.904537079968613,Meaningful G5 Contributor,Standout starter at the Group of 5 level; high-end depth in Power 4.,Potential Day 3 Pick,Single Season Contributor,Late bloomer or one-year starter; limited career longevity.,nan,Partial Season Contributor,Rotational backup or special teams contributor; limited starts.,nan,LB
201502590,Max McDonald,2015,ILB,0.7785,54.7992,48.311737060546875,38.29485093366604,38.29485093366604,Multi-Year Starter,Consistent career presence; reliable rotational player or specialist.,nan,Single Season Contributor,Late bloomer or one-year starter; limited career longevity.,nan,Partial Season Contributor,Rotational backup or special teams contributor; limited starts.,nan,LB
201502623,Donavan Lynch,2015,ILB,0.7778,56.121,50.97221374511719,48.07047019261661,48.07047019261661,Multi-Year Starter,Consistent career presence; reliable rotational player or specialist.,nan,Multi-Year Starter,Consistent career presence; reliable rotational player or specialist.,nan,Single Season Contributor,Late bloomer or one-year starter; limited career longevity.,nan,LB
201502638,Isaiah Spencer,2015,OLB,0.7767,29.7728,38.82614517211914,18.94975614670396,18.94975614670396,Partial Season Contributor,Rotational backup or special teams contributor; limited starts.,nan,Partial Season Contributor,Rotational backup or special teams contributor; limited starts.,nan,Minimal D1 Impact,Roster filler; medical DQ; or transferred to lower levels.,nan,LB
201502650,Chase Day,2015,OLB,0.7759,58.6212,49.821407318115234,44.2429201785195,44.2429201785195,Multi-Year Starter,Consistent career presence; reliable rotational player or specialist.,nan,Single Season Contributor,Late bloomer or one-year starter; limited career longevity.,nan,Single Season Contributor,Late bloomer or one-year starter; limited career longevity.,nan,LB
201502662,Diamon Cannon,2015,OLB,0.7752,59.9305,46.286529541015625,32.410776901557014,32.410776901557014,Multi-Year Starter,Consistent career presence; reliable rotational player or specialist.,nan,Single Season Contributor,Late bloomer or one-year starter; limited career longevity.,nan,Partial Season Contributor,Rotational backup or special teams contributor; limited starts.,nan,LB
201502673,Edward Davis,2015,ILB,0.7752,37.3374,49.86384582519531,44.42139752993248,44.42139752993248,Partial Season Contributor,Rotational backup or special teams contributor; limited starts.,nan,Single Season Contributor,Late bloomer or one-year starter; limited career longevity.,nan,Single Season Contributor,Late bloomer or one-year starter; limited career longevity.,nan,LB
201502674,Osaze Ogbebor,2015,OLB,0.7752,61.34,49.20311737060547,42.11039496600243,42.11039496600243,Meaningful G5 Contributor,Standout starter at the Group of 5 level; high-end depth in Power 4.,Potential Day 3 Pick,Single Season Contributor,Late bloomer or one-year starter; limited career longevity.,nan,Single Season Contributor,Late bloomer or one-year starter; limited career longevity.,nan,LB
201502789,Clay Holford,2015,ILB,0.7685,40.3438,49.744956970214844,43.941254621807325,43.941254621807325,Single Season Contributor,Late bloomer or one-year starter; limited career longevity.,nan,Single Season Contributor,Late bloomer or one-year starter; limited career longevity.,nan,Single Season Contributor,Late bloomer or one-year starter; limited career longevity.,nan,LB
201502796,Jeff Gemmell,2015,ILB,0.7685,57.5762,47.49170684814453,35.77916963240897,35.77916963240897,Multi-Year Starter,Consistent career presence; reliable rotational player or specialist.,nan,Single Season Contributor,Late bloomer or one-year starter; limited career longevity.,nan,Partial Season Contributor,Rotational backup or special teams contributor; limited starts.,nan,LB
201502820,Khantrell Burden,2015,OLB,0.7683,56.5868,48.58433151245117,39.54542574793887,39.54542574793887,Multi-Year Starter,Consistent career presence; reliable rotational player or specialist.,nan,Single Season Contributor,Late bloomer or one-year starter; limited career longevity.,nan,Partial Season Contributor,Rotational backup or special teams contributor; limited starts.,nan,LB
201502851,Judah Davis,2015,ILB,0.7667,64.6643,56.1529655456543,59.04757817254563,59.04757817254563,Meaningful G5 Contributor,Standout starter at the Group of 5 level; high-end depth in Power 4.,Potential Day 3 Pick,Multi-Year Starter,Consistent career presence; reliable rotational player or specialist.,nan,Multi-Year Starter,Consistent career presence; reliable rotational player or specialist.,nan,LB
201502852,J.D. Davis,2015,ILB,0.7667,64.2743,50.51982116699219,46.42943252081088,46.42943252081088,Meaningful G5 Contributor,Standout starter at the Group of 5 level; high-end depth in Power 4.,Potential Day 3 Pick,Multi-Year Starter,Consistent career presence; reliable rotational player or specialist.,nan,Single Season Contributor,Late bloomer or one-year starter; limited career longevity.,nan,LB
201502873,Hudson Hall,2015,OLB,0.7667,37.4238,44.91388702392578,29.682397499126225,29.682397499126225,Partial Season Contributor,Rotational backup or special teams contributor; limited starts.,nan,Single Season Contributor,Late bloomer or one-year starter; limited career longevity.,nan,Partial Season Contributor,Rotational backup or special teams contributor; limited starts.,nan,LB
201503060,Hamilton Hunt,2015,OLB,0.7667,31.2478,52.18346405029297,51.37322757508074,51.37322757508074,Partial Season Contributor,Rotational backup or special teams contributor; limited starts.,nan,Multi-Year Starter,Consistent career presence; reliable rotational player or specialist.,nan,Multi-Year Starter,Consistent career presence; reliable rotational player or specialist.,nan,LB
201503067,Brett Foley,2015,OLB,0.7667,50.4853,49.242591857910156,42.212145042543796,42.212145042543796,Multi-Year Starter,Consistent career presence; reliable rotational player or specialist.,nan,Single Season Contributor,Late bloomer or one-year starter; limited career longevity.,nan,Single Season Contributor,Late bloomer or one-year starter; limited career longevity.,nan,LB
201503098,Mike Linehan,2015,ILB,0.7652,55.1096,46.01502990722656,31.67705795287265,31.67705795287265,Multi-Year Starter,Consistent career presence; reliable rotational player or specialist.,nan,Single Season Contributor,Late bloomer or one-year starter; limited career longevity.,nan,Partial Season Contributor,Rotational backup or special teams contributor; limited starts.,nan,LB
201503119,Carlos Clark,2015,OLB,0.7644,50.4267,49.97539138793945,44.9125988064277,44.9125988064277,Multi-Year Starter,Consistent career presence; reliable rotational player or specialist.,nan,Single Season Contributor,Late bloomer or one-year starter; limited career longevity.,nan,Single Season Contributor,Late bloomer or one-year starter; limited career longevity.,nan,LB
201503151,Alonzo Brown,2015,ILB,0.7633,46.9607,44.04503631591797,28.27922714379333,28.27922714379333,Single Season Contributor,Late bloomer or one-year starter; limited career longevity.,nan,Single Season Contributor,Late bloomer or one-year starter; limited career longevity.,nan,Partial Season Contributor,Rotational backup or special teams contributor; limited starts.,nan,LB
201503185,Evan Croutch,2015,ILB,0.76,57.9514,50.79296112060547,47.31965695429665,47.31965695429665,Multi-Year Starter,Consistent career presence; reliable rotational player or specialist.,nan,Multi-Year Starter,Consistent career presence; reliable rotational player or specialist.,nan,Single Season Contributor,Late bloomer or one-year starter; limited career longevity.,nan,LB
201503190,Bryan London,2015,ILB,0.7585,58.0133,41.53428649902344,23.848429596045406,23.848429596045406,Multi-Year Starter,Consistent career presence; reliable rotational player or specialist.,nan,Single Season Contributor,Late bloomer or one-year starter; limited career longevity.,nan,Partial Season Contributor,Rotational backup or special teams contributor; limited starts.,nan,LB
201503196,Jesse Osuna,2015,ILB,0.7583,66.1386,49.71329116821289,43.822161615911966,43.822161615911966,Meaningful G5 Contributor,Standout starter at the Group of 5 level; high-end depth in Power 4.,Potential Day 3 Pick,Single Season Contributor,Late bloomer or one-year starter; limited career longevity.,nan,Single Season Contributor,Late bloomer or one-year starter; limited career longevity.,nan,LB
201503221,Andy Davidson,2015,ILB,0.7578,38.16,52.854583740234375,52.761727078736065,52.761727078736065,Partial Season Contributor,Rotational backup or special teams contributor; limited starts.,nan,Multi-Year Starter,Consistent career presence; reliable rotational player or specialist.,nan,Multi-Year Starter,Consistent career presence; reliable rotational player or specialist.,nan,LB
201503231,Matt McNew,2015,ILB,0.7578,56.2755,43.096435546875,26.903377912155054,26.903377912155054,Multi-Year Starter,Consistent career presence; reliable rotational player or specialist.,nan,Single Season Contributor,Late bloomer or one-year starter; limited career longevity.,nan,Partial Season Contributor,Rotational backup or special teams contributor; limited starts.,nan,LB
201503242,Tyriq Harris,2015,OLB,0.7544,47.9961,39.27613830566406,19.73476316987207,19.73476316987207,Single Season Contributor,Late bloomer or one-year starter; limited career longevity.,nan,Partial Season Contributor,Rotational backup or special teams contributor; limited starts.,nan,Minimal D1 Impact,Roster filler; medical DQ; or transferred to lower levels.,nan,LB
201503252,Anthony Flory,2015,ILB,0.7533,57.5086,50.40666580200195,46.113155543646606,46.113155543646606,Multi-Year Starter,Consistent career presence; reliable rotational player or specialist.,nan,Multi-Year Starter,Consistent career presence; reliable rotational player or specialist.,nan,Single Season Contributor,Late bloomer or one-year starter; limited career longevity.,nan,LB
201503255,Jacob Douglas,2015,ILB,0.7533,52.6466,50.97865295410156,48.09070725374681,48.09070725374681,Multi-Year Starter,Consistent career presence; reliable rotational player or specialist.,nan,Multi-Year Starter,Consistent career presence; reliable rotational player or specialist.,nan,Single Season Contributor,Late bloomer or one-year starter; limited career longevity.,nan,LB
201503257,Shane Jackson,2015,OLB,0.7533,51.6654,47.266685485839844,35.29082565689303,35.29082565689303,Multi-Year Starter,Consistent career presence; reliable rotational player or specialist.,nan,Single Season Contributor,Late bloomer or one-year starter; limited career longevity.,nan,Partial Season Contributor,Rotational backup or special teams contributor; limited starts.,nan,LB
201503280,Jayson VanHook,2015,OLB,0.7533,50.5557,44.184165954589844,28.478212177225977,28.478212177225977,Multi-Year Starter,Consistent career presence; reliable rotational player or specialist.,nan,Single Season Contributor,Late bloomer or one-year starter; limited career longevity.,nan,Partial Season Contributor,Rotational backup or special teams contributor; limited starts.,nan,LB
201503326,James Bowe,2015,OLB,0.75,52.5515,47.29655838012695,35.355656159236986,35.355656159236986,Multi-Year Starter,Consistent career presence; reliable rotational player or specialist.,nan,Single Season Contributor,Late bloomer or one-year starter; limited career longevity.,nan,Partial Season Contributor,Rotational backup or special teams contributor; limited starts.,nan,LB
201503336,Jacob Covington,2015,ILB,0.7483,25.8125,47.702423095703125,36.23646848165882,36.23646848165882,Partial Season Contributor,Rotational backup or special teams contributor; limited starts.,nan,Single Season Contributor,Late bloomer or one-year starter; limited career longevity.,nan,Partial Season Contributor,Rotational backup or special teams contributor; limited starts.,nan,LB
201503338,Paul Carothers,2015,ILB,0.7483,53.5433,46.16401290893555,31.94928381070213,31.94928381070213,Multi-Year Starter,Consistent career presence; reliable rotational player or specialist.,nan,Single Season Contributor,Late bloomer or one-year starter; limited career longevity.,nan,Partial Season Contributor,Rotational backup or special teams contributor; limited starts.,nan,LB
201503341,D'Shan Harley,2015,OLB,0.7483,34.4026,41.08256530761719,22.995532951821136,22.995532951821136,Partial Season Contributor,Rotational backup or special teams contributor; limited starts.,nan,Single Season Contributor,Late bloomer or one-year starter; limited career longevity.,nan,Partial Season Contributor,Rotational backup or special teams contributor; limited starts.,nan,LB
201503373,Jonathan Hood,2015,OLB,0.7433,58.4027,36.838260650634766,15.481918097000415,15.481918097000415,Multi-Year Starter,Consistent career presence; reliable rotational player or specialist.,nan,Partial Season Contributor,Rotational backup or special teams contributor; limited starts.,nan,Minimal D1 Impact,Roster filler; medical DQ; or transferred to lower levels.,nan,LB
201503398,Harrison Rooney,2015,OLB,0.7383,14.3676,49.81983947753906,44.23632654333471,44.23632654333471,Minimal D1 Impact,Roster filler; medical DQ; or transferred to lower levels.,nan,Single Season Contributor,Late bloomer or one-year starter; limited career longevity.,nan,Single Season Contributor,Late bloomer or one-year starter; limited career longevity.,nan,LB
201600010,Ben Davis,2016,ILB,0.9955,58.117,58.11051559448242,62.19525925585896,62.19525925585896,Multi-Year Starter,Consistent career presence; reliable rotational player or specialist.,nan,Multi-Year Starter,Consistent career presence; reliable rotational player or specialist.,nan,Meaningful G5 Contributor,Standout starter at the Group of 5 level; high-end depth in Power 4.,Potential Day 3 Pick,LB
201600011,Mique Juarez,2016,OLB,0.9924,46.3304,64.9122314453125,76.40992554381191,76.40992554381191,Single Season Contributor,Late bloomer or one-year starter; limited career longevity.,nan,Meaningful G5 Contributor,Standout starter at the Group of 5 level; high-end depth in Power 4.,Potential Day 3 Pick,Meaningful P4 Contributor,Reliable multi-year starter at the highest level of competition.,Potential Day 2 Pick,LB
201600016,Mack Wilson,2016,OLB,0.9884,59.5337,66.27632141113281,78.25062711983213,78.25062711983213,Multi-Year Starter,Consistent career presence; reliable rotational player or specialist.,nan,Meaningful G5 Contributor,Standout starter at the Group of 5 level; high-end depth in Power 4.,Potential Day 3 Pick,Meaningful P4 Contributor,Reliable multi-year starter at the highest level of competition.,Potential Day 2 Pick,LB
201600024,Caleb Kelly,2016,OLB,0.9847,64.0143,65.53195190429688,77.39057995544742,77.39057995544742,Meaningful G5 Contributor,Standout starter at the Group of 5 level; high-end depth in Power 4.,Potential Day 3 Pick,Meaningful G5 Contributor,Standout starter at the Group of 5 level; high-end depth in Power 4.,Potential Day 3 Pick,Meaningful P4 Contributor,Reliable multi-year starter at the highest level of competition.,Potential Day 2 Pick,LB
201600058,Tre Lamar,2016,ILB,0.9713,70.0456,59.437034606933594,63.804586969850945,63.804586969850945,Meaningful P4 Contributor,Reliable multi-year starter at the highest level of competition.,Potential Day 2 Pick,Multi-Year Starter,Consistent career presence; reliable rotational player or specialist.,nan,Meaningful G5 Contributor,Standout starter at the Group of 5 level; high-end depth in Power 4.,Potential Day 3 Pick,LB
201600060,Curtis Robinson,2016,OLB,0.9685,62.4904,62.84343719482422,71.64407528423509,71.64407528423509,Meaningful G5 Contributor,Standout starter at the Group of 5 level; high-end depth in Power 4.,Potential Day 3 Pick,Meaningful G5 Contributor,Standout starter at the Group of 5 level; high-end depth in Power 4.,Potential Day 3 Pick,Meaningful P4 Contributor,Reliable multi-year starter at the highest level of competition.,Potential Day 2 Pick,LB
201600062,Jeffrey McCulloch,2016,OLB,0.9682,62.9402,65.72545623779297,77.6141555476649,77.6141555476649,Meaningful G5 Contributor,Standout starter at the Group of 5 level; high-end depth in Power 4.,Potential Day 3 Pick,Meaningful G5 Contributor,Standout starter at the Group of 5 level; high-end depth in Power 4.,Potential Day 3 Pick,Meaningful P4 Contributor,Reliable multi-year starter at the highest level of competition.,Potential Day 2 Pick,LB
201600064,Michael Divinity,2016,OLB,0.9675,67.7285,65.51871490478516,77.37528587933271,77.37528587933271,Meaningful G5 Contributor,Standout starter at the Group of 5 level; high-end depth in Power 4.,Potential Day 3 Pick,Meaningful G5 Contributor,Standout starter at the Group of 5 level; high-end depth in Power 4.,Potential Day 3 Pick,Meaningful P4 Contributor,Reliable multi-year starter at the highest level of competition.,Potential Day 2 Pick,LB
201600073,Erick Fowler,2016,OLB,0.9649,40.6562,65.81373596191406,77.71615425355726,77.71615425355726,Single Season Contributor,Late bloomer or one-year starter; limited career longevity.,nan,Meaningful G5 Contributor,Standout starter at the Group of 5 level; high-end depth in Power 4.,Potential Day 3 Pick,Meaningful P4 Contributor,Reliable multi-year starter at the highest level of competition.,Potential Day 2 Pick,LB
201600080,Shaq Smith,2016,ILB,0.9613,61.9171,63.74424743652344,73.54298245078208,73.54298245078208,Meaningful G5 Contributor,Standout starter at the Group of 5 level; high-end depth in Power 4.,Potential Day 3 Pick,Meaningful G5 Contributor,Standout starter at the Group of 5 level; high-end depth in Power 4.,Potential Day 3 Pick,Meaningful P4 Contributor,Reliable multi-year starter at the highest level of competition.,Potential Day 2 Pick,LB
201600088,Carter Coughlin,2016,OLB,0.9566,79.6752,63.455223083496094,72.99370219427475,72.99370219427475,Meaningful P4 Contributor,Reliable multi-year starter at the highest level of competition.,Potential Day 2 Pick,Meaningful G5 Contributor,Standout starter at the Group of 5 level; high-end depth in Power 4.,Potential Day 3 Pick,Meaningful P4 Contributor,Reliable multi-year starter at the highest level of competition.,Potential Day 2 Pick,LB
201600090,Dontavious Jackson,2016,ILB,0.9561,62.1403,62.71513366699219,71.31733601220073,71.31733601220073,Meaningful G5 Contributor,Standout starter at the Group of 5 level; high-end depth in Power 4.,Potential Day 3 Pick,Meaningful G5 Contributor,Standout starter at the Group of 5 level; high-end depth in Power 4.,Potential Day 3 Pick,Meaningful P4 Contributor,Reliable multi-year starter at the highest level of competition.,Potential Day 2 Pick,LB
201600097,Keandre Jones,2016,OLB,0.9544,66.3295,67.97132873535156,81.3223594032283,81.3223594032283,Meaningful G5 Contributor,Standout starter at the Group of 5 level; high-end depth in Power 4.,Potential Day 3 Pick,Meaningful G5 Contributor,Standout starter at the Group of 5 level; high-end depth in Power 4.,Potential Day 3 Pick,Elite Power 4,All-Conference/All-American honors.,First round NFL Draft talent,LB
201600111,Shaquille Quarterman,2016,ILB,0.9481,79.4115,58.06492614746094,62.12435633258956,62.12435633258956,Meaningful P4 Contributor,Reliable multi-year starter at the highest level of competition.,Potential Day 2 Pick,Multi-Year Starter,Consistent career presence; reliable rotational player or specialist.,nan,Meaningful G5 Contributor,Standout starter at the Group of 5 level; high-end depth in Power 4.,Potential Day 3 Pick,LB
201600135,Lokeni Toailoa,2016,ILB,0.939,63.386,66.01049041748047,77.94348504832509,77.94348504832509,Meaningful G5 Contributor,Standout starter at the Group of 5 level; high-end depth in Power 4.,Potential Day 3 Pick,Meaningful G5 Contributor,Standout starter at the Group of 5 level; high-end depth in Power 4.,Potential Day 3 Pick,Meaningful P4 Contributor,Reliable multi-year starter at the highest level of competition.,Potential Day 2 Pick,LB
201600138,Brendan Ferns,2016,ILB,0.9375,39.5115,55.263790130615234,57.74575710238841,57.74575710238841,Partial Season Contributor,Rotational backup or special teams contributor; limited starts.,nan,Multi-Year Starter,Consistent career presence; reliable rotational player or specialist.,nan,Multi-Year Starter,Consistent career presence; reliable rotational player or specialist.,nan,LB
201600142,Milo Eifler,2016,OLB,0.9368,56.8357,65.08264923095703,76.68240954952653,76.68240954952653,Multi-Year Starter,Consistent career presence; reliable rotational player or specialist.,nan,Meaningful G5 Contributor,Standout starter at the Group of 5 level; high-end depth in Power 4.,Potential Day 3 Pick,Meaningful P4 Contributor,Reliable multi-year starter at the highest level of competition.,Potential Day 2 Pick,LB
201600144,Krys Barnes,2016,ILB,0.935,71.7243,67.10118865966797,79.55519894638232,79.55519894638232,Meaningful P4 Contributor,Reliable multi-year starter at the highest level of competition.,Potential Day 2 Pick,Meaningful G5 Contributor,Standout starter at the Group of 5 level; high-end depth in Power 4.,Potential Day 3 Pick,Meaningful P4 Contributor,Reliable multi-year starter at the highest level of competition.,Potential Day 2 Pick,LB
201600149,Aaron Hansford,2016,OLB,0.9341,69.9757,61.347740173339844,67.07878012992094,67.07878012992094,Meaningful G5 Contributor,Standout starter at the Group of 5 level; high-end depth in Power 4.,Potential Day 3 Pick,Meaningful G5 Contributor,Standout starter at the Group of 5 level; high-end depth in Power 4.,Potential Day 3 Pick,Meaningful G5 Contributor,Standout starter at the Group of 5 level; high-end depth in Power 4.,Potential Day 3 Pick,LB
201600170,Jaquan Yulee,2016,ILB,0.9285,50.2567,50.04584884643555,45.24705276557727,45.24705276557727,Multi-Year Starter,Consistent career presence; reliable rotational player or specialist.,nan,Multi-Year Starter,Consistent career presence; reliable rotational player or specialist.,nan,Single Season Contributor,Late bloomer or one-year starter; limited career longevity.,nan,LB
201600217,Daniel Bituli,2016,OLB,0.9173,70.1692,60.85072326660156,66.14103196211416,66.14103196211416,Meaningful P4 Contributor,Reliable multi-year starter at the highest level of competition.,Potential Day 2 Pick,Meaningful G5 Contributor,Standout starter at the Group of 5 level; high-end depth in Power 4.,Potential Day 3 Pick,Meaningful G5 Contributor,Standout starter at the Group of 5 level; high-end depth in Power 4.,Potential Day 3 Pick,LB
201600224,Brandon Wellington,2016,OLB,0.9161,62.3143,57.03028106689453,60.73098943200105,60.73098943200105,Meaningful G5 Contributor,Standout starter at the Group of 5 level; high-end depth in Power 4.,Potential Day 3 Pick,Multi-Year Starter,Consistent career presence; reliable rotational player or specialist.,nan,Meaningful G5 Contributor,Standout starter at the Group of 5 level; high-end depth in Power 4.,Potential Day 3 Pick,LB
201600255,LaMar Winston,2016,OLB,0.9087,62.8309,58.51168441772461,62.81828128087623,62.81828128087623,Meaningful G5 Contributor,Standout starter at the Group of 5 level; high-end depth in Power 4.,Potential Day 3 Pick,Multi-Year Starter,Consistent career presence; reliable rotational player or specialist.,nan,Meaningful G5 Contributor,Standout starter at the Group of 5 level; high-end depth in Power 4.,Potential Day 3 Pick,LB
201600281,Josh Brown,2016,OLB,0.9041,59.7873,64.09161376953125,74.2340782609533,74.2340782609533,Multi-Year Starter,Consistent career presence; reliable rotational player or specialist.,nan,Meaningful G5 Contributor,Standout starter at the Group of 5 level; high-end depth in Power 4.,Potential Day 3 Pick,Meaningful P4 Contributor,Reliable multi-year starter at the highest level of competition.,Potential Day 2 Pick,LB
201600301,Jeremiah Moon,2016,OLB,0.8994,63.2638,64.91474151611328,76.41393894032353,76.41393894032353,Meaningful G5 Contributor,Standout starter at the Group of 5 level; high-end depth in Power 4.,Potential Day 3 Pick,Meaningful G5 Contributor,Standout starter at the Group of 5 level; high-end depth in Power 4.,Potential Day 3 Pick,Meaningful P4 Contributor,Reliable multi-year starter at the highest level of competition.,Potential Day 2 Pick,LB
201600306,Kash Daniel,2016,ILB,0.8977,62.8582,62.93552780151367,71.87642917983094,71.87642917983094,Meaningful G5 Contributor,Standout starter at the Group of 5 level; high-end depth in Power 4.,Potential Day 3 Pick,Meaningful G5 Contributor,Standout starter at the Group of 5 level; high-end depth in Power 4.,Potential Day 3 Pick,Meaningful P4 Contributor,Reliable multi-year starter at the highest level of competition.,Potential Day 2 Pick,LB
201600312,Tuf Borland,2016,OLB,0.8963,73.9809,64.09418487548828,74.24207814506852,74.24207814506852,Meaningful P4 Contributor,Reliable multi-year starter at the highest level of competition.,Potential Day 2 Pick,Meaningful G5 Contributor,Standout starter at the Group of 5 level; high-end depth in Power 4.,Potential Day 3 Pick,Meaningful P4 Contributor,Reliable multi-year starter at the highest level of competition.,Potential Day 2 Pick,LB
201600316,Devin Bush Jr.,2016,ILB,0.8951,87.7452,61.61758804321289,67.79730156941055,67.79730156941055,Elite Power 4,All-Conference/All-American honors.,First round NFL Draft talent,Meaningful G5 Contributor,Standout starter at the Group of 5 level; high-end depth in Power 4.,Potential Day 3 Pick,Meaningful G5 Contributor,Standout starter at the Group of 5 level; high-end depth in Power 4.,Potential Day 3 Pick,LB
201600325,Zach McCloud,2016,OLB,0.8942,62.6596,59.98267364501953,64.41018479405642,64.41018479405642,Meaningful G5 Contributor,Standout starter at the Group of 5 level; high-end depth in Power 4.,Potential Day 3 Pick,Multi-Year Starter,Consistent career presence; reliable rotational player or specialist.,nan,Meaningful G5 Contributor,Standout starter at the Group of 5 level; high-end depth in Power 4.,Potential Day 3 Pick,LB
201600358,Brandon Bouyer-Randle,2016,OLB,0.8877,58.6993,60.46596145629883,65.15940523565789,65.15940523565789,Multi-Year Starter,Consistent career presence; reliable rotational player or specialist.,nan,Meaningful G5 Contributor,Standout starter at the Group of 5 level; high-end depth in Power 4.,Potential Day 3 Pick,Meaningful G5 Contributor,Standout starter at the Group of 5 level; high-end depth in Power 4.,Potential Day 3 Pick,LB
201600367,Keith Simms,2016,OLB,0.8858,51.3067,63.382110595703125,72.85475457402003,72.85475457402003,Multi-Year Starter,Consistent career presence; reliable rotational player or specialist.,nan,Meaningful G5 Contributor,Standout starter at the Group of 5 level; high-end depth in Power 4.,Potential Day 3 Pick,Meaningful P4 Contributor,Reliable multi-year starter at the highest level of competition.,Potential Day 2 Pick,LB
201600381,Emmett Rice,2016,OLB,0.8839,63.5762,51.51457977294922,49.60714959263717,49.60714959263717,Meaningful G5 Contributor,Standout starter at the Group of 5 level; high-end depth in Power 4.,Potential Day 3 Pick,Multi-Year Starter,Consistent career presence; reliable rotational player or specialist.,nan,Single Season Contributor,Late bloomer or one-year starter; limited career longevity.,nan,LB
201600400,Tyrel Dodson,2016,ILB,0.8824,71.8752,62.99180221557617,72.00185075513674,72.00185075513674,Meaningful P4 Contributor,Reliable multi-year starter at the highest level of competition.,Potential Day 2 Pick,Meaningful G5 Contributor,Standout starter at the Group of 5 level; high-end depth in Power 4.,Potential Day 3 Pick,Meaningful P4 Contributor,Reliable multi-year starter at the highest level of competition.,Potential Day 2 Pick,LB
201600407,Tre Threat,2016,OLB,0.8812,48.8806,62.9248046875,71.85128669746257,71.85128669746257,Single Season Contributor,Late bloomer or one-year starter; limited career longevity.,nan,Meaningful G5 Contributor,Standout starter at the Group of 5 level; high-end depth in Power 4.,Potential Day 3 Pick,Meaningful P4 Contributor,Reliable multi-year starter at the highest level of competition.,Potential Day 2 Pick,LB
201600417,Erroll Thompson,2016,ILB,0.8807,83.3139,56.78743362426758,60.13831501121791,60.13831501121791,Elite Power 4,All-Conference/All-American honors.,First round NFL Draft talent,Multi-Year Starter,Consistent career presence; reliable rotational player or specialist.,nan,Meaningful G5 Contributor,Standout starter at the Group of 5 level; high-end depth in Power 4.,Potential Day 3 Pick,LB
201600423,Calvin Bundage,2016,OLB,0.8797,69.9583,54.869422912597656,57.21261697633223,57.21261697633223,Meaningful G5 Contributor,Standout starter at the Group of 5 level; high-end depth in Power 4.,Potential Day 3 Pick,Multi-Year Starter,Consistent career presence; reliable rotational player or specialist.,nan,Multi-Year Starter,Consistent career presence; reliable rotational player or specialist.,nan,LB
201600424,Brandon Hill,2016,OLB,0.8797,55.4287,56.560546875,59.71803753846483,59.71803753846483,Multi-Year Starter,Consistent career presence; reliable rotational player or specialist.,nan,Multi-Year Starter,Consistent career presence; reliable rotational player or specialist.,nan,Multi-Year Starter,Consistent career presence; reliable rotational player or specialist.,nan,LB
201600446,Jonathan Jones,2016,OLB,0.8773,55.8017,53.89923095703125,55.15318338247734,55.15318338247734,Multi-Year Starter,Consistent career presence; reliable rotational player or specialist.,nan,Multi-Year Starter,Consistent career presence; reliable rotational player or specialist.,nan,Multi-Year Starter,Consistent career presence; reliable rotational player or specialist.,nan,LB
201600451,Koby Quansah,2016,OLB,0.8762,62.3406,62.489234924316406,70.51616449708457,70.51616449708457,Meaningful G5 Contributor,Standout starter at the Group of 5 level; high-end depth in Power 4.,Potential Day 3 Pick,Meaningful G5 Contributor,Standout starter at the Group of 5 level; high-end depth in Power 4.,Potential Day 3 Pick,Meaningful P4 Contributor,Reliable multi-year starter at the highest level of competition.,Potential Day 2 Pick,LB
201600470,Noah Burks,2016,OLB,0.875,57.746,62.055355072021484,69.07174009239594,69.07174009239594,Multi-Year Starter,Consistent career presence; reliable rotational player or specialist.,nan,Meaningful G5 Contributor,Standout starter at the Group of 5 level; high-end depth in Power 4.,Potential Day 3 Pick,Meaningful G5 Contributor,Standout starter at the Group of 5 level; high-end depth in Power 4.,Potential Day 3 Pick,LB
201600476,Griffin Grady,2016,ILB,0.8744,51.0894,60.11112594604492,64.51260849406198,64.51260849406198,Multi-Year Starter,Consistent career presence; reliable rotational player or specialist.,nan,Meaningful G5 Contributor,Standout starter at the Group of 5 level; high-end depth in Power 4.,Potential Day 3 Pick,Meaningful G5 Contributor,Standout starter at the Group of 5 level; high-end depth in Power 4.,Potential Day 3 Pick,LB
201600497,P.J. Blue,2016,OLB,0.8728,46.8938,55.25276184082031,57.71980743864822,57.71980743864822,Single Season Contributor,Late bloomer or one-year starter; limited career longevity.,nan,Multi-Year Starter,Consistent career presence; reliable rotational player or specialist.,nan,Multi-Year Starter,Consistent career presence; reliable rotational player or specialist.,nan,LB
201600500,Joel Dublanko,2016,ILB,0.8725,63.8666,56.92110824584961,60.4598004391468,60.4598004391468,Meaningful G5 Contributor,Standout starter at the Group of 5 level; high-end depth in Power 4.,Potential Day 3 Pick,Multi-Year Starter,Consistent career presence; reliable rotational player or specialist.,nan,Meaningful G5 Contributor,Standout starter at the Group of 5 level; high-end depth in Power 4.,Potential Day 3 Pick,LB
201600508,Michael Pinckney,2016,ILB,0.8719,77.4877,57.86377716064453,61.788619348857296,61.788619348857296,Meaningful P4 Contributor,Reliable multi-year starter at the highest level of competition.,Potential Day 2 Pick,Multi-Year Starter,Consistent career presence; reliable rotational player or specialist.,nan,Meaningful G5 Contributor,Standout starter at the Group of 5 level; high-end depth in Power 4.,Potential Day 3 Pick,LB
201600539,Deonte Williams,2016,OLB,0.8686,42.0288,53.90317153930664,55.162584722371534,55.162584722371534,Single Season Contributor,Late bloomer or one-year starter; limited career longevity.,nan,Multi-Year Starter,Consistent career presence; reliable rotational player or specialist.,nan,Multi-Year Starter,Consistent career presence; reliable rotational player or specialist.,nan,LB
201600553,Jordan Carmouche,2016,OLB,0.8678,58.9352,53.317508697509766,54.023824148247854,54.023824148247854,Multi-Year Starter,Consistent career presence; reliable rotational player or specialist.,nan,Multi-Year Starter,Consistent career presence; reliable rotational player or specialist.,nan,Multi-Year Starter,Consistent career presence; reliable rotational player or specialist.,nan,LB
201600556,Ja'Quain Blakely,2016,OLB,0.8675,41.4144,56.351356506347656,59.34858544111228,59.34858544111228,Single Season Contributor,Late bloomer or one-year starter; limited career longevity.,nan,Multi-Year Starter,Consistent career presence; reliable rotational player or specialist.,nan,Multi-Year Starter,Consistent career presence; reliable rotational player or specialist.,nan,LB
201600573,Jonathan Smith,2016,ILB,0.8661,55.0597,57.843406677246094,61.75771007568097,61.75771007568097,Multi-Year Starter,Consistent career presence; reliable rotational player or specialist.,nan,Multi-Year Starter,Consistent career presence; reliable rotational player or specialist.,nan,Meaningful G5 Contributor,Standout starter at the Group of 5 level; high-end depth in Power 4.,Potential Day 3 Pick,LB
201600576,Chase Pine,2016,OLB,0.8656,63.5379,57.568946838378906,61.422346073116145,61.422346073116145,Meaningful G5 Contributor,Standout starter at the Group of 5 level; high-end depth in Power 4.,Potential Day 3 Pick,Multi-Year Starter,Consistent career presence; reliable rotational player or specialist.,nan,Meaningful G5 Contributor,Standout starter at the Group of 5 level; high-end depth in Power 4.,Potential Day 3 Pick,LB
201600598,Donta Evans,2016,ILB,0.8644,57.3471,59.796142578125,64.27692123371791,64.27692123371791,Multi-Year Starter,Consistent career presence; reliable rotational player or specialist.,nan,Multi-Year Starter,Consistent career presence; reliable rotational player or specialist.,nan,Meaningful G5 Contributor,Standout starter at the Group of 5 level; high-end depth in Power 4.,Potential Day 3 Pick,LB
201600603,Maciah Long,2016,ILB,0.8639,42.3434,53.35285949707031,54.13641260809894,54.13641260809894,Single Season Contributor,Late bloomer or one-year starter; limited career longevity.,nan,Multi-Year Starter,Consistent career presence; reliable rotational player or specialist.,nan,Multi-Year Starter,Consistent career presence; reliable rotational player or specialist.,nan,LB
201600631,Vosean Joseph,2016,OLB,0.8622,64.9598,57.057395935058594,60.78208842419285,60.78208842419285,Meaningful G5 Contributor,Standout starter at the Group of 5 level; high-end depth in Power 4.,Potential Day 3 Pick,Multi-Year Starter,Consistent career presence; reliable rotational player or specialist.,nan,Meaningful G5 Contributor,Standout starter at the Group of 5 level; high-end depth in Power 4.,Potential Day 3 Pick,LB
201600661,Tim Hart,2016,ILB,0.8606,58.8455,62.61125564575195,71.02900406139524,71.02900406139524,Multi-Year Starter,Consistent career presence; reliable rotational player or specialist.,nan,Meaningful G5 Contributor,Standout starter at the Group of 5 level; high-end depth in Power 4.,Potential Day 3 Pick,Meaningful P4 Contributor,Reliable multi-year starter at the highest level of competition.,Potential Day 2 Pick,LB
201600679,James Skalski,2016,OLB,0.8597,66.4261,59.3077507019043,63.66504983747325,63.66504983747325,Meaningful G5 Contributor,Standout starter at the Group of 5 level; high-end depth in Power 4.,Potential Day 3 Pick,Multi-Year Starter,Consistent career presence; reliable rotational player or specialist.,nan,Meaningful G5 Contributor,Standout starter at the Group of 5 level; high-end depth in Power 4.,Potential Day 3 Pick,LB
201600682,Xander Gagnon,2016,OLB,0.8597,58.7206,62.3167724609375,69.92340621074055,69.92340621074055,Multi-Year Starter,Consistent career presence; reliable rotational player or specialist.,nan,Meaningful G5 Contributor,Standout starter at the Group of 5 level; high-end depth in Power 4.,Potential Day 3 Pick,Meaningful G5 Contributor,Standout starter at the Group of 5 level; high-end depth in Power 4.,Potential Day 3 Pick,LB
201600712,Dele Harding,2016,ILB,0.8578,65.0348,64.6370849609375,75.9312880968629,75.9312880968629,Meaningful G5 Contributor,Standout starter at the Group of 5 level; high-end depth in Power 4.,Potential Day 3 Pick,Meaningful G5 Contributor,Standout starter at the Group of 5 level; high-end depth in Power 4.,Potential Day 3 Pick,Meaningful P4 Contributor,Reliable multi-year starter at the highest level of competition.,Potential Day 2 Pick,LB
201600725,De'Jon Harris,2016,ILB,0.8572,82.3718,56.854713439941406,60.29718890798327,60.29718890798327,Elite Power 4,All-Conference/All-American honors.,First round NFL Draft talent,Multi-Year Starter,Consistent career presence; reliable rotational player or specialist.,nan,Meaningful G5 Contributor,Standout starter at the Group of 5 level; high-end depth in Power 4.,Potential Day 3 Pick,LB
201600727,Jordan Iosefa,2016,ILB,0.857,59.4302,62.95030212402344,71.90935744455162,71.90935744455162,Multi-Year Starter,Consistent career presence; reliable rotational player or specialist.,nan,Meaningful G5 Contributor,Standout starter at the Group of 5 level; high-end depth in Power 4.,Potential Day 3 Pick,Meaningful P4 Contributor,Reliable multi-year starter at the highest level of competition.,Potential Day 2 Pick,LB
201600763,Zach Sandwisch,2016,OLB,0.8556,51.6771,52.30344009399414,51.6814297950702,51.6814297950702,Multi-Year Starter,Consistent career presence; reliable rotational player or specialist.,nan,Multi-Year Starter,Consistent career presence; reliable rotational player or specialist.,nan,Multi-Year Starter,Consistent career presence; reliable rotational player or specialist.,nan,LB
201600791,Andre Polk,2016,OLB,0.8544,22.4865,55.720176696777344,58.398644592437094,58.398644592437094,Partial Season Contributor,Rotational backup or special teams contributor; limited starts.,nan,Multi-Year Starter,Consistent career presence; reliable rotational player or specialist.,nan,Multi-Year Starter,Consistent career presence; reliable rotational player or specialist.,nan,LB
201600835,Giovanni LaFrance,2016,ILB,0.8525,45.2618,63.519920349121094,73.11665699128613,73.11665699128613,Single Season Contributor,Late bloomer or one-year starter; limited career longevity.,nan,Meaningful G5 Contributor,Standout starter at the Group of 5 level; high-end depth in Power 4.,Potential Day 3 Pick,Meaningful P4 Contributor,Reliable multi-year starter at the highest level of competition.,Potential Day 2 Pick,LB
201600841,Dominique Ross,2016,OLB,0.8522,60.4369,51.93967056274414,50.55036845337717,50.55036845337717,Meaningful G5 Contributor,Standout starter at the Group of 5 level; high-end depth in Power 4.,Potential Day 3 Pick,Multi-Year Starter,Consistent career presence; reliable rotational player or specialist.,nan,Multi-Year Starter,Consistent career presence; reliable rotational player or specialist.,nan,LB
201600843,T.J. Brunson,2016,ILB,0.8522,75.3926,56.39497756958008,59.40481166318276,59.40481166318276,Meaningful P4 Contributor,Reliable multi-year starter at the highest level of competition.,Potential Day 2 Pick,Multi-Year Starter,Consistent career presence; reliable rotational player or specialist.,nan,Multi-Year Starter,Consistent career presence; reliable rotational player or specialist.,nan,LB
201600846,Collin Miller,2016,OLB,0.8519,61.6384,60.359657287597656,64.8352608938213,64.8352608938213,Meaningful G5 Contributor,Standout starter at the Group of 5 level; high-end depth in Power 4.,Potential Day 3 Pick,Meaningful G5 Contributor,Standout starter at the Group of 5 level; high-end depth in Power 4.,Potential Day 3 Pick,Meaningful G5 Contributor,Standout starter at the Group of 5 level; high-end depth in Power 4.,Potential Day 3 Pick,LB
201600891,Jordyn Brooks,2016,OLB,0.8497,78.4031,50.91859436035156,47.90195589685479,47.90195589685479,Meaningful P4 Contributor,Reliable multi-year starter at the highest level of competition.,Potential Day 2 Pick,Multi-Year Starter,Consistent career presence; reliable rotational player or specialist.,nan,Single Season Contributor,Late bloomer or one-year starter; limited career longevity.,nan,LB
201600919,Tavante Beckett,2016,OLB,0.8489,68.4698,58.06123733520508,62.11861931252416,62.11861931252416,Meaningful G5 Contributor,Standout starter at the Group of 5 level; high-end depth in Power 4.,Potential Day 3 Pick,Multi-Year Starter,Consistent career presence; reliable rotational player or specialist.,nan,Meaningful G5 Contributor,Standout starter at the Group of 5 level; high-end depth in Power 4.,Potential Day 3 Pick,LB
201600921,Jacob Colacion,2016,OLB,0.8489,50.5029,58.10203552246094,62.182070635791355,62.182070635791355,Multi-Year Starter,Consistent career presence; reliable rotational player or specialist.,nan,Multi-Year Starter,Consistent career presence; reliable rotational player or specialist.,nan,Meaningful G5 Contributor,Standout starter at the Group of 5 level; high-end depth in Power 4.,Potential Day 3 Pick,LB
201600922,Keenan Pili,2016,OLB,0.8489,59.3566,56.563899993896484,59.72328228989447,59.72328228989447,Multi-Year Starter,Consistent career presence; reliable rotational player or specialist.,nan,Multi-Year Starter,Consistent career presence; reliable rotational player or specialist.,nan,Multi-Year Starter,Consistent career presence; reliable rotational player or specialist.,nan,LB
201600928,Riley Cole,2016,OLB,0.8483,55.2156,54.78335189819336,56.975364852231486,56.975364852231486,Multi-Year Starter,Consistent career presence; reliable rotational player or specialist.,nan,Multi-Year Starter,Consistent career presence; reliable rotational player or specialist.,nan,Multi-Year Starter,Consistent career presence; reliable rotational player or specialist.,nan,LB
201600944,Nick Niemann,2016,OLB,0.8481,62.7947,52.842533111572266,52.74000614869249,52.74000614869249,Meaningful G5 Contributor,Standout starter at the Group of 5 level; high-end depth in Power 4.,Potential Day 3 Pick,Multi-Year Starter,Consistent career presence; reliable rotational player or specialist.,nan,Multi-Year Starter,Consistent career presence; reliable rotational player or specialist.,nan,LB
201600948,Zo Bridges,2016,OLB,0.8475,49.7462,51.25642776489258,48.84670728703486,48.84670728703486,Single Season Contributor,Late bloomer or one-year starter; limited career longevity.,nan,Multi-Year Starter,Consistent career presence; reliable rotational player or specialist.,nan,Single Season Contributor,Late bloomer or one-year starter; limited career longevity.,nan,LB
201600979,Armani Posey,2016,OLB,0.8463,36.9857,55.20942306518555,57.617830915039676,57.617830915039676,Partial Season Contributor,Rotational backup or special teams contributor; limited starts.,nan,Multi-Year Starter,Consistent career presence; reliable rotational player or specialist.,nan,Multi-Year Starter,Consistent career presence; reliable rotational player or specialist.,nan,LB
201600999,Brett Shepherd,2016,OLB,0.8453,56.9742,54.18161392211914,55.775155319531585,55.775155319531585,Multi-Year Starter,Consistent career presence; reliable rotational player or specialist.,nan,Multi-Year Starter,Consistent career presence; reliable rotational player or specialist.,nan,Multi-Year Starter,Consistent career presence; reliable rotational player or specialist.,nan,LB
201601010,Thomas Barber,2016,ILB,0.8447,65.9277,61.47262191772461,67.41273765870885,67.41273765870885,Meaningful G5 Contributor,Standout starter at the Group of 5 level; high-end depth in Power 4.,Potential Day 3 Pick,Meaningful G5 Contributor,Standout starter at the Group of 5 level; high-end depth in Power 4.,Potential Day 3 Pick,Meaningful G5 Contributor,Standout starter at the Group of 5 level; high-end depth in Power 4.,Potential Day 3 Pick,LB
201601022,Jamir Jones,2016,OLB,0.8439,53.2131,45.816524505615234,31.31560840208758,31.31560840208758,Multi-Year Starter,Consistent career presence; reliable rotational player or specialist.,nan,Single Season Contributor,Late bloomer or one-year starter; limited career longevity.,nan,Partial Season Contributor,Rotational backup or special teams contributor; limited starts.,nan,LB
201601024,Joe Bachie,2016,ILB,0.8439,80.6235,55.921730041503906,58.67941294789474,58.67941294789474,Elite Power 4,All-Conference/All-American honors.,First round NFL Draft talent,Multi-Year Starter,Consistent career presence; reliable rotational player or specialist.,nan,Multi-Year Starter,Consistent career presence; reliable rotational player or specialist.,nan,LB
201601037,Brayden Stringer,2016,ILB,0.8433,61.9086,53.57300567626953,54.477532461864314,54.477532461864314,Meaningful G5 Contributor,Standout starter at the Group of 5 level; high-end depth in Power 4.,Potential Day 3 Pick,Multi-Year Starter,Consistent career presence; reliable rotational player or specialist.,nan,Multi-Year Starter,Consistent career presence; reliable rotational player or specialist.,nan,LB
201601065,Paddy Fisher,2016,ILB,0.8425,79.2838,52.26296615600586,51.577457725689634,51.577457725689634,Meaningful P4 Contributor,Reliable multi-year starter at the highest level of competition.,Potential Day 2 Pick,Multi-Year Starter,Consistent career presence; reliable rotational player or specialist.,nan,Multi-Year Starter,Consistent career presence; reliable rotational player or specialist.,nan,LB
201601090,Andrzej Hughes-Murray,2016,ILB,0.8417,62.4197,53.05542755126953,53.212348109938254,53.212348109938254,Meaningful G5 Contributor,Standout starter at the Group of 5 level; high-end depth in Power 4.,Potential Day 3 Pick,Multi-Year Starter,Consistent career presence; reliable rotational player or specialist.,nan,Multi-Year Starter,Consistent career presence; reliable rotational player or specialist.,nan,LB
201601091,Will Kwenkeu,2016,OLB,0.8417,62.1576,62.581878662109375,70.90553585603817,70.90553585603817,Meaningful G5 Contributor,Standout starter at the Group of 5 level; high-end depth in Power 4.,Potential Day 3 Pick,Meaningful G5 Contributor,Standout starter at the Group of 5 level; high-end depth in Power 4.,Potential Day 3 Pick,Meaningful P4 Contributor,Reliable multi-year starter at the highest level of competition.,Potential Day 2 Pick,LB
201601112,Layton Garnett,2016,ILB,0.84,43.6059,46.586456298828125,33.44401084012469,33.44401084012469,Single Season Contributor,Late bloomer or one-year starter; limited career longevity.,nan,Single Season Contributor,Late bloomer or one-year starter; limited career longevity.,nan,Partial Season Contributor,Rotational backup or special teams contributor; limited starts.,nan,LB
201601153,Elias Reynolds,2016,OLB,0.8389,53.5012,42.608184814453125,25.94082008932284,25.94082008932284,Multi-Year Starter,Consistent career presence; reliable rotational player or specialist.,nan,Single Season Contributor,Late bloomer or one-year starter; limited career longevity.,nan,Partial Season Contributor,Rotational backup or special teams contributor; limited starts.,nan,LB
201601174,Johnathan Picone,2016,OLB,0.8378,44.2497,55.818302154541016,58.49658251594878,58.49658251594878,Single Season Contributor,Late bloomer or one-year starter; limited career longevity.,nan,Multi-Year Starter,Consistent career presence; reliable rotational player or specialist.,nan,Multi-Year Starter,Consistent career presence; reliable rotational player or specialist.,nan,LB
201601178,Rashawn Battle,2016,OLB,0.8375,62.1317,50.76084899902344,47.14018774367305,47.14018774367305,Meaningful G5 Contributor,Standout starter at the Group of 5 level; high-end depth in Power 4.,Potential Day 3 Pick,Multi-Year Starter,Consistent career presence; reliable rotational player or specialist.,nan,Single Season Contributor,Late bloomer or one-year starter; limited career longevity.,nan,LB
201601183,Brock Miller,2016,OLB,0.8375,57.1333,51.836612701416016,50.24446199509605,50.24446199509605,Multi-Year Starter,Consistent career presence; reliable rotational player or specialist.,nan,Multi-Year Starter,Consistent career presence; reliable rotational player or specialist.,nan,Multi-Year Starter,Consistent career presence; reliable rotational player or specialist.,nan,LB
201601187,Tim Walton,2016,ILB,0.8372,33.0632,58.43366622924805,62.73449000317401,62.73449000317401,Partial Season Contributor,Rotational backup or special teams contributor; limited starts.,nan,Multi-Year Starter,Consistent career presence; reliable rotational player or specialist.,nan,Meaningful G5 Contributor,Standout starter at the Group of 5 level; high-end depth in Power 4.,Potential Day 3 Pick,LB
201601235,Dru Mathis,2016,ILB,0.835,46.3489,53.01245880126953,53.064726957452415,53.064726957452415,Single Season Contributor,Late bloomer or one-year starter; limited career longevity.,nan,Multi-Year Starter,Consistent career presence; reliable rotational player or specialist.,nan,Multi-Year Starter,Consistent career presence; reliable rotational player or specialist.,nan,LB
201601236,Jahad Woods,2016,ILB,0.835,78.7985,60.929813385009766,66.31926649049053,66.31926649049053,Meaningful P4 Contributor,Reliable multi-year starter at the highest level of competition.,Potential Day 2 Pick,Meaningful G5 Contributor,Standout starter at the Group of 5 level; high-end depth in Power 4.,Potential Day 3 Pick,Meaningful G5 Contributor,Standout starter at the Group of 5 level; high-end depth in Power 4.,Potential Day 3 Pick,LB
201601258,Robert Snyder,2016,OLB,0.8342,52.2198,54.365379333496094,56.079556409082734,56.079556409082734,Multi-Year Starter,Consistent career presence; reliable rotational player or specialist.,nan,Multi-Year Starter,Consistent career presence; reliable rotational player or specialist.,nan,Multi-Year Starter,Consistent career presence; reliable rotational player or specialist.,nan,LB
201601272,Jackson Kaufusi,2016,OLB,0.8337,59.4523,52.27809143066406,51.61631250939312,51.61631250939312,Multi-Year Starter,Consistent career presence; reliable rotational player or specialist.,nan,Multi-Year Starter,Consistent career presence; reliable rotational player or specialist.,nan,Multi-Year Starter,Consistent career presence; reliable rotational player or specialist.,nan,LB
201601277,Mason Stokke,2016,OLB,0.8333,40.8027,52.45281982421875,52.06277667694796,52.06277667694796,Single Season Contributor,Late bloomer or one-year starter; limited career longevity.,nan,Multi-Year Starter,Consistent career presence; reliable rotational player or specialist.,nan,Multi-Year Starter,Consistent career presence; reliable rotational player or specialist.,nan,LB
201601301,Tyson Maeva,2016,ILB,0.8333,61.1603,55.08064270019531,57.39614608661761,57.39614608661761,Meaningful G5 Contributor,Standout starter at the Group of 5 level; high-end depth in Power 4.,Potential Day 3 Pick,Multi-Year Starter,Consistent career presence; reliable rotational player or specialist.,nan,Multi-Year Starter,Consistent career presence; reliable rotational player or specialist.,nan,LB
201601341,Landan Word,2016,ILB,0.8331,43.131,56.45343017578125,59.50542258432361,59.50542258432361,Single Season Contributor,Late bloomer or one-year starter; limited career longevity.,nan,Multi-Year Starter,Consistent career presence; reliable rotational player or specialist.,nan,Multi-Year Starter,Consistent career presence; reliable rotational player or specialist.,nan,LB
201601349,Ty Sponseller,2016,OLB,0.8328,50.8724,52.59170913696289,52.2813059553329,52.2813059553329,Multi-Year Starter,Consistent career presence; reliable rotational player or specialist.,nan,Multi-Year Starter,Consistent career presence; reliable rotational player or specialist.,nan,Multi-Year Starter,Consistent career presence; reliable rotational player or specialist.,nan,LB
201601383,Jeremiah Pritchard,2016,OLB,0.8317,57.6236,57.147640228271484,60.95215719997806,60.95215719997806,Multi-Year Starter,Consistent career presence; reliable rotational player or specialist.,nan,Multi-Year Starter,Consistent career presence; reliable rotational player or specialist.,nan,Meaningful G5 Contributor,Standout starter at the Group of 5 level; high-end depth in Power 4.,Potential Day 3 Pick,LB
201601388,Kevin Meitzenheimer,2016,OLB,0.8315,60.1819,55.044090270996094,57.361301239971134,57.361301239971134,Meaningful G5 Contributor,Standout starter at the Group of 5 level; high-end depth in Power 4.,Potential Day 3 Pick,Multi-Year Starter,Consistent career presence; reliable rotational player or specialist.,nan,Multi-Year Starter,Consistent career presence; reliable rotational player or specialist.,nan,LB
201601431,Rob Simmons,2016,OLB,0.8294,43.0555,49.76300811767578,44.00914380430304,44.00914380430304,Single Season Contributor,Late bloomer or one-year starter; limited career longevity.,nan,Single Season Contributor,Late bloomer or one-year starter; limited career longevity.,nan,Single Season Contributor,Late bloomer or one-year starter; limited career longevity.,nan,LB
201601432,Amani Jones,2016,ILB,0.8292,63.847,59.14259719848633,63.34270628747277,63.34270628747277,Meaningful G5 Contributor,Standout starter at the Group of 5 level; high-end depth in Power 4.,Potential Day 3 Pick,Multi-Year Starter,Consistent career presence; reliable rotational player or specialist.,nan,Meaningful G5 Contributor,Standout starter at the Group of 5 level; high-end depth in Power 4.,Potential Day 3 Pick,LB
201601433,Max Richardson,2016,ILB,0.8292,74.4215,57.52468490600586,61.361172710311926,61.361172710311926,Meaningful P4 Contributor,Reliable multi-year starter at the highest level of competition.,Potential Day 2 Pick,Multi-Year Starter,Consistent career presence; reliable rotational player or specialist.,nan,Meaningful G5 Contributor,Standout starter at the Group of 5 level; high-end depth in Power 4.,Potential Day 3 Pick,LB
201601436,Akil Jones,2016,OLB,0.8292,57.2333,55.81034469604492,58.48703886206924,58.48703886206924,Multi-Year Starter,Consistent career presence; reliable rotational player or specialist.,nan,Multi-Year Starter,Consistent career presence; reliable rotational player or specialist.,nan,Multi-Year Starter,Consistent career presence; reliable rotational player or specialist.,nan,LB
201601442,Dee Walker,2016,OLB,0.8289,51.2773,54.035858154296875,55.47137217430967,55.47137217430967,Multi-Year Starter,Consistent career presence; reliable rotational player or specialist.,nan,Multi-Year Starter,Consistent career presence; reliable rotational player or specialist.,nan,Multi-Year Starter,Consistent career presence; reliable rotational player or specialist.,nan,LB
201601457,Andrew Armstrong,2016,OLB,0.8281,62.4373,46.79364013671875,33.972119378143866,33.972119378143866,Meaningful G5 Contributor,Standout starter at the Group of 5 level; high-end depth in Power 4.,Potential Day 3 Pick,Single Season Contributor,Late bloomer or one-year starter; limited career longevity.,nan,Partial Season Contributor,Rotational backup or special teams contributor; limited starts.,nan,LB
201601463,Lawson Hall,2016,OLB,0.8281,61.555,53.9632568359375,55.30593467849295,55.30593467849295,Meaningful G5 Contributor,Standout starter at the Group of 5 level; high-end depth in Power 4.,Potential Day 3 Pick,Multi-Year Starter,Consistent career presence; reliable rotational player or specialist.,nan,Multi-Year Starter,Consistent career presence; reliable rotational player or specialist.,nan,LB
201601477,Amen Ogbongbemiga,2016,OLB,0.8272,71.9626,56.6788215637207,59.90303585254446,59.90303585254446,Meaningful P4 Contributor,Reliable multi-year starter at the highest level of competition.,Potential Day 2 Pick,Multi-Year Starter,Consistent career presence; reliable rotational player or specialist.,nan,Multi-Year Starter,Consistent career presence; reliable rotational player or specialist.,nan,LB
201601516,Troy Cassidy,2016,OLB,0.8258,61.0389,55.538795471191406,58.17618888924888,58.17618888924888,Meaningful G5 Contributor,Standout starter at the Group of 5 level; high-end depth in Power 4.,Potential Day 3 Pick,Multi-Year Starter,Consistent career presence; reliable rotational player or specialist.,nan,Multi-Year Starter,Consistent career presence; reliable rotational player or specialist.,nan,LB
201601560,Ikem Okeke,2016,OLB,0.8242,48.4959,58.57737350463867,62.86564105556512,62.86564105556512,Single Season Contributor,Late bloomer or one-year starter; limited career longevity.,nan,Multi-Year Starter,Consistent career presence; reliable rotational player or specialist.,nan,Meaningful G5 Contributor,Standout starter at the Group of 5 level; high-end depth in Power 4.,Potential Day 3 Pick,LB
201601571,Robert Revels,2016,ILB,0.8236,63.7303,53.19499588012695,53.64400500870935,53.64400500870935,Meaningful G5 Contributor,Standout starter at the Group of 5 level; high-end depth in Power 4.,Potential Day 3 Pick,Multi-Year Starter,Consistent career presence; reliable rotational player or specialist.,nan,Multi-Year Starter,Consistent career presence; reliable rotational player or specialist.,nan,LB
201601574,Tymar Sutton,2016,OLB,0.8236,54.6019,62.862030029296875,71.69142401504008,71.69142401504008,Multi-Year Starter,Consistent career presence; reliable rotational player or specialist.,nan,Meaningful G5 Contributor,Standout starter at the Group of 5 level; high-end depth in Power 4.,Potential Day 3 Pick,Meaningful P4 Contributor,Reliable multi-year starter at the highest level of competition.,Potential Day 2 Pick,LB
201601628,Rashad Smith,2016,OLB,0.8215,67.538,46.484107971191406,33.15501120574911,33.15501120574911,Meaningful G5 Contributor,Standout starter at the Group of 5 level; high-end depth in Power 4.,Potential Day 3 Pick,Single Season Contributor,Late bloomer or one-year starter; limited career longevity.,nan,Partial Season Contributor,Rotational backup or special teams contributor; limited starts.,nan,LB
201601657,Noah Spears,2016,ILB,0.8203,42.9384,51.685298919677734,49.991959413675005,49.991959413675005,Single Season Contributor,Late bloomer or one-year starter; limited career longevity.,nan,Multi-Year Starter,Consistent career presence; reliable rotational player or specialist.,nan,Single Season Contributor,Late bloomer or one-year starter; limited career longevity.,nan,LB
201601774,Omari Cobb,2016,OLB,0.8144,57.9307,55.3688850402832,57.92420308580977,57.92420308580977,Multi-Year Starter,Consistent career presence; reliable rotational player or specialist.,nan,Multi-Year Starter,Consistent career presence; reliable rotational player or specialist.,nan,Multi-Year Starter,Consistent career presence; reliable rotational player or specialist.,nan,LB
201601782,Todd Bradley,2016,OLB,0.8136,55.8271,58.239288330078125,62.37760100892927,62.37760100892927,Multi-Year Starter,Consistent career presence; reliable rotational player or specialist.,nan,Multi-Year Starter,Consistent career presence; reliable rotational player or specialist.,nan,Meaningful G5 Contributor,Standout starter at the Group of 5 level; high-end depth in Power 4.,Potential Day 3 Pick,LB
201601783,Cameron Goode,2016,OLB,0.8136,78.241,47.252437591552734,35.25032298343031,35.25032298343031,Meaningful P4 Contributor,Reliable multi-year starter at the highest level of competition.,Potential Day 2 Pick,Single Season Contributor,Late bloomer or one-year starter; limited career longevity.,nan,Partial Season Contributor,Rotational backup or special teams contributor; limited starts.,nan,LB
201601826,Ryan Gilmartin,2016,ILB,0.8117,46.9424,52.64875793457031,52.34311367924274,52.34311367924274,Single Season Contributor,Late bloomer or one-year starter; limited career longevity.,nan,Multi-Year Starter,Consistent career presence; reliable rotational player or specialist.,nan,Multi-Year Starter,Consistent career presence; reliable rotational player or specialist.,nan,LB
201601834,Hal Vinson,2016,OLB,0.8115,58.0824,48.96903610229492,40.77888948370053,40.77888948370053,Multi-Year Starter,Consistent career presence; reliable rotational player or specialist.,nan,Single Season Contributor,Late bloomer or one-year starter; limited career longevity.,nan,Single Season Contributor,Late bloomer or one-year starter; limited career longevity.,nan,LB
201601893,Shemar Smith,2016,OLB,0.8103,58.8563,50.092342376708984,45.34431668207885,45.34431668207885,Multi-Year Starter,Consistent career presence; reliable rotational player or specialist.,nan,Multi-Year Starter,Consistent career presence; reliable rotational player or specialist.,nan,Single Season Contributor,Late bloomer or one-year starter; limited career longevity.,nan,LB
201601955,Cale Garrett,2016,ILB,0.8074,74.9555,49.915740966796875,44.63964525025806,44.63964525025806,Meaningful P4 Contributor,Reliable multi-year starter at the highest level of competition.,Potential Day 2 Pick,Single Season Contributor,Late bloomer or one-year starter; limited career longevity.,nan,Single Season Contributor,Late bloomer or one-year starter; limited career longevity.,nan,LB
201601980,Semisi Fakasiieiki,2016,OLB,0.8059,43.4881,54.674312591552734,56.68650990032267,56.68650990032267,Single Season Contributor,Late bloomer or one-year starter; limited career longevity.,nan,Multi-Year Starter,Consistent career presence; reliable rotational player or specialist.,nan,Multi-Year Starter,Consistent career presence; reliable rotational player or specialist.,nan,LB
201601985,Jake Hansen,2016,ILB,0.8056,73.2739,50.16471481323242,45.495718964969214,45.495718964969214,Meaningful P4 Contributor,Reliable multi-year starter at the highest level of competition.,Potential Day 2 Pick,Multi-Year Starter,Consistent career presence; reliable rotational player or specialist.,nan,Single Season Contributor,Late bloomer or one-year starter; limited career longevity.,nan,LB
201602010,Matt Terrell,2016,OLB,0.8039,45.1092,53.02108383178711,53.09435865363233,53.09435865363233,Single Season Contributor,Late bloomer or one-year starter; limited career longevity.,nan,Multi-Year Starter,Consistent career presence; reliable rotational player or specialist.,nan,Multi-Year Starter,Consistent career presence; reliable rotational player or specialist.,nan,LB
201602098,Grant Morgan,2016,ILB,0.8,77.68,51.741363525390625,50.08381232594476,50.08381232594476,Meaningful P4 Contributor,Reliable multi-year starter at the highest level of competition.,Potential Day 2 Pick,Multi-Year Starter,Consistent career presence; reliable rotational player or specialist.,nan,Multi-Year Starter,Consistent career presence; reliable rotational player or specialist.,nan,LB
201602110,Christian Gomez,2016,OLB,0.8,35.2679,54.59626388549805,56.495503203921025,56.495503203921025,Partial Season Contributor,Rotational backup or special teams contributor; limited starts.,nan,Multi-Year Starter,Consistent career presence; reliable rotational player or specialist.,nan,Multi-Year Starter,Consistent career presence; reliable rotational player or specialist.,nan,LB
201602126,Ryan Parker,2016,ILB,0.7993,57.5153,57.04974365234375,60.76766740866996,60.76766740866996,Multi-Year Starter,Consistent career presence; reliable rotational player or specialist.,nan,Multi-Year Starter,Consistent career presence; reliable rotational player or specialist.,nan,Meaningful G5 Contributor,Standout starter at the Group of 5 level; high-end depth in Power 4.,Potential Day 3 Pick,LB
201602143,Lakota Wills,2016,ILB,0.7983,54.0029,48.95403289794922,40.70325596731151,40.70325596731151,Multi-Year Starter,Consistent career presence; reliable rotational player or specialist.,nan,Single Season Contributor,Late bloomer or one-year starter; limited career longevity.,nan,Single Season Contributor,Late bloomer or one-year starter; limited career longevity.,nan,LB
201602166,Charles Akanno,2016,OLB,0.7974,40.2568,58.03973388671875,62.08059385387219,62.08059385387219,Single Season Contributor,Late bloomer or one-year starter; limited career longevity.,nan,Multi-Year Starter,Consistent career presence; reliable rotational player or specialist.,nan,Meaningful G5 Contributor,Standout starter at the Group of 5 level; high-end depth in Power 4.,Potential Day 3 Pick,LB
201602223,Brent Priester,2016,ILB,0.7933,12.5809,52.737693786621094,52.514852254180354,52.514852254180354,Minimal D1 Impact,Roster filler; medical DQ; or transferred to lower levels.,nan,Multi-Year Starter,Consistent career presence; reliable rotational player or specialist.,nan,Multi-Year Starter,Consistent career presence; reliable rotational player or specialist.,nan,LB
201602224,Lawrence Garner,2016,OLB,0.7933,51.1423,49.13432693481445,41.84091898464504,41.84091898464504,Multi-Year Starter,Consistent career presence; reliable rotational player or specialist.,nan,Single Season Contributor,Late bloomer or one-year starter; limited career longevity.,nan,Single Season Contributor,Late bloomer or one-year starter; limited career longevity.,nan,LB
201602230,Kameron Toomer,2016,ILB,0.7933,32.2903,56.15327072143555,59.04810074179251,59.04810074179251,Partial Season Contributor,Rotational backup or special teams contributor; limited starts.,nan,Multi-Year Starter,Consistent career presence; reliable rotational player or specialist.,nan,Multi-Year Starter,Consistent career presence; reliable rotational player or specialist.,nan,LB
201602263,Anthony Butler,2016,OLB,0.7926,56.1082,49.95899963378906,44.83476564887247,44.83476564887247,Multi-Year Starter,Consistent career presence; reliable rotational player or specialist.,nan,Single Season Contributor,Late bloomer or one-year starter; limited career longevity.,nan,Single Season Contributor,Late bloomer or one-year starter; limited career longevity.,nan,LB
201602277,Aaron Ramseur,2016,ILB,0.7919,60.4214,51.16073989868164,48.5976559544731,48.5976559544731,Meaningful G5 Contributor,Standout starter at the Group of 5 level; high-end depth in Power 4.,Potential Day 3 Pick,Multi-Year Starter,Consistent career presence; reliable rotational player or specialist.,nan,Single Season Contributor,Late bloomer or one-year starter; limited career longevity.,nan,LB
201602289,Caleb Felton,2016,OLB,0.7911,43.9265,49.51856231689453,43.048130617255744,43.048130617255744,Single Season Contributor,Late bloomer or one-year starter; limited career longevity.,nan,Single Season Contributor,Late bloomer or one-year starter; limited career longevity.,nan,Single Season Contributor,Late bloomer or one-year starter; limited career longevity.,nan,LB
201602296,Blake Carlisle,2016,OLB,0.7906,36.4705,45.53156661987305,30.796741414297255,30.796741414297255,Partial Season Contributor,Rotational backup or special teams contributor; limited starts.,nan,Single Season Contributor,Late bloomer or one-year starter; limited career longevity.,nan,Partial Season Contributor,Rotational backup or special teams contributor; limited starts.,nan,LB
201602305,Keeath Magee II,2016,ILB,0.7906,48.5908,53.2669677734375,53.862856790465734,53.862856790465734,Single Season Contributor,Late bloomer or one-year starter; limited career longevity.,nan,Multi-Year Starter,Consistent career presence; reliable rotational player or specialist.,nan,Multi-Year Starter,Consistent career presence; reliable rotational player or specialist.,nan,LB
201602316,Shakur Cooper,2016,OLB,0.79,40.1376,46.872589111328125,34.173359146571556,34.173359146571556,Single Season Contributor,Late bloomer or one-year starter; limited career longevity.,nan,Single Season Contributor,Late bloomer or one-year starter; limited career longevity.,nan,Partial Season Contributor,Rotational backup or special teams contributor; limited starts.,nan,LB
201602342,Jordan Ward,2016,OLB,0.7894,47.9663,41.262298583984375,23.334888092083187,23.334888092083187,Single Season Contributor,Late bloomer or one-year starter; limited career longevity.,nan,Single Season Contributor,Late bloomer or one-year starter; limited career longevity.,nan,Partial Season Contributor,Rotational backup or special teams contributor; limited starts.,nan,LB
201602349,Tanner Holmes,2016,ILB,0.7893,20.6093,49.293907165527344,42.34441620891744,42.34441620891744,Partial Season Contributor,Rotational backup or special teams contributor; limited starts.,nan,Single Season Contributor,Late bloomer or one-year starter; limited career longevity.,nan,Single Season Contributor,Late bloomer or one-year starter; limited career longevity.,nan,LB
201602364,Jared Dorsa,2016,OLB,0.7893,54.3625,49.187923431396484,42.07123082270283,42.07123082270283,Multi-Year Starter,Consistent career presence; reliable rotational player or specialist.,nan,Single Season Contributor,Late bloomer or one-year starter; limited career longevity.,nan,Single Season Contributor,Late bloomer or one-year starter; limited career longevity.,nan,LB
201602373,Tainoa Foster,2016,OLB,0.7893,22.9429,53.08680725097656,53.320154537526015,53.320154537526015,Partial Season Contributor,Rotational backup or special teams contributor; limited starts.,nan,Multi-Year Starter,Consistent career presence; reliable rotational player or specialist.,nan,Multi-Year Starter,Consistent career presence; reliable rotational player or specialist.,nan,LB
201602402,Curt Bletzer,2016,OLB,0.7889,24.2718,48.30866622924805,38.27975622363383,38.27975622363383,Partial Season Contributor,Rotational backup or special teams contributor; limited starts.,nan,Single Season Contributor,Late bloomer or one-year starter; limited career longevity.,nan,Partial Season Contributor,Rotational backup or special teams contributor; limited starts.,nan,LB
201602475,Zach Lackman,2016,ILB,0.7883,37.6611,48.02788543701172,37.477566692689855,37.477566692689855,Partial Season Contributor,Rotational backup or special teams contributor; limited starts.,nan,Single Season Contributor,Late bloomer or one-year starter; limited career longevity.,nan,Partial Season Contributor,Rotational backup or special teams contributor; limited starts.,nan,LB
201602500,Ian Rudzik,2016,ILB,0.7859,43.953,56.301490783691406,59.28431004321937,59.28431004321937,Single Season Contributor,Late bloomer or one-year starter; limited career longevity.,nan,Multi-Year Starter,Consistent career presence; reliable rotational player or specialist.,nan,Multi-Year Starter,Consistent career presence; reliable rotational player or specialist.,nan,LB
201602511,Kenny Hebert,2016,OLB,0.7859,62.7225,48.59954071044922,39.580305392272315,39.580305392272315,Meaningful G5 Contributor,Standout starter at the Group of 5 level; high-end depth in Power 4.,Potential Day 3 Pick,Single Season Contributor,Late bloomer or one-year starter; limited career longevity.,nan,Partial Season Contributor,Rotational backup or special teams contributor; limited starts.,nan,LB
201602520,William Bradley-King,2016,OLB,0.7859,66.0444,51.31325912475586,49.01469660120296,49.01469660120296,Meaningful G5 Contributor,Standout starter at the Group of 5 level; high-end depth in Power 4.,Potential Day 3 Pick,Multi-Year Starter,Consistent career presence; reliable rotational player or specialist.,nan,Single Season Contributor,Late bloomer or one-year starter; limited career longevity.,nan,LB
201602527,Jacques Boudreaux,2016,ILB,0.7859,59.203,57.40618896484375,61.19740229155922,61.19740229155922,Multi-Year Starter,Consistent career presence; reliable rotational player or specialist.,nan,Multi-Year Starter,Consistent career presence; reliable rotational player or specialist.,nan,Meaningful G5 Contributor,Standout starter at the Group of 5 level; high-end depth in Power 4.,Potential Day 3 Pick,LB
201602535,Kyle Nevels,2016,ILB,0.7859,41.8951,55.42532730102539,58.00285910501906,58.00285910501906,Single Season Contributor,Late bloomer or one-year starter; limited career longevity.,nan,Multi-Year Starter,Consistent career presence; reliable rotational player or specialist.,nan,Multi-Year Starter,Consistent career presence; reliable rotational player or specialist.,nan,LB
201602579,Jaylin Thomas,2016,OLB,0.7833,60.7987,54.9022331237793,57.24054641967018,57.24054641967018,Meaningful G5 Contributor,Standout starter at the Group of 5 level; high-end depth in Power 4.,Potential Day 3 Pick,Multi-Year Starter,Consistent career presence; reliable rotational player or specialist.,nan,Multi-Year Starter,Consistent career presence; reliable rotational player or specialist.,nan,LB
201602587,Jake Ksiazek,2016,ILB,0.7826,49.7051,46.44173812866211,32.99541336784006,32.99541336784006,Single Season Contributor,Late bloomer or one-year starter; limited career longevity.,nan,Single Season Contributor,Late bloomer or one-year starter; limited career longevity.,nan,Partial Season Contributor,Rotational backup or special teams contributor; limited starts.,nan,LB
201602588,Lawrence Graham,2016,OLB,0.7826,60.1589,49.56303405761719,43.232973010021254,43.232973010021254,Meaningful G5 Contributor,Standout starter at the Group of 5 level; high-end depth in Power 4.,Potential Day 3 Pick,Single Season Contributor,Late bloomer or one-year starter; limited career longevity.,nan,Single Season Contributor,Late bloomer or one-year starter; limited career longevity.,nan,LB
201602610,Nigel Adams,2016,ILB,0.7822,34.6344,49.923545837402344,44.67246904001006,44.67246904001006,Partial Season Contributor,Rotational backup or special teams contributor; limited starts.,nan,Single Season Contributor,Late bloomer or one-year starter; limited career longevity.,nan,Single Season Contributor,Late bloomer or one-year starter; limited career longevity.,nan,LB
201602613,Bradley Clement,2016,OLB,0.7819,35.6162,51.58816146850586,49.82187064686697,49.82187064686697,Partial Season Contributor,Rotational backup or special teams contributor; limited starts.,nan,Multi-Year Starter,Consistent career presence; reliable rotational player or specialist.,nan,Single Season Contributor,Late bloomer or one-year starter; limited career longevity.,nan,LB
201602675,Eric Popp,2016,OLB,0.7793,56.3724,47.827152252197266,36.67230998039196,36.67230998039196,Multi-Year Starter,Consistent career presence; reliable rotational player or specialist.,nan,Single Season Contributor,Late bloomer or one-year starter; limited career longevity.,nan,Partial Season Contributor,Rotational backup or special teams contributor; limited starts.,nan,LB
201602696,Jahmari Moore,2016,ILB,0.7793,35.0723,49.55959701538086,43.2186872838348,43.2186872838348,Partial Season Contributor,Rotational backup or special teams contributor; limited starts.,nan,Single Season Contributor,Late bloomer or one-year starter; limited career longevity.,nan,Single Season Contributor,Late bloomer or one-year starter; limited career longevity.,nan,LB
201602771,Kyle Johnson,2016,OLB,0.7778,55.929,46.04607391357422,31.733584586696452,31.733584586696452,Multi-Year Starter,Consistent career presence; reliable rotational player or specialist.,nan,Single Season Contributor,Late bloomer or one-year starter; limited career longevity.,nan,Partial Season Contributor,Rotational backup or special teams contributor; limited starts.,nan,LB
201602784,Jake Ellington,2016,OLB,0.7778,46.5701,47.06230545043945,34.706393770885725,34.706393770885725,Single Season Contributor,Late bloomer or one-year starter; limited career longevity.,nan,Single Season Contributor,Late bloomer or one-year starter; limited career longevity.,nan,Partial Season Contributor,Rotational backup or special teams contributor; limited starts.,nan,LB
201602808,Walter Pritchett,2016,OLB,0.7752,45.1029,48.77324676513672,39.978669948170925,39.978669948170925,Single Season Contributor,Late bloomer or one-year starter; limited career longevity.,nan,Single Season Contributor,Late bloomer or one-year starter; limited career longevity.,nan,Partial Season Contributor,Rotational backup or special teams contributor; limited starts.,nan,LB
201602813,Ayo Shogbonyo,2016,OLB,0.7752,46.839,50.995914459228516,48.14495648456085,48.14495648456085,Single Season Contributor,Late bloomer or one-year starter; limited career longevity.,nan,Multi-Year Starter,Consistent career presence; reliable rotational player or specialist.,nan,Single Season Contributor,Late bloomer or one-year starter; limited career longevity.,nan,LB
201602817,Dale Craig,2016,ILB,0.7752,46.9211,49.88969421386719,44.53010427448747,44.53010427448747,Single Season Contributor,Late bloomer or one-year starter; limited career longevity.,nan,Single Season Contributor,Late bloomer or one-year starter; limited career longevity.,nan,Single Season Contributor,Late bloomer or one-year starter; limited career longevity.,nan,LB
201602828,Jeremiah Jones,2016,OLB,0.7752,47.4265,44.495784759521484,28.930973323689003,28.930973323689003,Single Season Contributor,Late bloomer or one-year starter; limited career longevity.,nan,Single Season Contributor,Late bloomer or one-year starter; limited career longevity.,nan,Partial Season Contributor,Rotational backup or special teams contributor; limited starts.,nan,LB
201602837,Tyler Pistorio,2016,OLB,0.7752,39.5694,53.19281005859375,53.63749592631447,53.63749592631447,Partial Season Contributor,Rotational backup or special teams contributor; limited starts.,nan,Multi-Year Starter,Consistent career presence; reliable rotational player or specialist.,nan,Multi-Year Starter,Consistent career presence; reliable rotational player or specialist.,nan,LB
201602887,Jordan Fehr,2016,ILB,0.7733,56.1853,50.814090728759766,47.4377467568203,47.4377467568203,Multi-Year Starter,Consistent career presence; reliable rotational player or specialist.,nan,Multi-Year Starter,Consistent career presence; reliable rotational player or specialist.,nan,Single Season Contributor,Late bloomer or one-year starter; limited career longevity.,nan,LB
201602902,Justus Te'i,2016,ILB,0.7733,52.599,49.024436950683594,41.11789516316379,41.11789516316379,Multi-Year Starter,Consistent career presence; reliable rotational player or specialist.,nan,Single Season Contributor,Late bloomer or one-year starter; limited career longevity.,nan,Single Season Contributor,Late bloomer or one-year starter; limited career longevity.,nan,LB
201602915,Kumonde Hines,2016,OLB,0.7719,55.3973,48.2640266418457,38.152956815769656,38.152956815769656,Multi-Year Starter,Consistent career presence; reliable rotational player or specialist.,nan,Single Season Contributor,Late bloomer or one-year starter; limited career longevity.,nan,Partial Season Contributor,Rotational backup or special teams contributor; limited starts.,nan,LB
201602954,Price Morgan,2016,OLB,0.77,50.0983,51.96455383300781,50.66867748712283,50.66867748712283,Multi-Year Starter,Consistent career presence; reliable rotational player or specialist.,nan,Multi-Year Starter,Consistent career presence; reliable rotational player or specialist.,nan,Multi-Year Starter,Consistent career presence; reliable rotational player or specialist.,nan,LB
201602974,Uzoma Akunebu,2016,ILB,0.7693,39.9531,48.85700225830078,40.21410922872237,40.21410922872237,Partial Season Contributor,Rotational backup or special teams contributor; limited starts.,nan,Single Season Contributor,Late bloomer or one-year starter; limited career longevity.,nan,Single Season Contributor,Late bloomer or one-year starter; limited career longevity.,nan,LB
201602981,Cameron Turner,2016,ILB,0.7685,47.0396,51.501434326171875,49.568789451993496,49.568789451993496,Single Season Contributor,Late bloomer or one-year starter; limited career longevity.,nan,Multi-Year Starter,Consistent career presence; reliable rotational player or specialist.,nan,Single Season Contributor,Late bloomer or one-year starter; limited career longevity.,nan,LB
201603023,Bryce Huff,2016,ILB,0.7678,57.3404,49.03278350830078,41.17281154187039,41.17281154187039,Multi-Year Starter,Consistent career presence; reliable rotational player or specialist.,nan,Single Season Contributor,Late bloomer or one-year starter; limited career longevity.,nan,Single Season Contributor,Late bloomer or one-year starter; limited career longevity.,nan,LB
201603025,Demetrius Stitmon,2016,OLB,0.7678,51.736,48.986488342285156,40.86821137185974,40.86821137185974,Multi-Year Starter,Consistent career presence; reliable rotational player or specialist.,nan,Single Season Contributor,Late bloomer or one-year starter; limited career longevity.,nan,Single Season Contributor,Late bloomer or one-year starter; limited career longevity.,nan,LB
201603094,Cole Christiansen,2016,ILB,0.7667,57.6372,50.359107971191406,45.98008090123595,45.98008090123595,Multi-Year Starter,Consistent career presence; reliable rotational player or specialist.,nan,Multi-Year Starter,Consistent career presence; reliable rotational player or specialist.,nan,Single Season Contributor,Late bloomer or one-year starter; limited career longevity.,nan,LB
201603205,Brandon Tillmon,2016,OLB,0.7667,45.2809,54.96485900878906,57.29385622914341,57.29385622914341,Single Season Contributor,Late bloomer or one-year starter; limited career longevity.,nan,Multi-Year Starter,Consistent career presence; reliable rotational player or specialist.,nan,Multi-Year Starter,Consistent career presence; reliable rotational player or specialist.,nan,LB
201603454,Sion Harrington,2016,OLB,0.7667,50.4795,44.94295883178711,29.734646102184602,29.734646102184602,Multi-Year Starter,Consistent career presence; reliable rotational player or specialist.,nan,Single Season Contributor,Late bloomer or one-year starter; limited career longevity.,nan,Partial Season Contributor,Rotational backup or special teams contributor; limited starts.,nan,LB
201603579,Nat King,2016,OLB,0.7667,33.9364,52.05229949951172,51.08360334305494,51.08360334305494,Partial Season Contributor,Rotational backup or special teams contributor; limited starts.,nan,Multi-Year Starter,Consistent career presence; reliable rotational player or specialist.,nan,Multi-Year Starter,Consistent career presence; reliable rotational player or specialist.,nan,LB
201603628,Matt Otwinowski,2016,ILB,0.7652,58.0893,50.84352493286133,47.60224954004336,47.60224954004336,Multi-Year Starter,Consistent career presence; reliable rotational player or specialist.,nan,Multi-Year Starter,Consistent career presence; reliable rotational player or specialist.,nan,Single Season Contributor,Late bloomer or one-year starter; limited career longevity.,nan,LB
201603636,Dedrick Simpson,2016,ILB,0.7652,40.864,50.186649322509766,45.541605699452646,45.541605699452646,Single Season Contributor,Late bloomer or one-year starter; limited career longevity.,nan,Multi-Year Starter,Consistent career presence; reliable rotational player or specialist.,nan,Single Season Contributor,Late bloomer or one-year starter; limited career longevity.,nan,LB
201603650,Cooper Edmiston,2016,ILB,0.7644,61.1847,49.92267990112305,44.66882729989583,44.66882729989583,Meaningful G5 Contributor,Standout starter at the Group of 5 level; high-end depth in Power 4.,Potential Day 3 Pick,Single Season Contributor,Late bloomer or one-year starter; limited career longevity.,nan,Single Season Contributor,Late bloomer or one-year starter; limited career longevity.,nan,LB
201603699,Dalton Hicks,2016,ILB,0.7633,50.9956,48.012996673583984,37.41783926546311,37.41783926546311,Multi-Year Starter,Consistent career presence; reliable rotational player or specialist.,nan,Single Season Contributor,Late bloomer or one-year starter; limited career longevity.,nan,Partial Season Contributor,Rotational backup or special teams contributor; limited starts.,nan,LB
201603711,Jude-Anthony Ekpe,2016,ILB,0.7611,57.2133,49.6192626953125,43.4666817824834,43.4666817824834,Multi-Year Starter,Consistent career presence; reliable rotational player or specialist.,nan,Single Season Contributor,Late bloomer or one-year starter; limited career longevity.,nan,Single Season Contributor,Late bloomer or one-year starter; limited career longevity.,nan,LB
201603752,Noah Failauga,2016,ILB,0.7583,47.5769,52.46754837036133,52.10020835463866,52.10020835463866,Single Season Contributor,Late bloomer or one-year starter; limited career longevity.,nan,Multi-Year Starter,Consistent career presence; reliable rotational player or specialist.,nan,Multi-Year Starter,Consistent career presence; reliable rotational player or specialist.,nan,LB
201603776,Sione Tupou,2016,ILB,0.7578,59.7648,50.61473846435547,46.6915053606318,46.6915053606318,Multi-Year Starter,Consistent career presence; reliable rotational player or specialist.,nan,Multi-Year Starter,Consistent career presence; reliable rotational player or specialist.,nan,Single Season Contributor,Late bloomer or one-year starter; limited career longevity.,nan,LB
201603832,Dylan Conner,2016,OLB,0.7483,53.5494,52.315650939941406,51.712797805823,51.712797805823,Multi-Year Starter,Consistent career presence; reliable rotational player or specialist.,nan,Multi-Year Starter,Consistent career presence; reliable rotational player or specialist.,nan,Multi-Year Starter,Consistent career presence; reliable rotational player or specialist.,nan,LB
201603850,Laqavious Paul,2016,ILB,0.7444,50.5205,40.30009460449219,21.521041284084802,21.521041284084802,Multi-Year Starter,Consistent career presence; reliable rotational player or specialist.,nan,Single Season Contributor,Late bloomer or one-year starter; limited career longevity.,nan,Partial Season Contributor,Rotational backup or special teams contributor; limited starts.,nan,LB
201603875,Colton Parton,2016,ILB,0.74,18.9432,34.95867156982422,12.203,12.203,Minimal D1 Impact,Roster filler; medical DQ; or transferred to lower levels.,nan,Partial Season Contributor,Rotational backup or special teams contributor; limited starts.,nan,Minimal D1 Impact,Roster filler; medical DQ; or transferred to lower levels.,nan,LB
201700011,Baron Browning,2017,OLB,0.994,63.1335,64.48106384277344,75.44583518838758,75.44583518838758,Meaningful G5 Contributor,Standout starter at the Group of 5 level; high-end depth in Power 4.,Potential Day 3 Pick,Meaningful G5 Contributor,Standout starter at the Group of 5 level; high-end depth in Power 4.,Potential Day 3 Pick,Meaningful P4 Contributor,Reliable multi-year starter at the highest level of competition.,Potential Day 2 Pick,LB
201700013,Dylan Moses,2017,OLB,0.9921,66.414,60.97954559326172,66.41151566652066,66.41151566652066,Meaningful G5 Contributor,Standout starter at the Group of 5 level; high-end depth in Power 4.,Potential Day 3 Pick,Meaningful G5 Contributor,Standout starter at the Group of 5 level; high-end depth in Power 4.,Potential Day 3 Pick,Meaningful G5 Contributor,Standout starter at the Group of 5 level; high-end depth in Power 4.,Potential Day 3 Pick,LB
201700061,Jacob Phillips,2017,ILB,0.9719,60.0596,55.07512664794922,57.38772072038011,57.38772072038011,Meaningful G5 Contributor,Standout starter at the Group of 5 level; high-end depth in Power 4.,Potential Day 3 Pick,Multi-Year Starter,Consistent career presence; reliable rotational player or specialist.,nan,Multi-Year Starter,Consistent career presence; reliable rotational player or specialist.,nan,LB
201700065,Anthony Hines,2017,ILB,0.9691,64.4166,63.06888198852539,72.17364226480521,72.17364226480521,Meaningful G5 Contributor,Standout starter at the Group of 5 level; high-end depth in Power 4.,Potential Day 3 Pick,Meaningful G5 Contributor,Standout starter at the Group of 5 level; high-end depth in Power 4.,Potential Day 3 Pick,Meaningful P4 Contributor,Reliable multi-year starter at the highest level of competition.,Potential Day 2 Pick,LB
201700070,Willie Gay Jr.,2017,OLB,0.967,65.2517,58.2561149597168,62.39782037789842,62.39782037789842,Meaningful G5 Contributor,Standout starter at the Group of 5 level; high-end depth in Power 4.,Potential Day 3 Pick,Multi-Year Starter,Consistent career presence; reliable rotational player or specialist.,nan,Meaningful G5 Contributor,Standout starter at the Group of 5 level; high-end depth in Power 4.,Potential Day 3 Pick,LB
201700078,VanDarius Cowan,2017,OLB,0.9627,58.0754,66.36860656738281,78.3572537161915,78.3572537161915,Multi-Year Starter,Consistent career presence; reliable rotational player or specialist.,nan,Meaningful G5 Contributor,Standout starter at the Group of 5 level; high-end depth in Power 4.,Potential Day 3 Pick,Meaningful P4 Contributor,Reliable multi-year starter at the highest level of competition.,Potential Day 2 Pick,LB
201700079,Drew Singleton,2017,OLB,0.9626,59.5411,64.37483215332031,75.11529991711079,75.11529991711079,Multi-Year Starter,Consistent career presence; reliable rotational player or specialist.,nan,Meaningful G5 Contributor,Standout starter at the Group of 5 level; high-end depth in Power 4.,Potential Day 3 Pick,Meaningful P4 Contributor,Reliable multi-year starter at the highest level of competition.,Potential Day 2 Pick,LB
201700098,T.D. Moultry,2017,ILB,0.9538,64.244,56.9680290222168,60.580992316092754,60.580992316092754,Meaningful G5 Contributor,Standout starter at the Group of 5 level; high-end depth in Power 4.,Potential Day 3 Pick,Multi-Year Starter,Consistent career presence; reliable rotational player or specialist.,nan,Meaningful G5 Contributor,Standout starter at the Group of 5 level; high-end depth in Power 4.,Potential Day 3 Pick,LB
201700100,Markail Benton,2017,OLB,0.9532,52.019,62.116268157958984,69.31787720094319,69.31787720094319,Multi-Year Starter,Consistent career presence; reliable rotational player or specialist.,nan,Meaningful G5 Contributor,Standout starter at the Group of 5 level; high-end depth in Power 4.,Potential Day 3 Pick,Meaningful G5 Contributor,Standout starter at the Group of 5 level; high-end depth in Power 4.,Potential Day 3 Pick,LB
201700104,Christopher Allen,2017,ILB,0.952,57.3941,63.34965515136719,72.79307418410419,72.79307418410419,Multi-Year Starter,Consistent career presence; reliable rotational player or specialist.,nan,Meaningful G5 Contributor,Standout starter at the Group of 5 level; high-end depth in Power 4.,Potential Day 3 Pick,Meaningful P4 Contributor,Reliable multi-year starter at the highest level of competition.,Potential Day 2 Pick,LB
201700106,Jordan Anthony,2017,OLB,0.951,55.3471,59.24263000488281,63.5365212172971,63.5365212172971,Multi-Year Starter,Consistent career presence; reliable rotational player or specialist.,nan,Multi-Year Starter,Consistent career presence; reliable rotational player or specialist.,nan,Meaningful G5 Contributor,Standout starter at the Group of 5 level; high-end depth in Power 4.,Potential Day 3 Pick,LB
201700118,Levi Draper,2017,ILB,0.9447,48.2345,67.29505157470703,79.97379380270678,79.97379380270678,Single Season Contributor,Late bloomer or one-year starter; limited career longevity.,nan,Meaningful G5 Contributor,Standout starter at the Group of 5 level; high-end depth in Power 4.,Potential Day 3 Pick,Meaningful P4 Contributor,Reliable multi-year starter at the highest level of competition.,Potential Day 2 Pick,LB
201700136,Jaden Hunter,2017,OLB,0.9379,51.8126,61.971920013427734,68.73459637758222,68.73459637758222,Multi-Year Starter,Consistent career presence; reliable rotational player or specialist.,nan,Meaningful G5 Contributor,Standout starter at the Group of 5 level; high-end depth in Power 4.,Potential Day 3 Pick,Meaningful G5 Contributor,Standout starter at the Group of 5 level; high-end depth in Power 4.,Potential Day 3 Pick,LB
201700165,Nate McBride,2017,ILB,0.931,64.727,59.82315444946289,64.29621934960726,64.29621934960726,Meaningful G5 Contributor,Standout starter at the Group of 5 level; high-end depth in Power 4.,Potential Day 3 Pick,Multi-Year Starter,Consistent career presence; reliable rotational player or specialist.,nan,Meaningful G5 Contributor,Standout starter at the Group of 5 level; high-end depth in Power 4.,Potential Day 3 Pick,LB
201700173,Avery Roberts,2017,ILB,0.9279,71.5762,55.0273551940918,57.347055632725045,57.347055632725045,Meaningful P4 Contributor,Reliable multi-year starter at the highest level of competition.,Potential Day 2 Pick,Multi-Year Starter,Consistent career presence; reliable rotational player or specialist.,nan,Multi-Year Starter,Consistent career presence; reliable rotational player or specialist.,nan,LB
201700178,Leonard Warner III,2017,ILB,0.9264,62.0369,58.6771125793457,62.937549805217614,62.937549805217614,Meaningful G5 Contributor,Standout starter at the Group of 5 level; high-end depth in Power 4.,Potential Day 3 Pick,Multi-Year Starter,Consistent career presence; reliable rotational player or specialist.,nan,Meaningful G5 Contributor,Standout starter at the Group of 5 level; high-end depth in Power 4.,Potential Day 3 Pick,LB
201700202,Walter Grant,2017,OLB,0.9217,62.3494,63.9158935546875,73.86918964690967,73.86918964690967,Meaningful G5 Contributor,Standout starter at the Group of 5 level; high-end depth in Power 4.,Potential Day 3 Pick,Meaningful G5 Contributor,Standout starter at the Group of 5 level; high-end depth in Power 4.,Potential Day 3 Pick,Meaningful P4 Contributor,Reliable multi-year starter at the highest level of competition.,Potential Day 2 Pick,LB
201700212,Josh Ross,2017,ILB,0.9184,66.7464,60.17243194580078,64.59219816600151,64.59219816600151,Meaningful G5 Contributor,Standout starter at the Group of 5 level; high-end depth in Power 4.,Potential Day 3 Pick,Meaningful G5 Contributor,Standout starter at the Group of 5 level; high-end depth in Power 4.,Potential Day 3 Pick,Meaningful G5 Contributor,Standout starter at the Group of 5 level; high-end depth in Power 4.,Potential Day 3 Pick,LB
201700213,Bruce Jordan-Swilling,2017,OLB,0.9182,56.7044,62.57109069824219,70.86019523991692,70.86019523991692,Multi-Year Starter,Consistent career presence; reliable rotational player or specialist.,nan,Meaningful G5 Contributor,Standout starter at the Group of 5 level; high-end depth in Power 4.,Potential Day 3 Pick,Meaningful P4 Contributor,Reliable multi-year starter at the highest level of competition.,Potential Day 2 Pick,LB
201700248,Tyler Taylor,2017,ILB,0.9091,59.2322,57.86677932739258,61.793174704286095,61.793174704286095,Multi-Year Starter,Consistent career presence; reliable rotational player or specialist.,nan,Multi-Year Starter,Consistent career presence; reliable rotational player or specialist.,nan,Meaningful G5 Contributor,Standout starter at the Group of 5 level; high-end depth in Power 4.,Potential Day 3 Pick,LB
201700253,Dylan Rivers,2017,OLB,0.9076,54.9076,57.48724365234375,61.30942604514572,61.30942604514572,Multi-Year Starter,Consistent career presence; reliable rotational player or specialist.,nan,Multi-Year Starter,Consistent career presence; reliable rotational player or specialist.,nan,Meaningful G5 Contributor,Standout starter at the Group of 5 level; high-end depth in Power 4.,Potential Day 3 Pick,LB
201700264,Breon Dixon,2017,ILB,0.9055,27.1882,62.331298828125,69.9605348789753,69.9605348789753,Partial Season Contributor,Rotational backup or special teams contributor; limited starts.,nan,Meaningful G5 Contributor,Standout starter at the Group of 5 level; high-end depth in Power 4.,Potential Day 3 Pick,Meaningful G5 Contributor,Standout starter at the Group of 5 level; high-end depth in Power 4.,Potential Day 3 Pick,LB
201700265,Ellis Brooks,2017,ILB,0.9045,69.1446,57.296661376953125,61.09091815521223,61.09091815521223,Meaningful G5 Contributor,Standout starter at the Group of 5 level; high-end depth in Power 4.,Potential Day 3 Pick,Multi-Year Starter,Consistent career presence; reliable rotational player or specialist.,nan,Meaningful G5 Contributor,Standout starter at the Group of 5 level; high-end depth in Power 4.,Potential Day 3 Pick,LB
201700272,Pete Werner,2017,ILB,0.9025,63.8862,60.48213195800781,65.21527793230622,65.21527793230622,Meaningful G5 Contributor,Standout starter at the Group of 5 level; high-end depth in Power 4.,Potential Day 3 Pick,Meaningful G5 Contributor,Standout starter at the Group of 5 level; high-end depth in Power 4.,Potential Day 3 Pick,Meaningful G5 Contributor,Standout starter at the Group of 5 level; high-end depth in Power 4.,Potential Day 3 Pick,LB
201700296,K.J. Britt,2017,ILB,0.8982,62.8037,59.27570343017578,63.60179818624603,63.60179818624603,Meaningful G5 Contributor,Standout starter at the Group of 5 level; high-end depth in Power 4.,Potential Day 3 Pick,Multi-Year Starter,Consistent career presence; reliable rotational player or specialist.,nan,Meaningful G5 Contributor,Standout starter at the Group of 5 level; high-end depth in Power 4.,Potential Day 3 Pick,LB
201700300,Tyshon Fogg,2017,OLB,0.8971,72.0956,65.49185943603516,77.33670296988326,77.33670296988326,Meaningful P4 Contributor,Reliable multi-year starter at the highest level of competition.,Potential Day 2 Pick,Meaningful G5 Contributor,Standout starter at the Group of 5 level; high-end depth in Power 4.,Potential Day 3 Pick,Meaningful P4 Contributor,Reliable multi-year starter at the highest level of competition.,Potential Day 2 Pick,LB
201700302,Will Ignont,2017,ILB,0.897,60.8067,61.22883224487305,66.86328799783796,66.86328799783796,Meaningful G5 Contributor,Standout starter at the Group of 5 level; high-end depth in Power 4.,Potential Day 3 Pick,Meaningful G5 Contributor,Standout starter at the Group of 5 level; high-end depth in Power 4.,Potential Day 3 Pick,Meaningful G5 Contributor,Standout starter at the Group of 5 level; high-end depth in Power 4.,Potential Day 3 Pick,LB
201700309,Antjuan Simmons,2017,OLB,0.8955,74.154,61.90641403198242,68.53671355452461,68.53671355452461,Meaningful P4 Contributor,Reliable multi-year starter at the highest level of competition.,Potential Day 2 Pick,Meaningful G5 Contributor,Standout starter at the Group of 5 level; high-end depth in Power 4.,Potential Day 3 Pick,Meaningful G5 Contributor,Standout starter at the Group of 5 level; high-end depth in Power 4.,Potential Day 3 Pick,LB
201700316,Isaac Slade-Matautia,2017,OLB,0.895,62.606,68.96012115478516,83.01548909332364,83.01548909332364,Meaningful G5 Contributor,Standout starter at the Group of 5 level; high-end depth in Power 4.,Potential Day 3 Pick,Meaningful G5 Contributor,Standout starter at the Group of 5 level; high-end depth in Power 4.,Potential Day 3 Pick,Elite Power 4,All-Conference/All-American honors.,First round NFL Draft talent,LB
201700323,Ariel Ngata,2017,OLB,0.8936,54.4115,59.438228607177734,63.805796890851724,63.805796890851724,Multi-Year Starter,Consistent career presence; reliable rotational player or specialist.,nan,Multi-Year Starter,Consistent career presence; reliable rotational player or specialist.,nan,Meaningful G5 Contributor,Standout starter at the Group of 5 level; high-end depth in Power 4.,Potential Day 3 Pick,LB
201700344,Sampson Niu,2017,ILB,0.8913,57.2801,61.734642028808594,68.0969668461523,68.0969668461523,Multi-Year Starter,Consistent career presence; reliable rotational player or specialist.,nan,Meaningful G5 Contributor,Standout starter at the Group of 5 level; high-end depth in Power 4.,Potential Day 3 Pick,Meaningful G5 Contributor,Standout starter at the Group of 5 level; high-end depth in Power 4.,Potential Day 3 Pick,LB
201700348,Buddy Johnson,2017,OLB,0.8908,73.2222,54.78678512573242,56.98486940224276,56.98486940224276,Meaningful P4 Contributor,Reliable multi-year starter at the highest level of competition.,Potential Day 2 Pick,Multi-Year Starter,Consistent career presence; reliable rotational player or specialist.,nan,Multi-Year Starter,Consistent career presence; reliable rotational player or specialist.,nan,LB
201700350,Monty Rice,2017,ILB,0.8906,63.8568,59.99052429199219,64.41579353893711,64.41579353893711,Meaningful G5 Contributor,Standout starter at the Group of 5 level; high-end depth in Power 4.,Potential Day 3 Pick,Multi-Year Starter,Consistent career presence; reliable rotational player or specialist.,nan,Meaningful G5 Contributor,Standout starter at the Group of 5 level; high-end depth in Power 4.,Potential Day 3 Pick,LB
201700379,Thomas Johnston,2017,OLB,0.8867,55.01,51.85478210449219,50.296885019858145,50.296885019858145,Multi-Year Starter,Consistent career presence; reliable rotational player or specialist.,nan,Multi-Year Starter,Consistent career presence; reliable rotational player or specialist.,nan,Multi-Year Starter,Consistent career presence; reliable rotational player or specialist.,nan,LB
201700396,Mohamed Sanogo,2017,ILB,0.8842,75.6757,60.933712005615234,66.32805227585689,66.32805227585689,Meaningful P4 Contributor,Reliable multi-year starter at the highest level of competition.,Potential Day 2 Pick,Meaningful G5 Contributor,Standout starter at the Group of 5 level; high-end depth in Power 4.,Potential Day 3 Pick,Meaningful G5 Contributor,Standout starter at the Group of 5 level; high-end depth in Power 4.,Potential Day 3 Pick,LB
201700401,Ayinde Eley,2017,OLB,0.8836,73.9525,54.26730728149414,55.92040801240663,55.92040801240663,Meaningful P4 Contributor,Reliable multi-year starter at the highest level of competition.,Potential Day 2 Pick,Multi-Year Starter,Consistent career presence; reliable rotational player or specialist.,nan,Multi-Year Starter,Consistent career presence; reliable rotational player or specialist.,nan,LB
201700402,Chandler Wooten,2017,OLB,0.8835,63.0687,57.816524505615234,61.71692025394434,61.71692025394434,Meaningful G5 Contributor,Standout starter at the Group of 5 level; high-end depth in Power 4.,Potential Day 3 Pick,Multi-Year Starter,Consistent career presence; reliable rotational player or specialist.,nan,Meaningful G5 Contributor,Standout starter at the Group of 5 level; high-end depth in Power 4.,Potential Day 3 Pick,LB
201700410,Juliano Falaniko,2017,ILB,0.8825,58.8778,58.00375747680664,62.015201671367585,62.015201671367585,Multi-Year Starter,Consistent career presence; reliable rotational player or specialist.,nan,Multi-Year Starter,Consistent career presence; reliable rotational player or specialist.,nan,Meaningful G5 Contributor,Standout starter at the Group of 5 level; high-end depth in Power 4.,Potential Day 3 Pick,LB
201700425,Kenneth Murray,2017,OLB,0.88,83.8557,52.75571060180664,52.55650727291213,52.55650727291213,Elite Power 4,All-Conference/All-American honors.,First round NFL Draft talent,Multi-Year Starter,Consistent career presence; reliable rotational player or specialist.,nan,Multi-Year Starter,Consistent career presence; reliable rotational player or specialist.,nan,LB
201700459,Brelin Faison-Walden,2017,OLB,0.875,46.0335,56.998504638671875,60.65970791811887,60.65970791811887,Single Season Contributor,Late bloomer or one-year starter; limited career longevity.,nan,Multi-Year Starter,Consistent career presence; reliable rotational player or specialist.,nan,Meaningful G5 Contributor,Standout starter at the Group of 5 level; high-end depth in Power 4.,Potential Day 3 Pick,LB
201700473,De'Andre Wilder,2017,OLB,0.8733,43.4881,55.866302490234375,58.581433153103504,58.581433153103504,Single Season Contributor,Late bloomer or one-year starter; limited career longevity.,nan,Multi-Year Starter,Consistent career presence; reliable rotational player or specialist.,nan,Multi-Year Starter,Consistent career presence; reliable rotational player or specialist.,nan,LB
201700490,Levani Damuni,2017,OLB,0.8725,69.8891,59.482093811035156,63.85024699177167,63.85024699177167,Meaningful G5 Contributor,Standout starter at the Group of 5 level; high-end depth in Power 4.,Potential Day 3 Pick,Multi-Year Starter,Consistent career presence; reliable rotational player or specialist.,nan,Meaningful G5 Contributor,Standout starter at the Group of 5 level; high-end depth in Power 4.,Potential Day 3 Pick,LB
201700491,Daniel Green,2017,ILB,0.8722,78.1353,50.66499328613281,46.83026219656946,46.83026219656946,Meaningful P4 Contributor,Reliable multi-year starter at the highest level of competition.,Potential Day 2 Pick,Multi-Year Starter,Consistent career presence; reliable rotational player or specialist.,nan,Single Season Contributor,Late bloomer or one-year starter; limited career longevity.,nan,LB
201700501,Josh Clarke,2017,OLB,0.8714,30.7234,61.745670318603516,68.12519993447103,68.12519993447103,Partial Season Contributor,Rotational backup or special teams contributor; limited starts.,nan,Meaningful G5 Contributor,Standout starter at the Group of 5 level; high-end depth in Power 4.,Potential Day 3 Pick,Meaningful G5 Contributor,Standout starter at the Group of 5 level; high-end depth in Power 4.,Potential Day 3 Pick,LB
201700510,O'Rien Vance,2017,OLB,0.8711,83.0625,59.25212097167969,63.55525352395742,63.55525352395742,Elite Power 4,All-Conference/All-American honors.,First round NFL Draft talent,Multi-Year Starter,Consistent career presence; reliable rotational player or specialist.,nan,Meaningful G5 Contributor,Standout starter at the Group of 5 level; high-end depth in Power 4.,Potential Day 3 Pick,LB
201700520,Sherrod Greene,2017,OLB,0.8703,64.2541,55.189903259277344,57.57710603269338,57.57710603269338,Meaningful G5 Contributor,Standout starter at the Group of 5 level; high-end depth in Power 4.,Potential Day 3 Pick,Multi-Year Starter,Consistent career presence; reliable rotational player or specialist.,nan,Multi-Year Starter,Consistent career presence; reliable rotational player or specialist.,nan,LB
201700545,Jarell White,2017,OLB,0.8683,61.1522,60.50856399536133,65.30660652751176,65.30660652751176,Meaningful G5 Contributor,Standout starter at the Group of 5 level; high-end depth in Power 4.,Potential Day 3 Pick,Meaningful G5 Contributor,Standout starter at the Group of 5 level; high-end depth in Power 4.,Potential Day 3 Pick,Meaningful G5 Contributor,Standout starter at the Group of 5 level; high-end depth in Power 4.,Potential Day 3 Pick,LB
201700566,Ventrell Miller,2017,OLB,0.8669,75.971,58.18836975097656,62.31634182309226,62.31634182309226,Meaningful P4 Contributor,Reliable multi-year starter at the highest level of competition.,Potential Day 2 Pick,Multi-Year Starter,Consistent career presence; reliable rotational player or specialist.,nan,Meaningful G5 Contributor,Standout starter at the Group of 5 level; high-end depth in Power 4.,Potential Day 3 Pick,LB
201700577,Louis Acceus,2017,OLB,0.8656,57.4546,50.98843765258789,48.12145847519167,48.12145847519167,Multi-Year Starter,Consistent career presence; reliable rotational player or specialist.,nan,Multi-Year Starter,Consistent career presence; reliable rotational player or specialist.,nan,Single Season Contributor,Late bloomer or one-year starter; limited career longevity.,nan,LB
201700580,Aubrey Miller,2017,OLB,0.8655,52.2021,61.272117614746094,66.94173236031416,66.94173236031416,Multi-Year Starter,Consistent career presence; reliable rotational player or specialist.,nan,Meaningful G5 Contributor,Standout starter at the Group of 5 level; high-end depth in Power 4.,Potential Day 3 Pick,Meaningful G5 Contributor,Standout starter at the Group of 5 level; high-end depth in Power 4.,Potential Day 3 Pick,LB
201700589,Colin Schooler,2017,ILB,0.8653,86.6324,57.78246307373047,61.671918795543625,61.671918795543625,Elite Power 4,All-Conference/All-American honors.,First round NFL Draft talent,Multi-Year Starter,Consistent career presence; reliable rotational player or specialist.,nan,Meaningful G5 Contributor,Standout starter at the Group of 5 level; high-end depth in Power 4.,Potential Day 3 Pick,LB
201700590,Solon Page III,2017,OLB,0.8647,59.32,58.33888626098633,62.497280787758456,62.497280787758456,Multi-Year Starter,Consistent career presence; reliable rotational player or specialist.,nan,Multi-Year Starter,Consistent career presence; reliable rotational player or specialist.,nan,Meaningful G5 Contributor,Standout starter at the Group of 5 level; high-end depth in Power 4.,Potential Day 3 Pick,LB
201700595,Zane Zandier,2017,OLB,0.8647,70.4585,55.81956100463867,58.498807796904124,58.498807796904124,Meaningful P4 Contributor,Reliable multi-year starter at the highest level of competition.,Potential Day 2 Pick,Multi-Year Starter,Consistent career presence; reliable rotational player or specialist.,nan,Multi-Year Starter,Consistent career presence; reliable rotational player or specialist.,nan,LB
201700602,Shanon Reid,2017,OLB,0.8643,58.228,58.52798843383789,62.8300359659529,62.8300359659529,Multi-Year Starter,Consistent career presence; reliable rotational player or specialist.,nan,Multi-Year Starter,Consistent career presence; reliable rotational player or specialist.,nan,Meaningful G5 Contributor,Standout starter at the Group of 5 level; high-end depth in Power 4.,Potential Day 3 Pick,LB
201700642,James Houston,2017,OLB,0.8619,59.855,57.37798309326172,61.164363445305476,61.164363445305476,Multi-Year Starter,Consistent career presence; reliable rotational player or specialist.,nan,Multi-Year Starter,Consistent career presence; reliable rotational player or specialist.,nan,Meaningful G5 Contributor,Standout starter at the Group of 5 level; high-end depth in Power 4.,Potential Day 3 Pick,LB
201700644,Nate Landman,2017,OLB,0.8619,78.5135,56.262901306152344,59.23456938187569,59.23456938187569,Meaningful P4 Contributor,Reliable multi-year starter at the highest level of competition.,Potential Day 2 Pick,Multi-Year Starter,Consistent career presence; reliable rotational player or specialist.,nan,Multi-Year Starter,Consistent career presence; reliable rotational player or specialist.,nan,LB
201700653,Waynmon Steed,2017,ILB,0.8611,56.6586,57.78742980957031,61.67763540710258,61.67763540710258,Multi-Year Starter,Consistent career presence; reliable rotational player or specialist.,nan,Multi-Year Starter,Consistent career presence; reliable rotational player or specialist.,nan,Meaningful G5 Contributor,Standout starter at the Group of 5 level; high-end depth in Power 4.,Potential Day 3 Pick,LB
201700669,Dimitri Moore,2017,OLB,0.8603,68.8473,52.05028533935547,51.07629318916175,51.07629318916175,Meaningful G5 Contributor,Standout starter at the Group of 5 level; high-end depth in Power 4.,Potential Day 3 Pick,Multi-Year Starter,Consistent career presence; reliable rotational player or specialist.,nan,Multi-Year Starter,Consistent career presence; reliable rotational player or specialist.,nan,LB
201700691,Sterling Jones,2017,ILB,0.8594,22.054,52.13648986816406,51.26859758041022,51.26859758041022,Partial Season Contributor,Rotational backup or special teams contributor; limited starts.,nan,Multi-Year Starter,Consistent career presence; reliable rotational player or specialist.,nan,Multi-Year Starter,Consistent career presence; reliable rotational player or specialist.,nan,LB
201700692,Bradley Jennings Jr.,2017,OLB,0.8594,61.672,57.36715316772461,61.154582453722085,61.154582453722085,Meaningful G5 Contributor,Standout starter at the Group of 5 level; high-end depth in Power 4.,Potential Day 3 Pick,Multi-Year Starter,Consistent career presence; reliable rotational player or specialist.,nan,Meaningful G5 Contributor,Standout starter at the Group of 5 level; high-end depth in Power 4.,Potential Day 3 Pick,LB
201700770,Rayshard Ashby,2017,ILB,0.8553,76.2402,68.20744323730469,81.72666314348949,81.72666314348949,Meaningful P4 Contributor,Reliable multi-year starter at the highest level of competition.,Potential Day 2 Pick,Meaningful G5 Contributor,Standout starter at the Group of 5 level; high-end depth in Power 4.,Potential Day 3 Pick,Elite Power 4,All-Conference/All-American honors.,First round NFL Draft talent,LB
201700772,Riko Jeffers,2017,ILB,0.8553,72.4147,54.1631965637207,55.743937370760186,55.743937370760186,Meaningful P4 Contributor,Reliable multi-year starter at the highest level of competition.,Potential Day 2 Pick,Multi-Year Starter,Consistent career presence; reliable rotational player or specialist.,nan,Multi-Year Starter,Consistent career presence; reliable rotational player or specialist.,nan,LB
201700773,Kyrei Fisher-Morris,2017,OLB,0.8553,57.9376,56.084171295166016,58.93810099430776,58.93810099430776,Multi-Year Starter,Consistent career presence; reliable rotational player or specialist.,nan,Multi-Year Starter,Consistent career presence; reliable rotational player or specialist.,nan,Multi-Year Starter,Consistent career presence; reliable rotational player or specialist.,nan,LB
201700783,Malik Robinson,2017,ILB,0.8547,60.282,62.35387420654297,70.01823641747667,70.01823641747667,Meaningful G5 Contributor,Standout starter at the Group of 5 level; high-end depth in Power 4.,Potential Day 3 Pick,Meaningful G5 Contributor,Standout starter at the Group of 5 level; high-end depth in Power 4.,Potential Day 3 Pick,Meaningful P4 Contributor,Reliable multi-year starter at the highest level of competition.,Potential Day 2 Pick,LB
201700788,Amaud Willis-Dalton,2017,OLB,0.8547,52.7655,56.315879821777344,59.3028570751083,59.3028570751083,Multi-Year Starter,Consistent career presence; reliable rotational player or specialist.,nan,Multi-Year Starter,Consistent career presence; reliable rotational player or specialist.,nan,Multi-Year Starter,Consistent career presence; reliable rotational player or specialist.,nan,LB
201700802,Isaiah Moore,2017,OLB,0.8542,76.9863,56.489227294921875,59.57959417649112,59.57959417649112,Meaningful P4 Contributor,Reliable multi-year starter at the highest level of competition.,Potential Day 2 Pick,Multi-Year Starter,Consistent career presence; reliable rotational player or specialist.,nan,Multi-Year Starter,Consistent career presence; reliable rotational player or specialist.,nan,LB
201700817,Raven Saunders,2017,OLB,0.8536,45.7468,57.18629837036133,60.99124437307094,60.99124437307094,Single Season Contributor,Late bloomer or one-year starter; limited career longevity.,nan,Multi-Year Starter,Consistent career presence; reliable rotational player or specialist.,nan,Meaningful G5 Contributor,Standout starter at the Group of 5 level; high-end depth in Power 4.,Potential Day 3 Pick,LB
201700818,Jeremiah Gemmel,2017,OLB,0.8533,67.9087,58.38680648803711,62.608277408990034,62.608277408990034,Meaningful G5 Contributor,Standout starter at the Group of 5 level; high-end depth in Power 4.,Potential Day 3 Pick,Multi-Year Starter,Consistent career presence; reliable rotational player or specialist.,nan,Meaningful G5 Contributor,Standout starter at the Group of 5 level; high-end depth in Power 4.,Potential Day 3 Pick,LB
201700819,Colin Anderson,2017,OLB,0.8533,41.0392,47.92677307128906,37.07194660914587,37.07194660914587,Single Season Contributor,Late bloomer or one-year starter; limited career longevity.,nan,Single Season Contributor,Late bloomer or one-year starter; limited career longevity.,nan,Partial Season Contributor,Rotational backup or special teams contributor; limited starts.,nan,LB
201700857,Dorian Etheridge,2017,ILB,0.8517,67.8391,56.415645599365234,59.431452124151534,59.431452124151534,Meaningful G5 Contributor,Standout starter at the Group of 5 level; high-end depth in Power 4.,Potential Day 3 Pick,Multi-Year Starter,Consistent career presence; reliable rotational player or specialist.,nan,Multi-Year Starter,Consistent career presence; reliable rotational player or specialist.,nan,LB
201700871,Olakunle Fatukasi,2017,OLB,0.8514,78.976,47.0667724609375,34.71917297532956,34.71917297532956,Meaningful P4 Contributor,Reliable multi-year starter at the highest level of competition.,Potential Day 2 Pick,Single Season Contributor,Late bloomer or one-year starter; limited career longevity.,nan,Partial Season Contributor,Rotational backup or special teams contributor; limited starts.,nan,LB
201700878,Chase Monroe,2017,ILB,0.8508,54.6881,58.11481475830078,62.201945524332274,62.201945524332274,Multi-Year Starter,Consistent career presence; reliable rotational player or specialist.,nan,Multi-Year Starter,Consistent career presence; reliable rotational player or specialist.,nan,Meaningful G5 Contributor,Standout starter at the Group of 5 level; high-end depth in Power 4.,Potential Day 3 Pick,LB
201700892,Ezekiel Noa,2017,ILB,0.8506,67.6737,63.29737854003906,72.6829038523352,72.6829038523352,Meaningful G5 Contributor,Standout starter at the Group of 5 level; high-end depth in Power 4.,Potential Day 3 Pick,Meaningful G5 Contributor,Standout starter at the Group of 5 level; high-end depth in Power 4.,Potential Day 3 Pick,Meaningful P4 Contributor,Reliable multi-year starter at the highest level of competition.,Potential Day 2 Pick,LB
201700899,Fa'avae Fa'avae,2017,OLB,0.8506,48.6914,59.25212097167969,63.55525352395742,63.55525352395742,Single Season Contributor,Late bloomer or one-year starter; limited career longevity.,nan,Multi-Year Starter,Consistent career presence; reliable rotational player or specialist.,nan,Meaningful G5 Contributor,Standout starter at the Group of 5 level; high-end depth in Power 4.,Potential Day 3 Pick,LB
201700910,Jamin Davis,2017,OLB,0.85,59.1013,56.83820724487305,60.25693421247218,60.25693421247218,Multi-Year Starter,Consistent career presence; reliable rotational player or specialist.,nan,Multi-Year Starter,Consistent career presence; reliable rotational player or specialist.,nan,Meaningful G5 Contributor,Standout starter at the Group of 5 level; high-end depth in Power 4.,Potential Day 3 Pick,LB
201700939,Derrick Munson,2017,OLB,0.8492,45.3885,58.83417892456055,63.0675394873261,63.0675394873261,Single Season Contributor,Late bloomer or one-year starter; limited career longevity.,nan,Multi-Year Starter,Consistent career presence; reliable rotational player or specialist.,nan,Meaningful G5 Contributor,Standout starter at the Group of 5 level; high-end depth in Power 4.,Potential Day 3 Pick,LB
201700940,D.J. Taylor,2017,OLB,0.8492,60.228,58.40471267700195,62.65650615509062,62.65650615509062,Meaningful G5 Contributor,Standout starter at the Group of 5 level; high-end depth in Power 4.,Potential Day 3 Pick,Multi-Year Starter,Consistent career presence; reliable rotational player or specialist.,nan,Meaningful G5 Contributor,Standout starter at the Group of 5 level; high-end depth in Power 4.,Potential Day 3 Pick,LB
201700945,Bryson Jackson,2017,OLB,0.8489,59.1812,56.44270706176758,59.483204303677525,59.483204303677525,Multi-Year Starter,Consistent career presence; reliable rotational player or specialist.,nan,Multi-Year Starter,Consistent career presence; reliable rotational player or specialist.,nan,Multi-Year Starter,Consistent career presence; reliable rotational player or specialist.,nan,LB
201700954,Andrew Ward,2017,ILB,0.8483,48.9574,57.493995666503906,61.31875784314309,61.31875784314309,Single Season Contributor,Late bloomer or one-year starter; limited career longevity.,nan,Multi-Year Starter,Consistent career presence; reliable rotational player or specialist.,nan,Meaningful G5 Contributor,Standout starter at the Group of 5 level; high-end depth in Power 4.,Potential Day 3 Pick,LB
201700959,Drew White,2017,ILB,0.8481,67.5245,57.40874481201172,61.200934667072346,61.200934667072346,Meaningful G5 Contributor,Standout starter at the Group of 5 level; high-end depth in Power 4.,Potential Day 3 Pick,Multi-Year Starter,Consistent career presence; reliable rotational player or specialist.,nan,Meaningful G5 Contributor,Standout starter at the Group of 5 level; high-end depth in Power 4.,Potential Day 3 Pick,LB
201700967,Peter McIntyre,2017,OLB,0.8481,58.3606,59.64422607421875,64.09246620143387,64.09246620143387,Multi-Year Starter,Consistent career presence; reliable rotational player or specialist.,nan,Multi-Year Starter,Consistent career presence; reliable rotational player or specialist.,nan,Meaningful G5 Contributor,Standout starter at the Group of 5 level; high-end depth in Power 4.,Potential Day 3 Pick,LB
201700977,Jamal Brooks,2017,ILB,0.8475,63.9649,51.4477424621582,49.41210953917871,49.41210953917871,Meaningful G5 Contributor,Standout starter at the Group of 5 level; high-end depth in Power 4.,Potential Day 3 Pick,Multi-Year Starter,Consistent career presence; reliable rotational player or specialist.,nan,Single Season Contributor,Late bloomer or one-year starter; limited career longevity.,nan,LB
201701022,Jaylen Griffin,2017,OLB,0.8458,37.7549,56.77964782714844,60.120783554271775,60.120783554271775,Partial Season Contributor,Rotational backup or special teams contributor; limited starts.,nan,Multi-Year Starter,Consistent career presence; reliable rotational player or specialist.,nan,Meaningful G5 Contributor,Standout starter at the Group of 5 level; high-end depth in Power 4.,Potential Day 3 Pick,LB
201701034,Bryce Brand,2017,ILB,0.8456,48.2702,64.12417602539062,74.33539430072702,74.33539430072702,Single Season Contributor,Late bloomer or one-year starter; limited career longevity.,nan,Meaningful G5 Contributor,Standout starter at the Group of 5 level; high-end depth in Power 4.,Potential Day 3 Pick,Meaningful P4 Contributor,Reliable multi-year starter at the highest level of competition.,Potential Day 2 Pick,LB
201701036,Ben Bywater,2017,OLB,0.8456,66.3054,54.12540054321289,55.66494333478048,55.66494333478048,Meaningful G5 Contributor,Standout starter at the Group of 5 level; high-end depth in Power 4.,Potential Day 3 Pick,Multi-Year Starter,Consistent career presence; reliable rotational player or specialist.,nan,Multi-Year Starter,Consistent career presence; reliable rotational player or specialist.,nan,LB
201701080,Isaiah McDuffie,2017,OLB,0.8431,71.7886,58.49593734741211,62.80692813628182,62.80692813628182,Meaningful P4 Contributor,Reliable multi-year starter at the highest level of competition.,Potential Day 2 Pick,Multi-Year Starter,Consistent career presence; reliable rotational player or specialist.,nan,Meaningful G5 Contributor,Standout starter at the Group of 5 level; high-end depth in Power 4.,Potential Day 3 Pick,LB
201701106,JJ Russell,2017,OLB,0.8425,62.8219,49.878746032714844,44.48406112854992,44.48406112854992,Meaningful G5 Contributor,Standout starter at the Group of 5 level; high-end depth in Power 4.,Potential Day 3 Pick,Single Season Contributor,Late bloomer or one-year starter; limited career longevity.,nan,Single Season Contributor,Late bloomer or one-year starter; limited career longevity.,nan,LB
201701111,Tysyn Parker,2017,OLB,0.8422,60.2742,58.03017044067383,62.063210946276065,62.063210946276065,Meaningful G5 Contributor,Standout starter at the Group of 5 level; high-end depth in Power 4.,Potential Day 3 Pick,Multi-Year Starter,Consistent career presence; reliable rotational player or specialist.,nan,Meaningful G5 Contributor,Standout starter at the Group of 5 level; high-end depth in Power 4.,Potential Day 3 Pick,LB
201701120,Damani Staley,2017,OLB,0.8417,63.3389,53.85590362548828,55.03501584361036,55.03501584361036,Meaningful G5 Contributor,Standout starter at the Group of 5 level; high-end depth in Power 4.,Potential Day 3 Pick,Multi-Year Starter,Consistent career presence; reliable rotational player or specialist.,nan,Multi-Year Starter,Consistent career presence; reliable rotational player or specialist.,nan,LB
201701130,Derek Parish,2017,ILB,0.8414,44.5303,45.93925857543945,31.53908934539636,31.53908934539636,Single Season Contributor,Late bloomer or one-year starter; limited career longevity.,nan,Single Season Contributor,Late bloomer or one-year starter; limited career longevity.,nan,Partial Season Contributor,Rotational backup or special teams contributor; limited starts.,nan,LB
201701147,Cade Mashburn,2017,OLB,0.8408,32.4409,54.698219299316406,56.7497651188501,56.7497651188501,Partial Season Contributor,Rotational backup or special teams contributor; limited starts.,nan,Multi-Year Starter,Consistent career presence; reliable rotational player or specialist.,nan,Multi-Year Starter,Consistent career presence; reliable rotational player or specialist.,nan,LB
201701149,Cam Bright,2017,OLB,0.8408,64.4986,49.98723220825195,44.96882271172243,44.96882271172243,Meaningful G5 Contributor,Standout starter at the Group of 5 level; high-end depth in Power 4.,Potential Day 3 Pick,Single Season Contributor,Late bloomer or one-year starter; limited career longevity.,nan,Single Season Contributor,Late bloomer or one-year starter; limited career longevity.,nan,LB
201701165,DeCalon Brooks,2017,ILB,0.84,60.8704,54.755428314208984,56.90113555322954,56.90113555322954,Meaningful G5 Contributor,Standout starter at the Group of 5 level; high-end depth in Power 4.,Potential Day 3 Pick,Multi-Year Starter,Consistent career presence; reliable rotational player or specialist.,nan,Multi-Year Starter,Consistent career presence; reliable rotational player or specialist.,nan,LB
201701199,Michael Owusu,2017,OLB,0.8389,60.6012,53.90042495727539,55.15603199756629,55.15603199756629,Meaningful G5 Contributor,Standout starter at the Group of 5 level; high-end depth in Power 4.,Potential Day 3 Pick,Multi-Year Starter,Consistent career presence; reliable rotational player or specialist.,nan,Multi-Year Starter,Consistent career presence; reliable rotational player or specialist.,nan,LB
201701226,T.D. Roof,2017,ILB,0.8375,60.7194,57.99811553955078,62.00494665727318,62.00494665727318,Meaningful G5 Contributor,Standout starter at the Group of 5 level; high-end depth in Power 4.,Potential Day 3 Pick,Multi-Year Starter,Consistent career presence; reliable rotational player or specialist.,nan,Meaningful G5 Contributor,Standout starter at the Group of 5 level; high-end depth in Power 4.,Potential Day 3 Pick,LB
201701228,Feleti Afemui,2017,ILB,0.8375,56.4826,55.152713775634766,57.51551192214618,57.51551192214618,Multi-Year Starter,Consistent career presence; reliable rotational player or specialist.,nan,Multi-Year Starter,Consistent career presence; reliable rotational player or specialist.,nan,Multi-Year Starter,Consistent career presence; reliable rotational player or specialist.,nan,LB
201701239,Jake Hummel,2017,ILB,0.8367,65.2736,58.19454574584961,62.32383701467872,62.32383701467872,Meaningful G5 Contributor,Standout starter at the Group of 5 level; high-end depth in Power 4.,Potential Day 3 Pick,Multi-Year Starter,Consistent career presence; reliable rotational player or specialist.,nan,Meaningful G5 Contributor,Standout starter at the Group of 5 level; high-end depth in Power 4.,Potential Day 3 Pick,LB
201701240,Paul Theobald,2017,ILB,0.8367,52.2908,56.94118118286133,60.51164691528417,60.51164691528417,Multi-Year Starter,Consistent career presence; reliable rotational player or specialist.,nan,Multi-Year Starter,Consistent career presence; reliable rotational player or specialist.,nan,Meaningful G5 Contributor,Standout starter at the Group of 5 level; high-end depth in Power 4.,Potential Day 3 Pick,LB
201701254,Jamal Gates,2017,OLB,0.8361,55.8334,54.90635299682617,57.24405343034394,57.24405343034394,Multi-Year Starter,Consistent career presence; reliable rotational player or specialist.,nan,Multi-Year Starter,Consistent career presence; reliable rotational player or specialist.,nan,Multi-Year Starter,Consistent career presence; reliable rotational player or specialist.,nan,LB
201701257,Albert Tucker,2017,OLB,0.8358,38.8899,55.15973663330078,57.52714334665305,57.52714334665305,Partial Season Contributor,Rotational backup or special teams contributor; limited starts.,nan,Multi-Year Starter,Consistent career presence; reliable rotational player or specialist.,nan,Multi-Year Starter,Consistent career presence; reliable rotational player or specialist.,nan,LB
201701279,Matt Gahm,2017,ILB,0.835,60.5698,50.51398849487305,46.413328133217995,46.413328133217995,Meaningful G5 Contributor,Standout starter at the Group of 5 level; high-end depth in Power 4.,Potential Day 3 Pick,Multi-Year Starter,Consistent career presence; reliable rotational player or specialist.,nan,Single Season Contributor,Late bloomer or one-year starter; limited career longevity.,nan,LB
201701389,Andrew Aleki,2017,OLB,0.8322,62.1144,50.37493896484375,46.02437862851631,46.02437862851631,Meaningful G5 Contributor,Standout starter at the Group of 5 level; high-end depth in Power 4.,Potential Day 3 Pick,Multi-Year Starter,Consistent career presence; reliable rotational player or specialist.,nan,Single Season Contributor,Late bloomer or one-year starter; limited career longevity.,nan,LB
201701412,Brandon James,2017,OLB,0.8311,12.9301,54.41399383544922,56.147092598102105,56.147092598102105,Minimal D1 Impact,Roster filler; medical DQ; or transferred to lower levels.,nan,Multi-Year Starter,Consistent career presence; reliable rotational player or specialist.,nan,Multi-Year Starter,Consistent career presence; reliable rotational player or specialist.,nan,LB
201701417,Kyron Johnson,2017,OLB,0.8308,62.4109,53.38631057739258,54.19668454628035,54.19668454628035,Meaningful G5 Contributor,Standout starter at the Group of 5 level; high-end depth in Power 4.,Potential Day 3 Pick,Multi-Year Starter,Consistent career presence; reliable rotational player or specialist.,nan,Multi-Year Starter,Consistent career presence; reliable rotational player or specialist.,nan,LB
201701453,Ryan Gatoloai-Faupula,2017,OLB,0.8289,45.2999,55.01676940917969,57.33804456363276,57.33804456363276,Single Season Contributor,Late bloomer or one-year starter; limited career longevity.,nan,Multi-Year Starter,Consistent career presence; reliable rotational player or specialist.,nan,Multi-Year Starter,Consistent career presence; reliable rotational player or specialist.,nan,LB
201701480,Charles Snowden,2017,OLB,0.8275,73.0943,55.27802658081055,57.77925559601636,57.77925559601636,Meaningful P4 Contributor,Reliable multi-year starter at the highest level of competition.,Potential Day 2 Pick,Multi-Year Starter,Consistent career presence; reliable rotational player or specialist.,nan,Multi-Year Starter,Consistent career presence; reliable rotational player or specialist.,nan,LB
201701488,C.J. Onyechi,2017,OLB,0.8267,55.4665,53.34135437011719,54.09977002744599,54.09977002744599,Multi-Year Starter,Consistent career presence; reliable rotational player or specialist.,nan,Multi-Year Starter,Consistent career presence; reliable rotational player or specialist.,nan,Multi-Year Starter,Consistent career presence; reliable rotational player or specialist.,nan,LB
201701492,Kyle Bolden,2017,OLB,0.8267,17.8133,55.81743621826172,58.49505179238253,58.49505179238253,Minimal D1 Impact,Roster filler; medical DQ; or transferred to lower levels.,nan,Multi-Year Starter,Consistent career presence; reliable rotational player or specialist.,nan,Multi-Year Starter,Consistent career presence; reliable rotational player or specialist.,nan,LB
201701495,Marc Mondesir,2017,OLB,0.8267,45.5838,49.636940002441406,43.53500988563902,43.53500988563902,Single Season Contributor,Late bloomer or one-year starter; limited career longevity.,nan,Single Season Contributor,Late bloomer or one-year starter; limited career longevity.,nan,Single Season Contributor,Late bloomer or one-year starter; limited career longevity.,nan,LB
201701519,Cain McWilliams,2017,ILB,0.8253,53.1233,58.446144104003906,62.76809806207793,62.76809806207793,Multi-Year Starter,Consistent career presence; reliable rotational player or specialist.,nan,Multi-Year Starter,Consistent career presence; reliable rotational player or specialist.,nan,Meaningful G5 Contributor,Standout starter at the Group of 5 level; high-end depth in Power 4.,Potential Day 3 Pick,LB
201701534,Zikerrion Baker,2017,OLB,0.8248,58.5999,55.66999435424805,58.34944940620319,58.34944940620319,Multi-Year Starter,Consistent career presence; reliable rotational player or specialist.,nan,Multi-Year Starter,Consistent career presence; reliable rotational player or specialist.,nan,Multi-Year Starter,Consistent career presence; reliable rotational player or specialist.,nan,LB
201701538,Akileis Leroy,2017,ILB,0.8248,59.9003,59.000064849853516,63.211813329106086,63.211813329106086,Multi-Year Starter,Consistent career presence; reliable rotational player or specialist.,nan,Multi-Year Starter,Consistent career presence; reliable rotational player or specialist.,nan,Meaningful G5 Contributor,Standout starter at the Group of 5 level; high-end depth in Power 4.,Potential Day 3 Pick,LB
201701575,Caden McDonald,2017,OLB,0.8228,62.9951,50.04604721069336,45.24746774126304,45.24746774126304,Meaningful G5 Contributor,Standout starter at the Group of 5 level; high-end depth in Power 4.,Potential Day 3 Pick,Multi-Year Starter,Consistent career presence; reliable rotational player or specialist.,nan,Single Season Contributor,Late bloomer or one-year starter; limited career longevity.,nan,LB
201701589,Lamin Touray,2017,ILB,0.8222,53.8937,62.12773513793945,69.36421288157277,69.36421288157277,Multi-Year Starter,Consistent career presence; reliable rotational player or specialist.,nan,Meaningful G5 Contributor,Standout starter at the Group of 5 level; high-end depth in Power 4.,Potential Day 3 Pick,Meaningful G5 Contributor,Standout starter at the Group of 5 level; high-end depth in Power 4.,Potential Day 3 Pick,LB
201701615,Kevin Nixon,2017,OLB,0.8215,50.0279,48.04965591430664,37.55127772813319,37.55127772813319,Multi-Year Starter,Consistent career presence; reliable rotational player or specialist.,nan,Single Season Contributor,Late bloomer or one-year starter; limited career longevity.,nan,Partial Season Contributor,Rotational backup or special teams contributor; limited starts.,nan,LB
201701643,Romelo Brooks,2017,OLB,0.8203,41.1299,55.26792526245117,57.75548710428892,57.75548710428892,Single Season Contributor,Late bloomer or one-year starter; limited career longevity.,nan,Multi-Year Starter,Consistent career presence; reliable rotational player or specialist.,nan,Multi-Year Starter,Consistent career presence; reliable rotational player or specialist.,nan,LB
201701646,Carson Wells,2017,OLB,0.82,77.0304,48.691497802734375,39.79119295342156,39.79119295342156,Meaningful P4 Contributor,Reliable multi-year starter at the highest level of competition.,Potential Day 2 Pick,Single Season Contributor,Late bloomer or one-year starter; limited career longevity.,nan,Partial Season Contributor,Rotational backup or special teams contributor; limited starts.,nan,LB
201701647,Chinedu Ogbonna,2017,OLB,0.82,52.9323,53.56657028198242,54.466719186167296,54.466719186167296,Multi-Year Starter,Consistent career presence; reliable rotational player or specialist.,nan,Multi-Year Starter,Consistent career presence; reliable rotational player or specialist.,nan,Multi-Year Starter,Consistent career presence; reliable rotational player or specialist.,nan,LB
201701654,Kalia Davis,2017,ILB,0.8194,38.394,60.11622619628906,64.5192298238724,64.5192298238724,Partial Season Contributor,Rotational backup or special teams contributor; limited starts.,nan,Meaningful G5 Contributor,Standout starter at the Group of 5 level; high-end depth in Power 4.,Potential Day 3 Pick,Meaningful G5 Contributor,Standout starter at the Group of 5 level; high-end depth in Power 4.,Potential Day 3 Pick,LB
201701658,Michael Scott,2017,OLB,0.8192,50.7609,53.273128509521484,53.88247806624641,53.88247806624641,Multi-Year Starter,Consistent career presence; reliable rotational player or specialist.,nan,Multi-Year Starter,Consistent career presence; reliable rotational player or specialist.,nan,Multi-Year Starter,Consistent career presence; reliable rotational player or specialist.,nan,LB
201701674,Elliott Brown,2017,OLB,0.8185,62.986,56.87612533569336,60.34940744412928,60.34940744412928,Meaningful G5 Contributor,Standout starter at the Group of 5 level; high-end depth in Power 4.,Potential Day 3 Pick,Multi-Year Starter,Consistent career presence; reliable rotational player or specialist.,nan,Meaningful G5 Contributor,Standout starter at the Group of 5 level; high-end depth in Power 4.,Potential Day 3 Pick,LB
201701690,Richard Cage,2017,OLB,0.8181,33.1331,56.07066345214844,58.917584552480136,58.917584552480136,Partial Season Contributor,Rotational backup or special teams contributor; limited starts.,nan,Multi-Year Starter,Consistent career presence; reliable rotational player or specialist.,nan,Multi-Year Starter,Consistent career presence; reliable rotational player or specialist.,nan,LB
201701721,Diego Fagot,2017,ILB,0.8167,73.7839,51.21780014038086,48.74283126508647,48.74283126508647,Meaningful P4 Contributor,Reliable multi-year starter at the highest level of competition.,Potential Day 2 Pick,Multi-Year Starter,Consistent career presence; reliable rotational player or specialist.,nan,Single Season Contributor,Late bloomer or one-year starter; limited career longevity.,nan,LB
201701775,John Brannon,2017,ILB,0.8147,44.7632,51.993038177490234,50.804108048977625,50.804108048977625,Single Season Contributor,Late bloomer or one-year starter; limited career longevity.,nan,Multi-Year Starter,Consistent career presence; reliable rotational player or specialist.,nan,Multi-Year Starter,Consistent career presence; reliable rotational player or specialist.,nan,LB
201701780,Tyrell Richards,2017,OLB,0.8144,37.7362,53.57759475708008,54.485243410686785,54.485243410686785,Partial Season Contributor,Rotational backup or special teams contributor; limited starts.,nan,Multi-Year Starter,Consistent career presence; reliable rotational player or specialist.,nan,Multi-Year Starter,Consistent career presence; reliable rotational player or specialist.,nan,LB
201701781,Thomas Allen,2017,ILB,0.8142,59.0145,48.380130767822266,38.63104106555116,38.63104106555116,Multi-Year Starter,Consistent career presence; reliable rotational player or specialist.,nan,Single Season Contributor,Late bloomer or one-year starter; limited career longevity.,nan,Partial Season Contributor,Rotational backup or special teams contributor; limited starts.,nan,LB
201701827,Treshaun Hayward,2017,ILB,0.8122,68.5591,54.77351379394531,56.94898827239956,56.94898827239956,Meaningful G5 Contributor,Standout starter at the Group of 5 level; high-end depth in Power 4.,Potential Day 3 Pick,Multi-Year Starter,Consistent career presence; reliable rotational player or specialist.,nan,Multi-Year Starter,Consistent career presence; reliable rotational player or specialist.,nan,LB
201701832,Demarco Guidry,2017,ILB,0.8119,47.0517,48.329429626464844,38.38181896488268,38.38181896488268,Single Season Contributor,Late bloomer or one-year starter; limited career longevity.,nan,Single Season Contributor,Late bloomer or one-year starter; limited career longevity.,nan,Partial Season Contributor,Rotational backup or special teams contributor; limited starts.,nan,LB
201701837,Erik Mueller,2017,ILB,0.8117,58.3676,47.38149642944336,35.53998970095459,35.53998970095459,Multi-Year Starter,Consistent career presence; reliable rotational player or specialist.,nan,Single Season Contributor,Late bloomer or one-year starter; limited career longevity.,nan,Partial Season Contributor,Rotational backup or special teams contributor; limited starts.,nan,LB
201701859,Michael Ruane,2017,ILB,0.8115,54.0333,50.91844940185547,47.901500323203756,47.901500323203756,Multi-Year Starter,Consistent career presence; reliable rotational player or specialist.,nan,Multi-Year Starter,Consistent career presence; reliable rotational player or specialist.,nan,Single Season Contributor,Late bloomer or one-year starter; limited career longevity.,nan,LB
201701903,Rashaad Harding,2017,OLB,0.8093,58.034,53.37318801879883,54.17704721433483,54.17704721433483,Multi-Year Starter,Consistent career presence; reliable rotational player or specialist.,nan,Multi-Year Starter,Consistent career presence; reliable rotational player or specialist.,nan,Multi-Year Starter,Consistent career presence; reliable rotational player or specialist.,nan,LB
201701917,Tobias Larry,2017,OLB,0.8081,51.248,54.50203323364258,56.26939860142745,56.26939860142745,Multi-Year Starter,Consistent career presence; reliable rotational player or specialist.,nan,Multi-Year Starter,Consistent career presence; reliable rotational player or specialist.,nan,Multi-Year Starter,Consistent career presence; reliable rotational player or specialist.,nan,LB
201701928,Dean Sise,2017,OLB,0.8081,29.528,53.04747009277344,53.18500988869487,53.18500988869487,Partial Season Contributor,Rotational backup or special teams contributor; limited starts.,nan,Multi-Year Starter,Consistent career presence; reliable rotational player or specialist.,nan,Multi-Year Starter,Consistent career presence; reliable rotational player or specialist.,nan,LB
201701929,Noah Harvey,2017,OLB,0.8081,62.9219,44.47433853149414,28.89322080132449,28.89322080132449,Meaningful G5 Contributor,Standout starter at the Group of 5 level; high-end depth in Power 4.,Potential Day 3 Pick,Single Season Contributor,Late bloomer or one-year starter; limited career longevity.,nan,Partial Season Contributor,Rotational backup or special teams contributor; limited starts.,nan,LB
201701948,Jake Simpson,2017,OLB,0.8069,54.7128,53.94256591796875,55.25657081829344,55.25657081829344,Multi-Year Starter,Consistent career presence; reliable rotational player or specialist.,nan,Multi-Year Starter,Consistent career presence; reliable rotational player or specialist.,nan,Multi-Year Starter,Consistent career presence; reliable rotational player or specialist.,nan,LB
201701983,Keirston Johnson,2017,ILB,0.8059,44.7245,54.28459167480469,55.94970555297897,55.94970555297897,Single Season Contributor,Late bloomer or one-year starter; limited career longevity.,nan,Multi-Year Starter,Consistent career presence; reliable rotational player or specialist.,nan,Multi-Year Starter,Consistent career presence; reliable rotational player or specialist.,nan,LB
201702015,TJ Gardner,2017,OLB,0.8044,42.7581,52.70854949951172,52.447470432645154,52.447470432645154,Single Season Contributor,Late bloomer or one-year starter; limited career longevity.,nan,Multi-Year Starter,Consistent career presence; reliable rotational player or specialist.,nan,Multi-Year Starter,Consistent career presence; reliable rotational player or specialist.,nan,LB
201702016,Farrell Hester,2017,ILB,0.8044,56.4956,58.27630615234375,62.4220827038911,62.4220827038911,Multi-Year Starter,Consistent career presence; reliable rotational player or specialist.,nan,Multi-Year Starter,Consistent career presence; reliable rotational player or specialist.,nan,Meaningful G5 Contributor,Standout starter at the Group of 5 level; high-end depth in Power 4.,Potential Day 3 Pick,LB
201702057,Corvin Moment,2017,OLB,0.8026,68.6492,51.97225570678711,50.70529651811049,50.70529651811049,Meaningful G5 Contributor,Standout starter at the Group of 5 level; high-end depth in Power 4.,Potential Day 3 Pick,Multi-Year Starter,Consistent career presence; reliable rotational player or specialist.,nan,Multi-Year Starter,Consistent career presence; reliable rotational player or specialist.,nan,LB
201702092,Patrick Moody,2017,ILB,0.8011,33.3944,56.10554885864258,58.97057039278334,58.97057039278334,Partial Season Contributor,Rotational backup or special teams contributor; limited starts.,nan,Multi-Year Starter,Consistent career presence; reliable rotational player or specialist.,nan,Multi-Year Starter,Consistent career presence; reliable rotational player or specialist.,nan,LB
201702117,Santrell Latham,2017,OLB,0.8003,59.5485,47.71359634399414,36.26071679494773,36.26071679494773,Multi-Year Starter,Consistent career presence; reliable rotational player or specialist.,nan,Single Season Contributor,Late bloomer or one-year starter; limited career longevity.,nan,Partial Season Contributor,Rotational backup or special teams contributor; limited starts.,nan,LB
201702130,Tim Terry,2017,OLB,0.8,59.8927,55.56529998779297,58.218895523603535,58.218895523603535,Multi-Year Starter,Consistent career presence; reliable rotational player or specialist.,nan,Multi-Year Starter,Consistent career presence; reliable rotational player or specialist.,nan,Multi-Year Starter,Consistent career presence; reliable rotational player or specialist.,nan,LB
201702131,Bruce Bivens,2017,ILB,0.8,61.9769,48.22937774658203,38.05570699099562,38.05570699099562,Meaningful G5 Contributor,Standout starter at the Group of 5 level; high-end depth in Power 4.,Potential Day 3 Pick,Single Season Contributor,Late bloomer or one-year starter; limited career longevity.,nan,Partial Season Contributor,Rotational backup or special teams contributor; limited starts.,nan,LB
201702151,Audley Isaacs,2017,OLB,0.7993,55.2344,54.42167282104492,56.157760390670845,56.157760390670845,Multi-Year Starter,Consistent career presence; reliable rotational player or specialist.,nan,Multi-Year Starter,Consistent career presence; reliable rotational player or specialist.,nan,Multi-Year Starter,Consistent career presence; reliable rotational player or specialist.,nan,LB
201702186,Tralon Thomas,2017,ILB,0.7981,54.5281,55.315093994140625,57.849241709297864,57.849241709297864,Multi-Year Starter,Consistent career presence; reliable rotational player or specialist.,nan,Multi-Year Starter,Consistent career presence; reliable rotational player or specialist.,nan,Multi-Year Starter,Consistent career presence; reliable rotational player or specialist.,nan,LB
201702189,Kody Fulp,2017,OLB,0.7981,25.8461,51.57180404663086,49.774137540923824,49.774137540923824,Partial Season Contributor,Rotational backup or special teams contributor; limited starts.,nan,Multi-Year Starter,Consistent career presence; reliable rotational player or specialist.,nan,Single Season Contributor,Late bloomer or one-year starter; limited career longevity.,nan,LB
201702192,KJ Vault,2017,OLB,0.7981,47.3844,45.28901290893555,30.356583416847187,30.356583416847187,Single Season Contributor,Late bloomer or one-year starter; limited career longevity.,nan,Single Season Contributor,Late bloomer or one-year starter; limited career longevity.,nan,Partial Season Contributor,Rotational backup or special teams contributor; limited starts.,nan,LB
201702239,Chris Harris Jr.,2017,OLB,0.7959,57.7255,55.24321365356445,57.69734046931522,57.69734046931522,Multi-Year Starter,Consistent career presence; reliable rotational player or specialist.,nan,Multi-Year Starter,Consistent career presence; reliable rotational player or specialist.,nan,Multi-Year Starter,Consistent career presence; reliable rotational player or specialist.,nan,LB
201702278,Joshua Booker-Brown,2017,OLB,0.7944,30.0692,53.01533889770508,53.07462166360714,53.07462166360714,Partial Season Contributor,Rotational backup or special teams contributor; limited starts.,nan,Multi-Year Starter,Consistent career presence; reliable rotational player or specialist.,nan,Multi-Year Starter,Consistent career presence; reliable rotational player or specialist.,nan,LB
201702282,Shaine Hailey,2017,OLB,0.7941,61.9342,47.101497650146484,34.81851464744933,34.81851464744933,Meaningful G5 Contributor,Standout starter at the Group of 5 level; high-end depth in Power 4.,Potential Day 3 Pick,Single Season Contributor,Late bloomer or one-year starter; limited career longevity.,nan,Partial Season Contributor,Rotational backup or special teams contributor; limited starts.,nan,LB
201702290,Cornel Jones,2017,ILB,0.7933,66.3415,48.90263748168945,40.444163578216866,40.444163578216866,Meaningful G5 Contributor,Standout starter at the Group of 5 level; high-end depth in Power 4.,Potential Day 3 Pick,Single Season Contributor,Late bloomer or one-year starter; limited career longevity.,nan,Single Season Contributor,Late bloomer or one-year starter; limited career longevity.,nan,LB
201702305,Donovan Perkins,2017,ILB,0.7928,39.8965,55.776546478271484,58.45390550212759,58.45390550212759,Partial Season Contributor,Rotational backup or special teams contributor; limited starts.,nan,Multi-Year Starter,Consistent career presence; reliable rotational player or specialist.,nan,Multi-Year Starter,Consistent career presence; reliable rotational player or specialist.,nan,LB
201702306,Cooper Root,2017,ILB,0.7928,35.2907,53.80423355102539,54.89325670050761,54.89325670050761,Partial Season Contributor,Rotational backup or special teams contributor; limited starts.,nan,Multi-Year Starter,Consistent career presence; reliable rotational player or specialist.,nan,Multi-Year Starter,Consistent career presence; reliable rotational player or specialist.,nan,LB
201702308,Michael Makins,2017,OLB,0.7926,49.3994,51.86766052246094,50.33404230131874,50.33404230131874,Single Season Contributor,Late bloomer or one-year starter; limited career longevity.,nan,Multi-Year Starter,Consistent career presence; reliable rotational player or specialist.,nan,Multi-Year Starter,Consistent career presence; reliable rotational player or specialist.,nan,LB
201702337,Jay Dineen,2017,ILB,0.7922,57.3806,45.58848190307617,30.900375891644398,30.900375891644398,Multi-Year Starter,Consistent career presence; reliable rotational player or specialist.,nan,Single Season Contributor,Late bloomer or one-year starter; limited career longevity.,nan,Partial Season Contributor,Rotational backup or special teams contributor; limited starts.,nan,LB
201702341,Lacedrick Brunson,2017,OLB,0.7919,59.2249,51.6495246887207,49.93334904344531,49.93334904344531,Multi-Year Starter,Consistent career presence; reliable rotational player or specialist.,nan,Multi-Year Starter,Consistent career presence; reliable rotational player or specialist.,nan,Single Season Contributor,Late bloomer or one-year starter; limited career longevity.,nan,LB
201702372,Nick Okeke,2017,OLB,0.7906,61.9683,49.553524017333984,43.19344546797593,43.19344546797593,Meaningful G5 Contributor,Standout starter at the Group of 5 level; high-end depth in Power 4.,Potential Day 3 Pick,Single Season Contributor,Late bloomer or one-year starter; limited career longevity.,nan,Single Season Contributor,Late bloomer or one-year starter; limited career longevity.,nan,LB
201702374,London Harris,2017,OLB,0.79,61.0308,46.655033111572266,33.61881212138796,33.61881212138796,Meaningful G5 Contributor,Standout starter at the Group of 5 level; high-end depth in Power 4.,Potential Day 3 Pick,Single Season Contributor,Late bloomer or one-year starter; limited career longevity.,nan,Partial Season Contributor,Rotational backup or special teams contributor; limited starts.,nan,LB
201702388,Trajan Stephens-McQueen,2017,ILB,0.79,57.3102,48.11719512939453,37.740841544892454,37.740841544892454,Multi-Year Starter,Consistent career presence; reliable rotational player or specialist.,nan,Single Season Contributor,Late bloomer or one-year starter; limited career longevity.,nan,Partial Season Contributor,Rotational backup or special teams contributor; limited starts.,nan,LB
201702420,George Douglas,2017,OLB,0.7893,59.4745,53.01334762573242,53.067780555510765,53.067780555510765,Multi-Year Starter,Consistent career presence; reliable rotational player or specialist.,nan,Multi-Year Starter,Consistent career presence; reliable rotational player or specialist.,nan,Multi-Year Starter,Consistent career presence; reliable rotational player or specialist.,nan,LB
201702464,Kholbe Coleman,2017,OLB,0.7881,58.0064,54.786224365234375,56.98331699240758,56.98331699240758,Multi-Year Starter,Consistent career presence; reliable rotational player or specialist.,nan,Multi-Year Starter,Consistent career presence; reliable rotational player or specialist.,nan,Multi-Year Starter,Consistent career presence; reliable rotational player or specialist.,nan,LB
201702491,Jonathan Francois,2017,ILB,0.7859,29.8529,54.34927749633789,56.0571874312225,56.0571874312225,Partial Season Contributor,Rotational backup or special teams contributor; limited starts.,nan,Multi-Year Starter,Consistent career presence; reliable rotational player or specialist.,nan,Multi-Year Starter,Consistent career presence; reliable rotational player or specialist.,nan,LB
201702548,Victor Heyward,2017,OLB,0.7852,57.3102,55.051490783691406,57.36760087025548,57.36760087025548,Multi-Year Starter,Consistent career presence; reliable rotational player or specialist.,nan,Multi-Year Starter,Consistent career presence; reliable rotational player or specialist.,nan,Multi-Year Starter,Consistent career presence; reliable rotational player or specialist.,nan,LB
201702599,Dante Smith,2017,ILB,0.7826,51.3184,52.80537796020508,52.67133859704672,52.67133859704672,Multi-Year Starter,Consistent career presence; reliable rotational player or specialist.,nan,Multi-Year Starter,Consistent career presence; reliable rotational player or specialist.,nan,Multi-Year Starter,Consistent career presence; reliable rotational player or specialist.,nan,LB
201702629,Jeremiah Lowery,2017,ILB,0.7826,49.8519,59.51240921020508,63.884596757878704,63.884596757878704,Single Season Contributor,Late bloomer or one-year starter; limited career longevity.,nan,Multi-Year Starter,Consistent career presence; reliable rotational player or specialist.,nan,Meaningful G5 Contributor,Standout starter at the Group of 5 level; high-end depth in Power 4.,Potential Day 3 Pick,LB
201702639,David Rueth,2017,OLB,0.7822,38.5715,54.797935485839844,57.015738068557134,57.015738068557134,Partial Season Contributor,Rotational backup or special teams contributor; limited starts.,nan,Multi-Year Starter,Consistent career presence; reliable rotational player or specialist.,nan,Multi-Year Starter,Consistent career presence; reliable rotational player or specialist.,nan,LB
201702641,Garrett Grammer,2017,ILB,0.7819,54.1428,47.55495071411133,35.916422205306496,35.916422205306496,Multi-Year Starter,Consistent career presence; reliable rotational player or specialist.,nan,Single Season Contributor,Late bloomer or one-year starter; limited career longevity.,nan,Partial Season Contributor,Rotational backup or special teams contributor; limited starts.,nan,LB
201702692,Derrick Barnes,2017,ILB,0.78,68.6341,51.6050910949707,49.86055168873904,49.86055168873904,Meaningful G5 Contributor,Standout starter at the Group of 5 level; high-end depth in Power 4.,Potential Day 3 Pick,Multi-Year Starter,Consistent career presence; reliable rotational player or specialist.,nan,Single Season Contributor,Late bloomer or one-year starter; limited career longevity.,nan,LB
201702693,Reggie Corner,2017,OLB,0.78,40.5942,52.1539306640625,51.30692080891898,51.30692080891898,Single Season Contributor,Late bloomer or one-year starter; limited career longevity.,nan,Multi-Year Starter,Consistent career presence; reliable rotational player or specialist.,nan,Multi-Year Starter,Consistent career presence; reliable rotational player or specialist.,nan,LB
201702724,Justin Whisenhunt,2017,OLB,0.7793,57.6304,47.91648483276367,37.03067454375244,37.03067454375244,Multi-Year Starter,Consistent career presence; reliable rotational player or specialist.,nan,Single Season Contributor,Late bloomer or one-year starter; limited career longevity.,nan,Partial Season Contributor,Rotational backup or special teams contributor; limited starts.,nan,LB
201702773,Desean Boyd,2017,OLB,0.7785,31.3827,49.197967529296875,42.09712065180347,42.09712065180347,Partial Season Contributor,Rotational backup or special teams contributor; limited starts.,nan,Single Season Contributor,Late bloomer or one-year starter; limited career longevity.,nan,Single Season Contributor,Late bloomer or one-year starter; limited career longevity.,nan,LB
201702892,Seyddrick Lakalaka,2017,OLB,0.7752,62.0026,56.30049514770508,59.2830266987541,59.2830266987541,Meaningful G5 Contributor,Standout starter at the Group of 5 level; high-end depth in Power 4.,Potential Day 3 Pick,Multi-Year Starter,Consistent career presence; reliable rotational player or specialist.,nan,Multi-Year Starter,Consistent career presence; reliable rotational player or specialist.,nan,LB
201702893,Hunter Smith,2017,OLB,0.7752,53.273,49.67560958862305,43.68044366479349,43.68044366479349,Multi-Year Starter,Consistent career presence; reliable rotational player or specialist.,nan,Single Season Contributor,Late bloomer or one-year starter; limited career longevity.,nan,Single Season Contributor,Late bloomer or one-year starter; limited career longevity.,nan,LB
201702951,Brayden DeVault-Smith,2017,ILB,0.7733,61.7645,48.75457000732422,39.93583805986981,39.93583805986981,Meaningful G5 Contributor,Standout starter at the Group of 5 level; high-end depth in Power 4.,Potential Day 3 Pick,Single Season Contributor,Late bloomer or one-year starter; limited career longevity.,nan,Partial Season Contributor,Rotational backup or special teams contributor; limited starts.,nan,LB
201702968,Estefano Feliciano,2017,OLB,0.7726,31.8076,50.717567443847656,46.97542287008493,46.97542287008493,Partial Season Contributor,Rotational backup or special teams contributor; limited starts.,nan,Multi-Year Starter,Consistent career presence; reliable rotational player or specialist.,nan,Single Season Contributor,Late bloomer or one-year starter; limited career longevity.,nan,LB
201703085,Cepeda Phillips,2017,OLB,0.7685,54.3075,48.379886627197266,38.62984098922562,38.62984098922562,Multi-Year Starter,Consistent career presence; reliable rotational player or specialist.,nan,Single Season Contributor,Late bloomer or one-year starter; limited career longevity.,nan,Partial Season Contributor,Rotational backup or special teams contributor; limited starts.,nan,LB
201703111,Christian Elliss,2017,OLB,0.7685,37.0991,47.824485778808594,36.661613215946275,36.661613215946275,Partial Season Contributor,Rotational backup or special teams contributor; limited starts.,nan,Single Season Contributor,Late bloomer or one-year starter; limited career longevity.,nan,Partial Season Contributor,Rotational backup or special teams contributor; limited starts.,nan,LB
201703144,Cole McCubrey,2017,ILB,0.7683,54.4422,46.29585647583008,32.445909404815104,32.445909404815104,Multi-Year Starter,Consistent career presence; reliable rotational player or specialist.,nan,Single Season Contributor,Late bloomer or one-year starter; limited career longevity.,nan,Partial Season Contributor,Rotational backup or special teams contributor; limited starts.,nan,LB
201703149,Marvin Moody,2017,OLB,0.7683,63.3201,51.45149230957031,49.42305208655327,49.42305208655327,Meaningful G5 Contributor,Standout starter at the Group of 5 level; high-end depth in Power 4.,Potential Day 3 Pick,Multi-Year Starter,Consistent career presence; reliable rotational player or specialist.,nan,Single Season Contributor,Late bloomer or one-year starter; limited career longevity.,nan,LB
201703153,Chris Thornton,2017,OLB,0.7683,47.2092,46.286529541015625,32.410776901557014,32.410776901557014,Single Season Contributor,Late bloomer or one-year starter; limited career longevity.,nan,Single Season Contributor,Late bloomer or one-year starter; limited career longevity.,nan,Partial Season Contributor,Rotational backup or special teams contributor; limited starts.,nan,LB
201703167,Matthew Young,2017,OLB,0.7678,45.502,49.65792465209961,43.6139317776316,43.6139317776316,Single Season Contributor,Late bloomer or one-year starter; limited career longevity.,nan,Single Season Contributor,Late bloomer or one-year starter; limited career longevity.,nan,Single Season Contributor,Late bloomer or one-year starter; limited career longevity.,nan,LB
201703169,Jhi'Shawn Taylor,2017,OLB,0.7678,57.5221,49.46160888671875,42.81140931651898,42.81140931651898,Multi-Year Starter,Consistent career presence; reliable rotational player or specialist.,nan,Single Season Contributor,Late bloomer or one-year starter; limited career longevity.,nan,Single Season Contributor,Late bloomer or one-year starter; limited career longevity.,nan,LB
201703198,Roy McCree,2017,OLB,0.7667,52.9979,48.0799674987793,37.63635392626757,37.63635392626757,Multi-Year Starter,Consistent career presence; reliable rotational player or specialist.,nan,Single Season Contributor,Late bloomer or one-year starter; limited career longevity.,nan,Partial Season Contributor,Rotational backup or special teams contributor; limited starts.,nan,LB
201703259,Jon Rhattigan,2017,ILB,0.7667,48.4603,45.79171371459961,31.270431549496035,31.270431549496035,Single Season Contributor,Late bloomer or one-year starter; limited career longevity.,nan,Single Season Contributor,Late bloomer or one-year starter; limited career longevity.,nan,Partial Season Contributor,Rotational backup or special teams contributor; limited starts.,nan,LB
201703334,Ja'Varius Harrison,2017,ILB,0.7667,49.8636,50.045310974121094,45.24459879358849,45.24459879358849,Single Season Contributor,Late bloomer or one-year starter; limited career longevity.,nan,Multi-Year Starter,Consistent career presence; reliable rotational player or specialist.,nan,Single Season Contributor,Late bloomer or one-year starter; limited career longevity.,nan,LB
201703700,Tommy Lawley,2017,OLB,0.7667,27.7649,49.62422561645508,43.48719191326831,43.48719191326831,Partial Season Contributor,Rotational backup or special teams contributor; limited starts.,nan,Single Season Contributor,Late bloomer or one-year starter; limited career longevity.,nan,Single Season Contributor,Late bloomer or one-year starter; limited career longevity.,nan,LB
201703765,Trevor Price,2017,OLB,0.7644,55.7318,46.70875930786133,33.75575940098477,33.75575940098477,Multi-Year Starter,Consistent career presence; reliable rotational player or specialist.,nan,Single Season Contributor,Late bloomer or one-year starter; limited career longevity.,nan,Partial Season Contributor,Rotational backup or special teams contributor; limited starts.,nan,LB
201703786,Trevor Brohard,2017,OLB,0.7644,53.0695,49.379451751708984,42.56491731700017,42.56491731700017,Multi-Year Starter,Consistent career presence; reliable rotational player or specialist.,nan,Single Season Contributor,Late bloomer or one-year starter; limited career longevity.,nan,Single Season Contributor,Late bloomer or one-year starter; limited career longevity.,nan,LB
201703798,Jordan Cole,2017,OLB,0.7644,52.4507,44.939083099365234,29.72768053589313,29.72768053589313,Multi-Year Starter,Consistent career presence; reliable rotational player or specialist.,nan,Single Season Contributor,Late bloomer or one-year starter; limited career longevity.,nan,Partial Season Contributor,Rotational backup or special teams contributor; limited starts.,nan,LB
201703825,Mitchell Johns,2017,OLB,0.7633,27.7649,40.12349319458008,21.212962478547745,21.212962478547745,Partial Season Contributor,Rotational backup or special teams contributor; limited starts.,nan,Single Season Contributor,Late bloomer or one-year starter; limited career longevity.,nan,Partial Season Contributor,Rotational backup or special teams contributor; limited starts.,nan,LB
201703854,Michael Robinson,2017,OLB,0.7611,50.1804,53.11591720581055,53.408519357669505,53.408519357669505,Multi-Year Starter,Consistent career presence; reliable rotational player or specialist.,nan,Multi-Year Starter,Consistent career presence; reliable rotational player or specialist.,nan,Multi-Year Starter,Consistent career presence; reliable rotational player or specialist.,nan,LB
201703862,Rico Tolefree,2017,OLB,0.7611,60.1436,48.05464553833008,37.565282216826844,37.565282216826844,Meaningful G5 Contributor,Standout starter at the Group of 5 level; high-end depth in Power 4.,Potential Day 3 Pick,Single Season Contributor,Late bloomer or one-year starter; limited career longevity.,nan,Partial Season Contributor,Rotational backup or special teams contributor; limited starts.,nan,LB
201703864,Penei Pavihi,2017,ILB,0.7611,55.7445,50.42945098876953,46.17691224847687,46.17691224847687,Multi-Year Starter,Consistent career presence; reliable rotational player or specialist.,nan,Multi-Year Starter,Consistent career presence; reliable rotational player or specialist.,nan,Single Season Contributor,Late bloomer or one-year starter; limited career longevity.,nan,LB
201703884,Rayshawn Gay,2017,OLB,0.7611,49.1815,46.41503143310547,32.894815144809414,32.894815144809414,Single Season Contributor,Late bloomer or one-year starter; limited career longevity.,nan,Single Season Contributor,Late bloomer or one-year starter; limited career longevity.,nan,Partial Season Contributor,Rotational backup or special teams contributor; limited starts.,nan,LB
201703890,Jerry Roberts,2017,ILB,0.7611,61.994,41.94182205200195,24.627124794571607,24.627124794571607,Meaningful G5 Contributor,Standout starter at the Group of 5 level; high-end depth in Power 4.,Potential Day 3 Pick,Single Season Contributor,Late bloomer or one-year starter; limited career longevity.,nan,Partial Season Contributor,Rotational backup or special teams contributor; limited starts.,nan,LB
201703892,Sam Thomas,2017,ILB,0.7611,39.5363,53.877620697021484,55.094597593457834,55.094597593457834,Partial Season Contributor,Rotational backup or special teams contributor; limited starts.,nan,Multi-Year Starter,Consistent career presence; reliable rotational player or specialist.,nan,Multi-Year Starter,Consistent career presence; reliable rotational player or specialist.,nan,LB
201703927,Kemonte Yow,2017,ILB,0.7583,49.6874,51.29530715942383,48.96163191383049,48.96163191383049,Single Season Contributor,Late bloomer or one-year starter; limited career longevity.,nan,Multi-Year Starter,Consistent career presence; reliable rotational player or specialist.,nan,Single Season Contributor,Late bloomer or one-year starter; limited career longevity.,nan,LB
201703943,Griffin Baumoel,2017,ILB,0.7583,34.291,46.68181228637695,33.68707184183454,33.68707184183454,Partial Season Contributor,Rotational backup or special teams contributor; limited starts.,nan,Single Season Contributor,Late bloomer or one-year starter; limited career longevity.,nan,Partial Season Contributor,Rotational backup or special teams contributor; limited starts.,nan,LB
201703970,Kristopher Moll,2017,OLB,0.7583,61.5883,47.91579818725586,37.02792001213553,37.02792001213553,Meaningful G5 Contributor,Standout starter at the Group of 5 level; high-end depth in Power 4.,Potential Day 3 Pick,Single Season Contributor,Late bloomer or one-year starter; limited career longevity.,nan,Partial Season Contributor,Rotational backup or special teams contributor; limited starts.,nan,LB
201703997,James Tupou,2017,ILB,0.7578,36.8363,51.261165618896484,48.86071203453095,48.86071203453095,Partial Season Contributor,Rotational backup or special teams contributor; limited starts.,nan,Multi-Year Starter,Consistent career presence; reliable rotational player or specialist.,nan,Single Season Contributor,Late bloomer or one-year starter; limited career longevity.,nan,LB
201704041,Joseph Stephenson,2017,ILB,0.7533,43.5588,51.893898010253906,50.409743658512454,50.409743658512454,Single Season Contributor,Late bloomer or one-year starter; limited career longevity.,nan,Multi-Year Starter,Consistent career presence; reliable rotational player or specialist.,nan,Multi-Year Starter,Consistent career presence; reliable rotational player or specialist.,nan,LB
201704132,Terry Myrick,2017,OLB,0.7483,60.4759,48.82135772705078,40.08900405259365,40.08900405259365,Meaningful G5 Contributor,Standout starter at the Group of 5 level; high-end depth in Power 4.,Potential Day 3 Pick,Single Season Contributor,Late bloomer or one-year starter; limited career longevity.,nan,Single Season Contributor,Late bloomer or one-year starter; limited career longevity.,nan,LB
201704174,Will Trawick,2017,ILB,0.7433,23.5123,43.96367263793945,28.162859744745163,28.162859744745163,Partial Season Contributor,Rotational backup or special teams contributor; limited starts.,nan,Single Season Contributor,Late bloomer or one-year starter; limited career longevity.,nan,Partial Season Contributor,Rotational backup or special teams contributor; limited starts.,nan,LB
201704184,Grant Donaldson,2017,OLB,0.74,51.9954,46.440589904785156,32.991088262121984,32.991088262121984,Multi-Year Starter,Consistent career presence; reliable rotational player or specialist.,nan,Single Season Contributor,Late bloomer or one-year starter; limited career longevity.,nan,Partial Season Contributor,Rotational backup or special teams contributor; limited starts.,nan,LB
201704196,Chris Evans,2017,OLB,0.74,53.676,46.763004302978516,33.89402909112015,33.89402909112015,Multi-Year Starter,Consistent career presence; reliable rotational player or specialist.,nan,Single Season Contributor,Late bloomer or one-year starter; limited career longevity.,nan,Partial Season Contributor,Rotational backup or special teams contributor; limited starts.,nan,LB
201800015,Palaie Gaoteote IV,2018,ILB,0.9926,61.3031,70.50738525390625,84.80487379282067,84.80487379282067,Meaningful G5 Contributor,Standout starter at the Group of 5 level; high-end depth in Power 4.,Potential Day 3 Pick,Meaningful P4 Contributor,Reliable multi-year starter at the highest level of competition.,Potential Day 2 Pick,Elite Power 4,All-Conference/All-American honors.,First round NFL Draft talent,LB
201800018,Adam Anderson,2018,OLB,0.9889,70.3671,71.96623992919922,85.78252931902259,85.78252931902259,Meaningful P4 Contributor,Reliable multi-year starter at the highest level of competition.,Potential Day 2 Pick,Meaningful P4 Contributor,Reliable multi-year starter at the highest level of competition.,Potential Day 2 Pick,Elite Power 4,All-Conference/All-American honors.,First round NFL Draft talent,LB
201800031,Quay Walker,2018,OLB,0.983,64.4473,73.83631134033203,87.03576288673148,87.03576288673148,Meaningful G5 Contributor,Standout starter at the Group of 5 level; high-end depth in Power 4.,Potential Day 3 Pick,Meaningful P4 Contributor,Reliable multi-year starter at the highest level of competition.,Potential Day 2 Pick,Elite Power 4,All-Conference/All-American honors.,First round NFL Draft talent,LB
201800044,Teradja Mitchell,2018,ILB,0.9771,62.9585,62.644683837890625,71.13792764935566,71.13792764935566,Meaningful G5 Contributor,Standout starter at the Group of 5 level; high-end depth in Power 4.,Potential Day 3 Pick,Meaningful G5 Contributor,Standout starter at the Group of 5 level; high-end depth in Power 4.,Potential Day 3 Pick,Meaningful P4 Contributor,Reliable multi-year starter at the highest level of competition.,Potential Day 2 Pick,LB
201800048,J.J. Peterson,2018,OLB,0.9761,49.9399,61.95981216430664,68.68567107807515,68.68567107807515,Single Season Contributor,Late bloomer or one-year starter; limited career longevity.,nan,Meaningful G5 Contributor,Standout starter at the Group of 5 level; high-end depth in Power 4.,Potential Day 3 Pick,Meaningful G5 Contributor,Standout starter at the Group of 5 level; high-end depth in Power 4.,Potential Day 3 Pick,LB
201800079,Payton Wilson,2018,OLB,0.9613,90.1683,62.17475128173828,69.55419533791324,69.55419533791324,Elite Power 4,All-Conference/All-American honors.,First round NFL Draft talent,Meaningful G5 Contributor,Standout starter at the Group of 5 level; high-end depth in Power 4.,Potential Day 3 Pick,Meaningful G5 Contributor,Standout starter at the Group of 5 level; high-end depth in Power 4.,Potential Day 3 Pick,LB
201800090,Shayne Simon,2018,OLB,0.9567,63.74,61.95119094848633,68.65134516666066,68.65134516666066,Meaningful G5 Contributor,Standout starter at the Group of 5 level; high-end depth in Power 4.,Potential Day 3 Pick,Meaningful G5 Contributor,Standout starter at the Group of 5 level; high-end depth in Power 4.,Potential Day 3 Pick,Meaningful G5 Contributor,Standout starter at the Group of 5 level; high-end depth in Power 4.,Potential Day 3 Pick,LB
201800099,Jack Lamb,2018,ILB,0.9547,55.7255,61.4214973449707,67.27595885199017,67.27595885199017,Multi-Year Starter,Consistent career presence; reliable rotational player or specialist.,nan,Meaningful G5 Contributor,Standout starter at the Group of 5 level; high-end depth in Power 4.,Potential Day 3 Pick,Meaningful G5 Contributor,Standout starter at the Group of 5 level; high-end depth in Power 4.,Potential Day 3 Pick,LB
201800103,Channing Tindall,2018,ILB,0.9526,69.3535,64.90835571289062,76.4037285668274,76.4037285668274,Meaningful G5 Contributor,Standout starter at the Group of 5 level; high-end depth in Power 4.,Potential Day 3 Pick,Meaningful G5 Contributor,Standout starter at the Group of 5 level; high-end depth in Power 4.,Potential Day 3 Pick,Meaningful P4 Contributor,Reliable multi-year starter at the highest level of competition.,Potential Day 2 Pick,LB
201800118,Cameron McGrone,2018,OLB,0.9481,69.9409,66.75298309326172,78.80334262042211,78.80334262042211,Meaningful G5 Contributor,Standout starter at the Group of 5 level; high-end depth in Power 4.,Potential Day 3 Pick,Meaningful G5 Contributor,Standout starter at the Group of 5 level; high-end depth in Power 4.,Potential Day 3 Pick,Meaningful P4 Contributor,Reliable multi-year starter at the highest level of competition.,Potential Day 2 Pick,LB
201800119,Ayodele Adeoye,2018,ILB,0.9475,54.6819,57.418373107910156,61.214241705572555,61.214241705572555,Multi-Year Starter,Consistent career presence; reliable rotational player or specialist.,nan,Multi-Year Starter,Consistent career presence; reliable rotational player or specialist.,nan,Meaningful G5 Contributor,Standout starter at the Group of 5 level; high-end depth in Power 4.,Potential Day 3 Pick,LB
201800129,Merlin Robertson,2018,OLB,0.9452,71.5135,56.38850402832031,59.396467465644186,59.396467465644186,Meaningful P4 Contributor,Reliable multi-year starter at the highest level of competition.,Potential Day 2 Pick,Multi-Year Starter,Consistent career presence; reliable rotational player or specialist.,nan,Multi-Year Starter,Consistent career presence; reliable rotational player or specialist.,nan,LB
201800133,Ale Kaho,2018,ILB,0.9448,64.0838,60.55885314941406,65.48036679170495,65.48036679170495,Meaningful G5 Contributor,Standout starter at the Group of 5 level; high-end depth in Power 4.,Potential Day 3 Pick,Meaningful G5 Contributor,Standout starter at the Group of 5 level; high-end depth in Power 4.,Potential Day 3 Pick,Meaningful G5 Contributor,Standout starter at the Group of 5 level; high-end depth in Power 4.,Potential Day 3 Pick,LB
201800151,Dax Hollifield,2018,ILB,0.9376,74.1833,60.74399185180664,65.90050604355713,65.90050604355713,Meaningful P4 Contributor,Reliable multi-year starter at the highest level of competition.,Potential Day 2 Pick,Meaningful G5 Contributor,Standout starter at the Group of 5 level; high-end depth in Power 4.,Potential Day 3 Pick,Meaningful G5 Contributor,Standout starter at the Group of 5 level; high-end depth in Power 4.,Potential Day 3 Pick,LB
201800155,Raymond Scott,2018,OLB,0.9361,60.4058,62.56053924560547,70.8158486542764,70.8158486542764,Meaningful G5 Contributor,Standout starter at the Group of 5 level; high-end depth in Power 4.,Potential Day 3 Pick,Meaningful G5 Contributor,Standout starter at the Group of 5 level; high-end depth in Power 4.,Potential Day 3 Pick,Meaningful P4 Contributor,Reliable multi-year starter at the highest level of competition.,Potential Day 2 Pick,LB
201800166,Dallas Gant,2018,OLB,0.9322,65.1211,52.63938903808594,52.332963243273326,52.332963243273326,Meaningful G5 Contributor,Standout starter at the Group of 5 level; high-end depth in Power 4.,Potential Day 3 Pick,Multi-Year Starter,Consistent career presence; reliable rotational player or specialist.,nan,Multi-Year Starter,Consistent career presence; reliable rotational player or specialist.,nan,LB
201800169,Adrian Jackson,2018,OLB,0.9313,53.8271,59.12826919555664,63.32954832923422,63.32954832923422,Multi-Year Starter,Consistent career presence; reliable rotational player or specialist.,nan,Multi-Year Starter,Consistent career presence; reliable rotational player or specialist.,nan,Meaningful G5 Contributor,Standout starter at the Group of 5 level; high-end depth in Power 4.,Potential Day 3 Pick,LB
201800197,Zakoby McClain,2018,OLB,0.9221,76.856,62.57529067993164,70.8778472973248,70.8778472973248,Meaningful P4 Contributor,Reliable multi-year starter at the highest level of competition.,Potential Day 2 Pick,Meaningful G5 Contributor,Standout starter at the Group of 5 level; high-end depth in Power 4.,Potential Day 3 Pick,Meaningful P4 Contributor,Reliable multi-year starter at the highest level of competition.,Potential Day 2 Pick,LB
201800205,DaShaun White,2018,OLB,0.92,65.4727,57.128753662109375,60.916564753390894,60.916564753390894,Meaningful G5 Contributor,Standout starter at the Group of 5 level; high-end depth in Power 4.,Potential Day 3 Pick,Multi-Year Starter,Consistent career presence; reliable rotational player or specialist.,nan,Meaningful G5 Contributor,Standout starter at the Group of 5 level; high-end depth in Power 4.,Potential Day 3 Pick,LB
201800210,Mike Jones Jr.,2018,OLB,0.9186,64.386,58.77515411376953,63.018452651083095,63.018452651083095,Meaningful G5 Contributor,Standout starter at the Group of 5 level; high-end depth in Power 4.,Potential Day 3 Pick,Multi-Year Starter,Consistent career presence; reliable rotational player or specialist.,nan,Meaningful G5 Contributor,Standout starter at the Group of 5 level; high-end depth in Power 4.,Potential Day 3 Pick,LB
201800217,K'Vaughan Pope,2018,ILB,0.917,59.4228,54.355865478515625,56.0663395811312,56.0663395811312,Multi-Year Starter,Consistent career presence; reliable rotational player or specialist.,nan,Multi-Year Starter,Consistent career presence; reliable rotational player or specialist.,nan,Multi-Year Starter,Consistent career presence; reliable rotational player or specialist.,nan,LB
201800220,Nik Bonitto,2018,OLB,0.9167,78.7404,61.48175811767578,67.4371806703557,67.4371806703557,Meaningful P4 Contributor,Reliable multi-year starter at the highest level of competition.,Potential Day 2 Pick,Meaningful G5 Contributor,Standout starter at the Group of 5 level; high-end depth in Power 4.,Potential Day 3 Pick,Meaningful G5 Contributor,Standout starter at the Group of 5 level; high-end depth in Power 4.,Potential Day 3 Pick,LB
201800238,Jesse Luketa,2018,ILB,0.9113,63.4428,67.10102081298828,79.55483652659329,79.55483652659329,Meaningful G5 Contributor,Standout starter at the Group of 5 level; high-end depth in Power 4.,Potential Day 3 Pick,Meaningful G5 Contributor,Standout starter at the Group of 5 level; high-end depth in Power 4.,Potential Day 3 Pick,Meaningful P4 Contributor,Reliable multi-year starter at the highest level of competition.,Potential Day 2 Pick,LB
201800239,Amari Gainer,2018,OLB,0.9112,65.495,65.69468688964844,77.57860453384897,77.57860453384897,Meaningful G5 Contributor,Standout starter at the Group of 5 level; high-end depth in Power 4.,Potential Day 3 Pick,Meaningful G5 Contributor,Standout starter at the Group of 5 level; high-end depth in Power 4.,Potential Day 3 Pick,Meaningful P4 Contributor,Reliable multi-year starter at the highest level of competition.,Potential Day 2 Pick,LB
201800240,Robert Hicks,2018,ILB,0.9109,56.0121,66.81119537353516,78.92903639270688,78.92903639270688,Multi-Year Starter,Consistent career presence; reliable rotational player or specialist.,nan,Meaningful G5 Contributor,Standout starter at the Group of 5 level; high-end depth in Power 4.,Potential Day 3 Pick,Meaningful P4 Contributor,Reliable multi-year starter at the highest level of competition.,Potential Day 2 Pick,LB
201800245,Alston Orji,2018,ILB,0.9103,54.5834,60.37930679321289,64.86077059453442,64.86077059453442,Multi-Year Starter,Consistent career presence; reliable rotational player or specialist.,nan,Meaningful G5 Contributor,Standout starter at the Group of 5 level; high-end depth in Power 4.,Potential Day 3 Pick,Meaningful G5 Contributor,Standout starter at the Group of 5 level; high-end depth in Power 4.,Potential Day 3 Pick,LB
201800251,Bo Calvert,2018,OLB,0.9087,58.3396,51.84403991699219,50.26589126849765,50.26589126849765,Multi-Year Starter,Consistent career presence; reliable rotational player or specialist.,nan,Multi-Year Starter,Consistent career presence; reliable rotational player or specialist.,nan,Multi-Year Starter,Consistent career presence; reliable rotational player or specialist.,nan,LB
201800277,Micah Baskerville,2018,ILB,0.9044,70.1337,58.41901397705078,62.69502544974999,62.69502544974999,Meaningful P4 Contributor,Reliable multi-year starter at the highest level of competition.,Potential Day 2 Pick,Multi-Year Starter,Consistent career presence; reliable rotational player or specialist.,nan,Meaningful G5 Contributor,Standout starter at the Group of 5 level; high-end depth in Power 4.,Potential Day 3 Pick,LB
201800281,Michael Harris,2018,ILB,0.9033,48.3831,62.4019775390625,70.14943138069222,70.14943138069222,Single Season Contributor,Late bloomer or one-year starter; limited career longevity.,nan,Meaningful G5 Contributor,Standout starter at the Group of 5 level; high-end depth in Power 4.,Potential Day 3 Pick,Meaningful P4 Contributor,Reliable multi-year starter at the highest level of competition.,Potential Day 2 Pick,LB
201800293,Bo Bauer,2018,ILB,0.9015,64.2946,65.2703857421875,76.98258477129396,76.98258477129396,Meaningful G5 Contributor,Standout starter at the Group of 5 level; high-end depth in Power 4.,Potential Day 3 Pick,Meaningful G5 Contributor,Standout starter at the Group of 5 level; high-end depth in Power 4.,Potential Day 3 Pick,Meaningful P4 Contributor,Reliable multi-year starter at the highest level of competition.,Potential Day 2 Pick,LB
201800297,David Reese,2018,OLB,0.9003,67.0122,61.664886474609375,67.91838841204769,67.91838841204769,Meaningful G5 Contributor,Standout starter at the Group of 5 level; high-end depth in Power 4.,Potential Day 3 Pick,Meaningful G5 Contributor,Standout starter at the Group of 5 level; high-end depth in Power 4.,Potential Day 3 Pick,Meaningful G5 Contributor,Standout starter at the Group of 5 level; high-end depth in Power 4.,Potential Day 3 Pick,LB
201800308,Kana'i Mauga,2018,OLB,0.899,65.5735,61.09577560424805,66.62215471475255,66.62215471475255,Meaningful G5 Contributor,Standout starter at the Group of 5 level; high-end depth in Power 4.,Potential Day 3 Pick,Meaningful G5 Contributor,Standout starter at the Group of 5 level; high-end depth in Power 4.,Potential Day 3 Pick,Meaningful G5 Contributor,Standout starter at the Group of 5 level; high-end depth in Power 4.,Potential Day 3 Pick,LB
201800325,Chris Oats,2018,OLB,0.8964,54.3564,59.59854507446289,64.02042925782013,64.02042925782013,Multi-Year Starter,Consistent career presence; reliable rotational player or specialist.,nan,Multi-Year Starter,Consistent career presence; reliable rotational player or specialist.,nan,Meaningful G5 Contributor,Standout starter at the Group of 5 level; high-end depth in Power 4.,Potential Day 3 Pick,LB
201800337,Jack Sanborn,2018,ILB,0.8949,80.8662,63.5132942199707,73.10406427416298,73.10406427416298,Elite Power 4,All-Conference/All-American honors.,First round NFL Draft talent,Meaningful G5 Contributor,Standout starter at the Group of 5 level; high-end depth in Power 4.,Potential Day 3 Pick,Meaningful P4 Contributor,Reliable multi-year starter at the highest level of competition.,Potential Day 2 Pick,LB
201800339,Bumper Pool,2018,ILB,0.8947,85.9397,67.0275650024414,79.39622844801431,79.39622844801431,Elite Power 4,All-Conference/All-American honors.,First round NFL Draft talent,Meaningful G5 Contributor,Standout starter at the Group of 5 level; high-end depth in Power 4.,Potential Day 3 Pick,Meaningful P4 Contributor,Reliable multi-year starter at the highest level of competition.,Potential Day 2 Pick,LB
201800352,Rosendo Louis,2018,ILB,0.8927,50.2391,62.22322463989258,69.68430265740002,69.68430265740002,Multi-Year Starter,Consistent career presence; reliable rotational player or specialist.,nan,Meaningful G5 Contributor,Standout starter at the Group of 5 level; high-end depth in Power 4.,Potential Day 3 Pick,Meaningful G5 Contributor,Standout starter at the Group of 5 level; high-end depth in Power 4.,Potential Day 3 Pick,LB
201800357,Damone Clark,2018,ILB,0.8923,76.399,59.30063247680664,63.65100060747801,63.65100060747801,Meaningful P4 Contributor,Reliable multi-year starter at the highest level of competition.,Potential Day 2 Pick,Multi-Year Starter,Consistent career presence; reliable rotational player or specialist.,nan,Meaningful G5 Contributor,Standout starter at the Group of 5 level; high-end depth in Power 4.,Potential Day 3 Pick,LB
201800364,Eli'jah Winston,2018,ILB,0.8917,56.4761,58.405635833740234,62.65899259662371,62.65899259662371,Multi-Year Starter,Consistent career presence; reliable rotational player or specialist.,nan,Multi-Year Starter,Consistent career presence; reliable rotational player or specialist.,nan,Meaningful G5 Contributor,Standout starter at the Group of 5 level; high-end depth in Power 4.,Potential Day 3 Pick,LB
201800365,Alan Tisdale,2018,OLB,0.8917,69.2565,59.10157012939453,63.305029546030916,63.305029546030916,Meaningful G5 Contributor,Standout starter at the Group of 5 level; high-end depth in Power 4.,Potential Day 3 Pick,Multi-Year Starter,Consistent career presence; reliable rotational player or specialist.,nan,Meaningful G5 Contributor,Standout starter at the Group of 5 level; high-end depth in Power 4.,Potential Day 3 Pick,LB
201800388,Chad Bailey,2018,ILB,0.8887,61.5466,60.41767883300781,64.99257798359893,64.99257798359893,Meaningful G5 Contributor,Standout starter at the Group of 5 level; high-end depth in Power 4.,Potential Day 3 Pick,Meaningful G5 Contributor,Standout starter at the Group of 5 level; high-end depth in Power 4.,Potential Day 3 Pick,Meaningful G5 Contributor,Standout starter at the Group of 5 level; high-end depth in Power 4.,Potential Day 3 Pick,LB
201800414,Salua Masina,2018,OLB,0.8863,29.6513,56.020729064941406,58.84174150714729,58.84174150714729,Partial Season Contributor,Rotational backup or special teams contributor; limited starts.,nan,Multi-Year Starter,Consistent career presence; reliable rotational player or specialist.,nan,Multi-Year Starter,Consistent career presence; reliable rotational player or specialist.,nan,LB
201800415,Jackson Sirmon,2018,OLB,0.8863,62.3845,59.30060577392578,63.65094790404287,63.65094790404287,Meaningful G5 Contributor,Standout starter at the Group of 5 level; high-end depth in Power 4.,Potential Day 3 Pick,Multi-Year Starter,Consistent career presence; reliable rotational player or specialist.,nan,Meaningful G5 Contributor,Standout starter at the Group of 5 level; high-end depth in Power 4.,Potential Day 3 Pick,LB
201800423,Quin Williams,2018,OLB,0.8858,56.5803,58.71808624267578,62.970993265689486,62.970993265689486,Multi-Year Starter,Consistent career presence; reliable rotational player or specialist.,nan,Multi-Year Starter,Consistent career presence; reliable rotational player or specialist.,nan,Meaningful G5 Contributor,Standout starter at the Group of 5 level; high-end depth in Power 4.,Potential Day 3 Pick,LB
201800445,Byron Vaughns,2018,OLB,0.883,53.6941,47.446868896484375,35.681861788640504,35.681861788640504,Multi-Year Starter,Consistent career presence; reliable rotational player or specialist.,nan,Single Season Contributor,Late bloomer or one-year starter; limited career longevity.,nan,Partial Season Contributor,Rotational backup or special teams contributor; limited starts.,nan,LB
201800447,Chase Kline,2018,ILB,0.8829,60.367,49.95542526245117,44.81779341972905,44.81779341972905,Meaningful G5 Contributor,Standout starter at the Group of 5 level; high-end depth in Power 4.,Potential Day 3 Pick,Single Season Contributor,Late bloomer or one-year starter; limited career longevity.,nan,Single Season Contributor,Late bloomer or one-year starter; limited career longevity.,nan,LB
201800455,Jake Venables,2018,OLB,0.8822,56.8291,59.185890197753906,63.42453394669198,63.42453394669198,Multi-Year Starter,Consistent career presence; reliable rotational player or specialist.,nan,Multi-Year Starter,Consistent career presence; reliable rotational player or specialist.,nan,Meaningful G5 Contributor,Standout starter at the Group of 5 level; high-end depth in Power 4.,Potential Day 3 Pick,LB
201800457,Kevontae' Ruggs,2018,OLB,0.8817,44.8982,60.41203308105469,64.97307064907676,64.97307064907676,Single Season Contributor,Late bloomer or one-year starter; limited career longevity.,nan,Meaningful G5 Contributor,Standout starter at the Group of 5 level; high-end depth in Power 4.,Potential Day 3 Pick,Meaningful G5 Contributor,Standout starter at the Group of 5 level; high-end depth in Power 4.,Potential Day 3 Pick,LB
201800499,Eriq Gilyard,2018,OLB,0.8791,61.9855,69.25662994384766,83.52320721926104,83.52320721926104,Meaningful G5 Contributor,Standout starter at the Group of 5 level; high-end depth in Power 4.,Potential Day 3 Pick,Meaningful G5 Contributor,Standout starter at the Group of 5 level; high-end depth in Power 4.,Potential Day 3 Pick,Elite Power 4,All-Conference/All-American honors.,First round NFL Draft talent,LB
201800503,MJ Tafisi,2018,ILB,0.8788,58.742,57.58987808227539,61.45025740187711,61.45025740187711,Multi-Year Starter,Consistent career presence; reliable rotational player or specialist.,nan,Multi-Year Starter,Consistent career presence; reliable rotational player or specialist.,nan,Meaningful G5 Contributor,Standout starter at the Group of 5 level; high-end depth in Power 4.,Potential Day 3 Pick,LB
201800521,Justice Dingle,2018,ILB,0.877,37.5667,63.51441955566406,73.10620293366287,73.10620293366287,Partial Season Contributor,Rotational backup or special teams contributor; limited starts.,nan,Meaningful G5 Contributor,Standout starter at the Group of 5 level; high-end depth in Power 4.,Potential Day 3 Pick,Meaningful P4 Contributor,Reliable multi-year starter at the highest level of competition.,Potential Day 2 Pick,LB
201800522,Keshon Artis,2018,ILB,0.8769,60.6562,65.11383056640625,76.73226593719521,76.73226593719521,Meaningful G5 Contributor,Standout starter at the Group of 5 level; high-end depth in Power 4.,Potential Day 3 Pick,Meaningful G5 Contributor,Standout starter at the Group of 5 level; high-end depth in Power 4.,Potential Day 3 Pick,Meaningful P4 Contributor,Reliable multi-year starter at the highest level of competition.,Potential Day 2 Pick,LB
201800529,Brian Asamoah,2018,OLB,0.8763,66.5728,56.86006164550781,60.31023191309225,60.31023191309225,Meaningful G5 Contributor,Standout starter at the Group of 5 level; high-end depth in Power 4.,Potential Day 3 Pick,Multi-Year Starter,Consistent career presence; reliable rotational player or specialist.,nan,Meaningful G5 Contributor,Standout starter at the Group of 5 level; high-end depth in Power 4.,Potential Day 3 Pick,LB
201800542,Charlie Katshir,2018,OLB,0.8755,60.0063,55.62588119506836,58.306204014062644,58.306204014062644,Meaningful G5 Contributor,Standout starter at the Group of 5 level; high-end depth in Power 4.,Potential Day 3 Pick,Multi-Year Starter,Consistent career presence; reliable rotational player or specialist.,nan,Multi-Year Starter,Consistent career presence; reliable rotational player or specialist.,nan,LB
201800545,Ovie Oghoufo,2018,OLB,0.8755,69.3211,53.540565490722656,54.42752024159463,54.42752024159463,Meaningful G5 Contributor,Standout starter at the Group of 5 level; high-end depth in Power 4.,Potential Day 3 Pick,Multi-Year Starter,Consistent career presence; reliable rotational player or specialist.,nan,Multi-Year Starter,Consistent career presence; reliable rotational player or specialist.,nan,LB
201800550,Ben Wilson,2018,ILB,0.8748,63.3295,55.70814514160156,58.38684971464297,58.38684971464297,Meaningful G5 Contributor,Standout starter at the Group of 5 level; high-end depth in Power 4.,Potential Day 3 Pick,Multi-Year Starter,Consistent career presence; reliable rotational player or specialist.,nan,Multi-Year Starter,Consistent career presence; reliable rotational player or specialist.,nan,LB
201800571,Matthew Flint,2018,OLB,0.8742,51.7772,56.837425231933594,60.25502706835853,60.25502706835853,Multi-Year Starter,Consistent career presence; reliable rotational player or specialist.,nan,Multi-Year Starter,Consistent career presence; reliable rotational player or specialist.,nan,Meaningful G5 Contributor,Standout starter at the Group of 5 level; high-end depth in Power 4.,Potential Day 3 Pick,LB
201800597,Jacob Mangum-Farrar,2018,OLB,0.8727,61.9513,52.44407272338867,52.04054646794906,52.04054646794906,Meaningful G5 Contributor,Standout starter at the Group of 5 level; high-end depth in Power 4.,Potential Day 3 Pick,Multi-Year Starter,Consistent career presence; reliable rotational player or specialist.,nan,Multi-Year Starter,Consistent career presence; reliable rotational player or specialist.,nan,LB
201800598,Durell Nchami,2018,OLB,0.8727,59.4671,61.496681213378906,67.47710595702064,67.47710595702064,Multi-Year Starter,Consistent career presence; reliable rotational player or specialist.,nan,Meaningful G5 Contributor,Standout starter at the Group of 5 level; high-end depth in Power 4.,Potential Day 3 Pick,Meaningful G5 Contributor,Standout starter at the Group of 5 level; high-end depth in Power 4.,Potential Day 3 Pick,LB
201800599,Noah Taylor,2018,OLB,0.8727,76.085,55.950775146484375,58.73075624848252,58.73075624848252,Meaningful P4 Contributor,Reliable multi-year starter at the highest level of competition.,Potential Day 2 Pick,Multi-Year Starter,Consistent career presence; reliable rotational player or specialist.,nan,Multi-Year Starter,Consistent career presence; reliable rotational player or specialist.,nan,LB
201800628,Jacoby Simpson,2018,ILB,0.8709,56.1146,60.52531051635742,65.36446949950661,65.36446949950661,Multi-Year Starter,Consistent career presence; reliable rotational player or specialist.,nan,Meaningful G5 Contributor,Standout starter at the Group of 5 level; high-end depth in Power 4.,Potential Day 3 Pick,Meaningful G5 Contributor,Standout starter at the Group of 5 level; high-end depth in Power 4.,Potential Day 3 Pick,LB
201800662,Dwayne Boyles,2018,OLB,0.8685,67.5111,54.00463104248047,55.403865953561834,55.403865953561834,Meaningful G5 Contributor,Standout starter at the Group of 5 level; high-end depth in Power 4.,Potential Day 3 Pick,Multi-Year Starter,Consistent career presence; reliable rotational player or specialist.,nan,Multi-Year Starter,Consistent career presence; reliable rotational player or specialist.,nan,LB
201800676,Khalid Jones II,2018,ILB,0.8676,38.246,60.48340606689453,65.21968026320515,65.21968026320515,Partial Season Contributor,Rotational backup or special teams contributor; limited starts.,nan,Meaningful G5 Contributor,Standout starter at the Group of 5 level; high-end depth in Power 4.,Potential Day 3 Pick,Meaningful G5 Contributor,Standout starter at the Group of 5 level; high-end depth in Power 4.,Potential Day 3 Pick,LB
201800683,Rocky Shelton,2018,OLB,0.8675,45.439,58.345909118652344,62.50571965837106,62.50571965837106,Single Season Contributor,Late bloomer or one-year starter; limited career longevity.,nan,Multi-Year Starter,Consistent career presence; reliable rotational player or specialist.,nan,Meaningful G5 Contributor,Standout starter at the Group of 5 level; high-end depth in Power 4.,Potential Day 3 Pick,LB
201800693,Joseph Ogunbanjo,2018,OLB,0.8668,48.9279,59.31541442871094,63.68017572335772,63.68017572335772,Single Season Contributor,Late bloomer or one-year starter; limited career longevity.,nan,Multi-Year Starter,Consistent career presence; reliable rotational player or specialist.,nan,Meaningful G5 Contributor,Standout starter at the Group of 5 level; high-end depth in Power 4.,Potential Day 3 Pick,LB
201800732,Jacquez Jones,2018,OLB,0.8643,70.5139,49.68191146850586,43.704144621996136,43.704144621996136,Meaningful P4 Contributor,Reliable multi-year starter at the highest level of competition.,Potential Day 2 Pick,Single Season Contributor,Late bloomer or one-year starter; limited career longevity.,nan,Single Season Contributor,Late bloomer or one-year starter; limited career longevity.,nan,LB
201800753,Shaka Heyward,2018,OLB,0.8635,74.6055,58.19069290161133,62.31920732466312,62.31920732466312,Meaningful P4 Contributor,Reliable multi-year starter at the highest level of competition.,Potential Day 2 Pick,Multi-Year Starter,Consistent career presence; reliable rotational player or specialist.,nan,Meaningful G5 Contributor,Standout starter at the Group of 5 level; high-end depth in Power 4.,Potential Day 3 Pick,LB
201800762,Dillon Doyle,2018,OLB,0.8631,64.234,64.5394515991211,75.62750614724145,75.62750614724145,Meaningful G5 Contributor,Standout starter at the Group of 5 level; high-end depth in Power 4.,Potential Day 3 Pick,Meaningful G5 Contributor,Standout starter at the Group of 5 level; high-end depth in Power 4.,Potential Day 3 Pick,Meaningful P4 Contributor,Reliable multi-year starter at the highest level of competition.,Potential Day 2 Pick,LB
201800765,Jatorian Hansford,2018,OLB,0.8627,34.3408,61.380615234375,67.16658275352695,67.16658275352695,Partial Season Contributor,Rotational backup or special teams contributor; limited starts.,nan,Meaningful G5 Contributor,Standout starter at the Group of 5 level; high-end depth in Power 4.,Potential Day 3 Pick,Meaningful G5 Contributor,Standout starter at the Group of 5 level; high-end depth in Power 4.,Potential Day 3 Pick,LB
201800779,Jayden McDonald,2018,OLB,0.8617,65.8583,57.70375442504883,61.58132674769731,61.58132674769731,Meaningful G5 Contributor,Standout starter at the Group of 5 level; high-end depth in Power 4.,Potential Day 3 Pick,Multi-Year Starter,Consistent career presence; reliable rotational player or specialist.,nan,Meaningful G5 Contributor,Standout starter at the Group of 5 level; high-end depth in Power 4.,Potential Day 3 Pick,LB
201800799,Andrew Mata'afa,2018,OLB,0.8611,61.0792,57.13507080078125,60.92846963958527,60.92846963958527,Meaningful G5 Contributor,Standout starter at the Group of 5 level; high-end depth in Power 4.,Potential Day 3 Pick,Multi-Year Starter,Consistent career presence; reliable rotational player or specialist.,nan,Meaningful G5 Contributor,Standout starter at the Group of 5 level; high-end depth in Power 4.,Potential Day 3 Pick,LB
201800809,Jeslord Boateng,2018,OLB,0.8606,59.6824,58.24665451049805,62.38645242617693,62.38645242617693,Multi-Year Starter,Consistent career presence; reliable rotational player or specialist.,nan,Multi-Year Starter,Consistent career presence; reliable rotational player or specialist.,nan,Meaningful G5 Contributor,Standout starter at the Group of 5 level; high-end depth in Power 4.,Potential Day 3 Pick,LB
201800811,Zion Tupuola-Fetui,2018,OLB,0.8606,65.4171,52.676780700683594,52.37402071932773,52.37402071932773,Meaningful G5 Contributor,Standout starter at the Group of 5 level; high-end depth in Power 4.,Potential Day 3 Pick,Multi-Year Starter,Consistent career presence; reliable rotational player or specialist.,nan,Multi-Year Starter,Consistent career presence; reliable rotational player or specialist.,nan,LB
201800813,Yasir Abdullah,2018,OLB,0.8602,84.3024,53.51472473144531,54.38885068153679,54.38885068153679,Elite Power 4,All-Conference/All-American honors.,First round NFL Draft talent,Multi-Year Starter,Consistent career presence; reliable rotational player or specialist.,nan,Multi-Year Starter,Consistent career presence; reliable rotational player or specialist.,nan,LB
201800824,Evan Tattersall,2018,OLB,0.8601,53.7424,60.2202262878418,64.65424651394066,64.65424651394066,Multi-Year Starter,Consistent career presence; reliable rotational player or specialist.,nan,Meaningful G5 Contributor,Standout starter at the Group of 5 level; high-end depth in Power 4.,Potential Day 3 Pick,Meaningful G5 Contributor,Standout starter at the Group of 5 level; high-end depth in Power 4.,Potential Day 3 Pick,LB
201800833,CJ Goetz,2018,ILB,0.86,69.5341,55.14378356933594,57.50072150130395,57.50072150130395,Meaningful G5 Contributor,Standout starter at the Group of 5 level; high-end depth in Power 4.,Potential Day 3 Pick,Multi-Year Starter,Consistent career presence; reliable rotational player or specialist.,nan,Multi-Year Starter,Consistent career presence; reliable rotational player or specialist.,nan,LB
201800836,Gerald Nathan Jr.,2018,ILB,0.8598,35.3701,59.14723205566406,63.34823443073714,63.34823443073714,Partial Season Contributor,Rotational backup or special teams contributor; limited starts.,nan,Multi-Year Starter,Consistent career presence; reliable rotational player or specialist.,nan,Meaningful G5 Contributor,Standout starter at the Group of 5 level; high-end depth in Power 4.,Potential Day 3 Pick,LB
201800868,Michael Rose,2018,OLB,0.858,87.1563,57.3411865234375,61.13113081240185,61.13113081240185,Elite Power 4,All-Conference/All-American honors.,First round NFL Draft talent,Multi-Year Starter,Consistent career presence; reliable rotational player or specialist.,nan,Meaningful G5 Contributor,Standout starter at the Group of 5 level; high-end depth in Power 4.,Potential Day 3 Pick,LB
201800880,James Miller,2018,ILB,0.8577,63.557,56.451927185058594,59.50230838917079,59.50230838917079,Meaningful G5 Contributor,Standout starter at the Group of 5 level; high-end depth in Power 4.,Potential Day 3 Pick,Multi-Year Starter,Consistent career presence; reliable rotational player or specialist.,nan,Multi-Year Starter,Consistent career presence; reliable rotational player or specialist.,nan,LB
201800902,Donovan Georges,2018,ILB,0.8567,33.7019,69.15923309326172,83.35643257960179,83.35643257960179,Partial Season Contributor,Rotational backup or special teams contributor; limited starts.,nan,Meaningful G5 Contributor,Standout starter at the Group of 5 level; high-end depth in Power 4.,Potential Day 3 Pick,Elite Power 4,All-Conference/All-American honors.,First round NFL Draft talent,LB
201800924,Clyde Moore,2018,ILB,0.8552,52.3204,62.469932556152344,70.43503878365686,70.43503878365686,Multi-Year Starter,Consistent career presence; reliable rotational player or specialist.,nan,Meaningful G5 Contributor,Standout starter at the Group of 5 level; high-end depth in Power 4.,Potential Day 3 Pick,Meaningful P4 Contributor,Reliable multi-year starter at the highest level of competition.,Potential Day 2 Pick,LB
201800926,Ernest Jones,2018,OLB,0.8552,71.2877,58.17494583129883,62.29546429092047,62.29546429092047,Meaningful P4 Contributor,Reliable multi-year starter at the highest level of competition.,Potential Day 2 Pick,Multi-Year Starter,Consistent career presence; reliable rotational player or specialist.,nan,Meaningful G5 Contributor,Standout starter at the Group of 5 level; high-end depth in Power 4.,Potential Day 3 Pick,LB
201800927,Jaylan Alexander,2018,ILB,0.8552,65.9743,67.63285827636719,80.70319657537418,80.70319657537418,Meaningful G5 Contributor,Standout starter at the Group of 5 level; high-end depth in Power 4.,Potential Day 3 Pick,Meaningful G5 Contributor,Standout starter at the Group of 5 level; high-end depth in Power 4.,Potential Day 3 Pick,Elite Power 4,All-Conference/All-American honors.,First round NFL Draft talent,LB
201800933,Khalan Tolson,2018,OLB,0.8551,60.7352,52.37411880493164,51.86276296484315,51.86276296484315,Meaningful G5 Contributor,Standout starter at the Group of 5 level; high-end depth in Power 4.,Potential Day 3 Pick,Multi-Year Starter,Consistent career presence; reliable rotational player or specialist.,nan,Multi-Year Starter,Consistent career presence; reliable rotational player or specialist.,nan,LB
201800950,Wendell Davis,2018,OLB,0.8544,54.9851,56.82318115234375,60.220289136064004,60.220289136064004,Multi-Year Starter,Consistent career presence; reliable rotational player or specialist.,nan,Multi-Year Starter,Consistent career presence; reliable rotational player or specialist.,nan,Meaningful G5 Contributor,Standout starter at the Group of 5 level; high-end depth in Power 4.,Potential Day 3 Pick,LB
201800993,Fa'Najae Gotay,2018,OLB,0.853,62.6955,52.519554138183594,52.20313189329648,52.20313189329648,Meaningful G5 Contributor,Standout starter at the Group of 5 level; high-end depth in Power 4.,Potential Day 3 Pick,Multi-Year Starter,Consistent career presence; reliable rotational player or specialist.,nan,Multi-Year Starter,Consistent career presence; reliable rotational player or specialist.,nan,LB
201801014,Hugh Davis,2018,OLB,0.8526,61.0228,55.973350524902344,58.769780420590074,58.769780420590074,Meaningful G5 Contributor,Standout starter at the Group of 5 level; high-end depth in Power 4.,Potential Day 3 Pick,Multi-Year Starter,Consistent career presence; reliable rotational player or specialist.,nan,Multi-Year Starter,Consistent career presence; reliable rotational player or specialist.,nan,LB
201801032,Jett Johnson,2018,ILB,0.8518,81.3847,50.411251068115234,46.12598587333118,46.12598587333118,Elite Power 4,All-Conference/All-American honors.,First round NFL Draft talent,Multi-Year Starter,Consistent career presence; reliable rotational player or specialist.,nan,Single Season Contributor,Late bloomer or one-year starter; limited career longevity.,nan,LB
201801048,Braelen Oliver,2018,OLB,0.8511,62.7766,55.85457992553711,58.560711067116344,58.560711067116344,Meaningful G5 Contributor,Standout starter at the Group of 5 level; high-end depth in Power 4.,Potential Day 3 Pick,Multi-Year Starter,Consistent career presence; reliable rotational player or specialist.,nan,Multi-Year Starter,Consistent career presence; reliable rotational player or specialist.,nan,LB
201801062,Aaron Casey,2018,OLB,0.8505,79.5419,55.59206008911133,58.26201398071319,58.26201398071319,Meaningful P4 Contributor,Reliable multi-year starter at the highest level of competition.,Potential Day 2 Pick,Multi-Year Starter,Consistent career presence; reliable rotational player or specialist.,nan,Multi-Year Starter,Consistent career presence; reliable rotational player or specialist.,nan,LB
201801083,Issaiah Johnson,2018,ILB,0.8497,35.8681,58.957435607910156,63.172665250481,63.172665250481,Partial Season Contributor,Rotational backup or special teams contributor; limited starts.,nan,Multi-Year Starter,Consistent career presence; reliable rotational player or specialist.,nan,Meaningful G5 Contributor,Standout starter at the Group of 5 level; high-end depth in Power 4.,Potential Day 3 Pick,LB
201801088,Joshka Gustav,2018,OLB,0.8493,47.8826,49.30348587036133,42.36910643332751,42.36910643332751,Single Season Contributor,Late bloomer or one-year starter; limited career longevity.,nan,Single Season Contributor,Late bloomer or one-year starter; limited career longevity.,nan,Single Season Contributor,Late bloomer or one-year starter; limited career longevity.,nan,LB
201801098,Jordan Mosley,2018,OLB,0.849,43.86,57.92075729370117,61.87507848994996,61.87507848994996,Single Season Contributor,Late bloomer or one-year starter; limited career longevity.,nan,Multi-Year Starter,Consistent career presence; reliable rotational player or specialist.,nan,Meaningful G5 Contributor,Standout starter at the Group of 5 level; high-end depth in Power 4.,Potential Day 3 Pick,LB
201801114,Nick Bolton,2018,ILB,0.8484,70.9892,60.962459564208984,66.38055133237674,66.38055133237674,Meaningful P4 Contributor,Reliable multi-year starter at the highest level of competition.,Potential Day 2 Pick,Meaningful G5 Contributor,Standout starter at the Group of 5 level; high-end depth in Power 4.,Potential Day 3 Pick,Meaningful G5 Contributor,Standout starter at the Group of 5 level; high-end depth in Power 4.,Potential Day 3 Pick,LB
201801124,Ryan Smenda,2018,ILB,0.8477,69.6677,57.5053596496582,61.334463733670866,61.334463733670866,Meaningful G5 Contributor,Standout starter at the Group of 5 level; high-end depth in Power 4.,Potential Day 3 Pick,Multi-Year Starter,Consistent career presence; reliable rotational player or specialist.,nan,Meaningful G5 Contributor,Standout starter at the Group of 5 level; high-end depth in Power 4.,Potential Day 3 Pick,LB
201801128,Juan Wallace,2018,ILB,0.8477,58.7562,56.79921340942383,60.16483982211928,60.16483982211928,Multi-Year Starter,Consistent career presence; reliable rotational player or specialist.,nan,Multi-Year Starter,Consistent career presence; reliable rotational player or specialist.,nan,Meaningful G5 Contributor,Standout starter at the Group of 5 level; high-end depth in Power 4.,Potential Day 3 Pick,LB
201801132,KJ Robertson,2018,OLB,0.8477,61.4885,52.16008758544922,51.32044961268389,51.32044961268389,Meaningful G5 Contributor,Standout starter at the Group of 5 level; high-end depth in Power 4.,Potential Day 3 Pick,Multi-Year Starter,Consistent career presence; reliable rotational player or specialist.,nan,Multi-Year Starter,Consistent career presence; reliable rotational player or specialist.,nan,LB
201801154,Nick DeNucci,2018,ILB,0.8469,49.4523,58.568939208984375,62.859560192508376,62.859560192508376,Single Season Contributor,Late bloomer or one-year starter; limited career longevity.,nan,Multi-Year Starter,Consistent career presence; reliable rotational player or specialist.,nan,Meaningful G5 Contributor,Standout starter at the Group of 5 level; high-end depth in Power 4.,Potential Day 3 Pick,LB
201801196,Vinny DePalma,2018,ILB,0.8459,62.7495,58.79541015625,63.035298194962785,63.035298194962785,Meaningful G5 Contributor,Standout starter at the Group of 5 level; high-end depth in Power 4.,Potential Day 3 Pick,Multi-Year Starter,Consistent career presence; reliable rotational player or specialist.,nan,Meaningful G5 Contributor,Standout starter at the Group of 5 level; high-end depth in Power 4.,Potential Day 3 Pick,LB
201801197,Jaylen Moody,2018,ILB,0.8457,64.4883,55.45852279663086,58.04911922120987,58.04911922120987,Meaningful G5 Contributor,Standout starter at the Group of 5 level; high-end depth in Power 4.,Potential Day 3 Pick,Multi-Year Starter,Consistent career presence; reliable rotational player or specialist.,nan,Multi-Year Starter,Consistent career presence; reliable rotational player or specialist.,nan,LB
201801201,Josh Marsh,2018,OLB,0.8456,28.106,53.588722229003906,54.50394069889556,54.50394069889556,Partial Season Contributor,Rotational backup or special teams contributor; limited starts.,nan,Multi-Year Starter,Consistent career presence; reliable rotational player or specialist.,nan,Multi-Year Starter,Consistent career presence; reliable rotational player or specialist.,nan,LB
201801202,Thomas Rush,2018,OLB,0.8456,57.4951,54.491607666015625,56.2549152049593,56.2549152049593,Multi-Year Starter,Consistent career presence; reliable rotational player or specialist.,nan,Multi-Year Starter,Consistent career presence; reliable rotational player or specialist.,nan,Multi-Year Starter,Consistent career presence; reliable rotational player or specialist.,nan,LB
201801218,Daniel Bolden,2018,ILB,0.8447,62.2532,56.12177658081055,58.99521793402443,58.99521793402443,Meaningful G5 Contributor,Standout starter at the Group of 5 level; high-end depth in Power 4.,Potential Day 3 Pick,Multi-Year Starter,Consistent career presence; reliable rotational player or specialist.,nan,Multi-Year Starter,Consistent career presence; reliable rotational player or specialist.,nan,LB
201801227,Mariano Sori-Marin,2018,ILB,0.8444,63.9255,57.04682922363281,60.76217505779284,60.76217505779284,Meaningful G5 Contributor,Standout starter at the Group of 5 level; high-end depth in Power 4.,Potential Day 3 Pick,Multi-Year Starter,Consistent career presence; reliable rotational player or specialist.,nan,Meaningful G5 Contributor,Standout starter at the Group of 5 level; high-end depth in Power 4.,Potential Day 3 Pick,LB
201801231,Brandon Hawkins,2018,OLB,0.8439,57.9101,52.232643127441406,51.499561968903,51.499561968903,Multi-Year Starter,Consistent career presence; reliable rotational player or specialist.,nan,Multi-Year Starter,Consistent career presence; reliable rotational player or specialist.,nan,Multi-Year Starter,Consistent career presence; reliable rotational player or specialist.,nan,LB
201801232,Xavier Benson,2018,OLB,0.8439,45.2492,54.67103958129883,56.67796429290688,56.67796429290688,Single Season Contributor,Late bloomer or one-year starter; limited career longevity.,nan,Multi-Year Starter,Consistent career presence; reliable rotational player or specialist.,nan,Multi-Year Starter,Consistent career presence; reliable rotational player or specialist.,nan,LB
201801243,Darien Butler,2018,OLB,0.8436,67.6874,56.869468688964844,60.333173461308185,60.333173461308185,Meaningful G5 Contributor,Standout starter at the Group of 5 level; high-end depth in Power 4.,Potential Day 3 Pick,Multi-Year Starter,Consistent career presence; reliable rotational player or specialist.,nan,Meaningful G5 Contributor,Standout starter at the Group of 5 level; high-end depth in Power 4.,Potential Day 3 Pick,LB
201801252,Edward Warinner,2018,ILB,0.8431,44.0985,53.63429641723633,54.58051817651991,54.58051817651991,Single Season Contributor,Late bloomer or one-year starter; limited career longevity.,nan,Multi-Year Starter,Consistent career presence; reliable rotational player or specialist.,nan,Multi-Year Starter,Consistent career presence; reliable rotational player or specialist.,nan,LB
201801258,Donavan Mutin,2018,ILB,0.843,61.7983,51.196956634521484,48.68980025176975,48.68980025176975,Meaningful G5 Contributor,Standout starter at the Group of 5 level; high-end depth in Power 4.,Potential Day 3 Pick,Multi-Year Starter,Consistent career presence; reliable rotational player or specialist.,nan,Single Season Contributor,Late bloomer or one-year starter; limited career longevity.,nan,LB
201801274,Jonathan Hess,2018,OLB,0.8423,42.1938,48.8046760559082,40.050747547785484,40.050747547785484,Single Season Contributor,Late bloomer or one-year starter; limited career longevity.,nan,Single Season Contributor,Late bloomer or one-year starter; limited career longevity.,nan,Single Season Contributor,Late bloomer or one-year starter; limited career longevity.,nan,LB
201801293,Jalen Rayam,2018,OLB,0.8416,55.498,51.244834899902344,48.812439631929685,48.812439631929685,Multi-Year Starter,Consistent career presence; reliable rotational player or specialist.,nan,Multi-Year Starter,Consistent career presence; reliable rotational player or specialist.,nan,Single Season Contributor,Late bloomer or one-year starter; limited career longevity.,nan,LB
201801295,Isaak Togia,2018,OLB,0.8416,54.222,53.528831481933594,54.40996081337822,54.40996081337822,Multi-Year Starter,Consistent career presence; reliable rotational player or specialist.,nan,Multi-Year Starter,Consistent career presence; reliable rotational player or specialist.,nan,Multi-Year Starter,Consistent career presence; reliable rotational player or specialist.,nan,LB
201801301,Dequan Jackson,2018,OLB,0.8416,59.7198,53.981468200683594,55.349382884354405,55.349382884354405,Multi-Year Starter,Consistent career presence; reliable rotational player or specialist.,nan,Multi-Year Starter,Consistent career presence; reliable rotational player or specialist.,nan,Multi-Year Starter,Consistent career presence; reliable rotational player or specialist.,nan,LB
201801319,Ty Van Fossen,2018,ILB,0.841,61.8067,55.50924301147461,58.1285711148756,58.1285711148756,Meaningful G5 Contributor,Standout starter at the Group of 5 level; high-end depth in Power 4.,Potential Day 3 Pick,Multi-Year Starter,Consistent career presence; reliable rotational player or specialist.,nan,Multi-Year Starter,Consistent career presence; reliable rotational player or specialist.,nan,LB
201801334,Terrance Taylor,2018,OLB,0.8402,28.9712,52.00659942626953,50.868585837566584,50.868585837566584,Partial Season Contributor,Rotational backup or special teams contributor; limited starts.,nan,Multi-Year Starter,Consistent career presence; reliable rotational player or specialist.,nan,Multi-Year Starter,Consistent career presence; reliable rotational player or specialist.,nan,LB
201801394,Calvin Hart,2018,OLB,0.8378,60.8784,52.24707794189453,51.536643053779166,51.536643053779166,Meaningful G5 Contributor,Standout starter at the Group of 5 level; high-end depth in Power 4.,Potential Day 3 Pick,Multi-Year Starter,Consistent career presence; reliable rotational player or specialist.,nan,Multi-Year Starter,Consistent career presence; reliable rotational player or specialist.,nan,LB
201801401,Grayson Mann,2018,ILB,0.8377,42.765,56.96665573120117,60.5774452367675,60.5774452367675,Single Season Contributor,Late bloomer or one-year starter; limited career longevity.,nan,Multi-Year Starter,Consistent career presence; reliable rotational player or specialist.,nan,Meaningful G5 Contributor,Standout starter at the Group of 5 level; high-end depth in Power 4.,Potential Day 3 Pick,LB
201801405,TC Harrison,2018,OLB,0.8376,52.6406,54.61408615112305,56.53899153203764,56.53899153203764,Multi-Year Starter,Consistent career presence; reliable rotational player or specialist.,nan,Multi-Year Starter,Consistent career presence; reliable rotational player or specialist.,nan,Multi-Year Starter,Consistent career presence; reliable rotational player or specialist.,nan,LB
201801413,Cameron Wilkins,2018,ILB,0.8375,43.5319,53.43369674682617,54.26759586529991,54.26759586529991,Single Season Contributor,Late bloomer or one-year starter; limited career longevity.,nan,Multi-Year Starter,Consistent career presence; reliable rotational player or specialist.,nan,Multi-Year Starter,Consistent career presence; reliable rotational player or specialist.,nan,LB
201801423,Chance Campbell,2018,OLB,0.8368,74.5745,55.11075973510742,57.446026638753224,57.446026638753224,Meaningful P4 Contributor,Reliable multi-year starter at the highest level of competition.,Potential Day 2 Pick,Multi-Year Starter,Consistent career presence; reliable rotational player or specialist.,nan,Multi-Year Starter,Consistent career presence; reliable rotational player or specialist.,nan,LB
201801471,Josh Chandler,2018,OLB,0.835,61.1684,59.77208709716797,64.25973525450621,64.25973525450621,Meaningful G5 Contributor,Standout starter at the Group of 5 level; high-end depth in Power 4.,Potential Day 3 Pick,Multi-Year Starter,Consistent career presence; reliable rotational player or specialist.,nan,Meaningful G5 Contributor,Standout starter at the Group of 5 level; high-end depth in Power 4.,Potential Day 3 Pick,LB
201801531,Joseph Bonds,2018,OLB,0.8316,32.3659,50.36504364013672,45.99668988042829,45.99668988042829,Partial Season Contributor,Rotational backup or special teams contributor; limited starts.,nan,Multi-Year Starter,Consistent career presence; reliable rotational player or specialist.,nan,Single Season Contributor,Late bloomer or one-year starter; limited career longevity.,nan,LB
201801597,Chandler Pulvermacher,2018,OLB,0.8294,47.5048,55.29133987426758,57.81058189364807,57.81058189364807,Single Season Contributor,Late bloomer or one-year starter; limited career longevity.,nan,Multi-Year Starter,Consistent career presence; reliable rotational player or specialist.,nan,Multi-Year Starter,Consistent career presence; reliable rotational player or specialist.,nan,LB
201801607,Andrew Parker,2018,ILB,0.8287,63.5953,54.72462844848633,56.819641595292644,56.819641595292644,Meaningful G5 Contributor,Standout starter at the Group of 5 level; high-end depth in Power 4.,Potential Day 3 Pick,Multi-Year Starter,Consistent career presence; reliable rotational player or specialist.,nan,Multi-Year Starter,Consistent career presence; reliable rotational player or specialist.,nan,LB
201801631,Devin Richardson,2018,OLB,0.8276,61.7476,47.12051773071289,34.87292721222897,34.87292721222897,Meaningful G5 Contributor,Standout starter at the Group of 5 level; high-end depth in Power 4.,Potential Day 3 Pick,Single Season Contributor,Late bloomer or one-year starter; limited career longevity.,nan,Partial Season Contributor,Rotational backup or special teams contributor; limited starts.,nan,LB
201801669,Luke Brockermeyer,2018,OLB,0.8255,56.6848,47.864505767822266,36.822156500352065,36.822156500352065,Multi-Year Starter,Consistent career presence; reliable rotational player or specialist.,nan,Single Season Contributor,Late bloomer or one-year starter; limited career longevity.,nan,Partial Season Contributor,Rotational backup or special teams contributor; limited starts.,nan,LB
201801686,DJ Schramm,2018,ILB,0.8255,61.3564,57.82453536987305,61.72907558609233,61.72907558609233,Meaningful G5 Contributor,Standout starter at the Group of 5 level; high-end depth in Power 4.,Potential Day 3 Pick,Multi-Year Starter,Consistent career presence; reliable rotational player or specialist.,nan,Meaningful G5 Contributor,Standout starter at the Group of 5 level; high-end depth in Power 4.,Potential Day 3 Pick,LB
201801693,Matt Harmon,2018,OLB,0.8254,60.1666,50.04932403564453,45.25432282037978,45.25432282037978,Meaningful G5 Contributor,Standout starter at the Group of 5 level; high-end depth in Power 4.,Potential Day 3 Pick,Multi-Year Starter,Consistent career presence; reliable rotational player or specialist.,nan,Single Season Contributor,Late bloomer or one-year starter; limited career longevity.,nan,LB
201801695,Blake Carroll,2018,OLB,0.8254,59.0217,53.48896789550781,54.35030670906697,54.35030670906697,Multi-Year Starter,Consistent career presence; reliable rotational player or specialist.,nan,Multi-Year Starter,Consistent career presence; reliable rotational player or specialist.,nan,Multi-Year Starter,Consistent career presence; reliable rotational player or specialist.,nan,LB
201801737,Anthony Goodlow,2018,OLB,0.8215,46.7047,49.985191345214844,44.95913205794257,44.95913205794257,Single Season Contributor,Late bloomer or one-year starter; limited career longevity.,nan,Single Season Contributor,Late bloomer or one-year starter; limited career longevity.,nan,Single Season Contributor,Late bloomer or one-year starter; limited career longevity.,nan,LB
201801764,Xavier Smith,2018,ILB,0.8204,62.123,56.541481018066406,59.687863834367356,59.687863834367356,Meaningful G5 Contributor,Standout starter at the Group of 5 level; high-end depth in Power 4.,Potential Day 3 Pick,Multi-Year Starter,Consistent career presence; reliable rotational player or specialist.,nan,Multi-Year Starter,Consistent career presence; reliable rotational player or specialist.,nan,LB
201801769,Preston Ellison,2018,OLB,0.8204,35.1647,46.75794982910156,33.88114531197603,33.88114531197603,Partial Season Contributor,Rotational backup or special teams contributor; limited starts.,nan,Single Season Contributor,Late bloomer or one-year starter; limited career longevity.,nan,Partial Season Contributor,Rotational backup or special teams contributor; limited starts.,nan,LB
201801778,Mario Wright,2018,ILB,0.8204,26.6687,54.00477981567383,55.404187568832924,55.404187568832924,Partial Season Contributor,Rotational backup or special teams contributor; limited starts.,nan,Multi-Year Starter,Consistent career presence; reliable rotational player or specialist.,nan,Multi-Year Starter,Consistent career presence; reliable rotational player or specialist.,nan,LB
201801814,Ricky Miezan,2018,ILB,0.8199,69.8632,50.185943603515625,45.54012934364753,45.54012934364753,Meaningful G5 Contributor,Standout starter at the Group of 5 level; high-end depth in Power 4.,Potential Day 3 Pick,Multi-Year Starter,Consistent career presence; reliable rotational player or specialist.,nan,Single Season Contributor,Late bloomer or one-year starter; limited career longevity.,nan,LB
201801824,Demauryon Holmes,2018,OLB,0.8198,45.5901,52.13573455810547,51.26693791303386,51.26693791303386,Single Season Contributor,Late bloomer or one-year starter; limited career longevity.,nan,Multi-Year Starter,Consistent career presence; reliable rotational player or specialist.,nan,Multi-Year Starter,Consistent career presence; reliable rotational player or specialist.,nan,LB
201801852,Joe Sparacio,2018,ILB,0.8174,60.9906,58.27485656738281,62.420340840320875,62.420340840320875,Meaningful G5 Contributor,Standout starter at the Group of 5 level; high-end depth in Power 4.,Potential Day 3 Pick,Multi-Year Starter,Consistent career presence; reliable rotational player or specialist.,nan,Meaningful G5 Contributor,Standout starter at the Group of 5 level; high-end depth in Power 4.,Potential Day 3 Pick,LB
201801884,Luke Knox,2018,OLB,0.8165,49.9047,55.08675765991211,57.406273828868834,57.406273828868834,Single Season Contributor,Late bloomer or one-year starter; limited career longevity.,nan,Multi-Year Starter,Consistent career presence; reliable rotational player or specialist.,nan,Multi-Year Starter,Consistent career presence; reliable rotational player or specialist.,nan,LB
201801889,Jackson Barrow,2018,ILB,0.816,61.8661,57.85824203491211,61.78022059316837,61.78022059316837,Meaningful G5 Contributor,Standout starter at the Group of 5 level; high-end depth in Power 4.,Potential Day 3 Pick,Multi-Year Starter,Consistent career presence; reliable rotational player or specialist.,nan,Meaningful G5 Contributor,Standout starter at the Group of 5 level; high-end depth in Power 4.,Potential Day 3 Pick,LB
201801890,Gerry Vaughn,2018,OLB,0.816,65.2298,56.91355514526367,60.440689873608086,60.440689873608086,Meaningful G5 Contributor,Standout starter at the Group of 5 level; high-end depth in Power 4.,Potential Day 3 Pick,Multi-Year Starter,Consistent career presence; reliable rotational player or specialist.,nan,Meaningful G5 Contributor,Standout starter at the Group of 5 level; high-end depth in Power 4.,Potential Day 3 Pick,LB
201801907,Karene Reid,2018,OLB,0.8154,71.2675,55.4814567565918,58.08379922013764,58.08379922013764,Meaningful P4 Contributor,Reliable multi-year starter at the highest level of competition.,Potential Day 2 Pick,Multi-Year Starter,Consistent career presence; reliable rotational player or specialist.,nan,Multi-Year Starter,Consistent career presence; reliable rotational player or specialist.,nan,LB
201801913,Dyontae Johnson,2018,OLB,0.8154,58.8348,48.853397369384766,40.19593641586002,40.19593641586002,Multi-Year Starter,Consistent career presence; reliable rotational player or specialist.,nan,Single Season Contributor,Late bloomer or one-year starter; limited career longevity.,nan,Single Season Contributor,Late bloomer or one-year starter; limited career longevity.,nan,LB
201801917,Antonio Showers,2018,OLB,0.8154,45.1602,56.69591522216797,59.93224093792302,59.93224093792302,Single Season Contributor,Late bloomer or one-year starter; limited career longevity.,nan,Multi-Year Starter,Consistent career presence; reliable rotational player or specialist.,nan,Multi-Year Starter,Consistent career presence; reliable rotational player or specialist.,nan,LB
201801947,Semisi Saluni,2018,OLB,0.814,44.6955,56.5386848449707,59.68207016673534,59.68207016673534,Single Season Contributor,Late bloomer or one-year starter; limited career longevity.,nan,Multi-Year Starter,Consistent career presence; reliable rotational player or specialist.,nan,Multi-Year Starter,Consistent career presence; reliable rotational player or specialist.,nan,LB
201801949,Logan Klemp,2018,OLB,0.8139,50.8782,54.04923629760742,55.50029280907179,55.50029280907179,Multi-Year Starter,Consistent career presence; reliable rotational player or specialist.,nan,Multi-Year Starter,Consistent career presence; reliable rotational player or specialist.,nan,Multi-Year Starter,Consistent career presence; reliable rotational player or specialist.,nan,LB
201801974,Tre Leslie,2018,ILB,0.8115,12.203,54.574161529541016,56.44157097508805,56.44157097508805,Minimal D1 Impact,Roster filler; medical DQ; or transferred to lower levels.,nan,Multi-Year Starter,Consistent career presence; reliable rotational player or specialist.,nan,Multi-Year Starter,Consistent career presence; reliable rotational player or specialist.,nan,LB
201801985,Micah McFadden,2018,OLB,0.8114,82.2648,49.12820053100586,41.80061016188325,41.80061016188325,Elite Power 4,All-Conference/All-American honors.,First round NFL Draft talent,Single Season Contributor,Late bloomer or one-year starter; limited career longevity.,nan,Single Season Contributor,Late bloomer or one-year starter; limited career longevity.,nan,LB
201802010,Cam'Ron Carter,2018,OLB,0.8104,60.0139,50.66614532470703,46.83344305010317,46.83344305010317,Meaningful G5 Contributor,Standout starter at the Group of 5 level; high-end depth in Power 4.,Potential Day 3 Pick,Multi-Year Starter,Consistent career presence; reliable rotational player or specialist.,nan,Single Season Contributor,Late bloomer or one-year starter; limited career longevity.,nan,LB
201802017,Patrick Curley,2018,OLB,0.8104,60.7036,52.369407653808594,51.85078986928552,51.85078986928552,Meaningful G5 Contributor,Standout starter at the Group of 5 level; high-end depth in Power 4.,Potential Day 3 Pick,Multi-Year Starter,Consistent career presence; reliable rotational player or specialist.,nan,Multi-Year Starter,Consistent career presence; reliable rotational player or specialist.,nan,LB
201802019,Gary Wiley,2018,OLB,0.8104,56.2626,51.066505432128906,48.357900258652656,48.357900258652656,Multi-Year Starter,Consistent career presence; reliable rotational player or specialist.,nan,Multi-Year Starter,Consistent career presence; reliable rotational player or specialist.,nan,Single Season Contributor,Late bloomer or one-year starter; limited career longevity.,nan,LB
201802037,Malakai Salu,2018,ILB,0.8098,51.3243,44.38037872314453,28.758838251464883,28.758838251464883,Multi-Year Starter,Consistent career presence; reliable rotational player or specialist.,nan,Single Season Contributor,Late bloomer or one-year starter; limited career longevity.,nan,Partial Season Contributor,Rotational backup or special teams contributor; limited starts.,nan,LB
201802091,Jimmy Phillips,2018,OLB,0.8065,63.1242,53.82893753051758,54.96103316493975,54.96103316493975,Meaningful G5 Contributor,Standout starter at the Group of 5 level; high-end depth in Power 4.,Potential Day 3 Pick,Multi-Year Starter,Consistent career presence; reliable rotational player or specialist.,nan,Multi-Year Starter,Consistent career presence; reliable rotational player or specialist.,nan,LB
201802131,Kebreyun Page,2018,OLB,0.8054,44.7116,54.32059860229492,56.010738323992484,56.010738323992484,Single Season Contributor,Late bloomer or one-year starter; limited career longevity.,nan,Multi-Year Starter,Consistent career presence; reliable rotational player or specialist.,nan,Multi-Year Starter,Consistent career presence; reliable rotational player or specialist.,nan,LB
201802196,Keyshawn Johnson,2018,OLB,0.8014,53.4291,46.38188552856445,32.769961843864806,32.769961843864806,Multi-Year Starter,Consistent career presence; reliable rotational player or specialist.,nan,Single Season Contributor,Late bloomer or one-year starter; limited career longevity.,nan,Partial Season Contributor,Rotational backup or special teams contributor; limited starts.,nan,LB
201802219,Tim McClendon,2018,ILB,0.8004,16.5397,50.177330017089844,45.522109822523426,45.522109822523426,Minimal D1 Impact,Roster filler; medical DQ; or transferred to lower levels.,nan,Multi-Year Starter,Consistent career presence; reliable rotational player or specialist.,nan,Single Season Contributor,Late bloomer or one-year starter; limited career longevity.,nan,LB
201802242,Jace Waters,2018,OLB,0.8004,35.8573,50.58153533935547,46.599829370044176,46.599829370044176,Partial Season Contributor,Rotational backup or special teams contributor; limited starts.,nan,Multi-Year Starter,Consistent career presence; reliable rotational player or specialist.,nan,Single Season Contributor,Late bloomer or one-year starter; limited career longevity.,nan,LB
201802251,Hunter Webb,2018,OLB,0.8004,57.3739,52.17991256713867,51.36410429547722,51.36410429547722,Multi-Year Starter,Consistent career presence; reliable rotational player or specialist.,nan,Multi-Year Starter,Consistent career presence; reliable rotational player or specialist.,nan,Multi-Year Starter,Consistent career presence; reliable rotational player or specialist.,nan,LB
201802280,Antonio Montero,2018,OLB,0.7998,55.6874,52.49050521850586,52.15855174659478,52.15855174659478,Multi-Year Starter,Consistent career presence; reliable rotational player or specialist.,nan,Multi-Year Starter,Consistent career presence; reliable rotational player or specialist.,nan,Multi-Year Starter,Consistent career presence; reliable rotational player or specialist.,nan,LB
201802338,Larry Nixon III,2018,OLB,0.7964,61.1928,48.80680465698242,40.05562912329039,40.05562912329039,Meaningful G5 Contributor,Standout starter at the Group of 5 level; high-end depth in Power 4.,Potential Day 3 Pick,Single Season Contributor,Late bloomer or one-year starter; limited career longevity.,nan,Single Season Contributor,Late bloomer or one-year starter; limited career longevity.,nan,LB
201802370,Hayes Maples,2018,ILB,0.7953,59.1085,51.79972839355469,50.17943385127151,50.17943385127151,Multi-Year Starter,Consistent career presence; reliable rotational player or specialist.,nan,Multi-Year Starter,Consistent career presence; reliable rotational player or specialist.,nan,Multi-Year Starter,Consistent career presence; reliable rotational player or specialist.,nan,LB
201802388,Justin Wright,2018,OLB,0.7953,66.709,50.97377395629883,48.07537360375539,48.07537360375539,Meaningful G5 Contributor,Standout starter at the Group of 5 level; high-end depth in Power 4.,Potential Day 3 Pick,Multi-Year Starter,Consistent career presence; reliable rotational player or specialist.,nan,Single Season Contributor,Late bloomer or one-year starter; limited career longevity.,nan,LB
201802408,Seth Benson,2018,ILB,0.7953,61.8576,53.809749603271484,54.90839023472145,54.90839023472145,Meaningful G5 Contributor,Standout starter at the Group of 5 level; high-end depth in Power 4.,Potential Day 3 Pick,Multi-Year Starter,Consistent career presence; reliable rotational player or specialist.,nan,Multi-Year Starter,Consistent career presence; reliable rotational player or specialist.,nan,LB
201802421,Gerard Stringer,2018,OLB,0.7943,48.7092,48.3422966003418,38.44506673747728,38.44506673747728,Single Season Contributor,Late bloomer or one-year starter; limited career longevity.,nan,Single Season Contributor,Late bloomer or one-year starter; limited career longevity.,nan,Partial Season Contributor,Rotational backup or special teams contributor; limited starts.,nan,LB
201802450,Jacob Hollins,2018,ILB,0.7914,55.6052,53.597076416015625,54.51797808702625,54.51797808702625,Multi-Year Starter,Consistent career presence; reliable rotational player or specialist.,nan,Multi-Year Starter,Consistent career presence; reliable rotational player or specialist.,nan,Multi-Year Starter,Consistent career presence; reliable rotational player or specialist.,nan,LB
201802467,Zamar Kirven,2018,OLB,0.7903,50.6612,52.70743942260742,52.44490392609192,52.44490392609192,Multi-Year Starter,Consistent career presence; reliable rotational player or specialist.,nan,Multi-Year Starter,Consistent career presence; reliable rotational player or specialist.,nan,Multi-Year Starter,Consistent career presence; reliable rotational player or specialist.,nan,LB
201802472,Markees Watts,2018,OLB,0.7903,49.6639,57.297122955322266,61.09133502734382,61.09133502734382,Single Season Contributor,Late bloomer or one-year starter; limited career longevity.,nan,Multi-Year Starter,Consistent career presence; reliable rotational player or specialist.,nan,Meaningful G5 Contributor,Standout starter at the Group of 5 level; high-end depth in Power 4.,Potential Day 3 Pick,LB
201802475,Jack McCrory,2018,ILB,0.7903,50.2508,52.36516571044922,51.83999455045634,51.83999455045634,Multi-Year Starter,Consistent career presence; reliable rotational player or specialist.,nan,Multi-Year Starter,Consistent career presence; reliable rotational player or specialist.,nan,Multi-Year Starter,Consistent career presence; reliable rotational player or specialist.,nan,LB
201802497,Jamar Darboe,2018,ILB,0.7903,50.3622,47.54521942138672,35.89530324074521,35.89530324074521,Multi-Year Starter,Consistent career presence; reliable rotational player or specialist.,nan,Single Season Contributor,Late bloomer or one-year starter; limited career longevity.,nan,Partial Season Contributor,Rotational backup or special teams contributor; limited starts.,nan,LB
201802499,Carlton Cleophat,2018,OLB,0.7903,38.5273,42.06386184692383,24.867719127561546,24.867719127561546,Partial Season Contributor,Rotational backup or special teams contributor; limited starts.,nan,Single Season Contributor,Late bloomer or one-year starter; limited career longevity.,nan,Partial Season Contributor,Rotational backup or special teams contributor; limited starts.,nan,LB
201802554,Carson Kropp,2018,ILB,0.7898,58.3536,51.284420013427734,48.92945031209631,48.92945031209631,Multi-Year Starter,Consistent career presence; reliable rotational player or specialist.,nan,Multi-Year Starter,Consistent career presence; reliable rotational player or specialist.,nan,Single Season Contributor,Late bloomer or one-year starter; limited career longevity.,nan,LB
201802602,Mitch Medina,2018,OLB,0.7889,22.1429,55.46192932128906,58.05386643837356,58.05386643837356,Partial Season Contributor,Rotational backup or special teams contributor; limited starts.,nan,Multi-Year Starter,Consistent career presence; reliable rotational player or specialist.,nan,Multi-Year Starter,Consistent career presence; reliable rotational player or specialist.,nan,LB
201802616,Jordan Cordova,2018,OLB,0.7882,51.1834,56.42102813720703,59.43839005150977,59.43839005150977,Multi-Year Starter,Consistent career presence; reliable rotational player or specialist.,nan,Multi-Year Starter,Consistent career presence; reliable rotational player or specialist.,nan,Multi-Year Starter,Consistent career presence; reliable rotational player or specialist.,nan,LB
201802633,Cortez Hogans,2018,OLB,0.7853,45.6592,54.02377700805664,55.44525536498786,55.44525536498786,Single Season Contributor,Late bloomer or one-year starter; limited career longevity.,nan,Multi-Year Starter,Consistent career presence; reliable rotational player or specialist.,nan,Multi-Year Starter,Consistent career presence; reliable rotational player or specialist.,nan,LB
201802644,Logan Doublin,2018,OLB,0.7853,59.1958,50.10096740722656,45.362360144107896,45.362360144107896,Multi-Year Starter,Consistent career presence; reliable rotational player or specialist.,nan,Multi-Year Starter,Consistent career presence; reliable rotational player or specialist.,nan,Single Season Contributor,Late bloomer or one-year starter; limited career longevity.,nan,LB
201802645,Tyler Bird,2018,OLB,0.7853,62.0627,57.54899597167969,61.39477245530471,61.39477245530471,Meaningful G5 Contributor,Standout starter at the Group of 5 level; high-end depth in Power 4.,Potential Day 3 Pick,Multi-Year Starter,Consistent career presence; reliable rotational player or specialist.,nan,Meaningful G5 Contributor,Standout starter at the Group of 5 level; high-end depth in Power 4.,Potential Day 3 Pick,LB
201802736,Ryan Selig,2018,OLB,0.7803,60.2897,47.205562591552734,35.11622318479165,35.11622318479165,Meaningful G5 Contributor,Standout starter at the Group of 5 level; high-end depth in Power 4.,Potential Day 3 Pick,Single Season Contributor,Late bloomer or one-year starter; limited career longevity.,nan,Partial Season Contributor,Rotational backup or special teams contributor; limited starts.,nan,LB
201802816,Darian Green,2018,ILB,0.7798,40.1695,46.017452239990234,31.681468669569398,31.681468669569398,Single Season Contributor,Late bloomer or one-year starter; limited career longevity.,nan,Single Season Contributor,Late bloomer or one-year starter; limited career longevity.,nan,Partial Season Contributor,Rotational backup or special teams contributor; limited starts.,nan,LB
201802824,Andre Riley,2018,OLB,0.7798,60.5228,46.61457443237305,33.5156835465936,33.5156835465936,Meaningful G5 Contributor,Standout starter at the Group of 5 level; high-end depth in Power 4.,Potential Day 3 Pick,Single Season Contributor,Late bloomer or one-year starter; limited career longevity.,nan,Partial Season Contributor,Rotational backup or special teams contributor; limited starts.,nan,LB
201802842,Max Michel,2018,ILB,0.7798,39.1254,52.55315017700195,52.239530463973445,52.239530463973445,Partial Season Contributor,Rotational backup or special teams contributor; limited starts.,nan,Multi-Year Starter,Consistent career presence; reliable rotational player or specialist.,nan,Multi-Year Starter,Consistent career presence; reliable rotational player or specialist.,nan,LB
201802848,Zachary Dixon,2018,OLB,0.7798,44.9751,50.69694900512695,46.91849401793349,46.91849401793349,Single Season Contributor,Late bloomer or one-year starter; limited career longevity.,nan,Multi-Year Starter,Consistent career presence; reliable rotational player or specialist.,nan,Single Season Contributor,Late bloomer or one-year starter; limited career longevity.,nan,LB
201802862,Austin Ajiake,2018,OLB,0.7792,56.269,50.74906539916992,47.07433119917123,47.07433119917123,Multi-Year Starter,Consistent career presence; reliable rotational player or specialist.,nan,Multi-Year Starter,Consistent career presence; reliable rotational player or specialist.,nan,Single Season Contributor,Late bloomer or one-year starter; limited career longevity.,nan,LB
201802900,Ishmael Robinson,2018,OLB,0.7781,25.1782,52.125404357910156,51.24423902790662,51.24423902790662,Partial Season Contributor,Rotational backup or special teams contributor; limited starts.,nan,Multi-Year Starter,Consistent career presence; reliable rotational player or specialist.,nan,Multi-Year Starter,Consistent career presence; reliable rotational player or specialist.,nan,LB
201802903,Kevon Jones,2018,ILB,0.7781,37.8341,58.10470962524414,62.186229530378576,62.186229530378576,Partial Season Contributor,Rotational backup or special teams contributor; limited starts.,nan,Multi-Year Starter,Consistent career presence; reliable rotational player or specialist.,nan,Meaningful G5 Contributor,Standout starter at the Group of 5 level; high-end depth in Power 4.,Potential Day 3 Pick,LB
201802912,Chuck Hicks,2018,OLB,0.7752,60.5854,51.10115432739258,48.44605558331513,48.44605558331513,Meaningful G5 Contributor,Standout starter at the Group of 5 level; high-end depth in Power 4.,Potential Day 3 Pick,Multi-Year Starter,Consistent career presence; reliable rotational player or specialist.,nan,Single Season Contributor,Late bloomer or one-year starter; limited career longevity.,nan,LB
201802917,Bryce Houston,2018,ILB,0.7752,57.7733,49.87919998168945,44.48597023460099,44.48597023460099,Multi-Year Starter,Consistent career presence; reliable rotational player or specialist.,nan,Single Season Contributor,Late bloomer or one-year starter; limited career longevity.,nan,Single Season Contributor,Late bloomer or one-year starter; limited career longevity.,nan,LB
201803014,Elijah Shelton,2018,ILB,0.7698,52.8905,49.867523193359375,44.436862893236935,44.436862893236935,Multi-Year Starter,Consistent career presence; reliable rotational player or specialist.,nan,Single Season Contributor,Late bloomer or one-year starter; limited career longevity.,nan,Single Season Contributor,Late bloomer or one-year starter; limited career longevity.,nan,LB
201803080,Da'Shon Ross,2018,ILB,0.7697,50.0631,50.30392074584961,45.8256579565215,45.8256579565215,Multi-Year Starter,Consistent career presence; reliable rotational player or specialist.,nan,Multi-Year Starter,Consistent career presence; reliable rotational player or specialist.,nan,Single Season Contributor,Late bloomer or one-year starter; limited career longevity.,nan,LB
201803085,Cal Wallerstedt,2018,ILB,0.7697,48.6204,49.665283203125,43.64160680574534,43.64160680574534,Single Season Contributor,Late bloomer or one-year starter; limited career longevity.,nan,Single Season Contributor,Late bloomer or one-year starter; limited career longevity.,nan,Single Season Contributor,Late bloomer or one-year starter; limited career longevity.,nan,LB
201803144,Cory Gildersleeve,2018,OLB,0.7691,48.4663,48.10355758666992,37.70256475048893,37.70256475048893,Single Season Contributor,Late bloomer or one-year starter; limited career longevity.,nan,Single Season Contributor,Late bloomer or one-year starter; limited career longevity.,nan,Partial Season Contributor,Rotational backup or special teams contributor; limited starts.,nan,LB
201803197,Ja'Quez Battley,2018,OLB,0.7641,29.7929,49.47810363769531,42.87996811788441,42.87996811788441,Partial Season Contributor,Rotational backup or special teams contributor; limited starts.,nan,Single Season Contributor,Late bloomer or one-year starter; limited career longevity.,nan,Single Season Contributor,Late bloomer or one-year starter; limited career longevity.,nan,LB
201803205,Andrew Alves,2018,ILB,0.7641,22.9429,51.88829040527344,50.393564391999696,50.393564391999696,Partial Season Contributor,Rotational backup or special teams contributor; limited starts.,nan,Multi-Year Starter,Consistent career presence; reliable rotational player or specialist.,nan,Multi-Year Starter,Consistent career presence; reliable rotational player or specialist.,nan,LB
201803221,Malcolm Johnson,2018,OLB,0.7631,28.1798,49.230709075927734,42.18151579163286,42.18151579163286,Partial Season Contributor,Rotational backup or special teams contributor; limited starts.,nan,Single Season Contributor,Late bloomer or one-year starter; limited career longevity.,nan,Single Season Contributor,Late bloomer or one-year starter; limited career longevity.,nan,LB
201803256,Perry Olsen,2018,OLB,0.763,31.5155,46.34658432006836,32.63698998899757,32.63698998899757,Partial Season Contributor,Rotational backup or special teams contributor; limited starts.,nan,Single Season Contributor,Late bloomer or one-year starter; limited career longevity.,nan,Partial Season Contributor,Rotational backup or special teams contributor; limited starts.,nan,LB
201803258,James Fotofili,2018,ILB,0.763,49.1756,51.86248016357422,50.319095740826,50.319095740826,Single Season Contributor,Late bloomer or one-year starter; limited career longevity.,nan,Multi-Year Starter,Consistent career presence; reliable rotational player or specialist.,nan,Multi-Year Starter,Consistent career presence; reliable rotational player or specialist.,nan,LB
201803259,BJ Turner,2018,ILB,0.763,56.0377,53.101924896240234,53.36685214261818,53.36685214261818,Multi-Year Starter,Consistent career presence; reliable rotational player or specialist.,nan,Multi-Year Starter,Consistent career presence; reliable rotational player or specialist.,nan,Multi-Year Starter,Consistent career presence; reliable rotational player or specialist.,nan,LB
201803277,Edefuan Ulofoshio,2018,OLB,0.7597,69.6509,50.159828186035156,45.485496198556476,45.485496198556476,Meaningful G5 Contributor,Standout starter at the Group of 5 level; high-end depth in Power 4.,Potential Day 3 Pick,Multi-Year Starter,Consistent career presence; reliable rotational player or specialist.,nan,Single Season Contributor,Late bloomer or one-year starter; limited career longevity.,nan,LB
201803330,Keye Thompson,2018,OLB,0.7597,58.9712,51.985748291015625,50.769447836883806,50.769447836883806,Multi-Year Starter,Consistent career presence; reliable rotational player or specialist.,nan,Multi-Year Starter,Consistent career presence; reliable rotational player or specialist.,nan,Multi-Year Starter,Consistent career presence; reliable rotational player or specialist.,nan,LB
201803570,Treshawn Chamberlain,2018,OLB,0.7497,57.9651,52.767330169677734,52.58337180542472,52.58337180542472,Multi-Year Starter,Consistent career presence; reliable rotational player or specialist.,nan,Multi-Year Starter,Consistent career presence; reliable rotational player or specialist.,nan,Multi-Year Starter,Consistent career presence; reliable rotational player or specialist.,nan,LB
201803827,Rian Fields,2018,OLB,0.6996,32.4558,41.876441955566406,24.498231750275703,24.498231750275703,Partial Season Contributor,Rotational backup or special teams contributor; limited starts.,nan,Single Season Contributor,Late bloomer or one-year starter; limited career longevity.,nan,Partial Season Contributor,Rotational backup or special teams contributor; limited starts.,nan,LB
201900018,Brandon Smith,2019,ILB,0.9911,66.6345,52.36759948730469,51.8461945273468,51.8461945273468,Meaningful G5 Contributor,Standout starter at the Group of 5 level; high-end depth in Power 4.,Potential Day 3 Pick,Multi-Year Starter,Consistent career presence; reliable rotational player or specialist.,nan,Multi-Year Starter,Consistent career presence; reliable rotational player or specialist.,nan,LB
201900019,Nakobe Dean,2019,ILB,0.9907,87.4416,67.50611877441406,80.42953668740637,80.42953668740637,Elite Power 4,All-Conference/All-American honors.,First round NFL Draft talent,Meaningful G5 Contributor,Standout starter at the Group of 5 level; high-end depth in Power 4.,Potential Day 3 Pick,Elite Power 4,All-Conference/All-American honors.,First round NFL Draft talent,LB
201900025,Owen Pappoe,2019,OLB,0.9878,78.6829,71.33142852783203,85.35710868929606,85.35710868929606,Meaningful P4 Contributor,Reliable multi-year starter at the highest level of competition.,Potential Day 2 Pick,Meaningful P4 Contributor,Reliable multi-year starter at the highest level of competition.,Potential Day 2 Pick,Elite Power 4,All-Conference/All-American honors.,First round NFL Draft talent,LB
201900032,Marcel Brooks,2019,OLB,0.9861,56.4502,70.4986572265625,84.79902468097288,84.79902468097288,Multi-Year Starter,Consistent career presence; reliable rotational player or specialist.,nan,Meaningful P4 Contributor,Reliable multi-year starter at the highest level of competition.,Potential Day 2 Pick,Elite Power 4,All-Conference/All-American honors.,First round NFL Draft talent,LB
201900044,Henry To'o To'o,2019,OLB,0.9779,77.3009,53.24449920654297,53.79141925345339,53.79141925345339,Meaningful P4 Contributor,Reliable multi-year starter at the highest level of competition.,Potential Day 2 Pick,Multi-Year Starter,Consistent career presence; reliable rotational player or specialist.,nan,Multi-Year Starter,Consistent career presence; reliable rotational player or specialist.,nan,LB
201900068,Mase Funa,2019,ILB,0.9681,64.3656,56.15557098388672,59.05203960749086,59.05203960749086,Meaningful G5 Contributor,Standout starter at the Group of 5 level; high-end depth in Power 4.,Potential Day 3 Pick,Multi-Year Starter,Consistent career presence; reliable rotational player or specialist.,nan,Multi-Year Starter,Consistent career presence; reliable rotational player or specialist.,nan,LB
201900078,Shane Lee,2019,ILB,0.9647,66.6592,68.06610107421875,81.48464003724422,81.48464003724422,Meaningful G5 Contributor,Standout starter at the Group of 5 level; high-end depth in Power 4.,Potential Day 3 Pick,Meaningful G5 Contributor,Standout starter at the Group of 5 level; high-end depth in Power 4.,Potential Day 3 Pick,Elite Power 4,All-Conference/All-American honors.,First round NFL Draft talent,LB
201900088,Ty'Ron Hopper,2019,OLB,0.9595,76.6862,63.11405563354492,72.27432300604512,72.27432300604512,Meaningful P4 Contributor,Reliable multi-year starter at the highest level of competition.,Potential Day 2 Pick,Meaningful G5 Contributor,Standout starter at the Group of 5 level; high-end depth in Power 4.,Potential Day 3 Pick,Meaningful P4 Contributor,Reliable multi-year starter at the highest level of competition.,Potential Day 2 Pick,LB
201900089,Rian Davis,2019,OLB,0.959,58.3466,60.74219512939453,65.8964570172288,65.8964570172288,Multi-Year Starter,Consistent career presence; reliable rotational player or specialist.,nan,Meaningful G5 Contributor,Standout starter at the Group of 5 level; high-end depth in Power 4.,Potential Day 3 Pick,Meaningful G5 Contributor,Standout starter at the Group of 5 level; high-end depth in Power 4.,Potential Day 3 Pick,LB
201900109,Mohamoud Diabate,2019,OLB,0.951,76.4798,57.63737869262695,61.50492963469746,61.50492963469746,Meaningful P4 Contributor,Reliable multi-year starter at the highest level of competition.,Potential Day 2 Pick,Multi-Year Starter,Consistent career presence; reliable rotational player or specialist.,nan,Meaningful G5 Contributor,Standout starter at the Group of 5 level; high-end depth in Power 4.,Potential Day 3 Pick,LB
201900110,Christian Harris,2019,ILB,0.9506,71.1471,62.688655853271484,71.24990730056398,71.24990730056398,Meaningful P4 Contributor,Reliable multi-year starter at the highest level of competition.,Potential Day 2 Pick,Meaningful G5 Contributor,Standout starter at the Group of 5 level; high-end depth in Power 4.,Potential Day 3 Pick,Meaningful P4 Contributor,Reliable multi-year starter at the highest level of competition.,Potential Day 2 Pick,LB
201900114,Cade Stover,2019,OLB,0.9487,28.1553,66.84184265136719,78.99521095145758,78.99521095145758,Partial Season Contributor,Rotational backup or special teams contributor; limited starts.,nan,Meaningful G5 Contributor,Standout starter at the Group of 5 level; high-end depth in Power 4.,Potential Day 3 Pick,Meaningful P4 Contributor,Reliable multi-year starter at the highest level of competition.,Potential Day 2 Pick,LB
201900122,Trezmen Marshall,2019,ILB,0.9464,62.84,66.19229888916016,78.15354720037895,78.15354720037895,Meaningful G5 Contributor,Standout starter at the Group of 5 level; high-end depth in Power 4.,Potential Day 3 Pick,Meaningful G5 Contributor,Standout starter at the Group of 5 level; high-end depth in Power 4.,Potential Day 3 Pick,Meaningful P4 Contributor,Reliable multi-year starter at the highest level of competition.,Potential Day 2 Pick,LB
201900140,Diwun Black,2019,ILB,0.9398,52.825,60.36629104614258,64.84387307971532,64.84387307971532,Multi-Year Starter,Consistent career presence; reliable rotational player or specialist.,nan,Meaningful G5 Contributor,Standout starter at the Group of 5 level; high-end depth in Power 4.,Potential Day 3 Pick,Meaningful G5 Contributor,Standout starter at the Group of 5 level; high-end depth in Power 4.,Potential Day 3 Pick,LB
201900147,Nick Henrich,2019,ILB,0.9383,67.6056,64.77046966552734,76.18326013170719,76.18326013170719,Meaningful G5 Contributor,Standout starter at the Group of 5 level; high-end depth in Power 4.,Potential Day 3 Pick,Meaningful G5 Contributor,Standout starter at the Group of 5 level; high-end depth in Power 4.,Potential Day 3 Pick,Meaningful P4 Contributor,Reliable multi-year starter at the highest level of competition.,Potential Day 2 Pick,LB
201900167,Lance Dixon,2019,OLB,0.9317,44.7697,66.75099182128906,78.79906299277312,78.79906299277312,Single Season Contributor,Late bloomer or one-year starter; limited career longevity.,nan,Meaningful G5 Contributor,Standout starter at the Group of 5 level; high-end depth in Power 4.,Potential Day 3 Pick,Meaningful P4 Contributor,Reliable multi-year starter at the highest level of competition.,Potential Day 2 Pick,LB
201900168,David Gbenda,2019,ILB,0.9313,65.9626,59.190242767333984,63.4331246066194,63.4331246066194,Meaningful G5 Contributor,Standout starter at the Group of 5 level; high-end depth in Power 4.,Potential Day 3 Pick,Multi-Year Starter,Consistent career presence; reliable rotational player or specialist.,nan,Meaningful G5 Contributor,Standout starter at the Group of 5 level; high-end depth in Power 4.,Potential Day 3 Pick,LB
201900190,Daniel Heimuli,2019,ILB,0.9227,59.364,60.57857131958008,65.52772052826685,65.52772052826685,Multi-Year Starter,Consistent career presence; reliable rotational player or specialist.,nan,Meaningful G5 Contributor,Standout starter at the Group of 5 level; high-end depth in Power 4.,Potential Day 3 Pick,Meaningful G5 Contributor,Standout starter at the Group of 5 level; high-end depth in Power 4.,Potential Day 3 Pick,LB
201900193,Avery Huff,2019,OLB,0.9218,55.1844,59.44565963745117,63.81332700621759,63.81332700621759,Multi-Year Starter,Consistent career presence; reliable rotational player or specialist.,nan,Multi-Year Starter,Consistent career presence; reliable rotational player or specialist.,nan,Meaningful G5 Contributor,Standout starter at the Group of 5 level; high-end depth in Power 4.,Potential Day 3 Pick,LB
201900197,Ge'mon Eaford,2019,OLB,0.9211,44.2858,61.58432388305664,67.71158536937413,67.71158536937413,Single Season Contributor,Late bloomer or one-year starter; limited career longevity.,nan,Meaningful G5 Contributor,Standout starter at the Group of 5 level; high-end depth in Power 4.,Potential Day 3 Pick,Meaningful G5 Contributor,Standout starter at the Group of 5 level; high-end depth in Power 4.,Potential Day 3 Pick,LB
201900209,Jaleel McRae,2019,OLB,0.918,55.2407,61.7140998840332,68.04437771415769,68.04437771415769,Multi-Year Starter,Consistent career presence; reliable rotational player or specialist.,nan,Meaningful G5 Contributor,Standout starter at the Group of 5 level; high-end depth in Power 4.,Potential Day 3 Pick,Meaningful G5 Contributor,Standout starter at the Group of 5 level; high-end depth in Power 4.,Potential Day 3 Pick,LB
201900213,Osita Ekwonu,2019,ILB,0.9163,57.1067,62.629581451416016,71.09946773444861,71.09946773444861,Multi-Year Starter,Consistent career presence; reliable rotational player or specialist.,nan,Meaningful G5 Contributor,Standout starter at the Group of 5 level; high-end depth in Power 4.,Potential Day 3 Pick,Meaningful P4 Contributor,Reliable multi-year starter at the highest level of competition.,Potential Day 2 Pick,LB
201900222,Josh Calvert,2019,ILB,0.9144,55.3032,59.22220230102539,63.49620308941688,63.49620308941688,Multi-Year Starter,Consistent career presence; reliable rotational player or specialist.,nan,Multi-Year Starter,Consistent career presence; reliable rotational player or specialist.,nan,Meaningful G5 Contributor,Standout starter at the Group of 5 level; high-end depth in Power 4.,Potential Day 3 Pick,LB
201900224,Kalen DeLoach,2019,OLB,0.9138,68.4403,54.85607147216797,57.17668178208127,57.17668178208127,Meaningful G5 Contributor,Standout starter at the Group of 5 level; high-end depth in Power 4.,Potential Day 3 Pick,Multi-Year Starter,Consistent career presence; reliable rotational player or specialist.,nan,Multi-Year Starter,Consistent career presence; reliable rotational player or specialist.,nan,LB
201900226,Anthony Solomon,2019,OLB,0.9137,54.8178,56.062679290771484,58.905457776782534,58.905457776782534,Multi-Year Starter,Consistent career presence; reliable rotational player or specialist.,nan,Multi-Year Starter,Consistent career presence; reliable rotational player or specialist.,nan,Multi-Year Starter,Consistent career presence; reliable rotational player or specialist.,nan,LB
201900240,Tristan Sinclair,2019,OLB,0.912,63.6916,63.336849212646484,72.7687369639646,72.7687369639646,Meaningful G5 Contributor,Standout starter at the Group of 5 level; high-end depth in Power 4.,Potential Day 3 Pick,Meaningful G5 Contributor,Standout starter at the Group of 5 level; high-end depth in Power 4.,Potential Day 3 Pick,Meaningful P4 Contributor,Reliable multi-year starter at the highest level of competition.,Potential Day 2 Pick,LB
201900247,Jestin Jacobs,2019,OLB,0.9109,60.9344,56.76321029663086,60.083770791909735,60.083770791909735,Meaningful G5 Contributor,Standout starter at the Group of 5 level; high-end depth in Power 4.,Potential Day 3 Pick,Multi-Year Starter,Consistent career presence; reliable rotational player or specialist.,nan,Meaningful G5 Contributor,Standout starter at the Group of 5 level; high-end depth in Power 4.,Potential Day 3 Pick,LB
201900288,Cameron Williams,2019,OLB,0.9044,44.138,63.31584930419922,72.72407055973967,72.72407055973967,Single Season Contributor,Late bloomer or one-year starter; limited career longevity.,nan,Meaningful G5 Contributor,Standout starter at the Group of 5 level; high-end depth in Power 4.,Potential Day 3 Pick,Meaningful P4 Contributor,Reliable multi-year starter at the highest level of competition.,Potential Day 2 Pick,LB
201900296,Eugene Asante,2019,OLB,0.9031,64.7795,58.947975158691406,63.16397735473244,63.16397735473244,Meaningful G5 Contributor,Standout starter at the Group of 5 level; high-end depth in Power 4.,Potential Day 3 Pick,Multi-Year Starter,Consistent career presence; reliable rotational player or specialist.,nan,Meaningful G5 Contributor,Standout starter at the Group of 5 level; high-end depth in Power 4.,Potential Day 3 Pick,LB
201900299,Andre White Jr.,2019,ILB,0.9029,63.6049,58.37229919433594,62.56920328853401,62.56920328853401,Meaningful G5 Contributor,Standout starter at the Group of 5 level; high-end depth in Power 4.,Potential Day 3 Pick,Multi-Year Starter,Consistent career presence; reliable rotational player or specialist.,nan,Meaningful G5 Contributor,Standout starter at the Group of 5 level; high-end depth in Power 4.,Potential Day 3 Pick,LB
201900300,Shammond Cooper,2019,ILB,0.9028,56.0505,49.65093231201172,43.58763404485167,43.58763404485167,Multi-Year Starter,Consistent career presence; reliable rotational player or specialist.,nan,Single Season Contributor,Late bloomer or one-year starter; limited career longevity.,nan,Single Season Contributor,Late bloomer or one-year starter; limited career longevity.,nan,LB
201900318,Tommy Eichenberg,2019,ILB,0.9005,75.054,51.92869567871094,50.510143161321565,50.510143161321565,Meaningful P4 Contributor,Reliable multi-year starter at the highest level of competition.,Potential Day 2 Pick,Multi-Year Starter,Consistent career presence; reliable rotational player or specialist.,nan,Multi-Year Starter,Consistent career presence; reliable rotational player or specialist.,nan,LB
201900322,Jared Casey,2019,ILB,0.9,62.5081,59.57070541381836,63.97652732759105,63.97652732759105,Meaningful G5 Contributor,Standout starter at the Group of 5 level; high-end depth in Power 4.,Potential Day 3 Pick,Multi-Year Starter,Consistent career presence; reliable rotational player or specialist.,nan,Meaningful G5 Contributor,Standout starter at the Group of 5 level; high-end depth in Power 4.,Potential Day 3 Pick,LB
201900355,Kane Patterson,2019,ILB,0.8962,64.5089,63.26988220214844,72.62162140149435,72.62162140149435,Meaningful G5 Contributor,Standout starter at the Group of 5 level; high-end depth in Power 4.,Potential Day 3 Pick,Meaningful G5 Contributor,Standout starter at the Group of 5 level; high-end depth in Power 4.,Potential Day 3 Pick,Meaningful P4 Contributor,Reliable multi-year starter at the highest level of competition.,Potential Day 2 Pick,LB
201900359,JD Bertrand,2019,OLB,0.8959,70.4219,60.170345306396484,64.58948921506186,64.58948921506186,Meaningful P4 Contributor,Reliable multi-year starter at the highest level of competition.,Potential Day 2 Pick,Meaningful G5 Contributor,Standout starter at the Group of 5 level; high-end depth in Power 4.,Potential Day 3 Pick,Meaningful G5 Contributor,Standout starter at the Group of 5 level; high-end depth in Power 4.,Potential Day 3 Pick,LB
201900389,Ke'Shun Brown,2019,ILB,0.8927,51.6889,56.18312072753906,59.0992145462529,59.0992145462529,Multi-Year Starter,Consistent career presence; reliable rotational player or specialist.,nan,Multi-Year Starter,Consistent career presence; reliable rotational player or specialist.,nan,Multi-Year Starter,Consistent career presence; reliable rotational player or specialist.,nan,LB
201900405,Spencer Lytle,2019,OLB,0.8922,53.291,59.05839157104492,63.265377008943005,63.265377008943005,Multi-Year Starter,Consistent career presence; reliable rotational player or specialist.,nan,Multi-Year Starter,Consistent career presence; reliable rotational player or specialist.,nan,Meaningful G5 Contributor,Standout starter at the Group of 5 level; high-end depth in Power 4.,Potential Day 3 Pick,LB
201900409,Jack Kiser,2019,OLB,0.8916,65.7664,64.2605972290039,74.75986292940414,74.75986292940414,Meaningful G5 Contributor,Standout starter at the Group of 5 level; high-end depth in Power 4.,Potential Day 3 Pick,Meaningful G5 Contributor,Standout starter at the Group of 5 level; high-end depth in Power 4.,Potential Day 3 Pick,Meaningful P4 Contributor,Reliable multi-year starter at the highest level of competition.,Potential Day 2 Pick,LB
201900419,Luke Fulton,2019,ILB,0.8904,30.0886,59.33280944824219,63.698972076613735,63.698972076613735,Partial Season Contributor,Rotational backup or special teams contributor; limited starts.,nan,Multi-Year Starter,Consistent career presence; reliable rotational player or specialist.,nan,Meaningful G5 Contributor,Standout starter at the Group of 5 level; high-end depth in Power 4.,Potential Day 3 Pick,LB
201900427,Ralen Goforth,2019,OLB,0.89,64.5398,54.040557861328125,55.48153191825804,55.48153191825804,Meaningful G5 Contributor,Standout starter at the Group of 5 level; high-end depth in Power 4.,Potential Day 3 Pick,Multi-Year Starter,Consistent career presence; reliable rotational player or specialist.,nan,Multi-Year Starter,Consistent career presence; reliable rotational player or specialist.,nan,LB
201900431,Mikel Jones,2019,OLB,0.89,73.2999,61.91877746582031,68.5683646922766,68.5683646922766,Meaningful P4 Contributor,Reliable multi-year starter at the highest level of competition.,Potential Day 2 Pick,Meaningful G5 Contributor,Standout starter at the Group of 5 level; high-end depth in Power 4.,Potential Day 3 Pick,Meaningful G5 Contributor,Standout starter at the Group of 5 level; high-end depth in Power 4.,Potential Day 3 Pick,LB
201900436,Lee Kpogba,2019,OLB,0.8897,67.1802,56.791221618652344,60.146844524567996,60.146844524567996,Meaningful G5 Contributor,Standout starter at the Group of 5 level; high-end depth in Power 4.,Potential Day 3 Pick,Multi-Year Starter,Consistent career presence; reliable rotational player or specialist.,nan,Meaningful G5 Contributor,Standout starter at the Group of 5 level; high-end depth in Power 4.,Potential Day 3 Pick,LB
201900446,Keith Maguire,2019,OLB,0.889,60.0672,61.78620147705078,68.22896214940931,68.22896214940931,Meaningful G5 Contributor,Standout starter at the Group of 5 level; high-end depth in Power 4.,Potential Day 3 Pick,Meaningful G5 Contributor,Standout starter at the Group of 5 level; high-end depth in Power 4.,Potential Day 3 Pick,Meaningful G5 Contributor,Standout starter at the Group of 5 level; high-end depth in Power 4.,Potential Day 3 Pick,LB
201900454,Jackson Hannah,2019,OLB,0.8889,48.2405,55.50095748901367,58.11522068168356,58.11522068168356,Single Season Contributor,Late bloomer or one-year starter; limited career longevity.,nan,Multi-Year Starter,Consistent career presence; reliable rotational player or specialist.,nan,Multi-Year Starter,Consistent career presence; reliable rotational player or specialist.,nan,LB
201900461,Marist Liufau,2019,OLB,0.8881,58.4237,59.68765640258789,64.16095393446456,64.16095393446456,Multi-Year Starter,Consistent career presence; reliable rotational player or specialist.,nan,Multi-Year Starter,Consistent career presence; reliable rotational player or specialist.,nan,Meaningful G5 Contributor,Standout starter at the Group of 5 level; high-end depth in Power 4.,Potential Day 3 Pick,LB
201900462,Marvin Ham,2019,ILB,0.8878,62.4638,60.54815673828125,65.44340830116428,65.44340830116428,Meaningful G5 Contributor,Standout starter at the Group of 5 level; high-end depth in Power 4.,Potential Day 3 Pick,Meaningful G5 Contributor,Standout starter at the Group of 5 level; high-end depth in Power 4.,Potential Day 3 Pick,Meaningful G5 Contributor,Standout starter at the Group of 5 level; high-end depth in Power 4.,Potential Day 3 Pick,LB
201900476,Jamie Pettway,2019,ILB,0.8859,61.4306,56.11417770385742,58.98367634912733,58.98367634912733,Meaningful G5 Contributor,Standout starter at the Group of 5 level; high-end depth in Power 4.,Potential Day 3 Pick,Multi-Year Starter,Consistent career presence; reliable rotational player or specialist.,nan,Multi-Year Starter,Consistent career presence; reliable rotational player or specialist.,nan,LB
201900486,Cortez Andrews,2019,OLB,0.8859,49.5405,61.40224838256836,67.22446013100058,67.22446013100058,Single Season Contributor,Late bloomer or one-year starter; limited career longevity.,nan,Meaningful G5 Contributor,Standout starter at the Group of 5 level; high-end depth in Power 4.,Potential Day 3 Pick,Meaningful G5 Contributor,Standout starter at the Group of 5 level; high-end depth in Power 4.,Potential Day 3 Pick,LB
201900493,Marcus Tillman Jr.,2019,OLB,0.8856,36.0295,60.562225341796875,65.49088384500381,65.49088384500381,Partial Season Contributor,Rotational backup or special teams contributor; limited starts.,nan,Meaningful G5 Contributor,Standout starter at the Group of 5 level; high-end depth in Power 4.,Potential Day 3 Pick,Meaningful G5 Contributor,Standout starter at the Group of 5 level; high-end depth in Power 4.,Potential Day 3 Pick,LB
201900506,Dylan Jordan,2019,OLB,0.885,43.0693,59.65774917602539,64.11379154298801,64.11379154298801,Single Season Contributor,Late bloomer or one-year starter; limited career longevity.,nan,Multi-Year Starter,Consistent career presence; reliable rotational player or specialist.,nan,Meaningful G5 Contributor,Standout starter at the Group of 5 level; high-end depth in Power 4.,Potential Day 3 Pick,LB
201900513,Hunter Stewart,2019,OLB,0.8844,53.1951,58.99419403076172,63.2064219292847,63.2064219292847,Multi-Year Starter,Consistent career presence; reliable rotational player or specialist.,nan,Multi-Year Starter,Consistent career presence; reliable rotational player or specialist.,nan,Meaningful G5 Contributor,Standout starter at the Group of 5 level; high-end depth in Power 4.,Potential Day 3 Pick,LB
201900532,Derek Boykins,2019,OLB,0.883,47.2938,57.79487228393555,61.686201543163655,61.686201543163655,Single Season Contributor,Late bloomer or one-year starter; limited career longevity.,nan,Multi-Year Starter,Consistent career presence; reliable rotational player or specialist.,nan,Meaningful G5 Contributor,Standout starter at the Group of 5 level; high-end depth in Power 4.,Potential Day 3 Pick,LB
201900536,Maema Njongmeta,2019,OLB,0.8826,69.8033,58.3580322265625,62.53077646484075,62.53077646484075,Meaningful G5 Contributor,Standout starter at the Group of 5 level; high-end depth in Power 4.,Potential Day 3 Pick,Multi-Year Starter,Consistent career presence; reliable rotational player or specialist.,nan,Meaningful G5 Contributor,Standout starter at the Group of 5 level; high-end depth in Power 4.,Potential Day 3 Pick,LB
201900548,Michael Jansey,2019,OLB,0.8815,32.8649,58.44801330566406,62.772376402866215,62.772376402866215,Partial Season Contributor,Rotational backup or special teams contributor; limited starts.,nan,Multi-Year Starter,Consistent career presence; reliable rotational player or specialist.,nan,Meaningful G5 Contributor,Standout starter at the Group of 5 level; high-end depth in Power 4.,Potential Day 3 Pick,LB
201900549,Nick Jackson,2019,OLB,0.8815,89.2092,57.37531661987305,61.16195523357008,61.16195523357008,Elite Power 4,All-Conference/All-American honors.,First round NFL Draft talent,Multi-Year Starter,Consistent career presence; reliable rotational player or specialist.,nan,Meaningful G5 Contributor,Standout starter at the Group of 5 level; high-end depth in Power 4.,Potential Day 3 Pick,LB
201900553,Orin Patu,2019,OLB,0.8812,56.0057,55.1908073425293,57.578603396956346,57.578603396956346,Multi-Year Starter,Consistent career presence; reliable rotational player or specialist.,nan,Multi-Year Starter,Consistent career presence; reliable rotational player or specialist.,nan,Multi-Year Starter,Consistent career presence; reliable rotational player or specialist.,nan,LB
201900562,KD McDaniel,2019,OLB,0.8804,55.5169,59.45030975341797,63.81803912666471,63.81803912666471,Multi-Year Starter,Consistent career presence; reliable rotational player or specialist.,nan,Multi-Year Starter,Consistent career presence; reliable rotational player or specialist.,nan,Meaningful G5 Contributor,Standout starter at the Group of 5 level; high-end depth in Power 4.,Potential Day 3 Pick,LB
201900567,Zach Zimos,2019,OLB,0.88,49.1462,51.41420364379883,49.31308116500456,49.31308116500456,Single Season Contributor,Late bloomer or one-year starter; limited career longevity.,nan,Multi-Year Starter,Consistent career presence; reliable rotational player or specialist.,nan,Single Season Contributor,Late bloomer or one-year starter; limited career longevity.,nan,LB
201900577,Drake Thomas,2019,ILB,0.8793,79.6082,60.604122161865234,65.58530094938608,65.58530094938608,Meaningful P4 Contributor,Reliable multi-year starter at the highest level of competition.,Potential Day 2 Pick,Meaningful G5 Contributor,Standout starter at the Group of 5 level; high-end depth in Power 4.,Potential Day 3 Pick,Meaningful G5 Contributor,Standout starter at the Group of 5 level; high-end depth in Power 4.,Potential Day 3 Pick,LB
201900590,Travion Brown,2019,OLB,0.8785,62.8854,57.27283477783203,61.06939928468392,61.06939928468392,Meaningful G5 Contributor,Standout starter at the Group of 5 level; high-end depth in Power 4.,Potential Day 3 Pick,Multi-Year Starter,Consistent career presence; reliable rotational player or specialist.,nan,Meaningful G5 Contributor,Standout starter at the Group of 5 level; high-end depth in Power 4.,Potential Day 3 Pick,LB
201900604,Geoff Cantin-Arku,2019,OLB,0.8781,62.8128,56.973140716552734,60.594195333581176,60.594195333581176,Meaningful G5 Contributor,Standout starter at the Group of 5 level; high-end depth in Power 4.,Potential Day 3 Pick,Multi-Year Starter,Consistent career presence; reliable rotational player or specialist.,nan,Meaningful G5 Contributor,Standout starter at the Group of 5 level; high-end depth in Power 4.,Potential Day 3 Pick,LB
201900616,Omar Speights,2019,ILB,0.877,72.4613,64.10411071777344,74.27296197068839,74.27296197068839,Meaningful P4 Contributor,Reliable multi-year starter at the highest level of competition.,Potential Day 2 Pick,Meaningful G5 Contributor,Standout starter at the Group of 5 level; high-end depth in Power 4.,Potential Day 3 Pick,Meaningful P4 Contributor,Reliable multi-year starter at the highest level of competition.,Potential Day 2 Pick,LB
201900652,Tyrone Brown,2019,OLB,0.8748,33.9492,51.11419677734375,48.47923878875618,48.47923878875618,Partial Season Contributor,Rotational backup or special teams contributor; limited starts.,nan,Multi-Year Starter,Consistent career presence; reliable rotational player or specialist.,nan,Single Season Contributor,Late bloomer or one-year starter; limited career longevity.,nan,LB
201900656,Zach Edwards,2019,ILB,0.8748,52.3619,65.3139877319336,77.05230076236971,77.05230076236971,Multi-Year Starter,Consistent career presence; reliable rotational player or specialist.,nan,Meaningful G5 Contributor,Standout starter at the Group of 5 level; high-end depth in Power 4.,Potential Day 3 Pick,Meaningful P4 Contributor,Reliable multi-year starter at the highest level of competition.,Potential Day 2 Pick,LB
201900662,Jack Campbell,2019,OLB,0.8741,85.3327,54.498294830322266,56.26420514056437,56.26420514056437,Elite Power 4,All-Conference/All-American honors.,First round NFL Draft talent,Multi-Year Starter,Consistent career presence; reliable rotational player or specialist.,nan,Multi-Year Starter,Consistent career presence; reliable rotational player or specialist.,nan,LB
201900666,Shitta Sillah,2019,OLB,0.8741,39.742,57.087799072265625,60.83938428347375,60.83938428347375,Partial Season Contributor,Rotational backup or special teams contributor; limited starts.,nan,Multi-Year Starter,Consistent career presence; reliable rotational player or specialist.,nan,Meaningful G5 Contributor,Standout starter at the Group of 5 level; high-end depth in Power 4.,Potential Day 3 Pick,LB
201900705,Jahmar Brown,2019,OLB,0.8722,43.2472,53.2238655090332,53.729974878804356,53.729974878804356,Single Season Contributor,Late bloomer or one-year starter; limited career longevity.,nan,Multi-Year Starter,Consistent career presence; reliable rotational player or specialist.,nan,Multi-Year Starter,Consistent career presence; reliable rotational player or specialist.,nan,LB
201900713,Jesiah Pierre,2019,OLB,0.8719,64.9065,54.33484649658203,56.034888911950475,56.034888911950475,Meaningful G5 Contributor,Standout starter at the Group of 5 level; high-end depth in Power 4.,Potential Day 3 Pick,Multi-Year Starter,Consistent career presence; reliable rotational player or specialist.,nan,Multi-Year Starter,Consistent career presence; reliable rotational player or specialist.,nan,LB
201900728,Tarian Lee Jr.,2019,OLB,0.8711,60.5541,56.17820739746094,59.09080118137815,59.09080118137815,Meaningful G5 Contributor,Standout starter at the Group of 5 level; high-end depth in Power 4.,Potential Day 3 Pick,Multi-Year Starter,Consistent career presence; reliable rotational player or specialist.,nan,Multi-Year Starter,Consistent career presence; reliable rotational player or specialist.,nan,LB
201900739,D.K. Bonhomme,2019,ILB,0.8707,55.3659,56.707969665527344,59.95938420296457,59.95938420296457,Multi-Year Starter,Consistent career presence; reliable rotational player or specialist.,nan,Multi-Year Starter,Consistent career presence; reliable rotational player or specialist.,nan,Multi-Year Starter,Consistent career presence; reliable rotational player or specialist.,nan,LB
201900748,Jaylon Scott,2019,OLB,0.8707,63.4144,57.74399948120117,61.627647985751814,61.627647985751814,Meaningful G5 Contributor,Standout starter at the Group of 5 level; high-end depth in Power 4.,Potential Day 3 Pick,Multi-Year Starter,Consistent career presence; reliable rotational player or specialist.,nan,Meaningful G5 Contributor,Standout starter at the Group of 5 level; high-end depth in Power 4.,Potential Day 3 Pick,LB
201900760,Ashanti Cistrunk,2019,OLB,0.8704,65.0886,53.05347442626953,53.205638057552534,53.205638057552534,Meaningful G5 Contributor,Standout starter at the Group of 5 level; high-end depth in Power 4.,Potential Day 3 Pick,Multi-Year Starter,Consistent career presence; reliable rotational player or specialist.,nan,Multi-Year Starter,Consistent career presence; reliable rotational player or specialist.,nan,LB
201900768,Kevon Glenn,2019,ILB,0.8696,52.6703,56.559993743896484,59.71717236331432,59.71717236331432,Multi-Year Starter,Consistent career presence; reliable rotational player or specialist.,nan,Multi-Year Starter,Consistent career presence; reliable rotational player or specialist.,nan,Multi-Year Starter,Consistent career presence; reliable rotational player or specialist.,nan,LB
201900776,Brandon George,2019,OLB,0.8689,64.5192,62.75824737548828,71.42712988900789,71.42712988900789,Meaningful G5 Contributor,Standout starter at the Group of 5 level; high-end depth in Power 4.,Potential Day 3 Pick,Meaningful G5 Contributor,Standout starter at the Group of 5 level; high-end depth in Power 4.,Potential Day 3 Pick,Meaningful P4 Contributor,Reliable multi-year starter at the highest level of competition.,Potential Day 2 Pick,LB
201900777,Will Williams,2019,OLB,0.8689,53.1652,55.39360809326172,57.95865629346694,57.95865629346694,Multi-Year Starter,Consistent career presence; reliable rotational player or specialist.,nan,Multi-Year Starter,Consistent career presence; reliable rotational player or specialist.,nan,Multi-Year Starter,Consistent career presence; reliable rotational player or specialist.,nan,LB
201900792,Zukudo Igwenagu,2019,OLB,0.8681,52.0721,58.0280647277832,62.05938351708058,62.05938351708058,Multi-Year Starter,Consistent career presence; reliable rotational player or specialist.,nan,Multi-Year Starter,Consistent career presence; reliable rotational player or specialist.,nan,Meaningful G5 Contributor,Standout starter at the Group of 5 level; high-end depth in Power 4.,Potential Day 3 Pick,LB
201900801,Blake Antzoulatos,2019,ILB,0.8674,53.1533,57.957847595214844,61.931754007658235,61.931754007658235,Multi-Year Starter,Consistent career presence; reliable rotational player or specialist.,nan,Multi-Year Starter,Consistent career presence; reliable rotational player or specialist.,nan,Meaningful G5 Contributor,Standout starter at the Group of 5 level; high-end depth in Power 4.,Potential Day 3 Pick,LB
201900816,Tuasivi Nomura,2019,OLB,0.8667,61.3236,57.64579772949219,61.51461977426014,61.51461977426014,Meaningful G5 Contributor,Standout starter at the Group of 5 level; high-end depth in Power 4.,Potential Day 3 Pick,Multi-Year Starter,Consistent career presence; reliable rotational player or specialist.,nan,Meaningful G5 Contributor,Standout starter at the Group of 5 level; high-end depth in Power 4.,Potential Day 3 Pick,LB
201900821,Kamryn Farrar,2019,OLB,0.8663,59.8399,58.3453483581543,62.50504583220047,62.50504583220047,Multi-Year Starter,Consistent career presence; reliable rotational player or specialist.,nan,Multi-Year Starter,Consistent career presence; reliable rotational player or specialist.,nan,Meaningful G5 Contributor,Standout starter at the Group of 5 level; high-end depth in Power 4.,Potential Day 3 Pick,LB
201900822,Khali Saunders,2019,OLB,0.8663,57.1533,49.405216217041016,42.63132821929631,42.63132821929631,Multi-Year Starter,Consistent career presence; reliable rotational player or specialist.,nan,Single Season Contributor,Late bloomer or one-year starter; limited career longevity.,nan,Single Season Contributor,Late bloomer or one-year starter; limited career longevity.,nan,LB
201900823,James Gordon IV,2019,OLB,0.8663,40.4224,53.11949157714844,53.41916335453513,53.41916335453513,Single Season Contributor,Late bloomer or one-year starter; limited career longevity.,nan,Multi-Year Starter,Consistent career presence; reliable rotational player or specialist.,nan,Multi-Year Starter,Consistent career presence; reliable rotational player or specialist.,nan,LB
201900826,Donald Willis,2019,OLB,0.8663,63.4903,59.05268096923828,63.26013274283994,63.26013274283994,Meaningful G5 Contributor,Standout starter at the Group of 5 level; high-end depth in Power 4.,Potential Day 3 Pick,Multi-Year Starter,Consistent career presence; reliable rotational player or specialist.,nan,Meaningful G5 Contributor,Standout starter at the Group of 5 level; high-end depth in Power 4.,Potential Day 3 Pick,LB
201900841,Kwabena Watson,2019,OLB,0.8652,31.7113,59.238346099853516,63.52806608048861,63.52806608048861,Partial Season Contributor,Rotational backup or special teams contributor; limited starts.,nan,Multi-Year Starter,Consistent career presence; reliable rotational player or specialist.,nan,Meaningful G5 Contributor,Standout starter at the Group of 5 level; high-end depth in Power 4.,Potential Day 3 Pick,LB
201900887,Zach Marcheselli,2019,OLB,0.8633,62.517,53.08871078491211,53.32669421748788,53.32669421748788,Meaningful G5 Contributor,Standout starter at the Group of 5 level; high-end depth in Power 4.,Potential Day 3 Pick,Multi-Year Starter,Consistent career presence; reliable rotational player or specialist.,nan,Multi-Year Starter,Consistent career presence; reliable rotational player or specialist.,nan,LB
201900892,Chris Russell,2019,ILB,0.863,64.6331,61.38042068481445,67.16606225515785,67.16606225515785,Meaningful G5 Contributor,Standout starter at the Group of 5 level; high-end depth in Power 4.,Potential Day 3 Pick,Meaningful G5 Contributor,Standout starter at the Group of 5 level; high-end depth in Power 4.,Potential Day 3 Pick,Meaningful G5 Contributor,Standout starter at the Group of 5 level; high-end depth in Power 4.,Potential Day 3 Pick,LB
201900894,Dorian Jones,2019,ILB,0.863,63.9156,58.96096420288086,63.17590569546786,63.17590569546786,Meaningful G5 Contributor,Standout starter at the Group of 5 level; high-end depth in Power 4.,Potential Day 3 Pick,Multi-Year Starter,Consistent career presence; reliable rotational player or specialist.,nan,Meaningful G5 Contributor,Standout starter at the Group of 5 level; high-end depth in Power 4.,Potential Day 3 Pick,LB
201900906,Wyatt Harris,2019,OLB,0.8622,54.3687,54.51352310180664,56.29360640665018,56.29360640665018,Multi-Year Starter,Consistent career presence; reliable rotational player or specialist.,nan,Multi-Year Starter,Consistent career presence; reliable rotational player or specialist.,nan,Multi-Year Starter,Consistent career presence; reliable rotational player or specialist.,nan,LB
201900983,Ja'Len Sims,2019,OLB,0.8585,44.8308,50.75374984741211,47.100511787273604,47.100511787273604,Single Season Contributor,Late bloomer or one-year starter; limited career longevity.,nan,Multi-Year Starter,Consistent career presence; reliable rotational player or specialist.,nan,Single Season Contributor,Late bloomer or one-year starter; limited career longevity.,nan,LB
201901010,Jacob Wahlberg,2019,ILB,0.8574,61.0954,65.51690673828125,77.37319671735047,77.37319671735047,Meaningful G5 Contributor,Standout starter at the Group of 5 level; high-end depth in Power 4.,Potential Day 3 Pick,Meaningful G5 Contributor,Standout starter at the Group of 5 level; high-end depth in Power 4.,Potential Day 3 Pick,Meaningful P4 Contributor,Reliable multi-year starter at the highest level of competition.,Potential Day 2 Pick,LB
201901024,Mohamed Toure,2019,ILB,0.8567,85.5269,58.71921920776367,62.97193547407598,62.97193547407598,Elite Power 4,All-Conference/All-American honors.,First round NFL Draft talent,Multi-Year Starter,Consistent career presence; reliable rotational player or specialist.,nan,Meaningful G5 Contributor,Standout starter at the Group of 5 level; high-end depth in Power 4.,Potential Day 3 Pick,LB
201901033,Allen Smith Jr.,2019,OLB,0.8567,50.714,54.74293518066406,56.868079730558826,56.868079730558826,Multi-Year Starter,Consistent career presence; reliable rotational player or specialist.,nan,Multi-Year Starter,Consistent career presence; reliable rotational player or specialist.,nan,Multi-Year Starter,Consistent career presence; reliable rotational player or specialist.,nan,LB
201901040,Myles Jernigan,2019,OLB,0.8563,29.7123,56.11927795410156,58.99142288477363,58.99142288477363,Partial Season Contributor,Rotational backup or special teams contributor; limited starts.,nan,Multi-Year Starter,Consistent career presence; reliable rotational player or specialist.,nan,Multi-Year Starter,Consistent career presence; reliable rotational player or specialist.,nan,LB
201901046,Ahdarrious Gee,2019,ILB,0.8563,22.7054,58.03562927246094,62.073133140440426,62.073133140440426,Partial Season Contributor,Rotational backup or special teams contributor; limited starts.,nan,Multi-Year Starter,Consistent career presence; reliable rotational player or specialist.,nan,Meaningful G5 Contributor,Standout starter at the Group of 5 level; high-end depth in Power 4.,Potential Day 3 Pick,LB
201901054,Alphonzo Tuputala,2019,ILB,0.8556,65.5286,51.626041412353516,49.89487544149031,49.89487544149031,Meaningful G5 Contributor,Standout starter at the Group of 5 level; high-end depth in Power 4.,Potential Day 3 Pick,Multi-Year Starter,Consistent career presence; reliable rotational player or specialist.,nan,Single Season Contributor,Late bloomer or one-year starter; limited career longevity.,nan,LB
201901057,Chico Bennett Jr.,2019,OLB,0.8556,65.8468,61.09199523925781,66.6153037089172,66.6153037089172,Meaningful G5 Contributor,Standout starter at the Group of 5 level; high-end depth in Power 4.,Potential Day 3 Pick,Meaningful G5 Contributor,Standout starter at the Group of 5 level; high-end depth in Power 4.,Potential Day 3 Pick,Meaningful G5 Contributor,Standout starter at the Group of 5 level; high-end depth in Power 4.,Potential Day 3 Pick,LB
201901067,Julio Ayamel,2019,ILB,0.8556,49.1226,62.186058044433594,69.58930669768071,69.58930669768071,Single Season Contributor,Late bloomer or one-year starter; limited career longevity.,nan,Meaningful G5 Contributor,Standout starter at the Group of 5 level; high-end depth in Power 4.,Potential Day 3 Pick,Meaningful G5 Contributor,Standout starter at the Group of 5 level; high-end depth in Power 4.,Potential Day 3 Pick,LB
201901088,Tra Wilkins,2019,ILB,0.8544,36.4911,60.69192123413086,65.7831616499654,65.7831616499654,Partial Season Contributor,Rotational backup or special teams contributor; limited starts.,nan,Meaningful G5 Contributor,Standout starter at the Group of 5 level; high-end depth in Power 4.,Potential Day 3 Pick,Meaningful G5 Contributor,Standout starter at the Group of 5 level; high-end depth in Power 4.,Potential Day 3 Pick,LB
201901118,Kameron Blount,2019,OLB,0.8533,30.813,60.43936538696289,65.0675098733007,65.0675098733007,Partial Season Contributor,Rotational backup or special teams contributor; limited starts.,nan,Meaningful G5 Contributor,Standout starter at the Group of 5 level; high-end depth in Power 4.,Potential Day 3 Pick,Meaningful G5 Contributor,Standout starter at the Group of 5 level; high-end depth in Power 4.,Potential Day 3 Pick,LB
201901151,Tyler Guidry,2019,OLB,0.8522,63.0964,50.400390625,46.09559656500174,46.09559656500174,Meaningful G5 Contributor,Standout starter at the Group of 5 level; high-end depth in Power 4.,Potential Day 3 Pick,Multi-Year Starter,Consistent career presence; reliable rotational player or specialist.,nan,Single Season Contributor,Late bloomer or one-year starter; limited career longevity.,nan,LB
201901152,Josh Ahern,2019,ILB,0.8522,59.3493,53.83146667480469,54.967971984568926,54.967971984568926,Multi-Year Starter,Consistent career presence; reliable rotational player or specialist.,nan,Multi-Year Starter,Consistent career presence; reliable rotational player or specialist.,nan,Multi-Year Starter,Consistent career presence; reliable rotational player or specialist.,nan,LB
201901156,Aric Horne,2019,ILB,0.8522,53.9543,57.492427825927734,61.316590968014886,61.316590968014886,Multi-Year Starter,Consistent career presence; reliable rotational player or specialist.,nan,Multi-Year Starter,Consistent career presence; reliable rotational player or specialist.,nan,Meaningful G5 Contributor,Standout starter at the Group of 5 level; high-end depth in Power 4.,Potential Day 3 Pick,LB
201901221,Grayson Murphy,2019,OLB,0.8489,32.0131,54.17289352416992,55.76037399581754,55.76037399581754,Partial Season Contributor,Rotational backup or special teams contributor; limited starts.,nan,Multi-Year Starter,Consistent career presence; reliable rotational player or specialist.,nan,Multi-Year Starter,Consistent career presence; reliable rotational player or specialist.,nan,LB
201901240,Allen Walker,2019,OLB,0.8485,52.0072,58.04808044433594,62.095764895683246,62.095764895683246,Multi-Year Starter,Consistent career presence; reliable rotational player or specialist.,nan,Multi-Year Starter,Consistent career presence; reliable rotational player or specialist.,nan,Meaningful G5 Contributor,Standout starter at the Group of 5 level; high-end depth in Power 4.,Potential Day 3 Pick,LB
201901246,Sayyid Stevens,2019,OLB,0.8481,57.8348,52.821231842041016,52.701611190362854,52.701611190362854,Multi-Year Starter,Consistent career presence; reliable rotational player or specialist.,nan,Multi-Year Starter,Consistent career presence; reliable rotational player or specialist.,nan,Multi-Year Starter,Consistent career presence; reliable rotational player or specialist.,nan,LB
201901252,Na'Drian Dizadare,2019,OLB,0.8478,53.0098,56.19619369506836,59.1216001063661,59.1216001063661,Multi-Year Starter,Consistent career presence; reliable rotational player or specialist.,nan,Multi-Year Starter,Consistent career presence; reliable rotational player or specialist.,nan,Multi-Year Starter,Consistent career presence; reliable rotational player or specialist.,nan,LB
201901282,Jaylon Sharpe,2019,ILB,0.847,42.5622,55.44224548339844,58.02643570985775,58.02643570985775,Single Season Contributor,Late bloomer or one-year starter; limited career longevity.,nan,Multi-Year Starter,Consistent career presence; reliable rotational player or specialist.,nan,Multi-Year Starter,Consistent career presence; reliable rotational player or specialist.,nan,LB
201901305,Jaylen Hudson,2019,OLB,0.8467,61.0147,49.03031921386719,41.15659765674952,41.15659765674952,Meaningful G5 Contributor,Standout starter at the Group of 5 level; high-end depth in Power 4.,Potential Day 3 Pick,Single Season Contributor,Late bloomer or one-year starter; limited career longevity.,nan,Single Season Contributor,Late bloomer or one-year starter; limited career longevity.,nan,LB
201901322,Gabriel Murphy,2019,OLB,0.8456,37.1627,50.26560974121094,45.71845745650303,45.71845745650303,Partial Season Contributor,Rotational backup or special teams contributor; limited starts.,nan,Multi-Year Starter,Consistent career presence; reliable rotational player or specialist.,nan,Single Season Contributor,Late bloomer or one-year starter; limited career longevity.,nan,LB
201901330,Chase Jones,2019,ILB,0.8456,60.0977,57.93275833129883,61.893288335158346,61.893288335158346,Meaningful G5 Contributor,Standout starter at the Group of 5 level; high-end depth in Power 4.,Potential Day 3 Pick,Multi-Year Starter,Consistent career presence; reliable rotational player or specialist.,nan,Meaningful G5 Contributor,Standout starter at the Group of 5 level; high-end depth in Power 4.,Potential Day 3 Pick,LB
201901334,Khalid Duke,2019,OLB,0.8456,64.2239,52.372623443603516,51.8589625976702,51.8589625976702,Meaningful G5 Contributor,Standout starter at the Group of 5 level; high-end depth in Power 4.,Potential Day 3 Pick,Multi-Year Starter,Consistent career presence; reliable rotational player or specialist.,nan,Multi-Year Starter,Consistent career presence; reliable rotational player or specialist.,nan,LB
201901336,Gavin Potter,2019,OLB,0.8456,63.7691,50.47098922729492,46.29314308036984,46.29314308036984,Meaningful G5 Contributor,Standout starter at the Group of 5 level; high-end depth in Power 4.,Potential Day 3 Pick,Multi-Year Starter,Consistent career presence; reliable rotational player or specialist.,nan,Single Season Contributor,Late bloomer or one-year starter; limited career longevity.,nan,LB
201901338,Devin Nicholson,2019,OLB,0.8452,63.1706,55.889408111572266,58.622277173547445,58.622277173547445,Meaningful G5 Contributor,Standout starter at the Group of 5 level; high-end depth in Power 4.,Potential Day 3 Pick,Multi-Year Starter,Consistent career presence; reliable rotational player or specialist.,nan,Multi-Year Starter,Consistent career presence; reliable rotational player or specialist.,nan,LB
201901359,Tyrique Matthews,2019,ILB,0.8441,64.5915,58.39051055908203,62.618253998777774,62.618253998777774,Meaningful G5 Contributor,Standout starter at the Group of 5 level; high-end depth in Power 4.,Potential Day 3 Pick,Multi-Year Starter,Consistent career presence; reliable rotational player or specialist.,nan,Meaningful G5 Contributor,Standout starter at the Group of 5 level; high-end depth in Power 4.,Potential Day 3 Pick,LB
201901365,Will Conner,2019,ILB,0.8433,37.4716,51.500404357910156,49.56578386929652,49.56578386929652,Partial Season Contributor,Rotational backup or special teams contributor; limited starts.,nan,Multi-Year Starter,Consistent career presence; reliable rotational player or specialist.,nan,Single Season Contributor,Late bloomer or one-year starter; limited career longevity.,nan,LB
201901392,Tarique Barnes,2019,OLB,0.8426,63.4523,54.78739547729492,56.98655910002254,56.98655910002254,Meaningful G5 Contributor,Standout starter at the Group of 5 level; high-end depth in Power 4.,Potential Day 3 Pick,Multi-Year Starter,Consistent career presence; reliable rotational player or specialist.,nan,Multi-Year Starter,Consistent career presence; reliable rotational player or specialist.,nan,LB
201901393,Ryan Franke,2019,OLB,0.8426,42.6604,55.29768371582031,57.82497933624629,57.82497933624629,Single Season Contributor,Late bloomer or one-year starter; limited career longevity.,nan,Multi-Year Starter,Consistent career presence; reliable rotational player or specialist.,nan,Multi-Year Starter,Consistent career presence; reliable rotational player or specialist.,nan,LB
201901404,Jerome Wilson Jr.,2019,OLB,0.8417,39.6107,54.110679626464844,55.63311991603312,55.63311991603312,Partial Season Contributor,Rotational backup or special teams contributor; limited starts.,nan,Multi-Year Starter,Consistent career presence; reliable rotational player or specialist.,nan,Multi-Year Starter,Consistent career presence; reliable rotational player or specialist.,nan,LB
201901423,Ryan Puskas,2019,OLB,0.8411,47.9782,51.16511917114258,48.60879790236614,48.60879790236614,Single Season Contributor,Late bloomer or one-year starter; limited career longevity.,nan,Multi-Year Starter,Consistent career presence; reliable rotational player or specialist.,nan,Single Season Contributor,Late bloomer or one-year starter; limited career longevity.,nan,LB
201901482,Maki Carabin,2019,ILB,0.8389,54.8921,53.68000030517578,54.65731358619743,54.65731358619743,Multi-Year Starter,Consistent career presence; reliable rotational player or specialist.,nan,Multi-Year Starter,Consistent career presence; reliable rotational player or specialist.,nan,Multi-Year Starter,Consistent career presence; reliable rotational player or specialist.,nan,LB
201901563,Dorian Hopkins,2019,ILB,0.8367,61.2091,57.06827926635742,60.80259847269077,60.80259847269077,Meaningful G5 Contributor,Standout starter at the Group of 5 level; high-end depth in Power 4.,Potential Day 3 Pick,Multi-Year Starter,Consistent career presence; reliable rotational player or specialist.,nan,Meaningful G5 Contributor,Standout starter at the Group of 5 level; high-end depth in Power 4.,Potential Day 3 Pick,LB
201901567,Cannon Blauser,2019,OLB,0.8363,50.7492,51.5208740234375,49.62551704245205,49.62551704245205,Multi-Year Starter,Consistent career presence; reliable rotational player or specialist.,nan,Multi-Year Starter,Consistent career presence; reliable rotational player or specialist.,nan,Single Season Contributor,Late bloomer or one-year starter; limited career longevity.,nan,LB
201901570,Michael Shawcroft,2019,ILB,0.8359,59.5782,55.48733901977539,58.093277290111,58.093277290111,Multi-Year Starter,Consistent career presence; reliable rotational player or specialist.,nan,Multi-Year Starter,Consistent career presence; reliable rotational player or specialist.,nan,Multi-Year Starter,Consistent career presence; reliable rotational player or specialist.,nan,LB
201901598,Jeremiah Jean-Baptiste,2019,ILB,0.8348,62.8946,58.403526306152344,62.65331076948404,62.65331076948404,Meaningful G5 Contributor,Standout starter at the Group of 5 level; high-end depth in Power 4.,Potential Day 3 Pick,Multi-Year Starter,Consistent career presence; reliable rotational player or specialist.,nan,Meaningful G5 Contributor,Standout starter at the Group of 5 level; high-end depth in Power 4.,Potential Day 3 Pick,LB
201901610,Jared Bartlett,2019,OLB,0.8344,81.6629,55.70930099487305,58.38798283067709,58.38798283067709,Elite Power 4,All-Conference/All-American honors.,First round NFL Draft talent,Multi-Year Starter,Consistent career presence; reliable rotational player or specialist.,nan,Multi-Year Starter,Consistent career presence; reliable rotational player or specialist.,nan,LB
201901618,Derrion Clark,2019,ILB,0.8337,48.7743,50.73054504394531,47.01125486916341,47.01125486916341,Single Season Contributor,Late bloomer or one-year starter; limited career longevity.,nan,Multi-Year Starter,Consistent career presence; reliable rotational player or specialist.,nan,Single Season Contributor,Late bloomer or one-year starter; limited career longevity.,nan,LB
201901651,Tre Pinkney,2019,ILB,0.8333,54.3136,55.472923278808594,58.07004925740716,58.07004925740716,Multi-Year Starter,Consistent career presence; reliable rotational player or specialist.,nan,Multi-Year Starter,Consistent career presence; reliable rotational player or specialist.,nan,Multi-Year Starter,Consistent career presence; reliable rotational player or specialist.,nan,LB
201901673,Jairus Satiu,2019,OLB,0.8322,44.1512,45.386070251464844,30.531813626060163,30.531813626060163,Single Season Contributor,Late bloomer or one-year starter; limited career longevity.,nan,Single Season Contributor,Late bloomer or one-year starter; limited career longevity.,nan,Partial Season Contributor,Rotational backup or special teams contributor; limited starts.,nan,LB
201901734,Mohamed Kamara,2019,OLB,0.8306,51.154,48.90843963623047,40.47341315320484,40.47341315320484,Multi-Year Starter,Consistent career presence; reliable rotational player or specialist.,nan,Single Season Contributor,Late bloomer or one-year starter; limited career longevity.,nan,Single Season Contributor,Late bloomer or one-year starter; limited career longevity.,nan,LB
201901744,Rich Miller,2019,ILB,0.8304,63.8275,56.7813720703125,60.12466607192962,60.12466607192962,Meaningful G5 Contributor,Standout starter at the Group of 5 level; high-end depth in Power 4.,Potential Day 3 Pick,Multi-Year Starter,Consistent career presence; reliable rotational player or specialist.,nan,Meaningful G5 Contributor,Standout starter at the Group of 5 level; high-end depth in Power 4.,Potential Day 3 Pick,LB
201901773,Dan Foster Jr.,2019,ILB,0.83,52.3796,49.17271423339844,42.0320273481019,42.0320273481019,Multi-Year Starter,Consistent career presence; reliable rotational player or specialist.,nan,Single Season Contributor,Late bloomer or one-year starter; limited career longevity.,nan,Single Season Contributor,Late bloomer or one-year starter; limited career longevity.,nan,LB
201901786,Antarrius Moultrie,2019,ILB,0.8293,41.555,55.83525466918945,58.526549632814046,58.526549632814046,Single Season Contributor,Late bloomer or one-year starter; limited career longevity.,nan,Multi-Year Starter,Consistent career presence; reliable rotational player or specialist.,nan,Multi-Year Starter,Consistent career presence; reliable rotational player or specialist.,nan,LB
201901808,Eddie Williams,2019,OLB,0.8278,59.4376,53.25980758666992,53.84005237273178,53.84005237273178,Multi-Year Starter,Consistent career presence; reliable rotational player or specialist.,nan,Multi-Year Starter,Consistent career presence; reliable rotational player or specialist.,nan,Multi-Year Starter,Consistent career presence; reliable rotational player or specialist.,nan,LB
201901820,Chris Conti,2019,ILB,0.8267,54.4667,54.3231315612793,56.01503176185168,56.01503176185168,Multi-Year Starter,Consistent career presence; reliable rotational player or specialist.,nan,Multi-Year Starter,Consistent career presence; reliable rotational player or specialist.,nan,Multi-Year Starter,Consistent career presence; reliable rotational player or specialist.,nan,LB
201901834,Caleb Tate,2019,OLB,0.8267,56.8949,55.43346405029297,58.0141982026788,58.0141982026788,Multi-Year Starter,Consistent career presence; reliable rotational player or specialist.,nan,Multi-Year Starter,Consistent career presence; reliable rotational player or specialist.,nan,Multi-Year Starter,Consistent career presence; reliable rotational player or specialist.,nan,LB
201901838,Boone Bonnema,2019,OLB,0.8267,60.6957,52.72639465332031,52.488728568920244,52.488728568920244,Meaningful G5 Contributor,Standout starter at the Group of 5 level; high-end depth in Power 4.,Potential Day 3 Pick,Multi-Year Starter,Consistent career presence; reliable rotational player or specialist.,nan,Multi-Year Starter,Consistent career presence; reliable rotational player or specialist.,nan,LB
201901859,Jourdan Heilig,2019,OLB,0.8259,59.2103,51.915775299072266,50.47286481051972,50.47286481051972,Multi-Year Starter,Consistent career presence; reliable rotational player or specialist.,nan,Multi-Year Starter,Consistent career presence; reliable rotational player or specialist.,nan,Multi-Year Starter,Consistent career presence; reliable rotational player or specialist.,nan,LB
201901871,Armoni Dixon,2019,OLB,0.8256,42.3717,51.9809684753418,50.746721910272846,50.746721910272846,Single Season Contributor,Late bloomer or one-year starter; limited career longevity.,nan,Multi-Year Starter,Consistent career presence; reliable rotational player or specialist.,nan,Multi-Year Starter,Consistent career presence; reliable rotational player or specialist.,nan,LB
201901886,Elijah Juarez,2019,OLB,0.8256,45.9309,56.26237106323242,59.23388591489993,59.23388591489993,Single Season Contributor,Late bloomer or one-year starter; limited career longevity.,nan,Multi-Year Starter,Consistent career presence; reliable rotational player or specialist.,nan,Multi-Year Starter,Consistent career presence; reliable rotational player or specialist.,nan,LB
201901906,Michael Erhart,2019,OLB,0.8237,52.0308,56.58127212524414,59.75045475634564,59.75045475634564,Multi-Year Starter,Consistent career presence; reliable rotational player or specialist.,nan,Multi-Year Starter,Consistent career presence; reliable rotational player or specialist.,nan,Multi-Year Starter,Consistent career presence; reliable rotational player or specialist.,nan,LB
201901942,Jonzell Prudhomme,2019,OLB,0.8217,21.5562,49.778419494628906,44.0671049829342,44.0671049829342,Partial Season Contributor,Rotational backup or special teams contributor; limited starts.,nan,Single Season Contributor,Late bloomer or one-year starter; limited career longevity.,nan,Single Season Contributor,Late bloomer or one-year starter; limited career longevity.,nan,LB
201901959,Brody Ingle,2019,OLB,0.8215,47.7569,55.050933837890625,57.3671267743681,57.3671267743681,Single Season Contributor,Late bloomer or one-year starter; limited career longevity.,nan,Multi-Year Starter,Consistent career presence; reliable rotational player or specialist.,nan,Multi-Year Starter,Consistent career presence; reliable rotational player or specialist.,nan,LB
201901981,Kyle Beaudry,2019,OLB,0.8206,57.5423,55.76654052734375,58.44409638213583,58.44409638213583,Multi-Year Starter,Consistent career presence; reliable rotational player or specialist.,nan,Multi-Year Starter,Consistent career presence; reliable rotational player or specialist.,nan,Multi-Year Starter,Consistent career presence; reliable rotational player or specialist.,nan,LB
201901989,Eli Neal,2019,ILB,0.8206,67.6601,52.70351028442383,52.43581972763887,52.43581972763887,Meaningful G5 Contributor,Standout starter at the Group of 5 level; high-end depth in Power 4.,Potential Day 3 Pick,Multi-Year Starter,Consistent career presence; reliable rotational player or specialist.,nan,Multi-Year Starter,Consistent career presence; reliable rotational player or specialist.,nan,LB
201902052,Kevin Wood,2019,ILB,0.8196,58.0962,51.903629302978516,50.437820739379156,50.437820739379156,Multi-Year Starter,Consistent career presence; reliable rotational player or specialist.,nan,Multi-Year Starter,Consistent career presence; reliable rotational player or specialist.,nan,Multi-Year Starter,Consistent career presence; reliable rotational player or specialist.,nan,LB
201902095,Darius Hodges,2019,ILB,0.8167,64.1037,49.0251350402832,41.122488260651586,41.122488260651586,Meaningful G5 Contributor,Standout starter at the Group of 5 level; high-end depth in Power 4.,Potential Day 3 Pick,Single Season Contributor,Late bloomer or one-year starter; limited career longevity.,nan,Single Season Contributor,Late bloomer or one-year starter; limited career longevity.,nan,LB
201902119,AJ Vongphachanh,2019,OLB,0.8156,68.4995,49.01945495605469,41.085116008414786,41.085116008414786,Meaningful G5 Contributor,Standout starter at the Group of 5 level; high-end depth in Power 4.,Potential Day 3 Pick,Single Season Contributor,Late bloomer or one-year starter; limited career longevity.,nan,Single Season Contributor,Late bloomer or one-year starter; limited career longevity.,nan,LB
201902132,Jordan Veneziale,2019,ILB,0.8156,62.175,52.95005798339844,52.93381680242411,52.93381680242411,Meaningful G5 Contributor,Standout starter at the Group of 5 level; high-end depth in Power 4.,Potential Day 3 Pick,Multi-Year Starter,Consistent career presence; reliable rotational player or specialist.,nan,Multi-Year Starter,Consistent career presence; reliable rotational player or specialist.,nan,LB
201902145,Jacoby Windmon,2019,ILB,0.8156,76.7706,53.448360443115234,54.28953944204369,54.28953944204369,Meaningful P4 Contributor,Reliable multi-year starter at the highest level of competition.,Potential Day 2 Pick,Multi-Year Starter,Consistent career presence; reliable rotational player or specialist.,nan,Multi-Year Starter,Consistent career presence; reliable rotational player or specialist.,nan,LB
201902262,Cole Mabry,2019,ILB,0.8106,35.9545,54.006492614746094,55.407890267723204,55.407890267723204,Partial Season Contributor,Rotational backup or special teams contributor; limited starts.,nan,Multi-Year Starter,Consistent career presence; reliable rotational player or specialist.,nan,Multi-Year Starter,Consistent career presence; reliable rotational player or specialist.,nan,LB
201902264,Brandon Berger,2019,OLB,0.8106,55.5421,50.2374267578125,45.647831494706374,45.647831494706374,Multi-Year Starter,Consistent career presence; reliable rotational player or specialist.,nan,Multi-Year Starter,Consistent career presence; reliable rotational player or specialist.,nan,Single Season Contributor,Late bloomer or one-year starter; limited career longevity.,nan,LB
201902340,Kaleo Neves,2019,OLB,0.81,53.5735,58.65788650512695,62.92368840774769,62.92368840774769,Multi-Year Starter,Consistent career presence; reliable rotational player or specialist.,nan,Multi-Year Starter,Consistent career presence; reliable rotational player or specialist.,nan,Meaningful G5 Contributor,Standout starter at the Group of 5 level; high-end depth in Power 4.,Potential Day 3 Pick,LB
201902345,Nasir Carter,2019,ILB,0.81,27.5687,51.009979248046875,48.18915911749155,48.18915911749155,Partial Season Contributor,Rotational backup or special teams contributor; limited starts.,nan,Multi-Year Starter,Consistent career presence; reliable rotational player or specialist.,nan,Single Season Contributor,Late bloomer or one-year starter; limited career longevity.,nan,LB
201902349,KeSean Brown,2019,OLB,0.8096,61.5633,53.0068244934082,53.045370028988145,53.045370028988145,Meaningful G5 Contributor,Standout starter at the Group of 5 level; high-end depth in Power 4.,Potential Day 3 Pick,Multi-Year Starter,Consistent career presence; reliable rotational player or specialist.,nan,Multi-Year Starter,Consistent career presence; reliable rotational player or specialist.,nan,LB
201902353,Clayton Coll,2019,OLB,0.8094,58.5222,54.115699768066406,55.643972369796145,55.643972369796145,Multi-Year Starter,Consistent career presence; reliable rotational player or specialist.,nan,Multi-Year Starter,Consistent career presence; reliable rotational player or specialist.,nan,Multi-Year Starter,Consistent career presence; reliable rotational player or specialist.,nan,LB
201902366,Tavian Brown,2019,OLB,0.8083,57.0735,50.18977737426758,45.548149546805064,45.548149546805064,Multi-Year Starter,Consistent career presence; reliable rotational player or specialist.,nan,Multi-Year Starter,Consistent career presence; reliable rotational player or specialist.,nan,Single Season Contributor,Late bloomer or one-year starter; limited career longevity.,nan,LB
201902367,La'Kamion Franklin,2019,OLB,0.8083,35.1128,55.4255485534668,58.00316743491323,58.00316743491323,Partial Season Contributor,Rotational backup or special teams contributor; limited starts.,nan,Multi-Year Starter,Consistent career presence; reliable rotational player or specialist.,nan,Multi-Year Starter,Consistent career presence; reliable rotational player or specialist.,nan,LB
201902376,Dane Motley,2019,OLB,0.807,59.1739,53.24745559692383,53.8007126259963,53.8007126259963,Multi-Year Starter,Consistent career presence; reliable rotational player or specialist.,nan,Multi-Year Starter,Consistent career presence; reliable rotational player or specialist.,nan,Multi-Year Starter,Consistent career presence; reliable rotational player or specialist.,nan,LB
201902384,Spencer Jones,2019,ILB,0.8067,50.4091,49.593875885009766,43.36116401581206,43.36116401581206,Multi-Year Starter,Consistent career presence; reliable rotational player or specialist.,nan,Single Season Contributor,Late bloomer or one-year starter; limited career longevity.,nan,Single Season Contributor,Late bloomer or one-year starter; limited career longevity.,nan,LB
201902404,Dorian Williams,2019,OLB,0.8056,72.7714,52.748111724853516,52.53893860949614,52.53893860949614,Meaningful P4 Contributor,Reliable multi-year starter at the highest level of competition.,Potential Day 2 Pick,Multi-Year Starter,Consistent career presence; reliable rotational player or specialist.,nan,Multi-Year Starter,Consistent career presence; reliable rotational player or specialist.,nan,LB
201902414,Kyle Kelly,2019,OLB,0.8056,51.4183,48.91302490234375,40.496528201946155,40.496528201946155,Multi-Year Starter,Consistent career presence; reliable rotational player or specialist.,nan,Single Season Contributor,Late bloomer or one-year starter; limited career longevity.,nan,Single Season Contributor,Late bloomer or one-year starter; limited career longevity.,nan,LB
201902431,Malik Caper,2019,ILB,0.8056,31.9503,54.695281982421875,56.74199321550462,56.74199321550462,Partial Season Contributor,Rotational backup or special teams contributor; limited starts.,nan,Multi-Year Starter,Consistent career presence; reliable rotational player or specialist.,nan,Multi-Year Starter,Consistent career presence; reliable rotational player or specialist.,nan,LB
201902452,Demaurez Bellamy,2019,OLB,0.8044,54.7189,54.86627197265625,57.204920856225854,57.204920856225854,Multi-Year Starter,Consistent career presence; reliable rotational player or specialist.,nan,Multi-Year Starter,Consistent career presence; reliable rotational player or specialist.,nan,Multi-Year Starter,Consistent career presence; reliable rotational player or specialist.,nan,LB
201902473,Chad Stephens,2019,OLB,0.8033,48.3475,53.05364227294922,53.20621470267943,53.20621470267943,Single Season Contributor,Late bloomer or one-year starter; limited career longevity.,nan,Multi-Year Starter,Consistent career presence; reliable rotational player or specialist.,nan,Multi-Year Starter,Consistent career presence; reliable rotational player or specialist.,nan,LB
201902524,J'Coryan Anderson,2019,ILB,0.8006,59.0723,57.13724899291992,60.93257452486123,60.93257452486123,Multi-Year Starter,Consistent career presence; reliable rotational player or specialist.,nan,Multi-Year Starter,Consistent career presence; reliable rotational player or specialist.,nan,Meaningful G5 Contributor,Standout starter at the Group of 5 level; high-end depth in Power 4.,Potential Day 3 Pick,LB
201902539,Jackson Mitchell,2019,ILB,0.8006,71.7671,55.48106384277344,58.08316611948443,58.08316611948443,Meaningful P4 Contributor,Reliable multi-year starter at the highest level of competition.,Potential Day 2 Pick,Multi-Year Starter,Consistent career presence; reliable rotational player or specialist.,nan,Multi-Year Starter,Consistent career presence; reliable rotational player or specialist.,nan,LB
201902547,Josh Pearcy,2019,ILB,0.8006,66.6468,49.976131439208984,44.91611280050862,44.91611280050862,Meaningful G5 Contributor,Standout starter at the Group of 5 level; high-end depth in Power 4.,Potential Day 3 Pick,Single Season Contributor,Late bloomer or one-year starter; limited career longevity.,nan,Single Season Contributor,Late bloomer or one-year starter; limited career longevity.,nan,LB
201902620,Deuce Palmer,2019,ILB,0.8,54.0515,54.68541717529297,56.71589173232097,56.71589173232097,Multi-Year Starter,Consistent career presence; reliable rotational player or specialist.,nan,Multi-Year Starter,Consistent career presence; reliable rotational player or specialist.,nan,Multi-Year Starter,Consistent career presence; reliable rotational player or specialist.,nan,LB
201902677,Max Wynn,2019,ILB,0.7994,27.2438,52.01006317138672,50.88505442604444,50.88505442604444,Partial Season Contributor,Rotational backup or special teams contributor; limited starts.,nan,Multi-Year Starter,Consistent career presence; reliable rotational player or specialist.,nan,Multi-Year Starter,Consistent career presence; reliable rotational player or specialist.,nan,LB
201902812,Adrian Bickham,2019,OLB,0.7933,51.7655,49.965023040771484,44.86336666255171,44.86336666255171,Multi-Year Starter,Consistent career presence; reliable rotational player or specialist.,nan,Single Season Contributor,Late bloomer or one-year starter; limited career longevity.,nan,Single Season Contributor,Late bloomer or one-year starter; limited career longevity.,nan,LB
201902870,Myron Morrison,2019,OLB,0.7906,60.9745,52.63104248046875,52.32392042816702,52.32392042816702,Meaningful G5 Contributor,Standout starter at the Group of 5 level; high-end depth in Power 4.,Potential Day 3 Pick,Multi-Year Starter,Consistent career presence; reliable rotational player or specialist.,nan,Multi-Year Starter,Consistent career presence; reliable rotational player or specialist.,nan,LB
201902884,Ben Johnson,2019,OLB,0.7906,41.3101,47.96092224121094,37.20893864822705,37.20893864822705,Single Season Contributor,Late bloomer or one-year starter; limited career longevity.,nan,Single Season Contributor,Late bloomer or one-year starter; limited career longevity.,nan,Partial Season Contributor,Rotational backup or special teams contributor; limited starts.,nan,LB
201902923,Justin Pelic,2019,ILB,0.79,31.0591,55.163414001464844,57.533233891587656,57.533233891587656,Partial Season Contributor,Rotational backup or special teams contributor; limited starts.,nan,Multi-Year Starter,Consistent career presence; reliable rotational player or specialist.,nan,Multi-Year Starter,Consistent career presence; reliable rotational player or specialist.,nan,LB
201903041,Ivan Pace Jr.,2019,ILB,0.7894,83.7149,49.1619758605957,42.00434794479073,42.00434794479073,Elite Power 4,All-Conference/All-American honors.,First round NFL Draft talent,Single Season Contributor,Late bloomer or one-year starter; limited career longevity.,nan,Single Season Contributor,Late bloomer or one-year starter; limited career longevity.,nan,LB
201903092,Jordan Cobbs,2019,ILB,0.7883,60.8385,44.57511520385742,29.07354804474949,29.07354804474949,Meaningful G5 Contributor,Standout starter at the Group of 5 level; high-end depth in Power 4.,Potential Day 3 Pick,Single Season Contributor,Late bloomer or one-year starter; limited career longevity.,nan,Partial Season Contributor,Rotational backup or special teams contributor; limited starts.,nan,LB
201903131,SirVocea Dennis,2019,OLB,0.7856,75.4273,38.040035247802734,17.57839786239155,17.57839786239155,Meaningful P4 Contributor,Reliable multi-year starter at the highest level of competition.,Potential Day 2 Pick,Partial Season Contributor,Rotational backup or special teams contributor; limited starts.,nan,Minimal D1 Impact,Roster filler; medical DQ; or transferred to lower levels.,nan,LB
201903158,Jett Bush,2019,ILB,0.7844,65.1645,50.078861236572266,45.316114296050245,45.316114296050245,Meaningful G5 Contributor,Standout starter at the Group of 5 level; high-end depth in Power 4.,Potential Day 3 Pick,Multi-Year Starter,Consistent career presence; reliable rotational player or specialist.,nan,Single Season Contributor,Late bloomer or one-year starter; limited career longevity.,nan,LB
201903161,Justin Whiteside,2019,OLB,0.7844,61.0631,52.13493728637695,51.26518604191436,51.26518604191436,Meaningful G5 Contributor,Standout starter at the Group of 5 level; high-end depth in Power 4.,Potential Day 3 Pick,Multi-Year Starter,Consistent career presence; reliable rotational player or specialist.,nan,Multi-Year Starter,Consistent career presence; reliable rotational player or specialist.,nan,LB
201903175,Garret Fountain,2019,OLB,0.7844,54.436,53.802268981933594,54.88786681799022,54.88786681799022,Multi-Year Starter,Consistent career presence; reliable rotational player or specialist.,nan,Multi-Year Starter,Consistent career presence; reliable rotational player or specialist.,nan,Multi-Year Starter,Consistent career presence; reliable rotational player or specialist.,nan,LB
201903208,Darius Muasau,2019,ILB,0.7833,78.5695,56.80715560913086,60.182723454339694,60.182723454339694,Meaningful P4 Contributor,Reliable multi-year starter at the highest level of competition.,Potential Day 2 Pick,Multi-Year Starter,Consistent career presence; reliable rotational player or specialist.,nan,Meaningful G5 Contributor,Standout starter at the Group of 5 level; high-end depth in Power 4.,Potential Day 3 Pick,LB
201903292,Kyle Thornton,2019,ILB,0.78,62.3933,53.106807708740234,53.381392501196615,53.381392501196615,Meaningful G5 Contributor,Standout starter at the Group of 5 level; high-end depth in Power 4.,Potential Day 3 Pick,Multi-Year Starter,Consistent career presence; reliable rotational player or specialist.,nan,Multi-Year Starter,Consistent career presence; reliable rotational player or specialist.,nan,LB
201903409,Marcus Anderson,2019,OLB,0.7794,37.26,51.403751373291016,49.28218502318549,49.28218502318549,Partial Season Contributor,Rotational backup or special teams contributor; limited starts.,nan,Multi-Year Starter,Consistent career presence; reliable rotational player or specialist.,nan,Single Season Contributor,Late bloomer or one-year starter; limited career longevity.,nan,LB
201903419,Caree Collier,2019,ILB,0.7794,36.4292,44.754825592041016,29.39652819041017,29.39652819041017,Partial Season Contributor,Rotational backup or special teams contributor; limited starts.,nan,Single Season Contributor,Late bloomer or one-year starter; limited career longevity.,nan,Partial Season Contributor,Rotational backup or special teams contributor; limited starts.,nan,LB
201903431,Joshua Burdsall,2019,OLB,0.7783,38.2143,49.088321685791016,41.538226330530975,41.538226330530975,Partial Season Contributor,Rotational backup or special teams contributor; limited starts.,nan,Single Season Contributor,Late bloomer or one-year starter; limited career longevity.,nan,Single Season Contributor,Late bloomer or one-year starter; limited career longevity.,nan,LB
201903447,Josh Ferguson,2019,ILB,0.7783,47.5409,48.15566635131836,37.84881957889512,37.84881957889512,Single Season Contributor,Late bloomer or one-year starter; limited career longevity.,nan,Single Season Contributor,Late bloomer or one-year starter; limited career longevity.,nan,Partial Season Contributor,Rotational backup or special teams contributor; limited starts.,nan,LB
201903454,Luke Bolden,2019,ILB,0.7756,51.1892,49.01166915893555,41.03388916703445,41.03388916703445,Multi-Year Starter,Consistent career presence; reliable rotational player or specialist.,nan,Single Season Contributor,Late bloomer or one-year starter; limited career longevity.,nan,Single Season Contributor,Late bloomer or one-year starter; limited career longevity.,nan,LB
201903510,Brentt Cunningham,2019,ILB,0.7733,27.408,45.025970458984375,29.88383674004752,29.88383674004752,Partial Season Contributor,Rotational backup or special teams contributor; limited starts.,nan,Single Season Contributor,Late bloomer or one-year starter; limited career longevity.,nan,Partial Season Contributor,Rotational backup or special teams contributor; limited starts.,nan,LB
201903595,Taylor Milton,2019,OLB,0.77,37.153,51.974124908447266,50.71418375198069,50.71418375198069,Partial Season Contributor,Rotational backup or special teams contributor; limited starts.,nan,Multi-Year Starter,Consistent career presence; reliable rotational player or specialist.,nan,Multi-Year Starter,Consistent career presence; reliable rotational player or specialist.,nan,LB
201903681,Julian Richardson,2019,ILB,0.7683,51.8833,48.55802917480469,39.48510592158344,39.48510592158344,Multi-Year Starter,Consistent career presence; reliable rotational player or specialist.,nan,Single Season Contributor,Late bloomer or one-year starter; limited career longevity.,nan,Partial Season Contributor,Rotational backup or special teams contributor; limited starts.,nan,LB
201903682,Andrew Leak,2019,ILB,0.7683,50.8606,51.12387466430664,48.50386171715744,48.50386171715744,Multi-Year Starter,Consistent career presence; reliable rotational player or specialist.,nan,Multi-Year Starter,Consistent career presence; reliable rotational player or specialist.,nan,Single Season Contributor,Late bloomer or one-year starter; limited career longevity.,nan,LB
201903684,Nick Giacolone,2019,ILB,0.7683,52.3086,47.46025848388672,35.710920026825576,35.710920026825576,Multi-Year Starter,Consistent career presence; reliable rotational player or specialist.,nan,Single Season Contributor,Late bloomer or one-year starter; limited career longevity.,nan,Partial Season Contributor,Rotational backup or special teams contributor; limited starts.,nan,LB
201903696,Prince Bemah,2019,ILB,0.7667,57.6033,52.46240234375,52.08713005026032,52.08713005026032,Multi-Year Starter,Consistent career presence; reliable rotational player or specialist.,nan,Multi-Year Starter,Consistent career presence; reliable rotational player or specialist.,nan,Multi-Year Starter,Consistent career presence; reliable rotational player or specialist.,nan,LB
201903831,Nyron Barr-Thomas,2019,OLB,0.76,14.1128,50.8796501159668,47.77956243887012,47.77956243887012,Minimal D1 Impact,Roster filler; medical DQ; or transferred to lower levels.,nan,Multi-Year Starter,Consistent career presence; reliable rotational player or specialist.,nan,Single Season Contributor,Late bloomer or one-year starter; limited career longevity.,nan,LB
202000006,Justin Flowe,2020,ILB,0.9967,45.2174,69.24011993408203,83.4949367884117,83.4949367884117,Single Season Contributor,Late bloomer or one-year starter; limited career longevity.,nan,Meaningful G5 Contributor,Standout starter at the Group of 5 level; high-end depth in Power 4.,Potential Day 3 Pick,Elite Power 4,All-Conference/All-American honors.,First round NFL Draft talent,LB
202000013,Noah Sewell,2020,ILB,0.9935,71.308,62.6254997253418,71.08887034873497,71.08887034873497,Meaningful P4 Contributor,Reliable multi-year starter at the highest level of competition.,Potential Day 2 Pick,Meaningful G5 Contributor,Standout starter at the Group of 5 level; high-end depth in Power 4.,Potential Day 3 Pick,Meaningful P4 Contributor,Reliable multi-year starter at the highest level of competition.,Potential Day 2 Pick,LB
202000026,Trenton Simpson,2020,OLB,0.987,72.6268,62.22092819213867,69.67843305175998,69.67843305175998,Meaningful P4 Contributor,Reliable multi-year starter at the highest level of competition.,Potential Day 2 Pick,Meaningful G5 Contributor,Standout starter at the Group of 5 level; high-end depth in Power 4.,Potential Day 3 Pick,Meaningful G5 Contributor,Standout starter at the Group of 5 level; high-end depth in Power 4.,Potential Day 3 Pick,LB
202000033,MJ Sherman,2020,OLB,0.983,65.8123,61.087158203125,66.60653773979585,66.60653773979585,Meaningful G5 Contributor,Standout starter at the Group of 5 level; high-end depth in Power 4.,Potential Day 3 Pick,Meaningful G5 Contributor,Standout starter at the Group of 5 level; high-end depth in Power 4.,Potential Day 3 Pick,Meaningful G5 Contributor,Standout starter at the Group of 5 level; high-end depth in Power 4.,Potential Day 3 Pick,LB
202000036,Curtis Jacobs,2020,OLB,0.9823,72.3222,74.5219497680664,87.49524538982335,87.49524538982335,Meaningful P4 Contributor,Reliable multi-year starter at the highest level of competition.,Potential Day 2 Pick,Meaningful P4 Contributor,Reliable multi-year starter at the highest level of competition.,Potential Day 2 Pick,Elite Power 4,All-Conference/All-American honors.,First round NFL Draft talent,LB
202000039,Demouy Kennedy,2020,ILB,0.9819,55.6431,62.04927444458008,69.04716954185584,69.04716954185584,Multi-Year Starter,Consistent career presence; reliable rotational player or specialist.,nan,Meaningful G5 Contributor,Standout starter at the Group of 5 level; high-end depth in Power 4.,Potential Day 3 Pick,Meaningful G5 Contributor,Standout starter at the Group of 5 level; high-end depth in Power 4.,Potential Day 3 Pick,LB
202000057,Phillip Webb,2020,OLB,0.9725,27.435,59.60179901123047,64.02556057413766,64.02556057413766,Partial Season Contributor,Rotational backup or special teams contributor; limited starts.,nan,Multi-Year Starter,Consistent career presence; reliable rotational player or specialist.,nan,Meaningful G5 Contributor,Standout starter at the Group of 5 level; high-end depth in Power 4.,Potential Day 3 Pick,LB
202000064,Derek Wingo,2020,OLB,0.9704,64.9812,65.57325744628906,77.43830452494888,77.43830452494888,Meaningful G5 Contributor,Standout starter at the Group of 5 level; high-end depth in Power 4.,Potential Day 3 Pick,Meaningful G5 Contributor,Standout starter at the Group of 5 level; high-end depth in Power 4.,Potential Day 3 Pick,Meaningful P4 Contributor,Reliable multi-year starter at the highest level of competition.,Potential Day 2 Pick,LB
202000075,Cody Simon,2020,ILB,0.966,81.2065,64.71018981933594,76.0868776215603,76.0868776215603,Elite Power 4,All-Conference/All-American honors.,First round NFL Draft talent,Meaningful G5 Contributor,Standout starter at the Group of 5 level; high-end depth in Power 4.,Potential Day 3 Pick,Meaningful P4 Contributor,Reliable multi-year starter at the highest level of competition.,Potential Day 2 Pick,LB
202000089,Antonio Doyle Jr.,2020,ILB,0.9616,37.922,58.637168884277344,62.90875165186294,62.90875165186294,Partial Season Contributor,Rotational backup or special teams contributor; limited starts.,nan,Multi-Year Starter,Consistent career presence; reliable rotational player or specialist.,nan,Meaningful G5 Contributor,Standout starter at the Group of 5 level; high-end depth in Power 4.,Potential Day 3 Pick,LB
202000097,Antoine Sampah,2020,ILB,0.9558,27.8803,60.288631439208984,64.74305256192895,64.74305256192895,Partial Season Contributor,Rotational backup or special teams contributor; limited starts.,nan,Meaningful G5 Contributor,Standout starter at the Group of 5 level; high-end depth in Power 4.,Potential Day 3 Pick,Meaningful G5 Contributor,Standout starter at the Group of 5 level; high-end depth in Power 4.,Potential Day 3 Pick,LB
202000098,Wesley Steiner,2020,ILB,0.9558,64.8323,63.763153076171875,73.57891193038044,73.57891193038044,Meaningful G5 Contributor,Standout starter at the Group of 5 level; high-end depth in Power 4.,Potential Day 3 Pick,Meaningful G5 Contributor,Standout starter at the Group of 5 level; high-end depth in Power 4.,Potential Day 3 Pick,Meaningful P4 Contributor,Reliable multi-year starter at the highest level of competition.,Potential Day 2 Pick,LB
202000127,Prince Dorbah,2020,OLB,0.9443,39.3783,68.51013946533203,82.24497614901044,82.24497614901044,Partial Season Contributor,Rotational backup or special teams contributor; limited starts.,nan,Meaningful G5 Contributor,Standout starter at the Group of 5 level; high-end depth in Power 4.,Potential Day 3 Pick,Elite Power 4,All-Conference/All-American honors.,First round NFL Draft talent,LB
202000142,Josh White,2020,ILB,0.9359,63.4333,54.506370544433594,56.2761533640092,56.2761533640092,Meaningful G5 Contributor,Standout starter at the Group of 5 level; high-end depth in Power 4.,Potential Day 3 Pick,Multi-Year Starter,Consistent career presence; reliable rotational player or specialist.,nan,Multi-Year Starter,Consistent career presence; reliable rotational player or specialist.,nan,LB
202000143,Nick Herbig,2020,OLB,0.9359,80.9494,59.0545654296875,63.261863315622115,63.261863315622115,Elite Power 4,All-Conference/All-American honors.,First round NFL Draft talent,Multi-Year Starter,Consistent career presence; reliable rotational player or specialist.,nan,Meaningful G5 Contributor,Standout starter at the Group of 5 level; high-end depth in Power 4.,Potential Day 3 Pick,LB
202000153,Kalel Mullings,2020,OLB,0.9329,58.1308,46.68087387084961,33.68467983453684,33.68467983453684,Multi-Year Starter,Consistent career presence; reliable rotational player or specialist.,nan,Single Season Contributor,Late bloomer or one-year starter; limited career longevity.,nan,Partial Season Contributor,Rotational backup or special teams contributor; limited starts.,nan,LB
202000156,Jackson Bratton,2020,ILB,0.9318,50.3563,61.529483795166016,67.56486606439073,67.56486606439073,Multi-Year Starter,Consistent career presence; reliable rotational player or specialist.,nan,Meaningful G5 Contributor,Standout starter at the Group of 5 level; high-end depth in Power 4.,Potential Day 3 Pick,Meaningful G5 Contributor,Standout starter at the Group of 5 level; high-end depth in Power 4.,Potential Day 3 Pick,LB
202000162,Edgerrin Cooper,2020,OLB,0.9298,84.6232,61.13444519042969,66.69223407514926,66.69223407514926,Elite Power 4,All-Conference/All-American honors.,First round NFL Draft talent,Meaningful G5 Contributor,Standout starter at the Group of 5 level; high-end depth in Power 4.,Potential Day 3 Pick,Meaningful G5 Contributor,Standout starter at the Group of 5 level; high-end depth in Power 4.,Potential Day 3 Pick,LB
202000181,Kaden Johnson,2020,OLB,0.9261,58.2628,66.2658920288086,78.23857697455905,78.23857697455905,Multi-Year Starter,Consistent career presence; reliable rotational player or specialist.,nan,Meaningful G5 Contributor,Standout starter at the Group of 5 level; high-end depth in Power 4.,Potential Day 3 Pick,Meaningful P4 Contributor,Reliable multi-year starter at the highest level of competition.,Potential Day 2 Pick,LB
202000197,Damian Sellers,2020,OLB,0.9221,45.8031,51.375511169433594,49.19870906045315,49.19870906045315,Single Season Contributor,Late bloomer or one-year starter; limited career longevity.,nan,Multi-Year Starter,Consistent career presence; reliable rotational player or specialist.,nan,Single Season Contributor,Late bloomer or one-year starter; limited career longevity.,nan,LB
202000222,Sergio Allen,2020,ILB,0.918,52.2849,60.02285385131836,64.43889077550853,64.43889077550853,Multi-Year Starter,Consistent career presence; reliable rotational player or specialist.,nan,Meaningful G5 Contributor,Standout starter at the Group of 5 level; high-end depth in Power 4.,Potential Day 3 Pick,Meaningful G5 Contributor,Standout starter at the Group of 5 level; high-end depth in Power 4.,Potential Day 3 Pick,LB
202000238,Jordan Banks,2020,OLB,0.9133,29.3183,58.880958557128906,63.10644285918986,63.10644285918986,Partial Season Contributor,Rotational backup or special teams contributor; limited starts.,nan,Multi-Year Starter,Consistent career presence; reliable rotational player or specialist.,nan,Meaningful G5 Contributor,Standout starter at the Group of 5 level; high-end depth in Power 4.,Potential Day 3 Pick,LB
202000243,Mohamed Kaba,2020,ILB,0.9126,56.7568,61.16593551635742,66.74930274636112,66.74930274636112,Multi-Year Starter,Consistent career presence; reliable rotational player or specialist.,nan,Meaningful G5 Contributor,Standout starter at the Group of 5 level; high-end depth in Power 4.,Potential Day 3 Pick,Meaningful G5 Contributor,Standout starter at the Group of 5 level; high-end depth in Power 4.,Potential Day 3 Pick,LB
202000244,Stephen Dix Jr.,2020,OLB,0.9124,64.1737,60.79375076293945,66.01264086187294,66.01264086187294,Meaningful G5 Contributor,Standout starter at the Group of 5 level; high-end depth in Power 4.,Potential Day 3 Pick,Meaningful G5 Contributor,Standout starter at the Group of 5 level; high-end depth in Power 4.,Potential Day 3 Pick,Meaningful G5 Contributor,Standout starter at the Group of 5 level; high-end depth in Power 4.,Potential Day 3 Pick,LB
202000250,Desmond Tisdol,2020,ILB,0.9104,61.9257,59.494590759277344,63.86291057387566,63.86291057387566,Meaningful G5 Contributor,Standout starter at the Group of 5 level; high-end depth in Power 4.,Potential Day 3 Pick,Multi-Year Starter,Consistent career presence; reliable rotational player or specialist.,nan,Meaningful G5 Contributor,Standout starter at the Group of 5 level; high-end depth in Power 4.,Potential Day 3 Pick,LB
202000257,Ruben Hyppolite II,2020,OLB,0.9089,63.8177,60.26336669921875,64.71025296033255,64.71025296033255,Meaningful G5 Contributor,Standout starter at the Group of 5 level; high-end depth in Power 4.,Potential Day 3 Pick,Meaningful G5 Contributor,Standout starter at the Group of 5 level; high-end depth in Power 4.,Potential Day 3 Pick,Meaningful G5 Contributor,Standout starter at the Group of 5 level; high-end depth in Power 4.,Potential Day 3 Pick,LB
202000265,Kevin Swint,2020,ILB,0.9072,50.5088,61.03800582885742,66.51746083748635,66.51746083748635,Multi-Year Starter,Consistent career presence; reliable rotational player or specialist.,nan,Meaningful G5 Contributor,Standout starter at the Group of 5 level; high-end depth in Power 4.,Potential Day 3 Pick,Meaningful G5 Contributor,Standout starter at the Group of 5 level; high-end depth in Power 4.,Potential Day 3 Pick,LB
202000289,Bryson Eason,2020,ILB,0.903,43.2063,62.30586624145508,69.89553045903804,69.89553045903804,Single Season Contributor,Late bloomer or one-year starter; limited career longevity.,nan,Meaningful G5 Contributor,Standout starter at the Group of 5 level; high-end depth in Power 4.,Potential Day 3 Pick,Meaningful G5 Contributor,Standout starter at the Group of 5 level; high-end depth in Power 4.,Potential Day 3 Pick,LB
202000299,Itayvion Brown,2020,OLB,0.9014,46.8329,58.21894454956055,62.35315532887657,62.35315532887657,Single Season Contributor,Late bloomer or one-year starter; limited career longevity.,nan,Multi-Year Starter,Consistent career presence; reliable rotational player or specialist.,nan,Meaningful G5 Contributor,Standout starter at the Group of 5 level; high-end depth in Power 4.,Potential Day 3 Pick,LB
202000336,JonJon Vaughns,2020,OLB,0.8978,63.7012,62.74020767211914,71.38118976837251,71.38118976837251,Meaningful G5 Contributor,Standout starter at the Group of 5 level; high-end depth in Power 4.,Potential Day 3 Pick,Meaningful G5 Contributor,Standout starter at the Group of 5 level; high-end depth in Power 4.,Potential Day 3 Pick,Meaningful P4 Contributor,Reliable multi-year starter at the highest level of competition.,Potential Day 2 Pick,LB
202000337,Jaheim Thomas,2020,OLB,0.8978,62.6417,58.02577209472656,62.05521633420653,62.05521633420653,Meaningful G5 Contributor,Standout starter at the Group of 5 level; high-end depth in Power 4.,Potential Day 3 Pick,Multi-Year Starter,Consistent career presence; reliable rotational player or specialist.,nan,Meaningful G5 Contributor,Standout starter at the Group of 5 level; high-end depth in Power 4.,Potential Day 3 Pick,LB
202000338,Cam Riley,2020,OLB,0.8976,65.551,51.90313720703125,50.43640092619538,50.43640092619538,Meaningful G5 Contributor,Standout starter at the Group of 5 level; high-end depth in Power 4.,Potential Day 3 Pick,Multi-Year Starter,Consistent career presence; reliable rotational player or specialist.,nan,Multi-Year Starter,Consistent career presence; reliable rotational player or specialist.,nan,LB
202000344,Mitchell Melton,2020,OLB,0.897,55.3534,68.8467025756836,82.82128011688823,82.82128011688823,Multi-Year Starter,Consistent career presence; reliable rotational player or specialist.,nan,Meaningful G5 Contributor,Standout starter at the Group of 5 level; high-end depth in Power 4.,Potential Day 3 Pick,Elite Power 4,All-Conference/All-American honors.,First round NFL Draft talent,LB
202000388,Nikhai Hill-Green,2020,OLB,0.8926,68.3521,65.60060119628906,77.46989759053683,77.46989759053683,Meaningful G5 Contributor,Standout starter at the Group of 5 level; high-end depth in Power 4.,Potential Day 3 Pick,Meaningful G5 Contributor,Standout starter at the Group of 5 level; high-end depth in Power 4.,Potential Day 3 Pick,Meaningful P4 Contributor,Reliable multi-year starter at the highest level of competition.,Potential Day 2 Pick,LB
202000390,Romello Height,2020,OLB,0.8926,44.4914,59.50468063354492,63.873134986166576,63.873134986166576,Single Season Contributor,Late bloomer or one-year starter; limited career longevity.,nan,Multi-Year Starter,Consistent career presence; reliable rotational player or specialist.,nan,Meaningful G5 Contributor,Standout starter at the Group of 5 level; high-end depth in Power 4.,Potential Day 3 Pick,LB
202000394,Shane Whitter,2020,ILB,0.8925,64.0539,64.53295135498047,75.60728092093235,75.60728092093235,Meaningful G5 Contributor,Standout starter at the Group of 5 level; high-end depth in Power 4.,Potential Day 3 Pick,Meaningful G5 Contributor,Standout starter at the Group of 5 level; high-end depth in Power 4.,Potential Day 3 Pick,Meaningful P4 Contributor,Reliable multi-year starter at the highest level of competition.,Potential Day 2 Pick,LB
202000432,Choe Bryant-Strother,2020,ILB,0.887,50.4326,60.38022994995117,64.86318372481227,64.86318372481227,Multi-Year Starter,Consistent career presence; reliable rotational player or specialist.,nan,Meaningful G5 Contributor,Standout starter at the Group of 5 level; high-end depth in Power 4.,Potential Day 3 Pick,Meaningful G5 Contributor,Standout starter at the Group of 5 level; high-end depth in Power 4.,Potential Day 3 Pick,LB
202000433,Darius Snow,2020,OLB,0.887,57.8279,58.160133361816406,62.272427218620656,62.272427218620656,Multi-Year Starter,Consistent career presence; reliable rotational player or specialist.,nan,Multi-Year Starter,Consistent career presence; reliable rotational player or specialist.,nan,Meaningful G5 Contributor,Standout starter at the Group of 5 level; high-end depth in Power 4.,Potential Day 3 Pick,LB
202000441,Jackson LaDuke,2020,OLB,0.8867,55.3848,54.638694763183594,56.59903930701201,56.59903930701201,Multi-Year Starter,Consistent career presence; reliable rotational player or specialist.,nan,Multi-Year Starter,Consistent career presence; reliable rotational player or specialist.,nan,Multi-Year Starter,Consistent career presence; reliable rotational player or specialist.,nan,LB
202000460,Cornell Wheeler,2020,ILB,0.885,57.4008,61.78954315185547,68.23751703884798,68.23751703884798,Multi-Year Starter,Consistent career presence; reliable rotational player or specialist.,nan,Meaningful G5 Contributor,Standout starter at the Group of 5 level; high-end depth in Power 4.,Potential Day 3 Pick,Meaningful G5 Contributor,Standout starter at the Group of 5 level; high-end depth in Power 4.,Potential Day 3 Pick,LB
202000482,Brennon Scott,2020,ILB,0.8833,48.5167,64.06554412841797,74.15359511193068,74.15359511193068,Single Season Contributor,Late bloomer or one-year starter; limited career longevity.,nan,Meaningful G5 Contributor,Standout starter at the Group of 5 level; high-end depth in Power 4.,Potential Day 3 Pick,Meaningful P4 Contributor,Reliable multi-year starter at the highest level of competition.,Potential Day 2 Pick,LB
202000496,Justin Houston,2020,OLB,0.8826,28.265,48.54707336425781,39.45164950671846,39.45164950671846,Partial Season Contributor,Rotational backup or special teams contributor; limited starts.,nan,Single Season Contributor,Late bloomer or one-year starter; limited career longevity.,nan,Partial Season Contributor,Rotational backup or special teams contributor; limited starts.,nan,LB
202000510,Tirek Austin-Cave,2020,ILB,0.8815,57.12,64.34071350097656,75.00914121751657,75.00914121751657,Multi-Year Starter,Consistent career presence; reliable rotational player or specialist.,nan,Meaningful G5 Contributor,Standout starter at the Group of 5 level; high-end depth in Power 4.,Potential Day 3 Pick,Meaningful P4 Contributor,Reliable multi-year starter at the highest level of competition.,Potential Day 2 Pick,LB
202000545,Tyler Elsdon,2020,ILB,0.8785,64.7375,62.319793701171875,69.93112834972214,69.93112834972214,Meaningful G5 Contributor,Standout starter at the Group of 5 level; high-end depth in Power 4.,Potential Day 3 Pick,Meaningful G5 Contributor,Standout starter at the Group of 5 level; high-end depth in Power 4.,Potential Day 3 Pick,Meaningful G5 Contributor,Standout starter at the Group of 5 level; high-end depth in Power 4.,Potential Day 3 Pick,LB
202000554,Caleb McCullough,2020,ILB,0.8781,61.8406,62.3299560546875,69.9571028172057,69.9571028172057,Meaningful G5 Contributor,Standout starter at the Group of 5 level; high-end depth in Power 4.,Potential Day 3 Pick,Meaningful G5 Contributor,Standout starter at the Group of 5 level; high-end depth in Power 4.,Potential Day 3 Pick,Meaningful G5 Contributor,Standout starter at the Group of 5 level; high-end depth in Power 4.,Potential Day 3 Pick,LB
202000565,Jayland Parker,2020,ILB,0.8781,59.3787,58.772193908691406,63.015990854086745,63.015990854086745,Multi-Year Starter,Consistent career presence; reliable rotational player or specialist.,nan,Multi-Year Starter,Consistent career presence; reliable rotational player or specialist.,nan,Meaningful G5 Contributor,Standout starter at the Group of 5 level; high-end depth in Power 4.,Potential Day 3 Pick,LB
202000571,Muelu Iosefa,2020,OLB,0.877,54.5158,59.49599838256836,63.86433696636539,63.86433696636539,Multi-Year Starter,Consistent career presence; reliable rotational player or specialist.,nan,Multi-Year Starter,Consistent career presence; reliable rotational player or specialist.,nan,Meaningful G5 Contributor,Standout starter at the Group of 5 level; high-end depth in Power 4.,Potential Day 3 Pick,LB
202000580,Bangally Kamara,2020,OLB,0.8763,64.4781,54.20791244506836,55.81973206742513,55.81973206742513,Meaningful G5 Contributor,Standout starter at the Group of 5 level; high-end depth in Power 4.,Potential Day 3 Pick,Multi-Year Starter,Consistent career presence; reliable rotational player or specialist.,nan,Multi-Year Starter,Consistent career presence; reliable rotational player or specialist.,nan,LB
202000592,Tyson Meiguez,2020,OLB,0.8759,56.1917,59.290164947509766,63.63034086090409,63.63034086090409,Multi-Year Starter,Consistent career presence; reliable rotational player or specialist.,nan,Multi-Year Starter,Consistent career presence; reliable rotational player or specialist.,nan,Meaningful G5 Contributor,Standout starter at the Group of 5 level; high-end depth in Power 4.,Potential Day 3 Pick,LB
202000610,JaQwondis Burns,2020,OLB,0.8748,55.8589,55.237327575683594,57.68349047583507,57.68349047583507,Multi-Year Starter,Consistent career presence; reliable rotational player or specialist.,nan,Multi-Year Starter,Consistent career presence; reliable rotational player or specialist.,nan,Multi-Year Starter,Consistent career presence; reliable rotational player or specialist.,nan,LB
202000615,Cole Pedersen,2020,OLB,0.8741,42.8206,74.26775360107422,87.32489512011651,87.32489512011651,Single Season Contributor,Late bloomer or one-year starter; limited career longevity.,nan,Meaningful P4 Contributor,Reliable multi-year starter at the highest level of competition.,Potential Day 2 Pick,Elite Power 4,All-Conference/All-American honors.,First round NFL Draft talent,LB
202000627,Brynden Walker,2020,OLB,0.873,49.8401,54.96836471557617,57.2968404354482,57.2968404354482,Single Season Contributor,Late bloomer or one-year starter; limited career longevity.,nan,Multi-Year Starter,Consistent career presence; reliable rotational player or specialist.,nan,Multi-Year Starter,Consistent career presence; reliable rotational player or specialist.,nan,LB
202000648,Malik Reed,2020,OLB,0.8719,39.856,52.6962890625,52.419124205627604,52.419124205627604,Partial Season Contributor,Rotational backup or special teams contributor; limited starts.,nan,Multi-Year Starter,Consistent career presence; reliable rotational player or specialist.,nan,Multi-Year Starter,Consistent career presence; reliable rotational player or specialist.,nan,LB
202000662,Jordan Turner,2020,ILB,0.8715,72.1855,57.690364837646484,61.56591560593699,61.56591560593699,Meaningful P4 Contributor,Reliable multi-year starter at the highest level of competition.,Potential Day 2 Pick,Multi-Year Starter,Consistent career presence; reliable rotational player or specialist.,nan,Meaningful G5 Contributor,Standout starter at the Group of 5 level; high-end depth in Power 4.,Potential Day 3 Pick,LB
202000664,Devin Hightower,2020,OLB,0.8715,46.8633,59.7916145324707,64.2736862579291,64.2736862579291,Single Season Contributor,Late bloomer or one-year starter; limited career longevity.,nan,Multi-Year Starter,Consistent career presence; reliable rotational player or specialist.,nan,Meaningful G5 Contributor,Standout starter at the Group of 5 level; high-end depth in Power 4.,Potential Day 3 Pick,LB
202000712,Andy Alfieri,2020,OLB,0.8689,43.7333,57.214202880859375,61.01644618829902,61.01644618829902,Single Season Contributor,Late bloomer or one-year starter; limited career longevity.,nan,Multi-Year Starter,Consistent career presence; reliable rotational player or specialist.,nan,Meaningful G5 Contributor,Standout starter at the Group of 5 level; high-end depth in Power 4.,Potential Day 3 Pick,LB
202000726,Lanell Carr Jr.,2020,OLB,0.8685,57.4883,50.24677276611328,45.66738323374714,45.66738323374714,Multi-Year Starter,Consistent career presence; reliable rotational player or specialist.,nan,Multi-Year Starter,Consistent career presence; reliable rotational player or specialist.,nan,Single Season Contributor,Late bloomer or one-year starter; limited career longevity.,nan,LB
202000774,Devyn Curtis,2020,ILB,0.867,53.7847,58.13407897949219,62.231906177207385,62.231906177207385,Multi-Year Starter,Consistent career presence; reliable rotational player or specialist.,nan,Multi-Year Starter,Consistent career presence; reliable rotational player or specialist.,nan,Meaningful G5 Contributor,Standout starter at the Group of 5 level; high-end depth in Power 4.,Potential Day 3 Pick,LB
202000779,Austin Keys,2020,ILB,0.8663,60.4603,62.92488479614258,71.85149070307334,71.85149070307334,Meaningful G5 Contributor,Standout starter at the Group of 5 level; high-end depth in Power 4.,Potential Day 3 Pick,Meaningful G5 Contributor,Standout starter at the Group of 5 level; high-end depth in Power 4.,Potential Day 3 Pick,Meaningful P4 Contributor,Reliable multi-year starter at the highest level of competition.,Potential Day 2 Pick,LB
202000783,Krishawn Brown,2020,OLB,0.8663,33.2164,58.25692367553711,62.39879215441655,62.39879215441655,Partial Season Contributor,Rotational backup or special teams contributor; limited starts.,nan,Multi-Year Starter,Consistent career presence; reliable rotational player or specialist.,nan,Meaningful G5 Contributor,Standout starter at the Group of 5 level; high-end depth in Power 4.,Potential Day 3 Pick,LB
202000796,Devon Betty,2020,OLB,0.8659,63.7497,57.98604965209961,61.983015210633155,61.983015210633155,Meaningful G5 Contributor,Standout starter at the Group of 5 level; high-end depth in Power 4.,Potential Day 3 Pick,Multi-Year Starter,Consistent career presence; reliable rotational player or specialist.,nan,Meaningful G5 Contributor,Standout starter at the Group of 5 level; high-end depth in Power 4.,Potential Day 3 Pick,LB
202000798,Xander Mueller,2020,OLB,0.8659,77.3936,49.928646087646484,44.6939184079956,44.6939184079956,Meaningful P4 Contributor,Reliable multi-year starter at the highest level of competition.,Potential Day 2 Pick,Single Season Contributor,Late bloomer or one-year starter; limited career longevity.,nan,Single Season Contributor,Late bloomer or one-year starter; limited career longevity.,nan,LB
202000829,Corey Flagg,2020,ILB,0.8648,67.3245,67.1161117553711,79.58742136035204,79.58742136035204,Meaningful G5 Contributor,Standout starter at the Group of 5 level; high-end depth in Power 4.,Potential Day 3 Pick,Meaningful G5 Contributor,Standout starter at the Group of 5 level; high-end depth in Power 4.,Potential Day 3 Pick,Meaningful P4 Contributor,Reliable multi-year starter at the highest level of competition.,Potential Day 2 Pick,LB
202000840,John Miller,2020,ILB,0.8641,62.4992,51.139183044433594,48.54281000713547,48.54281000713547,Meaningful G5 Contributor,Standout starter at the Group of 5 level; high-end depth in Power 4.,Potential Day 3 Pick,Multi-Year Starter,Consistent career presence; reliable rotational player or specialist.,nan,Single Season Contributor,Late bloomer or one-year starter; limited career longevity.,nan,LB
202000844,Khaya Wright,2020,OLB,0.8641,40.4067,53.59632873535156,54.516721772837386,54.516721772837386,Single Season Contributor,Late bloomer or one-year starter; limited career longevity.,nan,Multi-Year Starter,Consistent career presence; reliable rotational player or specialist.,nan,Multi-Year Starter,Consistent career presence; reliable rotational player or specialist.,nan,LB
202000856,Mister Williams,2020,OLB,0.863,56.8883,61.59113693237305,67.72958512720989,67.72958512720989,Multi-Year Starter,Consistent career presence; reliable rotational player or specialist.,nan,Meaningful G5 Contributor,Standout starter at the Group of 5 level; high-end depth in Power 4.,Potential Day 3 Pick,Meaningful G5 Contributor,Standout starter at the Group of 5 level; high-end depth in Power 4.,Potential Day 3 Pick,LB
202000862,Zay Peterson,2020,OLB,0.863,42.5973,51.91892623901367,50.48195601741736,50.48195601741736,Single Season Contributor,Late bloomer or one-year starter; limited career longevity.,nan,Multi-Year Starter,Consistent career presence; reliable rotational player or specialist.,nan,Multi-Year Starter,Consistent career presence; reliable rotational player or specialist.,nan,LB
202000864,Ben Kreul,2020,ILB,0.863,52.2435,54.533390045166016,56.34208397788976,56.34208397788976,Multi-Year Starter,Consistent career presence; reliable rotational player or specialist.,nan,Multi-Year Starter,Consistent career presence; reliable rotational player or specialist.,nan,Multi-Year Starter,Consistent career presence; reliable rotational player or specialist.,nan,LB
202000878,Greyson Metz,2020,OLB,0.8628,63.078,49.385005950927734,42.57923391068439,42.57923391068439,Meaningful G5 Contributor,Standout starter at the Group of 5 level; high-end depth in Power 4.,Potential Day 3 Pick,Single Season Contributor,Late bloomer or one-year starter; limited career longevity.,nan,Single Season Contributor,Late bloomer or one-year starter; limited career longevity.,nan,LB
202000881,AJ Mathis,2020,OLB,0.8626,33.8458,58.72008514404297,62.97265561314578,62.97265561314578,Partial Season Contributor,Rotational backup or special teams contributor; limited starts.,nan,Multi-Year Starter,Consistent career presence; reliable rotational player or specialist.,nan,Meaningful G5 Contributor,Standout starter at the Group of 5 level; high-end depth in Power 4.,Potential Day 3 Pick,LB
202000886,Bodie Schoonover,2020,OLB,0.8622,51.6124,58.35892105102539,62.53317043540773,62.53317043540773,Multi-Year Starter,Consistent career presence; reliable rotational player or specialist.,nan,Multi-Year Starter,Consistent career presence; reliable rotational player or specialist.,nan,Meaningful G5 Contributor,Standout starter at the Group of 5 level; high-end depth in Power 4.,Potential Day 3 Pick,LB
202000891,Jeff Roberson,2020,ILB,0.8619,62.1663,58.43281936645508,62.73220905267671,62.73220905267671,Meaningful G5 Contributor,Standout starter at the Group of 5 level; high-end depth in Power 4.,Potential Day 3 Pick,Multi-Year Starter,Consistent career presence; reliable rotational player or specialist.,nan,Meaningful G5 Contributor,Standout starter at the Group of 5 level; high-end depth in Power 4.,Potential Day 3 Pick,LB
202000906,Junior Walling,2020,ILB,0.8611,33.2989,64.5389404296875,75.62591566582982,75.62591566582982,Partial Season Contributor,Rotational backup or special teams contributor; limited starts.,nan,Meaningful G5 Contributor,Standout starter at the Group of 5 level; high-end depth in Power 4.,Potential Day 3 Pick,Meaningful P4 Contributor,Reliable multi-year starter at the highest level of competition.,Potential Day 2 Pick,LB
202000930,Will Shaffer,2020,ILB,0.8596,56.8159,55.20420837402344,57.60556070046588,57.60556070046588,Multi-Year Starter,Consistent career presence; reliable rotational player or specialist.,nan,Multi-Year Starter,Consistent career presence; reliable rotational player or specialist.,nan,Multi-Year Starter,Consistent career presence; reliable rotational player or specialist.,nan,LB
202000952,Taiwan Berryhill,2020,OLB,0.8589,64.4268,57.8505744934082,61.76858620382672,61.76858620382672,Meaningful G5 Contributor,Standout starter at the Group of 5 level; high-end depth in Power 4.,Potential Day 3 Pick,Multi-Year Starter,Consistent career presence; reliable rotational player or specialist.,nan,Meaningful G5 Contributor,Standout starter at the Group of 5 level; high-end depth in Power 4.,Potential Day 3 Pick,LB
202000977,Cal Haladay,2020,ILB,0.8585,81.1195,57.079444885253906,60.823640502818144,60.823640502818144,Elite Power 4,All-Conference/All-American honors.,First round NFL Draft talent,Multi-Year Starter,Consistent career presence; reliable rotational player or specialist.,nan,Meaningful G5 Contributor,Standout starter at the Group of 5 level; high-end depth in Power 4.,Potential Day 3 Pick,LB
202000993,Kobe Wilson,2020,ILB,0.8578,62.3581,60.908042907714844,66.27020535831265,66.27020535831265,Meaningful G5 Contributor,Standout starter at the Group of 5 level; high-end depth in Power 4.,Potential Day 3 Pick,Meaningful G5 Contributor,Standout starter at the Group of 5 level; high-end depth in Power 4.,Potential Day 3 Pick,Meaningful G5 Contributor,Standout starter at the Group of 5 level; high-end depth in Power 4.,Potential Day 3 Pick,LB
202001007,Dorian Mausi Jr.,2020,OLB,0.8574,63.2171,58.78733825683594,63.02858535676138,63.02858535676138,Meaningful G5 Contributor,Standout starter at the Group of 5 level; high-end depth in Power 4.,Potential Day 3 Pick,Multi-Year Starter,Consistent career presence; reliable rotational player or specialist.,nan,Meaningful G5 Contributor,Standout starter at the Group of 5 level; high-end depth in Power 4.,Potential Day 3 Pick,LB
202001012,Solomon DeShields,2020,OLB,0.8574,62.6238,60.25755310058594,64.70270553577679,64.70270553577679,Meaningful G5 Contributor,Standout starter at the Group of 5 level; high-end depth in Power 4.,Potential Day 3 Pick,Meaningful G5 Contributor,Standout starter at the Group of 5 level; high-end depth in Power 4.,Potential Day 3 Pick,Meaningful G5 Contributor,Standout starter at the Group of 5 level; high-end depth in Power 4.,Potential Day 3 Pick,LB
202001015,Carson Bruener,2020,ILB,0.8574,63.808,56.25016784667969,59.21402300979233,59.21402300979233,Meaningful G5 Contributor,Standout starter at the Group of 5 level; high-end depth in Power 4.,Potential Day 3 Pick,Multi-Year Starter,Consistent career presence; reliable rotational player or specialist.,nan,Multi-Year Starter,Consistent career presence; reliable rotational player or specialist.,nan,LB
202001048,Derrick Lewis,2020,ILB,0.8556,40.5475,53.46826934814453,54.31933224303894,54.31933224303894,Single Season Contributor,Late bloomer or one-year starter; limited career longevity.,nan,Multi-Year Starter,Consistent career presence; reliable rotational player or specialist.,nan,Multi-Year Starter,Consistent career presence; reliable rotational player or specialist.,nan,LB
202001054,Sione Fotu,2020,ILB,0.8556,58.9784,62.52943420410156,70.6851176133101,70.6851176133101,Multi-Year Starter,Consistent career presence; reliable rotational player or specialist.,nan,Meaningful G5 Contributor,Standout starter at the Group of 5 level; high-end depth in Power 4.,Potential Day 3 Pick,Meaningful P4 Contributor,Reliable multi-year starter at the highest level of competition.,Potential Day 2 Pick,LB
202001062,D'Eryk Jackson,2020,ILB,0.8556,63.0595,62.71540069580078,71.3180160309033,71.3180160309033,Meaningful G5 Contributor,Standout starter at the Group of 5 level; high-end depth in Power 4.,Potential Day 3 Pick,Meaningful G5 Contributor,Standout starter at the Group of 5 level; high-end depth in Power 4.,Potential Day 3 Pick,Meaningful P4 Contributor,Reliable multi-year starter at the highest level of competition.,Potential Day 2 Pick,LB
202001069,Tate Romney,2020,OLB,0.8552,57.6711,53.081886291503906,53.30324835085106,53.30324835085106,Multi-Year Starter,Consistent career presence; reliable rotational player or specialist.,nan,Multi-Year Starter,Consistent career presence; reliable rotational player or specialist.,nan,Multi-Year Starter,Consistent career presence; reliable rotational player or specialist.,nan,LB
202001113,Cooper McDonald,2020,ILB,0.8533,59.8023,52.17764663696289,51.35903268810511,51.35903268810511,Multi-Year Starter,Consistent career presence; reliable rotational player or specialist.,nan,Multi-Year Starter,Consistent career presence; reliable rotational player or specialist.,nan,Multi-Year Starter,Consistent career presence; reliable rotational player or specialist.,nan,LB
202001123,Stefon Thompson,2020,ILB,0.853,72.2993,59.927547454833984,64.3708009396973,64.3708009396973,Meaningful P4 Contributor,Reliable multi-year starter at the highest level of competition.,Potential Day 2 Pick,Multi-Year Starter,Consistent career presence; reliable rotational player or specialist.,nan,Meaningful G5 Contributor,Standout starter at the Group of 5 level; high-end depth in Power 4.,Potential Day 3 Pick,LB
202001127,Christian Hood,2020,ILB,0.853,32.5597,56.768619537353516,60.09595090261509,60.09595090261509,Partial Season Contributor,Rotational backup or special teams contributor; limited starts.,nan,Multi-Year Starter,Consistent career presence; reliable rotational player or specialist.,nan,Meaningful G5 Contributor,Standout starter at the Group of 5 level; high-end depth in Power 4.,Potential Day 3 Pick,LB
202001132,Cody Lindenberg,2020,OLB,0.8522,59.342,58.089515686035156,62.16259917782381,62.16259917782381,Multi-Year Starter,Consistent career presence; reliable rotational player or specialist.,nan,Multi-Year Starter,Consistent career presence; reliable rotational player or specialist.,nan,Meaningful G5 Contributor,Standout starter at the Group of 5 level; high-end depth in Power 4.,Potential Day 3 Pick,LB
202001138,Daved Jones Jr.,2020,ILB,0.8522,52.6584,54.79392623901367,57.00463886626619,57.00463886626619,Multi-Year Starter,Consistent career presence; reliable rotational player or specialist.,nan,Multi-Year Starter,Consistent career presence; reliable rotational player or specialist.,nan,Multi-Year Starter,Consistent career presence; reliable rotational player or specialist.,nan,LB
202001141,AJ Roberts,2020,OLB,0.8522,30.3556,70.12166595458984,84.54638292945644,84.54638292945644,Partial Season Contributor,Rotational backup or special teams contributor; limited starts.,nan,Meaningful P4 Contributor,Reliable multi-year starter at the highest level of competition.,Potential Day 2 Pick,Elite Power 4,All-Conference/All-American honors.,First round NFL Draft talent,LB
202001146,Drew Francis,2020,OLB,0.8522,57.7801,53.240135192871094,53.778423807973915,53.778423807973915,Multi-Year Starter,Consistent career presence; reliable rotational player or specialist.,nan,Multi-Year Starter,Consistent career presence; reliable rotational player or specialist.,nan,Multi-Year Starter,Consistent career presence; reliable rotational player or specialist.,nan,LB
202001161,Kydran Jenkins,2020,ILB,0.8519,80.7842,56.54298782348633,59.69057270248003,59.69057270248003,Elite Power 4,All-Conference/All-American honors.,First round NFL Draft talent,Multi-Year Starter,Consistent career presence; reliable rotational player or specialist.,nan,Multi-Year Starter,Consistent career presence; reliable rotational player or specialist.,nan,LB
202001163,Frankie Burgess,2020,OLB,0.8515,38.2324,57.062095642089844,60.790945199429245,60.790945199429245,Partial Season Contributor,Rotational backup or special teams contributor; limited starts.,nan,Multi-Year Starter,Consistent career presence; reliable rotational player or specialist.,nan,Meaningful G5 Contributor,Standout starter at the Group of 5 level; high-end depth in Power 4.,Potential Day 3 Pick,LB
202001165,Derick Mourning Jr.,2020,OLB,0.8515,31.7113,51.97431182861328,50.71507247536771,50.71507247536771,Partial Season Contributor,Rotational backup or special teams contributor; limited starts.,nan,Multi-Year Starter,Consistent career presence; reliable rotational player or specialist.,nan,Multi-Year Starter,Consistent career presence; reliable rotational player or specialist.,nan,LB
202001192,Will Norris,2020,ILB,0.8507,62.2968,56.19450378417969,59.11870637916151,59.11870637916151,Meaningful G5 Contributor,Standout starter at the Group of 5 level; high-end depth in Power 4.,Potential Day 3 Pick,Multi-Year Starter,Consistent career presence; reliable rotational player or specialist.,nan,Multi-Year Starter,Consistent career presence; reliable rotational player or specialist.,nan,LB
202001203,Jaylan Ford,2020,OLB,0.85,77.0747,49.97576141357422,44.91435580346816,44.91435580346816,Meaningful P4 Contributor,Reliable multi-year starter at the highest level of competition.,Potential Day 2 Pick,Single Season Contributor,Late bloomer or one-year starter; limited career longevity.,nan,Single Season Contributor,Late bloomer or one-year starter; limited career longevity.,nan,LB
202001233,Sam Brady,2020,OLB,0.85,39.8478,48.79535675048828,40.02937534535092,40.02937534535092,Partial Season Contributor,Rotational backup or special teams contributor; limited starts.,nan,Single Season Contributor,Late bloomer or one-year starter; limited career longevity.,nan,Single Season Contributor,Late bloomer or one-year starter; limited career longevity.,nan,LB
202001244,Mason Cobb,2020,ILB,0.85,72.4848,57.57073974609375,61.424824008177595,61.424824008177595,Meaningful P4 Contributor,Reliable multi-year starter at the highest level of competition.,Potential Day 2 Pick,Multi-Year Starter,Consistent career presence; reliable rotational player or specialist.,nan,Meaningful G5 Contributor,Standout starter at the Group of 5 level; high-end depth in Power 4.,Potential Day 3 Pick,LB
202001298,Jesus Machado,2020,OLB,0.8478,61.3318,55.4185791015625,57.99345504324688,57.99345504324688,Meaningful G5 Contributor,Standout starter at the Group of 5 level; high-end depth in Power 4.,Potential Day 3 Pick,Multi-Year Starter,Consistent career presence; reliable rotational player or specialist.,nan,Multi-Year Starter,Consistent career presence; reliable rotational player or specialist.,nan,LB
202001307,TaMarious Brown,2020,OLB,0.847,44.361,58.59939193725586,62.881515656000914,62.881515656000914,Single Season Contributor,Late bloomer or one-year starter; limited career longevity.,nan,Multi-Year Starter,Consistent career presence; reliable rotational player or specialist.,nan,Meaningful G5 Contributor,Standout starter at the Group of 5 level; high-end depth in Power 4.,Potential Day 3 Pick,LB
202001355,Cole DeMarzo,2020,OLB,0.8459,55.6115,58.679752349853516,62.93945299709245,62.93945299709245,Multi-Year Starter,Consistent career presence; reliable rotational player or specialist.,nan,Multi-Year Starter,Consistent career presence; reliable rotational player or specialist.,nan,Meaningful G5 Contributor,Standout starter at the Group of 5 level; high-end depth in Power 4.,Potential Day 3 Pick,LB
202001357,Ty Wise,2020,OLB,0.8456,69.9063,56.367645263671875,59.369581153245285,59.369581153245285,Meaningful G5 Contributor,Standout starter at the Group of 5 level; high-end depth in Power 4.,Potential Day 3 Pick,Multi-Year Starter,Consistent career presence; reliable rotational player or specialist.,nan,Multi-Year Starter,Consistent career presence; reliable rotational player or specialist.,nan,LB
202001419,Jeremiah Trojan,2020,ILB,0.8433,38.6594,53.54286193847656,54.43095677468509,54.43095677468509,Partial Season Contributor,Rotational backup or special teams contributor; limited starts.,nan,Multi-Year Starter,Consistent career presence; reliable rotational player or specialist.,nan,Multi-Year Starter,Consistent career presence; reliable rotational player or specialist.,nan,LB
202001439,Vai Kaho,2020,ILB,0.8426,55.7953,57.63943099975586,61.507291798306305,61.507291798306305,Multi-Year Starter,Consistent career presence; reliable rotational player or specialist.,nan,Multi-Year Starter,Consistent career presence; reliable rotational player or specialist.,nan,Meaningful G5 Contributor,Standout starter at the Group of 5 level; high-end depth in Power 4.,Potential Day 3 Pick,LB
202001479,Davian Mayo,2020,ILB,0.8417,51.9659,60.49849319458008,65.27180966052624,65.27180966052624,Multi-Year Starter,Consistent career presence; reliable rotational player or specialist.,nan,Meaningful G5 Contributor,Standout starter at the Group of 5 level; high-end depth in Power 4.,Potential Day 3 Pick,Meaningful G5 Contributor,Standout starter at the Group of 5 level; high-end depth in Power 4.,Potential Day 3 Pick,LB
202001490,Aaron Moore,2020,OLB,0.8411,26.1256,52.3812141418457,51.88079531928622,51.88079531928622,Partial Season Contributor,Rotational backup or special teams contributor; limited starts.,nan,Multi-Year Starter,Consistent career presence; reliable rotational player or specialist.,nan,Multi-Year Starter,Consistent career presence; reliable rotational player or specialist.,nan,LB
202001513,Quade Mosier,2020,ILB,0.8404,49.7168,57.52092361450195,61.35597431888514,61.35597431888514,Single Season Contributor,Late bloomer or one-year starter; limited career longevity.,nan,Multi-Year Starter,Consistent career presence; reliable rotational player or specialist.,nan,Meaningful G5 Contributor,Standout starter at the Group of 5 level; high-end depth in Power 4.,Potential Day 3 Pick,LB
202001517,Darrell Masaniai,2020,OLB,0.8404,35.5718,56.443992614746094,59.485867968059495,59.485867968059495,Partial Season Contributor,Rotational backup or special teams contributor; limited starts.,nan,Multi-Year Starter,Consistent career presence; reliable rotational player or specialist.,nan,Multi-Year Starter,Consistent career presence; reliable rotational player or specialist.,nan,LB
202001543,Chance Coleman,2020,ILB,0.84,45.5398,56.84546661376953,60.274638091732086,60.274638091732086,Single Season Contributor,Late bloomer or one-year starter; limited career longevity.,nan,Multi-Year Starter,Consistent career presence; reliable rotational player or specialist.,nan,Meaningful G5 Contributor,Standout starter at the Group of 5 level; high-end depth in Power 4.,Potential Day 3 Pick,LB
202001573,Hunter Zenzen,2020,OLB,0.8389,54.8859,51.22256088256836,48.75494376593187,48.75494376593187,Multi-Year Starter,Consistent career presence; reliable rotational player or specialist.,nan,Multi-Year Starter,Consistent career presence; reliable rotational player or specialist.,nan,Single Season Contributor,Late bloomer or one-year starter; limited career longevity.,nan,LB
202001578,Ryan Smith,2020,ILB,0.8389,59.6974,55.49958038330078,58.11300175609317,58.11300175609317,Multi-Year Starter,Consistent career presence; reliable rotational player or specialist.,nan,Multi-Year Starter,Consistent career presence; reliable rotational player or specialist.,nan,Multi-Year Starter,Consistent career presence; reliable rotational player or specialist.,nan,LB
202001585,Kevon Haigler,2020,OLB,0.8389,51.2362,57.79894256591797,61.69088635463324,61.69088635463324,Multi-Year Starter,Consistent career presence; reliable rotational player or specialist.,nan,Multi-Year Starter,Consistent career presence; reliable rotational player or specialist.,nan,Meaningful G5 Contributor,Standout starter at the Group of 5 level; high-end depth in Power 4.,Potential Day 3 Pick,LB
202001596,Jalen McLeod,2020,ILB,0.8383,73.7562,52.93778991699219,52.91170394676722,52.91170394676722,Meaningful P4 Contributor,Reliable multi-year starter at the highest level of competition.,Potential Day 2 Pick,Multi-Year Starter,Consistent career presence; reliable rotational player or specialist.,nan,Multi-Year Starter,Consistent career presence; reliable rotational player or specialist.,nan,LB
202001631,Brooks Miller,2020,OLB,0.837,61.5967,54.74797058105469,56.881402993436794,56.881402993436794,Meaningful G5 Contributor,Standout starter at the Group of 5 level; high-end depth in Power 4.,Potential Day 3 Pick,Multi-Year Starter,Consistent career presence; reliable rotational player or specialist.,nan,Multi-Year Starter,Consistent career presence; reliable rotational player or specialist.,nan,LB
202001646,Jay Higgins,2020,ILB,0.8367,80.0221,58.50682830810547,62.81478017790416,62.81478017790416,Elite Power 4,All-Conference/All-American honors.,First round NFL Draft talent,Multi-Year Starter,Consistent career presence; reliable rotational player or specialist.,nan,Meaningful G5 Contributor,Standout starter at the Group of 5 level; high-end depth in Power 4.,Potential Day 3 Pick,LB
202001724,Justin Abraham,2020,ILB,0.8337,59.9456,56.1454963684082,59.03478829022825,59.03478829022825,Multi-Year Starter,Consistent career presence; reliable rotational player or specialist.,nan,Multi-Year Starter,Consistent career presence; reliable rotational player or specialist.,nan,Multi-Year Starter,Consistent career presence; reliable rotational player or specialist.,nan,LB
202001729,Josh Wilson,2020,ILB,0.8337,48.9515,57.2611083984375,61.058808665406936,61.058808665406936,Single Season Contributor,Late bloomer or one-year starter; limited career longevity.,nan,Multi-Year Starter,Consistent career presence; reliable rotational player or specialist.,nan,Meaningful G5 Contributor,Standout starter at the Group of 5 level; high-end depth in Power 4.,Potential Day 3 Pick,LB
202001776,Malcolm Britt,2020,OLB,0.8319,48.026,56.26306915283203,59.2347857311342,59.2347857311342,Single Season Contributor,Late bloomer or one-year starter; limited career longevity.,nan,Multi-Year Starter,Consistent career presence; reliable rotational player or specialist.,nan,Multi-Year Starter,Consistent career presence; reliable rotational player or specialist.,nan,LB
202001802,Ace Kaufusi,2020,OLB,0.8315,58.0478,51.550392150878906,49.71165481618994,49.71165481618994,Multi-Year Starter,Consistent career presence; reliable rotational player or specialist.,nan,Multi-Year Starter,Consistent career presence; reliable rotational player or specialist.,nan,Single Season Contributor,Late bloomer or one-year starter; limited career longevity.,nan,LB
202001820,Ethan Barr,2020,ILB,0.8311,64.5605,44.296207427978516,28.63845536150296,28.63845536150296,Meaningful G5 Contributor,Standout starter at the Group of 5 level; high-end depth in Power 4.,Potential Day 3 Pick,Single Season Contributor,Late bloomer or one-year starter; limited career longevity.,nan,Partial Season Contributor,Rotational backup or special teams contributor; limited starts.,nan,LB
202001834,Israel Whitmore,2020,OLB,0.8304,17.9375,58.46628952026367,62.78555298129447,62.78555298129447,Minimal D1 Impact,Roster filler; medical DQ; or transferred to lower levels.,nan,Multi-Year Starter,Consistent career presence; reliable rotational player or specialist.,nan,Meaningful G5 Contributor,Standout starter at the Group of 5 level; high-end depth in Power 4.,Potential Day 3 Pick,LB
202001838,Keenan Cupit,2020,ILB,0.8304,31.4825,55.158206939697266,57.52460983159207,57.52460983159207,Partial Season Contributor,Rotational backup or special teams contributor; limited starts.,nan,Multi-Year Starter,Consistent career presence; reliable rotational player or specialist.,nan,Multi-Year Starter,Consistent career presence; reliable rotational player or specialist.,nan,LB
202001893,Tyrese Hopkins,2020,OLB,0.83,51.2245,50.97744369506836,48.08690681039475,48.08690681039475,Multi-Year Starter,Consistent career presence; reliable rotational player or specialist.,nan,Multi-Year Starter,Consistent career presence; reliable rotational player or specialist.,nan,Single Season Contributor,Late bloomer or one-year starter; limited career longevity.,nan,LB
202001905,Anwar Sparrow,2020,ILB,0.83,63.0227,49.98426055908203,44.95471239528409,44.95471239528409,Meaningful G5 Contributor,Standout starter at the Group of 5 level; high-end depth in Power 4.,Potential Day 3 Pick,Single Season Contributor,Late bloomer or one-year starter; limited career longevity.,nan,Single Season Contributor,Late bloomer or one-year starter; limited career longevity.,nan,LB
202001910,Joquarri Price,2020,OLB,0.8296,52.3382,42.234046936035156,25.203229098106686,25.203229098106686,Multi-Year Starter,Consistent career presence; reliable rotational player or specialist.,nan,Single Season Contributor,Late bloomer or one-year starter; limited career longevity.,nan,Partial Season Contributor,Rotational backup or special teams contributor; limited starts.,nan,LB
202001933,Osaiasi Taueli,2020,OLB,0.8283,47.1184,53.30080795288086,53.9706340891966,53.9706340891966,Single Season Contributor,Late bloomer or one-year starter; limited career longevity.,nan,Multi-Year Starter,Consistent career presence; reliable rotational player or specialist.,nan,Multi-Year Starter,Consistent career presence; reliable rotational player or specialist.,nan,LB
202001955,Clyde Washington,2020,ILB,0.8278,60.9584,59.59128189086914,64.00897553417582,64.00897553417582,Meaningful G5 Contributor,Standout starter at the Group of 5 level; high-end depth in Power 4.,Potential Day 3 Pick,Multi-Year Starter,Consistent career presence; reliable rotational player or specialist.,nan,Meaningful G5 Contributor,Standout starter at the Group of 5 level; high-end depth in Power 4.,Potential Day 3 Pick,LB
202001962,Michael Pleas,2020,OLB,0.827,46.1946,50.74608612060547,47.0576805156957,47.0576805156957,Single Season Contributor,Late bloomer or one-year starter; limited career longevity.,nan,Multi-Year Starter,Consistent career presence; reliable rotational player or specialist.,nan,Single Season Contributor,Late bloomer or one-year starter; limited career longevity.,nan,LB
202001963,Joe Mason,2020,OLB,0.827,35.2107,51.47367477416992,49.487783432416,49.487783432416,Partial Season Contributor,Rotational backup or special teams contributor; limited starts.,nan,Multi-Year Starter,Consistent career presence; reliable rotational player or specialist.,nan,Single Season Contributor,Late bloomer or one-year starter; limited career longevity.,nan,LB
202001986,Jake Levant,2020,OLB,0.8267,55.7191,52.145111083984375,51.28754125854447,51.28754125854447,Multi-Year Starter,Consistent career presence; reliable rotational player or specialist.,nan,Multi-Year Starter,Consistent career presence; reliable rotational player or specialist.,nan,Multi-Year Starter,Consistent career presence; reliable rotational player or specialist.,nan,LB
202002004,Gerrell Johnson,2020,OLB,0.8259,60.3593,62.52895736694336,70.68311351959893,70.68311351959893,Meaningful G5 Contributor,Standout starter at the Group of 5 level; high-end depth in Power 4.,Potential Day 3 Pick,Meaningful G5 Contributor,Standout starter at the Group of 5 level; high-end depth in Power 4.,Potential Day 3 Pick,Meaningful P4 Contributor,Reliable multi-year starter at the highest level of competition.,Potential Day 2 Pick,LB
202002017,Jamier Wright-Collins,2020,OLB,0.8256,60.4993,55.981719970703125,58.78249238708818,58.78249238708818,Meaningful G5 Contributor,Standout starter at the Group of 5 level; high-end depth in Power 4.,Potential Day 3 Pick,Multi-Year Starter,Consistent career presence; reliable rotational player or specialist.,nan,Multi-Year Starter,Consistent career presence; reliable rotational player or specialist.,nan,LB
202002052,Jeremy Mercier,2020,OLB,0.8244,53.399,44.316165924072266,28.667000264302906,28.667000264302906,Multi-Year Starter,Consistent career presence; reliable rotational player or specialist.,nan,Single Season Contributor,Late bloomer or one-year starter; limited career longevity.,nan,Partial Season Contributor,Rotational backup or special teams contributor; limited starts.,nan,LB
202002084,Aaron Key,2020,OLB,0.8226,57.9033,53.952606201171875,55.28052466785928,55.28052466785928,Multi-Year Starter,Consistent career presence; reliable rotational player or specialist.,nan,Multi-Year Starter,Consistent career presence; reliable rotational player or specialist.,nan,Multi-Year Starter,Consistent career presence; reliable rotational player or specialist.,nan,LB
202002088,Charles Steele,2020,OLB,0.8226,42.1366,55.240047454833984,57.68989037560912,57.68989037560912,Single Season Contributor,Late bloomer or one-year starter; limited career longevity.,nan,Multi-Year Starter,Consistent career presence; reliable rotational player or specialist.,nan,Multi-Year Starter,Consistent career presence; reliable rotational player or specialist.,nan,LB
202002130,Mason Shelton,2020,ILB,0.8211,54.2586,57.932132720947266,61.89233906160012,61.89233906160012,Multi-Year Starter,Consistent career presence; reliable rotational player or specialist.,nan,Multi-Year Starter,Consistent career presence; reliable rotational player or specialist.,nan,Meaningful G5 Contributor,Standout starter at the Group of 5 level; high-end depth in Power 4.,Potential Day 3 Pick,LB
202002131,Tyler Grubbs,2020,ILB,0.8211,70.7578,51.76167678833008,50.11709236662221,50.11709236662221,Meaningful P4 Contributor,Reliable multi-year starter at the highest level of competition.,Potential Day 2 Pick,Multi-Year Starter,Consistent career presence; reliable rotational player or specialist.,nan,Multi-Year Starter,Consistent career presence; reliable rotational player or specialist.,nan,LB
202002187,Avery Morris,2020,OLB,0.82,58.964,49.367149353027344,42.533206455302654,42.533206455302654,Multi-Year Starter,Consistent career presence; reliable rotational player or specialist.,nan,Single Season Contributor,Late bloomer or one-year starter; limited career longevity.,nan,Single Season Contributor,Late bloomer or one-year starter; limited career longevity.,nan,LB
202002211,Alec Mock,2020,ILB,0.82,55.0255,54.690189361572266,56.72851855191213,56.72851855191213,Multi-Year Starter,Consistent career presence; reliable rotational player or specialist.,nan,Multi-Year Starter,Consistent career presence; reliable rotational player or specialist.,nan,Multi-Year Starter,Consistent career presence; reliable rotational player or specialist.,nan,LB
202002212,Reggie Peterson,2020,OLB,0.82,53.339,55.18593215942383,57.57052900232312,57.57052900232312,Multi-Year Starter,Consistent career presence; reliable rotational player or specialist.,nan,Multi-Year Starter,Consistent career presence; reliable rotational player or specialist.,nan,Multi-Year Starter,Consistent career presence; reliable rotational player or specialist.,nan,LB
202002234,Juan Jarrett,2020,OLB,0.8193,41.6874,47.5769157409668,35.96409096185055,35.96409096185055,Single Season Contributor,Late bloomer or one-year starter; limited career longevity.,nan,Single Season Contributor,Late bloomer or one-year starter; limited career longevity.,nan,Partial Season Contributor,Rotational backup or special teams contributor; limited starts.,nan,LB
202002252,Elijah Wood,2020,OLB,0.8185,44.2727,53.555538177490234,54.449926209003394,54.449926209003394,Single Season Contributor,Late bloomer or one-year starter; limited career longevity.,nan,Multi-Year Starter,Consistent career presence; reliable rotational player or specialist.,nan,Multi-Year Starter,Consistent career presence; reliable rotational player or specialist.,nan,LB
202002325,Dalton Elrod,2020,ILB,0.8159,49.5758,43.820865631103516,27.958615291148305,27.958615291148305,Single Season Contributor,Late bloomer or one-year starter; limited career longevity.,nan,Single Season Contributor,Late bloomer or one-year starter; limited career longevity.,nan,Partial Season Contributor,Rotational backup or special teams contributor; limited starts.,nan,LB
202002351,Nahji Logan,2020,OLB,0.815,58.9208,54.90386199951172,57.24193298777916,57.24193298777916,Multi-Year Starter,Consistent career presence; reliable rotational player or specialist.,nan,Multi-Year Starter,Consistent career presence; reliable rotational player or specialist.,nan,Multi-Year Starter,Consistent career presence; reliable rotational player or specialist.,nan,LB
202002440,Brian Burton,2020,ILB,0.8117,21.5562,50.85570526123047,47.67032333304896,47.67032333304896,Partial Season Contributor,Rotational backup or special teams contributor; limited starts.,nan,Multi-Year Starter,Consistent career presence; reliable rotational player or specialist.,nan,Single Season Contributor,Late bloomer or one-year starter; limited career longevity.,nan,LB
202002449,Quinton Cannon,2020,OLB,0.8115,53.7605,52.11043930053711,51.21135582024261,51.21135582024261,Multi-Year Starter,Consistent career presence; reliable rotational player or specialist.,nan,Multi-Year Starter,Consistent career presence; reliable rotational player or specialist.,nan,Multi-Year Starter,Consistent career presence; reliable rotational player or specialist.,nan,LB
202002483,Shane Bruce,2020,OLB,0.8107,58.6425,48.04449462890625,37.53679143363586,37.53679143363586,Multi-Year Starter,Consistent career presence; reliable rotational player or specialist.,nan,Single Season Contributor,Late bloomer or one-year starter; limited career longevity.,nan,Partial Season Contributor,Rotational backup or special teams contributor; limited starts.,nan,LB
202002499,Jerome Jolly,2020,OLB,0.8104,52.8637,51.76832580566406,50.12798572078198,50.12798572078198,Multi-Year Starter,Consistent career presence; reliable rotational player or specialist.,nan,Multi-Year Starter,Consistent career presence; reliable rotational player or specialist.,nan,Multi-Year Starter,Consistent career presence; reliable rotational player or specialist.,nan,LB
202002579,Connor Shay,2020,OLB,0.81,59.3053,53.34992980957031,54.127081871380945,54.127081871380945,Multi-Year Starter,Consistent career presence; reliable rotational player or specialist.,nan,Multi-Year Starter,Consistent career presence; reliable rotational player or specialist.,nan,Multi-Year Starter,Consistent career presence; reliable rotational player or specialist.,nan,LB
202002611,Bam Amina,2020,ILB,0.8094,42.0648,50.50518035888672,46.388815497144265,46.388815497144265,Single Season Contributor,Late bloomer or one-year starter; limited career longevity.,nan,Multi-Year Starter,Consistent career presence; reliable rotational player or specialist.,nan,Single Season Contributor,Late bloomer or one-year starter; limited career longevity.,nan,LB
202002645,Desmond Fogle,2020,ILB,0.8081,52.3737,49.89401626586914,44.548280889242605,44.548280889242605,Multi-Year Starter,Consistent career presence; reliable rotational player or specialist.,nan,Single Season Contributor,Late bloomer or one-year starter; limited career longevity.,nan,Single Season Contributor,Late bloomer or one-year starter; limited career longevity.,nan,LB
202002650,Taylor Behl,2020,ILB,0.8074,35.3588,53.889930725097656,55.12837070196965,55.12837070196965,Partial Season Contributor,Rotational backup or special teams contributor; limited starts.,nan,Multi-Year Starter,Consistent career presence; reliable rotational player or specialist.,nan,Multi-Year Starter,Consistent career presence; reliable rotational player or specialist.,nan,LB
202002689,Myles Turner,2020,ILB,0.8059,52.5872,56.73417282104492,60.018386445866604,60.018386445866604,Multi-Year Starter,Consistent career presence; reliable rotational player or specialist.,nan,Multi-Year Starter,Consistent career presence; reliable rotational player or specialist.,nan,Meaningful G5 Contributor,Standout starter at the Group of 5 level; high-end depth in Power 4.,Potential Day 3 Pick,LB
202002704,Lawaia Brown,2020,ILB,0.8056,57.047,42.56358337402344,25.852890952622467,25.852890952622467,Multi-Year Starter,Consistent career presence; reliable rotational player or specialist.,nan,Single Season Contributor,Late bloomer or one-year starter; limited career longevity.,nan,Partial Season Contributor,Rotational backup or special teams contributor; limited starts.,nan,LB
202002720,Tyler Mello,2020,ILB,0.8056,58.8849,51.06665802001953,48.358288479833604,48.358288479833604,Multi-Year Starter,Consistent career presence; reliable rotational player or specialist.,nan,Multi-Year Starter,Consistent career presence; reliable rotational player or specialist.,nan,Single Season Contributor,Late bloomer or one-year starter; limited career longevity.,nan,LB
202002724,Ose Egbase,2020,OLB,0.8056,58.4589,51.50754928588867,49.58663370778334,49.58663370778334,Multi-Year Starter,Consistent career presence; reliable rotational player or specialist.,nan,Multi-Year Starter,Consistent career presence; reliable rotational player or specialist.,nan,Single Season Contributor,Late bloomer or one-year starter; limited career longevity.,nan,LB
202002752,Isaiah Stephens,2020,OLB,0.8033,43.5992,37.80460739135742,17.16769710501981,17.16769710501981,Single Season Contributor,Late bloomer or one-year starter; limited career longevity.,nan,Partial Season Contributor,Rotational backup or special teams contributor; limited starts.,nan,Minimal D1 Impact,Roster filler; medical DQ; or transferred to lower levels.,nan,LB
202002759,Kyle Moretti,2020,ILB,0.8033,56.9609,47.793148040771484,36.53589945354101,36.53589945354101,Multi-Year Starter,Consistent career presence; reliable rotational player or specialist.,nan,Single Season Contributor,Late bloomer or one-year starter; limited career longevity.,nan,Partial Season Contributor,Rotational backup or special teams contributor; limited starts.,nan,LB
202002761,Josh Emmanuel,2020,ILB,0.8033,48.2821,52.851314544677734,52.75583444276033,52.75583444276033,Single Season Contributor,Late bloomer or one-year starter; limited career longevity.,nan,Multi-Year Starter,Consistent career presence; reliable rotational player or specialist.,nan,Multi-Year Starter,Consistent career presence; reliable rotational player or specialist.,nan,LB
202002772,Camden Rogers,2020,OLB,0.8019,51.8362,61.348201751708984,67.07986364289506,67.07986364289506,Multi-Year Starter,Consistent career presence; reliable rotational player or specialist.,nan,Meaningful G5 Contributor,Standout starter at the Group of 5 level; high-end depth in Power 4.,Potential Day 3 Pick,Meaningful G5 Contributor,Standout starter at the Group of 5 level; high-end depth in Power 4.,Potential Day 3 Pick,LB
202002853,Osaro Aihie,2020,ILB,0.8,52.0898,52.42050552368164,51.98065190571827,51.98065190571827,Multi-Year Starter,Consistent career presence; reliable rotational player or specialist.,nan,Multi-Year Starter,Consistent career presence; reliable rotational player or specialist.,nan,Multi-Year Starter,Consistent career presence; reliable rotational player or specialist.,nan,LB
202002867,Sanjay Strickland,2020,ILB,0.8,40.8334,49.53373718261719,43.111203446078974,43.111203446078974,Single Season Contributor,Late bloomer or one-year starter; limited career longevity.,nan,Single Season Contributor,Late bloomer or one-year starter; limited career longevity.,nan,Single Season Contributor,Late bloomer or one-year starter; limited career longevity.,nan,LB
202002909,Davion Blackwell,2020,ILB,0.8,46.4412,52.61194610595703,52.30323106234338,52.30323106234338,Single Season Contributor,Late bloomer or one-year starter; limited career longevity.,nan,Multi-Year Starter,Consistent career presence; reliable rotational player or specialist.,nan,Multi-Year Starter,Consistent career presence; reliable rotational player or specialist.,nan,LB
202002964,Arian Gregory,2020,OLB,0.8,42.2509,36.56283187866211,15.001436275693871,15.001436275693871,Single Season Contributor,Late bloomer or one-year starter; limited career longevity.,nan,Partial Season Contributor,Rotational backup or special teams contributor; limited starts.,nan,Minimal D1 Impact,Roster filler; medical DQ; or transferred to lower levels.,nan,LB
202002969,Ray Leutele,2020,ILB,0.8,52.6644,53.82693862915039,54.95554909030071,54.95554909030071,Multi-Year Starter,Consistent career presence; reliable rotational player or specialist.,nan,Multi-Year Starter,Consistent career presence; reliable rotational player or specialist.,nan,Multi-Year Starter,Consistent career presence; reliable rotational player or specialist.,nan,LB
202002992,Peter Montini,2020,ILB,0.7994,45.7093,55.94654083251953,58.72327121254183,58.72327121254183,Single Season Contributor,Late bloomer or one-year starter; limited career longevity.,nan,Multi-Year Starter,Consistent career presence; reliable rotational player or specialist.,nan,Multi-Year Starter,Consistent career presence; reliable rotational player or specialist.,nan,LB
202003045,Hamilton Baker,2020,OLB,0.7956,48.8097,54.23176956176758,55.86017056196041,55.86017056196041,Single Season Contributor,Late bloomer or one-year starter; limited career longevity.,nan,Multi-Year Starter,Consistent career presence; reliable rotational player or specialist.,nan,Multi-Year Starter,Consistent career presence; reliable rotational player or specialist.,nan,LB
202003238,Dylan Devito,2020,ILB,0.79,24.6809,49.938720703125,44.73847496570662,44.73847496570662,Partial Season Contributor,Rotational backup or special teams contributor; limited starts.,nan,Single Season Contributor,Late bloomer or one-year starter; limited career longevity.,nan,Single Season Contributor,Late bloomer or one-year starter; limited career longevity.,nan,LB
202003336,Cam Vining,2020,ILB,0.7889,23.8358,49.045799255371094,41.25844896606916,41.25844896606916,Partial Season Contributor,Rotational backup or special teams contributor; limited starts.,nan,Single Season Contributor,Late bloomer or one-year starter; limited career longevity.,nan,Single Season Contributor,Late bloomer or one-year starter; limited career longevity.,nan,LB
202003351,Keionte Newson,2020,OLB,0.7878,58.7848,53.97418212890625,55.33199996160715,55.33199996160715,Multi-Year Starter,Consistent career presence; reliable rotational player or specialist.,nan,Multi-Year Starter,Consistent career presence; reliable rotational player or specialist.,nan,Multi-Year Starter,Consistent career presence; reliable rotational player or specialist.,nan,LB
202003436,Will Harbour,2020,ILB,0.78,54.4299,49.6904411315918,43.73622412581279,43.73622412581279,Multi-Year Starter,Consistent career presence; reliable rotational player or specialist.,nan,Single Season Contributor,Late bloomer or one-year starter; limited career longevity.,nan,Single Season Contributor,Late bloomer or one-year starter; limited career longevity.,nan,LB
202003517,JB Brown,2020,OLB,0.78,62.9768,54.687530517578125,56.721483465377325,56.721483465377325,Meaningful G5 Contributor,Standout starter at the Group of 5 level; high-end depth in Power 4.,Potential Day 3 Pick,Multi-Year Starter,Consistent career presence; reliable rotational player or specialist.,nan,Multi-Year Starter,Consistent career presence; reliable rotational player or specialist.,nan,LB
202003539,Javarian Jenkins,2020,OLB,0.78,25.979,51.87495040893555,50.35507534778532,50.35507534778532,Partial Season Contributor,Rotational backup or special teams contributor; limited starts.,nan,Multi-Year Starter,Consistent career presence; reliable rotational player or specialist.,nan,Multi-Year Starter,Consistent career presence; reliable rotational player or specialist.,nan,LB
202003652,Beau Palmer,2020,ILB,0.77,60.1973,41.54664993286133,23.87177304645693,23.87177304645693,Meaningful G5 Contributor,Standout starter at the Group of 5 level; high-end depth in Power 4.,Potential Day 3 Pick,Single Season Contributor,Late bloomer or one-year starter; limited career longevity.,nan,Partial Season Contributor,Rotational backup or special teams contributor; limited starts.,nan,LB
202003690,Dion Hunter,2020,OLB,0.77,56.4242,46.72495651245117,33.79704583588736,33.79704583588736,Multi-Year Starter,Consistent career presence; reliable rotational player or specialist.,nan,Single Season Contributor,Late bloomer or one-year starter; limited career longevity.,nan,Partial Season Contributor,Rotational backup or special teams contributor; limited starts.,nan,LB
202003694,Xavier Simmons,2020,OLB,0.77,19.0443,46.286529541015625,32.410776901557014,32.410776901557014,Minimal D1 Impact,Roster filler; medical DQ; or transferred to lower levels.,nan,Single Season Contributor,Late bloomer or one-year starter; limited career longevity.,nan,Partial Season Contributor,Rotational backup or special teams contributor; limited starts.,nan,LB
202003888,Matt Malloy,2020,OLB,0.74,36.0722,37.838436126708984,17.226710882911647,17.226710882911647,Partial Season Contributor,Rotational backup or special teams contributor; limited starts.,nan,Partial Season Contributor,Rotational backup or special teams contributor; limited starts.,nan,Minimal D1 Impact,Roster filler; medical DQ; or transferred to lower levels.,nan,LB
202100026,Xavian Sorey Jr.,2021,LB,0.9864,64.3047,65.3105697631836,77.0468357118007,77.0468357118007,Meaningful G5 Contributor,Standout starter at the Group of 5 level; high-end depth in Power 4.,Potential Day 3 Pick,Meaningful G5 Contributor,Standout starter at the Group of 5 level; high-end depth in Power 4.,Potential Day 3 Pick,Meaningful P4 Contributor,Reliable multi-year starter at the highest level of competition.,Potential Day 2 Pick,LB
202100033,Barrett Carter,2021,LB,0.9835,76.1622,69.70672607421875,84.26830981226614,84.26830981226614,Meaningful P4 Contributor,Reliable multi-year starter at the highest level of competition.,Potential Day 2 Pick,Meaningful G5 Contributor,Standout starter at the Group of 5 level; high-end depth in Power 4.,Potential Day 3 Pick,Elite Power 4,All-Conference/All-American honors.,First round NFL Draft talent,LB
202100035,Smael Mondon Jr.,2021,LB,0.9834,72.7229,66.16475677490234,78.12172494402502,78.12172494402502,Meaningful P4 Contributor,Reliable multi-year starter at the highest level of competition.,Potential Day 2 Pick,Meaningful G5 Contributor,Standout starter at the Group of 5 level; high-end depth in Power 4.,Potential Day 3 Pick,Meaningful P4 Contributor,Reliable multi-year starter at the highest level of competition.,Potential Day 2 Pick,LB
202100037,Jeremiah Trotter Jr.,2021,LB,0.9818,76.6444,80.34503173828125,91.3976,91.3976,Meaningful P4 Contributor,Reliable multi-year starter at the highest level of competition.,Potential Day 2 Pick,Elite Power 4,All-Conference/All-American honors.,First round NFL Draft talent,Elite Power 4,All-Conference/All-American honors.,First round NFL Draft talent,LB
202100049,Raesjon Davis,2021,LB,0.9746,58.3957,68.23540496826172,81.77454259314882,81.77454259314882,Multi-Year Starter,Consistent career presence; reliable rotational player or specialist.,nan,Meaningful G5 Contributor,Standout starter at the Group of 5 level; high-end depth in Power 4.,Potential Day 3 Pick,Elite Power 4,All-Conference/All-American honors.,First round NFL Draft talent,LB
202100052,Deontae Lawson,2021,LB,0.9744,71.7457,60.00284957885742,64.42459910487956,64.42459910487956,Meaningful P4 Contributor,Reliable multi-year starter at the highest level of competition.,Potential Day 2 Pick,Meaningful G5 Contributor,Standout starter at the Group of 5 level; high-end depth in Power 4.,Potential Day 3 Pick,Meaningful G5 Contributor,Standout starter at the Group of 5 level; high-end depth in Power 4.,Potential Day 3 Pick,LB
202100078,Ethan Calvert,2021,LB,0.9652,43.9861,60.70808029174805,65.81957709694375,65.81957709694375,Single Season Contributor,Late bloomer or one-year starter; limited career longevity.,nan,Meaningful G5 Contributor,Standout starter at the Group of 5 level; high-end depth in Power 4.,Potential Day 3 Pick,Meaningful G5 Contributor,Standout starter at the Group of 5 level; high-end depth in Power 4.,Potential Day 3 Pick,LB
202100087,Reid Carrico,2021,LB,0.9615,62.3669,62.270565032958984,69.80530233512934,69.80530233512934,Meaningful G5 Contributor,Standout starter at the Group of 5 level; high-end depth in Power 4.,Potential Day 3 Pick,Meaningful G5 Contributor,Standout starter at the Group of 5 level; high-end depth in Power 4.,Potential Day 3 Pick,Meaningful G5 Contributor,Standout starter at the Group of 5 level; high-end depth in Power 4.,Potential Day 3 Pick,LB
202100090,Junior Colson,2021,LB,0.9597,76.2795,62.07343673706055,69.14480433929687,69.14480433929687,Meaningful P4 Contributor,Reliable multi-year starter at the highest level of competition.,Potential Day 2 Pick,Meaningful G5 Contributor,Standout starter at the Group of 5 level; high-end depth in Power 4.,Potential Day 3 Pick,Meaningful G5 Contributor,Standout starter at the Group of 5 level; high-end depth in Power 4.,Potential Day 3 Pick,LB
202100103,RaRa Dillworth,2021,LB,0.9561,58.6637,59.349998474121094,63.71639030035017,63.71639030035017,Multi-Year Starter,Consistent career presence; reliable rotational player or specialist.,nan,Multi-Year Starter,Consistent career presence; reliable rotational player or specialist.,nan,Meaningful G5 Contributor,Standout starter at the Group of 5 level; high-end depth in Power 4.,Potential Day 3 Pick,LB
202100108,Branden Jennings,2021,LB,0.9509,60.6799,59.761470794677734,64.2521506398303,64.2521506398303,Meaningful G5 Contributor,Standout starter at the Group of 5 level; high-end depth in Power 4.,Potential Day 3 Pick,Multi-Year Starter,Consistent career presence; reliable rotational player or specialist.,nan,Meaningful G5 Contributor,Standout starter at the Group of 5 level; high-end depth in Power 4.,Potential Day 3 Pick,LB
202100114,Keith Brown,2021,LB,0.9479,58.2002,62.12053298950195,69.33511049799704,69.33511049799704,Multi-Year Starter,Consistent career presence; reliable rotational player or specialist.,nan,Meaningful G5 Contributor,Standout starter at the Group of 5 level; high-end depth in Power 4.,Potential Day 3 Pick,Meaningful G5 Contributor,Standout starter at the Group of 5 level; high-end depth in Power 4.,Potential Day 3 Pick,LB
202100120,Julien Simon,2021,LB,0.9445,50.1276,63.077449798583984,72.19273776766155,72.19273776766155,Multi-Year Starter,Consistent career presence; reliable rotational player or specialist.,nan,Meaningful G5 Contributor,Standout starter at the Group of 5 level; high-end depth in Power 4.,Potential Day 3 Pick,Meaningful P4 Contributor,Reliable multi-year starter at the highest level of competition.,Potential Day 2 Pick,LB
202100128,Power Echols,2021,LB,0.9408,62.455,63.904239654541016,73.84704183412254,73.84704183412254,Meaningful G5 Contributor,Standout starter at the Group of 5 level; high-end depth in Power 4.,Potential Day 3 Pick,Meaningful G5 Contributor,Standout starter at the Group of 5 level; high-end depth in Power 4.,Potential Day 3 Pick,Meaningful P4 Contributor,Reliable multi-year starter at the highest level of competition.,Potential Day 2 Pick,LB
202100137,Aaron Willis,2021,LB,0.9392,53.7364,65.11174774169922,76.72893567200472,76.72893567200472,Multi-Year Starter,Consistent career presence; reliable rotational player or specialist.,nan,Meaningful G5 Contributor,Standout starter at the Group of 5 level; high-end depth in Power 4.,Potential Day 3 Pick,Meaningful P4 Contributor,Reliable multi-year starter at the highest level of competition.,Potential Day 2 Pick,LB
202100141,Trevin Wallace,2021,LB,0.938,70.3127,60.364139556884766,64.84107993834428,64.84107993834428,Meaningful P4 Contributor,Reliable multi-year starter at the highest level of competition.,Potential Day 2 Pick,Meaningful G5 Contributor,Standout starter at the Group of 5 level; high-end depth in Power 4.,Potential Day 3 Pick,Meaningful G5 Contributor,Standout starter at the Group of 5 level; high-end depth in Power 4.,Potential Day 3 Pick,LB
202100147,Prince Kollie,2021,LB,0.9366,63.3483,64.9165267944336,76.41679345334396,76.41679345334396,Meaningful G5 Contributor,Standout starter at the Group of 5 level; high-end depth in Power 4.,Potential Day 3 Pick,Meaningful G5 Contributor,Standout starter at the Group of 5 level; high-end depth in Power 4.,Potential Day 3 Pick,Meaningful P4 Contributor,Reliable multi-year starter at the highest level of competition.,Potential Day 2 Pick,LB
202100156,Wynden Ho'ohuli,2021,LB,0.9335,46.7841,56.459495544433594,59.51799002161542,59.51799002161542,Single Season Contributor,Late bloomer or one-year starter; limited career longevity.,nan,Multi-Year Starter,Consistent career presence; reliable rotational player or specialist.,nan,Multi-Year Starter,Consistent career presence; reliable rotational player or specialist.,nan,LB
202100163,Ma'a Gaoteote,2021,LB,0.9316,52.7893,61.30162048339844,66.99519924137444,66.99519924137444,Multi-Year Starter,Consistent career presence; reliable rotational player or specialist.,nan,Meaningful G5 Contributor,Standout starter at the Group of 5 level; high-end depth in Power 4.,Potential Day 3 Pick,Meaningful G5 Contributor,Standout starter at the Group of 5 level; high-end depth in Power 4.,Potential Day 3 Pick,LB
202100168,Kendrick Blackshire,2021,LB,0.9278,58.2141,55.81779098510742,58.4956789170154,58.4956789170154,Multi-Year Starter,Consistent career presence; reliable rotational player or specialist.,nan,Multi-Year Starter,Consistent career presence; reliable rotational player or specialist.,nan,Multi-Year Starter,Consistent career presence; reliable rotational player or specialist.,nan,LB
202100198,Jamon Dumas-Johnson,2021,LB,0.9215,79.0973,69.63227081298828,84.16642484093286,84.16642484093286,Meaningful P4 Contributor,Reliable multi-year starter at the highest level of competition.,Potential Day 2 Pick,Meaningful G5 Contributor,Standout starter at the Group of 5 level; high-end depth in Power 4.,Potential Day 3 Pick,Elite Power 4,All-Conference/All-American honors.,First round NFL Draft talent,LB
202100221,Greg Penn III,2021,LB,0.9173,74.067,67.66283416748047,80.76792145496879,80.76792145496879,Meaningful P4 Contributor,Reliable multi-year starter at the highest level of competition.,Potential Day 2 Pick,Meaningful G5 Contributor,Standout starter at the Group of 5 level; high-end depth in Power 4.,Potential Day 3 Pick,Elite Power 4,All-Conference/All-American honors.,First round NFL Draft talent,LB
202100224,Zavier Carter,2021,LB,0.9165,56.5542,58.53773498535156,62.83706292439251,62.83706292439251,Multi-Year Starter,Consistent career presence; reliable rotational player or specialist.,nan,Multi-Year Starter,Consistent career presence; reliable rotational player or specialist.,nan,Meaningful G5 Contributor,Standout starter at the Group of 5 level; high-end depth in Power 4.,Potential Day 3 Pick,LB
202100237,John Lewis,2021,LB,0.914,63.6819,58.10145950317383,62.18117478260638,62.18117478260638,Meaningful G5 Contributor,Standout starter at the Group of 5 level; high-end depth in Power 4.,Potential Day 3 Pick,Multi-Year Starter,Consistent career presence; reliable rotational player or specialist.,nan,Meaningful G5 Contributor,Standout starter at the Group of 5 level; high-end depth in Power 4.,Potential Day 3 Pick,LB
202100244,Jordan Poole,2021,LB,0.9131,53.4681,62.298377990722656,69.87639086456724,69.87639086456724,Multi-Year Starter,Consistent career presence; reliable rotational player or specialist.,nan,Meaningful G5 Contributor,Standout starter at the Group of 5 level; high-end depth in Power 4.,Potential Day 3 Pick,Meaningful G5 Contributor,Standout starter at the Group of 5 level; high-end depth in Power 4.,Potential Day 3 Pick,LB
202100246,Ian Jackson,2021,LB,0.9127,50.8958,60.710941314697266,65.82602459109714,65.82602459109714,Multi-Year Starter,Consistent career presence; reliable rotational player or specialist.,nan,Meaningful G5 Contributor,Standout starter at the Group of 5 level; high-end depth in Power 4.,Potential Day 3 Pick,Meaningful G5 Contributor,Standout starter at the Group of 5 level; high-end depth in Power 4.,Potential Day 3 Pick,LB
202100259,Jaydon Hood,2021,LB,0.9088,57.8964,61.486778259277344,67.45061156944851,67.45061156944851,Multi-Year Starter,Consistent career presence; reliable rotational player or specialist.,nan,Meaningful G5 Contributor,Standout starter at the Group of 5 level; high-end depth in Power 4.,Potential Day 3 Pick,Meaningful G5 Contributor,Standout starter at the Group of 5 level; high-end depth in Power 4.,Potential Day 3 Pick,LB
202100268,Randolph Kpai,2021,LB,0.9079,48.1988,47.50305938720703,35.803807044613755,35.803807044613755,Single Season Contributor,Late bloomer or one-year starter; limited career longevity.,nan,Single Season Contributor,Late bloomer or one-year starter; limited career longevity.,nan,Partial Season Contributor,Rotational backup or special teams contributor; limited starts.,nan,LB
202100273,Yanni Karlaftis,2021,LB,0.9069,62.0885,59.47383117675781,63.8418741838238,63.8418741838238,Meaningful G5 Contributor,Standout starter at the Group of 5 level; high-end depth in Power 4.,Potential Day 3 Pick,Multi-Year Starter,Consistent career presence; reliable rotational player or specialist.,nan,Meaningful G5 Contributor,Standout starter at the Group of 5 level; high-end depth in Power 4.,Potential Day 3 Pick,LB
202100321,Terrence Cooks II,2021,LB,0.8994,52.2494,58.97346115112305,63.18738212549702,63.18738212549702,Multi-Year Starter,Consistent career presence; reliable rotational player or specialist.,nan,Multi-Year Starter,Consistent career presence; reliable rotational player or specialist.,nan,Meaningful G5 Contributor,Standout starter at the Group of 5 level; high-end depth in Power 4.,Potential Day 3 Pick,LB
202100322,Mac Uihlein,2021,LB,0.8994,62.5881,61.73159408569336,68.08916392758894,68.08916392758894,Meaningful G5 Contributor,Standout starter at the Group of 5 level; high-end depth in Power 4.,Potential Day 3 Pick,Meaningful G5 Contributor,Standout starter at the Group of 5 level; high-end depth in Power 4.,Potential Day 3 Pick,Meaningful G5 Contributor,Standout starter at the Group of 5 level; high-end depth in Power 4.,Potential Day 3 Pick,LB
202100328,Chief Borders,2021,LB,0.8989,59.6377,56.739559173583984,60.030515018726945,60.030515018726945,Multi-Year Starter,Consistent career presence; reliable rotational player or specialist.,nan,Multi-Year Starter,Consistent career presence; reliable rotational player or specialist.,nan,Meaningful G5 Contributor,Standout starter at the Group of 5 level; high-end depth in Power 4.,Potential Day 3 Pick,LB
202100371,Morice Blackwell Jr.,2021,LB,0.8933,43.9198,60.170799255371094,64.59007854808164,64.59007854808164,Single Season Contributor,Late bloomer or one-year starter; limited career longevity.,nan,Meaningful G5 Contributor,Standout starter at the Group of 5 level; high-end depth in Power 4.,Potential Day 3 Pick,Meaningful G5 Contributor,Standout starter at the Group of 5 level; high-end depth in Power 4.,Potential Day 3 Pick,LB
202100372,Jamari Buddin,2021,LB,0.8932,47.4446,58.8825798034668,63.107791137184,63.107791137184,Single Season Contributor,Late bloomer or one-year starter; limited career longevity.,nan,Multi-Year Starter,Consistent career presence; reliable rotational player or specialist.,nan,Meaningful G5 Contributor,Standout starter at the Group of 5 level; high-end depth in Power 4.,Potential Day 3 Pick,LB
202100377,Bryce Steele,2021,LB,0.8926,58.7705,60.47804641723633,65.20116147604051,65.20116147604051,Multi-Year Starter,Consistent career presence; reliable rotational player or specialist.,nan,Meaningful G5 Contributor,Standout starter at the Group of 5 level; high-end depth in Power 4.,Potential Day 3 Pick,Meaningful G5 Contributor,Standout starter at the Group of 5 level; high-end depth in Power 4.,Potential Day 3 Pick,LB
202100385,Darryl Peterson III,2021,LB,0.8918,75.2552,58.44647979736328,62.76900222263542,62.76900222263542,Meaningful P4 Contributor,Reliable multi-year starter at the highest level of competition.,Potential Day 2 Pick,Multi-Year Starter,Consistent career presence; reliable rotational player or specialist.,nan,Meaningful G5 Contributor,Standout starter at the Group of 5 level; high-end depth in Power 4.,Potential Day 3 Pick,LB
202100387,Chaz Chambliss,2021,LB,0.8914,64.7165,62.09933090209961,69.24943727346637,69.24943727346637,Meaningful G5 Contributor,Standout starter at the Group of 5 level; high-end depth in Power 4.,Potential Day 3 Pick,Meaningful G5 Contributor,Standout starter at the Group of 5 level; high-end depth in Power 4.,Potential Day 3 Pick,Meaningful G5 Contributor,Standout starter at the Group of 5 level; high-end depth in Power 4.,Potential Day 3 Pick,LB
202100391,Trenilyas Tatum,2021,LB,0.8911,63.1892,58.05744171142578,62.11271617398738,62.11271617398738,Meaningful G5 Contributor,Standout starter at the Group of 5 level; high-end depth in Power 4.,Potential Day 3 Pick,Multi-Year Starter,Consistent career presence; reliable rotational player or specialist.,nan,Meaningful G5 Contributor,Standout starter at the Group of 5 level; high-end depth in Power 4.,Potential Day 3 Pick,LB
202100402,Danny Stutsman,2021,LB,0.89,91.3976,60.00717544555664,64.42768963777301,64.42768963777301,Elite Power 4,All-Conference/All-American honors.,First round NFL Draft talent,Meaningful G5 Contributor,Standout starter at the Group of 5 level; high-end depth in Power 4.,Potential Day 3 Pick,Meaningful G5 Contributor,Standout starter at the Group of 5 level; high-end depth in Power 4.,Potential Day 3 Pick,LB
202100413,Kobe King,2021,LB,0.8889,67.6464,59.50790023803711,63.87748630549027,63.87748630549027,Meaningful G5 Contributor,Standout starter at the Group of 5 level; high-end depth in Power 4.,Potential Day 3 Pick,Multi-Year Starter,Consistent career presence; reliable rotational player or specialist.,nan,Meaningful G5 Contributor,Standout starter at the Group of 5 level; high-end depth in Power 4.,Potential Day 3 Pick,LB
202100439,Collin Oliver,2021,LB,0.8867,71.8318,53.73387908935547,54.74784512499097,54.74784512499097,Meaningful P4 Contributor,Reliable multi-year starter at the highest level of competition.,Potential Day 2 Pick,Multi-Year Starter,Consistent career presence; reliable rotational player or specialist.,nan,Multi-Year Starter,Consistent career presence; reliable rotational player or specialist.,nan,LB
202100455,Easton Mascarenas-Arnold,2021,LB,0.8852,70.5882,55.94867706298828,58.72704744689029,58.72704744689029,Meaningful P4 Contributor,Reliable multi-year starter at the highest level of competition.,Potential Day 2 Pick,Multi-Year Starter,Consistent career presence; reliable rotational player or specialist.,nan,Multi-Year Starter,Consistent career presence; reliable rotational player or specialist.,nan,LB
202100458,Andrew Jones,2021,LB,0.8852,53.2311,57.99855041503906,62.00573710460703,62.00573710460703,Multi-Year Starter,Consistent career presence; reliable rotational player or specialist.,nan,Multi-Year Starter,Consistent career presence; reliable rotational player or specialist.,nan,Meaningful G5 Contributor,Standout starter at the Group of 5 level; high-end depth in Power 4.,Potential Day 3 Pick,LB
202100477,Bryan Sanborn,2021,LB,0.883,43.4543,56.425880432128906,59.44833954525351,59.44833954525351,Single Season Contributor,Late bloomer or one-year starter; limited career longevity.,nan,Multi-Year Starter,Consistent career presence; reliable rotational player or specialist.,nan,Multi-Year Starter,Consistent career presence; reliable rotational player or specialist.,nan,LB
202100530,Jack Dingle,2021,LB,0.8793,61.8321,60.091712951660156,64.48808584540238,64.48808584540238,Meaningful G5 Contributor,Standout starter at the Group of 5 level; high-end depth in Power 4.,Potential Day 3 Pick,Meaningful G5 Contributor,Standout starter at the Group of 5 level; high-end depth in Power 4.,Potential Day 3 Pick,Meaningful G5 Contributor,Standout starter at the Group of 5 level; high-end depth in Power 4.,Potential Day 3 Pick,LB
202100542,Dameon Wilson,2021,LB,0.8782,60.2357,53.7782096862793,54.822333018811385,54.822333018811385,Meaningful G5 Contributor,Standout starter at the Group of 5 level; high-end depth in Power 4.,Potential Day 3 Pick,Multi-Year Starter,Consistent career presence; reliable rotational player or specialist.,nan,Multi-Year Starter,Consistent career presence; reliable rotational player or specialist.,nan,LB
202100561,Caden Fordham,2021,LB,0.8763,67.3113,57.09907531738281,60.86063479288834,60.86063479288834,Meaningful G5 Contributor,Standout starter at the Group of 5 level; high-end depth in Power 4.,Potential Day 3 Pick,Multi-Year Starter,Consistent career presence; reliable rotational player or specialist.,nan,Meaningful G5 Contributor,Standout starter at the Group of 5 level; high-end depth in Power 4.,Potential Day 3 Pick,LB
202100574,Jaden Harrell,2021,LB,0.8759,59.8098,59.744598388671875,64.2400964714108,64.2400964714108,Multi-Year Starter,Consistent career presence; reliable rotational player or specialist.,nan,Multi-Year Starter,Consistent career presence; reliable rotational player or specialist.,nan,Meaningful G5 Contributor,Standout starter at the Group of 5 level; high-end depth in Power 4.,Potential Day 3 Pick,LB
202100582,Jabril McNeill,2021,LB,0.8753,40.6252,63.80573272705078,73.6598330061022,73.6598330061022,Single Season Contributor,Late bloomer or one-year starter; limited career longevity.,nan,Meaningful G5 Contributor,Standout starter at the Group of 5 level; high-end depth in Power 4.,Potential Day 3 Pick,Meaningful P4 Contributor,Reliable multi-year starter at the highest level of competition.,Potential Day 2 Pick,LB
202100592,Devon Williams,2021,LB,0.8748,61.58,54.25524139404297,55.89995598838759,55.89995598838759,Meaningful G5 Contributor,Standout starter at the Group of 5 level; high-end depth in Power 4.,Potential Day 3 Pick,Multi-Year Starter,Consistent career presence; reliable rotational player or specialist.,nan,Multi-Year Starter,Consistent career presence; reliable rotational player or specialist.,nan,LB
202100597,Kahanu Kia,2021,LB,0.8748,46.8176,55.76863479614258,58.44614945376202,58.44614945376202,Single Season Contributor,Late bloomer or one-year starter; limited career longevity.,nan,Multi-Year Starter,Consistent career presence; reliable rotational player or specialist.,nan,Multi-Year Starter,Consistent career presence; reliable rotational player or specialist.,nan,LB
202100615,Mikai Gbayor,2021,LB,0.8737,58.6566,53.23431396484375,53.761088974231185,53.761088974231185,Multi-Year Starter,Consistent career presence; reliable rotational player or specialist.,nan,Multi-Year Starter,Consistent career presence; reliable rotational player or specialist.,nan,Multi-Year Starter,Consistent career presence; reliable rotational player or specialist.,nan,LB
202100617,Martez Thrower,2021,LB,0.8737,56.7109,54.765159606933594,56.9268837680793,56.9268837680793,Multi-Year Starter,Consistent career presence; reliable rotational player or specialist.,nan,Multi-Year Starter,Consistent career presence; reliable rotational player or specialist.,nan,Multi-Year Starter,Consistent career presence; reliable rotational player or specialist.,nan,LB
202100675,Trey Reynolds,2021,LB,0.8707,59.1594,55.394142150878906,57.95940053803907,57.95940053803907,Multi-Year Starter,Consistent career presence; reliable rotational player or specialist.,nan,Multi-Year Starter,Consistent career presence; reliable rotational player or specialist.,nan,Multi-Year Starter,Consistent career presence; reliable rotational player or specialist.,nan,LB
202100689,Ese Dubre,2021,LB,0.8704,60.6405,53.95175552368164,55.27849514337099,55.27849514337099,Meaningful G5 Contributor,Standout starter at the Group of 5 level; high-end depth in Power 4.,Potential Day 3 Pick,Multi-Year Starter,Consistent career presence; reliable rotational player or specialist.,nan,Multi-Year Starter,Consistent career presence; reliable rotational player or specialist.,nan,LB
202100738,Owen McGowan,2021,LB,0.8674,61.4388,57.819679260253906,61.721707139509284,61.721707139509284,Meaningful G5 Contributor,Standout starter at the Group of 5 level; high-end depth in Power 4.,Potential Day 3 Pick,Multi-Year Starter,Consistent career presence; reliable rotational player or specialist.,nan,Meaningful G5 Contributor,Standout starter at the Group of 5 level; high-end depth in Power 4.,Potential Day 3 Pick,LB
202100791,Chris Paul Jr.,2021,LB,0.8652,74.3313,61.500465393066406,67.48723016059212,67.48723016059212,Meaningful P4 Contributor,Reliable multi-year starter at the highest level of competition.,Potential Day 2 Pick,Meaningful G5 Contributor,Standout starter at the Group of 5 level; high-end depth in Power 4.,Potential Day 3 Pick,Meaningful G5 Contributor,Standout starter at the Group of 5 level; high-end depth in Power 4.,Potential Day 3 Pick,LB
202100796,Kolbe Fields,2021,LB,0.8652,54.4483,58.91276168823242,63.132891314806606,63.132891314806606,Multi-Year Starter,Consistent career presence; reliable rotational player or specialist.,nan,Multi-Year Starter,Consistent career presence; reliable rotational player or specialist.,nan,Meaningful G5 Contributor,Standout starter at the Group of 5 level; high-end depth in Power 4.,Potential Day 3 Pick,LB
202100805,Zachary Lovett,2021,LB,0.8648,59.7348,56.99713897705078,60.656180544789876,60.656180544789876,Multi-Year Starter,Consistent career presence; reliable rotational player or specialist.,nan,Multi-Year Starter,Consistent career presence; reliable rotational player or specialist.,nan,Meaningful G5 Contributor,Standout starter at the Group of 5 level; high-end depth in Power 4.,Potential Day 3 Pick,LB
202100811,Donny Stephens,2021,LB,0.8644,56.7503,55.468265533447266,58.06269636861867,58.06269636861867,Multi-Year Starter,Consistent career presence; reliable rotational player or specialist.,nan,Multi-Year Starter,Consistent career presence; reliable rotational player or specialist.,nan,Multi-Year Starter,Consistent career presence; reliable rotational player or specialist.,nan,LB
202100880,Jackson Hamilton,2021,LB,0.8619,61.2662,56.422054290771484,59.440411784496476,59.440411784496476,Meaningful G5 Contributor,Standout starter at the Group of 5 level; high-end depth in Power 4.,Potential Day 3 Pick,Multi-Year Starter,Consistent career presence; reliable rotational player or specialist.,nan,Multi-Year Starter,Consistent career presence; reliable rotational player or specialist.,nan,LB
202100914,Nick Morris Jr.,2021,LB,0.8607,52.9203,56.92033767700195,60.457810133525406,60.457810133525406,Multi-Year Starter,Consistent career presence; reliable rotational player or specialist.,nan,Multi-Year Starter,Consistent career presence; reliable rotational player or specialist.,nan,Meaningful G5 Contributor,Standout starter at the Group of 5 level; high-end depth in Power 4.,Potential Day 3 Pick,LB
202100922,Cole Joyce,2021,LB,0.86,55.4917,57.304866790771484,61.09832883252673,61.09832883252673,Multi-Year Starter,Consistent career presence; reliable rotational player or specialist.,nan,Multi-Year Starter,Consistent career presence; reliable rotational player or specialist.,nan,Meaningful G5 Contributor,Standout starter at the Group of 5 level; high-end depth in Power 4.,Potential Day 3 Pick,LB
202100929,Jake Chaney,2021,LB,0.8596,62.5347,58.064117431640625,62.12309857844905,62.12309857844905,Meaningful G5 Contributor,Standout starter at the Group of 5 level; high-end depth in Power 4.,Potential Day 3 Pick,Multi-Year Starter,Consistent career presence; reliable rotational player or specialist.,nan,Meaningful G5 Contributor,Standout starter at the Group of 5 level; high-end depth in Power 4.,Potential Day 3 Pick,LB
202100948,Jordan Eubanks,2021,LB,0.8589,48.9043,52.081947326660156,51.14874947865645,51.14874947865645,Single Season Contributor,Late bloomer or one-year starter; limited career longevity.,nan,Multi-Year Starter,Consistent career presence; reliable rotational player or specialist.,nan,Multi-Year Starter,Consistent career presence; reliable rotational player or specialist.,nan,LB
202100964,Michael Mincey,2021,LB,0.8585,39.7583,58.343666076660156,62.50302435368871,62.50302435368871,Partial Season Contributor,Rotational backup or special teams contributor; limited starts.,nan,Multi-Year Starter,Consistent career presence; reliable rotational player or specialist.,nan,Meaningful G5 Contributor,Standout starter at the Group of 5 level; high-end depth in Power 4.,Potential Day 3 Pick,LB
202100965,Andrew Simpson,2021,LB,0.8585,70.8151,56.82615280151367,60.22753628369588,60.22753628369588,Meaningful P4 Contributor,Reliable multi-year starter at the highest level of competition.,Potential Day 2 Pick,Multi-Year Starter,Consistent career presence; reliable rotational player or specialist.,nan,Meaningful G5 Contributor,Standout starter at the Group of 5 level; high-end depth in Power 4.,Potential Day 3 Pick,LB
202101039,DJ Arkansas,2021,LB,0.8556,51.3478,51.95317459106445,50.61457418378643,50.61457418378643,Multi-Year Starter,Consistent career presence; reliable rotational player or specialist.,nan,Multi-Year Starter,Consistent career presence; reliable rotational player or specialist.,nan,Multi-Year Starter,Consistent career presence; reliable rotational player or specialist.,nan,LB
202101055,Tre Freeman,2021,LB,0.8556,63.4238,52.65673828125,52.35175973463688,52.35175973463688,Meaningful G5 Contributor,Standout starter at the Group of 5 level; high-end depth in Power 4.,Potential Day 3 Pick,Multi-Year Starter,Consistent career presence; reliable rotational player or specialist.,nan,Multi-Year Starter,Consistent career presence; reliable rotational player or specialist.,nan,LB
202101060,Dylan Hazen,2021,LB,0.8556,63.2265,52.01335906982422,50.90072497719518,50.90072497719518,Meaningful G5 Contributor,Standout starter at the Group of 5 level; high-end depth in Power 4.,Potential Day 3 Pick,Multi-Year Starter,Consistent career presence; reliable rotational player or specialist.,nan,Multi-Year Starter,Consistent career presence; reliable rotational player or specialist.,nan,LB
202101088,Carston Marshall,2021,LB,0.8544,44.0258,51.039306640625,48.28132886036412,48.28132886036412,Single Season Contributor,Late bloomer or one-year starter; limited career longevity.,nan,Multi-Year Starter,Consistent career presence; reliable rotational player or specialist.,nan,Single Season Contributor,Late bloomer or one-year starter; limited career longevity.,nan,LB
202101089,Jonah Elliss,2021,LB,0.8544,45.6592,53.20829772949219,53.68361612618045,53.68361612618045,Single Season Contributor,Late bloomer or one-year starter; limited career longevity.,nan,Multi-Year Starter,Consistent career presence; reliable rotational player or specialist.,nan,Multi-Year Starter,Consistent career presence; reliable rotational player or specialist.,nan,LB
202101097,Will Johnson,2021,LB,0.8537,57.8074,58.727684020996094,62.97897507141477,62.97897507141477,Multi-Year Starter,Consistent career presence; reliable rotational player or specialist.,nan,Multi-Year Starter,Consistent career presence; reliable rotational player or specialist.,nan,Meaningful G5 Contributor,Standout starter at the Group of 5 level; high-end depth in Power 4.,Potential Day 3 Pick,LB
202101136,Nic Mitchell,2021,LB,0.8522,64.3453,54.81718444824219,57.06902691228697,57.06902691228697,Meaningful G5 Contributor,Standout starter at the Group of 5 level; high-end depth in Power 4.,Potential Day 3 Pick,Multi-Year Starter,Consistent career presence; reliable rotational player or specialist.,nan,Multi-Year Starter,Consistent career presence; reliable rotational player or specialist.,nan,LB
202101188,KC Ossai,2021,LB,0.85,60.8864,53.780555725097656,54.828295533934046,54.828295533934046,Meaningful G5 Contributor,Standout starter at the Group of 5 level; high-end depth in Power 4.,Potential Day 3 Pick,Multi-Year Starter,Consistent career presence; reliable rotational player or specialist.,nan,Multi-Year Starter,Consistent career presence; reliable rotational player or specialist.,nan,LB
202101209,Izaiah Kelley,2021,LB,0.85,37.5477,39.09212112426758,19.413747649830988,19.413747649830988,Partial Season Contributor,Rotational backup or special teams contributor; limited starts.,nan,Partial Season Contributor,Rotational backup or special teams contributor; limited starts.,nan,Minimal D1 Impact,Roster filler; medical DQ; or transferred to lower levels.,nan,LB
202101219,Zyrus Fiaseu,2021,LB,0.8496,59.5189,52.1236686706543,51.24042514580437,51.24042514580437,Multi-Year Starter,Consistent career presence; reliable rotational player or specialist.,nan,Multi-Year Starter,Consistent career presence; reliable rotational player or specialist.,nan,Multi-Year Starter,Consistent career presence; reliable rotational player or specialist.,nan,LB
202101240,Gaethan Bernadel,2021,LB,0.8485,67.7423,54.45643615722656,56.20605427724755,56.20605427724755,Meaningful G5 Contributor,Standout starter at the Group of 5 level; high-end depth in Power 4.,Potential Day 3 Pick,Multi-Year Starter,Consistent career presence; reliable rotational player or specialist.,nan,Multi-Year Starter,Consistent career presence; reliable rotational player or specialist.,nan,LB
202101261,Jackson Bailey,2021,LB,0.8478,38.3806,51.90523147583008,50.442443386954224,50.442443386954224,Partial Season Contributor,Rotational backup or special teams contributor; limited starts.,nan,Multi-Year Starter,Consistent career presence; reliable rotational player or specialist.,nan,Multi-Year Starter,Consistent career presence; reliable rotational player or specialist.,nan,LB
202101273,Jalen Garner,2021,LB,0.8478,61.4802,54.807247161865234,57.04151652030991,57.04151652030991,Meaningful G5 Contributor,Standout starter at the Group of 5 level; high-end depth in Power 4.,Potential Day 3 Pick,Multi-Year Starter,Consistent career presence; reliable rotational player or specialist.,nan,Multi-Year Starter,Consistent career presence; reliable rotational player or specialist.,nan,LB
202101274,Kolbe Cage,2021,LB,0.8478,53.8392,55.346683502197266,57.89326377573961,57.89326377573961,Multi-Year Starter,Consistent career presence; reliable rotational player or specialist.,nan,Multi-Year Starter,Consistent career presence; reliable rotational player or specialist.,nan,Multi-Year Starter,Consistent career presence; reliable rotational player or specialist.,nan,LB
202101283,Jordan Jones,2021,LB,0.847,48.4425,42.415252685546875,25.560465657424267,25.560465657424267,Single Season Contributor,Late bloomer or one-year starter; limited career longevity.,nan,Single Season Contributor,Late bloomer or one-year starter; limited career longevity.,nan,Partial Season Contributor,Rotational backup or special teams contributor; limited starts.,nan,LB
202101292,Marco Notarainni,2021,LB,0.8467,65.4615,49.5404052734375,43.138918706205416,43.138918706205416,Meaningful G5 Contributor,Standout starter at the Group of 5 level; high-end depth in Power 4.,Potential Day 3 Pick,Single Season Contributor,Late bloomer or one-year starter; limited career longevity.,nan,Single Season Contributor,Late bloomer or one-year starter; limited career longevity.,nan,LB
202101294,Trevion Sneed,2021,LB,0.8467,33.8847,49.88779067993164,44.52209886339937,44.52209886339937,Partial Season Contributor,Rotational backup or special teams contributor; limited starts.,nan,Single Season Contributor,Late bloomer or one-year starter; limited career longevity.,nan,Single Season Contributor,Late bloomer or one-year starter; limited career longevity.,nan,LB
202101303,Jaylin Alderman,2021,LB,0.8467,62.8673,50.90317916870117,47.85350923570129,47.85350923570129,Meaningful G5 Contributor,Standout starter at the Group of 5 level; high-end depth in Power 4.,Potential Day 3 Pick,Multi-Year Starter,Consistent career presence; reliable rotational player or specialist.,nan,Single Season Contributor,Late bloomer or one-year starter; limited career longevity.,nan,LB
202101328,Errington Truesdell,2021,LB,0.8456,48.5374,55.69813537597656,58.37703685499434,58.37703685499434,Single Season Contributor,Late bloomer or one-year starter; limited career longevity.,nan,Multi-Year Starter,Consistent career presence; reliable rotational player or specialist.,nan,Multi-Year Starter,Consistent career presence; reliable rotational player or specialist.,nan,LB
202101341,Austin Roon,2021,LB,0.8448,49.8871,52.120296478271484,51.23301531772,51.23301531772,Single Season Contributor,Late bloomer or one-year starter; limited career longevity.,nan,Multi-Year Starter,Consistent career presence; reliable rotational player or specialist.,nan,Multi-Year Starter,Consistent career presence; reliable rotational player or specialist.,nan,LB
202101361,Tyrone Brown,2021,LB,0.8444,51.7242,52.99453353881836,53.01398278006831,53.01398278006831,Multi-Year Starter,Consistent career presence; reliable rotational player or specialist.,nan,Multi-Year Starter,Consistent career presence; reliable rotational player or specialist.,nan,Multi-Year Starter,Consistent career presence; reliable rotational player or specialist.,nan,LB
202101403,Jared Nedd,2021,LB,0.8426,36.1042,59.54026794433594,63.928528766163566,63.928528766163566,Partial Season Contributor,Rotational backup or special teams contributor; limited starts.,nan,Multi-Year Starter,Consistent career presence; reliable rotational player or specialist.,nan,Meaningful G5 Contributor,Standout starter at the Group of 5 level; high-end depth in Power 4.,Potential Day 3 Pick,LB
202101413,Zion Magalei,2021,LB,0.8422,39.3699,40.91011428833008,22.669927471181303,22.669927471181303,Partial Season Contributor,Rotational backup or special teams contributor; limited starts.,nan,Single Season Contributor,Late bloomer or one-year starter; limited career longevity.,nan,Partial Season Contributor,Rotational backup or special teams contributor; limited starts.,nan,LB
202101422,Joshua Rudolph,2021,LB,0.8417,47.745,47.62759780883789,36.07408177453627,36.07408177453627,Single Season Contributor,Late bloomer or one-year starter; limited career longevity.,nan,Single Season Contributor,Late bloomer or one-year starter; limited career longevity.,nan,Partial Season Contributor,Rotational backup or special teams contributor; limited starts.,nan,LB
202101444,DJ Herman,2021,LB,0.8411,58.3746,53.79280090332031,54.86189072399384,54.86189072399384,Multi-Year Starter,Consistent career presence; reliable rotational player or specialist.,nan,Multi-Year Starter,Consistent career presence; reliable rotational player or specialist.,nan,Multi-Year Starter,Consistent career presence; reliable rotational player or specialist.,nan,LB
202101475,DJ Johnson,2021,LB,0.84,40.6097,46.34238815307617,32.621183954811926,32.621183954811926,Single Season Contributor,Late bloomer or one-year starter; limited career longevity.,nan,Single Season Contributor,Late bloomer or one-year starter; limited career longevity.,nan,Partial Season Contributor,Rotational backup or special teams contributor; limited starts.,nan,LB
202101500,Dominic Oliver,2021,LB,0.8389,38.2234,45.008644104003906,29.852697367905918,29.852697367905918,Partial Season Contributor,Rotational backup or special teams contributor; limited starts.,nan,Single Season Contributor,Late bloomer or one-year starter; limited career longevity.,nan,Partial Season Contributor,Rotational backup or special teams contributor; limited starts.,nan,LB
202101510,Mike Edwards III,2021,LB,0.8389,59.9532,46.228515625,32.192251294379474,32.192251294379474,Multi-Year Starter,Consistent career presence; reliable rotational player or specialist.,nan,Single Season Contributor,Late bloomer or one-year starter; limited career longevity.,nan,Partial Season Contributor,Rotational backup or special teams contributor; limited starts.,nan,LB
202101518,Chris Davis Jr.,2021,LB,0.8383,52.35,46.5585823059082,33.37296044449746,33.37296044449746,Multi-Year Starter,Consistent career presence; reliable rotational player or specialist.,nan,Single Season Contributor,Late bloomer or one-year starter; limited career longevity.,nan,Partial Season Contributor,Rotational backup or special teams contributor; limited starts.,nan,LB
202101536,Kenny Seymour Jr.,2021,LB,0.837,52.1135,48.39841079711914,38.72089678042614,38.72089678042614,Multi-Year Starter,Consistent career presence; reliable rotational player or specialist.,nan,Single Season Contributor,Late bloomer or one-year starter; limited career longevity.,nan,Partial Season Contributor,Rotational backup or special teams contributor; limited starts.,nan,LB
202101544,Corban Hondru,2021,LB,0.837,58.1377,54.578365325927734,56.45182871001624,56.45182871001624,Multi-Year Starter,Consistent career presence; reliable rotational player or specialist.,nan,Multi-Year Starter,Consistent career presence; reliable rotational player or specialist.,nan,Multi-Year Starter,Consistent career presence; reliable rotational player or specialist.,nan,LB
202101601,CJ Ross,2021,LB,0.8356,41.9783,56.569541931152344,59.73210707642966,59.73210707642966,Single Season Contributor,Late bloomer or one-year starter; limited career longevity.,nan,Multi-Year Starter,Consistent career presence; reliable rotational player or specialist.,nan,Multi-Year Starter,Consistent career presence; reliable rotational player or specialist.,nan,LB
202101613,Bryun Parham,2021,LB,0.8348,68.9402,54.15610885620117,55.7313280253522,55.7313280253522,Meaningful G5 Contributor,Standout starter at the Group of 5 level; high-end depth in Power 4.,Potential Day 3 Pick,Multi-Year Starter,Consistent career presence; reliable rotational player or specialist.,nan,Multi-Year Starter,Consistent career presence; reliable rotational player or specialist.,nan,LB
202101615,Dylan Rosiek,2021,LB,0.8348,62.5525,56.91969680786133,60.456154829840294,60.456154829840294,Meaningful G5 Contributor,Standout starter at the Group of 5 level; high-end depth in Power 4.,Potential Day 3 Pick,Multi-Year Starter,Consistent career presence; reliable rotational player or specialist.,nan,Meaningful G5 Contributor,Standout starter at the Group of 5 level; high-end depth in Power 4.,Potential Day 3 Pick,LB
202101631,Trevor Moffitt,2021,LB,0.8337,44.4002,47.85503387451172,36.784159266992084,36.784159266992084,Single Season Contributor,Late bloomer or one-year starter; limited career longevity.,nan,Single Season Contributor,Late bloomer or one-year starter; limited career longevity.,nan,Partial Season Contributor,Rotational backup or special teams contributor; limited starts.,nan,LB
202101636,Evan Graham,2021,LB,0.8337,26.4563,50.66594314575195,46.83288482084063,46.83288482084063,Partial Season Contributor,Rotational backup or special teams contributor; limited starts.,nan,Multi-Year Starter,Consistent career presence; reliable rotational player or specialist.,nan,Single Season Contributor,Late bloomer or one-year starter; limited career longevity.,nan,LB
202101694,Skylar Martin,2021,LB,0.8317,36.2625,49.518959045410156,43.0497795801008,43.0497795801008,Partial Season Contributor,Rotational backup or special teams contributor; limited starts.,nan,Single Season Contributor,Late bloomer or one-year starter; limited career longevity.,nan,Single Season Contributor,Late bloomer or one-year starter; limited career longevity.,nan,LB
202101706,Marsel McDuffie,2021,LB,0.8315,57.7869,48.49006652832031,39.17143168470434,39.17143168470434,Multi-Year Starter,Consistent career presence; reliable rotational player or specialist.,nan,Single Season Contributor,Late bloomer or one-year starter; limited career longevity.,nan,Partial Season Contributor,Rotational backup or special teams contributor; limited starts.,nan,LB
202101712,Mandel Eugene,2021,LB,0.8315,55.3346,50.86189651489258,47.70492520152629,47.70492520152629,Multi-Year Starter,Consistent career presence; reliable rotational player or specialist.,nan,Multi-Year Starter,Consistent career presence; reliable rotational player or specialist.,nan,Single Season Contributor,Late bloomer or one-year starter; limited career longevity.,nan,LB
202101735,Dominic Schofield,2021,LB,0.8315,49.47,43.29013442993164,27.19955656852775,27.19955656852775,Single Season Contributor,Late bloomer or one-year starter; limited career longevity.,nan,Single Season Contributor,Late bloomer or one-year starter; limited career longevity.,nan,Partial Season Contributor,Rotational backup or special teams contributor; limited starts.,nan,LB
202101736,Micah Young,2021,LB,0.8315,56.0185,42.10982131958008,24.958325545536752,24.958325545536752,Multi-Year Starter,Consistent career presence; reliable rotational player or specialist.,nan,Single Season Contributor,Late bloomer or one-year starter; limited career longevity.,nan,Partial Season Contributor,Rotational backup or special teams contributor; limited starts.,nan,LB
202101739,Jeremiah Brown,2021,LB,0.8315,57.1267,49.52753829956055,43.08543840162504,43.08543840162504,Multi-Year Starter,Consistent career presence; reliable rotational player or specialist.,nan,Single Season Contributor,Late bloomer or one-year starter; limited career longevity.,nan,Single Season Contributor,Late bloomer or one-year starter; limited career longevity.,nan,LB
202101746,Fernando Sanchez,2021,LB,0.8311,32.2599,50.78584671020508,47.2798957191086,47.2798957191086,Partial Season Contributor,Rotational backup or special teams contributor; limited starts.,nan,Multi-Year Starter,Consistent career presence; reliable rotational player or specialist.,nan,Single Season Contributor,Late bloomer or one-year starter; limited career longevity.,nan,LB
202101796,Jalen Riven,2021,LB,0.8285,22.9429,54.36510467529297,56.079174848692794,56.079174848692794,Partial Season Contributor,Rotational backup or special teams contributor; limited starts.,nan,Multi-Year Starter,Consistent career presence; reliable rotational player or specialist.,nan,Multi-Year Starter,Consistent career presence; reliable rotational player or specialist.,nan,LB
202101803,Austin Dean,2021,LB,0.8281,57.26,51.07428741455078,48.37769953888072,48.37769953888072,Multi-Year Starter,Consistent career presence; reliable rotational player or specialist.,nan,Multi-Year Starter,Consistent career presence; reliable rotational player or specialist.,nan,Single Season Contributor,Late bloomer or one-year starter; limited career longevity.,nan,LB
202101815,Aidan Siano,2021,LB,0.8278,49.4582,49.15555953979492,41.98061942517563,41.98061942517563,Single Season Contributor,Late bloomer or one-year starter; limited career longevity.,nan,Single Season Contributor,Late bloomer or one-year starter; limited career longevity.,nan,Single Season Contributor,Late bloomer or one-year starter; limited career longevity.,nan,LB
202101857,Jordan Stringer,2021,LB,0.8259,62.0713,50.25567626953125,45.6906619669035,45.6906619669035,Meaningful G5 Contributor,Standout starter at the Group of 5 level; high-end depth in Power 4.,Potential Day 3 Pick,Multi-Year Starter,Consistent career presence; reliable rotational player or specialist.,nan,Single Season Contributor,Late bloomer or one-year starter; limited career longevity.,nan,LB
202101867,Diego Neri,2021,LB,0.8259,54.9913,41.59695053100586,23.96674581323457,23.96674581323457,Multi-Year Starter,Consistent career presence; reliable rotational player or specialist.,nan,Single Season Contributor,Late bloomer or one-year starter; limited career longevity.,nan,Partial Season Contributor,Rotational backup or special teams contributor; limited starts.,nan,LB
202101891,Jackson Wiegold,2021,LB,0.8252,52.8637,45.13706970214844,30.08350716590661,30.08350716590661,Multi-Year Starter,Consistent career presence; reliable rotational player or specialist.,nan,Single Season Contributor,Late bloomer or one-year starter; limited career longevity.,nan,Partial Season Contributor,Rotational backup or special teams contributor; limited starts.,nan,LB
202101895,Justice Cross,2021,LB,0.8248,34.6102,51.50772476196289,49.587145770020605,49.587145770020605,Partial Season Contributor,Rotational backup or special teams contributor; limited starts.,nan,Multi-Year Starter,Consistent career presence; reliable rotational player or specialist.,nan,Single Season Contributor,Late bloomer or one-year starter; limited career longevity.,nan,LB
202101912,Kalen Villanueva,2021,LB,0.8241,48.3891,52.294857025146484,51.659381052741615,51.659381052741615,Single Season Contributor,Late bloomer or one-year starter; limited career longevity.,nan,Multi-Year Starter,Consistent career presence; reliable rotational player or specialist.,nan,Multi-Year Starter,Consistent career presence; reliable rotational player or specialist.,nan,LB
202101932,Dakota Cochran,2021,LB,0.8233,57.6847,46.139617919921875,31.903914657306817,31.903914657306817,Multi-Year Starter,Consistent career presence; reliable rotational player or specialist.,nan,Single Season Contributor,Late bloomer or one-year starter; limited career longevity.,nan,Partial Season Contributor,Rotational backup or special teams contributor; limited starts.,nan,LB
202101933,Kyle Arnholt,2021,LB,0.8233,59.2907,47.48075866699219,35.75540976243999,35.75540976243999,Multi-Year Starter,Consistent career presence; reliable rotational player or specialist.,nan,Single Season Contributor,Late bloomer or one-year starter; limited career longevity.,nan,Partial Season Contributor,Rotational backup or special teams contributor; limited starts.,nan,LB
202101945,Bryce Edmondson,2021,LB,0.8226,56.9147,51.012813568115234,48.19806678124731,48.19806678124731,Multi-Year Starter,Consistent career presence; reliable rotational player or specialist.,nan,Multi-Year Starter,Consistent career presence; reliable rotational player or specialist.,nan,Single Season Contributor,Late bloomer or one-year starter; limited career longevity.,nan,LB
202101954,Jason Henderson,2021,LB,0.8222,74.7625,49.072628021240234,41.43496948318228,41.43496948318228,Meaningful P4 Contributor,Reliable multi-year starter at the highest level of competition.,Potential Day 2 Pick,Single Season Contributor,Late bloomer or one-year starter; limited career longevity.,nan,Single Season Contributor,Late bloomer or one-year starter; limited career longevity.,nan,LB
202101977,Andrew Kulick,2021,LB,0.8215,39.4492,43.132171630859375,26.97363610215869,26.97363610215869,Partial Season Contributor,Rotational backup or special teams contributor; limited starts.,nan,Single Season Contributor,Late bloomer or one-year starter; limited career longevity.,nan,Partial Season Contributor,Rotational backup or special teams contributor; limited starts.,nan,LB
202101987,Connor Jones,2021,LB,0.8206,17.4221,46.88191223144531,34.19712364183815,34.19712364183815,Minimal D1 Impact,Roster filler; medical DQ; or transferred to lower levels.,nan,Single Season Contributor,Late bloomer or one-year starter; limited career longevity.,nan,Partial Season Contributor,Rotational backup or special teams contributor; limited starts.,nan,LB
202102008,DJ Brown,2021,LB,0.8204,32.8362,58.00276184082031,62.013391962997986,62.013391962997986,Partial Season Contributor,Rotational backup or special teams contributor; limited starts.,nan,Multi-Year Starter,Consistent career presence; reliable rotational player or specialist.,nan,Meaningful G5 Contributor,Standout starter at the Group of 5 level; high-end depth in Power 4.,Potential Day 3 Pick,LB
202102019,Ammon Allen,2021,LB,0.82,45.1411,41.89872360229492,24.542158716360795,24.542158716360795,Single Season Contributor,Late bloomer or one-year starter; limited career longevity.,nan,Single Season Contributor,Late bloomer or one-year starter; limited career longevity.,nan,Partial Season Contributor,Rotational backup or special teams contributor; limited starts.,nan,LB
202102039,Ahmad Walker,2021,LB,0.8189,60.5462,47.87799072265625,36.87625244071757,36.87625244071757,Meaningful G5 Contributor,Standout starter at the Group of 5 level; high-end depth in Power 4.,Potential Day 3 Pick,Single Season Contributor,Late bloomer or one-year starter; limited career longevity.,nan,Partial Season Contributor,Rotational backup or special teams contributor; limited starts.,nan,LB
202102047,Dalton Hughes,2021,LB,0.8185,55.1033,40.55604934692383,22.001415995280073,22.001415995280073,Multi-Year Starter,Consistent career presence; reliable rotational player or specialist.,nan,Single Season Contributor,Late bloomer or one-year starter; limited career longevity.,nan,Partial Season Contributor,Rotational backup or special teams contributor; limited starts.,nan,LB
202102054,Samuel Scott,2021,LB,0.8181,39.8072,50.8614501953125,47.702430796959526,47.702430796959526,Partial Season Contributor,Rotational backup or special teams contributor; limited starts.,nan,Multi-Year Starter,Consistent career presence; reliable rotational player or specialist.,nan,Single Season Contributor,Late bloomer or one-year starter; limited career longevity.,nan,LB
202102063,Brady Anderson,2021,LB,0.817,59.8173,46.31039810180664,32.50068449782936,32.50068449782936,Multi-Year Starter,Consistent career presence; reliable rotational player or specialist.,nan,Single Season Contributor,Late bloomer or one-year starter; limited career longevity.,nan,Partial Season Contributor,Rotational backup or special teams contributor; limited starts.,nan,LB
202102080,Caden Holt,2021,LB,0.817,45.6592,42.6973762512207,26.11665580136453,26.11665580136453,Single Season Contributor,Late bloomer or one-year starter; limited career longevity.,nan,Single Season Contributor,Late bloomer or one-year starter; limited career longevity.,nan,Partial Season Contributor,Rotational backup or special teams contributor; limited starts.,nan,LB
202102114,Brett Drillette,2021,LB,0.8159,51.6065,40.66035461425781,22.198355200649484,22.198355200649484,Multi-Year Starter,Consistent career presence; reliable rotational player or specialist.,nan,Single Season Contributor,Late bloomer or one-year starter; limited career longevity.,nan,Partial Season Contributor,Rotational backup or special teams contributor; limited starts.,nan,LB
202102116,Balansama Kamara,2021,LB,0.8159,33.8328,55.28372573852539,57.79266576468736,57.79266576468736,Partial Season Contributor,Rotational backup or special teams contributor; limited starts.,nan,Multi-Year Starter,Consistent career presence; reliable rotational player or specialist.,nan,Multi-Year Starter,Consistent career presence; reliable rotational player or specialist.,nan,LB
202102149,Alec Marenco,2021,LB,0.8148,27.6215,49.65639114379883,43.60816435342127,43.60816435342127,Partial Season Contributor,Rotational backup or special teams contributor; limited starts.,nan,Single Season Contributor,Late bloomer or one-year starter; limited career longevity.,nan,Single Season Contributor,Late bloomer or one-year starter; limited career longevity.,nan,LB
202102176,Lezeric Bailey,2021,LB,0.8133,35.0607,48.874393463134766,40.30178103172709,40.30178103172709,Partial Season Contributor,Rotational backup or special teams contributor; limited starts.,nan,Single Season Contributor,Late bloomer or one-year starter; limited career longevity.,nan,Single Season Contributor,Late bloomer or one-year starter; limited career longevity.,nan,LB
202102188,Naahlyee Bryant,2021,LB,0.8122,35.4938,40.76686096191406,22.3994502748518,22.3994502748518,Partial Season Contributor,Rotational backup or special teams contributor; limited starts.,nan,Single Season Contributor,Late bloomer or one-year starter; limited career longevity.,nan,Partial Season Contributor,Rotational backup or special teams contributor; limited starts.,nan,LB
202102242,Tyriek Bell,2021,LB,0.8111,42.072,48.95349884033203,40.700563698739316,40.700563698739316,Single Season Contributor,Late bloomer or one-year starter; limited career longevity.,nan,Single Season Contributor,Late bloomer or one-year starter; limited career longevity.,nan,Single Season Contributor,Late bloomer or one-year starter; limited career longevity.,nan,LB
202102243,Drue Watts,2021,LB,0.8111,66.4626,45.55324935913086,30.83622253824103,30.83622253824103,Meaningful G5 Contributor,Standout starter at the Group of 5 level; high-end depth in Power 4.,Potential Day 3 Pick,Single Season Contributor,Late bloomer or one-year starter; limited career longevity.,nan,Partial Season Contributor,Rotational backup or special teams contributor; limited starts.,nan,LB
202102245,Cam Burden,2021,LB,0.8111,56.5998,43.24587631225586,27.13625802833567,27.13625802833567,Multi-Year Starter,Consistent career presence; reliable rotational player or specialist.,nan,Single Season Contributor,Late bloomer or one-year starter; limited career longevity.,nan,Partial Season Contributor,Rotational backup or special teams contributor; limited starts.,nan,LB
202102249,Shepherd Bowling,2021,LB,0.8106,19.3371,41.48222732543945,23.750136455728825,23.750136455728825,Minimal D1 Impact,Roster filler; medical DQ; or transferred to lower levels.,nan,Single Season Contributor,Late bloomer or one-year starter; limited career longevity.,nan,Partial Season Contributor,Rotational backup or special teams contributor; limited starts.,nan,LB
202102262,Makhi Nelson-Douglas,2021,LB,0.8096,38.8899,43.82276916503906,27.96133775034119,27.96133775034119,Partial Season Contributor,Rotational backup or special teams contributor; limited starts.,nan,Single Season Contributor,Late bloomer or one-year starter; limited career longevity.,nan,Partial Season Contributor,Rotational backup or special teams contributor; limited starts.,nan,LB
202102267,Shane Slattery,2021,LB,0.8093,35.4152,40.361167907714844,21.63345954629104,21.63345954629104,Partial Season Contributor,Rotational backup or special teams contributor; limited starts.,nan,Single Season Contributor,Late bloomer or one-year starter; limited career longevity.,nan,Partial Season Contributor,Rotational backup or special teams contributor; limited starts.,nan,LB
202102273,Malakai Grant,2021,LB,0.8089,26.6087,48.43757629394531,38.91341527471275,38.91341527471275,Partial Season Contributor,Rotational backup or special teams contributor; limited starts.,nan,Single Season Contributor,Late bloomer or one-year starter; limited career longevity.,nan,Partial Season Contributor,Rotational backup or special teams contributor; limited starts.,nan,LB
202102295,Leon Williams,2021,LB,0.8081,28.9267,44.589500427246094,29.099401539321477,29.099401539321477,Partial Season Contributor,Rotational backup or special teams contributor; limited starts.,nan,Single Season Contributor,Late bloomer or one-year starter; limited career longevity.,nan,Partial Season Contributor,Rotational backup or special teams contributor; limited starts.,nan,LB
202102340,Mason Woods,2021,LB,0.8059,50.3241,46.03804016113281,31.71895628848646,31.71895628848646,Multi-Year Starter,Consistent career presence; reliable rotational player or specialist.,nan,Single Season Contributor,Late bloomer or one-year starter; limited career longevity.,nan,Partial Season Contributor,Rotational backup or special teams contributor; limited starts.,nan,LB
202102345,Eric Ford,2021,LB,0.8056,54.088,51.608436584472656,49.86603273956986,49.86603273956986,Multi-Year Starter,Consistent career presence; reliable rotational player or specialist.,nan,Multi-Year Starter,Consistent career presence; reliable rotational player or specialist.,nan,Single Season Contributor,Late bloomer or one-year starter; limited career longevity.,nan,LB
202102346,Isaac Walker,2021,LB,0.8056,43.3153,39.56734085083008,20.2427621282538,20.2427621282538,Single Season Contributor,Late bloomer or one-year starter; limited career longevity.,nan,Partial Season Contributor,Rotational backup or special teams contributor; limited starts.,nan,Partial Season Contributor,Rotational backup or special teams contributor; limited starts.,nan,LB
202102386,Shyhiem Scotland,2021,LB,0.8033,26.4871,56.152183532714844,59.0462390888505,59.0462390888505,Partial Season Contributor,Rotational backup or special teams contributor; limited starts.,nan,Multi-Year Starter,Consistent career presence; reliable rotational player or specialist.,nan,Multi-Year Starter,Consistent career presence; reliable rotational player or specialist.,nan,LB
202102409,Joey Stemler,2021,LB,0.8019,57.0868,44.375816345214844,28.752313078730033,28.752313078730033,Multi-Year Starter,Consistent career presence; reliable rotational player or specialist.,nan,Single Season Contributor,Late bloomer or one-year starter; limited career longevity.,nan,Partial Season Contributor,Rotational backup or special teams contributor; limited starts.,nan,LB
202102447,JD Roberts,2021,LB,0.8,24.2294,48.865352630615234,40.256204770897696,40.256204770897696,Partial Season Contributor,Rotational backup or special teams contributor; limited starts.,nan,Single Season Contributor,Late bloomer or one-year starter; limited career longevity.,nan,Single Season Contributor,Late bloomer or one-year starter; limited career longevity.,nan,LB
202102576,Shay Taylor,2021,LB,0.7904,57.5694,49.00794982910156,41.00941774599289,41.00941774599289,Multi-Year Starter,Consistent career presence; reliable rotational player or specialist.,nan,Single Season Contributor,Late bloomer or one-year starter; limited career longevity.,nan,Single Season Contributor,Late bloomer or one-year starter; limited career longevity.,nan,LB
202102637,Eldrick Robinson II,2021,LB,0.7833,52.2257,52.69999694824219,52.42769686669203,52.42769686669203,Multi-Year Starter,Consistent career presence; reliable rotational player or specialist.,nan,Multi-Year Starter,Consistent career presence; reliable rotational player or specialist.,nan,Multi-Year Starter,Consistent career presence; reliable rotational player or specialist.,nan,LB
202102702,Josiah Banks,2021,LB,0.7683,35.1992,47.168052673339844,35.0089149718999,35.0089149718999,Partial Season Contributor,Rotational backup or special teams contributor; limited starts.,nan,Single Season Contributor,Late bloomer or one-year starter; limited career longevity.,nan,Partial Season Contributor,Rotational backup or special teams contributor; limited starts.,nan,LB
202102706,Kalib Fortner,2021,LB,0.7683,56.1274,52.063323974609375,51.107827781023076,51.107827781023076,Multi-Year Starter,Consistent career presence; reliable rotational player or specialist.,nan,Multi-Year Starter,Consistent career presence; reliable rotational player or specialist.,nan,Multi-Year Starter,Consistent career presence; reliable rotational player or specialist.,nan,LB
202200007,C.J. Hicks,2022,LB,0.9948,63.2919,68.52076721191406,82.26317425907196,82.26317425907196,Meaningful G5 Contributor,Standout starter at the Group of 5 level; high-end depth in Power 4.,Potential Day 3 Pick,Meaningful G5 Contributor,Standout starter at the Group of 5 level; high-end depth in Power 4.,Potential Day 3 Pick,Elite Power 4,All-Conference/All-American honors.,First round NFL Draft talent,LB
202200008,Harold Perkins Jr.,2022,LB,0.9948,84.7915,69.15290832519531,83.34560254856015,83.34560254856015,Elite Power 4,All-Conference/All-American honors.,First round NFL Draft talent,Meaningful G5 Contributor,Standout starter at the Group of 5 level; high-end depth in Power 4.,Potential Day 3 Pick,Elite Power 4,All-Conference/All-American honors.,First round NFL Draft talent,LB
202200034,Jaylen Sneed,2022,LB,0.9835,63.1613,72.48455810546875,86.12988168930514,86.12988168930514,Meaningful G5 Contributor,Standout starter at the Group of 5 level; high-end depth in Power 4.,Potential Day 3 Pick,Meaningful P4 Contributor,Reliable multi-year starter at the highest level of competition.,Potential Day 2 Pick,Elite Power 4,All-Conference/All-American honors.,First round NFL Draft talent,LB
202200046,Jalon Walker,2022,LB,0.9803,79.1588,72.1797866821289,85.92563827061315,85.92563827061315,Meaningful P4 Contributor,Reliable multi-year starter at the highest level of competition.,Potential Day 2 Pick,Meaningful P4 Contributor,Reliable multi-year starter at the highest level of competition.,Potential Day 2 Pick,Elite Power 4,All-Conference/All-American honors.,First round NFL Draft talent,LB
202200067,Shemar James,2022,LB,0.9715,69.2887,63.27708435058594,72.63767318662025,72.63767318662025,Meaningful G5 Contributor,Standout starter at the Group of 5 level; high-end depth in Power 4.,Potential Day 3 Pick,Meaningful G5 Contributor,Standout starter at the Group of 5 level; high-end depth in Power 4.,Potential Day 3 Pick,Meaningful P4 Contributor,Reliable multi-year starter at the highest level of competition.,Potential Day 2 Pick,LB
202200072,Shawn Murphy,2022,LB,0.9709,58.3047,54.57622528076172,56.44660675965805,56.44660675965805,Multi-Year Starter,Consistent career presence; reliable rotational player or specialist.,nan,Multi-Year Starter,Consistent career presence; reliable rotational player or specialist.,nan,Multi-Year Starter,Consistent career presence; reliable rotational player or specialist.,nan,LB
202200096,Lander Barton,2022,LB,0.9587,67.2849,63.18046188354492,72.42232590618907,72.42232590618907,Meaningful G5 Contributor,Standout starter at the Group of 5 level; high-end depth in Power 4.,Potential Day 3 Pick,Meaningful G5 Contributor,Standout starter at the Group of 5 level; high-end depth in Power 4.,Potential Day 3 Pick,Meaningful P4 Contributor,Reliable multi-year starter at the highest level of competition.,Potential Day 2 Pick,LB
202200101,Gabe Powers,2022,LB,0.9563,60.0901,59.66878890991211,64.13120072167845,64.13120072167845,Meaningful G5 Contributor,Standout starter at the Group of 5 level; high-end depth in Power 4.,Potential Day 3 Pick,Multi-Year Starter,Consistent career presence; reliable rotational player or specialist.,nan,Meaningful G5 Contributor,Standout starter at the Group of 5 level; high-end depth in Power 4.,Potential Day 3 Pick,LB
202200109,Joshua Burnham,2022,LB,0.955,61.6636,62.93587875366211,71.87721136427564,71.87721136427564,Meaningful G5 Contributor,Standout starter at the Group of 5 level; high-end depth in Power 4.,Potential Day 3 Pick,Meaningful G5 Contributor,Standout starter at the Group of 5 level; high-end depth in Power 4.,Potential Day 3 Pick,Meaningful P4 Contributor,Reliable multi-year starter at the highest level of competition.,Potential Day 2 Pick,LB
202200119,Jaishawn Barham,2022,LB,0.9519,77.8783,63.05351257324219,72.13938768733048,72.13938768733048,Meaningful P4 Contributor,Reliable multi-year starter at the highest level of competition.,Potential Day 2 Pick,Meaningful G5 Contributor,Standout starter at the Group of 5 level; high-end depth in Power 4.,Potential Day 3 Pick,Meaningful P4 Contributor,Reliable multi-year starter at the highest level of competition.,Potential Day 2 Pick,LB
202200140,Devon Jackson,2022,LB,0.9428,62.9676,55.29461669921875,57.81829229183306,57.81829229183306,Meaningful G5 Contributor,Standout starter at the Group of 5 level; high-end depth in Power 4.,Potential Day 3 Pick,Multi-Year Starter,Consistent career presence; reliable rotational player or specialist.,nan,Multi-Year Starter,Consistent career presence; reliable rotational player or specialist.,nan,LB
202200141,Robert Woodyard Jr.,2022,LB,0.9425,56.1531,59.62461471557617,64.06153994447202,64.06153994447202,Multi-Year Starter,Consistent career presence; reliable rotational player or specialist.,nan,Multi-Year Starter,Consistent career presence; reliable rotational player or specialist.,nan,Meaningful G5 Contributor,Standout starter at the Group of 5 level; high-end depth in Power 4.,Potential Day 3 Pick,LB
202200148,Sebastian Cheeks,2022,LB,0.9406,59.976,62.666236877441406,71.19281487320636,71.19281487320636,Multi-Year Starter,Consistent career presence; reliable rotational player or specialist.,nan,Meaningful G5 Contributor,Standout starter at the Group of 5 level; high-end depth in Power 4.,Potential Day 3 Pick,Meaningful P4 Contributor,Reliable multi-year starter at the highest level of competition.,Potential Day 2 Pick,LB
202200159,Junior Tuihalamaka,2022,LB,0.9373,62.0799,63.90675735473633,73.85182663164774,73.85182663164774,Meaningful G5 Contributor,Standout starter at the Group of 5 level; high-end depth in Power 4.,Potential Day 3 Pick,Meaningful G5 Contributor,Standout starter at the Group of 5 level; high-end depth in Power 4.,Potential Day 3 Pick,Meaningful P4 Contributor,Reliable multi-year starter at the highest level of competition.,Potential Day 2 Pick,LB
202200164,Kobie McKinzie,2022,LB,0.9341,61.3729,60.480472564697266,65.20954435763247,65.20954435763247,Meaningful G5 Contributor,Standout starter at the Group of 5 level; high-end depth in Power 4.,Potential Day 3 Pick,Meaningful G5 Contributor,Standout starter at the Group of 5 level; high-end depth in Power 4.,Potential Day 3 Pick,Meaningful G5 Contributor,Standout starter at the Group of 5 level; high-end depth in Power 4.,Potential Day 3 Pick,LB
202200178,Moses Walker,2022,LB,0.9297,57.3203,48.513790130615234,39.28804535140039,39.28804535140039,Multi-Year Starter,Consistent career presence; reliable rotational player or specialist.,nan,Single Season Contributor,Late bloomer or one-year starter; limited career longevity.,nan,Partial Season Contributor,Rotational backup or special teams contributor; limited starts.,nan,LB
202200188,Wesley Bissainthe,2022,LB,0.9274,64.0242,62.13227081298828,69.38254060089031,69.38254060089031,Meaningful G5 Contributor,Standout starter at the Group of 5 level; high-end depth in Power 4.,Potential Day 3 Pick,Meaningful G5 Contributor,Standout starter at the Group of 5 level; high-end depth in Power 4.,Potential Day 3 Pick,Meaningful G5 Contributor,Standout starter at the Group of 5 level; high-end depth in Power 4.,Potential Day 3 Pick,LB
202200197,Keaten Wade,2022,LB,0.9222,57.4614,64.42485809326172,75.2709534486938,75.2709534486938,Multi-Year Starter,Consistent career presence; reliable rotational player or specialist.,nan,Meaningful G5 Contributor,Standout starter at the Group of 5 level; high-end depth in Power 4.,Potential Day 3 Pick,Meaningful P4 Contributor,Reliable multi-year starter at the highest level of competition.,Potential Day 2 Pick,LB
202200204,DeMario Tolan,2022,LB,0.9204,47.185,62.4443359375,70.32745903324187,70.32745903324187,Single Season Contributor,Late bloomer or one-year starter; limited career longevity.,nan,Meaningful G5 Contributor,Standout starter at the Group of 5 level; high-end depth in Power 4.,Potential Day 3 Pick,Meaningful P4 Contributor,Reliable multi-year starter at the highest level of competition.,Potential Day 2 Pick,LB
202200222,Jimmy Rolder,2022,LB,0.9151,62.9128,56.759586334228516,60.075610633115595,60.075610633115595,Meaningful G5 Contributor,Standout starter at the Group of 5 level; high-end depth in Power 4.,Potential Day 3 Pick,Multi-Year Starter,Consistent career presence; reliable rotational player or specialist.,nan,Meaningful G5 Contributor,Standout starter at the Group of 5 level; high-end depth in Power 4.,Potential Day 3 Pick,LB
202200253,Kip Lewis,2022,LB,0.9098,70.6256,58.63134765625,62.90455472874011,62.90455472874011,Meaningful P4 Contributor,Reliable multi-year starter at the highest level of competition.,Potential Day 2 Pick,Multi-Year Starter,Consistent career presence; reliable rotational player or specialist.,nan,Meaningful G5 Contributor,Standout starter at the Group of 5 level; high-end depth in Power 4.,Potential Day 3 Pick,LB
202200264,Tevarua Tafiti,2022,LB,0.9079,68.9713,55.50509262084961,58.12188360506301,58.12188360506301,Meaningful G5 Contributor,Standout starter at the Group of 5 level; high-end depth in Power 4.,Potential Day 3 Pick,Multi-Year Starter,Consistent career presence; reliable rotational player or specialist.,nan,Multi-Year Starter,Consistent career presence; reliable rotational player or specialist.,nan,LB
202200284,Martrell Harris Jr.,2022,LB,0.9038,52.4685,56.432037353515625,59.46109667971199,59.46109667971199,Multi-Year Starter,Consistent career presence; reliable rotational player or specialist.,nan,Multi-Year Starter,Consistent career presence; reliable rotational player or specialist.,nan,Multi-Year Starter,Consistent career presence; reliable rotational player or specialist.,nan,LB
202200287,Abdul Carter,2022,LB,0.9028,90.7395,62.824440002441406,71.59569681082333,71.59569681082333,Elite Power 4,All-Conference/All-American honors.,First round NFL Draft talent,Meaningful G5 Contributor,Standout starter at the Group of 5 level; high-end depth in Power 4.,Potential Day 3 Pick,Meaningful P4 Contributor,Reliable multi-year starter at the highest level of competition.,Potential Day 2 Pick,LB
202200304,Stone Blanton,2022,LB,0.9011,60.3903,56.58348846435547,59.75392142367286,59.75392142367286,Meaningful G5 Contributor,Standout starter at the Group of 5 level; high-end depth in Power 4.,Potential Day 3 Pick,Multi-Year Starter,Consistent career presence; reliable rotational player or specialist.,nan,Multi-Year Starter,Consistent career presence; reliable rotational player or specialist.,nan,LB
202200370,Dishawn Misa,2022,LB,0.8949,42.1509,56.82029724121094,60.21325596069853,60.21325596069853,Single Season Contributor,Late bloomer or one-year starter; limited career longevity.,nan,Multi-Year Starter,Consistent career presence; reliable rotational player or specialist.,nan,Meaningful G5 Contributor,Standout starter at the Group of 5 level; high-end depth in Power 4.,Potential Day 3 Pick,LB
202200377,Harrison Taggart,2022,LB,0.8943,59.7123,61.35260772705078,67.09165140007758,67.09165140007758,Multi-Year Starter,Consistent career presence; reliable rotational player or specialist.,nan,Meaningful G5 Contributor,Standout starter at the Group of 5 level; high-end depth in Power 4.,Potential Day 3 Pick,Meaningful G5 Contributor,Standout starter at the Group of 5 level; high-end depth in Power 4.,Potential Day 3 Pick,LB
202200411,Donovan Westmoreland,2022,LB,0.8915,47.3421,56.855464935302734,60.29902162696078,60.29902162696078,Single Season Contributor,Late bloomer or one-year starter; limited career longevity.,nan,Multi-Year Starter,Consistent career presence; reliable rotational player or specialist.,nan,Meaningful G5 Contributor,Standout starter at the Group of 5 level; high-end depth in Power 4.,Potential Day 3 Pick,LB
202200438,Javae Gilmore,2022,LB,0.8889,51.9777,61.22945785522461,66.86442176671484,66.86442176671484,Multi-Year Starter,Consistent career presence; reliable rotational player or specialist.,nan,Meaningful G5 Contributor,Standout starter at the Group of 5 level; high-end depth in Power 4.,Potential Day 3 Pick,Meaningful G5 Contributor,Standout starter at the Group of 5 level; high-end depth in Power 4.,Potential Day 3 Pick,LB
202200442,Keon Wylie,2022,LB,0.8889,57.1799,59.808799743652344,64.2859639040358,64.2859639040358,Multi-Year Starter,Consistent career presence; reliable rotational player or specialist.,nan,Multi-Year Starter,Consistent career presence; reliable rotational player or specialist.,nan,Meaningful G5 Contributor,Standout starter at the Group of 5 level; high-end depth in Power 4.,Potential Day 3 Pick,LB
202200457,Trey Lathan,2022,LB,0.8869,68.2792,57.66111755371094,61.5322525791916,61.5322525791916,Meaningful G5 Contributor,Standout starter at the Group of 5 level; high-end depth in Power 4.,Potential Day 3 Pick,Multi-Year Starter,Consistent career presence; reliable rotational player or specialist.,nan,Meaningful G5 Contributor,Standout starter at the Group of 5 level; high-end depth in Power 4.,Potential Day 3 Pick,LB
202200473,Justin Medlock,2022,LB,0.8859,58.1516,51.638938903808594,49.91600592365566,49.91600592365566,Multi-Year Starter,Consistent career presence; reliable rotational player or specialist.,nan,Multi-Year Starter,Consistent career presence; reliable rotational player or specialist.,nan,Single Season Contributor,Late bloomer or one-year starter; limited career longevity.,nan,LB
202200480,Jacob Imming,2022,LB,0.8859,50.1863,59.529930114746094,63.91222645992613,63.91222645992613,Multi-Year Starter,Consistent career presence; reliable rotational player or specialist.,nan,Multi-Year Starter,Consistent career presence; reliable rotational player or specialist.,nan,Meaningful G5 Contributor,Standout starter at the Group of 5 level; high-end depth in Power 4.,Potential Day 3 Pick,LB
202200484,Melvin Jordan IV,2022,LB,0.8856,57.7324,64.35044860839844,75.03943157992316,75.03943157992316,Multi-Year Starter,Consistent career presence; reliable rotational player or specialist.,nan,Meaningful G5 Contributor,Standout starter at the Group of 5 level; high-end depth in Power 4.,Potential Day 3 Pick,Meaningful P4 Contributor,Reliable multi-year starter at the highest level of competition.,Potential Day 2 Pick,LB
202200494,EJ Lightsey,2022,LB,0.8848,55.3158,56.11314392089844,58.98210618371211,58.98210618371211,Multi-Year Starter,Consistent career presence; reliable rotational player or specialist.,nan,Multi-Year Starter,Consistent career presence; reliable rotational player or specialist.,nan,Multi-Year Starter,Consistent career presence; reliable rotational player or specialist.,nan,LB
202200507,Langston Patterson,2022,LB,0.8837,63.1149,60.13676834106445,64.54589838111178,64.54589838111178,Meaningful G5 Contributor,Standout starter at the Group of 5 level; high-end depth in Power 4.,Potential Day 3 Pick,Meaningful G5 Contributor,Standout starter at the Group of 5 level; high-end depth in Power 4.,Potential Day 3 Pick,Meaningful G5 Contributor,Standout starter at the Group of 5 level; high-end depth in Power 4.,Potential Day 3 Pick,LB
202200525,Trevell Johnson,2022,LB,0.8826,38.5008,56.64699935913086,59.853261431126874,59.853261431126874,Partial Season Contributor,Rotational backup or special teams contributor; limited starts.,nan,Multi-Year Starter,Consistent career presence; reliable rotational player or specialist.,nan,Multi-Year Starter,Consistent career presence; reliable rotational player or specialist.,nan,LB
202200551,Aidan Vaughan,2022,LB,0.8815,44.9239,56.33320236206055,59.325185301992605,59.325185301992605,Single Season Contributor,Late bloomer or one-year starter; limited career longevity.,nan,Multi-Year Starter,Consistent career presence; reliable rotational player or specialist.,nan,Multi-Year Starter,Consistent career presence; reliable rotational player or specialist.,nan,LB
202200560,Mani Powell,2022,LB,0.8807,69.6341,55.854278564453125,58.560178348342184,58.560178348342184,Meaningful G5 Contributor,Standout starter at the Group of 5 level; high-end depth in Power 4.,Potential Day 3 Pick,Multi-Year Starter,Consistent career presence; reliable rotational player or specialist.,nan,Multi-Year Starter,Consistent career presence; reliable rotational player or specialist.,nan,LB
202200565,Ty Kana,2022,LB,0.8804,33.6226,55.227012634277344,57.65921932718288,57.65921932718288,Partial Season Contributor,Rotational backup or special teams contributor; limited starts.,nan,Multi-Year Starter,Consistent career presence; reliable rotational player or specialist.,nan,Multi-Year Starter,Consistent career presence; reliable rotational player or specialist.,nan,LB
202200566,Jordan Crook,2022,LB,0.8804,63.3107,57.01942825317383,60.71053689503065,60.71053689503065,Meaningful G5 Contributor,Standout starter at the Group of 5 level; high-end depth in Power 4.,Potential Day 3 Pick,Multi-Year Starter,Consistent career presence; reliable rotational player or specialist.,nan,Meaningful G5 Contributor,Standout starter at the Group of 5 level; high-end depth in Power 4.,Potential Day 3 Pick,LB
202200573,Jalen Woods,2022,LB,0.8796,61.7898,56.37882995605469,59.383997881108044,59.383997881108044,Meaningful G5 Contributor,Standout starter at the Group of 5 level; high-end depth in Power 4.,Potential Day 3 Pick,Multi-Year Starter,Consistent career presence; reliable rotational player or specialist.,nan,Multi-Year Starter,Consistent career presence; reliable rotational player or specialist.,nan,LB
202200578,Daejuan Thompson,2022,LB,0.8793,29.9519,55.54290008544922,58.18280263976206,58.18280263976206,Partial Season Contributor,Rotational backup or special teams contributor; limited starts.,nan,Multi-Year Starter,Consistent career presence; reliable rotational player or specialist.,nan,Multi-Year Starter,Consistent career presence; reliable rotational player or specialist.,nan,LB
202200593,Jeremy Evans,2022,LB,0.8785,55.4099,51.3786506652832,49.20798917896303,49.20798917896303,Multi-Year Starter,Consistent career presence; reliable rotational player or specialist.,nan,Multi-Year Starter,Consistent career presence; reliable rotational player or specialist.,nan,Single Season Contributor,Late bloomer or one-year starter; limited career longevity.,nan,LB
202200620,Taariq Al-Uqdah,2022,LB,0.8774,52.8965,59.76316452026367,64.25336068974626,64.25336068974626,Multi-Year Starter,Consistent career presence; reliable rotational player or specialist.,nan,Multi-Year Starter,Consistent career presence; reliable rotational player or specialist.,nan,Meaningful G5 Contributor,Standout starter at the Group of 5 level; high-end depth in Power 4.,Potential Day 3 Pick,LB
202200629,Omar Graham Jr.,2022,LB,0.877,60.7908,57.23876190185547,61.03862654187911,61.03862654187911,Meaningful G5 Contributor,Standout starter at the Group of 5 level; high-end depth in Power 4.,Potential Day 3 Pick,Multi-Year Starter,Consistent career presence; reliable rotational player or specialist.,nan,Meaningful G5 Contributor,Standout starter at the Group of 5 level; high-end depth in Power 4.,Potential Day 3 Pick,LB
202200641,Tyler Martin,2022,LB,0.8759,54.8549,62.647560119628906,71.14525242223769,71.14525242223769,Multi-Year Starter,Consistent career presence; reliable rotational player or specialist.,nan,Meaningful G5 Contributor,Standout starter at the Group of 5 level; high-end depth in Power 4.,Potential Day 3 Pick,Meaningful P4 Contributor,Reliable multi-year starter at the highest level of competition.,Potential Day 2 Pick,LB
202200646,Aubrey Smith,2022,LB,0.8759,46.2718,56.866920471191406,60.32695896244029,60.32695896244029,Single Season Contributor,Late bloomer or one-year starter; limited career longevity.,nan,Multi-Year Starter,Consistent career presence; reliable rotational player or specialist.,nan,Meaningful G5 Contributor,Standout starter at the Group of 5 level; high-end depth in Power 4.,Potential Day 3 Pick,LB
202200649,Owen Pewee,2022,LB,0.8756,57.8006,39.87751770019531,20.783861507388124,20.783861507388124,Multi-Year Starter,Consistent career presence; reliable rotational player or specialist.,nan,Partial Season Contributor,Rotational backup or special teams contributor; limited starts.,nan,Partial Season Contributor,Rotational backup or special teams contributor; limited starts.,nan,LB
202200674,Jared Badie,2022,LB,0.8748,49.2287,51.43505096435547,49.3747043091802,49.3747043091802,Single Season Contributor,Late bloomer or one-year starter; limited career longevity.,nan,Multi-Year Starter,Consistent career presence; reliable rotational player or specialist.,nan,Single Season Contributor,Late bloomer or one-year starter; limited career longevity.,nan,LB
202200679,Ernest Hausmann,2022,LB,0.8741,71.5553,52.87643814086914,52.80111904081888,52.80111904081888,Meaningful P4 Contributor,Reliable multi-year starter at the highest level of competition.,Potential Day 2 Pick,Multi-Year Starter,Consistent career presence; reliable rotational player or specialist.,nan,Multi-Year Starter,Consistent career presence; reliable rotational player or specialist.,nan,LB
202200690,Will McLaughlin,2022,LB,0.8737,60.7828,62.338783264160156,69.97966472327062,69.97966472327062,Meaningful G5 Contributor,Standout starter at the Group of 5 level; high-end depth in Power 4.,Potential Day 3 Pick,Meaningful G5 Contributor,Standout starter at the Group of 5 level; high-end depth in Power 4.,Potential Day 3 Pick,Meaningful G5 Contributor,Standout starter at the Group of 5 level; high-end depth in Power 4.,Potential Day 3 Pick,LB
202200700,Raleigh Collins III,2022,LB,0.8737,31.5812,62.49144744873047,70.52546349190435,70.52546349190435,Partial Season Contributor,Rotational backup or special teams contributor; limited starts.,nan,Meaningful G5 Contributor,Standout starter at the Group of 5 level; high-end depth in Power 4.,Potential Day 3 Pick,Meaningful P4 Contributor,Reliable multi-year starter at the highest level of competition.,Potential Day 2 Pick,LB
202200711,Elijah Herring,2022,LB,0.873,62.1836,58.05642318725586,62.11092900374576,62.11092900374576,Meaningful G5 Contributor,Standout starter at the Group of 5 level; high-end depth in Power 4.,Potential Day 3 Pick,Multi-Year Starter,Consistent career presence; reliable rotational player or specialist.,nan,Meaningful G5 Contributor,Standout starter at the Group of 5 level; high-end depth in Power 4.,Potential Day 3 Pick,LB
202200719,Micah Pollard,2022,LB,0.8726,53.8876,56.66312789916992,59.8784887451707,59.8784887451707,Multi-Year Starter,Consistent career presence; reliable rotational player or specialist.,nan,Multi-Year Starter,Consistent career presence; reliable rotational player or specialist.,nan,Multi-Year Starter,Consistent career presence; reliable rotational player or specialist.,nan,LB
202200751,Kenny Soares Jr.,2022,LB,0.8715,61.6887,55.9692268371582,58.763373472667325,58.763373472667325,Meaningful G5 Contributor,Standout starter at the Group of 5 level; high-end depth in Power 4.,Potential Day 3 Pick,Multi-Year Starter,Consistent career presence; reliable rotational player or specialist.,nan,Multi-Year Starter,Consistent career presence; reliable rotational player or specialist.,nan,LB
202200831,Kalib Perry,2022,LB,0.8674,63.2078,48.24492263793945,38.09933718321781,38.09933718321781,Meaningful G5 Contributor,Standout starter at the Group of 5 level; high-end depth in Power 4.,Potential Day 3 Pick,Single Season Contributor,Late bloomer or one-year starter; limited career longevity.,nan,Partial Season Contributor,Rotational backup or special teams contributor; limited starts.,nan,LB
202200868,Tobi Osunsanmi,2022,LB,0.8657,51.0953,50.866249084472656,47.729250975976456,47.729250975976456,Multi-Year Starter,Consistent career presence; reliable rotational player or specialist.,nan,Multi-Year Starter,Consistent career presence; reliable rotational player or specialist.,nan,Single Season Contributor,Late bloomer or one-year starter; limited career longevity.,nan,LB
202200872,Avery Sledge,2022,LB,0.8656,57.2066,57.54491424560547,61.38913119888822,61.38913119888822,Multi-Year Starter,Consistent career presence; reliable rotational player or specialist.,nan,Multi-Year Starter,Consistent career presence; reliable rotational player or specialist.,nan,Meaningful G5 Contributor,Standout starter at the Group of 5 level; high-end depth in Power 4.,Potential Day 3 Pick,LB
202200880,Eoghan Kerry,2022,LB,0.8652,46.2718,54.130470275878906,55.675902993633876,55.675902993633876,Single Season Contributor,Late bloomer or one-year starter; limited career longevity.,nan,Multi-Year Starter,Consistent career presence; reliable rotational player or specialist.,nan,Multi-Year Starter,Consistent career presence; reliable rotational player or specialist.,nan,LB
202200895,Garrison Madden,2022,LB,0.8644,55.9163,53.944026947021484,55.26005650384956,55.26005650384956,Multi-Year Starter,Consistent career presence; reliable rotational player or specialist.,nan,Multi-Year Starter,Consistent career presence; reliable rotational player or specialist.,nan,Multi-Year Starter,Consistent career presence; reliable rotational player or specialist.,nan,LB
202200917,Jacob Manu,2022,LB,0.8637,71.8534,56.13328170776367,59.0138724561219,59.0138724561219,Meaningful P4 Contributor,Reliable multi-year starter at the highest level of competition.,Potential Day 2 Pick,Multi-Year Starter,Consistent career presence; reliable rotational player or specialist.,nan,Multi-Year Starter,Consistent career presence; reliable rotational player or specialist.,nan,LB
202200930,Taylor Love,2022,LB,0.863,23.6064,56.58195495605469,59.75152280015213,59.75152280015213,Partial Season Contributor,Rotational backup or special teams contributor; limited starts.,nan,Multi-Year Starter,Consistent career presence; reliable rotational player or specialist.,nan,Multi-Year Starter,Consistent career presence; reliable rotational player or specialist.,nan,LB
202200953,Kaleb Brown,2022,LB,0.8622,51.0718,57.07927322387695,60.8233170004759,60.8233170004759,Multi-Year Starter,Consistent career presence; reliable rotational player or specialist.,nan,Multi-Year Starter,Consistent career presence; reliable rotational player or specialist.,nan,Meaningful G5 Contributor,Standout starter at the Group of 5 level; high-end depth in Power 4.,Potential Day 3 Pick,LB
202200957,Treylin Payne,2022,LB,0.8619,60.9104,52.634132385253906,52.32726808823837,52.32726808823837,Meaningful G5 Contributor,Standout starter at the Group of 5 level; high-end depth in Power 4.,Potential Day 3 Pick,Multi-Year Starter,Consistent career presence; reliable rotational player or specialist.,nan,Multi-Year Starter,Consistent career presence; reliable rotational player or specialist.,nan,LB
202200959,Kadin Bailey,2022,LB,0.8619,53.255,54.70820617675781,56.77618959022473,56.77618959022473,Multi-Year Starter,Consistent career presence; reliable rotational player or specialist.,nan,Multi-Year Starter,Consistent career presence; reliable rotational player or specialist.,nan,Multi-Year Starter,Consistent career presence; reliable rotational player or specialist.,nan,LB
202200989,TJ Bullard,2022,LB,0.8607,54.0697,47.21208190917969,35.13487362065375,35.13487362065375,Multi-Year Starter,Consistent career presence; reliable rotational player or specialist.,nan,Single Season Contributor,Late bloomer or one-year starter; limited career longevity.,nan,Partial Season Contributor,Rotational backup or special teams contributor; limited starts.,nan,LB
202201004,Isaiah Jones,2022,LB,0.86,70.4402,57.60045623779297,61.462432642931624,61.462432642931624,Meaningful P4 Contributor,Reliable multi-year starter at the highest level of competition.,Potential Day 2 Pick,Multi-Year Starter,Consistent career presence; reliable rotational player or specialist.,nan,Meaningful G5 Contributor,Standout starter at the Group of 5 level; high-end depth in Power 4.,Potential Day 3 Pick,LB
202201007,Stevie Bracey,2022,LB,0.86,50.5967,57.350372314453125,61.13942691234296,61.13942691234296,Multi-Year Starter,Consistent career presence; reliable rotational player or specialist.,nan,Multi-Year Starter,Consistent career presence; reliable rotational player or specialist.,nan,Meaningful G5 Contributor,Standout starter at the Group of 5 level; high-end depth in Power 4.,Potential Day 3 Pick,LB
202201009,Deuce Spurlock II,2022,LB,0.86,38.2865,41.86994552612305,24.48542441878402,24.48542441878402,Partial Season Contributor,Rotational backup or special teams contributor; limited starts.,nan,Single Season Contributor,Late bloomer or one-year starter; limited career longevity.,nan,Partial Season Contributor,Rotational backup or special teams contributor; limited starts.,nan,LB
202201026,Corey Yeoman,2022,LB,0.8593,40.9099,54.06117248535156,55.52609624966793,55.52609624966793,Single Season Contributor,Late bloomer or one-year starter; limited career longevity.,nan,Multi-Year Starter,Consistent career presence; reliable rotational player or specialist.,nan,Multi-Year Starter,Consistent career presence; reliable rotational player or specialist.,nan,LB
202201039,Kellan Wyatt,2022,LB,0.8589,70.116,59.12028121948242,63.32221266242072,63.32221266242072,Meaningful P4 Contributor,Reliable multi-year starter at the highest level of competition.,Potential Day 2 Pick,Multi-Year Starter,Consistent career presence; reliable rotational player or specialist.,nan,Meaningful G5 Contributor,Standout starter at the Group of 5 level; high-end depth in Power 4.,Potential Day 3 Pick,LB
202201056,Bryce Cowan,2022,LB,0.8578,60.3748,51.57757568359375,49.790979935814676,49.790979935814676,Meaningful G5 Contributor,Standout starter at the Group of 5 level; high-end depth in Power 4.,Potential Day 3 Pick,Multi-Year Starter,Consistent career presence; reliable rotational player or specialist.,nan,Single Season Contributor,Late bloomer or one-year starter; limited career longevity.,nan,LB
202201061,Aaron Alexander,2022,LB,0.8578,59.0073,57.33076477050781,61.12171845981086,61.12171845981086,Multi-Year Starter,Consistent career presence; reliable rotational player or specialist.,nan,Multi-Year Starter,Consistent career presence; reliable rotational player or specialist.,nan,Meaningful G5 Contributor,Standout starter at the Group of 5 level; high-end depth in Power 4.,Potential Day 3 Pick,LB
202201072,AJ Odom,2022,LB,0.8574,37.1871,46.96453094482422,34.42668088523246,34.42668088523246,Partial Season Contributor,Rotational backup or special teams contributor; limited starts.,nan,Single Season Contributor,Late bloomer or one-year starter; limited career longevity.,nan,Partial Season Contributor,Rotational backup or special teams contributor; limited starts.,nan,LB
202201094,Kyle Efford,2022,LB,0.8567,67.1672,59.44406509399414,63.811711201175015,63.811711201175015,Meaningful G5 Contributor,Standout starter at the Group of 5 level; high-end depth in Power 4.,Potential Day 3 Pick,Multi-Year Starter,Consistent career presence; reliable rotational player or specialist.,nan,Meaningful G5 Contributor,Standout starter at the Group of 5 level; high-end depth in Power 4.,Potential Day 3 Pick,LB
202201102,Trip White,2022,LB,0.8563,57.0006,48.68449020385742,39.77512224696544,39.77512224696544,Multi-Year Starter,Consistent career presence; reliable rotational player or specialist.,nan,Single Season Contributor,Late bloomer or one-year starter; limited career longevity.,nan,Partial Season Contributor,Rotational backup or special teams contributor; limited starts.,nan,LB
202201104,Leon Hart Jr.,2022,LB,0.8563,50.978,47.836341857910156,36.709174795198315,36.709174795198315,Multi-Year Starter,Consistent career presence; reliable rotational player or specialist.,nan,Single Season Contributor,Late bloomer or one-year starter; limited career longevity.,nan,Partial Season Contributor,Rotational backup or special teams contributor; limited starts.,nan,LB
202201131,Malachi Hood,2022,LB,0.8552,55.9737,54.30942153930664,55.991792882836684,55.991792882836684,Multi-Year Starter,Consistent career presence; reliable rotational player or specialist.,nan,Multi-Year Starter,Consistent career presence; reliable rotational player or specialist.,nan,Multi-Year Starter,Consistent career presence; reliable rotational player or specialist.,nan,LB
202201142,Gabe Brown,2022,LB,0.8544,52.1725,48.01942443847656,37.44362474198811,37.44362474198811,Multi-Year Starter,Consistent career presence; reliable rotational player or specialist.,nan,Single Season Contributor,Late bloomer or one-year starter; limited career longevity.,nan,Partial Season Contributor,Rotational backup or special teams contributor; limited starts.,nan,LB
202201152,Ben Roberts,2022,LB,0.8541,66.8975,47.32460403442383,35.41652116411922,35.41652116411922,Meaningful G5 Contributor,Standout starter at the Group of 5 level; high-end depth in Power 4.,Potential Day 3 Pick,Single Season Contributor,Late bloomer or one-year starter; limited career longevity.,nan,Partial Season Contributor,Rotational backup or special teams contributor; limited starts.,nan,LB
202201159,Gage Stenger,2022,LB,0.8537,37.7922,53.895137786865234,55.14265650708853,55.14265650708853,Partial Season Contributor,Rotational backup or special teams contributor; limited starts.,nan,Multi-Year Starter,Consistent career presence; reliable rotational player or specialist.,nan,Multi-Year Starter,Consistent career presence; reliable rotational player or specialist.,nan,LB
202201160,Daveon Crouch,2022,LB,0.8533,59.3126,51.317745208740234,49.02795713506399,49.02795713506399,Multi-Year Starter,Consistent career presence; reliable rotational player or specialist.,nan,Multi-Year Starter,Consistent career presence; reliable rotational player or specialist.,nan,Single Season Contributor,Late bloomer or one-year starter; limited career longevity.,nan,LB
202201166,Mekhi Mason,2022,LB,0.8533,49.417,54.401878356933594,56.13026154534587,56.13026154534587,Single Season Contributor,Late bloomer or one-year starter; limited career longevity.,nan,Multi-Year Starter,Consistent career presence; reliable rotational player or specialist.,nan,Multi-Year Starter,Consistent career presence; reliable rotational player or specialist.,nan,LB
202201177,Kobe McCloud,2022,LB,0.853,54.5097,54.91020202636719,57.247329887538214,57.247329887538214,Multi-Year Starter,Consistent career presence; reliable rotational player or specialist.,nan,Multi-Year Starter,Consistent career presence; reliable rotational player or specialist.,nan,Multi-Year Starter,Consistent career presence; reliable rotational player or specialist.,nan,LB
202201178,Jonathan Thompson,2022,LB,0.853,58.7634,56.02070999145508,58.84171253730568,58.84171253730568,Multi-Year Starter,Consistent career presence; reliable rotational player or specialist.,nan,Multi-Year Starter,Consistent career presence; reliable rotational player or specialist.,nan,Multi-Year Starter,Consistent career presence; reliable rotational player or specialist.,nan,LB
202201200,Carter Wyatt,2022,LB,0.8522,23.7905,54.967227935791016,57.295872760280815,57.295872760280815,Partial Season Contributor,Rotational backup or special teams contributor; limited starts.,nan,Multi-Year Starter,Consistent career presence; reliable rotational player or specialist.,nan,Multi-Year Starter,Consistent career presence; reliable rotational player or specialist.,nan,LB
202201201,Jake Clifton,2022,LB,0.8522,52.51,53.32577896118164,54.05016404044135,54.05016404044135,Multi-Year Starter,Consistent career presence; reliable rotational player or specialist.,nan,Multi-Year Starter,Consistent career presence; reliable rotational player or specialist.,nan,Multi-Year Starter,Consistent career presence; reliable rotational player or specialist.,nan,LB
202201222,Jason Reynolds,2022,LB,0.8517,39.945,41.42053985595703,23.63366409022289,23.63366409022289,Partial Season Contributor,Rotational backup or special teams contributor; limited starts.,nan,Single Season Contributor,Late bloomer or one-year starter; limited career longevity.,nan,Partial Season Contributor,Rotational backup or special teams contributor; limited starts.,nan,LB
202201249,Carson Willich,2022,LB,0.8504,53.9665,54.27268981933594,55.92953156785743,55.92953156785743,Multi-Year Starter,Consistent career presence; reliable rotational player or specialist.,nan,Multi-Year Starter,Consistent career presence; reliable rotational player or specialist.,nan,Multi-Year Starter,Consistent career presence; reliable rotational player or specialist.,nan,LB
202201284,Tray Brown,2022,LB,0.8496,56.0825,52.34157943725586,51.77940460653739,51.77940460653739,Multi-Year Starter,Consistent career presence; reliable rotational player or specialist.,nan,Multi-Year Starter,Consistent career presence; reliable rotational player or specialist.,nan,Multi-Year Starter,Consistent career presence; reliable rotational player or specialist.,nan,LB
202201289,Landyn Van Kekerix,2022,LB,0.8493,52.6169,53.20018768310547,53.65946549935408,53.65946549935408,Multi-Year Starter,Consistent career presence; reliable rotational player or specialist.,nan,Multi-Year Starter,Consistent career presence; reliable rotational player or specialist.,nan,Multi-Year Starter,Consistent career presence; reliable rotational player or specialist.,nan,LB
202201298,Jordan Kwiatkowski,2022,LB,0.8489,57.0271,52.401817321777344,51.93315701087064,51.93315701087064,Multi-Year Starter,Consistent career presence; reliable rotational player or specialist.,nan,Multi-Year Starter,Consistent career presence; reliable rotational player or specialist.,nan,Multi-Year Starter,Consistent career presence; reliable rotational player or specialist.,nan,LB
202201299,Malaki Te'o,2022,LB,0.8489,38.0461,50.82265090942383,47.485588157228875,47.485588157228875,Partial Season Contributor,Rotational backup or special teams contributor; limited starts.,nan,Multi-Year Starter,Consistent career presence; reliable rotational player or specialist.,nan,Single Season Contributor,Late bloomer or one-year starter; limited career longevity.,nan,LB
202201303,Kam Moore,2022,LB,0.8489,56.6782,53.358619689941406,54.154758197218946,54.154758197218946,Multi-Year Starter,Consistent career presence; reliable rotational player or specialist.,nan,Multi-Year Starter,Consistent career presence; reliable rotational player or specialist.,nan,Multi-Year Starter,Consistent career presence; reliable rotational player or specialist.,nan,LB
202201318,Hudson Cedarland,2022,LB,0.8481,45.4579,53.35916519165039,54.15606267008142,54.15606267008142,Single Season Contributor,Late bloomer or one-year starter; limited career longevity.,nan,Multi-Year Starter,Consistent career presence; reliable rotational player or specialist.,nan,Multi-Year Starter,Consistent career presence; reliable rotational player or specialist.,nan,LB
202201324,Joey Gerlach,2022,LB,0.8478,59.2541,52.69205093383789,52.409325618752526,52.409325618752526,Multi-Year Starter,Consistent career presence; reliable rotational player or specialist.,nan,Multi-Year Starter,Consistent career presence; reliable rotational player or specialist.,nan,Multi-Year Starter,Consistent career presence; reliable rotational player or specialist.,nan,LB
202201381,Jake Gassaway,2022,LB,0.8456,51.8067,55.5944709777832,58.265898637148446,58.265898637148446,Multi-Year Starter,Consistent career presence; reliable rotational player or specialist.,nan,Multi-Year Starter,Consistent career presence; reliable rotational player or specialist.,nan,Multi-Year Starter,Consistent career presence; reliable rotational player or specialist.,nan,LB
202201398,Kaiden Turner,2022,LB,0.8456,56.1788,52.961029052734375,52.953591856176985,52.953591856176985,Multi-Year Starter,Consistent career presence; reliable rotational player or specialist.,nan,Multi-Year Starter,Consistent career presence; reliable rotational player or specialist.,nan,Multi-Year Starter,Consistent career presence; reliable rotational player or specialist.,nan,LB
202201404,James Smyre,2022,LB,0.8448,53.5795,41.186336517333984,23.19146380080128,23.19146380080128,Multi-Year Starter,Consistent career presence; reliable rotational player or specialist.,nan,Single Season Contributor,Late bloomer or one-year starter; limited career longevity.,nan,Partial Season Contributor,Rotational backup or special teams contributor; limited starts.,nan,LB
202201407,Justin Eklund,2022,LB,0.8448,47.7869,50.47381591796875,46.30105262637339,46.30105262637339,Single Season Contributor,Late bloomer or one-year starter; limited career longevity.,nan,Multi-Year Starter,Consistent career presence; reliable rotational player or specialist.,nan,Single Season Contributor,Late bloomer or one-year starter; limited career longevity.,nan,LB
202201413,Trey McDonald,2022,LB,0.8444,60.2974,56.325927734375,59.31580852844749,59.31580852844749,Meaningful G5 Contributor,Standout starter at the Group of 5 level; high-end depth in Power 4.,Potential Day 3 Pick,Multi-Year Starter,Consistent career presence; reliable rotational player or specialist.,nan,Multi-Year Starter,Consistent career presence; reliable rotational player or specialist.,nan,LB
202201428,Matt Rose,2022,LB,0.8437,60.672,52.673072814941406,52.369456870964655,52.369456870964655,Meaningful G5 Contributor,Standout starter at the Group of 5 level; high-end depth in Power 4.,Potential Day 3 Pick,Multi-Year Starter,Consistent career presence; reliable rotational player or specialist.,nan,Multi-Year Starter,Consistent career presence; reliable rotational player or specialist.,nan,LB
202201450,Jayden Montgomery,2022,LB,0.8426,47.3723,50.67113494873047,46.847219726997544,46.847219726997544,Single Season Contributor,Late bloomer or one-year starter; limited career longevity.,nan,Multi-Year Starter,Consistent career presence; reliable rotational player or specialist.,nan,Single Season Contributor,Late bloomer or one-year starter; limited career longevity.,nan,LB
202201480,Micah Wing,2022,LB,0.8417,34.1846,56.42253875732422,59.441415598670105,59.441415598670105,Partial Season Contributor,Rotational backup or special teams contributor; limited starts.,nan,Multi-Year Starter,Consistent career presence; reliable rotational player or specialist.,nan,Multi-Year Starter,Consistent career presence; reliable rotational player or specialist.,nan,LB
202201501,Grant Lyons,2022,LB,0.8404,49.9986,49.963157653808594,44.854509223863204,44.854509223863204,Single Season Contributor,Late bloomer or one-year starter; limited career longevity.,nan,Single Season Contributor,Late bloomer or one-year starter; limited career longevity.,nan,Single Season Contributor,Late bloomer or one-year starter; limited career longevity.,nan,LB
202201519,Adam Trick,2022,LB,0.8389,55.391,48.611236572265625,39.60712781251971,39.60712781251971,Multi-Year Starter,Consistent career presence; reliable rotational player or specialist.,nan,Single Season Contributor,Late bloomer or one-year starter; limited career longevity.,nan,Partial Season Contributor,Rotational backup or special teams contributor; limited starts.,nan,LB
202201532,Andrew Morris,2022,LB,0.8381,24.7205,50.85257339477539,47.65281986168736,47.65281986168736,Partial Season Contributor,Rotational backup or special teams contributor; limited starts.,nan,Multi-Year Starter,Consistent career presence; reliable rotational player or specialist.,nan,Single Season Contributor,Late bloomer or one-year starter; limited career longevity.,nan,LB
202201566,Tim Thomas,2022,LB,0.837,45.9403,48.661376953125,39.722116035524174,39.722116035524174,Single Season Contributor,Late bloomer or one-year starter; limited career longevity.,nan,Single Season Contributor,Late bloomer or one-year starter; limited career longevity.,nan,Partial Season Contributor,Rotational backup or special teams contributor; limited starts.,nan,LB
202201571,Maverick Baranowski,2022,LB,0.8367,69.7862,52.32764434814453,51.74360724843681,51.74360724843681,Meaningful G5 Contributor,Standout starter at the Group of 5 level; high-end depth in Power 4.,Potential Day 3 Pick,Multi-Year Starter,Consistent career presence; reliable rotational player or specialist.,nan,Multi-Year Starter,Consistent career presence; reliable rotational player or specialist.,nan,LB
202201598,Jake Ripp,2022,LB,0.8359,58.5858,52.4471321105957,52.04832170895086,52.04832170895086,Multi-Year Starter,Consistent career presence; reliable rotational player or specialist.,nan,Multi-Year Starter,Consistent career presence; reliable rotational player or specialist.,nan,Multi-Year Starter,Consistent career presence; reliable rotational player or specialist.,nan,LB
202201660,Gavin Hambrick,2022,LB,0.8326,45.0965,43.499061584472656,27.498366924309515,27.498366924309515,Single Season Contributor,Late bloomer or one-year starter; limited career longevity.,nan,Single Season Contributor,Late bloomer or one-year starter; limited career longevity.,nan,Partial Season Contributor,Rotational backup or special teams contributor; limited starts.,nan,LB
202201671,Derrieon Craig,2022,LB,0.8317,54.8456,54.8248291015625,57.090190376978725,57.090190376978725,Multi-Year Starter,Consistent career presence; reliable rotational player or specialist.,nan,Multi-Year Starter,Consistent career presence; reliable rotational player or specialist.,nan,Multi-Year Starter,Consistent career presence; reliable rotational player or specialist.,nan,LB
202201673,Pershaun Fann,2022,LB,0.8317,35.5829,53.68424606323242,54.66444765605563,54.66444765605563,Partial Season Contributor,Rotational backup or special teams contributor; limited starts.,nan,Multi-Year Starter,Consistent career presence; reliable rotational player or specialist.,nan,Multi-Year Starter,Consistent career presence; reliable rotational player or specialist.,nan,LB
202201674,Jude Buchanan,2022,LB,0.8317,26.9762,46.915977478027344,34.28777933599151,34.28777933599151,Partial Season Contributor,Rotational backup or special teams contributor; limited starts.,nan,Single Season Contributor,Late bloomer or one-year starter; limited career longevity.,nan,Partial Season Contributor,Rotational backup or special teams contributor; limited starts.,nan,LB
202201677,Travion Barnes,2022,LB,0.8317,68.2647,52.587974548339844,52.277259832851605,52.277259832851605,Meaningful G5 Contributor,Standout starter at the Group of 5 level; high-end depth in Power 4.,Potential Day 3 Pick,Multi-Year Starter,Consistent career presence; reliable rotational player or specialist.,nan,Multi-Year Starter,Consistent career presence; reliable rotational player or specialist.,nan,LB
202201694,Chrystyile Caldwell,2022,LB,0.8315,52.1814,42.358802795410156,25.449177993646288,25.449177993646288,Multi-Year Starter,Consistent career presence; reliable rotational player or specialist.,nan,Single Season Contributor,Late bloomer or one-year starter; limited career longevity.,nan,Partial Season Contributor,Rotational backup or special teams contributor; limited starts.,nan,LB
202201698,Domanick Moon,2022,LB,0.8311,53.285,54.47476577758789,56.231518133826185,56.231518133826185,Multi-Year Starter,Consistent career presence; reliable rotational player or specialist.,nan,Multi-Year Starter,Consistent career presence; reliable rotational player or specialist.,nan,Multi-Year Starter,Consistent career presence; reliable rotational player or specialist.,nan,LB
202201714,James Kreutz,2022,LB,0.8304,61.4471,52.8271484375,52.71227569257798,52.71227569257798,Meaningful G5 Contributor,Standout starter at the Group of 5 level; high-end depth in Power 4.,Potential Day 3 Pick,Multi-Year Starter,Consistent career presence; reliable rotational player or specialist.,nan,Multi-Year Starter,Consistent career presence; reliable rotational player or specialist.,nan,LB
202201732,Reid Williford,2022,LB,0.8293,59.7948,52.466705322265625,52.098065800696766,52.098065800696766,Multi-Year Starter,Consistent career presence; reliable rotational player or specialist.,nan,Multi-Year Starter,Consistent career presence; reliable rotational player or specialist.,nan,Multi-Year Starter,Consistent career presence; reliable rotational player or specialist.,nan,LB
202201764,Derrell Farrar,2022,LB,0.8267,51.8597,53.26993179321289,53.872296871754635,53.872296871754635,Multi-Year Starter,Consistent career presence; reliable rotational player or specialist.,nan,Multi-Year Starter,Consistent career presence; reliable rotational player or specialist.,nan,Multi-Year Starter,Consistent career presence; reliable rotational player or specialist.,nan,LB
202201790,Josiah Robinson,2022,LB,0.8263,60.8544,56.02806854248047,58.8528891021985,58.8528891021985,Meaningful G5 Contributor,Standout starter at the Group of 5 level; high-end depth in Power 4.,Potential Day 3 Pick,Multi-Year Starter,Consistent career presence; reliable rotational player or specialist.,nan,Multi-Year Starter,Consistent career presence; reliable rotational player or specialist.,nan,LB
202201791,Trey White,2022,LB,0.8263,44.3021,52.79349136352539,52.64385669182372,52.64385669182372,Single Season Contributor,Late bloomer or one-year starter; limited career longevity.,nan,Multi-Year Starter,Consistent career presence; reliable rotational player or specialist.,nan,Multi-Year Starter,Consistent career presence; reliable rotational player or specialist.,nan,LB
202201899,Joseph Sipp Jr.,2022,LB,0.8196,57.5288,51.5141487121582,49.60589170061955,49.60589170061955,Multi-Year Starter,Consistent career presence; reliable rotational player or specialist.,nan,Multi-Year Starter,Consistent career presence; reliable rotational player or specialist.,nan,Single Season Contributor,Late bloomer or one-year starter; limited career longevity.,nan,LB
202201941,Zakye Barker,2022,LB,0.8159,54.5342,48.11548614501953,37.73604490044693,37.73604490044693,Multi-Year Starter,Consistent career presence; reliable rotational player or specialist.,nan,Single Season Contributor,Late bloomer or one-year starter; limited career longevity.,nan,Partial Season Contributor,Rotational backup or special teams contributor; limited starts.,nan,LB
202201966,Marquis Jones,2022,LB,0.8141,34.0389,48.86447525024414,40.25178175824337,40.25178175824337,Partial Season Contributor,Rotational backup or special teams contributor; limited starts.,nan,Single Season Contributor,Late bloomer or one-year starter; limited career longevity.,nan,Single Season Contributor,Late bloomer or one-year starter; limited career longevity.,nan,LB
202201978,Jacob Hammonds,2022,LB,0.813,49.2345,49.165794372558594,42.01419060294863,42.01419060294863,Single Season Contributor,Late bloomer or one-year starter; limited career longevity.,nan,Single Season Contributor,Late bloomer or one-year starter; limited career longevity.,nan,Single Season Contributor,Late bloomer or one-year starter; limited career longevity.,nan,LB
202202033,Anthony Brackenridge,2022,LB,0.8094,47.8408,47.254249572753906,35.25550669146688,35.25550669146688,Single Season Contributor,Late bloomer or one-year starter; limited career longevity.,nan,Single Season Contributor,Late bloomer or one-year starter; limited career longevity.,nan,Partial Season Contributor,Rotational backup or special teams contributor; limited starts.,nan,LB
202202043,Khalil Jacobs,2022,LB,0.8083,59.1521,43.08931350708008,26.889337226368227,26.889337226368227,Multi-Year Starter,Consistent career presence; reliable rotational player or specialist.,nan,Single Season Contributor,Late bloomer or one-year starter; limited career longevity.,nan,Partial Season Contributor,Rotational backup or special teams contributor; limited starts.,nan,LB
202202044,Jaylen Wester,2022,LB,0.8081,58.0616,44.677791595458984,29.258080704494827,29.258080704494827,Multi-Year Starter,Consistent career presence; reliable rotational player or specialist.,nan,Single Season Contributor,Late bloomer or one-year starter; limited career longevity.,nan,Partial Season Contributor,Rotational backup or special teams contributor; limited starts.,nan,LB
202202060,Danny Royster,2022,LB,0.8056,41.3026,48.9053955078125,40.458067222343296,40.458067222343296,Single Season Contributor,Late bloomer or one-year starter; limited career longevity.,nan,Single Season Contributor,Late bloomer or one-year starter; limited career longevity.,nan,Single Season Contributor,Late bloomer or one-year starter; limited career longevity.,nan,LB
202202074,Jax Van Zandt,2022,LB,0.8052,38.6682,41.75575256347656,24.266580585583007,24.266580585583007,Partial Season Contributor,Rotational backup or special teams contributor; limited starts.,nan,Single Season Contributor,Late bloomer or one-year starter; limited career longevity.,nan,Partial Season Contributor,Rotational backup or special teams contributor; limited starts.,nan,LB
202202093,Gabe Peterson,2022,LB,0.8017,49.3405,46.93714141845703,34.34832504585864,34.34832504585864,Single Season Contributor,Late bloomer or one-year starter; limited career longevity.,nan,Single Season Contributor,Late bloomer or one-year starter; limited career longevity.,nan,Partial Season Contributor,Rotational backup or special teams contributor; limited starts.,nan,LB
202202151,Ethan Wesloski,2022,LB,0.7933,56.0633,48.33589172363281,38.413583485124384,38.413583485124384,Multi-Year Starter,Consistent career presence; reliable rotational player or specialist.,nan,Single Season Contributor,Late bloomer or one-year starter; limited career longevity.,nan,Partial Season Contributor,Rotational backup or special teams contributor; limited starts.,nan,LB
202202152,Jordan Pollard,2022,LB,0.7933,58.2768,48.35830307006836,38.52374674157065,38.52374674157065,Multi-Year Starter,Consistent career presence; reliable rotational player or specialist.,nan,Single Season Contributor,Late bloomer or one-year starter; limited career longevity.,nan,Partial Season Contributor,Rotational backup or special teams contributor; limited starts.,nan,LB
202202153,Buddha Peleti,2022,LB,0.7933,52.3678,53.862186431884766,55.05225300187468,55.05225300187468,Multi-Year Starter,Consistent career presence; reliable rotational player or specialist.,nan,Multi-Year Starter,Consistent career presence; reliable rotational player or specialist.,nan,Multi-Year Starter,Consistent career presence; reliable rotational player or specialist.,nan,LB
202202188,Bryan McCoy Jr.,2022,LB,0.7844,59.5114,54.86320877075195,57.19644068549358,57.19644068549358,Multi-Year Starter,Consistent career presence; reliable rotational player or specialist.,nan,Multi-Year Starter,Consistent career presence; reliable rotational player or specialist.,nan,Multi-Year Starter,Consistent career presence; reliable rotational player or specialist.,nan,LB
202202192,K'Von Sherman,2022,LB,0.7844,49.8166,46.79029083251953,33.96358205128459,33.96358205128459,Single Season Contributor,Late bloomer or one-year starter; limited career longevity.,nan,Single Season Contributor,Late bloomer or one-year starter; limited career longevity.,nan,Partial Season Contributor,Rotational backup or special teams contributor; limited starts.,nan,LB
202202204,Luke Hodge,2022,LB,0.7833,53.1473,53.68971633911133,54.67363926088641,54.67363926088641,Multi-Year Starter,Consistent career presence; reliable rotational player or specialist.,nan,Multi-Year Starter,Consistent career presence; reliable rotational player or specialist.,nan,Multi-Year Starter,Consistent career presence; reliable rotational player or specialist.,nan,LB
202202207,Fisher Camac,2022,LB,0.7833,50.1628,45.289791107177734,30.357982014803348,30.357982014803348,Multi-Year Starter,Consistent career presence; reliable rotational player or specialist.,nan,Single Season Contributor,Late bloomer or one-year starter; limited career longevity.,nan,Partial Season Contributor,Rotational backup or special teams contributor; limited starts.,nan,LB
202202213,Stone Combs,2022,LB,0.7783,57.3538,48.633880615234375,39.65905797774753,39.65905797774753,Multi-Year Starter,Consistent career presence; reliable rotational player or specialist.,nan,Single Season Contributor,Late bloomer or one-year starter; limited career longevity.,nan,Partial Season Contributor,Rotational backup or special teams contributor; limited starts.,nan,LB
202202220,Tate Zimmerman,2022,LB,0.7733,49.3111,50.0245475769043,45.14600771223565,45.14600771223565,Single Season Contributor,Late bloomer or one-year starter; limited career longevity.,nan,Multi-Year Starter,Consistent career presence; reliable rotational player or specialist.,nan,Single Season Contributor,Late bloomer or one-year starter; limited career longevity.,nan,LB
202202225,DeJuan Echoles,2022,LB,0.7556,41.7093,51.31262969970703,49.012836067115316,49.012836067115316,Single Season Contributor,Late bloomer or one-year starter; limited career longevity.,nan,Multi-Year Starter,Consistent career presence; reliable rotational player or specialist.,nan,Single Season Contributor,Late bloomer or one-year starter; limited career longevity.,nan,LB
