player_id,name,year,position,rating,position_group,y_pred_score_raw,y_pred_score_calibrated,predictive_score_0_100,contrib_tier_raw,contrib_tier_raw_college_outlook,contrib_tier_raw_professional_outlook
202300009,Francis Mauigoa,2023,OT,0.994,OL,66.79372,78.54022267982194,78.54022267982194,Meaningful P4 Contributor,Reliable multi-year starter at the highest level of competition.,Potential Day 2 Pick
202300010,Kadyn Proctor,2023,OT,0.9939,OL,65.872696,76.49314725760463,76.49314725760463,Meaningful P4 Contributor,Reliable multi-year starter at the highest level of competition.,Potential Day 2 Pick
202300016,Lance Heard,2023,OT,0.9874,OL,67.53329,80.07535915564036,80.07535915564036,Elite Power 4,All-Conference/All-American honors.,First round NFL Draft talent
202300023,Samson Okunlola,2023,OT,0.9855,OL,71.08791,87.73319433424926,87.73319433424926,Elite Power 4,All-Conference/All-American honors.,First round NFL Draft talent
202300035,Monroe Freeling,2023,OT,0.9822,OL,64.70045,73.60738817435426,73.60738817435426,Meaningful P4 Contributor,Reliable multi-year starter at the highest level of competition.,Potential Day 2 Pick
202300040,J'ven Williams,2023,OT,0.9806,OL,66.268936,77.38104316116139,77.38104316116139,Meaningful P4 Contributor,Reliable multi-year starter at the highest level of competition.,Potential Day 2 Pick
202300046,Chase Bisontis,2023,IOL,0.976,OL,66.939926,78.91757726963746,78.91757726963746,Meaningful P4 Contributor,Reliable multi-year starter at the highest level of competition.,Potential Day 2 Pick
202300054,Alex Birchmeier,2023,IOL,0.9712,OL,63.538494,71.07364473833158,71.07364473833158,Meaningful P4 Contributor,Reliable multi-year starter at the highest level of competition.,Potential Day 2 Pick
202300061,Charles Jagusah,2023,OT,0.9685,OL,68.496315,81.70802191040669,81.70802191040669,Elite Power 4,All-Conference/All-American honors.,First round NFL Draft talent
202300088,Wilkin Formby,2023,OT,0.9572,OL,57.9735,59.56873740947373,59.56873740947373,Multi-Year Starter,Consistent career presence; reliable rotational player or specialist.,nan
202300092,Luke Montgomery,2023,IOL,0.9542,OL,61.55317,66.77627103946382,66.77627103946382,Meaningful G5 Contributor,Standout starter at the Group of 5 level; high-end depth in Power 4.,Potential Day 3 Pick
202300096,Spencer Fano,2023,OT,0.953,OL,70.561226,86.38302642582846,86.38302642582846,Elite Power 4,All-Conference/All-American honors.,First round NFL Draft talent
202300100,Cayden Green,2023,OT,0.952,OL,60.335327,64.32841938499308,64.32841938499308,Meaningful G5 Contributor,Standout starter at the Group of 5 level; high-end depth in Power 4.,Potential Day 3 Pick
202300112,Caleb Lomu,2023,OT,0.9472,OL,58.4743,60.63445426333326,60.63445426333326,Meaningful G5 Contributor,Standout starter at the Group of 5 level; high-end depth in Power 4.,Potential Day 3 Pick
202300113,Roderick Kearney,2023,IOL,0.9465,OL,62.964466,69.88888897492971,69.88888897492971,Meaningful G5 Contributor,Standout starter at the Group of 5 level; high-end depth in Power 4.,Potential Day 3 Pick
202300115,Bo Hughley,2023,OT,0.9457,OL,57.48123,58.44633457386421,58.44633457386421,Multi-Year Starter,Consistent career presence; reliable rotational player or specialist.,nan
202300130,Lucas Simmons,2023,OT,0.9429,OL,61.233875,66.15945408264884,66.15945408264884,Meaningful G5 Contributor,Standout starter at the Group of 5 level; high-end depth in Power 4.,Potential Day 3 Pick
202300139,DJ Chester,2023,IOL,0.9399,OL,64.75237,73.73626711089335,73.73626711089335,Meaningful P4 Contributor,Reliable multi-year starter at the highest level of competition.,Potential Day 2 Pick
202300145,Harris Sewell,2023,IOL,0.9386,OL,64.61875,73.40462066738091,73.40462066738091,Meaningful P4 Contributor,Reliable multi-year starter at the highest level of competition.,Potential Day 2 Pick
202300151,Markee Anderson,2023,IOL,0.9366,OL,65.39614,75.43594138948966,75.43594138948966,Meaningful P4 Contributor,Reliable multi-year starter at the highest level of competition.,Potential Day 2 Pick
202300155,TJ Shanahan Jr.,2023,IOL,0.9353,OL,63.65584,71.4322133566768,71.4322133566768,Meaningful P4 Contributor,Reliable multi-year starter at the highest level of competition.,Potential Day 2 Pick
202300167,Olaus Alinen,2023,OT,0.9332,OL,66.24633,77.3350824547308,77.3350824547308,Meaningful P4 Contributor,Reliable multi-year starter at the highest level of competition.,Potential Day 2 Pick
202300180,Miles McVay,2023,OT,0.929,OL,73.666626,94.34374424505418,94.34374424505418,Elite Power 4,All-Conference/All-American honors.,First round NFL Draft talent
202300186,Tyree Adams,2023,OT,0.9271,OL,61.82539,67.3183599720916,67.3183599720916,Meaningful G5 Contributor,Standout starter at the Group of 5 level; high-end depth in Power 4.,Potential Day 3 Pick
202300196,Jaydon Chatman,2023,IOL,0.9246,OL,62.684673,69.28568418709176,69.28568418709176,Meaningful G5 Contributor,Standout starter at the Group of 5 level; high-end depth in Power 4.,Potential Day 3 Pick
202300211,Kelton Smith Jr.,2023,IOL,0.9218,OL,62.96567,69.89162842398241,69.89162842398241,Meaningful G5 Contributor,Standout starter at the Group of 5 level; high-end depth in Power 4.,Potential Day 3 Pick
202300219,Stanton Ramil,2023,OT,0.9189,OL,57.779617,59.00796985941256,59.00796985941256,Multi-Year Starter,Consistent career presence; reliable rotational player or specialist.,nan
202300222,Tree Babalade,2023,OT,0.9183,OL,60.876305,65.44040881704608,65.44040881704608,Meaningful G5 Contributor,Standout starter at the Group of 5 level; high-end depth in Power 4.,Potential Day 3 Pick
202300224,Elijah Paige,2023,OT,0.9182,OL,59.58812,63.005610219582266,63.005610219582266,Meaningful G5 Contributor,Standout starter at the Group of 5 level; high-end depth in Power 4.,Potential Day 3 Pick
202300232,Joshua Padilla,2023,IOL,0.9166,OL,62.39496,68.659188817243,68.659188817243,Meaningful G5 Contributor,Standout starter at the Group of 5 level; high-end depth in Power 4.,Potential Day 3 Pick
202300251,Zack Owens,2023,OT,0.9136,OL,65.05819,74.60670558627854,74.60670558627854,Meaningful P4 Contributor,Reliable multi-year starter at the highest level of competition.,Potential Day 2 Pick
202300260,Madden Sanker,2023,IOL,0.9122,OL,61.06977,65.93221132942439,65.93221132942439,Meaningful G5 Contributor,Standout starter at the Group of 5 level; high-end depth in Power 4.,Potential Day 3 Pick
202300264,Chimdy Onoh,2023,OT,0.912,OL,60.656578,64.89096171807456,64.89096171807456,Meaningful G5 Contributor,Standout starter at the Group of 5 level; high-end depth in Power 4.,Potential Day 3 Pick
202300270,Isaiah Robinson,2023,OT,0.9102,OL,57.87923,59.269423050697974,59.269423050697974,Multi-Year Starter,Consistent career presence; reliable rotational player or specialist.,nan
202300273,Evan Link,2023,OT,0.9097,OL,58.11617,59.77731095223899,59.77731095223899,Multi-Year Starter,Consistent career presence; reliable rotational player or specialist.,nan
202300285,Sullivan Absher,2023,IOL,0.9079,OL,60.936264,65.63045958764096,65.63045958764096,Meaningful G5 Contributor,Standout starter at the Group of 5 level; high-end depth in Power 4.,Potential Day 3 Pick
202300286,Ian Reed,2023,IOL,0.9077,OL,61.778328,67.20133953292701,67.20133953292701,Meaningful G5 Contributor,Standout starter at the Group of 5 level; high-end depth in Power 4.,Potential Day 3 Pick
202300287,Amir Herring,2023,IOL,0.907,OL,60.151043,64.01232183006616,64.01232183006616,Meaningful G5 Contributor,Standout starter at the Group of 5 level; high-end depth in Power 4.,Potential Day 3 Pick
202300302,Austin Siereveld,2023,IOL,0.9045,OL,64.4941,73.11318876094302,73.11318876094302,Meaningful P4 Contributor,Reliable multi-year starter at the highest level of competition.,Potential Day 2 Pick
202300341,Shamurad Umarov,2023,IOL,0.8994,OL,65.052925,74.59119945707619,74.59119945707619,Meaningful P4 Contributor,Reliable multi-year starter at the highest level of competition.,Potential Day 2 Pick
202300347,Iapani Laloulu,2023,IOL,0.8989,OL,53.938915,46.48834504041882,46.48834504041882,Single Season Contributor,Late bloomer or one-year starter; limited career longevity.,nan
202300350,Nathan Efobi,2023,IOL,0.8984,OL,58.99026,61.78926948787292,61.78926948787292,Meaningful G5 Contributor,Standout starter at the Group of 5 level; high-end depth in Power 4.,Potential Day 3 Pick
202300356,James Durand,2023,IOL,0.8978,OL,61.29668,66.26830981713877,66.26830981713877,Meaningful G5 Contributor,Standout starter at the Group of 5 level; high-end depth in Power 4.,Potential Day 3 Pick
202300371,Caden Jones,2023,OT,0.8967,OL,61.73539,67.0945727287415,67.0945727287415,Meaningful G5 Contributor,Standout starter at the Group of 5 level; high-end depth in Power 4.,Potential Day 3 Pick
202300372,Joe Otting,2023,IOL,0.8967,OL,59.51719,62.86089185842561,62.86089185842561,Meaningful G5 Contributor,Standout starter at the Group of 5 level; high-end depth in Power 4.,Potential Day 3 Pick
202300382,Joshua Bates,2023,IOL,0.8958,OL,61.25814,66.19305530892701,66.19305530892701,Meaningful G5 Contributor,Standout starter at the Group of 5 level; high-end depth in Power 4.,Potential Day 3 Pick
202300388,Gernorris Wilson,2023,IOL,0.8952,OL,61.166267,66.06583444213193,66.06583444213193,Meaningful G5 Contributor,Standout starter at the Group of 5 level; high-end depth in Power 4.,Potential Day 3 Pick
202300393,Brycen Sanders,2023,IOL,0.8948,OL,59.948826,63.70860711165349,63.70860711165349,Meaningful G5 Contributor,Standout starter at the Group of 5 level; high-end depth in Power 4.,Potential Day 3 Pick
202300395,Roq Montgomery,2023,IOL,0.8944,OL,56.66935,56.973950819164564,56.973950819164564,Multi-Year Starter,Consistent career presence; reliable rotational player or specialist.,nan
202300396,Layth Ghannam,2023,IOL,0.8942,OL,63.863033,71.9571042150956,71.9571042150956,Meaningful P4 Contributor,Reliable multi-year starter at the highest level of competition.,Potential Day 2 Pick
202300405,Colton Thomasson,2023,OT,0.8933,OL,61.02116,65.85712597901936,65.85712597901936,Meaningful G5 Contributor,Standout starter at the Group of 5 level; high-end depth in Power 4.,Potential Day 3 Pick
202300407,Sam Pendleton,2023,IOL,0.8933,OL,62.504234,68.86963184100368,68.86963184100368,Meaningful G5 Contributor,Standout starter at the Group of 5 level; high-end depth in Power 4.,Potential Day 3 Pick
202300411,Nick Fattig,2023,IOL,0.8932,OL,61.63815,66.90570182479455,66.90570182479455,Meaningful G5 Contributor,Standout starter at the Group of 5 level; high-end depth in Power 4.,Potential Day 3 Pick
202300413,Trevor Goosby,2023,OT,0.893,OL,62.65762,69.22504037867161,69.22504037867161,Meaningful G5 Contributor,Standout starter at the Group of 5 level; high-end depth in Power 4.,Potential Day 3 Pick
202300415,Anthony Donkoh,2023,IOL,0.8926,OL,60.675938,64.92596213824385,64.92596213824385,Meaningful G5 Contributor,Standout starter at the Group of 5 level; high-end depth in Power 4.,Potential Day 3 Pick
202300420,Luke Brown,2023,IOL,0.8925,OL,60.45419,64.53726863721111,64.53726863721111,Meaningful G5 Contributor,Standout starter at the Group of 5 level; high-end depth in Power 4.,Potential Day 3 Pick
202300425,Raymond Pulido,2023,IOL,0.8924,OL,61.84027,67.35536222005959,67.35536222005959,Meaningful G5 Contributor,Standout starter at the Group of 5 level; high-end depth in Power 4.,Potential Day 3 Pick
202300431,Elishah Jackett,2023,OT,0.8919,OL,61.06928,65.93152990226044,65.93152990226044,Meaningful G5 Contributor,Standout starter at the Group of 5 level; high-end depth in Power 4.,Potential Day 3 Pick
202300436,Logan Howland,2023,OT,0.8917,OL,59.28996,62.4297541199365,62.4297541199365,Meaningful G5 Contributor,Standout starter at the Group of 5 level; high-end depth in Power 4.,Potential Day 3 Pick
202300438,Trevor Lauck,2023,OT,0.8915,OL,61.86636,67.42074056311309,67.42074056311309,Meaningful G5 Contributor,Standout starter at the Group of 5 level; high-end depth in Power 4.,Potential Day 3 Pick
202300440,Landen Hatchett,2023,IOL,0.8911,OL,61.660393,66.93958030525707,66.93958030525707,Meaningful G5 Contributor,Standout starter at the Group of 5 level; high-end depth in Power 4.,Potential Day 3 Pick
202300444,Logan Reichert,2023,OT,0.8908,OL,57.961205,59.55076327770013,59.55076327770013,Multi-Year Starter,Consistent career presence; reliable rotational player or specialist.,nan
202300448,Micah Banuelos,2023,IOL,0.8903,OL,62.449703,68.75636299983456,68.75636299983456,Meaningful G5 Contributor,Standout starter at the Group of 5 level; high-end depth in Power 4.,Potential Day 3 Pick
202300449,Connor Lew,2023,IOL,0.8903,OL,60.866215,65.4048001237957,65.4048001237957,Meaningful G5 Contributor,Standout starter at the Group of 5 level; high-end depth in Power 4.,Potential Day 3 Pick
202300450,Jerome Williams,2023,IOL,0.8903,OL,65.56016,75.78642403107874,75.78642403107874,Meaningful P4 Contributor,Reliable multi-year starter at the highest level of competition.,Potential Day 2 Pick
202300453,Cole Dellinger,2023,IOL,0.89,OL,62.39481,68.6589247385641,68.6589247385641,Meaningful G5 Contributor,Standout starter at the Group of 5 level; high-end depth in Power 4.,Potential Day 3 Pick
202300457,Jordan Knox,2023,IOL,0.8897,OL,60.01007,63.80936930713358,63.80936930713358,Meaningful G5 Contributor,Standout starter at the Group of 5 level; high-end depth in Power 4.,Potential Day 3 Pick
202300458,Knijeah Harris,2023,IOL,0.8896,OL,59.708866,63.26992555986135,63.26992555986135,Meaningful G5 Contributor,Standout starter at the Group of 5 level; high-end depth in Power 4.,Potential Day 3 Pick
202300468,Clay Wedin,2023,IOL,0.8891,OL,60.059364,63.88528037294932,63.88528037294932,Meaningful G5 Contributor,Standout starter at the Group of 5 level; high-end depth in Power 4.,Potential Day 3 Pick
202300470,Amos Talalele,2023,IOL,0.8886,OL,61.99502,67.74667258747773,67.74667258747773,Meaningful G5 Contributor,Standout starter at the Group of 5 level; high-end depth in Power 4.,Potential Day 3 Pick
202300481,Jamal Meriweather,2023,OT,0.8879,OL,61.443565,66.60230514162782,66.60230514162782,Meaningful G5 Contributor,Standout starter at the Group of 5 level; high-end depth in Power 4.,Potential Day 3 Pick
202300482,Darion Rivers,2023,OT,0.8879,OL,65.31333,75.24376698436761,75.24376698436761,Meaningful P4 Contributor,Reliable multi-year starter at the highest level of competition.,Potential Day 2 Pick
202300493,Chris Terek,2023,IOL,0.8872,OL,64.83758,73.956886409445,73.956886409445,Meaningful P4 Contributor,Reliable multi-year starter at the highest level of competition.,Potential Day 2 Pick
202300501,Miles Walker,2023,OT,0.8867,OL,62.180386,68.22104379195922,68.22104379195922,Meaningful G5 Contributor,Standout starter at the Group of 5 level; high-end depth in Power 4.,Potential Day 3 Pick
202300503,Luke Burgess,2023,OT,0.8867,OL,60.387856,64.42591320414455,64.42591320414455,Meaningful G5 Contributor,Standout starter at the Group of 5 level; high-end depth in Power 4.,Potential Day 3 Pick
202300514,Bradyn Joiner,2023,IOL,0.8854,OL,56.97265,57.453996208472056,57.453996208472056,Multi-Year Starter,Consistent career presence; reliable rotational player or specialist.,nan
202300515,Dylan Senda,2023,IOL,0.8853,OL,63.09082,70.15796277292017,70.15796277292017,Meaningful P4 Contributor,Reliable multi-year starter at the highest level of competition.,Potential Day 2 Pick
202300528,Trovon Baugh,2023,IOL,0.885,OL,61.053482,65.90965556205954,65.90965556205954,Meaningful G5 Contributor,Standout starter at the Group of 5 level; high-end depth in Power 4.,Potential Day 3 Pick
202300530,Heath Ozaeta,2023,OT,0.8847,OL,63.921005,72.09771339387339,72.09771339387339,Meaningful P4 Contributor,Reliable multi-year starter at the highest level of competition.,Potential Day 2 Pick
202300551,Alani Noa,2023,IOL,0.8836,OL,52.787823,41.57427519653667,41.57427519653667,Single Season Contributor,Late bloomer or one-year starter; limited career longevity.,nan
202300552,Greg Johnson,2023,IOL,0.8836,OL,62.690247,69.29742643950266,69.29742643950266,Meaningful G5 Contributor,Standout starter at the Group of 5 level; high-end depth in Power 4.,Potential Day 3 Pick
202300557,Roger Alderman,2023,OT,0.8828,OL,59.88443,63.602660887928835,63.602660887928835,Meaningful G5 Contributor,Standout starter at the Group of 5 level; high-end depth in Power 4.,Potential Day 3 Pick
202300558,Payton Kirkland,2023,IOL,0.8828,OL,58.9777,61.76133939770197,61.76133939770197,Meaningful G5 Contributor,Standout starter at the Group of 5 level; high-end depth in Power 4.,Potential Day 3 Pick
202300562,JaSire Peterson,2023,IOL,0.8828,OL,57.66668,58.77460058545504,58.77460058545504,Multi-Year Starter,Consistent career presence; reliable rotational player or specialist.,nan
202300564,Zay Alexander,2023,OT,0.8828,OL,60.708946,64.98788645126827,64.98788645126827,Meaningful G5 Contributor,Standout starter at the Group of 5 level; high-end depth in Power 4.,Potential Day 3 Pick
202300565,Paul Mubenga,2023,OT,0.8828,OL,61.421158,66.55135361491574,66.55135361491574,Meaningful G5 Contributor,Standout starter at the Group of 5 level; high-end depth in Power 4.,Potential Day 3 Pick
202300568,Tommy Kinsler IV,2023,IOL,0.8825,OL,61.293667,66.26145729652205,66.26145729652205,Meaningful G5 Contributor,Standout starter at the Group of 5 level; high-end depth in Power 4.,Potential Day 3 Pick
202300580,Amari Smith,2023,IOL,0.8817,OL,58.055157,59.68811509012702,59.68811509012702,Multi-Year Starter,Consistent career presence; reliable rotational player or specialist.,nan
202300584,Paris Patterson Jr.,2023,IOL,0.8813,OL,69.92293,84.74674433697066,84.74674433697066,Elite Power 4,All-Conference/All-American honors.,First round NFL Draft talent
202300593,Tyler Johnson,2023,OT,0.8808,OL,62.357468,68.5926409901571,68.5926409901571,Meaningful G5 Contributor,Standout starter at the Group of 5 level; high-end depth in Power 4.,Potential Day 3 Pick
202300596,Tavake Tuikolovatu,2023,IOL,0.8806,OL,55.587475,53.6907774945862,53.6907774945862,Multi-Year Starter,Consistent career presence; reliable rotational player or specialist.,nan
202300597,Simione Pale,2023,IOL,0.8804,OL,54.00292,46.864033565634976,46.864033565634976,Single Season Contributor,Late bloomer or one-year starter; limited career longevity.,nan
202300601,Nolan McConnell,2023,OT,0.8803,OL,61.43218,66.57641302258874,66.57641302258874,Meaningful G5 Contributor,Standout starter at the Group of 5 level; high-end depth in Power 4.,Potential Day 3 Pick
202300621,Connor Stroh,2023,OT,0.8794,OL,60.931046,65.61652655580966,65.61652655580966,Meaningful G5 Contributor,Standout starter at the Group of 5 level; high-end depth in Power 4.,Potential Day 3 Pick
202300624,Gunnar Gottula,2023,OT,0.8792,OL,60.737747,65.05458821629293,65.05458821629293,Meaningful G5 Contributor,Standout starter at the Group of 5 level; high-end depth in Power 4.,Potential Day 3 Pick
202300626,Sean Thompkins,2023,IOL,0.879,OL,58.56221,60.8452804809408,60.8452804809408,Meaningful G5 Contributor,Standout starter at the Group of 5 level; high-end depth in Power 4.,Potential Day 3 Pick
202300628,Leighton Jones,2023,IOL,0.8789,OL,61.033905,65.88254638217279,65.88254638217279,Meaningful G5 Contributor,Standout starter at the Group of 5 level; high-end depth in Power 4.,Potential Day 3 Pick
202300643,Zak Yamauchi,2023,IOL,0.8786,OL,61.258965,66.19419630324805,66.19419630324805,Meaningful G5 Contributor,Standout starter at the Group of 5 level; high-end depth in Power 4.,Potential Day 3 Pick
202300648,Bryce Lovett,2023,OT,0.8783,OL,63.495716,70.94971061086228,70.94971061086228,Meaningful P4 Contributor,Reliable multi-year starter at the highest level of competition.,Potential Day 2 Pick
202300651,Calvin Clements,2023,OT,0.8781,OL,59.31392,62.47400208763832,62.47400208763832,Meaningful G5 Contributor,Standout starter at the Group of 5 level; high-end depth in Power 4.,Potential Day 3 Pick
202300654,Joshua Miller,2023,IOL,0.8778,OL,60.540638,64.68202006486158,64.68202006486158,Meaningful G5 Contributor,Standout starter at the Group of 5 level; high-end depth in Power 4.,Potential Day 3 Pick
202300655,Joe Crocker,2023,OT,0.8778,OL,58.088223,59.73645507592085,59.73645507592085,Multi-Year Starter,Consistent career presence; reliable rotational player or specialist.,nan
202300664,Koby Keenum,2023,OT,0.8775,OL,60.085415,63.92137932483426,63.92137932483426,Meaningful G5 Contributor,Standout starter at the Group of 5 level; high-end depth in Power 4.,Potential Day 3 Pick
202300666,Anthony Birsa,2023,IOL,0.8775,OL,63.131214,70.22885267001952,70.22885267001952,Meaningful P4 Contributor,Reliable multi-year starter at the highest level of competition.,Potential Day 2 Pick
202300670,Luke Baklenko,2023,OT,0.8772,OL,59.801197,63.44650580299472,63.44650580299472,Meaningful G5 Contributor,Standout starter at the Group of 5 level; high-end depth in Power 4.,Potential Day 3 Pick
202300704,Dylan Shaw,2023,IOL,0.8761,OL,61.418358,66.5449868425959,66.5449868425959,Meaningful G5 Contributor,Standout starter at the Group of 5 level; high-end depth in Power 4.,Potential Day 3 Pick
202300709,Vysen Lang,2023,IOL,0.8758,OL,59.07455,61.97640208718831,61.97640208718831,Meaningful G5 Contributor,Standout starter at the Group of 5 level; high-end depth in Power 4.,Potential Day 3 Pick
202300710,Antonio Tripp Jr.,2023,IOL,0.8758,OL,61.14597,66.03772689221428,66.03772689221428,Meaningful G5 Contributor,Standout starter at the Group of 5 level; high-end depth in Power 4.,Potential Day 3 Pick
202300713,Daniel Sill,2023,OT,0.8756,OL,61.50049,66.69603406206932,66.69603406206932,Meaningful G5 Contributor,Standout starter at the Group of 5 level; high-end depth in Power 4.,Potential Day 3 Pick
202300725,Evan Tengesdahl,2023,IOL,0.875,OL,56.91108,57.35629419962318,57.35629419962318,Multi-Year Starter,Consistent career presence; reliable rotational player or specialist.,nan
202300727,Kellen McDonough,2023,OT,0.875,OL,59.804367,63.45253888805583,63.45253888805583,Meaningful G5 Contributor,Standout starter at the Group of 5 level; high-end depth in Power 4.,Potential Day 3 Pick
202300740,Taliafi Taala,2023,OT,0.8744,OL,59.975742,63.752891013946076,63.752891013946076,Meaningful G5 Contributor,Standout starter at the Group of 5 level; high-end depth in Power 4.,Potential Day 3 Pick
202300755,Ethan Thomason,2023,OT,0.8739,OL,59.725327,63.30211106318694,63.30211106318694,Meaningful G5 Contributor,Standout starter at the Group of 5 level; high-end depth in Power 4.,Potential Day 3 Pick
202300758,Nick Oliveira,2023,OT,0.8738,OL,60.401794,64.4495375958741,64.4495375958741,Meaningful G5 Contributor,Standout starter at the Group of 5 level; high-end depth in Power 4.,Potential Day 3 Pick
202300765,John Stone,2023,IOL,0.8736,OL,59.25553,62.366175405001144,62.366175405001144,Meaningful G5 Contributor,Standout starter at the Group of 5 level; high-end depth in Power 4.,Potential Day 3 Pick
202300770,Isaiah Kema,2023,IOL,0.8731,OL,59.861053,63.560422936200204,63.560422936200204,Meaningful G5 Contributor,Standout starter at the Group of 5 level; high-end depth in Power 4.,Potential Day 3 Pick
202300774,Phillip Daniels,2023,IOL,0.8731,OL,58.899483,61.610526387368054,61.610526387368054,Meaningful G5 Contributor,Standout starter at the Group of 5 level; high-end depth in Power 4.,Potential Day 3 Pick
202300775,Devin McRae,2023,IOL,0.8731,OL,58.819397,61.51454475369178,61.51454475369178,Meaningful G5 Contributor,Standout starter at the Group of 5 level; high-end depth in Power 4.,Potential Day 3 Pick
202300778,Johnny Williams IV,2023,OT,0.8728,OL,59.700058,63.25064447684539,63.25064447684539,Meaningful G5 Contributor,Standout starter at the Group of 5 level; high-end depth in Power 4.,Potential Day 3 Pick
202300783,Gabe Fortson,2023,IOL,0.8728,OL,59.533413,62.8925156514506,62.8925156514506,Meaningful G5 Contributor,Standout starter at the Group of 5 level; high-end depth in Power 4.,Potential Day 3 Pick
202300784,Andre' Otto,2023,OT,0.8728,OL,59.316418,62.47861638772504,62.47861638772504,Meaningful G5 Contributor,Standout starter at the Group of 5 level; high-end depth in Power 4.,Potential Day 3 Pick
202300793,Naquil Betrand,2023,OT,0.8722,OL,62.529335,68.9277926551959,68.9277926551959,Meaningful G5 Contributor,Standout starter at the Group of 5 level; high-end depth in Power 4.,Potential Day 3 Pick
202300798,Elijha Payne,2023,OT,0.8719,OL,57.012825,57.55070179263361,57.55070179263361,Multi-Year Starter,Consistent career presence; reliable rotational player or specialist.,nan
202300807,Brandon Solis,2023,OT,0.8717,OL,54.659172,50.06930788595309,50.06930788595309,Multi-Year Starter,Consistent career presence; reliable rotational player or specialist.,nan
202300812,Tobias Raymond,2023,OT,0.8714,OL,58.438457,60.53529575720967,60.53529575720967,Meaningful G5 Contributor,Standout starter at the Group of 5 level; high-end depth in Power 4.,Potential Day 3 Pick
202300813,Wes Tucker,2023,IOL,0.8714,OL,63.123158,70.21471351970563,70.21471351970563,Meaningful P4 Contributor,Reliable multi-year starter at the highest level of competition.,Potential Day 2 Pick
202300826,Andre Cojoe,2023,IOL,0.8711,OL,58.19254,59.940682726177805,59.940682726177805,Multi-Year Starter,Consistent career presence; reliable rotational player or specialist.,nan
202300835,Johnathan Slack,2023,IOL,0.8706,OL,60.3291,64.31686456198254,64.31686456198254,Meaningful G5 Contributor,Standout starter at the Group of 5 level; high-end depth in Power 4.,Potential Day 3 Pick
202300842,Jamall Franklin,2023,OT,0.8703,OL,60.447273,64.52568826750279,64.52568826750279,Meaningful G5 Contributor,Standout starter at the Group of 5 level; high-end depth in Power 4.,Potential Day 3 Pick
202300843,Barrett Maddox,2023,OT,0.8703,OL,55.61207,53.75938795579423,53.75938795579423,Multi-Year Starter,Consistent career presence; reliable rotational player or specialist.,nan
202300852,Ayden Bussell,2023,OT,0.8697,OL,55.752953,54.229152193213594,54.229152193213594,Multi-Year Starter,Consistent career presence; reliable rotational player or specialist.,nan
202300858,Kamen Smith,2023,OT,0.8694,OL,62.850082,69.63418234368943,69.63418234368943,Meaningful G5 Contributor,Standout starter at the Group of 5 level; high-end depth in Power 4.,Potential Day 3 Pick
202300860,Jacob Anderson,2023,OT,0.8692,OL,58.638226,61.04390324509429,61.04390324509429,Meaningful G5 Contributor,Standout starter at the Group of 5 level; high-end depth in Power 4.,Potential Day 3 Pick
202300866,Jatavius Shivers,2023,OT,0.8689,OL,57.152897,57.84710935037901,57.84710935037901,Multi-Year Starter,Consistent career presence; reliable rotational player or specialist.,nan
202300871,Ben Taylor-Whitfield,2023,OT,0.8689,OL,61.822506,67.31118906733288,67.31118906733288,Meaningful G5 Contributor,Standout starter at the Group of 5 level; high-end depth in Power 4.,Potential Day 3 Pick
202300875,Malik Ellis,2023,OT,0.8686,OL,54.077045,47.334633847690895,47.334633847690895,Single Season Contributor,Late bloomer or one-year starter; limited career longevity.,nan
202300883,Ryan Carretta,2023,OT,0.8681,OL,59.08891,62.00790190690429,62.00790190690429,Meaningful G5 Contributor,Standout starter at the Group of 5 level; high-end depth in Power 4.,Potential Day 3 Pick
202300904,Brock Knutson,2023,OT,0.8672,OL,57.031624,57.59595104431878,57.59595104431878,Multi-Year Starter,Consistent career presence; reliable rotational player or specialist.,nan
202300907,R.J. Grigsby,2023,IOL,0.8672,OL,53.686947,45.093304039801005,45.093304039801005,Single Season Contributor,Late bloomer or one-year starter; limited career longevity.,nan
202300917,Joey Su'a,2023,IOL,0.8669,OL,54.96643,51.52132287933534,51.52132287933534,Multi-Year Starter,Consistent career presence; reliable rotational player or specialist.,nan
202300926,Noah Dunham,2023,OT,0.8667,OL,56.23419,55.597236920330616,55.597236920330616,Multi-Year Starter,Consistent career presence; reliable rotational player or specialist.,nan
202300928,Johnathan Cline,2023,IOL,0.8664,OL,54.33311,48.87100527265105,48.87100527265105,Single Season Contributor,Late bloomer or one-year starter; limited career longevity.,nan
202300934,Benjamin Galloway,2023,OT,0.8664,OL,57.251183,58.03118202511873,58.03118202511873,Multi-Year Starter,Consistent career presence; reliable rotational player or specialist.,nan
202300940,Jack Endean,2023,OT,0.8661,OL,59.637566,63.11384815724055,63.11384815724055,Meaningful G5 Contributor,Standout starter at the Group of 5 level; high-end depth in Power 4.,Potential Day 3 Pick
202300951,Brandon Henderson,2023,OT,0.8658,OL,67.79704,80.5064417227382,80.5064417227382,Elite Power 4,All-Conference/All-American honors.,First round NFL Draft talent
202300956,Kaden Carr,2023,IOL,0.8656,OL,55.80101,54.45464337630557,54.45464337630557,Multi-Year Starter,Consistent career presence; reliable rotational player or specialist.,nan
202300965,Austin Ramsey,2023,OT,0.8656,OL,59.13663,62.11259445330356,62.11259445330356,Meaningful G5 Contributor,Standout starter at the Group of 5 level; high-end depth in Power 4.,Potential Day 3 Pick
202300977,Patrick Screws Jr.,2023,IOL,0.8653,OL,55.290874,52.79277026865802,52.79277026865802,Multi-Year Starter,Consistent career presence; reliable rotational player or specialist.,nan
202300980,Cooper Powers,2023,IOL,0.865,OL,51.48783,38.424936660915215,38.424936660915215,Partial Season Contributor,Rotational backup or special teams contributor; limited starts.,nan
202300994,James Jenkins,2023,IOL,0.8647,OL,55.317276,52.86835667937142,52.86835667937142,Multi-Year Starter,Consistent career presence; reliable rotational player or specialist.,nan
202300999,Anthony Miles,2023,IOL,0.8645,OL,55.219875,52.5297161058392,52.5297161058392,Multi-Year Starter,Consistent career presence; reliable rotational player or specialist.,nan
202301005,Bryce Boulton,2023,IOL,0.8644,OL,50.60005,36.091345508096495,36.091345508096495,Partial Season Contributor,Rotational backup or special teams contributor; limited starts.,nan
202301006,Jonah Rodriguez,2023,OT,0.8642,OL,55.97751,54.925269048713126,54.925269048713126,Multi-Year Starter,Consistent career presence; reliable rotational player or specialist.,nan
202301007,Ethan Mackenny,2023,OT,0.8642,OL,59.384872,62.60503412063528,62.60503412063528,Meaningful G5 Contributor,Standout starter at the Group of 5 level; high-end depth in Power 4.,Potential Day 3 Pick
202301014,Joshua Gregory,2023,OT,0.8639,OL,57.86291,59.21005286570111,59.21005286570111,Multi-Year Starter,Consistent career presence; reliable rotational player or specialist.,nan
202301019,Hannes Hammer,2023,OT,0.8639,OL,58.87753,61.58421533174231,61.58421533174231,Meaningful G5 Contributor,Standout starter at the Group of 5 level; high-end depth in Power 4.,Potential Day 3 Pick
202301021,Bubba Jeffries,2023,IOL,0.8636,OL,55.616295,53.77117954739009,53.77117954739009,Multi-Year Starter,Consistent career presence; reliable rotational player or specialist.,nan
202301038,Austin Barrett,2023,OT,0.8631,OL,57.911022,59.38508249945064,59.38508249945064,Multi-Year Starter,Consistent career presence; reliable rotational player or specialist.,nan
202301040,Sam Sledge,2023,IOL,0.8631,OL,57.376827,58.26608652826731,58.26608652826731,Multi-Year Starter,Consistent career presence; reliable rotational player or specialist.,nan
202301044,Mason Goldman,2023,OT,0.8631,OL,60.729393,65.03524028710034,65.03524028710034,Meaningful G5 Contributor,Standout starter at the Group of 5 level; high-end depth in Power 4.,Potential Day 3 Pick
202301048,Kahlee Tafai,2023,OT,0.8628,OL,57.30079,58.12392569208731,58.12392569208731,Multi-Year Starter,Consistent career presence; reliable rotational player or specialist.,nan
202301065,Dominic Rivera,2023,OT,0.8622,OL,57.327065,58.173050452013456,58.173050452013456,Multi-Year Starter,Consistent career presence; reliable rotational player or specialist.,nan
202301090,Soane Faasolo,2023,OT,0.8614,OL,54.835434,50.897519644386776,50.897519644386776,Multi-Year Starter,Consistent career presence; reliable rotational player or specialist.,nan
202301096,Charlie Symonds,2023,OT,0.8608,OL,54.89765,51.19969630898259,51.19969630898259,Multi-Year Starter,Consistent career presence; reliable rotational player or specialist.,nan
202301102,Ethan Fields,2023,IOL,0.8608,OL,53.644444,44.894465124248676,44.894465124248676,Single Season Contributor,Late bloomer or one-year starter; limited career longevity.,nan
202301114,Jr Sia,2023,OT,0.86,OL,57.967346,59.55974197833788,59.55974197833788,Multi-Year Starter,Consistent career presence; reliable rotational player or specialist.,nan
202301115,Aaron Bradley,2023,OT,0.86,OL,56.32781,55.90376459138986,55.90376459138986,Multi-Year Starter,Consistent career presence; reliable rotational player or specialist.,nan
202301120,Nikola Milovac,2023,OT,0.86,OL,57.030838,57.59405953745045,57.59405953745045,Multi-Year Starter,Consistent career presence; reliable rotational player or specialist.,nan
202301121,TJ McMillen,2023,IOL,0.8597,OL,59.786823,63.419150009360266,63.419150009360266,Meaningful G5 Contributor,Standout starter at the Group of 5 level; high-end depth in Power 4.,Potential Day 3 Pick
202301130,Reese Tripp,2023,OT,0.8597,OL,56.605114,56.83506964241582,56.83506964241582,Multi-Year Starter,Consistent career presence; reliable rotational player or specialist.,nan
202301131,Jordan Church,2023,IOL,0.8597,OL,52.4621,40.75953993173727,40.75953993173727,Single Season Contributor,Late bloomer or one-year starter; limited career longevity.,nan
202301166,Ian Geffrard,2023,OT,0.8583,OL,56.23461,55.5985998780044,55.5985998780044,Multi-Year Starter,Consistent career presence; reliable rotational player or specialist.,nan
202301167,Alexander Doost,2023,IOL,0.8583,OL,53.076294,42.269662092364584,42.269662092364584,Single Season Contributor,Late bloomer or one-year starter; limited career longevity.,nan
202301172,Cole Surber,2023,IOL,0.8583,OL,53.64997,44.92032382005152,44.92032382005152,Single Season Contributor,Late bloomer or one-year starter; limited career longevity.,nan
202301174,D.J. Geth,2023,IOL,0.8583,OL,55.717854,54.06033456679669,54.06033456679669,Multi-Year Starter,Consistent career presence; reliable rotational player or specialist.,nan
202301183,Rikter Connally,2023,OT,0.8583,OL,58.852013,61.553634158661396,61.553634158661396,Meaningful G5 Contributor,Standout starter at the Group of 5 level; high-end depth in Power 4.,Potential Day 3 Pick
202301187,Brendan Black,2023,IOL,0.8581,OL,54.348946,48.95538721217076,48.95538721217076,Single Season Contributor,Late bloomer or one-year starter; limited career longevity.,nan
202301188,Mike Stoker,2023,IOL,0.8581,OL,52.707737,41.39836771582969,41.39836771582969,Single Season Contributor,Late bloomer or one-year starter; limited career longevity.,nan
202301193,Alex Woods,2023,OT,0.8578,OL,55.122845,52.169548921829026,52.169548921829026,Multi-Year Starter,Consistent career presence; reliable rotational player or specialist.,nan
202301198,Rhino Tapa'atoutai,2023,OT,0.8575,OL,55.36466,53.004010314318855,53.004010314318855,Multi-Year Starter,Consistent career presence; reliable rotational player or specialist.,nan
202301212,Jacob Booth,2023,OT,0.8567,OL,56.91266,57.358211476552825,57.358211476552825,Multi-Year Starter,Consistent career presence; reliable rotational player or specialist.,nan
202301218,Will Larkins,2023,IOL,0.8567,OL,54.34061,48.91593670091917,48.91593670091917,Single Season Contributor,Late bloomer or one-year starter; limited career longevity.,nan
202301233,Malachi Breland,2023,IOL,0.8561,OL,53.80817,45.8025296901965,45.8025296901965,Single Season Contributor,Late bloomer or one-year starter; limited career longevity.,nan
202301241,Gabe Arena,2023,OT,0.8558,OL,57.475243,58.436278047377805,58.436278047377805,Multi-Year Starter,Consistent career presence; reliable rotational player or specialist.,nan
202301246,BJ Williams,2023,IOL,0.8558,OL,59.467476,62.763990548596865,62.763990548596865,Meaningful G5 Contributor,Standout starter at the Group of 5 level; high-end depth in Power 4.,Potential Day 3 Pick
202301251,Devin Vass,2023,OT,0.8558,OL,55.36482,53.00446900948573,53.00446900948573,Multi-Year Starter,Consistent career presence; reliable rotational player or specialist.,nan
202301253,Lance Williams,2023,IOL,0.8556,OL,55.084362,52.03032509272247,52.03032509272247,Multi-Year Starter,Consistent career presence; reliable rotational player or specialist.,nan
202301254,Cooper Young,2023,IOL,0.8556,OL,57.849106,59.164871995057474,59.164871995057474,Multi-Year Starter,Consistent career presence; reliable rotational player or specialist.,nan
202301269,Chrisdasson Saint-Jean,2023,OT,0.855,OL,53.423634,43.86426972924749,43.86426972924749,Single Season Contributor,Late bloomer or one-year starter; limited career longevity.,nan
202301273,Terrance Saunders,2023,OT,0.855,OL,63.535892,71.06569519676368,71.06569519676368,Meaningful P4 Contributor,Reliable multi-year starter at the highest level of competition.,Potential Day 2 Pick
202301279,Deandre Duffus,2023,IOL,0.8547,OL,53.637543,44.862181907749466,44.862181907749466,Single Season Contributor,Late bloomer or one-year starter; limited career longevity.,nan
202301281,Drew Perez,2023,OT,0.8547,OL,55.422504,53.17415062751406,53.17415062751406,Multi-Year Starter,Consistent career presence; reliable rotational player or specialist.,nan
202301282,Cannon Leonard,2023,OT,0.8547,OL,60.307446,64.27667048708618,64.27667048708618,Meaningful G5 Contributor,Standout starter at the Group of 5 level; high-end depth in Power 4.,Potential Day 3 Pick
202301299,Michael Crounse,2023,IOL,0.8539,OL,60.51439,64.6380683141925,64.6380683141925,Meaningful G5 Contributor,Standout starter at the Group of 5 level; high-end depth in Power 4.,Potential Day 3 Pick
202301308,Mason Ludwig,2023,OT,0.8533,OL,60.811115,65.22450544102392,65.22450544102392,Meaningful G5 Contributor,Standout starter at the Group of 5 level; high-end depth in Power 4.,Potential Day 3 Pick
202301323,Tanner Welch,2023,OT,0.8526,OL,60.281,64.22758372977484,64.22758372977484,Meaningful G5 Contributor,Standout starter at the Group of 5 level; high-end depth in Power 4.,Potential Day 3 Pick
202301326,Jackson Fullmer,2023,OT,0.8525,OL,66.66722,78.21374913050334,78.21374913050334,Meaningful P4 Contributor,Reliable multi-year starter at the highest level of competition.,Potential Day 2 Pick
202301336,Hudson Perroni,2023,IOL,0.8519,OL,63.47846,70.91266138593234,70.91266138593234,Meaningful P4 Contributor,Reliable multi-year starter at the highest level of competition.,Potential Day 2 Pick
202301341,Tyrone McDuffie,2023,IOL,0.8517,OL,57.300568,58.123512039927654,58.123512039927654,Multi-Year Starter,Consistent career presence; reliable rotational player or specialist.,nan
202301348,Zach Aamland,2023,OT,0.8517,OL,54.80331,50.74150310897529,50.74150310897529,Multi-Year Starter,Consistent career presence; reliable rotational player or specialist.,nan
202301350,Colin Van Rooy,2023,OT,0.8517,OL,57.898087,59.33802212139445,59.33802212139445,Multi-Year Starter,Consistent career presence; reliable rotational player or specialist.,nan
202301352,Gage Stanaland,2023,IOL,0.8517,OL,59.174282,62.19519360861617,62.19519360861617,Meaningful G5 Contributor,Standout starter at the Group of 5 level; high-end depth in Power 4.,Potential Day 3 Pick
202301362,Keyon Cox,2023,OT,0.8514,OL,53.480125,44.19305440611674,44.19305440611674,Single Season Contributor,Late bloomer or one-year starter; limited career longevity.,nan
202301365,Zander Esty,2023,IOL,0.8511,OL,48.459835,33.184157977432065,33.184157977432065,Partial Season Contributor,Rotational backup or special teams contributor; limited starts.,nan
202301377,Nathan Pritchard,2023,OT,0.8508,OL,54.111115,47.57805751514965,47.57805751514965,Single Season Contributor,Late bloomer or one-year starter; limited career longevity.,nan
202301382,Cooper Starks,2023,OT,0.8508,OL,63.44912,70.84967606565466,70.84967606565466,Meaningful P4 Contributor,Reliable multi-year starter at the highest level of competition.,Potential Day 2 Pick
202301400,RJ Esmon,2023,OT,0.85,OL,58.35661,60.329677110815204,60.329677110815204,Meaningful G5 Contributor,Standout starter at the Group of 5 level; high-end depth in Power 4.,Potential Day 3 Pick
202301420,Elias Cloy,2023,IOL,0.85,OL,55.063255,51.953553906443624,51.953553906443624,Multi-Year Starter,Consistent career presence; reliable rotational player or specialist.,nan
202301435,Jayden Bass,2023,OT,0.8494,OL,55.601658,53.73034530826256,53.73034530826256,Multi-Year Starter,Consistent career presence; reliable rotational player or specialist.,nan
202301450,Cal Grubbs,2023,IOL,0.8489,OL,53.95814,46.60020267342099,46.60020267342099,Single Season Contributor,Late bloomer or one-year starter; limited career longevity.,nan
202301454,Nick Krahe,2023,IOL,0.8489,OL,55.909645,54.78022383426811,54.78022383426811,Multi-Year Starter,Consistent career presence; reliable rotational player or specialist.,nan
202301457,Christian Martin,2023,OT,0.8486,OL,59.765465,63.37850110050694,63.37850110050694,Meaningful G5 Contributor,Standout starter at the Group of 5 level; high-end depth in Power 4.,Potential Day 3 Pick
202301461,A.J. Salley,2023,OT,0.8485,OL,59.553,62.930697682295495,62.930697682295495,Meaningful G5 Contributor,Standout starter at the Group of 5 level; high-end depth in Power 4.,Potential Day 3 Pick
202301464,Camden Beebe,2023,IOL,0.8483,OL,62.836815,69.6062291925018,69.6062291925018,Meaningful G5 Contributor,Standout starter at the Group of 5 level; high-end depth in Power 4.,Potential Day 3 Pick
202301469,Tai Ray,2023,OT,0.8483,OL,58.107056,59.763987898932406,59.763987898932406,Multi-Year Starter,Consistent career presence; reliable rotational player or specialist.,nan
202301474,Zachary Henning,2023,OT,0.8481,OL,57.767395,58.98037244820229,58.98037244820229,Multi-Year Starter,Consistent career presence; reliable rotational player or specialist.,nan
202301508,Ethan Hubbard,2023,OT,0.8475,OL,57.17819,57.89449531862192,57.89449531862192,Multi-Year Starter,Consistent career presence; reliable rotational player or specialist.,nan
202301513,Aaron Fenimore,2023,IOL,0.8472,OL,59.44615,62.722425299829005,62.722425299829005,Meaningful G5 Contributor,Standout starter at the Group of 5 level; high-end depth in Power 4.,Potential Day 3 Pick
202301518,Hayden Christman,2023,OT,0.847,OL,59.15232,62.14701495237152,62.14701495237152,Meaningful G5 Contributor,Standout starter at the Group of 5 level; high-end depth in Power 4.,Potential Day 3 Pick
202301519,Ryan Silver,2023,IOL,0.8469,OL,51.021965,37.2162110592691,37.2162110592691,Partial Season Contributor,Rotational backup or special teams contributor; limited starts.,nan
202301527,Cayden Bowie,2023,IOL,0.8467,OL,58.662132,61.14989699732116,61.14989699732116,Meaningful G5 Contributor,Standout starter at the Group of 5 level; high-end depth in Power 4.,Potential Day 3 Pick
202301528,Tamarus Walker,2023,IOL,0.8467,OL,62.64125,69.1871121030335,69.1871121030335,Meaningful G5 Contributor,Standout starter at the Group of 5 level; high-end depth in Power 4.,Potential Day 3 Pick
202301531,Sean Na'a,2023,IOL,0.8467,OL,49.85916,34.84740225658725,34.84740225658725,Partial Season Contributor,Rotational backup or special teams contributor; limited starts.,nan
202301535,Jamison Mejia,2023,IOL,0.8467,OL,55.906563,54.77098621189175,54.77098621189175,Multi-Year Starter,Consistent career presence; reliable rotational player or specialist.,nan
202301538,Jakobe Sanders,2023,IOL,0.8464,OL,54.524216,49.51762557682506,49.51762557682506,Single Season Contributor,Late bloomer or one-year starter; limited career longevity.,nan
202301549,Jason Steele,2023,IOL,0.8458,OL,51.44623,38.32971758466506,38.32971758466506,Partial Season Contributor,Rotational backup or special teams contributor; limited starts.,nan
202301551,Brione Ramsey-Brooks,2023,IOL,0.8456,OL,52.656563,41.285964226562086,41.285964226562086,Single Season Contributor,Late bloomer or one-year starter; limited career longevity.,nan
202301552,Jack Gogue,2023,OT,0.8456,OL,56.38915,56.107981142282235,56.107981142282235,Multi-Year Starter,Consistent career presence; reliable rotational player or specialist.,nan
202301561,Cooper Fordham,2023,IOL,0.845,OL,58.162045,59.85508233877513,59.85508233877513,Multi-Year Starter,Consistent career presence; reliable rotational player or specialist.,nan
202301563,Tyler Murphy,2023,IOL,0.845,OL,54.206215,48.1659710897735,48.1659710897735,Single Season Contributor,Late bloomer or one-year starter; limited career longevity.,nan
202301567,Jon Mould,2023,OT,0.845,OL,56.34587,55.963899253608474,55.963899253608474,Multi-Year Starter,Consistent career presence; reliable rotational player or specialist.,nan
202301569,Jordan Hall,2023,OT,0.845,OL,58.305447,60.223274418248934,60.223274418248934,Meaningful G5 Contributor,Standout starter at the Group of 5 level; high-end depth in Power 4.,Potential Day 3 Pick
202301573,Bami Badusi,2023,OT,0.845,OL,55.76887,54.305717344288226,54.305717344288226,Multi-Year Starter,Consistent career presence; reliable rotational player or specialist.,nan
202301575,Tyson Ruffins,2023,IOL,0.8444,OL,48.584763,33.33810743634788,33.33810743634788,Partial Season Contributor,Rotational backup or special teams contributor; limited starts.,nan
202301580,Ed Haynes,2023,IOL,0.8444,OL,58.992092,61.79334068231023,61.79334068231023,Meaningful G5 Contributor,Standout starter at the Group of 5 level; high-end depth in Power 4.,Potential Day 3 Pick
202301592,De'Eric Mister,2023,OT,0.8442,OL,57.27335,58.07262569235608,58.07262569235608,Multi-Year Starter,Consistent career presence; reliable rotational player or specialist.,nan
202301602,John Bragg,2023,OT,0.8437,OL,58.339592,60.2942862361106,60.2942862361106,Meaningful G5 Contributor,Standout starter at the Group of 5 level; high-end depth in Power 4.,Potential Day 3 Pick
202301609,Darion Reed,2023,OT,0.8436,OL,56.21554,55.53665964699322,55.53665964699322,Multi-Year Starter,Consistent career presence; reliable rotational player or specialist.,nan
202301618,Caleb Dorris,2023,OT,0.8433,OL,56.451702,56.36752655587655,56.36752655587655,Multi-Year Starter,Consistent career presence; reliable rotational player or specialist.,nan
202301624,Ja'Marion Kennedy,2023,IOL,0.8428,OL,56.57557,56.75632795560977,56.75632795560977,Multi-Year Starter,Consistent career presence; reliable rotational player or specialist.,nan
202301632,Tyler Bell,2023,OT,0.8425,OL,53.115963,42.43140197020928,42.43140197020928,Single Season Contributor,Late bloomer or one-year starter; limited career longevity.,nan
202301636,Nathan Gates,2023,OT,0.8419,OL,53.419674,43.838571813701876,43.838571813701876,Single Season Contributor,Late bloomer or one-year starter; limited career longevity.,nan
202301641,Rico Jackson,2023,OT,0.8417,OL,53.36394,43.489076041447305,43.489076041447305,Single Season Contributor,Late bloomer or one-year starter; limited career longevity.,nan
202301645,Ashton Tripp,2023,OT,0.8417,OL,56.479057,56.483796452549925,56.483796452549925,Multi-Year Starter,Consistent career presence; reliable rotational player or specialist.,nan
202301646,Ryan Mickow,2023,IOL,0.8417,OL,55.967495,54.904663625606936,54.904663625606936,Multi-Year Starter,Consistent career presence; reliable rotational player or specialist.,nan
202301653,Allen Thomason,2023,OT,0.8417,OL,53.703884,45.17253979505611,45.17253979505611,Single Season Contributor,Late bloomer or one-year starter; limited career longevity.,nan
202301654,Reagan McCranie,2023,IOL,0.8411,OL,53.579853,44.597024191889,44.597024191889,Single Season Contributor,Late bloomer or one-year starter; limited career longevity.,nan
202301660,Ryan Blum,2023,IOL,0.8411,OL,56.636555,56.90920291175812,56.90920291175812,Multi-Year Starter,Consistent career presence; reliable rotational player or specialist.,nan
202301667,Thomas Paasch,2023,OT,0.8411,OL,58.390335,60.40216628139559,60.40216628139559,Meaningful G5 Contributor,Standout starter at the Group of 5 level; high-end depth in Power 4.,Potential Day 3 Pick
202301671,Kyland Armstrong,2023,IOL,0.8408,OL,56.50678,56.572990468434384,56.572990468434384,Multi-Year Starter,Consistent career presence; reliable rotational player or specialist.,nan
202301681,Reagan Gill,2023,IOL,0.8403,OL,55.220192,52.53091522024222,52.53091522024222,Multi-Year Starter,Consistent career presence; reliable rotational player or specialist.,nan
202301683,Jayden Hobson,2023,OT,0.8403,OL,54.480446,49.31440424969359,49.31440424969359,Single Season Contributor,Late bloomer or one-year starter; limited career longevity.,nan
202301697,Mozell Williams,2023,OT,0.8392,OL,60.06172,63.88854719858483,63.88854719858483,Meaningful G5 Contributor,Standout starter at the Group of 5 level; high-end depth in Power 4.,Potential Day 3 Pick
202301703,Kevin Terry,2023,OT,0.8386,OL,59.192238,62.23458512067863,62.23458512067863,Meaningful G5 Contributor,Standout starter at the Group of 5 level; high-end depth in Power 4.,Potential Day 3 Pick
202301707,Eric King,2023,IOL,0.8385,OL,57.98063,59.57916050977929,59.57916050977929,Multi-Year Starter,Consistent career presence; reliable rotational player or specialist.,nan
202301712,Marleo Neolien,2023,OT,0.8381,OL,58.281498,60.17346856498834,60.17346856498834,Meaningful G5 Contributor,Standout starter at the Group of 5 level; high-end depth in Power 4.,Potential Day 3 Pick
202301716,Joshua Wade,2023,IOL,0.8378,OL,54.29984,48.67167062496307,48.67167062496307,Single Season Contributor,Late bloomer or one-year starter; limited career longevity.,nan
202301717,Dequarious White,2023,IOL,0.8378,OL,51.41324,38.25419720039294,38.25419720039294,Partial Season Contributor,Rotational backup or special teams contributor; limited starts.,nan
202301723,Kasen Carpenter,2023,IOL,0.8378,OL,55.449528,53.262168315231314,53.262168315231314,Multi-Year Starter,Consistent career presence; reliable rotational player or specialist.,nan
202301727,Mason Myers,2023,OT,0.8378,OL,53.255463,43.143859017090335,43.143859017090335,Single Season Contributor,Late bloomer or one-year starter; limited career longevity.,nan
202301728,Cayden Sweatt,2023,IOL,0.8378,OL,56.40665,56.17604036431156,56.17604036431156,Multi-Year Starter,Consistent career presence; reliable rotational player or specialist.,nan
202301732,Peyton Farmer,2023,OT,0.837,OL,57.930943,59.45755353873387,59.45755353873387,Multi-Year Starter,Consistent career presence; reliable rotational player or specialist.,nan
202301740,Cole Rhett,2023,OT,0.837,OL,53.918583,46.3856469895907,46.3856469895907,Single Season Contributor,Late bloomer or one-year starter; limited career longevity.,nan
202301743,Jaheim Buchanon,2023,IOL,0.8369,OL,56.487576,56.52000209740722,56.52000209740722,Multi-Year Starter,Consistent career presence; reliable rotational player or specialist.,nan
202301744,Zachary Anderson,2023,IOL,0.8369,OL,54.850025,50.9683857229937,50.9683857229937,Multi-Year Starter,Consistent career presence; reliable rotational player or specialist.,nan
202301747,Rodney Leaks,2023,OT,0.8367,OL,54.614132,49.92740004896462,49.92740004896462,Single Season Contributor,Late bloomer or one-year starter; limited career longevity.,nan
202301751,Keystone Allison,2023,OT,0.8367,OL,56.831367,57.259522656816536,57.259522656816536,Multi-Year Starter,Consistent career presence; reliable rotational player or specialist.,nan
202301773,Landry Cannon,2023,IOL,0.8353,OL,53.555653,44.49899472622174,44.49899472622174,Single Season Contributor,Late bloomer or one-year starter; limited career longevity.,nan
202301783,Derek Thompson,2023,IOL,0.835,OL,50.439247,35.766656516604286,35.766656516604286,Partial Season Contributor,Rotational backup or special teams contributor; limited starts.,nan
202301785,Grant Chapman,2023,OT,0.835,OL,51.66555,38.82904099137777,38.82904099137777,Partial Season Contributor,Rotational backup or special teams contributor; limited starts.,nan
202301795,Michael Jimmar,2023,OT,0.8344,OL,60.522984,64.65245914317919,64.65245914317919,Meaningful G5 Contributor,Standout starter at the Group of 5 level; high-end depth in Power 4.,Potential Day 3 Pick
202301800,Parker Peterson,2023,OT,0.8344,OL,52.471424,40.78615855374465,40.78615855374465,Single Season Contributor,Late bloomer or one-year starter; limited career longevity.,nan
202301805,Carson Rasmussen,2023,OT,0.8337,OL,55.098587,52.081788778164416,52.081788778164416,Multi-Year Starter,Consistent career presence; reliable rotational player or specialist.,nan
202301812,TJ Lawrence,2023,OT,0.8337,OL,51.63664,38.76555114467883,38.76555114467883,Partial Season Contributor,Rotational backup or special teams contributor; limited starts.,nan
202301823,Hank Zilinskas,2023,IOL,0.8336,OL,55.151093,52.27174484317459,52.27174484317459,Multi-Year Starter,Consistent career presence; reliable rotational player or specialist.,nan
202301833,Sirri Kandiyeli,2023,IOL,0.8319,OL,54.71425,50.24283760141336,50.24283760141336,Multi-Year Starter,Consistent career presence; reliable rotational player or specialist.,nan
202301835,Trevion Mack,2023,IOL,0.8319,OL,52.602474,41.1603222773296,41.1603222773296,Single Season Contributor,Late bloomer or one-year starter; limited career longevity.,nan
202301838,BJ Tolo,2023,IOL,0.8317,OL,53.968246,46.65974331351937,46.65974331351937,Single Season Contributor,Late bloomer or one-year starter; limited career longevity.,nan
202301844,Ovie Dubre,2023,IOL,0.8317,OL,51.43263,38.29858037917143,38.29858037917143,Partial Season Contributor,Rotational backup or special teams contributor; limited starts.,nan
202301850,Sean Scott,2023,OT,0.8311,OL,56.628464,56.893228698473365,56.893228698473365,Multi-Year Starter,Consistent career presence; reliable rotational player or specialist.,nan
202301856,Troy Smith,2023,IOL,0.8311,OL,54.677963,50.12851327301205,50.12851327301205,Multi-Year Starter,Consistent career presence; reliable rotational player or specialist.,nan
202301863,Xzavier Brown,2023,OT,0.8306,OL,51.541534,38.54786138860432,38.54786138860432,Partial Season Contributor,Rotational backup or special teams contributor; limited starts.,nan
202301866,Kyle Cox,2023,OT,0.8304,OL,56.37884,56.07366564971313,56.07366564971313,Multi-Year Starter,Consistent career presence; reliable rotational player or specialist.,nan
202301868,Ben Decker,2023,OT,0.8304,OL,56.812622,57.23676541326026,57.23676541326026,Multi-Year Starter,Consistent career presence; reliable rotational player or specialist.,nan
202301871,Isaac Sohn,2023,IOL,0.8304,OL,56.472233,56.454789780516926,56.454789780516926,Multi-Year Starter,Consistent career presence; reliable rotational player or specialist.,nan
202301872,Nate Bledsoe,2023,IOL,0.8304,OL,53.3467,43.434204537769226,43.434204537769226,Single Season Contributor,Late bloomer or one-year starter; limited career longevity.,nan
202301883,John Ward,2023,IOL,0.8304,OL,54.67418,50.11659046668592,50.11659046668592,Multi-Year Starter,Consistent career presence; reliable rotational player or specialist.,nan
202301892,Brayden Ramey,2023,IOL,0.8304,OL,54.8708,51.06928419726647,51.06928419726647,Multi-Year Starter,Consistent career presence; reliable rotational player or specialist.,nan
202301893,Briley Barron,2023,IOL,0.8304,OL,53.376743,43.55995491432778,43.55995491432778,Single Season Contributor,Late bloomer or one-year starter; limited career longevity.,nan
202301897,Luke Rogers,2023,IOL,0.83,OL,50.91883,36.919291108438536,36.919291108438536,Partial Season Contributor,Rotational backup or special teams contributor; limited starts.,nan
202301899,Brendan Chavarria,2023,IOL,0.83,OL,54.072037,47.29884667096115,47.29884667096115,Single Season Contributor,Late bloomer or one-year starter; limited career longevity.,nan
202301901,Richard McKay,2023,OT,0.83,OL,54.932915,51.370960630719175,51.370960630719175,Multi-Year Starter,Consistent career presence; reliable rotational player or specialist.,nan
202301908,Kolt Dieterich,2023,OT,0.83,OL,56.025,55.02299762687392,55.02299762687392,Multi-Year Starter,Consistent career presence; reliable rotational player or specialist.,nan
202301916,Misael Sandoval,2023,OT,0.8292,OL,53.575882,44.58093833536951,44.58093833536951,Single Season Contributor,Late bloomer or one-year starter; limited career longevity.,nan
202301919,Matthew Nehf,2023,IOL,0.8286,OL,54.980408,51.583717272343165,51.583717272343165,Multi-Year Starter,Consistent career presence; reliable rotational player or specialist.,nan
202301922,Uber Ajongo,2023,OT,0.8281,OL,55.842934,54.5802887598651,54.5802887598651,Multi-Year Starter,Consistent career presence; reliable rotational player or specialist.,nan
202301932,Walker Davis,2023,IOL,0.8272,OL,54.36262,48.99272406757571,48.99272406757571,Single Season Contributor,Late bloomer or one-year starter; limited career longevity.,nan
202301933,Edward Hartig,2023,IOL,0.827,OL,56.136196,55.300307050883966,55.300307050883966,Multi-Year Starter,Consistent career presence; reliable rotational player or specialist.,nan
202301935,Luke Zanotti,2023,IOL,0.827,OL,55.241585,52.611934901834005,52.611934901834005,Multi-Year Starter,Consistent career presence; reliable rotational player or specialist.,nan
202301936,Luke Needham,2023,IOL,0.827,OL,53.58253,44.60787171472923,44.60787171472923,Single Season Contributor,Late bloomer or one-year starter; limited career longevity.,nan
202301943,Luke Watson,2023,IOL,0.827,OL,55.416866,53.15578668871591,53.15578668871591,Multi-Year Starter,Consistent career presence; reliable rotational player or specialist.,nan
202301977,Isaac Rue,2023,OT,0.8256,OL,53.57799,44.58948346376074,44.58948346376074,Single Season Contributor,Late bloomer or one-year starter; limited career longevity.,nan
202301978,Desmond Magiya,2023,OT,0.8256,OL,57.236305,58.003367483348704,58.003367483348704,Multi-Year Starter,Consistent career presence; reliable rotational player or specialist.,nan
202301987,Kai Sevy,2023,IOL,0.825,OL,57.52162,58.51415527605406,58.51415527605406,Multi-Year Starter,Consistent career presence; reliable rotational player or specialist.,nan
202301991,Will Hutchens,2023,IOL,0.825,OL,56.546623,56.67918245277126,56.67918245277126,Multi-Year Starter,Consistent career presence; reliable rotational player or specialist.,nan
202301993,Easton Fulton,2023,IOL,0.825,OL,54.335846,48.88739175996958,48.88739175996958,Single Season Contributor,Late bloomer or one-year starter; limited career longevity.,nan
202302023,Daniel Michel,2023,OT,0.8237,OL,51.90326,39.29663488081589,39.29663488081589,Partial Season Contributor,Rotational backup or special teams contributor; limited starts.,nan
202302026,Aaron Wood,2023,OT,0.8237,OL,52.606915,41.17299988617435,41.17299988617435,Single Season Contributor,Late bloomer or one-year starter; limited career longevity.,nan
202302029,Aitor Urionabarrenechea,2023,OT,0.823,OL,54.012806,46.922293036807126,46.922293036807126,Single Season Contributor,Late bloomer or one-year starter; limited career longevity.,nan
202302037,Elvin Harris,2023,OT,0.8217,OL,52.13194,39.908083706366014,39.908083706366014,Partial Season Contributor,Rotational backup or special teams contributor; limited starts.,nan
202302044,Tristan Cook,2023,IOL,0.8211,OL,52.413006,40.6246697244302,40.6246697244302,Single Season Contributor,Late bloomer or one-year starter; limited career longevity.,nan
202302045,Jacob Welch,2023,OT,0.8211,OL,62.165436,68.18542058270434,68.18542058270434,Meaningful G5 Contributor,Standout starter at the Group of 5 level; high-end depth in Power 4.,Potential Day 3 Pick
202302050,Noah Gardner,2023,OT,0.8206,OL,54.007862,46.89316330122105,46.89316330122105,Single Season Contributor,Late bloomer or one-year starter; limited career longevity.,nan
202302052,Ethan Williams,2023,IOL,0.8206,OL,50.52238,35.91769202719642,35.91769202719642,Partial Season Contributor,Rotational backup or special teams contributor; limited starts.,nan
202302059,Bryce Weaver,2023,IOL,0.8204,OL,52.521908,40.93029556014633,40.93029556014633,Single Season Contributor,Late bloomer or one-year starter; limited career longevity.,nan
202302062,Cole Skinner,2023,OT,0.8204,OL,51.443745,38.32402452297638,38.32402452297638,Partial Season Contributor,Rotational backup or special teams contributor; limited starts.,nan
202302066,Josiah Timoteo,2023,IOL,0.8204,OL,53.0105,42.108964015927576,42.108964015927576,Single Season Contributor,Late bloomer or one-year starter; limited career longevity.,nan
202302082,Andrew Hardwick,2023,IOL,0.82,OL,53.54537,44.45733529377549,44.45733529377549,Single Season Contributor,Late bloomer or one-year starter; limited career longevity.,nan
202302083,Matthew Broussard,2023,OT,0.82,OL,53.238194,43.08890253541984,43.08890253541984,Single Season Contributor,Late bloomer or one-year starter; limited career longevity.,nan
202302088,Chris Maxey,2023,IOL,0.8196,OL,51.670467,38.83871343293963,38.83871343293963,Partial Season Contributor,Rotational backup or special teams contributor; limited starts.,nan
202302096,Kolt De La Torre,2023,IOL,0.8185,OL,54.849186,50.96430976553135,50.96430976553135,Multi-Year Starter,Consistent career presence; reliable rotational player or specialist.,nan
202302104,Lukas Majer,2023,IOL,0.817,OL,54.095413,47.465871666391365,47.465871666391365,Single Season Contributor,Late bloomer or one-year starter; limited career longevity.,nan
202302113,Kameron Durant,2023,IOL,0.817,OL,53.34858,43.44018941637837,43.44018941637837,Single Season Contributor,Late bloomer or one-year starter; limited career longevity.,nan
202302114,Josh Daniel,2023,IOL,0.817,OL,54.947353,51.436160663333105,51.436160663333105,Multi-Year Starter,Consistent career presence; reliable rotational player or specialist.,nan
202302123,Trenton VanBoening,2023,OT,0.8163,OL,62.10556,68.03643776851314,68.03643776851314,Meaningful G5 Contributor,Standout starter at the Group of 5 level; high-end depth in Power 4.,Potential Day 3 Pick
202302124,Eli Freeman,2023,IOL,0.8163,OL,53.258434,43.153315853675565,43.153315853675565,Single Season Contributor,Late bloomer or one-year starter; limited career longevity.,nan
202302125,Chris Farrell,2023,IOL,0.8163,OL,59.95959,63.726318162145226,63.726318162145226,Meaningful G5 Contributor,Standout starter at the Group of 5 level; high-end depth in Power 4.,Potential Day 3 Pick
202302127,Jayvin James,2023,OT,0.8163,OL,53.56698,44.54487263977251,44.54487263977251,Single Season Contributor,Late bloomer or one-year starter; limited career longevity.,nan
202302144,Chris Moreno,2023,IOL,0.815,OL,56.656868,56.94930790267813,56.94930790267813,Multi-Year Starter,Consistent career presence; reliable rotational player or specialist.,nan
202302155,Chris Hayes,2023,OT,0.8144,OL,47.148254,31.724038944147342,31.724038944147342,Partial Season Contributor,Rotational backup or special teams contributor; limited starts.,nan
202302163,Phillip Gallegos,2023,OT,0.8137,OL,54.727806,50.31770951722603,50.31770951722603,Multi-Year Starter,Consistent career presence; reliable rotational player or specialist.,nan
202302167,Delano Townsend,2023,IOL,0.8137,OL,54.99412,51.644936661770885,51.644936661770885,Multi-Year Starter,Consistent career presence; reliable rotational player or specialist.,nan
202302168,Zavier Avera,2023,OT,0.8137,OL,51.8231,39.1389568245402,39.1389568245402,Partial Season Contributor,Rotational backup or special teams contributor; limited starts.,nan
202302176,Rob Fogler,2023,OT,0.8117,OL,55.179882,52.37825206486055,52.37825206486055,Multi-Year Starter,Consistent career presence; reliable rotational player or specialist.,nan
202302181,Mason Merriwether,2023,IOL,0.8106,OL,51.544918,38.55560639737405,38.55560639737405,Partial Season Contributor,Rotational backup or special teams contributor; limited starts.,nan
202302182,Zachary Session,2023,IOL,0.8104,OL,54.41103,49.12488716244008,49.12488716244008,Single Season Contributor,Late bloomer or one-year starter; limited career longevity.,nan
202302184,Queni Ropati,2023,IOL,0.8104,OL,53.707188,45.18799433650902,45.18799433650902,Single Season Contributor,Late bloomer or one-year starter; limited career longevity.,nan
202302186,Grant Zimmerly,2023,IOL,0.8104,OL,53.298107,43.27956887098796,43.27956887098796,Single Season Contributor,Late bloomer or one-year starter; limited career longevity.,nan
202302193,Shawn Burton Jr.,2023,OT,0.81,OL,59.953403,63.71613838755359,63.71613838755359,Meaningful G5 Contributor,Standout starter at the Group of 5 level; high-end depth in Power 4.,Potential Day 3 Pick
202302196,Jonas Mann,2023,OT,0.81,OL,55.26714,52.70871643660279,52.70871643660279,Multi-Year Starter,Consistent career presence; reliable rotational player or specialist.,nan
202302203,Roy Brackins III,2023,IOL,0.8097,OL,53.91013,46.34294926339274,46.34294926339274,Single Season Contributor,Late bloomer or one-year starter; limited career longevity.,nan
202302204,Brody Bolyn,2023,IOL,0.8096,OL,56.48093,56.49175747880381,56.49175747880381,Multi-Year Starter,Consistent career presence; reliable rotational player or specialist.,nan
202302206,Maurice Long,2023,OT,0.8096,OL,53.76381,45.528844257329716,45.528844257329716,Single Season Contributor,Late bloomer or one-year starter; limited career longevity.,nan
202302216,Joe Enick,2023,IOL,0.8078,OL,55.001587,51.67826248794892,51.67826248794892,Multi-Year Starter,Consistent career presence; reliable rotational player or specialist.,nan
202302222,Landon Zaldivar,2023,IOL,0.8063,OL,51.44409,38.324819106739675,38.324819106739675,Partial Season Contributor,Rotational backup or special teams contributor; limited starts.,nan
202302223,Tanner Morley,2023,OT,0.8063,OL,54.048767,47.13418039588885,47.13418039588885,Single Season Contributor,Late bloomer or one-year starter; limited career longevity.,nan
202302225,Peyton Miller,2023,IOL,0.8063,OL,57.337074,58.19176464627103,58.19176464627103,Multi-Year Starter,Consistent career presence; reliable rotational player or specialist.,nan
202302232,Andrew Guthrie,2023,OT,0.805,OL,53.36836,43.50553871165991,43.50553871165991,Single Season Contributor,Late bloomer or one-year starter; limited career longevity.,nan
202302240,Patrick Valent,2023,IOL,0.8037,OL,53.89717,46.277496115425926,46.277496115425926,Single Season Contributor,Late bloomer or one-year starter; limited career longevity.,nan
202302241,Camren Lindsey,2023,IOL,0.8037,OL,53.093166,42.31087317789139,42.31087317789139,Single Season Contributor,Late bloomer or one-year starter; limited career longevity.,nan
202302246,Willis Anderson,2023,IOL,0.8037,OL,52.723778,41.433601161403324,41.433601161403324,Single Season Contributor,Late bloomer or one-year starter; limited career longevity.,nan
202302247,Lajuan Owens,2023,IOL,0.803,OL,53.071445,42.25781961221433,42.25781961221433,Single Season Contributor,Late bloomer or one-year starter; limited career longevity.,nan
202302249,Luke Skartvedt,2023,OT,0.803,OL,54.123898,47.66939249551627,47.66939249551627,Single Season Contributor,Late bloomer or one-year starter; limited career longevity.,nan
202302255,Luke Bledsoe,2023,IOL,0.8006,OL,52.043243,39.65199072608774,39.65199072608774,Partial Season Contributor,Rotational backup or special teams contributor; limited starts.,nan
202302259,Broden Sobolewski,2023,IOL,0.8004,OL,49.3333,34.237199746375175,34.237199746375175,Partial Season Contributor,Rotational backup or special teams contributor; limited starts.,nan
202302263,Andrew Lowry,2023,OT,0.8,OL,54.44512,49.2179637249935,49.2179637249935,Single Season Contributor,Late bloomer or one-year starter; limited career longevity.,nan
202302266,Aidan Johnson,2023,OT,0.7996,OL,58.26982,60.14918444316122,60.14918444316122,Meaningful G5 Contributor,Standout starter at the Group of 5 level; high-end depth in Power 4.,Potential Day 3 Pick
202302280,Isaac Lucas,2023,IOL,0.7963,OL,55.384743,53.06151102988107,53.06151102988107,Multi-Year Starter,Consistent career presence; reliable rotational player or specialist.,nan
202302281,John Burke,2023,IOL,0.7963,OL,54.491295,49.34402378017383,49.34402378017383,Single Season Contributor,Late bloomer or one-year starter; limited career longevity.,nan
202302285,Luke Griskey,2023,OT,0.795,OL,56.672363,56.97990066758275,56.97990066758275,Multi-Year Starter,Consistent career presence; reliable rotational player or specialist.,nan
202302288,Andrew Page,2023,IOL,0.7937,OL,55.225304,52.55027441662827,52.55027441662827,Multi-Year Starter,Consistent career presence; reliable rotational player or specialist.,nan
202302292,Nate Hale,2023,OT,0.7933,OL,51.64159,38.77688487791796,38.77688487791796,Partial Season Contributor,Rotational backup or special teams contributor; limited starts.,nan
202302293,Quinn Grovesteen-Matchey,2023,OT,0.793,OL,55.83255,54.549168947849715,54.549168947849715,Multi-Year Starter,Consistent career presence; reliable rotational player or specialist.,nan
202400017,Jordan Seaton,2024,OT,0.9934,OL,65.01486,74.47908340114789,74.47908340114789,Meaningful P4 Contributor,Reliable multi-year starter at the highest level of competition.,Potential Day 2 Pick
202400032,Brandon Baker,2024,OT,0.985,OL,65.44118,75.53217820376543,75.53217820376543,Meaningful P4 Contributor,Reliable multi-year starter at the highest level of competition.,Potential Day 2 Pick
202400035,Josiah Thompson,2024,OT,0.9839,OL,63.758396,71.70331006007324,71.70331006007324,Meaningful P4 Contributor,Reliable multi-year starter at the highest level of competition.,Potential Day 2 Pick
202400046,Guerby Lambert,2024,OT,0.9785,OL,66.65924,78.19315254832075,78.19315254832075,Meaningful P4 Contributor,Reliable multi-year starter at the highest level of competition.,Potential Day 2 Pick
202400057,Cooper Cousins,2024,IOL,0.9731,OL,68.753975,82.17734900229537,82.17734900229537,Elite Power 4,All-Conference/All-American honors.,First round NFL Draft talent
202400076,Casey Poe,2024,IOL,0.9617,OL,68.32617,81.39810649301329,81.39810649301329,Elite Power 4,All-Conference/All-American honors.,First round NFL Draft talent
202400083,Grant Brix,2024,OT,0.9577,OL,64.56887,73.28081659933909,73.28081659933909,Meaningful P4 Contributor,Reliable multi-year starter at the highest level of competition.,Potential Day 2 Pick
202400086,Kevin Heywood,2024,OT,0.9558,OL,64.48158,73.08882222866976,73.08882222866976,Meaningful P4 Contributor,Reliable multi-year starter at the highest level of competition.,Potential Day 2 Pick
202400094,Michael Uini,2024,OT,0.9534,OL,65.431915,75.5123863195488,75.5123863195488,Meaningful P4 Contributor,Reliable multi-year starter at the highest level of competition.,Potential Day 2 Pick
202400097,Eugene Brooks,2024,IOL,0.9523,OL,56.01753,55.00762009397295,55.00762009397295,Multi-Year Starter,Consistent career presence; reliable rotational player or specialist.,nan
202400111,Weston Davis,2024,OT,0.9493,OL,62.340828,68.56310480560798,68.56310480560798,Meaningful G5 Contributor,Standout starter at the Group of 5 level; high-end depth in Power 4.,Potential Day 3 Pick
202400113,Daniel Calhoun,2024,OT,0.9491,OL,66.90878,78.837199403032,78.837199403032,Meaningful P4 Contributor,Reliable multi-year starter at the highest level of competition.,Potential Day 2 Pick
202400122,Andrew Sprague,2024,OT,0.9447,OL,60.53785,64.67735087001503,64.67735087001503,Meaningful G5 Contributor,Standout starter at the Group of 5 level; high-end depth in Power 4.,Potential Day 3 Pick
202400126,Jason Zandamela,2024,IOL,0.9433,OL,59.968697,63.74129912512318,63.74129912512318,Meaningful G5 Contributor,Standout starter at the Group of 5 level; high-end depth in Power 4.,Potential Day 3 Pick
202400140,Bennett Warren,2024,OT,0.9385,OL,63.770535,71.73275129234743,71.73275129234743,Meaningful P4 Contributor,Reliable multi-year starter at the highest level of competition.,Potential Day 2 Pick
202400144,Blake Ivy,2024,OT,0.937,OL,63.871445,71.97750582325543,71.97750582325543,Meaningful P4 Contributor,Reliable multi-year starter at the highest level of competition.,Potential Day 2 Pick
202400156,Shaq McRoy,2024,OT,0.9335,OL,62.39039,68.65107686192667,68.65107686192667,Meaningful G5 Contributor,Standout starter at the Group of 5 level; high-end depth in Power 4.,Potential Day 3 Pick
202400168,Ian Moore,2024,IOL,0.929,OL,66.68798,78.26732781130526,78.26732781130526,Meaningful P4 Contributor,Reliable multi-year starter at the highest level of competition.,Potential Day 2 Pick
202400169,Blake Frazier,2024,OT,0.9289,OL,62.028843,67.83494434788527,67.83494434788527,Meaningful G5 Contributor,Standout starter at the Group of 5 level; high-end depth in Power 4.,Potential Day 3 Pick
202400170,Isendre Ahfua,2024,IOL,0.9286,OL,61.07843,65.94420233455746,65.94420233455746,Meaningful G5 Contributor,Standout starter at the Group of 5 level; high-end depth in Power 4.,Potential Day 3 Pick
202400180,Kam Pringle,2024,OT,0.9261,OL,63.13568,70.23669213262254,70.23669213262254,Meaningful P4 Contributor,Reliable multi-year starter at the highest level of competition.,Potential Day 2 Pick
202400183,Nathan Roy,2024,IOL,0.9256,OL,65.6503,75.97904438694323,75.97904438694323,Meaningful P4 Contributor,Reliable multi-year starter at the highest level of competition.,Potential Day 2 Pick
202400188,Jonathan Daniels,2024,IOL,0.9239,OL,62.363674,68.60365781094147,68.60365781094147,Meaningful G5 Contributor,Standout starter at the Group of 5 level; high-end depth in Power 4.,Potential Day 3 Pick
202400191,Emerson Mandell,2024,IOL,0.9237,OL,66.081024,76.98932316457525,76.98932316457525,Meaningful P4 Contributor,Reliable multi-year starter at the highest level of competition.,Potential Day 2 Pick
202400197,DeAndre Carter,2024,IOL,0.9225,OL,54.20986,48.18404016572038,48.18404016572038,Single Season Contributor,Late bloomer or one-year starter; limited career longevity.,nan
202400200,Ellis Davis,2024,OT,0.9213,OL,61.642567,66.91242987836608,66.91242987836608,Meaningful G5 Contributor,Standout starter at the Group of 5 level; high-end depth in Power 4.,Potential Day 3 Pick
202400201,Elyjah Thurmon,2024,IOL,0.9213,OL,59.86284,63.56382063031404,63.56382063031404,Meaningful G5 Contributor,Standout starter at the Group of 5 level; high-end depth in Power 4.,Potential Day 3 Pick
202400210,Garrett Sexton,2024,OT,0.9191,OL,60.47102,64.56544987888412,64.56544987888412,Meaningful G5 Contributor,Standout starter at the Group of 5 level; high-end depth in Power 4.,Potential Day 3 Pick
202400211,William Satterwhite,2024,IOL,0.9188,OL,62.642357,69.18967542159211,69.18967542159211,Meaningful G5 Contributor,Standout starter at the Group of 5 level; high-end depth in Power 4.,Potential Day 3 Pick
202400214,Fletcher Westphal,2024,OT,0.9182,OL,63.79347,71.78837690153425,71.78837690153425,Meaningful P4 Contributor,Reliable multi-year starter at the highest level of competition.,Potential Day 2 Pick
202400235,Gus Hawkins,2024,OT,0.9157,OL,63.176605,70.30851258933063,70.30851258933063,Meaningful P4 Contributor,Reliable multi-year starter at the highest level of competition.,Potential Day 2 Pick
202400248,Will Nolan,2024,OT,0.9131,OL,59.923477,63.66690267135669,63.66690267135669,Meaningful G5 Contributor,Standout starter at the Group of 5 level; high-end depth in Power 4.,Potential Day 3 Pick
202400254,Marques Easley,2024,OT,0.9119,OL,70.11209,85.23166572529215,85.23166572529215,Elite Power 4,All-Conference/All-American honors.,First round NFL Draft talent
202400256,Coen Echols,2024,IOL,0.9116,OL,60.170734,64.03960881053622,64.03960881053622,Meaningful G5 Contributor,Standout starter at the Group of 5 level; high-end depth in Power 4.,Potential Day 3 Pick
202400257,Ashton Funk,2024,OT,0.9116,OL,58.67737,61.217447507356916,61.217447507356916,Meaningful G5 Contributor,Standout starter at the Group of 5 level; high-end depth in Power 4.,Potential Day 3 Pick
202400264,Isaiah Garcia,2024,OT,0.9104,OL,61.145054,66.03645912074647,66.03645912074647,Meaningful G5 Contributor,Standout starter at the Group of 5 level; high-end depth in Power 4.,Potential Day 3 Pick
202400267,Andrew Dennis,2024,IOL,0.9101,OL,60.995518,65.78866264570794,65.78866264570794,Meaningful G5 Contributor,Standout starter at the Group of 5 level; high-end depth in Power 4.,Potential Day 3 Pick
202400269,Eddy Pierre-Louis,2024,IOL,0.9101,OL,59.241787,62.3407932321577,62.3407932321577,Meaningful G5 Contributor,Standout starter at the Group of 5 level; high-end depth in Power 4.,Potential Day 3 Pick
202400271,Nyier Daniels,2024,OT,0.91,OL,57.790516,59.03257841241748,59.03257841241748,Multi-Year Starter,Consistent career presence; reliable rotational player or specialist.,nan
202400273,Preston Taumua,2024,IOL,0.9099,OL,60.1264,63.97817345853639,63.97817345853639,Meaningful G5 Contributor,Standout starter at the Group of 5 level; high-end depth in Power 4.,Potential Day 3 Pick
202400283,Gabe VanSickle,2024,IOL,0.9087,OL,61.077286,65.94261762022269,65.94261762022269,Meaningful G5 Contributor,Standout starter at the Group of 5 level; high-end depth in Power 4.,Potential Day 3 Pick
202400284,Max Anderson,2024,IOL,0.9087,OL,61.57942,66.81625008663627,66.81625008663627,Meaningful G5 Contributor,Standout starter at the Group of 5 level; high-end depth in Power 4.,Potential Day 3 Pick
202400286,Paki Finau,2024,IOL,0.9086,OL,54.079594,47.35284088048257,47.35284088048257,Single Season Contributor,Late bloomer or one-year starter; limited career longevity.,nan
202400298,Caleb Holmes,2024,IOL,0.9073,OL,60.874454,65.43387943472985,65.43387943472985,Meaningful G5 Contributor,Standout starter at the Group of 5 level; high-end depth in Power 4.,Potential Day 3 Pick
202400304,Ethan Calloway,2024,OT,0.9062,OL,61.51754,66.72200504606305,66.72200504606305,Meaningful G5 Contributor,Standout starter at the Group of 5 level; high-end depth in Power 4.,Potential Day 3 Pick
202400312,Daniel Cruz,2024,IOL,0.9054,OL,61.450138,66.61725057583362,66.61725057583362,Meaningful G5 Contributor,Standout starter at the Group of 5 level; high-end depth in Power 4.,Potential Day 3 Pick
202400313,William Sanders,2024,IOL,0.9053,OL,57.621014,58.688740856398184,58.688740856398184,Multi-Year Starter,Consistent career presence; reliable rotational player or specialist.,nan
202400332,Anthonie Knapp,2024,OT,0.9031,OL,64.54632,73.22484155725716,73.22484155725716,Meaningful P4 Contributor,Reliable multi-year starter at the highest level of competition.,Potential Day 2 Pick
202400341,Styles Prescod,2024,OT,0.9017,OL,62.092777,68.00286388096285,68.00286388096285,Meaningful G5 Contributor,Standout starter at the Group of 5 level; high-end depth in Power 4.,Potential Day 3 Pick
202400343,Mark Schroller,2024,OT,0.9014,OL,60.140324,63.99746781706327,63.99746781706327,Meaningful G5 Contributor,Standout starter at the Group of 5 level; high-end depth in Power 4.,Potential Day 3 Pick
202400347,Rustin Young,2024,OT,0.9012,OL,61.315723,66.31161080817498,66.31161080817498,Meaningful G5 Contributor,Standout starter at the Group of 5 level; high-end depth in Power 4.,Potential Day 3 Pick
202400349,Fox Crader,2024,OT,0.9007,OL,61.974247,67.6940449248624,67.6940449248624,Meaningful G5 Contributor,Standout starter at the Group of 5 level; high-end depth in Power 4.,Potential Day 3 Pick
202400361,Sam Thomas,2024,IOL,0.9,OL,61.00438,65.8123223189127,65.8123223189127,Meaningful G5 Contributor,Standout starter at the Group of 5 level; high-end depth in Power 4.,Potential Day 3 Pick
202400371,Marcus Harrison,2024,OT,0.8989,OL,62.12201,68.0796399777393,68.0796399777393,Meaningful G5 Contributor,Standout starter at the Group of 5 level; high-end depth in Power 4.,Potential Day 3 Pick
202400377,Donnie Harbour,2024,IOL,0.8987,OL,62.75091,69.42524097755235,69.42524097755235,Meaningful G5 Contributor,Standout starter at the Group of 5 level; high-end depth in Power 4.,Potential Day 3 Pick
202400380,Manasse Itete,2024,IOL,0.8985,OL,55.87628,54.68023343166468,54.68023343166468,Multi-Year Starter,Consistent career presence; reliable rotational player or specialist.,nan
202400385,Jacob Ponton,2024,OT,0.8978,OL,61.656013,66.93291035232087,66.93291035232087,Meaningful G5 Contributor,Standout starter at the Group of 5 level; high-end depth in Power 4.,Potential Day 3 Pick
202400387,Waltclaire Flynn Jr.,2024,IOL,0.8977,OL,60.191204,64.06797416063354,64.06797416063354,Meaningful G5 Contributor,Standout starter at the Group of 5 level; high-end depth in Power 4.,Potential Day 3 Pick
202400388,Jimothy Lewis Jr.,2024,OT,0.8975,OL,63.07278,70.12630366220311,70.12630366220311,Meaningful P4 Contributor,Reliable multi-year starter at the highest level of competition.,Potential Day 2 Pick
202400391,Deontae Armstrong,2024,OT,0.8975,OL,62.07446,67.95475232977917,67.95475232977917,Meaningful G5 Contributor,Standout starter at the Group of 5 level; high-end depth in Power 4.,Potential Day 3 Pick
202400411,Cody Fox,2024,IOL,0.895,OL,61.8289,67.32708646994614,67.32708646994614,Meaningful G5 Contributor,Standout starter at the Group of 5 level; high-end depth in Power 4.,Potential Day 3 Pick
202400414,Luke Hamilton,2024,IOL,0.895,OL,61.544537,66.76312286568802,66.76312286568802,Meaningful G5 Contributor,Standout starter at the Group of 5 level; high-end depth in Power 4.,Potential Day 3 Pick
202400427,Robert Bourdon,2024,OT,0.8943,OL,57.649605,58.7424973236341,58.7424973236341,Multi-Year Starter,Consistent career presence; reliable rotational player or specialist.,nan
202400433,Ory Williams,2024,OT,0.8935,OL,64.02216,72.26793340355678,72.26793340355678,Meaningful P4 Contributor,Reliable multi-year starter at the highest level of competition.,Potential Day 2 Pick
202400440,Tobias Steppes,2024,OT,0.8933,OL,63.768093,71.72682973714457,71.72682973714457,Meaningful P4 Contributor,Reliable multi-year starter at the highest level of competition.,Potential Day 2 Pick
202400445,Devin Brooks,2024,IOL,0.8931,OL,61.949593,67.6315894376272,67.6315894376272,Meaningful G5 Contributor,Standout starter at the Group of 5 level; high-end depth in Power 4.,Potential Day 3 Pick
202400450,Devontae Armstrong,2024,IOL,0.8925,OL,60.55677,64.71051817259496,64.71051817259496,Meaningful G5 Contributor,Standout starter at the Group of 5 level; high-end depth in Power 4.,Potential Day 3 Pick
202400453,Peter Jones,2024,IOL,0.8924,OL,62.809647,69.5489887259238,69.5489887259238,Meaningful G5 Contributor,Standout starter at the Group of 5 level; high-end depth in Power 4.,Potential Day 3 Pick
202400455,Marcus Mascoll,2024,OT,0.8921,OL,63.137543,70.23995913326326,70.23995913326326,Meaningful P4 Contributor,Reliable multi-year starter at the highest level of competition.,Potential Day 2 Pick
202400458,Nate Kibble,2024,IOL,0.8918,OL,60.554672,64.7067250236111,64.7067250236111,Meaningful G5 Contributor,Standout starter at the Group of 5 level; high-end depth in Power 4.,Potential Day 3 Pick
202400479,Makai Saina,2024,IOL,0.8903,OL,62.099083,68.01942539577055,68.01942539577055,Meaningful G5 Contributor,Standout starter at the Group of 5 level; high-end depth in Power 4.,Potential Day 3 Pick
202400503,Blake Franks,2024,OT,0.8883,OL,65.18972,74.9377249426812,74.9377249426812,Meaningful P4 Contributor,Reliable multi-year starter at the highest level of competition.,Potential Day 2 Pick
202400510,Jake Guarnera,2024,IOL,0.8878,OL,62.890602,69.72102836731105,69.72102836731105,Meaningful G5 Contributor,Standout starter at the Group of 5 level; high-end depth in Power 4.,Potential Day 3 Pick
202400515,Andrew Rosinski,2024,OT,0.8878,OL,60.66362,64.90369290539131,64.90369290539131,Meaningful G5 Contributor,Standout starter at the Group of 5 level; high-end depth in Power 4.,Potential Day 3 Pick
202400532,Derek Jensen,2024,IOL,0.8867,OL,62.925076,69.79937140873282,69.79937140873282,Meaningful G5 Contributor,Standout starter at the Group of 5 level; high-end depth in Power 4.,Potential Day 3 Pick
202400533,Justin Tauanuu,2024,IOL,0.8867,OL,57.898453,59.339354411660864,59.339354411660864,Multi-Year Starter,Consistent career presence; reliable rotational player or specialist.,nan
202400544,Ben Roebuck,2024,OT,0.8858,OL,64.86304,74.03187764589174,74.03187764589174,Meaningful P4 Contributor,Reliable multi-year starter at the highest level of competition.,Potential Day 2 Pick
202400547,Kyle Altuner,2024,IOL,0.8857,OL,56.755775,57.14458343405352,57.14458343405352,Multi-Year Starter,Consistent career presence; reliable rotational player or specialist.,nan
202400548,Aba Selm,2024,IOL,0.8855,OL,65.385765,75.4137692621959,75.4137692621959,Meaningful P4 Contributor,Reliable multi-year starter at the highest level of competition.,Potential Day 2 Pick
202400555,Marquise Thorpe-Taylor,2024,OT,0.8853,OL,64.75247,73.73651327988762,73.73651327988762,Meaningful P4 Contributor,Reliable multi-year starter at the highest level of competition.,Potential Day 2 Pick
202400557,Robby Martin,2024,IOL,0.8853,OL,64.53706,73.20187209648404,73.20187209648404,Meaningful P4 Contributor,Reliable multi-year starter at the highest level of competition.,Potential Day 2 Pick
202400558,Kaedin Massey,2024,OT,0.8853,OL,61.737705,67.10033032026074,67.10033032026074,Meaningful G5 Contributor,Standout starter at the Group of 5 level; high-end depth in Power 4.,Potential Day 3 Pick
202400570,Joseph Ionata,2024,IOL,0.8844,OL,63.842636,71.90763147186175,71.90763147186175,Meaningful P4 Contributor,Reliable multi-year starter at the highest level of competition.,Potential Day 2 Pick
202400577,John Wayne Oliver,2024,OT,0.8842,OL,57.743484,58.926383505172964,58.926383505172964,Multi-Year Starter,Consistent career presence; reliable rotational player or specialist.,nan
202400579,Navarro Schunke,2024,IOL,0.8839,OL,62.96136,69.88183229287623,69.88183229287623,Meaningful G5 Contributor,Standout starter at the Group of 5 level; high-end depth in Power 4.,Potential Day 3 Pick
202400582,Isaiah Dent,2024,OT,0.8836,OL,61.110188,65.98817815734724,65.98817815734724,Meaningful G5 Contributor,Standout starter at the Group of 5 level; high-end depth in Power 4.,Potential Day 3 Pick
202400583,Eagan Boyer,2024,OT,0.8836,OL,58.17453,59.890129882929365,59.890129882929365,Multi-Year Starter,Consistent career presence; reliable rotational player or specialist.,nan
202400587,Clinton Richard,2024,IOL,0.8836,OL,58.192173,59.93965475054725,59.93965475054725,Multi-Year Starter,Consistent career presence; reliable rotational player or specialist.,nan
202400597,Ronan O'Connell,2024,IOL,0.8833,OL,57.67004,58.78091939101005,58.78091939101005,Multi-Year Starter,Consistent career presence; reliable rotational player or specialist.,nan
202400599,Ryan Howerton,2024,OT,0.8833,OL,58.465683,60.610614430922325,60.610614430922325,Meaningful G5 Contributor,Standout starter at the Group of 5 level; high-end depth in Power 4.,Potential Day 3 Pick
202400600,Kai Greer,2024,IOL,0.8833,OL,58.401928,60.43423766284616,60.43423766284616,Meaningful G5 Contributor,Standout starter at the Group of 5 level; high-end depth in Power 4.,Potential Day 3 Pick
202400611,Charlie Hoitink,2024,IOL,0.8826,OL,62.54246,68.9582077557484,68.9582077557484,Meaningful G5 Contributor,Standout starter at the Group of 5 level; high-end depth in Power 4.,Potential Day 3 Pick
202400616,Bodey McCaslin,2024,OT,0.8822,OL,62.174988,68.208181622759,68.208181622759,Meaningful G5 Contributor,Standout starter at the Group of 5 level; high-end depth in Power 4.,Potential Day 3 Pick
202400621,Khayree Lee Jr.,2024,IOL,0.8819,OL,61.425407,66.56101653639297,66.56101653639297,Meaningful G5 Contributor,Standout starter at the Group of 5 level; high-end depth in Power 4.,Potential Day 3 Pick
202400628,Gage Ginther,2024,IOL,0.8817,OL,61.149853,66.04310435619026,66.04310435619026,Meaningful G5 Contributor,Standout starter at the Group of 5 level; high-end depth in Power 4.,Potential Day 3 Pick
202400630,Brett Carroll,2024,IOL,0.8814,OL,59.873837,63.584751297258876,63.584751297258876,Meaningful G5 Contributor,Standout starter at the Group of 5 level; high-end depth in Power 4.,Potential Day 3 Pick
202400639,Ziron Brown,2024,IOL,0.8811,OL,58.571163,60.864948235461995,60.864948235461995,Meaningful G5 Contributor,Standout starter at the Group of 5 level; high-end depth in Power 4.,Potential Day 3 Pick
202400659,Jacob Arop,2024,OT,0.88,OL,60.822327,65.25047053869379,65.25047053869379,Meaningful G5 Contributor,Standout starter at the Group of 5 level; high-end depth in Power 4.,Potential Day 3 Pick
202400664,Gibson Pyle,2024,IOL,0.8797,OL,61.9515,67.63642120981002,67.63642120981002,Meaningful G5 Contributor,Standout starter at the Group of 5 level; high-end depth in Power 4.,Potential Day 3 Pick
202400671,Colin Cubberly,2024,IOL,0.8794,OL,60.98669,65.76509463718628,65.76509463718628,Meaningful G5 Contributor,Standout starter at the Group of 5 level; high-end depth in Power 4.,Potential Day 3 Pick
202400674,Kavion Broussard,2024,OT,0.8794,OL,63.106754,70.18592642389609,70.18592642389609,Meaningful P4 Contributor,Reliable multi-year starter at the highest level of competition.,Potential Day 2 Pick
202400676,Daniel Akinkunmi,2024,IOL,0.8794,OL,60.155273,64.01818414338295,64.01818414338295,Meaningful G5 Contributor,Standout starter at the Group of 5 level; high-end depth in Power 4.,Potential Day 3 Pick
202400680,Ryan Cory,2024,IOL,0.8789,OL,62.78067,69.48793865794761,69.48793865794761,Meaningful G5 Contributor,Standout starter at the Group of 5 level; high-end depth in Power 4.,Potential Day 3 Pick
202400694,Marc Nave Jr.,2024,IOL,0.8786,OL,62.485195,68.82551624470682,68.82551624470682,Meaningful G5 Contributor,Standout starter at the Group of 5 level; high-end depth in Power 4.,Potential Day 3 Pick
202400708,Jameson Riggs,2024,IOL,0.8778,OL,61.38237,66.463155602725,66.463155602725,Meaningful G5 Contributor,Standout starter at the Group of 5 level; high-end depth in Power 4.,Potential Day 3 Pick
202400712,Favour Ebuka Edwin,2024,OT,0.8778,OL,61.523533,66.73113265587382,66.73113265587382,Meaningful G5 Contributor,Standout starter at the Group of 5 level; high-end depth in Power 4.,Potential Day 3 Pick
202400722,Tye Hylton,2024,IOL,0.8769,OL,60.46865,64.56148329885717,64.56148329885717,Meaningful G5 Contributor,Standout starter at the Group of 5 level; high-end depth in Power 4.,Potential Day 3 Pick
202400723,Holton Hendrix,2024,IOL,0.8769,OL,60.155354,64.01829515202105,64.01829515202105,Meaningful G5 Contributor,Standout starter at the Group of 5 level; high-end depth in Power 4.,Potential Day 3 Pick
202400742,Deryc Plazz,2024,IOL,0.8761,OL,59.764988,63.37759359673722,63.37759359673722,Meaningful G5 Contributor,Standout starter at the Group of 5 level; high-end depth in Power 4.,Potential Day 3 Pick
202400743,Mercer Luniewski,2024,OT,0.8761,OL,60.3807,64.41263082181135,64.41263082181135,Meaningful G5 Contributor,Standout starter at the Group of 5 level; high-end depth in Power 4.,Potential Day 3 Pick
202400747,Aidan Lynch,2024,OT,0.8761,OL,58.184074,59.91692149780071,59.91692149780071,Multi-Year Starter,Consistent career presence; reliable rotational player or specialist.,nan
202400749,Payton Stewart,2024,OT,0.8759,OL,61.34012,66.3670815288634,66.3670815288634,Meaningful G5 Contributor,Standout starter at the Group of 5 level; high-end depth in Power 4.,Potential Day 3 Pick
202400762,Mason Wade,2024,OT,0.8753,OL,57.30896,58.13920229425946,58.13920229425946,Multi-Year Starter,Consistent career presence; reliable rotational player or specialist.,nan
202400780,Zuri Madison,2024,IOL,0.8747,OL,60.377583,64.40684633014492,64.40684633014492,Meaningful G5 Contributor,Standout starter at the Group of 5 level; high-end depth in Power 4.,Potential Day 3 Pick
202400782,Wesley Harvey,2024,OT,0.8747,OL,58.702957,61.33089989126274,61.33089989126274,Meaningful G5 Contributor,Standout starter at the Group of 5 level; high-end depth in Power 4.,Potential Day 3 Pick
202400804,Jesse Perry,2024,OT,0.8739,OL,56.23906,55.61304722934648,55.61304722934648,Multi-Year Starter,Consistent career presence; reliable rotational player or specialist.,nan
202400821,Caleb Pyfrom,2024,IOL,0.8736,OL,59.03201,61.88209272104355,61.88209272104355,Meaningful G5 Contributor,Standout starter at the Group of 5 level; high-end depth in Power 4.,Potential Day 3 Pick
202400839,Kalolo Ta'aga,2024,OT,0.8731,OL,58.602703,60.93423370388177,60.93423370388177,Meaningful G5 Contributor,Standout starter at the Group of 5 level; high-end depth in Power 4.,Potential Day 3 Pick
202400850,Trent Mitchell,2024,OT,0.8728,OL,59.765564,63.37868986129104,63.37868986129104,Meaningful G5 Contributor,Standout starter at the Group of 5 level; high-end depth in Power 4.,Potential Day 3 Pick
202400861,Gemyel Allen,2024,IOL,0.8722,OL,57.932064,59.46163367767475,59.46163367767475,Multi-Year Starter,Consistent career presence; reliable rotational player or specialist.,nan
202400862,Caleb Hackleman,2024,IOL,0.8722,OL,59.08159,61.99184235482274,61.99184235482274,Meaningful G5 Contributor,Standout starter at the Group of 5 level; high-end depth in Power 4.,Potential Day 3 Pick
202400865,Enoch Wangoy,2024,OT,0.8722,OL,58.579952,60.884255651915694,60.884255651915694,Meaningful G5 Contributor,Standout starter at the Group of 5 level; high-end depth in Power 4.,Potential Day 3 Pick
202400871,Talan Chandler,2024,IOL,0.8719,OL,57.63868,58.72195582634742,58.72195582634742,Multi-Year Starter,Consistent career presence; reliable rotational player or specialist.,nan
202400882,Tommy Ricard,2024,IOL,0.8714,OL,59.212708,62.27949161180401,62.27949161180401,Meaningful G5 Contributor,Standout starter at the Group of 5 level; high-end depth in Power 4.,Potential Day 3 Pick
202400884,Moritz Schmoranzer,2024,IOL,0.8714,OL,61.145542,66.0371352655293,66.0371352655293,Meaningful G5 Contributor,Standout starter at the Group of 5 level; high-end depth in Power 4.,Potential Day 3 Pick
202400886,Jordan Floyd,2024,OT,0.8714,OL,58.77321,61.45918867002253,61.45918867002253,Meaningful G5 Contributor,Standout starter at the Group of 5 level; high-end depth in Power 4.,Potential Day 3 Pick
202400891,Rayquan Bell,2024,IOL,0.8711,OL,59.109863,62.05387122404027,62.05387122404027,Meaningful G5 Contributor,Standout starter at the Group of 5 level; high-end depth in Power 4.,Potential Day 3 Pick
202400895,Jensen Somerville,2024,OT,0.8708,OL,58.302765,60.21769724162545,60.21769724162545,Meaningful G5 Contributor,Standout starter at the Group of 5 level; high-end depth in Power 4.,Potential Day 3 Pick
202400897,Kahlil House,2024,IOL,0.8708,OL,60.130604,63.98399876897382,63.98399876897382,Meaningful G5 Contributor,Standout starter at the Group of 5 level; high-end depth in Power 4.,Potential Day 3 Pick
202400902,Kasen Long,2024,IOL,0.8706,OL,58.658653,61.1344723440531,61.1344723440531,Meaningful G5 Contributor,Standout starter at the Group of 5 level; high-end depth in Power 4.,Potential Day 3 Pick
202400903,Joshua Glanz,2024,OT,0.8706,OL,58.435642,60.52750744542602,60.52750744542602,Meaningful G5 Contributor,Standout starter at the Group of 5 level; high-end depth in Power 4.,Potential Day 3 Pick
202400905,Desmond Jackson,2024,IOL,0.8706,OL,60.543762,64.6872513515638,64.6872513515638,Meaningful G5 Contributor,Standout starter at the Group of 5 level; high-end depth in Power 4.,Potential Day 3 Pick
202400907,TJ Lockhart,2024,OT,0.8706,OL,60.391136,64.43169117945652,64.43169117945652,Meaningful G5 Contributor,Standout starter at the Group of 5 level; high-end depth in Power 4.,Potential Day 3 Pick
202400910,Jo Cryer,2024,IOL,0.8706,OL,59.39499,62.623716752436785,62.623716752436785,Meaningful G5 Contributor,Standout starter at the Group of 5 level; high-end depth in Power 4.,Potential Day 3 Pick
202400913,Bradley Smith,2024,IOL,0.8703,OL,58.25925,60.127201005858716,60.127201005858716,Meaningful G5 Contributor,Standout starter at the Group of 5 level; high-end depth in Power 4.,Potential Day 3 Pick
202400915,Jani Norwood,2024,IOL,0.8703,OL,62.5203,68.90686183331032,68.90686183331032,Meaningful G5 Contributor,Standout starter at the Group of 5 level; high-end depth in Power 4.,Potential Day 3 Pick
202400917,Davon Watkins,2024,OT,0.8703,OL,58.84833,61.5492223135391,61.5492223135391,Meaningful G5 Contributor,Standout starter at the Group of 5 level; high-end depth in Power 4.,Potential Day 3 Pick
202400931,David Abajian,2024,IOL,0.8697,OL,54.12852,47.70242681249757,47.70242681249757,Single Season Contributor,Late bloomer or one-year starter; limited career longevity.,nan
202400933,Fred Johnson,2024,IOL,0.8697,OL,58.942825,61.6838001069814,61.6838001069814,Meaningful G5 Contributor,Standout starter at the Group of 5 level; high-end depth in Power 4.,Potential Day 3 Pick
202400940,Barry Walker,2024,IOL,0.8694,OL,58.90982,61.622916128592344,61.622916128592344,Meaningful G5 Contributor,Standout starter at the Group of 5 level; high-end depth in Power 4.,Potential Day 3 Pick
202400944,Dontrell Holt,2024,IOL,0.8692,OL,59.30465,62.45688338655324,62.45688338655324,Meaningful G5 Contributor,Standout starter at the Group of 5 level; high-end depth in Power 4.,Potential Day 3 Pick
202400953,King Large,2024,OT,0.8689,OL,57.69886,58.835106196876275,58.835106196876275,Multi-Year Starter,Consistent career presence; reliable rotational player or specialist.,nan
202400955,Ryan Jostes,2024,OT,0.8689,OL,59.560307,62.944936940147095,62.944936940147095,Meaningful G5 Contributor,Standout starter at the Group of 5 level; high-end depth in Power 4.,Potential Day 3 Pick
202400956,Adedamola Ajani,2024,IOL,0.8689,OL,61.01475,65.8400152381739,65.8400152381739,Meaningful G5 Contributor,Standout starter at the Group of 5 level; high-end depth in Power 4.,Potential Day 3 Pick
202400959,Creece Brister,2024,IOL,0.8689,OL,60.08495,63.92073441750816,63.92073441750816,Meaningful G5 Contributor,Standout starter at the Group of 5 level; high-end depth in Power 4.,Potential Day 3 Pick
202400963,Trent Ferguson,2024,OT,0.8686,OL,63.881935,72.0029500057677,72.0029500057677,Meaningful P4 Contributor,Reliable multi-year starter at the highest level of competition.,Potential Day 2 Pick
202400970,Carter Lavrusky,2024,OT,0.8683,OL,57.598625,58.6466465660436,58.6466465660436,Multi-Year Starter,Consistent career presence; reliable rotational player or specialist.,nan
202400976,Tyler West,2024,OT,0.8683,OL,61.403393,66.51095843958407,66.51095843958407,Meaningful G5 Contributor,Standout starter at the Group of 5 level; high-end depth in Power 4.,Potential Day 3 Pick
202400981,Wade Helton,2024,OT,0.8681,OL,57.813763,59.08506861963202,59.08506861963202,Multi-Year Starter,Consistent career presence; reliable rotational player or specialist.,nan
202400987,Jude Foster,2024,OT,0.8681,OL,59.0496,61.921201632606945,61.921201632606945,Meaningful G5 Contributor,Standout starter at the Group of 5 level; high-end depth in Power 4.,Potential Day 3 Pick
202400989,Mitch Hodnett,2024,IOL,0.8681,OL,56.26844,55.70847904755974,55.70847904755974,Multi-Year Starter,Consistent career presence; reliable rotational player or specialist.,nan
202401000,Jahzare Jackson,2024,OT,0.8678,OL,66.787865,78.52511983227505,78.52511983227505,Meaningful P4 Contributor,Reliable multi-year starter at the highest level of competition.,Potential Day 2 Pick
202401007,Jaden Ball,2024,IOL,0.8673,OL,55.414528,53.1481702513118,53.1481702513118,Multi-Year Starter,Consistent career presence; reliable rotational player or specialist.,nan
202401014,Ryan Howard,2024,OT,0.8672,OL,59.43849,62.70749452710524,62.70749452710524,Meaningful G5 Contributor,Standout starter at the Group of 5 level; high-end depth in Power 4.,Potential Day 3 Pick
202401016,Luke Masterson,2024,OT,0.8672,OL,53.545864,44.459344094301464,44.459344094301464,Single Season Contributor,Late bloomer or one-year starter; limited career longevity.,nan
202401017,Ben York,2024,OT,0.8672,OL,58.21838,60.01321925660884,60.01321925660884,Meaningful G5 Contributor,Standout starter at the Group of 5 level; high-end depth in Power 4.,Potential Day 3 Pick
202401029,Jake Wheelock,2024,IOL,0.8667,OL,55.182877,52.389593086624025,52.389593086624025,Multi-Year Starter,Consistent career presence; reliable rotational player or specialist.,nan
202401033,Aidan Banfield,2024,IOL,0.8667,OL,54.381935,49.045453913856115,49.045453913856115,Single Season Contributor,Late bloomer or one-year starter; limited career longevity.,nan
202401059,Filiva'a Saluni,2024,IOL,0.8658,OL,56.9371,57.38788295792544,57.38788295792544,Multi-Year Starter,Consistent career presence; reliable rotational player or specialist.,nan
202401071,Kobe Branham,2024,IOL,0.8656,OL,58.683052,61.24264787289354,61.24264787289354,Meaningful G5 Contributor,Standout starter at the Group of 5 level; high-end depth in Power 4.,Potential Day 3 Pick
202401072,Hayden Gunter,2024,OT,0.8656,OL,61.203087,66.1168199846625,66.1168199846625,Meaningful G5 Contributor,Standout starter at the Group of 5 level; high-end depth in Power 4.,Potential Day 3 Pick
202401073,Harrison Utley,2024,IOL,0.8656,OL,54.285313,48.58464169370925,48.58464169370925,Single Season Contributor,Late bloomer or one-year starter; limited career longevity.,nan
202401076,Noel Portnjagin,2024,IOL,0.8656,OL,48.00911,32.628724275083954,32.628724275083954,Partial Season Contributor,Rotational backup or special teams contributor; limited starts.,nan
202401077,Aiden Pastoriza,2024,OT,0.8655,OL,58.07112,59.71145413495249,59.71145413495249,Multi-Year Starter,Consistent career presence; reliable rotational player or specialist.,nan
202401101,Juan Minaya,2024,OT,0.8644,OL,62.254143,68.39679647145478,68.39679647145478,Meaningful G5 Contributor,Standout starter at the Group of 5 level; high-end depth in Power 4.,Potential Day 3 Pick
202401103,Malachi Toliver,2024,IOL,0.8642,OL,56.041637,55.057230103127665,55.057230103127665,Multi-Year Starter,Consistent career presence; reliable rotational player or specialist.,nan
202401105,Nuku Mafi,2024,IOL,0.8642,OL,57.581665,58.61497675815344,58.61497675815344,Multi-Year Starter,Consistent career presence; reliable rotational player or specialist.,nan
202401106,Tristan Santoro,2024,OT,0.8642,OL,59.10382,62.04061518938828,62.04061518938828,Meaningful G5 Contributor,Standout starter at the Group of 5 level; high-end depth in Power 4.,Potential Day 3 Pick
202401107,Jack Small,2024,OT,0.8642,OL,58.781624,61.46927419369071,61.46927419369071,Meaningful G5 Contributor,Standout starter at the Group of 5 level; high-end depth in Power 4.,Potential Day 3 Pick
202401113,Zafir Stewart,2024,IOL,0.8639,OL,57.8921,59.31624750235282,59.31624750235282,Multi-Year Starter,Consistent career presence; reliable rotational player or specialist.,nan
202401115,Kobe Williams,2024,IOL,0.8639,OL,56.683994,57.002864069895445,57.002864069895445,Multi-Year Starter,Consistent career presence; reliable rotational player or specialist.,nan
202401124,Hayes Johnson,2024,OT,0.8633,OL,59.77416,63.39504670923648,63.39504670923648,Meaningful G5 Contributor,Standout starter at the Group of 5 level; high-end depth in Power 4.,Potential Day 3 Pick
202401130,Idrys Cotton,2024,IOL,0.8633,OL,57.563805,58.58498653075895,58.58498653075895,Multi-Year Starter,Consistent career presence; reliable rotational player or specialist.,nan
202401142,Ryan Hughes,2024,OT,0.8631,OL,59.65181,63.14502856606758,63.14502856606758,Meaningful G5 Contributor,Standout starter at the Group of 5 level; high-end depth in Power 4.,Potential Day 3 Pick
202401143,Samir Camacho,2024,IOL,0.8631,OL,54.251076,48.3882434047687,48.3882434047687,Single Season Contributor,Late bloomer or one-year starter; limited career longevity.,nan
202401145,Julius Tate,2024,IOL,0.8631,OL,54.82142,50.82945115476538,50.82945115476538,Multi-Year Starter,Consistent career presence; reliable rotational player or specialist.,nan
202401146,Aiden Newbill,2024,OT,0.8631,OL,58.97017,61.74459661057854,61.74459661057854,Meaningful G5 Contributor,Standout starter at the Group of 5 level; high-end depth in Power 4.,Potential Day 3 Pick
202401154,Jiavani Cooley,2024,OT,0.8625,OL,61.09566,65.96806285005793,65.96806285005793,Meaningful G5 Contributor,Standout starter at the Group of 5 level; high-end depth in Power 4.,Potential Day 3 Pick
202401163,Josh Janowski,2024,IOL,0.8622,OL,62.514717,68.89392149410402,68.89392149410402,Meaningful G5 Contributor,Standout starter at the Group of 5 level; high-end depth in Power 4.,Potential Day 3 Pick
202401164,Austin Leibfried,2024,OT,0.8622,OL,60.58763,64.76631194583032,64.76631194583032,Meaningful G5 Contributor,Standout starter at the Group of 5 level; high-end depth in Power 4.,Potential Day 3 Pick
202401170,Jayden Todd,2024,OT,0.8622,OL,60.187283,64.06254002349228,64.06254002349228,Meaningful G5 Contributor,Standout starter at the Group of 5 level; high-end depth in Power 4.,Potential Day 3 Pick
202401172,Lucas Austin,2024,OT,0.8619,OL,57.784733,59.019520461295514,59.019520461295514,Multi-Year Starter,Consistent career presence; reliable rotational player or specialist.,nan
202401183,DJ Toliver,2024,IOL,0.8614,OL,56.78631,57.20482005997349,57.20482005997349,Multi-Year Starter,Consistent career presence; reliable rotational player or specialist.,nan
202401185,Xander Ruggeroli,2024,OT,0.8614,OL,56.514675,56.594035696541354,56.594035696541354,Multi-Year Starter,Consistent career presence; reliable rotational player or specialist.,nan
202401192,Chauncey Johnson,2024,OT,0.8614,OL,55.088547,52.04546471807238,52.04546471807238,Multi-Year Starter,Consistent career presence; reliable rotational player or specialist.,nan
202401198,Dominic Steward,2024,OT,0.8611,OL,59.379974,62.59598868351872,62.59598868351872,Meaningful G5 Contributor,Standout starter at the Group of 5 level; high-end depth in Power 4.,Potential Day 3 Pick
202401202,Kyle Rakers,2024,IOL,0.8608,OL,52.122578,39.881054667890126,39.881054667890126,Partial Season Contributor,Rotational backup or special teams contributor; limited starts.,nan
202401205,Grant Ellinger,2024,IOL,0.8608,OL,58.766003,61.450552426047366,61.450552426047366,Meaningful G5 Contributor,Standout starter at the Group of 5 level; high-end depth in Power 4.,Potential Day 3 Pick
202401207,Josh Aisosa,2024,IOL,0.8608,OL,51.49104,38.43228001195844,38.43228001195844,Partial Season Contributor,Rotational backup or special teams contributor; limited starts.,nan
202401214,Jordan King,2024,OT,0.8606,OL,60.526436,64.65823974692218,64.65823974692218,Meaningful G5 Contributor,Standout starter at the Group of 5 level; high-end depth in Power 4.,Potential Day 3 Pick
202401234,Ellis McAdoo,2024,IOL,0.86,OL,55.629143,53.80702258032769,53.80702258032769,Multi-Year Starter,Consistent career presence; reliable rotational player or specialist.,nan
202401243,Syris Corley,2024,OT,0.86,OL,57.495953,58.471053131641945,58.471053131641945,Multi-Year Starter,Consistent career presence; reliable rotational player or specialist.,nan
202401261,Charlton Luniewski,2024,IOL,0.8597,OL,53.817696,45.86129592339526,45.86129592339526,Single Season Contributor,Late bloomer or one-year starter; limited career longevity.,nan
202401263,Web Davidson,2024,OT,0.8594,OL,55.20057,52.45659902157814,52.45659902157814,Multi-Year Starter,Consistent career presence; reliable rotational player or specialist.,nan
202401267,Ransom McDermott,2024,OT,0.8592,OL,57.113632,57.773543170722256,57.773543170722256,Multi-Year Starter,Consistent career presence; reliable rotational player or specialist.,nan
202401269,Justin Hylkema,2024,OT,0.8592,OL,54.006207,46.88340843606337,46.88340843606337,Single Season Contributor,Late bloomer or one-year starter; limited career longevity.,nan
202401271,Jack Hines,2024,OT,0.8592,OL,55.228756,52.5633490977696,52.5633490977696,Multi-Year Starter,Consistent career presence; reliable rotational player or specialist.,nan
202401282,Semisi Tonga,2024,IOL,0.8589,OL,53.41173,43.78702743974623,43.78702743974623,Single Season Contributor,Late bloomer or one-year starter; limited career longevity.,nan
202401284,CJ Williams,2024,OT,0.8589,OL,57.20062,57.93652088321744,57.93652088321744,Multi-Year Starter,Consistent career presence; reliable rotational player or specialist.,nan
202401290,Makoni Manukainiu,2024,OT,0.8588,OL,53.862278,46.101252387297436,46.101252387297436,Single Season Contributor,Late bloomer or one-year starter; limited career longevity.,nan
202401299,Judah Pruitt,2024,IOL,0.8583,OL,55.4154,53.15101554358837,53.15101554358837,Multi-Year Starter,Consistent career presence; reliable rotational player or specialist.,nan
202401308,Briley Brown,2024,IOL,0.8583,OL,53.958534,46.60251776814735,46.60251776814735,Single Season Contributor,Late bloomer or one-year starter; limited career longevity.,nan
202401311,Harrison Moore,2024,IOL,0.8583,OL,58.521965,60.7568719550786,60.7568719550786,Meaningful G5 Contributor,Standout starter at the Group of 5 level; high-end depth in Power 4.,Potential Day 3 Pick
202401312,Landen Davidson,2024,IOL,0.8583,OL,54.45615,49.248072748417684,49.248072748417684,Single Season Contributor,Late bloomer or one-year starter; limited career longevity.,nan
202401313,Davit Boyajyan,2024,OT,0.8583,OL,53.961613,46.62065642294516,46.62065642294516,Single Season Contributor,Late bloomer or one-year starter; limited career longevity.,nan
202401314,Ezomo Oratokhai,2024,IOL,0.8583,OL,54.54176,49.612588139814726,49.612588139814726,Single Season Contributor,Late bloomer or one-year starter; limited career longevity.,nan
202401318,Noah Rosahac,2024,IOL,0.8581,OL,57.392776,58.29590514343153,58.29590514343153,Multi-Year Starter,Consistent career presence; reliable rotational player or specialist.,nan
202401323,Terrell Kim,2024,IOL,0.8578,OL,52.804813,41.611594998340465,41.611594998340465,Single Season Contributor,Late bloomer or one-year starter; limited career longevity.,nan
202401324,Ikinasio Tupou,2024,OT,0.8578,OL,54.182644,48.049183620865726,48.049183620865726,Single Season Contributor,Late bloomer or one-year starter; limited career longevity.,nan
202401329,Reese Baker,2024,OT,0.8578,OL,54.381683,49.04476654078589,49.04476654078589,Single Season Contributor,Late bloomer or one-year starter; limited career longevity.,nan
202401336,Mike Williams,2024,OT,0.8575,OL,55.9312,54.82997387290011,54.82997387290011,Multi-Year Starter,Consistent career presence; reliable rotational player or specialist.,nan
202401337,Champ Westbrooks,2024,IOL,0.8575,OL,51.770287,39.03506624779548,39.03506624779548,Partial Season Contributor,Rotational backup or special teams contributor; limited starts.,nan
202401340,Rakeem Johnson,2024,IOL,0.8575,OL,55.930347,54.828223393146715,54.828223393146715,Multi-Year Starter,Consistent career presence; reliable rotational player or specialist.,nan
202401342,Zac Clarke,2024,OT,0.8575,OL,59.666897,63.17805441419584,63.17805441419584,Meaningful G5 Contributor,Standout starter at the Group of 5 level; high-end depth in Power 4.,Potential Day 3 Pick
202401345,Josh Raymond,2024,IOL,0.8575,OL,55.310287,52.84834883304474,52.84834883304474,Multi-Year Starter,Consistent career presence; reliable rotational player or specialist.,nan
202401353,Hayden Treter,2024,OT,0.8572,OL,57.839592,59.143390115045484,59.143390115045484,Multi-Year Starter,Consistent career presence; reliable rotational player or specialist.,nan
202401354,Luke Work,2024,OT,0.8572,OL,51.2502,37.87328757421926,37.87328757421926,Partial Season Contributor,Rotational backup or special teams contributor; limited starts.,nan
202401355,Brent Helton,2024,IOL,0.8572,OL,49.05481,33.914040434813906,33.914040434813906,Partial Season Contributor,Rotational backup or special teams contributor; limited starts.,nan
202401357,Jadon Lafontant,2024,IOL,0.8572,OL,55.06859,51.97325822779825,51.97325822779825,Multi-Year Starter,Consistent career presence; reliable rotational player or specialist.,nan
202401375,Max Parrott,2024,OT,0.8567,OL,57.71133,58.85855247991753,58.85855247991753,Multi-Year Starter,Consistent career presence; reliable rotational player or specialist.,nan
202401386,Evan Lawrence,2024,OT,0.8564,OL,58.0619,59.69797493033047,59.69797493033047,Multi-Year Starter,Consistent career presence; reliable rotational player or specialist.,nan
202401392,Dylan Sikorski,2024,IOL,0.8558,OL,56.701748,57.037915455386845,57.037915455386845,Multi-Year Starter,Consistent career presence; reliable rotational player or specialist.,nan
202401401,Carson Osmus,2024,OT,0.8558,OL,55.69334,53.98612068047815,53.98612068047815,Multi-Year Starter,Consistent career presence; reliable rotational player or specialist.,nan
202401415,Derek Joiner,2024,IOL,0.8553,OL,56.30576,55.83035839337009,55.83035839337009,Multi-Year Starter,Consistent career presence; reliable rotational player or specialist.,nan
202401425,Nathan Knapik,2024,OT,0.855,OL,59.484684,62.79753273771883,62.79753273771883,Meaningful G5 Contributor,Standout starter at the Group of 5 level; high-end depth in Power 4.,Potential Day 3 Pick
202401426,Tana Alo-Tupuola,2024,IOL,0.855,OL,54.492634,49.34767935513816,49.34767935513816,Single Season Contributor,Late bloomer or one-year starter; limited career longevity.,nan
202401427,Koltin Sieracki,2024,IOL,0.855,OL,58.403896,60.43968314913392,60.43968314913392,Meaningful G5 Contributor,Standout starter at the Group of 5 level; high-end depth in Power 4.,Potential Day 3 Pick
202401429,Kalari Gordon,2024,IOL,0.855,OL,56.36103,56.014369189755634,56.014369189755634,Multi-Year Starter,Consistent career presence; reliable rotational player or specialist.,nan
202401431,Garret Rutledge,2024,OT,0.855,OL,57.46962,58.426836442256175,58.426836442256175,Multi-Year Starter,Consistent career presence; reliable rotational player or specialist.,nan
202401432,Adham Abouraya,2024,IOL,0.855,OL,57.849106,59.164871995057474,59.164871995057474,Multi-Year Starter,Consistent career presence; reliable rotational player or specialist.,nan
202401442,Terez Davis,2024,OT,0.855,OL,59.23203,62.32187912159716,62.32187912159716,Meaningful G5 Contributor,Standout starter at the Group of 5 level; high-end depth in Power 4.,Potential Day 3 Pick
202401452,Kison Shepard,2024,OT,0.8547,OL,52.091873,39.79240074340259,39.79240074340259,Partial Season Contributor,Rotational backup or special teams contributor; limited starts.,nan
202401456,Raynor Andrews,2024,OT,0.8547,OL,55.22112,52.534425880482374,52.534425880482374,Multi-Year Starter,Consistent career presence; reliable rotational player or specialist.,nan
202401468,Jayce Mitchell,2024,IOL,0.8542,OL,59.36147,62.56181468394516,62.56181468394516,Meaningful G5 Contributor,Standout starter at the Group of 5 level; high-end depth in Power 4.,Potential Day 3 Pick
202401479,Donovan Thompson,2024,OT,0.8539,OL,60.28633,64.23748179507432,64.23748179507432,Meaningful G5 Contributor,Standout starter at the Group of 5 level; high-end depth in Power 4.,Potential Day 3 Pick
202401491,Logan Bennett,2024,IOL,0.8533,OL,61.232235,66.157182658769,66.157182658769,Meaningful G5 Contributor,Standout starter at the Group of 5 level; high-end depth in Power 4.,Potential Day 3 Pick
202401494,Mason Lindsay,2024,OT,0.8533,OL,60.504894,64.6221700570474,64.6221700570474,Meaningful G5 Contributor,Standout starter at the Group of 5 level; high-end depth in Power 4.,Potential Day 3 Pick
202401498,Anthony Robsock,2024,OT,0.8533,OL,60.513794,64.63707187863017,64.63707187863017,Meaningful G5 Contributor,Standout starter at the Group of 5 level; high-end depth in Power 4.,Potential Day 3 Pick
202401502,Chenellson Exume,2024,IOL,0.8531,OL,61.165462,66.06471985971648,66.06471985971648,Meaningful G5 Contributor,Standout starter at the Group of 5 level; high-end depth in Power 4.,Potential Day 3 Pick
202401512,Fred Hinton,2024,OT,0.8526,OL,59.26553,62.384639650080985,62.384639650080985,Meaningful G5 Contributor,Standout starter at the Group of 5 level; high-end depth in Power 4.,Potential Day 3 Pick
202401519,Kenny Jones,2024,IOL,0.8525,OL,59.607506,63.048046973106366,63.048046973106366,Meaningful G5 Contributor,Standout starter at the Group of 5 level; high-end depth in Power 4.,Potential Day 3 Pick
202401531,Willie Goodacre,2024,IOL,0.8522,OL,62.9838,69.93282418948382,69.93282418948382,Meaningful G5 Contributor,Standout starter at the Group of 5 level; high-end depth in Power 4.,Potential Day 3 Pick
202401536,Michael Levelle Watkins,2024,IOL,0.8519,OL,59.44876,62.72751128017914,62.72751128017914,Meaningful G5 Contributor,Standout starter at the Group of 5 level; high-end depth in Power 4.,Potential Day 3 Pick
202401543,Chris Lino,2024,OT,0.8517,OL,55.399117,53.10266253913812,53.10266253913812,Multi-Year Starter,Consistent career presence; reliable rotational player or specialist.,nan
202401545,Dane Wleklinski,2024,OT,0.8517,OL,55.34365,52.94386664089035,52.94386664089035,Multi-Year Starter,Consistent career presence; reliable rotational player or specialist.,nan
202401554,Kai Holec,2024,OT,0.8517,OL,54.740097,50.38696403925561,50.38696403925561,Multi-Year Starter,Consistent career presence; reliable rotational player or specialist.,nan
202401564,AJ Burton,2024,OT,0.8511,OL,55.183018,52.39012763159886,52.39012763159886,Multi-Year Starter,Consistent career presence; reliable rotational player or specialist.,nan
202401566,Trevor Szymanski,2024,IOL,0.8511,OL,58.61985,60.971901601867614,60.971901601867614,Meaningful G5 Contributor,Standout starter at the Group of 5 level; high-end depth in Power 4.,Potential Day 3 Pick
202401569,Vinny Winters,2024,IOL,0.8511,OL,54.02731,47.00774925185207,47.00774925185207,Single Season Contributor,Late bloomer or one-year starter; limited career longevity.,nan
202401573,Jimmy Williams III,2024,OT,0.8508,OL,52.694607,41.36952740199749,41.36952740199749,Single Season Contributor,Late bloomer or one-year starter; limited career longevity.,nan
202401582,Ben Gustafson,2024,OT,0.8504,OL,56.39903,56.14364498660226,56.14364498660226,Multi-Year Starter,Consistent career presence; reliable rotational player or specialist.,nan
202401590,Pape Abdoulaye Sy,2024,OT,0.8503,OL,54.85532,50.994101309165316,50.994101309165316,Multi-Year Starter,Consistent career presence; reliable rotational player or specialist.,nan
202401595,Graham Uter,2024,IOL,0.85,OL,53.27374,43.20202038304646,43.20202038304646,Single Season Contributor,Late bloomer or one-year starter; limited career longevity.,nan
202401622,Michael McMonigle,2024,OT,0.85,OL,54.613373,49.9250082763246,49.9250082763246,Single Season Contributor,Late bloomer or one-year starter; limited career longevity.,nan
202401626,Connor Bachhuber,2024,OT,0.85,OL,61.471054,66.65120361184658,66.65120361184658,Meaningful G5 Contributor,Standout starter at the Group of 5 level; high-end depth in Power 4.,Potential Day 3 Pick
202401641,Jarmaine Mitchell,2024,OT,0.85,OL,54.86586,51.04529162947667,51.04529162947667,Multi-Year Starter,Consistent career presence; reliable rotational player or specialist.,nan
202401647,Kyan Rauk,2024,OT,0.85,OL,50.824585,36.669596526830375,36.669596526830375,Partial Season Contributor,Rotational backup or special teams contributor; limited starts.,nan
202401658,Andre Weeks,2024,OT,0.8494,OL,58.458126,60.58970840701525,60.58970840701525,Meaningful G5 Contributor,Standout starter at the Group of 5 level; high-end depth in Power 4.,Potential Day 3 Pick
202401660,Tristen Fortenberry,2024,OT,0.8493,OL,51.76858,39.03171203415843,39.03171203415843,Partial Season Contributor,Rotational backup or special teams contributor; limited starts.,nan
202401667,Ethan Proffitt,2024,IOL,0.8492,OL,54.982098,51.59126113590825,51.59126113590825,Multi-Year Starter,Consistent career presence; reliable rotational player or specialist.,nan
202401677,Carter Kadow,2024,OT,0.8486,OL,60.36776,64.38861491516198,64.38861491516198,Meaningful G5 Contributor,Standout starter at the Group of 5 level; high-end depth in Power 4.,Potential Day 3 Pick
202401680,Malachi Harris,2024,IOL,0.8485,OL,53.618656,44.7738269022837,44.7738269022837,Single Season Contributor,Late bloomer or one-year starter; limited career longevity.,nan
202401682,Brandon Hansen,2024,OT,0.8483,OL,61.61761,66.8744204427314,66.8744204427314,Meaningful G5 Contributor,Standout starter at the Group of 5 level; high-end depth in Power 4.,Potential Day 3 Pick
202401684,John Randle Jr.,2024,IOL,0.8483,OL,50.665314,36.259417516735624,36.259417516735624,Partial Season Contributor,Rotational backup or special teams contributor; limited starts.,nan
202401685,Glenn Seabrooks III,2024,IOL,0.8483,OL,56.09593,55.18634431194472,55.18634431194472,Multi-Year Starter,Consistent career presence; reliable rotational player or specialist.,nan
202401687,Tyler Knape,2024,IOL,0.8483,OL,58.4792,60.64800465944466,60.64800465944466,Meaningful G5 Contributor,Standout starter at the Group of 5 level; high-end depth in Power 4.,Potential Day 3 Pick
202401697,Watson Young,2024,IOL,0.8483,OL,57.82326,59.10651604594712,59.10651604594712,Multi-Year Starter,Consistent career presence; reliable rotational player or specialist.,nan
202401699,Braden Carter,2024,OT,0.8483,OL,60.423775,64.48634183760574,64.48634183760574,Meaningful G5 Contributor,Standout starter at the Group of 5 level; high-end depth in Power 4.,Potential Day 3 Pick
202401729,Tyler Norris,2024,IOL,0.847,OL,59.055153,61.933550922400116,61.933550922400116,Meaningful G5 Contributor,Standout starter at the Group of 5 level; high-end depth in Power 4.,Potential Day 3 Pick
202401734,Matthew Lado,2024,OT,0.8469,OL,60.58305,64.75802908777648,64.75802908777648,Meaningful G5 Contributor,Standout starter at the Group of 5 level; high-end depth in Power 4.,Potential Day 3 Pick
202401744,Jake Peters,2024,IOL,0.8467,OL,58.805134,61.497450568290446,61.497450568290446,Meaningful G5 Contributor,Standout starter at the Group of 5 level; high-end depth in Power 4.,Potential Day 3 Pick
202401747,Mitch Verstegen,2024,IOL,0.8467,OL,62.3186,68.5236487424792,68.5236487424792,Meaningful G5 Contributor,Standout starter at the Group of 5 level; high-end depth in Power 4.,Potential Day 3 Pick
202401754,William Roberts,2024,IOL,0.8463,OL,59.373543,62.584111263753506,62.584111263753506,Meaningful G5 Contributor,Standout starter at the Group of 5 level; high-end depth in Power 4.,Potential Day 3 Pick
202401760,Taccofah Lewis,2024,IOL,0.8458,OL,53.48034,44.19391973557408,44.19391973557408,Single Season Contributor,Late bloomer or one-year starter; limited career longevity.,nan
202401765,Jake Grimm,2024,IOL,0.8456,OL,56.513657,56.59132116711886,56.59132116711886,Multi-Year Starter,Consistent career presence; reliable rotational player or specialist.,nan
202401769,Bryce Parson,2024,IOL,0.8453,OL,55.434048,53.211748245107565,53.211748245107565,Multi-Year Starter,Consistent career presence; reliable rotational player or specialist.,nan
202401775,Devron Williams Jr.,2024,IOL,0.8453,OL,55.146267,52.254286660797526,52.254286660797526,Multi-Year Starter,Consistent career presence; reliable rotational player or specialist.,nan
202401779,Andrew Pedersen,2024,IOL,0.845,OL,54.277847,48.53991595356647,48.53991595356647,Single Season Contributor,Late bloomer or one-year starter; limited career longevity.,nan
202401784,Dakarai Sumter,2024,OT,0.845,OL,56.6214,56.878471612845125,56.878471612845125,Multi-Year Starter,Consistent career presence; reliable rotational player or specialist.,nan
202401790,Marsel Akins,2024,OT,0.8448,OL,56.625553,56.88748219930492,56.88748219930492,Multi-Year Starter,Consistent career presence; reliable rotational player or specialist.,nan
202401791,Kene Anene,2024,IOL,0.8447,OL,54.6498,50.039777306171544,50.039777306171544,Multi-Year Starter,Consistent career presence; reliable rotational player or specialist.,nan
202401807,Tyler Mercer,2024,IOL,0.8444,OL,57.196434,57.92868039948253,57.92868039948253,Multi-Year Starter,Consistent career presence; reliable rotational player or specialist.,nan
202401814,Joseph Ugwu Jr.,2024,IOL,0.8444,OL,57.52686,58.5229499326565,58.5229499326565,Multi-Year Starter,Consistent career presence; reliable rotational player or specialist.,nan
202401825,Ryan Wolfer,2024,OT,0.8436,OL,60.96801,65.71521886461473,65.71521886461473,Meaningful G5 Contributor,Standout starter at the Group of 5 level; high-end depth in Power 4.,Potential Day 3 Pick
202401834,Chase Malamala,2024,OT,0.8431,OL,61.84244,67.36075936927614,67.36075936927614,Meaningful G5 Contributor,Standout starter at the Group of 5 level; high-end depth in Power 4.,Potential Day 3 Pick
202401840,Teriyan Morman,2024,OT,0.8428,OL,57.787376,59.025489564282005,59.025489564282005,Multi-Year Starter,Consistent career presence; reliable rotational player or specialist.,nan
202401847,Andrew Steger,2024,OT,0.8425,OL,57.316753,58.15377283498669,58.15377283498669,Multi-Year Starter,Consistent career presence; reliable rotational player or specialist.,nan
202401852,Matt Hofer,2024,OT,0.8419,OL,55.888798,54.717744123517164,54.717744123517164,Multi-Year Starter,Consistent career presence; reliable rotational player or specialist.,nan
202401855,Tyreek Major,2024,OT,0.8419,OL,57.57029,58.59587576326015,58.59587576326015,Multi-Year Starter,Consistent career presence; reliable rotational player or specialist.,nan
202401857,Jack Tanner,2024,IOL,0.8419,OL,56.302925,55.8209222679153,55.8209222679153,Multi-Year Starter,Consistent career presence; reliable rotational player or specialist.,nan
202401858,Elijah Walker,2024,IOL,0.8419,OL,57.089447,57.72822989188967,57.72822989188967,Multi-Year Starter,Consistent career presence; reliable rotational player or specialist.,nan
202401860,Daniel Jones,2024,OT,0.8417,OL,56.209217,55.51611615769205,55.51611615769205,Multi-Year Starter,Consistent career presence; reliable rotational player or specialist.,nan
202401873,Phillip Ocon,2024,IOL,0.8411,OL,47.799538,32.37046675962036,32.37046675962036,Partial Season Contributor,Rotational backup or special teams contributor; limited starts.,nan
202401875,Jacob Katauskas,2024,IOL,0.8411,OL,61.14672,66.0387675212941,66.0387675212941,Meaningful G5 Contributor,Standout starter at the Group of 5 level; high-end depth in Power 4.,Potential Day 3 Pick
202401879,Jak Lindsey,2024,IOL,0.8411,OL,57.870556,59.237864425012404,59.237864425012404,Multi-Year Starter,Consistent career presence; reliable rotational player or specialist.,nan
202401884,Kade Martin,2024,IOL,0.8411,OL,54.9275,51.34467070508696,51.34467070508696,Multi-Year Starter,Consistent career presence; reliable rotational player or specialist.,nan
202401893,Devin Love,2024,IOL,0.8411,OL,57.400246,58.30986946978685,58.30986946978685,Multi-Year Starter,Consistent career presence; reliable rotational player or specialist.,nan
202401898,Jacob Schorsch,2024,OT,0.8408,OL,55.330647,52.906635883178744,52.906635883178744,Multi-Year Starter,Consistent career presence; reliable rotational player or specialist.,nan
202401899,Deron McLaughlin,2024,IOL,0.8406,OL,52.965496,41.99903672968627,41.99903672968627,Single Season Contributor,Late bloomer or one-year starter; limited career longevity.,nan
202401905,Elijah Williams,2024,OT,0.8404,OL,56.548676,56.6846521787237,56.6846521787237,Multi-Year Starter,Consistent career presence; reliable rotational player or specialist.,nan
202401908,Keon Rohe,2024,OT,0.8404,OL,47.796158,32.36630177074744,32.36630177074744,Partial Season Contributor,Rotational backup or special teams contributor; limited starts.,nan
202401917,Toby Moore,2024,IOL,0.8403,OL,56.60403,56.83218227778664,56.83218227778664,Multi-Year Starter,Consistent career presence; reliable rotational player or specialist.,nan
202401928,David Clifford,2024,OT,0.84,OL,56.703323,57.04102594576242,57.04102594576242,Multi-Year Starter,Consistent career presence; reliable rotational player or specialist.,nan
202401930,Kyler Brunan,2024,IOL,0.84,OL,57.268288,58.063161616220476,58.063161616220476,Multi-Year Starter,Consistent career presence; reliable rotational player or specialist.,nan
202401935,Ace Meadows,2024,OT,0.84,OL,47.210644,31.77689930011307,31.77689930011307,Partial Season Contributor,Rotational backup or special teams contributor; limited starts.,nan
202401936,Siosaia Lapuaho,2024,IOL,0.84,OL,59.082954,61.99483835255342,61.99483835255342,Meaningful G5 Contributor,Standout starter at the Group of 5 level; high-end depth in Power 4.,Potential Day 3 Pick
202401938,Zack Boehly,2024,IOL,0.84,OL,56.734867,57.10330353635727,57.10330353635727,Multi-Year Starter,Consistent career presence; reliable rotational player or specialist.,nan
202401939,Shaun Torgeson,2024,OT,0.84,OL,53.25066,43.12857511816762,43.12857511816762,Single Season Contributor,Late bloomer or one-year starter; limited career longevity.,nan
202401956,Kaden Garland,2024,IOL,0.84,OL,59.716576,63.28545655400503,63.28545655400503,Meaningful G5 Contributor,Standout starter at the Group of 5 level; high-end depth in Power 4.,Potential Day 3 Pick
202401966,Daviyon Hawkins-Ingram,2024,IOL,0.84,OL,59.2655,62.384583292217336,62.384583292217336,Meaningful G5 Contributor,Standout starter at the Group of 5 level; high-end depth in Power 4.,Potential Day 3 Pick
202402000,Ronnell McLain,2024,IOL,0.8397,OL,56.120384,55.25555756690299,55.25555756690299,Multi-Year Starter,Consistent career presence; reliable rotational player or specialist.,nan
202402005,Brock Riker,2024,IOL,0.8396,OL,58.527824,60.76974356604773,60.76974356604773,Meaningful G5 Contributor,Standout starter at the Group of 5 level; high-end depth in Power 4.,Potential Day 3 Pick
202402007,Eyitayo Omotinugbon,2024,IOL,0.8394,OL,57.621838,58.69029007546729,58.69029007546729,Multi-Year Starter,Consistent career presence; reliable rotational player or specialist.,nan
202402010,Justin Terry,2024,OT,0.8392,OL,58.95021,61.70022059121188,61.70022059121188,Meaningful G5 Contributor,Standout starter at the Group of 5 level; high-end depth in Power 4.,Potential Day 3 Pick
202402023,Larry Edwards,2024,OT,0.8386,OL,54.637825,50.00204979704079,50.00204979704079,Multi-Year Starter,Consistent career presence; reliable rotational player or specialist.,nan
202402027,Gregory Bienvenue,2024,IOL,0.8383,OL,57.94051,59.49235962194382,59.49235962194382,Multi-Year Starter,Consistent career presence; reliable rotational player or specialist.,nan
202402029,Brody Duffel,2024,OT,0.8381,OL,56.93473,57.38500704253097,57.38500704253097,Multi-Year Starter,Consistent career presence; reliable rotational player or specialist.,nan
202402042,Kesean Anderson,2024,IOL,0.8378,OL,50.831936,36.688527714616654,36.688527714616654,Partial Season Contributor,Rotational backup or special teams contributor; limited starts.,nan
202402043,Izaiah Taylor,2024,OT,0.8378,OL,53.52558,44.377184152789354,44.377184152789354,Single Season Contributor,Late bloomer or one-year starter; limited career longevity.,nan
202402044,Ross Johnston,2024,OT,0.8378,OL,49.110023,33.978110126965646,33.978110126965646,Partial Season Contributor,Rotational backup or special teams contributor; limited starts.,nan
202402052,Luke Miller,2024,OT,0.837,OL,56.718838,57.07165636793551,57.07165636793551,Multi-Year Starter,Consistent career presence; reliable rotational player or specialist.,nan
202402054,Jaden Ligon,2024,OT,0.837,OL,54.507046,49.424686569211126,49.424686569211126,Single Season Contributor,Late bloomer or one-year starter; limited career longevity.,nan
202402055,Ethan Dasmann,2024,OT,0.837,OL,55.640686,53.83922597037198,53.83922597037198,Multi-Year Starter,Consistent career presence; reliable rotational player or specialist.,nan
202402061,Camden Jury,2024,OT,0.837,OL,54.71027,50.23030182822974,50.23030182822974,Multi-Year Starter,Consistent career presence; reliable rotational player or specialist.,nan
202402064,Kenny Walz,2024,OT,0.8369,OL,54.896107,51.192192841835976,51.192192841835976,Multi-Year Starter,Consistent career presence; reliable rotational player or specialist.,nan
202402086,Ryder Bentley,2024,OT,0.8356,OL,55.23945,52.60384449140401,52.60384449140401,Multi-Year Starter,Consistent career presence; reliable rotational player or specialist.,nan
202402102,Graham Gilmer,2024,IOL,0.835,OL,52.74896,41.48891054885435,41.48891054885435,Single Season Contributor,Late bloomer or one-year starter; limited career longevity.,nan
202402110,Zach Smith,2024,OT,0.8348,OL,54.577038,49.80354569200616,49.80354569200616,Single Season Contributor,Late bloomer or one-year starter; limited career longevity.,nan
202402113,Tyler Burnham,2024,OT,0.8344,OL,54.50829,49.43141798811407,49.43141798811407,Single Season Contributor,Late bloomer or one-year starter; limited career longevity.,nan
202402120,Enzo Hall,2024,OT,0.8344,OL,54.093285,47.45066279768215,47.45066279768215,Single Season Contributor,Late bloomer or one-year starter; limited career longevity.,nan
202402121,Peyton Reeder,2024,OT,0.8344,OL,55.909626,54.7801666707633,54.7801666707633,Multi-Year Starter,Consistent career presence; reliable rotational player or specialist.,nan
202402127,Drew Cunningham,2024,IOL,0.8342,OL,55.061714,51.94667417533687,51.94667417533687,Multi-Year Starter,Consistent career presence; reliable rotational player or specialist.,nan
202402133,Berlin Lillard,2024,IOL,0.8337,OL,53.64441,44.89430451123127,44.89430451123127,Single Season Contributor,Late bloomer or one-year starter; limited career longevity.,nan
202402134,Conor Kenzinger,2024,OT,0.8337,OL,58.577126,60.87804610521769,60.87804610521769,Meaningful G5 Contributor,Standout starter at the Group of 5 level; high-end depth in Power 4.,Potential Day 3 Pick
202402137,Felix Doege,2024,IOL,0.8337,OL,52.542336,40.98861909568214,40.98861909568214,Single Season Contributor,Late bloomer or one-year starter; limited career longevity.,nan
202402158,Nate Green,2024,OT,0.833,OL,53.88943,46.23840149157409,46.23840149157409,Single Season Contributor,Late bloomer or one-year starter; limited career longevity.,nan
202402166,Logan Joellenbeck,2024,OT,0.8328,OL,52.43294,40.67628594375673,40.67628594375673,Single Season Contributor,Late bloomer or one-year starter; limited career longevity.,nan
202402167,Asher Hale,2024,OT,0.8328,OL,53.06186,42.2344048579912,42.2344048579912,Single Season Contributor,Late bloomer or one-year starter; limited career longevity.,nan
202402173,Jon Rodriguez,2024,IOL,0.8319,OL,54.73024,50.33142285833555,50.33142285833555,Multi-Year Starter,Consistent career presence; reliable rotational player or specialist.,nan
202402175,Jordan Rowe,2024,IOL,0.8319,OL,54.972847,51.549965720230304,51.549965720230304,Multi-Year Starter,Consistent career presence; reliable rotational player or specialist.,nan
202402176,Jalen Burgess,2024,IOL,0.8317,OL,55.09604,52.07256975379455,52.07256975379455,Multi-Year Starter,Consistent career presence; reliable rotational player or specialist.,nan
202402204,Adam Hawkes,2024,IOL,0.8306,OL,56.786983,57.205639765327476,57.205639765327476,Multi-Year Starter,Consistent career presence; reliable rotational player or specialist.,nan
202402205,Manuel Serna,2024,OT,0.8304,OL,55.594013,53.70901827797546,53.70901827797546,Multi-Year Starter,Consistent career presence; reliable rotational player or specialist.,nan
202402207,Gavin Dabo,2024,IOL,0.8304,OL,56.19833,55.48075360131959,55.48075360131959,Multi-Year Starter,Consistent career presence; reliable rotational player or specialist.,nan
202402212,Lane Jeffcoat,2024,OT,0.8304,OL,53.382057,43.59444161601857,43.59444161601857,Single Season Contributor,Late bloomer or one-year starter; limited career longevity.,nan
202402220,Nino Francavilla,2024,IOL,0.8304,OL,55.338844,52.930105785884,52.930105785884,Multi-Year Starter,Consistent career presence; reliable rotational player or specialist.,nan
202402222,Blake Heckmann,2024,OT,0.8304,OL,50.214973,35.35920092358208,35.35920092358208,Partial Season Contributor,Rotational backup or special teams contributor; limited starts.,nan
202402224,Gabriel Arnold,2024,OT,0.8304,OL,52.238415,40.197524923642874,40.197524923642874,Single Season Contributor,Late bloomer or one-year starter; limited career longevity.,nan
202402226,Cyler Corn,2024,OT,0.8304,OL,55.776016,54.34008267569556,54.34008267569556,Multi-Year Starter,Consistent career presence; reliable rotational player or specialist.,nan
202402230,Dyllan Drummond,2024,IOL,0.8303,OL,57.134247,57.812166665802906,57.812166665802906,Multi-Year Starter,Consistent career presence; reliable rotational player or specialist.,nan
202402237,Rayne Mayo,2024,IOL,0.83,OL,51.118195,37.49325288053156,37.49325288053156,Partial Season Contributor,Rotational backup or special teams contributor; limited starts.,nan
202402250,Trevanti Davis,2024,IOL,0.83,OL,55.84575,54.588726093174195,54.588726093174195,Multi-Year Starter,Consistent career presence; reliable rotational player or specialist.,nan
202402257,Juan Rodriguez,2024,IOL,0.83,OL,51.07508,37.36912988584717,37.36912988584717,Partial Season Contributor,Rotational backup or special teams contributor; limited starts.,nan
202402258,Jezniah Thurston,2024,OT,0.83,OL,56.41826,56.22537927040236,56.22537927040236,Multi-Year Starter,Consistent career presence; reliable rotational player or specialist.,nan
202402270,Trevor Newkirk,2024,OT,0.83,OL,53.563477,44.53068741759682,44.53068741759682,Single Season Contributor,Late bloomer or one-year starter; limited career longevity.,nan
202402271,Daxton Christman-Gourley,2024,OT,0.83,OL,56.546165,56.67796243954767,56.67796243954767,Multi-Year Starter,Consistent career presence; reliable rotational player or specialist.,nan
202402272,Teko Shoats,2024,IOL,0.83,OL,54.02057,46.96803301513865,46.96803301513865,Single Season Contributor,Late bloomer or one-year starter; limited career longevity.,nan
202402283,Landon Brown,2024,IOL,0.83,OL,48.055885,32.68636659287154,32.68636659287154,Partial Season Contributor,Rotational backup or special teams contributor; limited starts.,nan
202402290,Antonio Ross,2024,OT,0.83,OL,52.632763,41.23368801563846,41.23368801563846,Single Season Contributor,Late bloomer or one-year starter; limited career longevity.,nan
202402296,Dominic Johnson,2024,IOL,0.83,OL,55.93564,54.839110906231774,54.839110906231774,Multi-Year Starter,Consistent career presence; reliable rotational player or specialist.,nan
202402300,Keyshawn Williams,2024,IOL,0.83,OL,54.241302,48.3398197932876,48.3398197932876,Single Season Contributor,Late bloomer or one-year starter; limited career longevity.,nan
202402303,Evan McClure,2024,IOL,0.83,OL,52.285267,40.312150698054474,40.312150698054474,Single Season Contributor,Late bloomer or one-year starter; limited career longevity.,nan
202402305,Daylan Martin,2024,IOL,0.83,OL,53.62099,44.78474858746751,44.78474858746751,Single Season Contributor,Late bloomer or one-year starter; limited career longevity.,nan
202402309,Davion Hurth,2024,IOL,0.8296,OL,57.474888,58.43568234230568,58.43568234230568,Multi-Year Starter,Consistent career presence; reliable rotational player or specialist.,nan
202402315,Amare Grayson,2024,IOL,0.8292,OL,54.454086,49.242438372190605,49.242438372190605,Single Season Contributor,Late bloomer or one-year starter; limited career longevity.,nan
202402319,Braden Cunningham,2024,IOL,0.8286,OL,52.87464,41.77712300054496,41.77712300054496,Single Season Contributor,Late bloomer or one-year starter; limited career longevity.,nan
202402321,Roosevelt Mitchell,2024,IOL,0.8286,OL,54.111835,47.58320890616406,47.58320890616406,Single Season Contributor,Late bloomer or one-year starter; limited career longevity.,nan
202402322,Deacon Rawls,2024,IOL,0.8286,OL,53.06032,42.230649925260636,42.230649925260636,Single Season Contributor,Late bloomer or one-year starter; limited career longevity.,nan
202402325,Amare Taase,2024,IOL,0.8281,OL,53.847706,46.027648906216115,46.027648906216115,Single Season Contributor,Late bloomer or one-year starter; limited career longevity.,nan
202402327,Zach Bandy,2024,OT,0.8278,OL,55.111706,52.12925019254759,52.12925019254759,Multi-Year Starter,Consistent career presence; reliable rotational player or specialist.,nan
202402328,Coy Okeson,2024,OT,0.8278,OL,55.50872,53.45496482289771,53.45496482289771,Multi-Year Starter,Consistent career presence; reliable rotational player or specialist.,nan
202402333,Umar Rockhead,2024,OT,0.827,OL,57.97045,59.56428152015101,59.56428152015101,Multi-Year Starter,Consistent career presence; reliable rotational player or specialist.,nan
202402337,Diego Rodriguez,2024,OT,0.827,OL,53.292854,43.26285248590727,43.26285248590727,Single Season Contributor,Late bloomer or one-year starter; limited career longevity.,nan
202402339,Luke Farr,2024,OT,0.827,OL,57.185966,57.90906846933795,57.90906846933795,Multi-Year Starter,Consistent career presence; reliable rotational player or specialist.,nan
202402341,Baker North,2024,IOL,0.827,OL,59.778214,63.40276412129419,63.40276412129419,Meaningful G5 Contributor,Standout starter at the Group of 5 level; high-end depth in Power 4.,Potential Day 3 Pick
202402343,Colten Christian,2024,IOL,0.827,OL,52.295494,40.3371720057566,40.3371720057566,Single Season Contributor,Late bloomer or one-year starter; limited career longevity.,nan
202402346,Elijah Baker,2024,IOL,0.8269,OL,47.6386,32.172140895557355,32.172140895557355,Partial Season Contributor,Rotational backup or special teams contributor; limited starts.,nan
202402354,Jeremy Schleicher,2024,IOL,0.8263,OL,58.267902,60.145193945520234,60.145193945520234,Meaningful G5 Contributor,Standout starter at the Group of 5 level; high-end depth in Power 4.,Potential Day 3 Pick
202402368,Kris Manu,2024,IOL,0.8256,OL,57.425484,58.35272560693916,58.35272560693916,Multi-Year Starter,Consistent career presence; reliable rotational player or specialist.,nan
202402369,Allan McCarter,2024,IOL,0.8256,OL,57.62286,58.692212254682666,58.692212254682666,Multi-Year Starter,Consistent career presence; reliable rotational player or specialist.,nan
202402377,Ryan Eldridge,2024,OT,0.8256,OL,55.056133,51.92176069363096,51.92176069363096,Multi-Year Starter,Consistent career presence; reliable rotational player or specialist.,nan
202402380,Luka Matamoros,2024,IOL,0.8256,OL,57.674328,58.78898106801781,58.78898106801781,Multi-Year Starter,Consistent career presence; reliable rotational player or specialist.,nan
202402383,Jacob Kropchak,2024,IOL,0.8253,OL,55.83775,54.56475171925933,54.56475171925933,Multi-Year Starter,Consistent career presence; reliable rotational player or specialist.,nan
202402390,Royce Baucom,2024,IOL,0.825,OL,53.53605,44.419585296199024,44.419585296199024,Single Season Contributor,Late bloomer or one-year starter; limited career longevity.,nan
202402391,Paul Gurrola,2024,OT,0.825,OL,57.138977,57.821029199833255,57.821029199833255,Multi-Year Starter,Consistent career presence; reliable rotational player or specialist.,nan
202402393,Nathaniel Johnson,2024,OT,0.8244,OL,56.5036,56.56452154330728,56.56452154330728,Multi-Year Starter,Consistent career presence; reliable rotational player or specialist.,nan
202402402,Tyler Miller,2024,IOL,0.8237,OL,53.747993,45.43126924617952,45.43126924617952,Single Season Contributor,Late bloomer or one-year starter; limited career longevity.,nan
202402403,Seth Anstead,2024,IOL,0.8237,OL,54.01183,46.91653901496296,46.91653901496296,Single Season Contributor,Late bloomer or one-year starter; limited career longevity.,nan
202402405,Grey Rumohr,2024,OT,0.8237,OL,55.49411,53.40737762019343,53.40737762019343,Multi-Year Starter,Consistent career presence; reliable rotational player or specialist.,nan
202402408,Elijah Williams,2024,IOL,0.8237,OL,52.271812,40.279233819178906,40.279233819178906,Single Season Contributor,Late bloomer or one-year starter; limited career longevity.,nan
202402411,Mohammad Othman,2024,OT,0.8237,OL,55.728954,54.113726512549675,54.113726512549675,Multi-Year Starter,Consistent career presence; reliable rotational player or specialist.,nan
202402415,Dylan Barbrey,2024,OT,0.8237,OL,53.118855,42.450160601705996,42.450160601705996,Single Season Contributor,Late bloomer or one-year starter; limited career longevity.,nan
202402416,Braylon Jenkins,2024,IOL,0.8237,OL,52.561264,41.04266230452037,41.04266230452037,Single Season Contributor,Late bloomer or one-year starter; limited career longevity.,nan
202402417,Everett Small,2024,IOL,0.8237,OL,54.9541,51.46628503048127,51.46628503048127,Multi-Year Starter,Consistent career presence; reliable rotational player or specialist.,nan
202402419,Logan Brasfield,2024,IOL,0.8236,OL,59.4913,62.81042614404503,62.81042614404503,Meaningful G5 Contributor,Standout starter at the Group of 5 level; high-end depth in Power 4.,Potential Day 3 Pick
202402433,Jarvis Adams,2024,IOL,0.823,OL,53.229866,43.06240154149744,43.06240154149744,Single Season Contributor,Late bloomer or one-year starter; limited career longevity.,nan
202402435,Amarion Berry,2024,IOL,0.823,OL,54.07629,47.329237152342465,47.329237152342465,Single Season Contributor,Late bloomer or one-year starter; limited career longevity.,nan
202402436,Braden Hales,2024,OT,0.8228,OL,58.238766,60.07044323337641,60.07044323337641,Meaningful G5 Contributor,Standout starter at the Group of 5 level; high-end depth in Power 4.,Potential Day 3 Pick
202402443,Nate Tastad,2024,IOL,0.8222,OL,57.6878,58.814313668721915,58.814313668721915,Multi-Year Starter,Consistent career presence; reliable rotational player or specialist.,nan
202402457,Mason Vicari,2024,IOL,0.8211,OL,51.354652,38.120095909879424,38.120095909879424,Partial Season Contributor,Rotational backup or special teams contributor; limited starts.,nan
202402458,Jaheem Reddick,2024,IOL,0.8211,OL,49.35483,34.262183119492796,34.262183119492796,Partial Season Contributor,Rotational backup or special teams contributor; limited starts.,nan
202402459,Luis Cordova,2024,OT,0.8211,OL,54.015907,46.940566551491905,46.940566551491905,Single Season Contributor,Late bloomer or one-year starter; limited career longevity.,nan
202402464,Jacob Saurbeck,2024,OT,0.8206,OL,53.73809,45.37017307421957,45.37017307421957,Single Season Contributor,Late bloomer or one-year starter; limited career longevity.,nan
202402469,Brycen Lotz,2024,OT,0.8204,OL,51.9053,39.30064943181325,39.30064943181325,Partial Season Contributor,Rotational backup or special teams contributor; limited starts.,nan
202402472,Dillon Robinson,2024,IOL,0.8204,OL,53.548065,44.46826007817442,44.46826007817442,Single Season Contributor,Late bloomer or one-year starter; limited career longevity.,nan
202402475,Rex Lahr,2024,IOL,0.8204,OL,53.496597,44.25977748820237,44.25977748820237,Single Season Contributor,Late bloomer or one-year starter; limited career longevity.,nan
202402480,Jay Tauala-Harris,2024,IOL,0.8204,OL,49.65089,34.60572663254355,34.60572663254355,Partial Season Contributor,Rotational backup or special teams contributor; limited starts.,nan
202402481,Dasan Smith,2024,OT,0.8204,OL,52.15476,39.97397111800529,39.97397111800529,Partial Season Contributor,Rotational backup or special teams contributor; limited starts.,nan
202402482,Alex Gale,2024,IOL,0.8204,OL,51.525356,38.51083029255875,38.51083029255875,Partial Season Contributor,Rotational backup or special teams contributor; limited starts.,nan
202402484,JT Sowell,2024,IOL,0.8204,OL,55.41114,53.13713697820439,53.13713697820439,Multi-Year Starter,Consistent career presence; reliable rotational player or specialist.,nan
202402486,Sam Liu,2024,IOL,0.8204,OL,52.142555,39.938736442339284,39.938736442339284,Partial Season Contributor,Rotational backup or special teams contributor; limited starts.,nan
202402515,Bennett Anderson,2024,OT,0.82,OL,54.357956,48.979986836289726,48.979986836289726,Single Season Contributor,Late bloomer or one-year starter; limited career longevity.,nan
202402517,Maile Fonua,2024,IOL,0.82,OL,52.657516,41.288058961732936,41.288058961732936,Single Season Contributor,Late bloomer or one-year starter; limited career longevity.,nan
202402519,Harlen Summers,2024,IOL,0.82,OL,52.329765,40.421018118548794,40.421018118548794,Single Season Contributor,Late bloomer or one-year starter; limited career longevity.,nan
202402520,Davis Schukar,2024,IOL,0.82,OL,51.31082,38.019768795150924,38.019768795150924,Partial Season Contributor,Rotational backup or special teams contributor; limited starts.,nan
202402521,Daniel Mincey,2024,IOL,0.82,OL,51.70643,38.90945207266317,38.90945207266317,Partial Season Contributor,Rotational backup or special teams contributor; limited starts.,nan
202402523,Xavier Thorpe,2024,OT,0.82,OL,54.357956,48.979986836289726,48.979986836289726,Single Season Contributor,Late bloomer or one-year starter; limited career longevity.,nan
202402525,Siupeli Tava,2024,OT,0.82,OL,51.136772,37.54673712970099,37.54673712970099,Partial Season Contributor,Rotational backup or special teams contributor; limited starts.,nan
202402529,Tristan Black,2024,IOL,0.82,OL,54.72682,50.31216399684005,50.31216399684005,Multi-Year Starter,Consistent career presence; reliable rotational player or specialist.,nan
202402535,Henry Sellards,2024,OT,0.82,OL,53.351105,43.44822590651883,43.44822590651883,Single Season Contributor,Late bloomer or one-year starter; limited career longevity.,nan
202402542,Colbyn Daniel,2024,OT,0.82,OL,55.217735,52.52161124824772,52.52161124824772,Multi-Year Starter,Consistent career presence; reliable rotational player or specialist.,nan
202402548,Davion Parker,2024,IOL,0.82,OL,53.80394,45.77642966912425,45.77642966912425,Single Season Contributor,Late bloomer or one-year starter; limited career longevity.,nan
202402549,Jonah Logan,2024,OT,0.82,OL,54.35247,48.96501043515379,48.96501043515379,Single Season Contributor,Late bloomer or one-year starter; limited career longevity.,nan
202402550,Boogie Henderson,2024,IOL,0.82,OL,48.96015,33.80070325466508,33.80070325466508,Partial Season Contributor,Rotational backup or special teams contributor; limited starts.,nan
202402557,David Porotesano,2024,OT,0.82,OL,52.108036,39.83906823974421,39.83906823974421,Partial Season Contributor,Rotational backup or special teams contributor; limited starts.,nan
202402558,Hudson Cleary,2024,OT,0.82,OL,53.79198,45.70264827502008,45.70264827502008,Single Season Contributor,Late bloomer or one-year starter; limited career longevity.,nan
202402588,Xavier Miles,2024,IOL,0.8178,OL,54.117474,47.6234933290175,47.6234933290175,Single Season Contributor,Late bloomer or one-year starter; limited career longevity.,nan
202402601,Lane Mahnesmith,2024,OT,0.817,OL,65.68263,76.04813664831892,76.04813664831892,Meaningful P4 Contributor,Reliable multi-year starter at the highest level of competition.,Potential Day 2 Pick
202402604,Evan Bushong,2024,IOL,0.817,OL,54.4398,49.20343515782756,49.20343515782756,Single Season Contributor,Late bloomer or one-year starter; limited career longevity.,nan
202402610,Tanner Burlingame,2024,OT,0.8163,OL,54.60136,49.88716057761395,49.88716057761395,Single Season Contributor,Late bloomer or one-year starter; limited career longevity.,nan
202402616,Grant Haworth,2024,OT,0.8163,OL,56.782776,57.19789106329893,57.19789106329893,Multi-Year Starter,Consistent career presence; reliable rotational player or specialist.,nan
202402617,Isaac Cannizzaro,2024,IOL,0.8163,OL,56.324883,55.89402366511284,55.89402366511284,Multi-Year Starter,Consistent career presence; reliable rotational player or specialist.,nan
202402618,John Holthaus,2024,OT,0.8159,OL,55.50497,53.44275118836551,53.44275118836551,Multi-Year Starter,Consistent career presence; reliable rotational player or specialist.,nan
202402632,Jayden Tuia,2024,IOL,0.8156,OL,54.6699,50.103105195821094,50.103105195821094,Multi-Year Starter,Consistent career presence; reliable rotational player or specialist.,nan
202402637,Zach Clayton,2024,OT,0.8156,OL,52.220257,40.15310066975921,40.15310066975921,Single Season Contributor,Late bloomer or one-year starter; limited career longevity.,nan
202402643,Hank Purvis,2024,IOL,0.815,OL,58.585106,60.89557697119909,60.89557697119909,Meaningful G5 Contributor,Standout starter at the Group of 5 level; high-end depth in Power 4.,Potential Day 3 Pick
202402648,Andrew Hancock,2024,IOL,0.8148,OL,55.495422,53.411651771036844,53.411651771036844,Multi-Year Starter,Consistent career presence; reliable rotational player or specialist.,nan
202402655,Jason Overton,2024,IOL,0.8144,OL,53.213463,43.01020077472405,43.01020077472405,Single Season Contributor,Late bloomer or one-year starter; limited career longevity.,nan
202402656,Riley McGehee,2024,OT,0.8144,OL,52.513172,40.90535421628507,40.90535421628507,Single Season Contributor,Late bloomer or one-year starter; limited career longevity.,nan
202402657,Dennis Rahouski,2024,IOL,0.8141,OL,56.917507,57.364097609348924,57.364097609348924,Multi-Year Starter,Consistent career presence; reliable rotational player or specialist.,nan
202402660,Joshua Thoman,2024,IOL,0.8137,OL,56.70838,57.05101265336053,57.05101265336053,Multi-Year Starter,Consistent career presence; reliable rotational player or specialist.,nan
202402662,Brady Barrowman,2024,OT,0.8137,OL,59.876965,63.59037863214842,63.59037863214842,Meaningful G5 Contributor,Standout starter at the Group of 5 level; high-end depth in Power 4.,Potential Day 3 Pick
202402671,Aiden Howard,2024,OT,0.8137,OL,57.161907,57.86399104826585,57.86399104826585,Multi-Year Starter,Consistent career presence; reliable rotational player or specialist.,nan
202402672,Christian Pettway,2024,OT,0.8133,OL,54.333363,48.872513652236854,48.872513652236854,Single Season Contributor,Late bloomer or one-year starter; limited career longevity.,nan
202402673,Knajee Saffold,2024,IOL,0.813,OL,53.87892,46.185318352731414,46.185318352731414,Single Season Contributor,Late bloomer or one-year starter; limited career longevity.,nan
202402681,Ashton Helaire,2024,IOL,0.8111,OL,54.062183,47.22844432709753,47.22844432709753,Single Season Contributor,Late bloomer or one-year starter; limited career longevity.,nan
202402687,Craig Wydra,2024,IOL,0.8106,OL,53.69264,45.11993010890925,45.11993010890925,Single Season Contributor,Late bloomer or one-year starter; limited career longevity.,nan
202402694,Brock Taylor,2024,IOL,0.8104,OL,54.966686,51.52246382484066,51.52246382484066,Multi-Year Starter,Consistent career presence; reliable rotational player or specialist.,nan
202402695,Dom Silvia,2024,OT,0.8104,OL,56.93206,57.38176526994461,57.38176526994461,Multi-Year Starter,Consistent career presence; reliable rotational player or specialist.,nan
202402696,Joshua Tavui,2024,OT,0.8104,OL,55.11948,52.15737649743648,52.15737649743648,Multi-Year Starter,Consistent career presence; reliable rotational player or specialist.,nan
202402701,Evan Dailey,2024,IOL,0.8104,OL,54.055695,47.18208180796783,47.18208180796783,Single Season Contributor,Late bloomer or one-year starter; limited career longevity.,nan
202402709,Lincoln Fa'apouli Jr.,2024,IOL,0.81,OL,54.26665,48.47283877047037,48.47283877047037,Single Season Contributor,Late bloomer or one-year starter; limited career longevity.,nan
202402711,Ziyon Talia Elisara,2024,IOL,0.81,OL,53.57304,44.569426363124535,44.569426363124535,Single Season Contributor,Late bloomer or one-year starter; limited career longevity.,nan
202402724,David Perez,2024,IOL,0.81,OL,49.31728,34.218608292247964,34.218608292247964,Partial Season Contributor,Rotational backup or special teams contributor; limited starts.,nan
202402727,Miguel Botello,2024,IOL,0.81,OL,54.77619,50.59034277527172,50.59034277527172,Multi-Year Starter,Consistent career presence; reliable rotational player or specialist.,nan
202402728,Brandon St. Aubin,2024,IOL,0.81,OL,50.055576,35.07532020457682,35.07532020457682,Partial Season Contributor,Rotational backup or special teams contributor; limited starts.,nan
202402729,Franklin West,2024,IOL,0.81,OL,54.07024,47.28600907748079,47.28600907748079,Single Season Contributor,Late bloomer or one-year starter; limited career longevity.,nan
202402747,Timarion Minor,2024,IOL,0.81,OL,54.479794,49.312623328557116,49.312623328557116,Single Season Contributor,Late bloomer or one-year starter; limited career longevity.,nan
202402749,Cameron Lewis,2024,IOL,0.81,OL,54.398396,49.0903935320074,49.0903935320074,Single Season Contributor,Late bloomer or one-year starter; limited career longevity.,nan
202402751,Noah Tandy,2024,IOL,0.81,OL,51.335915,38.07720585004075,38.07720585004075,Partial Season Contributor,Rotational backup or special teams contributor; limited starts.,nan
202402764,Caleb Hall,2024,OT,0.81,OL,57.408154,58.323625734437414,58.323625734437414,Multi-Year Starter,Consistent career presence; reliable rotational player or specialist.,nan
202402766,Sone Falealo,2024,OT,0.81,OL,53.940063,46.4941446864412,46.4941446864412,Single Season Contributor,Late bloomer or one-year starter; limited career longevity.,nan
202402770,Reef Lancaster,2024,IOL,0.81,OL,51.12366,37.50899064830564,37.50899064830564,Partial Season Contributor,Rotational backup or special teams contributor; limited starts.,nan
202402778,Tu'i Muti,2024,IOL,0.8096,OL,55.30177,52.823961540005726,52.823961540005726,Multi-Year Starter,Consistent career presence; reliable rotational player or specialist.,nan
202402780,Jackson Bellamy,2024,OT,0.8096,OL,53.810432,45.81648578802864,45.81648578802864,Single Season Contributor,Late bloomer or one-year starter; limited career longevity.,nan
202402782,Braydon Nelson,2024,IOL,0.8094,OL,55.182365,52.38765716698542,52.38765716698542,Multi-Year Starter,Consistent career presence; reliable rotational player or specialist.,nan
202402783,Trason Hunt,2024,OT,0.8094,OL,52.233345,40.18512159729595,40.18512159729595,Single Season Contributor,Late bloomer or one-year starter; limited career longevity.,nan
202402792,Giovanni Panozzo,2024,OT,0.8089,OL,56.77339,57.179363687211946,57.179363687211946,Multi-Year Starter,Consistent career presence; reliable rotational player or specialist.,nan
202402804,Austin Ellis,2024,IOL,0.8063,OL,53.68001,45.06086021028439,45.06086021028439,Single Season Contributor,Late bloomer or one-year starter; limited career longevity.,nan
202402811,Joshua Schuetzmann,2024,OT,0.8056,OL,53.850033,46.03940234167674,46.03940234167674,Single Season Contributor,Late bloomer or one-year starter; limited career longevity.,nan
202402815,Jaden Rowe,2024,IOL,0.8056,OL,55.52074,53.494115547629086,53.494115547629086,Multi-Year Starter,Consistent career presence; reliable rotational player or specialist.,nan
202402816,Andrew Richard,2024,IOL,0.8056,OL,53.73322,45.340119217673795,45.340119217673795,Single Season Contributor,Late bloomer or one-year starter; limited career longevity.,nan
202402822,Jabari McAlmont,2024,IOL,0.805,OL,53.68001,45.06086021028439,45.06086021028439,Single Season Contributor,Late bloomer or one-year starter; limited career longevity.,nan
202402831,Brian Senter,2024,IOL,0.8033,OL,52.97311,42.01763436177117,42.01763436177117,Single Season Contributor,Late bloomer or one-year starter; limited career longevity.,nan
202402839,Sa'Kylee Woodard,2024,IOL,0.8022,OL,55.3385,52.929122867669264,52.929122867669264,Multi-Year Starter,Consistent career presence; reliable rotational player or specialist.,nan
202402842,Kingtriton Samuela,2024,IOL,0.8022,OL,52.994186,42.06911327823864,42.06911327823864,Single Season Contributor,Late bloomer or one-year starter; limited career longevity.,nan
202402848,Alex Harris,2024,IOL,0.8006,OL,53.36115,43.480189771382626,43.480189771382626,Single Season Contributor,Late bloomer or one-year starter; limited career longevity.,nan
202402853,Pule Leatigaga,2024,IOL,0.8,OL,53.46638,44.13737972692393,44.13737972692393,Single Season Contributor,Late bloomer or one-year starter; limited career longevity.,nan
202402856,Kael Weatherby,2024,IOL,0.8,OL,55.769566,54.30905663436625,54.30905663436625,Multi-Year Starter,Consistent career presence; reliable rotational player or specialist.,nan
202402865,Tome Veukiso,2024,IOL,0.8,OL,51.2541,37.88452256126245,37.88452256126245,Partial Season Contributor,Rotational backup or special teams contributor; limited starts.,nan
202402868,Ben Camara,2024,OT,0.8,OL,58.11398,59.77410985027248,59.77410985027248,Multi-Year Starter,Consistent career presence; reliable rotational player or specialist.,nan
202402877,Mylan Sockwell,2024,IOL,0.8,OL,52.562714,41.046801042803025,41.046801042803025,Single Season Contributor,Late bloomer or one-year starter; limited career longevity.,nan
202402886,Braden Smith,2024,IOL,0.8,OL,56.53796,56.65609370251477,56.65609370251477,Multi-Year Starter,Consistent career presence; reliable rotational player or specialist.,nan
202402911,Ben Acker-Oatis,2024,IOL,0.8,OL,55.639614,53.836235503550284,53.836235503550284,Multi-Year Starter,Consistent career presence; reliable rotational player or specialist.,nan
202402925,Tanner Stokes,2024,IOL,0.8,OL,54.877502,51.10183627572722,51.10183627572722,Multi-Year Starter,Consistent career presence; reliable rotational player or specialist.,nan
202402931,Cobie Johnson,2024,IOL,0.8,OL,47.91183,32.50884686961166,32.50884686961166,Partial Season Contributor,Rotational backup or special teams contributor; limited starts.,nan
202402941,Messiah Johnson,2024,IOL,0.8,OL,51.181816,37.67641721475082,37.67641721475082,Partial Season Contributor,Rotational backup or special teams contributor; limited starts.,nan
202402950,Cullen Witt,2024,IOL,0.8,OL,55.913185,54.79083338075976,54.79083338075976,Multi-Year Starter,Consistent career presence; reliable rotational player or specialist.,nan
202402951,Logan Gross,2024,IOL,0.8,OL,56.5131,56.58983681769682,56.58983681769682,Multi-Year Starter,Consistent career presence; reliable rotational player or specialist.,nan
202402952,Messiah Fields,2024,IOL,0.8,OL,54.320686,48.7965690255151,48.7965690255151,Single Season Contributor,Late bloomer or one-year starter; limited career longevity.,nan
202402953,Kimo Lopati,2024,OT,0.8,OL,57.71501,58.86547375955497,58.86547375955497,Multi-Year Starter,Consistent career presence; reliable rotational player or specialist.,nan
202402954,Jaxon Dunn,2024,IOL,0.7996,OL,54.211105,48.1902017962211,48.1902017962211,Single Season Contributor,Late bloomer or one-year starter; limited career longevity.,nan
202402957,Maddox Gonzalez,2024,OT,0.7989,OL,54.05679,47.189904290619346,47.189904290619346,Single Season Contributor,Late bloomer or one-year starter; limited career longevity.,nan
202402958,Aiden Olson,2024,IOL,0.7989,OL,57.56275,58.58321863183522,58.58321863183522,Multi-Year Starter,Consistent career presence; reliable rotational player or specialist.,nan
202402970,Gabe Funk,2024,OT,0.7967,OL,53.920452,46.39508827381317,46.39508827381317,Single Season Contributor,Late bloomer or one-year starter; limited career longevity.,nan
202402972,CJ Zeltwanger,2024,IOL,0.7956,OL,57.966484,59.55848161414898,59.55848161414898,Multi-Year Starter,Consistent career presence; reliable rotational player or specialist.,nan
202402977,Jake Riggs,2024,IOL,0.7933,OL,52.046844,39.66238820462125,39.66238820462125,Partial Season Contributor,Rotational backup or special teams contributor; limited starts.,nan
202402980,Jules Ney,2024,IOL,0.7933,OL,54.346336,48.94826352762488,48.94826352762488,Single Season Contributor,Late bloomer or one-year starter; limited career longevity.,nan
202402982,Carson Caplan,2024,IOL,0.79,OL,53.665714,44.99397381147896,44.99397381147896,Single Season Contributor,Late bloomer or one-year starter; limited career longevity.,nan
202402985,Jack Anderson,2024,IOL,0.79,OL,59.076527,61.98073707831819,61.98073707831819,Meaningful G5 Contributor,Standout starter at the Group of 5 level; high-end depth in Power 4.,Potential Day 3 Pick
202402988,Ryan Ross,2024,IOL,0.79,OL,53.68265,45.07320956673406,45.07320956673406,Single Season Contributor,Late bloomer or one-year starter; limited career longevity.,nan
202402991,Jaylen Eberhardt,2024,IOL,0.79,OL,54.457462,49.251655420177606,49.251655420177606,Single Season Contributor,Late bloomer or one-year starter; limited career longevity.,nan
202402998,Ethan Sims,2024,IOL,0.79,OL,54.65023,50.04113544842442,50.04113544842442,Multi-Year Starter,Consistent career presence; reliable rotational player or specialist.,nan
202403005,Parker Thomas,2024,IOL,0.79,OL,52.239784,40.20087540833705,40.20087540833705,Single Season Contributor,Late bloomer or one-year starter; limited career longevity.,nan
202403006,Quentin Boeke,2024,IOL,0.79,OL,55.73258,54.131156872847036,54.131156872847036,Multi-Year Starter,Consistent career presence; reliable rotational player or specialist.,nan
202403017,Josh Manecke,2024,OT,0.79,OL,59.057934,61.93973404895178,61.93973404895178,Meaningful G5 Contributor,Standout starter at the Group of 5 level; high-end depth in Power 4.,Potential Day 3 Pick
202403026,Dalton Noble,2024,OT,0.79,OL,54.295223,48.64401699922328,48.64401699922328,Single Season Contributor,Late bloomer or one-year starter; limited career longevity.,nan
202403034,Hayden Venenga,2024,OT,0.79,OL,57.152718,57.84677343175044,57.84677343175044,Multi-Year Starter,Consistent career presence; reliable rotational player or specialist.,nan
202403056,Danny Zarco,2024,IOL,0.79,OL,56.003704,54.97917283555892,54.97917283555892,Multi-Year Starter,Consistent career presence; reliable rotational player or specialist.,nan
202403061,Davray Venu,2024,IOL,0.79,OL,55.59879,53.72234235078955,53.72234235078955,Multi-Year Starter,Consistent career presence; reliable rotational player or specialist.,nan
202403071,Colin Alexander,2024,OT,0.7883,OL,55.135986,52.21709314182031,52.21709314182031,Multi-Year Starter,Consistent career presence; reliable rotational player or specialist.,nan
202403078,Mateo Rodriguez,2024,OT,0.7833,OL,53.378517,43.571466986320765,43.571466986320765,Single Season Contributor,Late bloomer or one-year starter; limited career longevity.,nan
202403097,Kolson Clemons,2024,OT,0.78,OL,54.672615,50.111662693910006,50.111662693910006,Multi-Year Starter,Consistent career presence; reliable rotational player or specialist.,nan
202403113,Aiden Taylor,2024,IOL,0.78,OL,59.910988,63.64635484027591,63.64635484027591,Meaningful G5 Contributor,Standout starter at the Group of 5 level; high-end depth in Power 4.,Potential Day 3 Pick
202403116,William Stobbe,2024,IOL,0.78,OL,52.76766,41.5299841160843,41.5299841160843,Single Season Contributor,Late bloomer or one-year starter; limited career longevity.,nan
202403117,Gabe Staszak,2024,IOL,0.78,OL,51.43576,38.30574909642053,38.30574909642053,Partial Season Contributor,Rotational backup or special teams contributor; limited starts.,nan
202403123,Luke Slater,2024,IOL,0.78,OL,55.903633,54.762205897553834,54.762205897553834,Multi-Year Starter,Consistent career presence; reliable rotational player or specialist.,nan
202403124,Tyler Blevins,2024,OT,0.78,OL,51.860588,39.21269699771972,39.21269699771972,Partial Season Contributor,Rotational backup or special teams contributor; limited starts.,nan
202403126,Ahmad Robinson,2024,OT,0.78,OL,55.763237,54.27861772096275,54.27861772096275,Multi-Year Starter,Consistent career presence; reliable rotational player or specialist.,nan
202403133,John Stone,2024,OT,0.78,OL,60.48403,64.58723732569888,64.58723732569888,Meaningful G5 Contributor,Standout starter at the Group of 5 level; high-end depth in Power 4.,Potential Day 3 Pick
202403134,Garrett Jackson,2024,OT,0.78,OL,54.98545,51.606229659776666,51.606229659776666,Multi-Year Starter,Consistent career presence; reliable rotational player or specialist.,nan
202403141,Jaxon Peterson,2024,OT,0.78,OL,52.817924,41.64039341746926,41.64039341746926,Single Season Contributor,Late bloomer or one-year starter; limited career longevity.,nan
202403152,Greg Meidl,2024,IOL,0.78,OL,55.033417,51.82035277595584,51.82035277595584,Multi-Year Starter,Consistent career presence; reliable rotational player or specialist.,nan
202403153,Kyle Baltazar,2024,IOL,0.78,OL,58.34038,60.29592844885749,60.29592844885749,Meaningful G5 Contributor,Standout starter at the Group of 5 level; high-end depth in Power 4.,Potential Day 3 Pick
202403154,Nick Cairo,2024,IOL,0.78,OL,56.166817,55.38696666678633,55.38696666678633,Multi-Year Starter,Consistent career presence; reliable rotational player or specialist.,nan
202403158,Jayden Hazelwood,2024,IOL,0.78,OL,56.488583,56.52428256773518,56.52428256773518,Multi-Year Starter,Consistent career presence; reliable rotational player or specialist.,nan
202403159,Parker Getter,2024,OT,0.78,OL,53.37834,43.5703281576935,43.5703281576935,Single Season Contributor,Late bloomer or one-year starter; limited career longevity.,nan
202403163,Dominic Werner,2024,OT,0.78,OL,55.653584,53.875207352308436,53.875207352308436,Multi-Year Starter,Consistent career presence; reliable rotational player or specialist.,nan
202403172,Camden Smith,2024,IOL,0.78,OL,56.494286,56.539694274207164,56.539694274207164,Multi-Year Starter,Consistent career presence; reliable rotational player or specialist.,nan
202403175,Sam Keen,2024,IOL,0.78,OL,55.544468,53.57079698587526,53.57079698587526,Multi-Year Starter,Consistent career presence; reliable rotational player or specialist.,nan
202403177,Ryan Kawalek,2024,IOL,0.78,OL,53.411236,43.78380901101701,43.78380901101701,Single Season Contributor,Late bloomer or one-year starter; limited career longevity.,nan
202403186,Andrew Flaherty,2024,OT,0.78,OL,55.34088,52.935937767291456,52.935937767291456,Multi-Year Starter,Consistent career presence; reliable rotational player or specialist.,nan
202403187,Quinn Brown,2024,IOL,0.78,OL,50.205776,35.34249158498539,35.34249158498539,Partial Season Contributor,Rotational backup or special teams contributor; limited starts.,nan
202403189,Brody Smith,2024,IOL,0.78,OL,50.655315,36.23366835057692,36.23366835057692,Partial Season Contributor,Rotational backup or special teams contributor; limited starts.,nan
202403197,Kamani Fifita,2024,IOL,0.78,OL,53.352108,43.451418651091245,43.451418651091245,Single Season Contributor,Late bloomer or one-year starter; limited career longevity.,nan
202403209,Bowen Stovall,2024,IOL,0.78,OL,50.001305,35.01234386698923,35.01234386698923,Partial Season Contributor,Rotational backup or special teams contributor; limited starts.,nan
202403210,Leon Evans,2024,OT,0.78,OL,52.817924,41.64039341746926,41.64039341746926,Single Season Contributor,Late bloomer or one-year starter; limited career longevity.,nan
202403214,Bennett Williams,2024,IOL,0.78,OL,55.731495,54.12594611250551,54.12594611250551,Multi-Year Starter,Consistent career presence; reliable rotational player or specialist.,nan
202403217,Justin Frost,2024,OT,0.78,OL,58.442204,60.545659066385205,60.545659066385205,Meaningful G5 Contributor,Standout starter at the Group of 5 level; high-end depth in Power 4.,Potential Day 3 Pick
202403228,Jack Hardt,2024,IOL,0.78,OL,54.072773,47.30410708612401,47.30410708612401,Single Season Contributor,Late bloomer or one-year starter; limited career longevity.,nan
202403232,Tristan Fui,2024,IOL,0.78,OL,51.3233,38.048330152181116,38.048330152181116,Partial Season Contributor,Rotational backup or special teams contributor; limited starts.,nan
202403239,Anthony Boswell,2024,IOL,0.78,OL,54.727646,50.31680675809343,50.31680675809343,Multi-Year Starter,Consistent career presence; reliable rotational player or specialist.,nan
202403244,Jacob Norcross,2024,IOL,0.78,OL,57.02676,57.584243902293906,57.584243902293906,Multi-Year Starter,Consistent career presence; reliable rotational player or specialist.,nan
202403247,Ahmaan Thomas,2024,OT,0.7783,OL,55.695415,53.99191005396926,53.99191005396926,Multi-Year Starter,Consistent career presence; reliable rotational player or specialist.,nan
202403256,Stephen Del Giudice,2024,OT,0.77,OL,56.47756,56.477424388766266,56.477424388766266,Multi-Year Starter,Consistent career presence; reliable rotational player or specialist.,nan
202403266,Landen Barger,2024,IOL,0.77,OL,57.18617,57.9094472711957,57.9094472711957,Multi-Year Starter,Consistent career presence; reliable rotational player or specialist.,nan
202403273,Benny Hatch,2024,IOL,0.77,OL,52.166668,40.00835769425701,40.00835769425701,Single Season Contributor,Late bloomer or one-year starter; limited career longevity.,nan
202403284,Tait Anderberg,2024,IOL,0.77,OL,53.26002,43.15836597436806,43.15836597436806,Single Season Contributor,Late bloomer or one-year starter; limited career longevity.,nan
202403311,Carson Garrett,2024,IOL,0.77,OL,51.951744,39.3920086063793,39.3920086063793,Partial Season Contributor,Rotational backup or special teams contributor; limited starts.,nan
202403327,Drew Swingle,2024,IOL,0.77,OL,47.99503,32.61137328870702,32.61137328870702,Partial Season Contributor,Rotational backup or special teams contributor; limited starts.,nan
202403333,Antonio Heath,2024,OT,0.77,OL,58.3479,60.31156517023,60.31156517023,Meaningful G5 Contributor,Standout starter at the Group of 5 level; high-end depth in Power 4.,Potential Day 3 Pick
202403336,Zach Barrett,2024,IOL,0.77,OL,55.36226,52.99714080812918,52.99714080812918,Multi-Year Starter,Consistent career presence; reliable rotational player or specialist.,nan
202403337,Tim Savchuk,2024,IOL,0.77,OL,57.199203,57.9338692702132,57.9338692702132,Multi-Year Starter,Consistent career presence; reliable rotational player or specialist.,nan
202403346,Herschel Johal,2024,OT,0.77,OL,50.85075,36.73698055227203,36.73698055227203,Partial Season Contributor,Rotational backup or special teams contributor; limited starts.,nan
202403350,Tyrell Green,2024,OT,0.77,OL,56.253624,55.66035425115097,55.66035425115097,Multi-Year Starter,Consistent career presence; reliable rotational player or specialist.,nan
202403355,Colin Amick,2024,OT,0.77,OL,54.33938,48.90855478264317,48.90855478264317,Single Season Contributor,Late bloomer or one-year starter; limited career longevity.,nan
202403361,Oscar Weigel,2024,IOL,0.77,OL,49.390343,34.30338974960476,34.30338974960476,Partial Season Contributor,Rotational backup or special teams contributor; limited starts.,nan
202403362,Joseph Hunt,2024,IOL,0.77,OL,47.51667,32.03618492143,32.03618492143,Partial Season Contributor,Rotational backup or special teams contributor; limited starts.,nan
202403372,Wyatt Bell,2024,IOL,0.77,OL,52.27043,40.2758553360054,40.2758553360054,Single Season Contributor,Late bloomer or one-year starter; limited career longevity.,nan
202403376,Rahfeeq Katumbusi,2024,IOL,0.77,OL,53.922554,46.40570490158171,46.40570490158171,Single Season Contributor,Late bloomer or one-year starter; limited career longevity.,nan
202403377,Tavita Faletoi,2024,IOL,0.77,OL,54.04252,47.097363646745336,47.097363646745336,Single Season Contributor,Late bloomer or one-year starter; limited career longevity.,nan
202403382,Holden Grieger,2024,OT,0.77,OL,52.506126,40.88523776994807,40.88523776994807,Single Season Contributor,Late bloomer or one-year starter; limited career longevity.,nan
202403399,Jonah Reiling,2024,IOL,0.77,OL,50.550327,35.96846457574862,35.96846457574862,Partial Season Contributor,Rotational backup or special teams contributor; limited starts.,nan
202403404,Braden Zimmer,2024,OT,0.77,OL,54.276875,48.53408812334858,48.53408812334858,Single Season Contributor,Late bloomer or one-year starter; limited career longevity.,nan
202403405,Trevor Steinbach,2024,IOL,0.77,OL,51.761963,39.01869288279316,39.01869288279316,Partial Season Contributor,Rotational backup or special teams contributor; limited starts.,nan
202403407,Steven Scott III,2024,OT,0.77,OL,52.33328,40.429613651705694,40.429613651705694,Single Season Contributor,Late bloomer or one-year starter; limited career longevity.,nan
202403408,Thomas Martian,2024,IOL,0.77,OL,52.447342,40.717401041169936,40.717401041169936,Single Season Contributor,Late bloomer or one-year starter; limited career longevity.,nan
202403414,Benson Kofe,2024,IOL,0.76,OL,53.615185,44.757587141634566,44.757587141634566,Single Season Contributor,Late bloomer or one-year starter; limited career longevity.,nan
202403417,Justice Rutledge,2024,IOL,0.76,OL,53.033646,42.165492990806875,42.165492990806875,Single Season Contributor,Late bloomer or one-year starter; limited career longevity.,nan
202403419,Zane Coon,2024,IOL,0.76,OL,49.408936,34.32496468946572,34.32496468946572,Partial Season Contributor,Rotational backup or special teams contributor; limited starts.,nan
202403427,Jacob Woodcock,2024,IOL,0.76,OL,49.5506,34.489348556243876,34.489348556243876,Partial Season Contributor,Rotational backup or special teams contributor; limited starts.,nan
202403435,Aiden Horel,2024,IOL,0.76,OL,52.38816,40.56388502578643,40.56388502578643,Single Season Contributor,Late bloomer or one-year starter; limited career longevity.,nan
202403446,Ashton Allman,2024,OT,0.76,OL,52.241932,40.206129789626225,40.206129789626225,Single Season Contributor,Late bloomer or one-year starter; limited career longevity.,nan
202403447,J'Von Lindsey,2024,IOL,0.76,OL,53.463886,44.1255071134838,44.1255071134838,Single Season Contributor,Late bloomer or one-year starter; limited career longevity.,nan
202403459,Jake Chellman,2024,IOL,0.76,OL,53.01514,42.120294036275894,42.120294036275894,Single Season Contributor,Late bloomer or one-year starter; limited career longevity.,nan
202403461,Daniel Grein,2024,OT,0.76,OL,61.16635,66.06595065451647,66.06595065451647,Meaningful G5 Contributor,Standout starter at the Group of 5 level; high-end depth in Power 4.,Potential Day 3 Pick
202403462,Dominik Soto,2024,OT,0.76,OL,48.367188,33.06998745287595,33.06998745287595,Partial Season Contributor,Rotational backup or special teams contributor; limited starts.,nan
202403467,Bryson Harrington,2024,IOL,0.76,OL,48.018158,32.63987478705526,32.63987478705526,Partial Season Contributor,Rotational backup or special teams contributor; limited starts.,nan
202403470,Lukas Jackson,2024,IOL,0.76,OL,54.575134,49.79324207840933,49.79324207840933,Single Season Contributor,Late bloomer or one-year starter; limited career longevity.,nan
202403477,Sam Hawker,2024,OT,0.76,OL,48.640766,33.40712120795444,33.40712120795444,Partial Season Contributor,Rotational backup or special teams contributor; limited starts.,nan
202403479,Jack Tews,2024,IOL,0.76,OL,54.314075,48.7569626342696,48.7569626342696,Single Season Contributor,Late bloomer or one-year starter; limited career longevity.,nan
202403483,Hank Fuchs,2024,IOL,0.76,OL,52.364876,40.50691745315915,40.50691745315915,Single Season Contributor,Late bloomer or one-year starter; limited career longevity.,nan
202403488,Justice Turner,2024,IOL,0.76,OL,49.387756,34.300388557724226,34.300388557724226,Partial Season Contributor,Rotational backup or special teams contributor; limited starts.,nan
202403508,Jonathan Holdway,2024,OT,0.75,OL,50.619648,36.14181230189935,36.14181230189935,Partial Season Contributor,Rotational backup or special teams contributor; limited starts.,nan
202403514,Cole Dawes,2024,OT,0.75,OL,54.707394,50.22123953390525,50.22123953390525,Multi-Year Starter,Consistent career presence; reliable rotational player or specialist.,nan
202403522,Evan Curtiss,2024,IOL,0.75,OL,51.48778,38.42482314894903,38.42482314894903,Partial Season Contributor,Rotational backup or special teams contributor; limited starts.,nan
202403525,Michael Mclaughlin,2024,IOL,0.75,OL,52.721836,41.429336280595486,41.429336280595486,Single Season Contributor,Late bloomer or one-year starter; limited career longevity.,nan
202403526,Bruce Galo,2024,IOL,0.75,OL,48.37529,33.079972144034066,33.079972144034066,Partial Season Contributor,Rotational backup or special teams contributor; limited starts.,nan
202403554,Kyle Kaaiwela,2024,IOL,0.75,OL,50.48656,35.852615009600854,35.852615009600854,Partial Season Contributor,Rotational backup or special teams contributor; limited starts.,nan
202403555,Zamani Muldrew,2024,IOL,0.75,OL,56.68062,56.99619873337634,56.99619873337634,Multi-Year Starter,Consistent career presence; reliable rotational player or specialist.,nan
202403557,Matix Carpenter,2024,IOL,0.75,OL,52.09684,39.80674133349859,39.80674133349859,Partial Season Contributor,Rotational backup or special teams contributor; limited starts.,nan
202403568,Aiden McGinnis,2024,IOL,0.74,OL,46.158386,30.885357926181317,30.885357926181317,Partial Season Contributor,Rotational backup or special teams contributor; limited starts.,nan
202403576,Carson Condie,2024,IOL,0.74,OL,50.84844,36.731027101416565,36.731027101416565,Partial Season Contributor,Rotational backup or special teams contributor; limited starts.,nan
202403580,Navi Arretche,2024,IOL,0.74,OL,47.839943,32.42025859048043,32.42025859048043,Partial Season Contributor,Rotational backup or special teams contributor; limited starts.,nan
202403587,Mickael White,2024,IOL,0.74,OL,49.103973,33.97108963976427,33.97108963976427,Partial Season Contributor,Rotational backup or special teams contributor; limited starts.,nan
202403589,Izear Dampier,2024,OT,0.74,OL,52.154633,39.97360764682774,39.97360764682774,Partial Season Contributor,Rotational backup or special teams contributor; limited starts.,nan
202403595,Nino Baier,2024,IOL,0.74,OL,52.282543,40.305487059971924,40.305487059971924,Single Season Contributor,Late bloomer or one-year starter; limited career longevity.,nan
202403596,Jaylen Washington,2024,IOL,0.74,OL,50.64456,36.20597399750504,36.20597399750504,Partial Season Contributor,Rotational backup or special teams contributor; limited starts.,nan
202403603,Lucas Johnson,2024,OT,0.74,OL,45.360786,30.209579241531376,30.209579241531376,Partial Season Contributor,Rotational backup or special teams contributor; limited starts.,nan
202403613,Sebastian Luevano,2024,OT,0.74,OL,46.86897,31.48741006971636,31.48741006971636,Partial Season Contributor,Rotational backup or special teams contributor; limited starts.,nan
202403619,Ryan Murphy,2024,IOL,0.73,OL,48.67902,33.45426173664258,33.45426173664258,Partial Season Contributor,Rotational backup or special teams contributor; limited starts.,nan
202403620,Connor Ware,2024,IOL,0.73,OL,50.61649,36.13367788389881,36.13367788389881,Partial Season Contributor,Rotational backup or special teams contributor; limited starts.,nan
202403635,Ryan Fehr,2024,IOL,0.73,OL,47.825886,32.40293580944575,32.40293580944575,Partial Season Contributor,Rotational backup or special teams contributor; limited starts.,nan
202403638,Noah Blake,2024,IOL,0.73,OL,47.979332,32.59202912481076,32.59202912481076,Partial Season Contributor,Rotational backup or special teams contributor; limited starts.,nan
202403640,Ethan Elder,2024,IOL,0.73,OL,49.83391,34.8181030101901,34.8181030101901,Partial Season Contributor,Rotational backup or special teams contributor; limited starts.,nan
202403643,Deagan Hodgson,2024,OT,0.73,OL,55.736053,54.14787167098483,54.14787167098483,Multi-Year Starter,Consistent career presence; reliable rotational player or specialist.,nan
202403644,Cohen Lantz,2024,IOL,0.73,OL,50.014248,35.027363106002,35.027363106002,Partial Season Contributor,Rotational backup or special teams contributor; limited starts.,nan
202403648,Geovanni Valverde,2024,IOL,0.72,OL,46.78129,31.413121150005434,31.413121150005434,Partial Season Contributor,Rotational backup or special teams contributor; limited starts.,nan
202403658,Jaylen Youngblood,2024,IOL,0.72,OL,48.892277,33.717060312209156,33.717060312209156,Partial Season Contributor,Rotational backup or special teams contributor; limited starts.,nan
202403663,Colden Carson,2024,OT,0.72,OL,56.46333,56.41694653148114,56.41694653148114,Multi-Year Starter,Consistent career presence; reliable rotational player or specialist.,nan
202403669,Gavin McCallum,2024,IOL,0.72,OL,52.99644,42.07461989174674,42.07461989174674,Single Season Contributor,Late bloomer or one-year starter; limited career longevity.,nan
202403674,Cole Goodenow,2024,IOL,0.71,OL,48.94266,33.77914967229221,33.77914967229221,Partial Season Contributor,Rotational backup or special teams contributor; limited starts.,nan
202403682,Zach High,2024,IOL,0.71,OL,50.91148,36.89812803900332,36.89812803900332,Partial Season Contributor,Rotational backup or special teams contributor; limited starts.,nan
202403696,Damian Perea,2024,IOL,0.7,OL,48.69854,33.47831619269535,33.47831619269535,Partial Season Contributor,Rotational backup or special teams contributor; limited starts.,nan
202403698,Aiden Kehm,2024,IOL,0.7,OL,51.583145,38.64310665992359,38.64310665992359,Partial Season Contributor,Rotational backup or special teams contributor; limited starts.,nan
202500005,Michael Fasusi,2025,OT,0.9977,OL,66.4562,77.76177402155245,77.76177402155245,Meaningful P4 Contributor,Reliable multi-year starter at the highest level of competition.,Potential Day 2 Pick
202500006,David Sanders Jr.,2025,OT,0.9973,OL,64.17664,72.52107692382664,72.52107692382664,Meaningful P4 Contributor,Reliable multi-year starter at the highest level of competition.,Potential Day 2 Pick
202500016,Andrew Babalola,2025,OT,0.9914,OL,66.11781,77.07379048719004,77.07379048719004,Meaningful P4 Contributor,Reliable multi-year starter at the highest level of competition.,Potential Day 2 Pick
202500017,Michael Carroll,2025,IOL,0.9909,OL,66.46556,77.78080668668588,77.78080668668588,Meaningful P4 Contributor,Reliable multi-year starter at the highest level of competition.,Potential Day 2 Pick
202500026,Will Black,2025,OT,0.9867,OL,62.462944,68.77986600225776,68.77986600225776,Meaningful G5 Contributor,Standout starter at the Group of 5 level; high-end depth in Power 4.,Potential Day 3 Pick
202500038,Lamont Rogers,2025,OT,0.9815,OL,66.26272,77.36840125237268,77.36840125237268,Meaningful P4 Contributor,Reliable multi-year starter at the highest level of competition.,Potential Day 2 Pick
202500039,Ty Haywood,2025,OT,0.9807,OL,65.335075,75.29760106774042,75.29760106774042,Meaningful P4 Contributor,Reliable multi-year starter at the highest level of competition.,Potential Day 2 Pick
202500041,Solomon Thomas,2025,IOL,0.9798,OL,67.19714,79.52596611454337,79.52596611454337,Meaningful P4 Contributor,Reliable multi-year starter at the highest level of competition.,Potential Day 2 Pick
202500045,Jackson Lloyd,2025,OT,0.9784,OL,59.98931,63.775214970926626,63.775214970926626,Meaningful G5 Contributor,Standout starter at the Group of 5 level; high-end depth in Power 4.,Potential Day 3 Pick
202500052,Juan Gaston,2025,OT,0.974,OL,65.90217,76.5633416298535,76.5633416298535,Meaningful P4 Contributor,Reliable multi-year starter at the highest level of competition.,Potential Day 2 Pick
202500056,Malachi Goodman,2025,OT,0.9702,OL,68.540115,81.78780418076475,81.78780418076475,Elite Power 4,All-Conference/All-American honors.,First round NFL Draft talent
202500071,Carius Curne,2025,IOL,0.9649,OL,66.301895,77.44805303351377,77.44805303351377,Meaningful P4 Contributor,Reliable multi-year starter at the highest level of competition.,Potential Day 2 Pick
202500072,Josh Petty,2025,OT,0.9638,OL,62.395107,68.65945289592192,68.65945289592192,Meaningful G5 Contributor,Standout starter at the Group of 5 level; high-end depth in Power 4.,Potential Day 3 Pick
202500074,Carter Lowe,2025,OT,0.9633,OL,67.07714,79.27171640018601,79.27171640018601,Meaningful P4 Contributor,Reliable multi-year starter at the highest level of competition.,Potential Day 2 Pick
202500080,Dramodd Odoms,2025,OT,0.9591,OL,66.16134,77.16228384871097,77.16228384871097,Meaningful P4 Contributor,Reliable multi-year starter at the highest level of competition.,Potential Day 2 Pick
202500087,Douglas Utu,2025,IOL,0.9548,OL,63.8607,71.95144172793286,71.95144172793286,Meaningful P4 Contributor,Reliable multi-year starter at the highest level of competition.,Potential Day 2 Pick
202500089,Devin Harper,2025,IOL,0.9541,OL,62.765636,69.45626431383305,69.45626431383305,Meaningful G5 Contributor,Standout starter at the Group of 5 level; high-end depth in Power 4.,Potential Day 3 Pick
202500109,Alai Kalaniuvalu,2025,IOL,0.9471,OL,62.77202,69.46971043859926,69.46971043859926,Meaningful G5 Contributor,Standout starter at the Group of 5 level; high-end depth in Power 4.,Potential Day 3 Pick
202500110,Ziyare Addison,2025,OT,0.947,OL,60.8528,65.35745200502005,65.35745200502005,Meaningful G5 Contributor,Standout starter at the Group of 5 level; high-end depth in Power 4.,Potential Day 3 Pick
202500111,Jaylen Gilchrist,2025,IOL,0.9466,OL,60.607517,64.80226410156283,64.80226410156283,Meaningful G5 Contributor,Standout starter at the Group of 5 level; high-end depth in Power 4.,Potential Day 3 Pick
202500114,Ryan Fodje,2025,OT,0.9458,OL,62.757298,69.43869513945232,69.43869513945232,Meaningful G5 Contributor,Standout starter at the Group of 5 level; high-end depth in Power 4.,Potential Day 3 Pick
202500124,Seuseu Alofaituli,2025,IOL,0.9437,OL,60.593586,64.77707759230998,64.77707759230998,Meaningful G5 Contributor,Standout starter at the Group of 5 level; high-end depth in Power 4.,Potential Day 3 Pick
202500134,Carde Smith,2025,OT,0.9402,OL,59.622982,63.081924562450574,63.081924562450574,Meaningful G5 Contributor,Standout starter at the Group of 5 level; high-end depth in Power 4.,Potential Day 3 Pick
202500135,Jack Lange,2025,OT,0.94,OL,62.79326,69.51446119932747,69.51446119932747,Meaningful G5 Contributor,Standout starter at the Group of 5 level; high-end depth in Power 4.,Potential Day 3 Pick
202500158,Cortez Smith,2025,IOL,0.9331,OL,62.708004,69.33483929711578,69.33483929711578,Meaningful G5 Contributor,Standout starter at the Group of 5 level; high-end depth in Power 4.,Potential Day 3 Pick
202500166,Aaron Dunn,2025,OT,0.9315,OL,65.97735,76.74239815176401,76.74239815176401,Meaningful P4 Contributor,Reliable multi-year starter at the highest level of competition.,Potential Day 2 Pick
202500167,Zac Stascausky,2025,OT,0.931,OL,65.71372,76.11457151502631,76.11457151502631,Meaningful P4 Contributor,Reliable multi-year starter at the highest level of competition.,Potential Day 2 Pick
202500178,Brayden Jacobs,2025,OT,0.9293,OL,62.805733,69.5407426266948,69.5407426266948,Meaningful G5 Contributor,Standout starter at the Group of 5 level; high-end depth in Power 4.,Potential Day 3 Pick
202500182,Alex Payne,2025,OT,0.9284,OL,58.816803,61.511435888735136,61.511435888735136,Meaningful G5 Contributor,Standout starter at the Group of 5 level; high-end depth in Power 4.,Potential Day 3 Pick
202500191,Tyler Miller,2025,OT,0.9262,OL,61.588947,66.8307636253424,66.8307636253424,Meaningful G5 Contributor,Standout starter at the Group of 5 level; high-end depth in Power 4.,Potential Day 3 Pick
202500193,Spike Sowells Jr.,2025,IOL,0.9257,OL,64.117455,72.42408524908082,72.42408524908082,Meaningful P4 Contributor,Reliable multi-year starter at the highest level of competition.,Potential Day 2 Pick
202500205,Micah DeBose,2025,IOL,0.9231,OL,60.006382,63.80330035397075,63.80330035397075,Meaningful G5 Contributor,Standout starter at the Group of 5 level; high-end depth in Power 4.,Potential Day 3 Pick
202500206,Broderick Shull,2025,OT,0.9227,OL,60.65229,64.88320990087846,64.88320990087846,Meaningful G5 Contributor,Standout starter at the Group of 5 level; high-end depth in Power 4.,Potential Day 3 Pick
202500216,Owen Strebig,2025,OT,0.9207,OL,61.107674,65.98469706819186,65.98469706819186,Meaningful G5 Contributor,Standout starter at the Group of 5 level; high-end depth in Power 4.,Potential Day 3 Pick
202500235,TJ Dice Jr.,2025,OT,0.9169,OL,61.596203,66.84181436618267,66.84181436618267,Meaningful G5 Contributor,Standout starter at the Group of 5 level; high-end depth in Power 4.,Potential Day 3 Pick
202500239,Nick Brooks,2025,OT,0.9161,OL,62.928936,69.80814458101553,69.80814458101553,Meaningful G5 Contributor,Standout starter at the Group of 5 level; high-end depth in Power 4.,Potential Day 3 Pick
202500246,Peyton Joseph,2025,IOL,0.9142,OL,59.802036,63.44810300962943,63.44810300962943,Meaningful G5 Contributor,Standout starter at the Group of 5 level; high-end depth in Power 4.,Potential Day 3 Pick
202500250,Mason Short,2025,IOL,0.9137,OL,61.37124,66.43784464682682,66.43784464682682,Meaningful G5 Contributor,Standout starter at the Group of 5 level; high-end depth in Power 4.,Potential Day 3 Pick
202500256,Damola Ajidahun,2025,OT,0.9125,OL,60.007523,63.80517689688252,63.80517689688252,Meaningful G5 Contributor,Standout starter at the Group of 5 level; high-end depth in Power 4.,Potential Day 3 Pick
202500261,Nic Moore,2025,IOL,0.9118,OL,60.41226,64.46705825451171,64.46705825451171,Meaningful G5 Contributor,Standout starter at the Group of 5 level; high-end depth in Power 4.,Potential Day 3 Pick
202500275,Marcus Garcia,2025,OT,0.9097,OL,60.308605,64.27882285607834,64.27882285607834,Meaningful G5 Contributor,Standout starter at the Group of 5 level; high-end depth in Power 4.,Potential Day 3 Pick
202500280,Avery Gach,2025,IOL,0.909,OL,61.04588,65.89912777649558,65.89912777649558,Meaningful G5 Contributor,Standout starter at the Group of 5 level; high-end depth in Power 4.,Potential Day 3 Pick
202500281,Nelson McGuire,2025,IOL,0.9083,OL,60.854763,65.36438526665482,65.36438526665482,Meaningful G5 Contributor,Standout starter at the Group of 5 level; high-end depth in Power 4.,Potential Day 3 Pick
202500295,Dennis Uzochukwu,2025,OT,0.9063,OL,63.006054,69.98339996724798,69.98339996724798,Meaningful G5 Contributor,Standout starter at the Group of 5 level; high-end depth in Power 4.,Potential Day 3 Pick
202500321,Dontrell Glover,2025,IOL,0.9025,OL,60.697807,64.96550054392472,64.96550054392472,Meaningful G5 Contributor,Standout starter at the Group of 5 level; high-end depth in Power 4.,Potential Day 3 Pick
202500323,Cam Herron,2025,IOL,0.9023,OL,61.59736,66.84357481543326,66.84357481543326,Meaningful G5 Contributor,Standout starter at the Group of 5 level; high-end depth in Power 4.,Potential Day 3 Pick
202500341,Champ Taulealea,2025,IOL,0.9005,OL,58.19723,59.953853663944294,59.953853663944294,Multi-Year Starter,Consistent career presence; reliable rotational player or specialist.,nan
202500346,Jonte Newman,2025,IOL,0.9003,OL,61.765938,67.17053120137099,67.17053120137099,Meaningful G5 Contributor,Standout starter at the Group of 5 level; high-end depth in Power 4.,Potential Day 3 Pick
202500358,Max Buchanan,2025,IOL,0.8994,OL,60.75837,65.10234844698475,65.10234844698475,Meaningful G5 Contributor,Standout starter at the Group of 5 level; high-end depth in Power 4.,Potential Day 3 Pick
202500365,Mal Waldrep Jr.,2025,OT,0.8985,OL,60.8421,65.31968928873752,65.31968928873752,Meaningful G5 Contributor,Standout starter at the Group of 5 level; high-end depth in Power 4.,Potential Day 3 Pick
202500366,Hardy Watts,2025,IOL,0.8983,OL,61.86635,67.42071157247999,67.42071157247999,Meaningful G5 Contributor,Standout starter at the Group of 5 level; high-end depth in Power 4.,Potential Day 3 Pick
202500378,Jake Cook,2025,IOL,0.8973,OL,60.890575,65.49077256806675,65.49077256806675,Meaningful G5 Contributor,Standout starter at the Group of 5 level; high-end depth in Power 4.,Potential Day 3 Pick
202500391,Jayvon McFadden,2025,IOL,0.8958,OL,60.978874,65.7442256443337,65.7442256443337,Meaningful G5 Contributor,Standout starter at the Group of 5 level; high-end depth in Power 4.,Potential Day 3 Pick
202500394,Logan Powell,2025,IOL,0.8958,OL,61.29668,66.26830981713877,66.26830981713877,Meaningful G5 Contributor,Standout starter at the Group of 5 level; high-end depth in Power 4.,Potential Day 3 Pick
202500395,Owen Aliciene,2025,OT,0.8956,OL,60.990437,65.77509627260905,65.77509627260905,Meaningful G5 Contributor,Standout starter at the Group of 5 level; high-end depth in Power 4.,Potential Day 3 Pick
202500402,Demetris Dean II,2025,OT,0.8953,OL,62.67203,69.25843423216982,69.25843423216982,Meaningful G5 Contributor,Standout starter at the Group of 5 level; high-end depth in Power 4.,Potential Day 3 Pick
202500407,Easton Ware,2025,IOL,0.895,OL,62.180355,68.22097107298141,68.22097107298141,Meaningful G5 Contributor,Standout starter at the Group of 5 level; high-end depth in Power 4.,Potential Day 3 Pick
202500411,Tai Buster,2025,IOL,0.895,OL,61.652008,66.92680978561094,66.92680978561094,Meaningful G5 Contributor,Standout starter at the Group of 5 level; high-end depth in Power 4.,Potential Day 3 Pick
202500415,Mario Nash Jr.,2025,IOL,0.8945,OL,55.81145,54.48593467883536,54.48593467883536,Multi-Year Starter,Consistent career presence; reliable rotational player or specialist.,nan
202500434,Henry Fenuku,2025,IOL,0.8928,OL,60.52497,64.65578698246107,64.65578698246107,Meaningful G5 Contributor,Standout starter at the Group of 5 level; high-end depth in Power 4.,Potential Day 3 Pick
202500438,Shedrick Sarratt Jr.,2025,OT,0.8925,OL,63.91929,72.09354980037138,72.09354980037138,Meaningful P4 Contributor,Reliable multi-year starter at the highest level of competition.,Potential Day 2 Pick
202500449,Darrin Strey,2025,OT,0.8921,OL,60.32003,64.3000279387478,64.3000279387478,Meaningful G5 Contributor,Standout starter at the Group of 5 level; high-end depth in Power 4.,Potential Day 3 Pick
202500450,Matty Augustine,2025,OT,0.8921,OL,59.394146,62.62215986645332,62.62215986645332,Meaningful G5 Contributor,Standout starter at the Group of 5 level; high-end depth in Power 4.,Potential Day 3 Pick
202500451,Chauncey Gooden,2025,IOL,0.8921,OL,60.917023,65.57908662524542,65.57908662524542,Meaningful G5 Contributor,Standout starter at the Group of 5 level; high-end depth in Power 4.,Potential Day 3 Pick
202500453,Justin Hasenhuetl,2025,IOL,0.8919,OL,60.397446,64.44225595138018,64.44225595138018,Meaningful G5 Contributor,Standout starter at the Group of 5 level; high-end depth in Power 4.,Potential Day 3 Pick
202500459,Juju Marks,2025,OT,0.8916,OL,62.05737,67.90986691759613,67.90986691759613,Meaningful G5 Contributor,Standout starter at the Group of 5 level; high-end depth in Power 4.,Potential Day 3 Pick
202500460,Chastan Brown,2025,OT,0.8916,OL,61.02997,65.8770949648612,65.8770949648612,Meaningful G5 Contributor,Standout starter at the Group of 5 level; high-end depth in Power 4.,Potential Day 3 Pick
202500461,Kilian Registe,2025,OT,0.8915,OL,62.575985,69.03588514710421,69.03588514710421,Meaningful G5 Contributor,Standout starter at the Group of 5 level; high-end depth in Power 4.,Potential Day 3 Pick
202500466,TK Whitset,2025,OT,0.8911,OL,64.11682,72.42304757068382,72.42304757068382,Meaningful P4 Contributor,Reliable multi-year starter at the highest level of competition.,Potential Day 2 Pick
202500468,John Mills,2025,OT,0.8908,OL,62.144646,68.13588077907099,68.13588077907099,Meaningful G5 Contributor,Standout starter at the Group of 5 level; high-end depth in Power 4.,Potential Day 3 Pick
202500471,Connor Carty,2025,IOL,0.8906,OL,62.099083,68.01942539577055,68.01942539577055,Meaningful G5 Contributor,Standout starter at the Group of 5 level; high-end depth in Power 4.,Potential Day 3 Pick
202500486,Logan Schram,2025,IOL,0.8894,OL,61.737587,67.10003627522434,67.10003627522434,Meaningful G5 Contributor,Standout starter at the Group of 5 level; high-end depth in Power 4.,Potential Day 3 Pick
202500502,Demetri Manning,2025,IOL,0.8886,OL,64.60845,73.37905696412969,73.37905696412969,Meaningful P4 Contributor,Reliable multi-year starter at the highest level of competition.,Potential Day 2 Pick
202500518,Kaden Strayhorn,2025,IOL,0.8875,OL,60.064,63.89170301558224,63.89170301558224,Meaningful G5 Contributor,Standout starter at the Group of 5 level; high-end depth in Power 4.,Potential Day 3 Pick
202500526,Keiton Jones,2025,IOL,0.8869,OL,61.022156,65.85978425482928,65.85978425482928,Meaningful G5 Contributor,Standout starter at the Group of 5 level; high-end depth in Power 4.,Potential Day 3 Pick
202500540,Ja'Elyne Matthews,2025,OT,0.8858,OL,64.53508,73.19694871659863,73.19694871659863,Meaningful P4 Contributor,Reliable multi-year starter at the highest level of competition.,Potential Day 2 Pick
202500542,Darius Afalava,2025,IOL,0.8858,OL,66.16025,77.16006569784375,77.16006569784375,Meaningful P4 Contributor,Reliable multi-year starter at the highest level of competition.,Potential Day 2 Pick
202500544,Michael Roeske,2025,OT,0.8853,OL,61.605965,66.85668231876433,66.85668231876433,Meaningful G5 Contributor,Standout starter at the Group of 5 level; high-end depth in Power 4.,Potential Day 3 Pick
202500551,Kail Ellis,2025,IOL,0.885,OL,61.40753,66.52036981283614,66.52036981283614,Meaningful G5 Contributor,Standout starter at the Group of 5 level; high-end depth in Power 4.,Potential Day 3 Pick
202500556,Tyler Thomas,2025,IOL,0.8844,OL,64.26624,72.66972084328725,72.66972084328725,Meaningful P4 Contributor,Reliable multi-year starter at the highest level of competition.,Potential Day 2 Pick
202500561,N-Kye Wynn,2025,IOL,0.8844,OL,63.488514,70.9342488653566,70.9342488653566,Meaningful P4 Contributor,Reliable multi-year starter at the highest level of competition.,Potential Day 2 Pick
202500565,Brett Bordelon,2025,OT,0.8842,OL,62.58753,69.06263205040902,69.06263205040902,Meaningful G5 Contributor,Standout starter at the Group of 5 level; high-end depth in Power 4.,Potential Day 3 Pick
202500567,Austin Pay,2025,OT,0.8842,OL,60.270634,64.2083469319074,64.2083469319074,Meaningful G5 Contributor,Standout starter at the Group of 5 level; high-end depth in Power 4.,Potential Day 3 Pick
202500571,Will Tompkins,2025,OT,0.8837,OL,62.835434,69.60331975008377,69.60331975008377,Meaningful G5 Contributor,Standout starter at the Group of 5 level; high-end depth in Power 4.,Potential Day 3 Pick
202500577,Manamo'ui Muti,2025,OT,0.8836,OL,61.934868,67.5942881563758,67.5942881563758,Meaningful G5 Contributor,Standout starter at the Group of 5 level; high-end depth in Power 4.,Potential Day 3 Pick
202500578,Antoni Ogumoro,2025,IOL,0.8836,OL,57.91202,59.38871854163605,59.38871854163605,Multi-Year Starter,Consistent career presence; reliable rotational player or specialist.,nan
202500579,Jahari Medlock,2025,OT,0.8834,OL,61.52791,66.73779679874649,66.73779679874649,Meaningful G5 Contributor,Standout starter at the Group of 5 level; high-end depth in Power 4.,Potential Day 3 Pick
202500585,Shawn Hammerbeck,2025,OT,0.8831,OL,62.991028,69.94925221465748,69.94925221465748,Meaningful G5 Contributor,Standout starter at the Group of 5 level; high-end depth in Power 4.,Potential Day 3 Pick
202500594,Rowan Byrne,2025,OT,0.8825,OL,61.816174,67.29544342989968,67.29544342989968,Meaningful G5 Contributor,Standout starter at the Group of 5 level; high-end depth in Power 4.,Potential Day 3 Pick
202500598,Cam Clark,2025,OT,0.8825,OL,59.05391,61.930785902844775,61.930785902844775,Meaningful G5 Contributor,Standout starter at the Group of 5 level; high-end depth in Power 4.,Potential Day 3 Pick
202500599,Elijah Vaikona,2025,OT,0.8825,OL,60.49048,64.59803204429076,64.59803204429076,Meaningful G5 Contributor,Standout starter at the Group of 5 level; high-end depth in Power 4.,Potential Day 3 Pick
202500604,Connor Howes,2025,OT,0.8822,OL,60.07098,63.901376625473794,63.901376625473794,Meaningful G5 Contributor,Standout starter at the Group of 5 level; high-end depth in Power 4.,Potential Day 3 Pick
202500605,Jackson Christian,2025,IOL,0.8819,OL,59.43394,62.698623804067665,62.698623804067665,Meaningful G5 Contributor,Standout starter at the Group of 5 level; high-end depth in Power 4.,Potential Day 3 Pick
202500622,Garrison Blank,2025,OT,0.8811,OL,57.80613,59.06783315776193,59.06783315776193,Multi-Year Starter,Consistent career presence; reliable rotational player or specialist.,nan
202500623,Lucas Allgeyer,2025,IOL,0.8811,OL,61.915062,67.54411503402935,67.54411503402935,Meaningful G5 Contributor,Standout starter at the Group of 5 level; high-end depth in Power 4.,Potential Day 3 Pick
202500624,Josh Williams,2025,IOL,0.8811,OL,62.883312,69.70446163585625,69.70446163585625,Meaningful G5 Contributor,Standout starter at the Group of 5 level; high-end depth in Power 4.,Potential Day 3 Pick
202500638,Houston Ka'aha'aina-Torres,2025,IOL,0.8803,OL,59.773827,63.39441508661276,63.39441508661276,Meaningful G5 Contributor,Standout starter at the Group of 5 level; high-end depth in Power 4.,Potential Day 3 Pick
202500656,Trevor Bindel,2025,IOL,0.88,OL,59.76178,63.37148791137454,63.37148791137454,Meaningful G5 Contributor,Standout starter at the Group of 5 level; high-end depth in Power 4.,Potential Day 3 Pick
202500671,Brady O'Hara,2025,IOL,0.8794,OL,62.55411,68.98520215187956,68.98520215187956,Meaningful G5 Contributor,Standout starter at the Group of 5 level; high-end depth in Power 4.,Potential Day 3 Pick
202500696,Joshua Blackston,2025,IOL,0.8786,OL,59.702747,63.25653151172033,63.25653151172033,Meaningful G5 Contributor,Standout starter at the Group of 5 level; high-end depth in Power 4.,Potential Day 3 Pick
202500706,Jake Flores,2025,IOL,0.8778,OL,54.342335,48.92626681565833,48.92626681565833,Single Season Contributor,Late bloomer or one-year starter; limited career longevity.,nan
202500724,Michael Troutman III,2025,IOL,0.8772,OL,58.145218,59.81977853320576,59.81977853320576,Multi-Year Starter,Consistent career presence; reliable rotational player or specialist.,nan
202500747,Michael Gibbs,2025,IOL,0.8764,OL,62.462845,68.77968994980516,68.77968994980516,Meaningful G5 Contributor,Standout starter at the Group of 5 level; high-end depth in Power 4.,Potential Day 3 Pick
202500753,Gavin Crawford,2025,IOL,0.8761,OL,59.838577,63.51764683851066,63.51764683851066,Meaningful G5 Contributor,Standout starter at the Group of 5 level; high-end depth in Power 4.,Potential Day 3 Pick
202500756,Maki Stewart,2025,IOL,0.8761,OL,54.80938,50.77097969225989,50.77097969225989,Multi-Year Starter,Consistent career presence; reliable rotational player or specialist.,nan
202500759,Brock Heath,2025,IOL,0.8758,OL,61.833298,67.33802304823557,67.33802304823557,Meaningful G5 Contributor,Standout starter at the Group of 5 level; high-end depth in Power 4.,Potential Day 3 Pick
202500760,Kevin Peay Jr.,2025,IOL,0.8758,OL,58.24398,60.08508117803233,60.08508117803233,Meaningful G5 Contributor,Standout starter at the Group of 5 level; high-end depth in Power 4.,Potential Day 3 Pick
202500764,TJ Hedrick,2025,OT,0.8756,OL,62.68809,69.29288545893307,69.29288545893307,Meaningful G5 Contributor,Standout starter at the Group of 5 level; high-end depth in Power 4.,Potential Day 3 Pick
202500776,Will Kemna,2025,OT,0.8753,OL,58.353107,60.32239425428554,60.32239425428554,Meaningful G5 Contributor,Standout starter at the Group of 5 level; high-end depth in Power 4.,Potential Day 3 Pick
202500783,Nolan Davenport,2025,OT,0.875,OL,58.456898,60.5863102547194,60.5863102547194,Meaningful G5 Contributor,Standout starter at the Group of 5 level; high-end depth in Power 4.,Potential Day 3 Pick
202500784,Nick Hallock,2025,OT,0.875,OL,59.545532,62.91613869176106,62.91613869176106,Meaningful G5 Contributor,Standout starter at the Group of 5 level; high-end depth in Power 4.,Potential Day 3 Pick
202500791,Joey VanWetzinga,2025,IOL,0.8747,OL,62.72641,69.37361846746664,69.37361846746664,Meaningful G5 Contributor,Standout starter at the Group of 5 level; high-end depth in Power 4.,Potential Day 3 Pick
202500795,Jon Adair,2025,IOL,0.8744,OL,62.84095,69.6149414454884,69.6149414454884,Meaningful G5 Contributor,Standout starter at the Group of 5 level; high-end depth in Power 4.,Potential Day 3 Pick
202500798,Brian Tapu,2025,OT,0.8744,OL,56.481274,56.493216730051984,56.493216730051984,Multi-Year Starter,Consistent career presence; reliable rotational player or specialist.,nan
202500812,Jacobe' Ward,2025,IOL,0.8744,OL,57.86539,59.21907358104659,59.21907358104659,Multi-Year Starter,Consistent career presence; reliable rotational player or specialist.,nan
202500837,Lamar Williams,2025,OT,0.8736,OL,58.62545,60.987261618126404,60.987261618126404,Meaningful G5 Contributor,Standout starter at the Group of 5 level; high-end depth in Power 4.,Potential Day 3 Pick
202500838,Witten Van Hoy,2025,OT,0.8736,OL,57.969467,59.562842697315894,59.562842697315894,Multi-Year Starter,Consistent career presence; reliable rotational player or specialist.,nan
202500855,Jordan Fields,2025,OT,0.8731,OL,61.50941,66.70962380067364,66.70962380067364,Meaningful G5 Contributor,Standout starter at the Group of 5 level; high-end depth in Power 4.,Potential Day 3 Pick
202500856,Jaylan Beckley,2025,IOL,0.8728,OL,59.556225,62.936980801295284,62.936980801295284,Meaningful G5 Contributor,Standout starter at the Group of 5 level; high-end depth in Power 4.,Potential Day 3 Pick
202500862,LJ Prudhomme,2025,IOL,0.8728,OL,58.685722,61.254486970796655,61.254486970796655,Meaningful G5 Contributor,Standout starter at the Group of 5 level; high-end depth in Power 4.,Potential Day 3 Pick
202500865,Daniel Pierre-Louis,2025,IOL,0.8728,OL,60.432964,64.50172910215475,64.50172910215475,Meaningful G5 Contributor,Standout starter at the Group of 5 level; high-end depth in Power 4.,Potential Day 3 Pick
202500866,Zach Taylor,2025,IOL,0.8726,OL,58.0395,59.66522776874978,59.66522776874978,Multi-Year Starter,Consistent career presence; reliable rotational player or specialist.,nan
202500885,Will Saba,2025,IOL,0.8719,OL,59.631695,63.100996885364594,63.100996885364594,Meaningful G5 Contributor,Standout starter at the Group of 5 level; high-end depth in Power 4.,Potential Day 3 Pick
202500890,Kuol Kuol II,2025,OT,0.8717,OL,53.933704,46.462025052157806,46.462025052157806,Single Season Contributor,Late bloomer or one-year starter; limited career longevity.,nan
202500891,Jayden Elijah,2025,OT,0.8717,OL,57.597004,58.64359833407892,58.64359833407892,Multi-Year Starter,Consistent career presence; reliable rotational player or specialist.,nan
202500893,Jack Shaffer,2025,OT,0.8717,OL,62.476173,68.80461193990978,68.80461193990978,Meaningful G5 Contributor,Standout starter at the Group of 5 level; high-end depth in Power 4.,Potential Day 3 Pick
202500906,Cameron Gorin,2025,OT,0.8714,OL,62.889484,69.71848830853749,69.71848830853749,Meaningful G5 Contributor,Standout starter at the Group of 5 level; high-end depth in Power 4.,Potential Day 3 Pick
202500925,Michael McDonough,2025,IOL,0.8706,OL,62.87183,69.68000204320658,69.68000204320658,Meaningful G5 Contributor,Standout starter at the Group of 5 level; high-end depth in Power 4.,Potential Day 3 Pick
202500927,Jim Harris Jr.,2025,OT,0.8706,OL,60.291992,64.2479887542334,64.2479887542334,Meaningful G5 Contributor,Standout starter at the Group of 5 level; high-end depth in Power 4.,Potential Day 3 Pick
202500930,Drew Nichols,2025,IOL,0.8706,OL,54.75484,50.47003937372002,50.47003937372002,Multi-Year Starter,Consistent career presence; reliable rotational player or specialist.,nan
202500939,Gerrick Gordon Jr.,2025,IOL,0.8703,OL,58.90311,61.614874226447135,61.614874226447135,Meaningful G5 Contributor,Standout starter at the Group of 5 level; high-end depth in Power 4.,Potential Day 3 Pick
202500943,Jamin Brown,2025,IOL,0.8703,OL,58.41484,60.46996047502457,60.46996047502457,Meaningful G5 Contributor,Standout starter at the Group of 5 level; high-end depth in Power 4.,Potential Day 3 Pick
202500954,Jermiel Atkins,2025,OT,0.87,OL,57.662354,58.76646718534223,58.76646718534223,Multi-Year Starter,Consistent career presence; reliable rotational player or specialist.,nan
202500972,Juelz Baptiste,2025,OT,0.8697,OL,61.037506,65.88753294994619,65.88753294994619,Meaningful G5 Contributor,Standout starter at the Group of 5 level; high-end depth in Power 4.,Potential Day 3 Pick
202500973,Danilo Guberinich,2025,OT,0.8696,OL,60.873726,65.43130806973521,65.43130806973521,Meaningful G5 Contributor,Standout starter at the Group of 5 level; high-end depth in Power 4.,Potential Day 3 Pick
202500983,Gavin Blanchard,2025,IOL,0.8694,OL,58.723152,61.39919672007968,61.39919672007968,Meaningful G5 Contributor,Standout starter at the Group of 5 level; high-end depth in Power 4.,Potential Day 3 Pick
202501002,Jayden Clark,2025,IOL,0.8689,OL,58.983006,61.773137379915084,61.773137379915084,Meaningful G5 Contributor,Standout starter at the Group of 5 level; high-end depth in Power 4.,Potential Day 3 Pick
202501003,Spencer Dowland,2025,OT,0.8689,OL,58.643703,61.06819030879268,61.06819030879268,Meaningful G5 Contributor,Standout starter at the Group of 5 level; high-end depth in Power 4.,Potential Day 3 Pick
202501020,Jaishaun Offutt,2025,IOL,0.8683,OL,54.167095,47.9721443388997,47.9721443388997,Single Season Contributor,Late bloomer or one-year starter; limited career longevity.,nan
202501022,Mark Handy,2025,IOL,0.8682,OL,58.654907,61.11786378099474,61.11786378099474,Meaningful G5 Contributor,Standout starter at the Group of 5 level; high-end depth in Power 4.,Potential Day 3 Pick
202501030,Trey Blue,2025,IOL,0.8681,OL,57.530235,58.528618738988015,58.528618738988015,Multi-Year Starter,Consistent career presence; reliable rotational player or specialist.,nan
202501036,Sean Poret,2025,IOL,0.8681,OL,56.23278,55.59265242633699,55.59265242633699,Multi-Year Starter,Consistent career presence; reliable rotational player or specialist.,nan
202501037,Simona Fuailetolo,2025,OT,0.8681,OL,58.526638,60.76713740002469,60.76713740002469,Meaningful G5 Contributor,Standout starter at the Group of 5 level; high-end depth in Power 4.,Potential Day 3 Pick
202501058,Michael O'Connell,2025,OT,0.8672,OL,57.919746,59.41682153944313,59.41682153944313,Multi-Year Starter,Consistent career presence; reliable rotational player or specialist.,nan
202501059,Andrew Williams,2025,OT,0.8672,OL,56.06826,55.11201305469266,55.11201305469266,Multi-Year Starter,Consistent career presence; reliable rotational player or specialist.,nan
202501076,Carter Stallard,2025,OT,0.8664,OL,58.32998,60.274294080931135,60.274294080931135,Meaningful G5 Contributor,Standout starter at the Group of 5 level; high-end depth in Power 4.,Potential Day 3 Pick
202501085,Bryan J. Auguste,2025,IOL,0.8664,OL,57.9157,59.40209695639458,59.40209695639458,Multi-Year Starter,Consistent career presence; reliable rotational player or specialist.,nan
202501094,Jett Thomas,2025,OT,0.8658,OL,56.402813,56.15972917813761,56.15972917813761,Multi-Year Starter,Consistent career presence; reliable rotational player or specialist.,nan
202501097,Soren Shinofield,2025,OT,0.8658,OL,58.509365,60.72919296352193,60.72919296352193,Meaningful G5 Contributor,Standout starter at the Group of 5 level; high-end depth in Power 4.,Potential Day 3 Pick
202501098,Robert Smith IV,2025,IOL,0.8658,OL,56.169785,55.3953659667953,55.3953659667953,Multi-Year Starter,Consistent career presence; reliable rotational player or specialist.,nan
202501105,Shep Turk,2025,OT,0.8658,OL,59.762035,63.37197433339511,63.37197433339511,Meaningful G5 Contributor,Standout starter at the Group of 5 level; high-end depth in Power 4.,Potential Day 3 Pick
202501112,Demetrius Campbell,2025,OT,0.8656,OL,58.596394,60.9203732582158,60.9203732582158,Meaningful G5 Contributor,Standout starter at the Group of 5 level; high-end depth in Power 4.,Potential Day 3 Pick
202501116,Jaylen Pray,2025,OT,0.8653,OL,58.94128,61.68036503667492,61.68036503667492,Meaningful G5 Contributor,Standout starter at the Group of 5 level; high-end depth in Power 4.,Potential Day 3 Pick
202501117,Colter Alberding,2025,IOL,0.8652,OL,56.541702,56.66606731061764,56.66606731061764,Multi-Year Starter,Consistent career presence; reliable rotational player or specialist.,nan
202501126,Elias Gillen,2025,IOL,0.865,OL,56.411953,56.198577689144365,56.198577689144365,Multi-Year Starter,Consistent career presence; reliable rotational player or specialist.,nan
202501127,Jordan Reasonover,2025,OT,0.865,OL,60.647713,64.87493393945911,64.87493393945911,Meaningful G5 Contributor,Standout starter at the Group of 5 level; high-end depth in Power 4.,Potential Day 3 Pick
202501128,Drayton Knoll,2025,IOL,0.865,OL,57.974884,59.57076179974174,59.57076179974174,Multi-Year Starter,Consistent career presence; reliable rotational player or specialist.,nan
202501149,Kenneth Boston,2025,OT,0.8647,OL,57.90112,59.34905515016315,59.34905515016315,Multi-Year Starter,Consistent career presence; reliable rotational player or specialist.,nan
202501156,Willi Wascher,2025,IOL,0.8644,OL,56.46236,56.412828200180755,56.412828200180755,Multi-Year Starter,Consistent career presence; reliable rotational player or specialist.,nan
202501162,Kash Courtney,2025,IOL,0.8642,OL,56.798717,57.219885040292695,57.219885040292695,Multi-Year Starter,Consistent career presence; reliable rotational player or specialist.,nan
202501166,Chris Vigna,2025,IOL,0.8642,OL,56.729744,57.09318879404636,57.09318879404636,Multi-Year Starter,Consistent career presence; reliable rotational player or specialist.,nan
202501168,Emeka Ugorji,2025,OT,0.8642,OL,60.053074,63.87656355179567,63.87656355179567,Meaningful G5 Contributor,Standout starter at the Group of 5 level; high-end depth in Power 4.,Potential Day 3 Pick
202501170,Jayden Mann,2025,OT,0.8642,OL,59.639088,63.117179968467646,63.117179968467646,Meaningful G5 Contributor,Standout starter at the Group of 5 level; high-end depth in Power 4.,Potential Day 3 Pick
202501171,Abel Hoopii,2025,IOL,0.8642,OL,55.303123,52.82783860629719,52.82783860629719,Multi-Year Starter,Consistent career presence; reliable rotational player or specialist.,nan
202501172,Griffin Rousseau,2025,IOL,0.8639,OL,55.310596,52.849233459438004,52.849233459438004,Multi-Year Starter,Consistent career presence; reliable rotational player or specialist.,nan
202501179,Jimmy Bryson,2025,IOL,0.8639,OL,56.130493,55.284167007807596,55.284167007807596,Multi-Year Starter,Consistent career presence; reliable rotational player or specialist.,nan
202501180,Drew Hill,2025,IOL,0.8639,OL,49.64932,34.603902899424405,34.603902899424405,Partial Season Contributor,Rotational backup or special teams contributor; limited starts.,nan
202501181,Caleb Harris,2025,OT,0.8639,OL,58.29642,60.20450400588599,60.20450400588599,Meaningful G5 Contributor,Standout starter at the Group of 5 level; high-end depth in Power 4.,Potential Day 3 Pick
202501190,Matthew Parker,2025,OT,0.8639,OL,57.455597,58.403290078330045,58.403290078330045,Multi-Year Starter,Consistent career presence; reliable rotational player or specialist.,nan
202501209,Siosiua Latu-Finau,2025,OT,0.8633,OL,57.349693,58.21535708323905,58.21535708323905,Multi-Year Starter,Consistent career presence; reliable rotational player or specialist.,nan
202501214,Louis Akpa,2025,OT,0.8633,OL,60.191956,64.06901552738142,64.06901552738142,Meaningful G5 Contributor,Standout starter at the Group of 5 level; high-end depth in Power 4.,Potential Day 3 Pick
202501216,Garin Maley,2025,OT,0.8633,OL,60.54768,64.69408349254307,64.69408349254307,Meaningful G5 Contributor,Standout starter at the Group of 5 level; high-end depth in Power 4.,Potential Day 3 Pick
202501232,Andrew Stargel,2025,IOL,0.8631,OL,56.386044,56.09764331439502,56.09764331439502,Multi-Year Starter,Consistent career presence; reliable rotational player or specialist.,nan
202501235,Gradey Anthony,2025,IOL,0.8631,OL,59.401188,62.635164443491625,62.635164443491625,Meaningful G5 Contributor,Standout starter at the Group of 5 level; high-end depth in Power 4.,Potential Day 3 Pick
202501237,Eythan Thompson,2025,IOL,0.8631,OL,54.135494,47.75225084834066,47.75225084834066,Single Season Contributor,Late bloomer or one-year starter; limited career longevity.,nan
202501259,Peter Langi,2025,IOL,0.8622,OL,54.1858,48.06481450560221,48.06481450560221,Single Season Contributor,Late bloomer or one-year starter; limited career longevity.,nan
202501266,Jaquez Joiner,2025,IOL,0.8622,OL,57.398796,58.30715933494771,58.30715933494771,Multi-Year Starter,Consistent career presence; reliable rotational player or specialist.,nan
202501269,Daniel Shipp,2025,OT,0.8622,OL,56.428093,56.267178711710955,56.267178711710955,Multi-Year Starter,Consistent career presence; reliable rotational player or specialist.,nan
202501272,Harrison Cluff,2025,IOL,0.8619,OL,53.44146,43.97995986349088,43.97995986349088,Single Season Contributor,Late bloomer or one-year starter; limited career longevity.,nan
202501276,Tucker Kattus,2025,OT,0.8617,OL,56.019695,55.01207871504889,55.01207871504889,Multi-Year Starter,Consistent career presence; reliable rotational player or specialist.,nan
202501284,Justin Bell,2025,OT,0.8617,OL,55.633804,53.82002738622131,53.82002738622131,Multi-Year Starter,Consistent career presence; reliable rotational player or specialist.,nan
202501292,Devin Coleman,2025,IOL,0.8614,OL,52.047794,39.66513075987003,39.66513075987003,Partial Season Contributor,Rotational backup or special teams contributor; limited starts.,nan
202501295,Ryker Haff,2025,IOL,0.8614,OL,51.74149,38.9784198076477,38.9784198076477,Partial Season Contributor,Rotational backup or special teams contributor; limited starts.,nan
202501302,Dylan Villarouel,2025,IOL,0.8611,OL,53.768246,45.55621515408989,45.55621515408989,Single Season Contributor,Late bloomer or one-year starter; limited career longevity.,nan
202501307,Ben Howard,2025,IOL,0.8608,OL,55.95919,54.88757486137754,54.88757486137754,Multi-Year Starter,Consistent career presence; reliable rotational player or specialist.,nan
202501308,Blake Cherry,2025,OT,0.8608,OL,52.394924,40.580432127075454,40.580432127075454,Single Season Contributor,Late bloomer or one-year starter; limited career longevity.,nan
202501318,Nathan Pahanich,2025,OT,0.8606,OL,57.542206,58.54871898109906,58.54871898109906,Multi-Year Starter,Consistent career presence; reliable rotational player or specialist.,nan
202501321,Joshua Moses,2025,IOL,0.8603,OL,52.557713,41.03252239572787,41.03252239572787,Single Season Contributor,Late bloomer or one-year starter; limited career longevity.,nan
202501322,Byron Washington,2025,OT,0.8603,OL,55.147274,52.25793010755448,52.25793010755448,Multi-Year Starter,Consistent career presence; reliable rotational player or specialist.,nan
202501331,Grayson Reid,2025,IOL,0.86,OL,60.21655,64.1079644070033,64.1079644070033,Meaningful G5 Contributor,Standout starter at the Group of 5 level; high-end depth in Power 4.,Potential Day 3 Pick
202501341,Phillip Bowser,2025,IOL,0.86,OL,55.121582,52.16498081244815,52.16498081244815,Multi-Year Starter,Consistent career presence; reliable rotational player or specialist.,nan
202501353,Jake Normoyle,2025,IOL,0.86,OL,56.205387,55.50367607128773,55.50367607128773,Multi-Year Starter,Consistent career presence; reliable rotational player or specialist.,nan
202501362,Roman Womack,2025,OT,0.86,OL,58.53191,60.77871849791488,60.77871849791488,Meaningful G5 Contributor,Standout starter at the Group of 5 level; high-end depth in Power 4.,Potential Day 3 Pick
202501364,Trey Boyd,2025,IOL,0.86,OL,54.68818,50.16070004250939,50.16070004250939,Multi-Year Starter,Consistent career presence; reliable rotational player or specialist.,nan
202501366,Javian Goo,2025,IOL,0.86,OL,56.33015,55.91156241242518,55.91156241242518,Multi-Year Starter,Consistent career presence; reliable rotational player or specialist.,nan
202501368,Torian Chester,2025,IOL,0.86,OL,51.408287,38.2428634671538,38.2428634671538,Partial Season Contributor,Rotational backup or special teams contributor; limited starts.,nan
202501373,Cray Paich,2025,OT,0.86,OL,60.77104,65.1316972235956,65.1316972235956,Meaningful G5 Contributor,Standout starter at the Group of 5 level; high-end depth in Power 4.,Potential Day 3 Pick
202501378,Denell Nix Jr.,2025,IOL,0.86,OL,53.979183,46.72418386284443,46.72418386284443,Single Season Contributor,Late bloomer or one-year starter; limited career longevity.,nan
202501381,JD Rayner,2025,OT,0.86,OL,60.247974,64.16629077462638,64.16629077462638,Meaningful G5 Contributor,Standout starter at the Group of 5 level; high-end depth in Power 4.,Potential Day 3 Pick
202501386,Lance Johnson,2025,IOL,0.86,OL,54.159492,47.923718577820345,47.923718577820345,Single Season Contributor,Late bloomer or one-year starter; limited career longevity.,nan
202501404,Devinn Farris,2025,IOL,0.8592,OL,54.875507,51.09214661321443,51.09214661321443,Multi-Year Starter,Consistent career presence; reliable rotational player or specialist.,nan
202501406,Matt Marek,2025,IOL,0.8592,OL,59.744606,63.33880325560428,63.33880325560428,Meaningful G5 Contributor,Standout starter at the Group of 5 level; high-end depth in Power 4.,Potential Day 3 Pick
202501431,Jaden Wilkerson,2025,OT,0.8589,OL,57.03726,57.60951296492328,57.60951296492328,Multi-Year Starter,Consistent career presence; reliable rotational player or specialist.,nan
202501434,Chavez Thompson,2025,IOL,0.8589,OL,53.120354,42.45988638294374,42.45988638294374,Single Season Contributor,Late bloomer or one-year starter; limited career longevity.,nan
202501441,Eidan Buchanan,2025,OT,0.8583,OL,56.301373,55.81575335397169,55.81575335397169,Multi-Year Starter,Consistent career presence; reliable rotational player or specialist.,nan
202501442,Lowen Colman-Brusa,2025,OT,0.8583,OL,56.43816,56.30996720108776,56.30996720108776,Multi-Year Starter,Consistent career presence; reliable rotational player or specialist.,nan
202501452,Michael Klisiewicz,2025,OT,0.8583,OL,53.961613,46.62065642294516,46.62065642294516,Single Season Contributor,Late bloomer or one-year starter; limited career longevity.,nan
202501456,DJ Williams,2025,IOL,0.8583,OL,54.498825,49.38018899946928,49.38018899946928,Single Season Contributor,Late bloomer or one-year starter; limited career longevity.,nan
202501485,Owen Hollenbeck,2025,IOL,0.8572,OL,52.582424,41.10307699203058,41.10307699203058,Single Season Contributor,Late bloomer or one-year starter; limited career longevity.,nan
202501491,Amory Hills,2025,IOL,0.8572,OL,55.568993,53.63921588693102,53.63921588693102,Multi-Year Starter,Consistent career presence; reliable rotational player or specialist.,nan
202501493,Gabe Smith,2025,IOL,0.8572,OL,52.62934,41.22617210584546,41.22617210584546,Single Season Contributor,Late bloomer or one-year starter; limited career longevity.,nan
202501494,Ben Beymer,2025,OT,0.8572,OL,54.55813,49.70119095733781,49.70119095733781,Single Season Contributor,Late bloomer or one-year starter; limited career longevity.,nan
202501495,Kenneth McManus IV,2025,IOL,0.8572,OL,56.121433,55.25852647114781,55.25852647114781,Multi-Year Starter,Consistent career presence; reliable rotational player or specialist.,nan
202501497,Josiah Clemons,2025,OT,0.8572,OL,57.052338,57.64580969623648,57.64580969623648,Multi-Year Starter,Consistent career presence; reliable rotational player or specialist.,nan
202501509,Kahlil Stewart,2025,IOL,0.8567,OL,54.46882,49.282660111541766,49.282660111541766,Single Season Contributor,Late bloomer or one-year starter; limited career longevity.,nan
202501522,Sione Tohi,2025,IOL,0.8564,OL,45.429893,30.26813125673621,30.26813125673621,Partial Season Contributor,Rotational backup or special teams contributor; limited starts.,nan
202501523,Evan Parker,2025,IOL,0.8564,OL,55.05427,51.91345052338319,51.91345052338319,Multi-Year Starter,Consistent career presence; reliable rotational player or specialist.,nan
202501529,Takaylen Muex,2025,IOL,0.8564,OL,50.89549,36.85219849226032,36.85219849226032,Partial Season Contributor,Rotational backup or special teams contributor; limited starts.,nan
202501531,Kaveon Lee,2025,OT,0.8564,OL,56.767727,57.1681794784765,57.1681794784765,Multi-Year Starter,Consistent career presence; reliable rotational player or specialist.,nan
202501540,Losipini Tupou,2025,IOL,0.8558,OL,51.080776,37.38552659714285,37.38552659714285,Partial Season Contributor,Rotational backup or special teams contributor; limited starts.,nan
202501547,Rob Lapuaho,2025,OT,0.8558,OL,57.971245,59.565441501351415,59.565441501351415,Multi-Year Starter,Consistent career presence; reliable rotational player or specialist.,nan
202501549,Triston Pierre,2025,IOL,0.8558,OL,64.63708,73.45010512309159,73.45010512309159,Meaningful P4 Contributor,Reliable multi-year starter at the highest level of competition.,Potential Day 2 Pick
202501553,Vaea Ikakoula,2025,IOL,0.8556,OL,55.84867,54.59748354211019,54.59748354211019,Multi-Year Starter,Consistent career presence; reliable rotational player or specialist.,nan
202501554,Jaxon Griffin,2025,OT,0.8556,OL,58.962112,61.726683355054384,61.726683355054384,Meaningful G5 Contributor,Standout starter at the Group of 5 level; high-end depth in Power 4.,Potential Day 3 Pick
202501556,Baylor Wilkin,2025,IOL,0.8553,OL,57.06124,57.66724065269614,57.66724065269614,Multi-Year Starter,Consistent career presence; reliable rotational player or specialist.,nan
202501557,Maddox Conway,2025,OT,0.8552,OL,59.62524,63.08686800166472,63.08686800166472,Meaningful G5 Contributor,Standout starter at the Group of 5 level; high-end depth in Power 4.,Potential Day 3 Pick
202501558,Hayden Wright,2025,OT,0.8552,OL,58.75079,61.432319847448674,61.432319847448674,Meaningful G5 Contributor,Standout starter at the Group of 5 level; high-end depth in Power 4.,Potential Day 3 Pick
202501573,Skylar Harvey,2025,OT,0.855,OL,57.76825,58.98230185522823,58.98230185522823,Multi-Year Starter,Consistent career presence; reliable rotational player or specialist.,nan
202501581,Nick Spence,2025,OT,0.855,OL,56.004463,54.98073492287249,54.98073492287249,Multi-Year Starter,Consistent career presence; reliable rotational player or specialist.,nan
202501582,Cole Allen,2025,OT,0.855,OL,56.36168,56.016528195579745,56.016528195579745,Multi-Year Starter,Consistent career presence; reliable rotational player or specialist.,nan
202501594,Sam Brousseau,2025,OT,0.855,OL,59.949112,63.70907781639725,63.70907781639725,Meaningful G5 Contributor,Standout starter at the Group of 5 level; high-end depth in Power 4.,Potential Day 3 Pick
202501597,Antonio Johnson,2025,IOL,0.8547,OL,57.299614,58.12172905648086,58.12172905648086,Multi-Year Starter,Consistent career presence; reliable rotational player or specialist.,nan
202501598,Desean Bryant Jr.,2025,OT,0.8547,OL,61.210754,66.12743757070542,66.12743757070542,Meaningful G5 Contributor,Standout starter at the Group of 5 level; high-end depth in Power 4.,Potential Day 3 Pick
202501608,Matthew Hawn,2025,OT,0.8542,OL,61.11764,65.99849993004769,65.99849993004769,Meaningful G5 Contributor,Standout starter at the Group of 5 level; high-end depth in Power 4.,Potential Day 3 Pick
202501613,Stewart Taufa,2025,IOL,0.8539,OL,60.34173,64.3402998954169,64.3402998954169,Meaningful G5 Contributor,Standout starter at the Group of 5 level; high-end depth in Power 4.,Potential Day 3 Pick
202501615,Nehemiah Johnson,2025,IOL,0.8539,OL,53.23796,43.088162012914445,43.088162012914445,Single Season Contributor,Late bloomer or one-year starter; limited career longevity.,nan
202501617,Javion Antai,2025,IOL,0.8539,OL,56.512665,56.58867780513441,56.58867780513441,Multi-Year Starter,Consistent career presence; reliable rotational player or specialist.,nan
202501623,Breyden Turnage,2025,OT,0.8537,OL,48.639706,33.40581436042998,33.40581436042998,Partial Season Contributor,Rotational backup or special teams contributor; limited starts.,nan
202501629,Jackson Jones,2025,OT,0.8533,OL,56.39502,56.127526495007565,56.127526495007565,Multi-Year Starter,Consistent career presence; reliable rotational player or specialist.,nan
202501641,Roman Fina,2025,OT,0.8533,OL,62.454777,68.7653687599103,68.7653687599103,Meaningful G5 Contributor,Standout starter at the Group of 5 level; high-end depth in Power 4.,Potential Day 3 Pick
202501643,Jeremiah Kelly,2025,IOL,0.8533,OL,61.885803,67.4699956487448,67.4699956487448,Meaningful G5 Contributor,Standout starter at the Group of 5 level; high-end depth in Power 4.,Potential Day 3 Pick
202501646,Ashdon Wnetrzak,2025,OT,0.8531,OL,57.989132,59.591591269854796,59.591591269854796,Multi-Year Starter,Consistent career presence; reliable rotational player or specialist.,nan
202501659,Ren Brown,2025,IOL,0.8525,OL,60.674877,64.92404487384836,64.92404487384836,Meaningful G5 Contributor,Standout starter at the Group of 5 level; high-end depth in Power 4.,Potential Day 3 Pick
202501660,Anderson Kopp,2025,IOL,0.8525,OL,62.54799,68.971015509512,68.971015509512,Meaningful G5 Contributor,Standout starter at the Group of 5 level; high-end depth in Power 4.,Potential Day 3 Pick
202501661,Brandon Edozie,2025,OT,0.8525,OL,61.1094,65.98708998683736,65.98708998683736,Meaningful G5 Contributor,Standout starter at the Group of 5 level; high-end depth in Power 4.,Potential Day 3 Pick
202501662,Kardiear Shepherd,2025,OT,0.8525,OL,57.364372,58.24280076445214,58.24280076445214,Multi-Year Starter,Consistent career presence; reliable rotational player or specialist.,nan
202501678,Sione Perkins,2025,OT,0.8517,OL,62.702206,69.32262285381353,69.32262285381353,Meaningful G5 Contributor,Standout starter at the Group of 5 level; high-end depth in Power 4.,Potential Day 3 Pick
202501690,Akram Elnagmi,2025,OT,0.8517,OL,56.420006,56.23280523786525,56.23280523786525,Multi-Year Starter,Consistent career presence; reliable rotational player or specialist.,nan
202501701,Dominic Rijos,2025,IOL,0.8511,OL,57.39156,58.29363005655342,58.29363005655342,Multi-Year Starter,Consistent career presence; reliable rotational player or specialist.,nan
202501708,Thomas Dumais,2025,IOL,0.8511,OL,55.462208,53.303468540241504,53.303468540241504,Multi-Year Starter,Consistent career presence; reliable rotational player or specialist.,nan
202501709,Jahmir Davis,2025,OT,0.8511,OL,56.301086,55.81480085140223,55.81480085140223,Multi-Year Starter,Consistent career presence; reliable rotational player or specialist.,nan
202501715,Cade Wilhelmi,2025,IOL,0.8508,OL,54.172165,47.99726337857901,47.99726337857901,Single Season Contributor,Late bloomer or one-year starter; limited career longevity.,nan
202501725,Milz Asiata,2025,IOL,0.8508,OL,53.221863,43.03693242319731,43.03693242319731,Single Season Contributor,Late bloomer or one-year starter; limited career longevity.,nan
202501760,Gavin Bowlin,2025,OT,0.85,OL,54.58133,49.82404902920822,49.82404902920822,Single Season Contributor,Late bloomer or one-year starter; limited career longevity.,nan
202501770,Ben Stotts,2025,OT,0.85,OL,57.17596,57.89032135098182,57.89032135098182,Multi-Year Starter,Consistent career presence; reliable rotational player or specialist.,nan
202501773,A'marion Breland,2025,OT,0.85,OL,55.535255,53.54139212890579,53.54139212890579,Multi-Year Starter,Consistent career presence; reliable rotational player or specialist.,nan
202501802,Xavier Canales,2025,IOL,0.85,OL,54.120983,47.64856888316172,47.64856888316172,Single Season Contributor,Late bloomer or one-year starter; limited career longevity.,nan
202501811,Camp Lott,2025,OT,0.85,OL,61.500237,66.69565059787612,66.69565059787612,Meaningful G5 Contributor,Standout starter at the Group of 5 level; high-end depth in Power 4.,Potential Day 3 Pick
202501823,Jacob Maiava,2025,IOL,0.85,OL,56.700855,57.036153095222474,57.036153095222474,Multi-Year Starter,Consistent career presence; reliable rotational player or specialist.,nan
202501824,Kearius Bivens,2025,OT,0.85,OL,54.29655,48.65197027340299,48.65197027340299,Single Season Contributor,Late bloomer or one-year starter; limited career longevity.,nan
202501825,Braden Ellis,2025,OT,0.85,OL,56.99318,57.50341412092529,57.50341412092529,Multi-Year Starter,Consistent career presence; reliable rotational player or specialist.,nan
202501829,Devin White,2025,IOL,0.85,OL,54.33928,48.90796057250331,48.90796057250331,Single Season Contributor,Late bloomer or one-year starter; limited career longevity.,nan
202501841,Haston Crawford,2025,OT,0.85,OL,55.260902,52.68509532757951,52.68509532757951,Multi-Year Starter,Consistent career presence; reliable rotational player or specialist.,nan
202501847,Elliot Demaine,2025,IOL,0.85,OL,55.063927,51.95639348561266,51.95639348561266,Multi-Year Starter,Consistent career presence; reliable rotational player or specialist.,nan
202501848,Matai Jefferson,2025,IOL,0.8497,OL,52.661304,41.29637924983154,41.29637924983154,Single Season Contributor,Late bloomer or one-year starter; limited career longevity.,nan
202501849,Noah Thomas,2025,OT,0.8494,OL,53.66595,44.99508025671,44.99508025671,Single Season Contributor,Late bloomer or one-year starter; limited career longevity.,nan
202501854,Dallyn Grimes,2025,OT,0.8494,OL,62.317028,68.52085898823017,68.52085898823017,Meaningful G5 Contributor,Standout starter at the Group of 5 level; high-end depth in Power 4.,Potential Day 3 Pick
202501858,Jordan Tonga,2025,IOL,0.8492,OL,49.62828,34.57949054954069,34.57949054954069,Partial Season Contributor,Rotational backup or special teams contributor; limited starts.,nan
202501871,Woody Celucien,2025,IOL,0.8489,OL,52.987755,42.05340405594649,42.05340405594649,Single Season Contributor,Late bloomer or one-year starter; limited career longevity.,nan
202501881,Raphael Greene-Nyarko,2025,OT,0.8483,OL,62.11881,68.0712339820202,68.0712339820202,Meaningful G5 Contributor,Standout starter at the Group of 5 level; high-end depth in Power 4.,Potential Day 3 Pick
202501885,Kage Payne,2025,IOL,0.8483,OL,59.24093,62.33920816724242,62.33920816724242,Meaningful G5 Contributor,Standout starter at the Group of 5 level; high-end depth in Power 4.,Potential Day 3 Pick
202501889,Alema Iosua,2025,OT,0.8483,OL,56.517044,56.600349264973445,56.600349264973445,Multi-Year Starter,Consistent career presence; reliable rotational player or specialist.,nan
202501893,Thomas Barr,2025,IOL,0.8483,OL,61.286304,66.24471632843314,66.24471632843314,Meaningful G5 Contributor,Standout starter at the Group of 5 level; high-end depth in Power 4.,Potential Day 3 Pick
202501894,Nathan Kutufaris,2025,OT,0.8483,OL,60.15449,64.01710048763007,64.01710048763007,Meaningful G5 Contributor,Standout starter at the Group of 5 level; high-end depth in Power 4.,Potential Day 3 Pick
202501897,Toby Mealer,2025,IOL,0.8481,OL,58.513546,60.73837739426553,60.73837739426553,Meaningful G5 Contributor,Standout starter at the Group of 5 level; high-end depth in Power 4.,Potential Day 3 Pick
202501909,Ian Mayes,2025,IOL,0.8478,OL,60.908047,65.5524314773623,65.5524314773623,Meaningful G5 Contributor,Standout starter at the Group of 5 level; high-end depth in Power 4.,Potential Day 3 Pick
202501928,Liam Vaughan,2025,IOL,0.8469,OL,59.678276,63.20296366956034,63.20296366956034,Meaningful G5 Contributor,Standout starter at the Group of 5 level; high-end depth in Power 4.,Potential Day 3 Pick
202501931,Jacob Tracy,2025,OT,0.8469,OL,64.15328,72.48279534248199,72.48279534248199,Meaningful P4 Contributor,Reliable multi-year starter at the highest level of competition.,Potential Day 2 Pick
202501935,Rain Banick,2025,IOL,0.8467,OL,58.16396,59.86045779467657,59.86045779467657,Multi-Year Starter,Consistent career presence; reliable rotational player or specialist.,nan
202501951,RJ Lee,2025,OT,0.8458,OL,57.783375,59.01645408227215,59.01645408227215,Multi-Year Starter,Consistent career presence; reliable rotational player or specialist.,nan
202501957,Evan Scott,2025,IOL,0.8458,OL,56.151775,55.344397977923364,55.344397977923364,Multi-Year Starter,Consistent career presence; reliable rotational player or specialist.,nan
202501965,Gresham Perry,2025,IOL,0.8453,OL,58.14282,59.81627070544108,59.81627070544108,Multi-Year Starter,Consistent career presence; reliable rotational player or specialist.,nan
202501966,Sean Terrell,2025,OT,0.8453,OL,57.334087,58.18618034211566,58.18618034211566,Multi-Year Starter,Consistent career presence; reliable rotational player or specialist.,nan
202501971,Ameer Yasin,2025,OT,0.845,OL,55.30208,52.82484616639899,52.82484616639899,Multi-Year Starter,Consistent career presence; reliable rotational player or specialist.,nan
202501977,Paul Bowling,2025,OT,0.845,OL,56.566933,56.73331037279132,56.73331037279132,Multi-Year Starter,Consistent career presence; reliable rotational player or specialist.,nan
202501981,Kalvin Janssen,2025,IOL,0.845,OL,57.05011,57.64044736608548,57.64044736608548,Multi-Year Starter,Consistent career presence; reliable rotational player or specialist.,nan
202501982,Cooper Lawson,2025,OT,0.845,OL,54.581657,49.82508265959536,49.82508265959536,Single Season Contributor,Late bloomer or one-year starter; limited career longevity.,nan
202501983,KJ Kotalik,2025,OT,0.845,OL,58.865757,61.5701065710714,61.5701065710714,Meaningful G5 Contributor,Standout starter at the Group of 5 level; high-end depth in Power 4.,Potential Day 3 Pick
202501987,Daniil Starykh,2025,IOL,0.845,OL,54.066257,47.25755377473452,47.25755377473452,Single Season Contributor,Late bloomer or one-year starter; limited career longevity.,nan
202501989,Malcolm Polu Jr.,2025,IOL,0.845,OL,54.995705,51.652003712288966,51.652003712288966,Multi-Year Starter,Consistent career presence; reliable rotational player or specialist.,nan
202502006,Khalil Collins,2025,IOL,0.8444,OL,56.504444,56.56676840099406,56.56676840099406,Multi-Year Starter,Consistent career presence; reliable rotational player or specialist.,nan
202502013,Dylan Frechette,2025,IOL,0.8442,OL,58.30177,60.21562662555329,60.21562662555329,Meaningful G5 Contributor,Standout starter at the Group of 5 level; high-end depth in Power 4.,Potential Day 3 Pick
202502023,Landon Rapkiewicz,2025,IOL,0.8433,OL,57.777714,59.00367176072532,59.00367176072532,Multi-Year Starter,Consistent career presence; reliable rotational player or specialist.,nan
202502024,Lucas Barnes,2025,OT,0.8433,OL,54.09384,47.45464217910069,47.45464217910069,Single Season Contributor,Late bloomer or one-year starter; limited career longevity.,nan
202502028,Jay Gardenhire,2025,OT,0.8433,OL,55.626015,53.7982959511683,53.7982959511683,Multi-Year Starter,Consistent career presence; reliable rotational player or specialist.,nan
202502030,JJ Hirdes,2025,OT,0.8431,OL,55.67039,53.92209702069414,53.92209702069414,Multi-Year Starter,Consistent career presence; reliable rotational player or specialist.,nan
202502031,Spencer Beckeman,2025,OT,0.843,OL,56.003754,54.97927488146383,54.97927488146383,Multi-Year Starter,Consistent career presence; reliable rotational player or specialist.,nan
202502044,Arion Williams,2025,IOL,0.8425,OL,50.080853,35.11553288719843,35.11553288719843,Partial Season Contributor,Rotational backup or special teams contributor; limited starts.,nan
202502050,Jonah Leaupepetele,2025,OT,0.8419,OL,54.944733,51.42446171464414,51.42446171464414,Multi-Year Starter,Consistent career presence; reliable rotational player or specialist.,nan
202502054,Pherleski Martin,2025,IOL,0.8419,OL,55.57813,53.66470402941485,53.66470402941485,Multi-Year Starter,Consistent career presence; reliable rotational player or specialist.,nan
202502074,Delon Craft Jr.,2025,OT,0.8411,OL,57.17791,57.89397357266691,57.89397357266691,Multi-Year Starter,Consistent career presence; reliable rotational player or specialist.,nan
202502082,Sam Browder,2025,IOL,0.8411,OL,56.85842,57.29236644422009,57.29236644422009,Multi-Year Starter,Consistent career presence; reliable rotational player or specialist.,nan
202502083,Aidan Martin,2025,OT,0.8408,OL,60.24072,64.15282430810306,64.15282430810306,Meaningful G5 Contributor,Standout starter at the Group of 5 level; high-end depth in Power 4.,Potential Day 3 Pick
202502085,Daniel Boyd,2025,IOL,0.8408,OL,57.07445,57.69903816864292,57.69903816864292,Multi-Year Starter,Consistent career presence; reliable rotational player or specialist.,nan
202502088,D'Joni Scatliffe,2025,OT,0.8408,OL,55.257793,52.673320890971574,52.673320890971574,Multi-Year Starter,Consistent career presence; reliable rotational player or specialist.,nan
202502089,Nikolas Turner,2025,OT,0.8408,OL,54.384693,49.05298377339803,49.05298377339803,Single Season Contributor,Late bloomer or one-year starter; limited career longevity.,nan
202502098,Jackson Davenport,2025,OT,0.8404,OL,56.724606,57.083043925920684,57.083043925920684,Multi-Year Starter,Consistent career presence; reliable rotational player or specialist.,nan
202502102,Logan Cahill,2025,IOL,0.8403,OL,57.60731,58.66297791706377,58.66297791706377,Multi-Year Starter,Consistent career presence; reliable rotational player or specialist.,nan
202502103,Brandon Stoner,2025,IOL,0.8403,OL,57.264515,58.05610813370495,58.05610813370495,Multi-Year Starter,Consistent career presence; reliable rotational player or specialist.,nan
202502104,Brayden Walton,2025,OT,0.8403,OL,53.018555,42.128633154871075,42.128633154871075,Single Season Contributor,Late bloomer or one-year starter; limited career longevity.,nan
202502106,Xavier Spikes,2025,IOL,0.8403,OL,55.953285,54.87542354900862,54.87542354900862,Multi-Year Starter,Consistent career presence; reliable rotational player or specialist.,nan
202502112,Jonathan Ybarra,2025,IOL,0.84,OL,51.11903,37.49565802438538,37.49565802438538,Partial Season Contributor,Rotational backup or special teams contributor; limited starts.,nan
202502121,Evan Gaea,2025,IOL,0.84,OL,48.73177,33.51926564875861,33.51926564875861,Partial Season Contributor,Rotational backup or special teams contributor; limited starts.,nan
202502139,Kale Armstrong,2025,IOL,0.84,OL,54.996502,51.655562781104095,51.655562781104095,Multi-Year Starter,Consistent career presence; reliable rotational player or specialist.,nan
202502146,Kaden Mowl,2025,OT,0.84,OL,53.175068,42.814840276819005,42.814840276819005,Single Season Contributor,Late bloomer or one-year starter; limited career longevity.,nan
202502154,Kam Newhouse,2025,IOL,0.84,OL,58.179653,59.90451083367765,59.90451083367765,Multi-Year Starter,Consistent career presence; reliable rotational player or specialist.,nan
202502160,Micah Hach,2025,IOL,0.84,OL,57.275604,58.0768406652243,58.0768406652243,Multi-Year Starter,Consistent career presence; reliable rotational player or specialist.,nan
202502167,Donovan Lawrence,2025,IOL,0.84,OL,55.09094,52.05411790412014,52.05411790412014,Multi-Year Starter,Consistent career presence; reliable rotational player or specialist.,nan
202502175,Dylan Stewart,2025,IOL,0.84,OL,58.89495,61.605095017414385,61.605095017414385,Meaningful G5 Contributor,Standout starter at the Group of 5 level; high-end depth in Power 4.,Potential Day 3 Pick
202502188,Abu Fofanah,2025,OT,0.84,OL,56.703323,57.04102594576242,57.04102594576242,Multi-Year Starter,Consistent career presence; reliable rotational player or specialist.,nan
202502189,Kapono Mao,2025,IOL,0.84,OL,46.318256,31.020810366301625,31.020810366301625,Partial Season Contributor,Rotational backup or special teams contributor; limited starts.,nan
202502190,Sam Garcia,2025,IOL,0.84,OL,56.273823,55.72596207735705,55.72596207735705,Multi-Year Starter,Consistent career presence; reliable rotational player or specialist.,nan
202502198,Ace Robinson,2025,IOL,0.84,OL,51.04381,37.27910721840531,37.27910721840531,Partial Season Contributor,Rotational backup or special teams contributor; limited starts.,nan
202502205,Trevor Bigelow,2025,IOL,0.84,OL,61.571808,66.8046590098874,66.8046590098874,Meaningful G5 Contributor,Standout starter at the Group of 5 level; high-end depth in Power 4.,Potential Day 3 Pick
202502210,Logan Wegman,2025,IOL,0.84,OL,56.87855,57.31680477841758,57.31680477841758,Multi-Year Starter,Consistent career presence; reliable rotational player or specialist.,nan
202502220,Ike Turner,2025,OT,0.84,OL,51.720306,38.93675101944521,38.93675101944521,Partial Season Contributor,Rotational backup or special teams contributor; limited starts.,nan
202502221,Connor Coffman,2025,OT,0.84,OL,51.207237,37.74960387521594,37.74960387521594,Partial Season Contributor,Rotational backup or special teams contributor; limited starts.,nan
202502224,Sam Spicer,2025,OT,0.84,OL,51.207237,37.74960387521594,37.74960387521594,Partial Season Contributor,Rotational backup or special teams contributor; limited starts.,nan
202502225,Jonathan Gould,2025,OT,0.84,OL,61.812477,67.28625215118116,67.28625215118116,Meaningful G5 Contributor,Standout starter at the Group of 5 level; high-end depth in Power 4.,Potential Day 3 Pick
202502226,Tay McKibbins,2025,IOL,0.84,OL,55.890846,54.72388348393313,54.72388348393313,Multi-Year Starter,Consistent career presence; reliable rotational player or specialist.,nan
202502230,Evan Odom,2025,OT,0.84,OL,51.950447,39.38945730294173,39.38945730294173,Partial Season Contributor,Rotational backup or special teams contributor; limited starts.,nan
202502233,Johnathan Bush,2025,IOL,0.84,OL,58.323875,60.261600649071156,60.261600649071156,Meaningful G5 Contributor,Standout starter at the Group of 5 level; high-end depth in Power 4.,Potential Day 3 Pick
202502237,Garrett Cooper,2025,IOL,0.84,OL,57.371937,58.256943389152134,58.256943389152134,Multi-Year Starter,Consistent career presence; reliable rotational player or specialist.,nan
202502239,Ian Bothwell,2025,IOL,0.84,OL,55.48112,53.3650709817579,53.3650709817579,Multi-Year Starter,Consistent career presence; reliable rotational player or specialist.,nan
202502241,Garrett Austin,2025,OT,0.84,OL,53.46275,44.118129484550664,44.118129484550664,Single Season Contributor,Late bloomer or one-year starter; limited career longevity.,nan
202502246,Turner Bertrand,2025,OT,0.8397,OL,54.63898,50.005691541311776,50.005691541311776,Multi-Year Starter,Consistent career presence; reliable rotational player or specialist.,nan
202502256,Jaiden Brown-Demery,2025,IOL,0.8392,OL,57.455013,58.40231004740494,58.40231004740494,Multi-Year Starter,Consistent career presence; reliable rotational player or specialist.,nan
202502264,Jatorian Blackmon,2025,IOL,0.8386,OL,56.29283,55.78770405997932,55.78770405997932,Multi-Year Starter,Consistent career presence; reliable rotational player or specialist.,nan
202502268,Trent Wilson,2025,IOL,0.8386,OL,58.723816,61.39999222375977,61.39999222375977,Meaningful G5 Contributor,Standout starter at the Group of 5 level; high-end depth in Power 4.,Potential Day 3 Pick
202502288,Antonio Gibbs,2025,OT,0.8378,OL,53.255463,43.143859017090335,43.143859017090335,Single Season Contributor,Late bloomer or one-year starter; limited career longevity.,nan
202502289,Ervin Smith,2025,IOL,0.8378,OL,56.18663,55.443041170959354,55.443041170959354,Multi-Year Starter,Consistent career presence; reliable rotational player or specialist.,nan
202502293,Mi-Quane Williams,2025,IOL,0.837,OL,56.897476,57.3397796838475,57.3397796838475,Multi-Year Starter,Consistent career presence; reliable rotational player or specialist.,nan
202502312,Brady Smith,2025,IOL,0.8367,OL,52.656742,41.28635803677421,41.28635803677421,Single Season Contributor,Late bloomer or one-year starter; limited career longevity.,nan
202502322,Korbin Ashmore,2025,IOL,0.8363,OL,46.79099,31.42134028086577,31.42134028086577,Partial Season Contributor,Rotational backup or special teams contributor; limited starts.,nan
202502325,Miguel Chavez,2025,IOL,0.8361,OL,52.686535,41.35179756351144,41.35179756351144,Single Season Contributor,Late bloomer or one-year starter; limited career longevity.,nan
202502329,Logan Husband,2025,IOL,0.8358,OL,54.293842,48.635743765737494,48.635743765737494,Single Season Contributor,Late bloomer or one-year starter; limited career longevity.,nan
202502341,Bryce Vaughn,2025,OT,0.835,OL,59.679447,63.205527243612266,63.205527243612266,Meaningful G5 Contributor,Standout starter at the Group of 5 level; high-end depth in Power 4.,Potential Day 3 Pick
202502344,Xander McCormick,2025,IOL,0.835,OL,54.158676,47.9178857858781,47.9178857858781,Single Season Contributor,Late bloomer or one-year starter; limited career longevity.,nan
202502345,Jakoby Isom,2025,IOL,0.835,OL,55.623272,53.790644187307805,53.790644187307805,Multi-Year Starter,Consistent career presence; reliable rotational player or specialist.,nan
202502349,Dane Schmidtknecht,2025,OT,0.835,OL,54.74808,50.43195153603026,50.43195153603026,Multi-Year Starter,Consistent career presence; reliable rotational player or specialist.,nan
202502352,Mataio Aiono,2025,IOL,0.835,OL,56.501984,56.560210829917246,56.560210829917246,Multi-Year Starter,Consistent career presence; reliable rotational player or specialist.,nan
202502356,Zane Panchula,2025,OT,0.835,OL,54.151096,47.863728040134,47.863728040134,Single Season Contributor,Late bloomer or one-year starter; limited career longevity.,nan
202502357,Jackson Ramsey,2025,IOL,0.835,OL,55.148453,52.262194596372275,52.262194596372275,Multi-Year Starter,Consistent career presence; reliable rotational player or specialist.,nan
202502362,Kyle Larkin,2025,OT,0.8344,OL,49.237526,34.1260626895247,34.1260626895247,Partial Season Contributor,Rotational backup or special teams contributor; limited starts.,nan
202502364,Kendall Walton,2025,OT,0.8344,OL,54.67367,50.114991945273246,50.114991945273246,Multi-Year Starter,Consistent career presence; reliable rotational player or specialist.,nan
202502366,Parker Cunningham,2025,IOL,0.8344,OL,55.244137,52.621600052865546,52.621600052865546,Multi-Year Starter,Consistent career presence; reliable rotational player or specialist.,nan
202502368,Joe McGann,2025,OT,0.8344,OL,52.89447,41.82555511055363,41.82555511055363,Single Season Contributor,Late bloomer or one-year starter; limited career longevity.,nan
202502380,Ameer Ross,2025,IOL,0.8337,OL,51.849926,39.19172378269613,39.19172378269613,Partial Season Contributor,Rotational backup or special teams contributor; limited starts.,nan
202502388,Otto Janse Van Rensburg,2025,IOL,0.8337,OL,54.158676,47.9178857858781,47.9178857858781,Single Season Contributor,Late bloomer or one-year starter; limited career longevity.,nan
202502389,Preston Perkins,2025,IOL,0.8337,OL,55.382484,53.05504561229078,53.05504561229078,Multi-Year Starter,Consistent career presence; reliable rotational player or specialist.,nan
202502392,Cole Cooke,2025,OT,0.8336,OL,52.014297,39.56841438380777,39.56841438380777,Partial Season Contributor,Rotational backup or special teams contributor; limited starts.,nan
202502394,Tamarley Smith,2025,IOL,0.8336,OL,53.46576,44.134861000110604,44.134861000110604,Single Season Contributor,Late bloomer or one-year starter; limited career longevity.,nan
202502395,Jonathan Stokes,2025,IOL,0.8336,OL,56.395035,56.127577295144604,56.127577295144604,Multi-Year Starter,Consistent career presence; reliable rotational player or specialist.,nan
202502404,Ikbahl Kassim,2025,IOL,0.8328,OL,50.3258,35.56055157237909,35.56055157237909,Partial Season Contributor,Rotational backup or special teams contributor; limited starts.,nan
202502425,Chase Duarte,2025,OT,0.8311,OL,54.425144,49.16342171334616,49.16342171334616,Single Season Contributor,Late bloomer or one-year starter; limited career longevity.,nan
202502429,Tommy Olsen,2025,IOL,0.8311,OL,54.7603,50.50079766702366,50.50079766702366,Multi-Year Starter,Consistent career presence; reliable rotational player or specialist.,nan
202502442,Caleb Watts,2025,OT,0.8306,OL,55.547512,53.57928948595964,53.57928948595964,Multi-Year Starter,Consistent career presence; reliable rotational player or specialist.,nan
202502449,Jack Sheehan,2025,IOL,0.8304,OL,54.9434,51.41851858059399,51.41851858059399,Multi-Year Starter,Consistent career presence; reliable rotational player or specialist.,nan
202502452,Kentez Allen,2025,IOL,0.8304,OL,54.480846,49.31549779775984,49.31549779775984,Single Season Contributor,Late bloomer or one-year starter; limited career longevity.,nan
202502462,Dan'tay Ward Jr.,2025,IOL,0.8304,OL,53.411945,43.788413839814204,43.788413839814204,Single Season Contributor,Late bloomer or one-year starter; limited career longevity.,nan
202502463,Ryder Slaton,2025,OT,0.8304,OL,54.44662,49.22205671918434,49.22205671918434,Single Season Contributor,Late bloomer or one-year starter; limited career longevity.,nan
202502468,Robert McMillian,2025,IOL,0.83,OL,54.332703,48.86855986938315,48.86855986938315,Single Season Contributor,Late bloomer or one-year starter; limited career longevity.,nan
202502474,Tommy Lamberti,2025,OT,0.83,OL,64.950066,74.2882231760529,74.2882231760529,Meaningful P4 Contributor,Reliable multi-year starter at the highest level of competition.,Potential Day 2 Pick
202502475,Weston Hancock,2025,OT,0.83,OL,55.61684,53.77270138637765,53.77270138637765,Multi-Year Starter,Consistent career presence; reliable rotational player or specialist.,nan
202502483,Marko Luera,2025,OT,0.83,OL,52.780396,41.55796139902612,41.55796139902612,Single Season Contributor,Late bloomer or one-year starter; limited career longevity.,nan
202502484,Zion Finau,2025,IOL,0.83,OL,57.124786,57.79444159774221,57.79444159774221,Multi-Year Starter,Consistent career presence; reliable rotational player or specialist.,nan
202502488,Louis Snell,2025,IOL,0.83,OL,52.56287,41.047247590880886,41.047247590880886,Single Season Contributor,Late bloomer or one-year starter; limited career longevity.,nan
202502495,Michael Smith,2025,OT,0.83,OL,54.334682,48.88042121794427,48.88042121794427,Single Season Contributor,Late bloomer or one-year starter; limited career longevity.,nan
202502496,Avery Huggins,2025,IOL,0.83,OL,56.653732,56.94311704774175,56.94311704774175,Multi-Year Starter,Consistent career presence; reliable rotational player or specialist.,nan
202502503,Kevin Wojciechowski,2025,OT,0.83,OL,56.966724,57.43973645038214,57.43973645038214,Multi-Year Starter,Consistent career presence; reliable rotational player or specialist.,nan
202502504,Jeremiah Stallworth,2025,IOL,0.83,OL,51.81732,39.12758851657571,39.12758851657571,Partial Season Contributor,Rotational backup or special teams contributor; limited starts.,nan
202502507,James Nellis,2025,IOL,0.83,OL,58.31091,60.23463503976361,60.23463503976361,Meaningful G5 Contributor,Standout starter at the Group of 5 level; high-end depth in Power 4.,Potential Day 3 Pick
202502539,Brandon Taylor,2025,OT,0.83,OL,53.9629,46.62823105326345,46.62823105326345,Single Season Contributor,Late bloomer or one-year starter; limited career longevity.,nan
202502545,Spencer Evans,2025,OT,0.83,OL,56.495956,56.54414732247328,56.54414732247328,Multi-Year Starter,Consistent career presence; reliable rotational player or specialist.,nan
202502552,Graysen Lee,2025,OT,0.83,OL,54.336006,48.88835163788782,48.88835163788782,Single Season Contributor,Late bloomer or one-year starter; limited career longevity.,nan
202502553,Joel Perez,2025,OT,0.83,OL,52.32941,40.4201501656893,40.4201501656893,Single Season Contributor,Late bloomer or one-year starter; limited career longevity.,nan
202502554,Luke Harris,2025,IOL,0.83,OL,59.20276,62.25766601939719,62.25766601939719,Meaningful G5 Contributor,Standout starter at the Group of 5 level; high-end depth in Power 4.,Potential Day 3 Pick
202502555,Ethan Thomas,2025,IOL,0.83,OL,51.452045,38.343024679777876,38.343024679777876,Partial Season Contributor,Rotational backup or special teams contributor; limited starts.,nan
202502558,Andrew Dudley,2025,IOL,0.83,OL,54.832405,50.88280914336353,50.88280914336353,Multi-Year Starter,Consistent career presence; reliable rotational player or specialist.,nan
202502561,Max Patterson,2025,OT,0.83,OL,55.33165,52.90950818862848,52.90950818862848,Multi-Year Starter,Consistent career presence; reliable rotational player or specialist.,nan
202502564,Jorden Cunningham,2025,OT,0.83,OL,54.720913,50.278869380259096,50.278869380259096,Multi-Year Starter,Consistent career presence; reliable rotational player or specialist.,nan
202502565,Tyler Rindels,2025,IOL,0.83,OL,55.876347,54.68042778758102,54.68042778758102,Multi-Year Starter,Consistent career presence; reliable rotational player or specialist.,nan
202502566,Jason Ekperuoh,2025,IOL,0.83,OL,50.316723,35.544057078036445,35.544057078036445,Partial Season Contributor,Rotational backup or special teams contributor; limited starts.,nan
202502585,Markevian Blake,2025,IOL,0.83,OL,53.62099,44.78474858746751,44.78474858746751,Single Season Contributor,Late bloomer or one-year starter; limited career longevity.,nan
202502587,Jace Molden,2025,IOL,0.83,OL,55.302464,52.825949219062196,52.825949219062196,Multi-Year Starter,Consistent career presence; reliable rotational player or specialist.,nan
202502588,Jayden McAllister,2025,IOL,0.83,OL,55.202106,52.46242122765544,52.46242122765544,Multi-Year Starter,Consistent career presence; reliable rotational player or specialist.,nan
202502590,Kirk Gildon,2025,OT,0.83,OL,55.017223,51.74806451222269,51.74806451222269,Multi-Year Starter,Consistent career presence; reliable rotational player or specialist.,nan
202502593,Jacob Bailey,2025,OT,0.83,OL,54.349953,48.958136704451626,48.958136704451626,Single Season Contributor,Late bloomer or one-year starter; limited career longevity.,nan
202502601,Aidan Platt,2025,IOL,0.83,OL,54.38417,49.05155695354016,49.05155695354016,Single Season Contributor,Late bloomer or one-year starter; limited career longevity.,nan
202502606,Eli Dorton,2025,IOL,0.83,OL,52.825016,41.65596986819967,41.65596986819967,Single Season Contributor,Late bloomer or one-year starter; limited career longevity.,nan
202502608,Oliver Maldonado,2025,OT,0.83,OL,53.30838,43.312261118643946,43.312261118643946,Single Season Contributor,Late bloomer or one-year starter; limited career longevity.,nan
202502617,Erben Birkhoff,2025,IOL,0.8294,OL,55.79428,54.42793169159428,54.42793169159428,Multi-Year Starter,Consistent career presence; reliable rotational player or specialist.,nan
202502623,Eli Kaufman,2025,IOL,0.8289,OL,57.06445,57.674962775396466,57.674962775396466,Multi-Year Starter,Consistent career presence; reliable rotational player or specialist.,nan
202502628,Marcus McGregor,2025,IOL,0.8281,OL,55.127655,52.18695190046734,52.18695190046734,Multi-Year Starter,Consistent career presence; reliable rotational player or specialist.,nan
202502631,Zak Stoilov,2025,IOL,0.8278,OL,60.335083,64.32796625467894,64.32796625467894,Meaningful G5 Contributor,Standout starter at the Group of 5 level; high-end depth in Power 4.,Potential Day 3 Pick
202502634,Sione Netane,2025,IOL,0.8278,OL,53.527317,44.384214954630245,44.384214954630245,Single Season Contributor,Late bloomer or one-year starter; limited career longevity.,nan
202502636,Aidan Andrews,2025,IOL,0.8278,OL,54.134117,47.742411418942766,47.742411418942766,Single Season Contributor,Late bloomer or one-year starter; limited career longevity.,nan
202502644,Roberto Rodriguez,2025,IOL,0.827,OL,56.828773,57.256373506304065,57.256373506304065,Multi-Year Starter,Consistent career presence; reliable rotational player or specialist.,nan
202502653,Bo Bryan,2025,IOL,0.827,OL,53.58253,44.60787171472923,44.60787171472923,Single Season Contributor,Late bloomer or one-year starter; limited career longevity.,nan
202502665,Brandon Homady,2025,IOL,0.8264,OL,56.32574,55.896881172821224,55.896881172821224,Multi-Year Starter,Consistent career presence; reliable rotational player or specialist.,nan
202502668,Tariq Miller,2025,IOL,0.8263,OL,54.389755,49.06680413800678,49.06680413800678,Single Season Contributor,Late bloomer or one-year starter; limited career longevity.,nan
202502673,Ayden Annarino,2025,IOL,0.8256,OL,55.728783,54.11290086390401,54.11290086390401,Multi-Year Starter,Consistent career presence; reliable rotational player or specialist.,nan
202502675,Kaden Mayle,2025,OT,0.8256,OL,57.56645,58.58942549436091,58.58942549436091,Multi-Year Starter,Consistent career presence; reliable rotational player or specialist.,nan
202502678,Masyn Zahursky,2025,IOL,0.8256,OL,56.386784,56.100107121041354,56.100107121041354,Multi-Year Starter,Consistent career presence; reliable rotational player or specialist.,nan
202502681,Ibrahim Kebe,2025,OT,0.8256,OL,56.295303,55.79573311973032,55.79573311973032,Multi-Year Starter,Consistent career presence; reliable rotational player or specialist.,nan
202502682,Isiah Switzer,2025,IOL,0.8256,OL,54.470634,49.287617529442116,49.287617529442116,Single Season Contributor,Late bloomer or one-year starter; limited career longevity.,nan
202502686,Michael Dean,2025,IOL,0.8252,OL,55.20824,52.485652263318705,52.485652263318705,Multi-Year Starter,Consistent career presence; reliable rotational player or specialist.,nan
202502693,Andy Silverthorn,2025,OT,0.825,OL,56.133232,55.29191854689043,55.29191854689043,Multi-Year Starter,Consistent career presence; reliable rotational player or specialist.,nan
202502699,Tyler Meadows,2025,OT,0.825,OL,57.742416,58.92397174639054,58.92397174639054,Multi-Year Starter,Consistent career presence; reliable rotational player or specialist.,nan
202502703,Parker Harden,2025,OT,0.8244,OL,57.352356,58.220335173022505,58.220335173022505,Multi-Year Starter,Consistent career presence; reliable rotational player or specialist.,nan
202502706,Baylynn Williams,2025,IOL,0.8244,OL,54.98012,51.58244009453869,51.58244009453869,Multi-Year Starter,Consistent career presence; reliable rotational player or specialist.,nan
202502710,KJ Hallums,2025,IOL,0.8237,OL,56.020008,55.0127223892183,55.0127223892183,Multi-Year Starter,Consistent career presence; reliable rotational player or specialist.,nan
202502711,Kain McDonald,2025,IOL,0.8237,OL,53.835728,45.96714761548435,45.96714761548435,Single Season Contributor,Late bloomer or one-year starter; limited career longevity.,nan
202502713,Jacob Ferguson,2025,IOL,0.8237,OL,52.320248,40.397732716565656,40.397732716565656,Single Season Contributor,Late bloomer or one-year starter; limited career longevity.,nan
202502714,Tyler Roberts,2025,OT,0.8237,OL,52.127064,39.894007458944586,39.894007458944586,Partial Season Contributor,Rotational backup or special teams contributor; limited starts.,nan
202502719,Daniel Tuliau,2025,IOL,0.8237,OL,50.938488,36.97588337455149,36.97588337455149,Partial Season Contributor,Rotational backup or special teams contributor; limited starts.,nan
202502720,Jeremy Smith,2025,OT,0.8237,OL,54.302784,48.68931409526978,48.68931409526978,Single Season Contributor,Late bloomer or one-year starter; limited career longevity.,nan
202502722,Malik Watts,2025,OT,0.8237,OL,51.951164,39.39086802366603,39.39086802366603,Partial Season Contributor,Rotational backup or special teams contributor; limited starts.,nan
202502728,Tyler Folmar,2025,OT,0.8237,OL,53.648865,44.91514851171279,44.91514851171279,Single Season Contributor,Late bloomer or one-year starter; limited career longevity.,nan
202502735,Cade Channell,2025,OT,0.823,OL,53.692383,45.118734434224095,45.118734434224095,Single Season Contributor,Late bloomer or one-year starter; limited career longevity.,nan
202502739,Jonathan Stangl,2025,OT,0.8225,OL,54.728104,50.31938606990086,50.31938606990086,Multi-Year Starter,Consistent career presence; reliable rotational player or specialist.,nan
202502756,Nathan Tveit,2025,IOL,0.8204,OL,50.479267,35.839363970448275,35.839363970448275,Partial Season Contributor,Rotational backup or special teams contributor; limited starts.,nan
202502758,Jack Laird,2025,IOL,0.8204,OL,52.624973,41.21657821876298,41.21657821876298,Single Season Contributor,Late bloomer or one-year starter; limited career longevity.,nan
202502761,Gavin Jones,2025,OT,0.8204,OL,52.672394,41.32073683039813,41.32073683039813,Single Season Contributor,Late bloomer or one-year starter; limited career longevity.,nan
202502763,Jack Smoot,2025,IOL,0.8204,OL,53.922348,46.40466443352454,46.40466443352454,Single Season Contributor,Late bloomer or one-year starter; limited career longevity.,nan
202502774,Nicholas Maloff,2025,IOL,0.82,OL,49.905273,34.90091023218005,34.90091023218005,Partial Season Contributor,Rotational backup or special teams contributor; limited starts.,nan
202502777,Nate Thornton,2025,IOL,0.82,OL,55.531925,53.530545228654915,53.530545228654915,Multi-Year Starter,Consistent career presence; reliable rotational player or specialist.,nan
202502781,Jessie Wishon,2025,IOL,0.82,OL,51.069702,37.35364471308969,37.35364471308969,Partial Season Contributor,Rotational backup or special teams contributor; limited starts.,nan
202502782,Elias Shamieh,2025,IOL,0.82,OL,47.895466,32.48868004989964,32.48868004989964,Partial Season Contributor,Rotational backup or special teams contributor; limited starts.,nan
202502799,Blake Brown,2025,IOL,0.82,OL,59.191044,62.231965714841465,62.231965714841465,Meaningful G5 Contributor,Standout starter at the Group of 5 level; high-end depth in Power 4.,Potential Day 3 Pick
202502806,Kalvin Meadows,2025,OT,0.82,OL,47.632996,32.165235287595365,32.165235287595365,Partial Season Contributor,Rotational backup or special teams contributor; limited starts.,nan
202502814,Brady Ackerman,2025,OT,0.82,OL,54.988773,51.62106195134594,51.62106195134594,Multi-Year Starter,Consistent career presence; reliable rotational player or specialist.,nan
202502832,Ailama Morton,2025,OT,0.82,OL,53.131187,42.53016938221905,42.53016938221905,Single Season Contributor,Late bloomer or one-year starter; limited career longevity.,nan
202502845,Henry Hatada,2025,IOL,0.82,OL,50.728832,36.42299987679233,36.42299987679233,Partial Season Contributor,Rotational backup or special teams contributor; limited starts.,nan
202502857,Juan Pasillas-Stanton,2025,IOL,0.82,OL,49.81486,34.795996885925504,34.795996885925504,Partial Season Contributor,Rotational backup or special teams contributor; limited starts.,nan
202502861,Jubilee Siitia-Tasi,2025,IOL,0.82,OL,49.77966,34.75514880528599,34.75514880528599,Partial Season Contributor,Rotational backup or special teams contributor; limited starts.,nan
202502862,Rocky Ma’aele,2025,IOL,0.82,OL,48.22524,32.89506262110348,32.89506262110348,Partial Season Contributor,Rotational backup or special teams contributor; limited starts.,nan
202502872,Kaikoa Kanakaole,2025,IOL,0.82,OL,53.001152,42.086126943663004,42.086126943663004,Single Season Contributor,Late bloomer or one-year starter; limited career longevity.,nan
202502887,Noa Lemau,2025,IOL,0.82,OL,54.314762,48.761076396776346,48.761076396776346,Single Season Contributor,Late bloomer or one-year starter; limited career longevity.,nan
202502892,Aderian Adelabu,2025,OT,0.82,OL,51.136772,37.54673712970099,37.54673712970099,Partial Season Contributor,Rotational backup or special teams contributor; limited starts.,nan
202502907,Cameron Bell,2025,IOL,0.82,OL,52.776016,41.5483423751216,41.5483423751216,Single Season Contributor,Late bloomer or one-year starter; limited career longevity.,nan
202502908,Gavin Wilson,2025,OT,0.82,OL,53.737553,45.36685467659001,45.36685467659001,Single Season Contributor,Late bloomer or one-year starter; limited career longevity.,nan
202502909,Drake Lanham,2025,IOL,0.82,OL,55.68661,53.96734778555478,53.96734778555478,Multi-Year Starter,Consistent career presence; reliable rotational player or specialist.,nan
202502914,Preston Ward,2025,IOL,0.82,OL,54.92817,51.34791294397748,51.34791294397748,Multi-Year Starter,Consistent career presence; reliable rotational player or specialist.,nan
202502934,Warren Nolen,2025,IOL,0.8181,OL,54.470192,49.2864094191975,49.2864094191975,Single Season Contributor,Late bloomer or one-year starter; limited career longevity.,nan
202502939,Maddox Huber,2025,OT,0.817,OL,55.148174,52.261187128140236,52.261187128140236,Multi-Year Starter,Consistent career presence; reliable rotational player or specialist.,nan
202502940,Cameron Hill,2025,IOL,0.817,OL,55.583218,53.67890076514488,53.67890076514488,Multi-Year Starter,Consistent career presence; reliable rotational player or specialist.,nan
202502941,Graceson Spann,2025,OT,0.817,OL,55.2138,52.50670177759817,52.50670177759817,Multi-Year Starter,Consistent career presence; reliable rotational player or specialist.,nan
202502949,Jordan Kernaghan,2025,IOL,0.8163,OL,55.2994,52.81717940432403,52.81717940432403,Multi-Year Starter,Consistent career presence; reliable rotational player or specialist.,nan
202502959,Bo Cagle,2025,IOL,0.815,OL,54.48557,49.328391250198145,49.328391250198145,Single Season Contributor,Late bloomer or one-year starter; limited career longevity.,nan
202502966,Colin Banning,2025,IOL,0.8137,OL,54.46205,49.26418435659382,49.26418435659382,Single Season Contributor,Late bloomer or one-year starter; limited career longevity.,nan
202502967,Brayden Thompson,2025,OT,0.8137,OL,53.717655,45.24409749903105,45.24409749903105,Single Season Contributor,Late bloomer or one-year starter; limited career longevity.,nan
202502968,Hill Greenlee,2025,OT,0.8137,OL,55.18973,52.41555463580741,52.41555463580741,Multi-Year Starter,Consistent career presence; reliable rotational player or specialist.,nan
202502972,Vincent Giordano,2025,OT,0.813,OL,52.879707,41.78949657539904,41.78949657539904,Single Season Contributor,Late bloomer or one-year starter; limited career longevity.,nan
202502974,Jacob Wilk,2025,OT,0.813,OL,63.225594,70.3944855856995,70.3944855856995,Meaningful P4 Contributor,Reliable multi-year starter at the highest level of competition.,Potential Day 2 Pick
202502978,Ethan Kraatz,2025,IOL,0.8122,OL,55.40811,53.12841499636428,53.12841499636428,Multi-Year Starter,Consistent career presence; reliable rotational player or specialist.,nan
202502982,Cole Powell,2025,OT,0.8122,OL,56.675774,56.98663378718509,56.98663378718509,Multi-Year Starter,Consistent career presence; reliable rotational player or specialist.,nan
202502988,Cole Principe,2025,IOL,0.8104,OL,51.400986,38.22615101305543,38.22615101305543,Partial Season Contributor,Rotational backup or special teams contributor; limited starts.,nan
202502991,Filimone Fangupo,2025,IOL,0.8104,OL,57.614544,58.67657661778149,58.67657661778149,Multi-Year Starter,Consistent career presence; reliable rotational player or specialist.,nan
202502996,Zjohnel Wheaton,2025,OT,0.81,OL,53.435925,43.94403724744398,43.94403724744398,Single Season Contributor,Late bloomer or one-year starter; limited career longevity.,nan
202502997,Jaylen Pitts,2025,OT,0.81,OL,55.284985,52.7759077606185,52.7759077606185,Multi-Year Starter,Consistent career presence; reliable rotational player or specialist.,nan
202503005,Court Towns,2025,IOL,0.81,OL,54.821922,50.83189672924279,50.83189672924279,Multi-Year Starter,Consistent career presence; reliable rotational player or specialist.,nan
202503015,Matthew Perdue,2025,IOL,0.81,OL,51.88083,39.252512339013144,39.252512339013144,Partial Season Contributor,Rotational backup or special teams contributor; limited starts.,nan
202503016,Jace Eveland,2025,OT,0.81,OL,59.444473,62.71915361656284,62.71915361656284,Meaningful G5 Contributor,Standout starter at the Group of 5 level; high-end depth in Power 4.,Potential Day 3 Pick
202503033,Lincoln Semchenko,2025,IOL,0.81,OL,53.97481,46.69842562443267,46.69842562443267,Single Season Contributor,Late bloomer or one-year starter; limited career longevity.,nan
202503050,Michael Musquiz,2025,IOL,0.81,OL,54.581463,49.82446969273787,49.82446969273787,Single Season Contributor,Late bloomer or one-year starter; limited career longevity.,nan
202503054,Tru Kendrick,2025,OT,0.81,OL,58.075256,59.71749942159307,59.71749942159307,Multi-Year Starter,Consistent career presence; reliable rotational player or specialist.,nan
202503059,Leonardo Cocchiglia,2025,OT,0.81,OL,57.008495,57.54028014071343,57.54028014071343,Multi-Year Starter,Consistent career presence; reliable rotational player or specialist.,nan
202503070,Ned Zilinskas,2025,IOL,0.81,OL,55.79492,54.43101411320476,54.43101411320476,Multi-Year Starter,Consistent career presence; reliable rotational player or specialist.,nan
202503074,Vaughn Wirkus,2025,OT,0.81,OL,55.8778,54.68478364664709,54.68478364664709,Multi-Year Starter,Consistent career presence; reliable rotational player or specialist.,nan
202503075,Talon Smith,2025,IOL,0.81,OL,54.656227,50.06002925038477,50.06002925038477,Multi-Year Starter,Consistent career presence; reliable rotational player or specialist.,nan
202503076,Max Parciak,2025,IOL,0.81,OL,55.790874,54.41154715291476,54.41154715291476,Multi-Year Starter,Consistent career presence; reliable rotational player or specialist.,nan
202503078,Jack Heath,2025,OT,0.81,OL,55.65181,53.870258715041224,53.870258715041224,Multi-Year Starter,Consistent career presence; reliable rotational player or specialist.,nan
202503090,Matias Garcia,2025,IOL,0.81,OL,52.74785,41.48647227711548,41.48647227711548,Single Season Contributor,Late bloomer or one-year starter; limited career longevity.,nan
202503091,Luca Siamashvili,2025,OT,0.81,OL,67.10764,79.35044023915921,79.35044023915921,Meaningful P4 Contributor,Reliable multi-year starter at the highest level of competition.,Potential Day 2 Pick
202503095,Joakim Green,2025,OT,0.8096,OL,55.011288,51.721567330039235,51.721567330039235,Multi-Year Starter,Consistent career presence; reliable rotational player or specialist.,nan
202503098,Isiah Stoudemire,2025,IOL,0.8089,OL,55.85823,54.62613389071803,54.62613389071803,Multi-Year Starter,Consistent career presence; reliable rotational player or specialist.,nan
202503099,Jackson Dialls,2025,IOL,0.8089,OL,54.515762,49.47186844710445,49.47186844710445,Single Season Contributor,Late bloomer or one-year starter; limited career longevity.,nan
202503100,JoJo James,2025,IOL,0.8089,OL,50.996395,37.142596085514946,37.142596085514946,Partial Season Contributor,Rotational backup or special teams contributor; limited starts.,nan
202503106,Diego De La Cruz,2025,IOL,0.807,OL,52.95044,41.962260750808966,41.962260750808966,Single Season Contributor,Late bloomer or one-year starter; limited career longevity.,nan
202503112,Sankeerth Veluri,2025,IOL,0.805,OL,55.838284,54.56635229739385,54.56635229739385,Multi-Year Starter,Consistent career presence; reliable rotational player or specialist.,nan
202503120,Parker Brault,2025,IOL,0.8022,OL,61.486897,66.67533280570026,66.67533280570026,Meaningful G5 Contributor,Standout starter at the Group of 5 level; high-end depth in Power 4.,Potential Day 3 Pick
202503121,Tyler Chambers,2025,OT,0.8022,OL,62.609974,69.11464090006055,69.11464090006055,Meaningful G5 Contributor,Standout starter at the Group of 5 level; high-end depth in Power 4.,Potential Day 3 Pick
202503132,Sione Vailea,2025,IOL,0.8,OL,51.442513,38.32120418720116,38.32120418720116,Partial Season Contributor,Rotational backup or special teams contributor; limited starts.,nan
202503138,Jaezen Lewis,2025,OT,0.8,OL,55.12834,52.18943606871072,52.18943606871072,Multi-Year Starter,Consistent career presence; reliable rotational player or specialist.,nan
202503151,Jake Clapper,2025,IOL,0.8,OL,54.432102,49.182418205468515,49.182418205468515,Single Season Contributor,Late bloomer or one-year starter; limited career longevity.,nan
202503152,Michael Wagner,2025,IOL,0.8,OL,57.013992,57.55351150671958,57.55351150671958,Multi-Year Starter,Consistent career presence; reliable rotational player or specialist.,nan
202503157,Gavin Wang,2025,OT,0.8,OL,57.318726,58.157460044754664,58.157460044754664,Multi-Year Starter,Consistent career presence; reliable rotational player or specialist.,nan
202503166,Isaac Gainor,2025,OT,0.8,OL,56.256477,55.66962236333268,55.66962236333268,Multi-Year Starter,Consistent career presence; reliable rotational player or specialist.,nan
202503170,Max Harmer,2025,IOL,0.8,OL,55.748928,54.20979531940968,54.20979531940968,Multi-Year Starter,Consistent career presence; reliable rotational player or specialist.,nan
202503178,Reggie Terry,2025,IOL,0.8,OL,52.172234,40.0244275260159,40.0244275260159,Single Season Contributor,Late bloomer or one-year starter; limited career longevity.,nan
202503179,Nolan James,2025,OT,0.8,OL,55.946,54.86043065067231,54.86043065067231,Multi-Year Starter,Consistent career presence; reliable rotational player or specialist.,nan
202503184,Jaxon Moore,2025,OT,0.8,OL,54.46428,49.270266566790895,49.270266566790895,Single Season Contributor,Late bloomer or one-year starter; limited career longevity.,nan
202503187,Donte Green,2025,IOL,0.8,OL,60.98014,65.74760705264363,65.74760705264363,Meaningful G5 Contributor,Standout starter at the Group of 5 level; high-end depth in Power 4.,Potential Day 3 Pick
202503188,Jeremy McDowell,2025,IOL,0.8,OL,55.504894,53.44250269122345,53.44250269122345,Multi-Year Starter,Consistent career presence; reliable rotational player or specialist.,nan
202503191,Michael Gradle,2025,OT,0.8,OL,57.01745,57.561830464111374,57.561830464111374,Multi-Year Starter,Consistent career presence; reliable rotational player or specialist.,nan
202503192,Jared Smith,2025,OT,0.8,OL,56.784103,57.20051200918441,57.20051200918441,Multi-Year Starter,Consistent career presence; reliable rotational player or specialist.,nan
202503196,Quinlan Hyatt,2025,OT,0.8,OL,56.686947,57.008693415054516,57.008693415054516,Multi-Year Starter,Consistent career presence; reliable rotational player or specialist.,nan
202503204,Jake Marzich,2025,IOL,0.8,OL,55.331974,52.910436500275736,52.910436500275736,Multi-Year Starter,Consistent career presence; reliable rotational player or specialist.,nan
202503209,Forrest Carter,2025,OT,0.8,OL,53.25875,43.15432344987142,43.15432344987142,Single Season Contributor,Late bloomer or one-year starter; limited career longevity.,nan
202503210,Noel Ramsey,2025,OT,0.8,OL,58.91904,61.63396631476913,61.63396631476913,Meaningful G5 Contributor,Standout starter at the Group of 5 level; high-end depth in Power 4.,Potential Day 3 Pick
202503211,Nate Cross,2025,IOL,0.8,OL,54.915913,51.28838543794765,51.28838543794765,Multi-Year Starter,Consistent career presence; reliable rotational player or specialist.,nan
202503217,Tristan Cooke-Dennis,2025,OT,0.8,OL,56.609497,56.846751269031714,56.846751269031714,Multi-Year Starter,Consistent career presence; reliable rotational player or specialist.,nan
202503221,Ata Matau,2025,IOL,0.795,OL,49.920185,34.91821356412846,34.91821356412846,Partial Season Contributor,Rotational backup or special teams contributor; limited starts.,nan
202503222,Sean Murphy,2025,IOL,0.795,OL,54.637314,50.00043925667013,50.00043925667013,Multi-Year Starter,Consistent career presence; reliable rotational player or specialist.,nan
202503223,JR Hecklinski,2025,IOL,0.795,OL,56.096695,55.1885143110473,55.1885143110473,Multi-Year Starter,Consistent career presence; reliable rotational player or specialist.,nan
202503226,Jaxon Taylor,2025,IOL,0.7933,OL,54.443165,49.21262096158409,49.21262096158409,Single Season Contributor,Late bloomer or one-year starter; limited career longevity.,nan
202503238,Elmotie Williams,2025,IOL,0.79,OL,51.567783,38.60794414547523,38.60794414547523,Partial Season Contributor,Rotational backup or special teams contributor; limited starts.,nan
202503252,Karson Kinsinger,2025,OT,0.79,OL,60.783646,65.16088697613088,65.16088697613088,Meaningful G5 Contributor,Standout starter at the Group of 5 level; high-end depth in Power 4.,Potential Day 3 Pick
202503253,Xzavier Grabher,2025,IOL,0.79,OL,58.305195,60.22275081418471,60.22275081418471,Meaningful G5 Contributor,Standout starter at the Group of 5 level; high-end depth in Power 4.,Potential Day 3 Pick
202503263,Mitchell George,2025,OT,0.79,OL,52.776993,41.55048738393654,41.55048738393654,Single Season Contributor,Late bloomer or one-year starter; limited career longevity.,nan
202503287,Cade Draper,2025,IOL,0.79,OL,57.020203,57.56845992022272,57.56845992022272,Multi-Year Starter,Consistent career presence; reliable rotational player or specialist.,nan
202503288,JB Walters,2025,IOL,0.79,OL,55.34443,52.94609458884375,52.94609458884375,Multi-Year Starter,Consistent career presence; reliable rotational player or specialist.,nan
202503295,Bryce Hevesy,2025,OT,0.79,OL,54.017307,46.94881548124506,46.94881548124506,Single Season Contributor,Late bloomer or one-year starter; limited career longevity.,nan
202503298,Nick Purdy,2025,OT,0.79,OL,52.184345,40.05939785900732,40.05939785900732,Single Season Contributor,Late bloomer or one-year starter; limited career longevity.,nan
202503312,Ezra Meyer,2025,OT,0.79,OL,54.295223,48.64401699922328,48.64401699922328,Single Season Contributor,Late bloomer or one-year starter; limited career longevity.,nan
202503313,Barry Howard,2025,OT,0.79,OL,55.34007,52.933611527516575,52.933611527516575,Multi-Year Starter,Consistent career presence; reliable rotational player or specialist.,nan
202503321,Boston Crowell,2025,IOL,0.7844,OL,54.789143,50.66331580515702,50.66331580515702,Multi-Year Starter,Consistent career presence; reliable rotational player or specialist.,nan
202503328,Chance Johnson,2025,OT,0.78,OL,54.049026,47.13570880794121,47.13570880794121,Single Season Contributor,Late bloomer or one-year starter; limited career longevity.,nan
202503333,Trezelle Jenkins Jr.,2025,IOL,0.78,OL,54.213444,48.201787929647296,48.201787929647296,Single Season Contributor,Late bloomer or one-year starter; limited career longevity.,nan
202503336,Gabriel Haines,2025,IOL,0.78,OL,56.111584,55.23065115929283,55.23065115929283,Multi-Year Starter,Consistent career presence; reliable rotational player or specialist.,nan
202503338,Ace Simonson,2025,IOL,0.78,OL,56.153416,55.34904026456071,55.34904026456071,Multi-Year Starter,Consistent career presence; reliable rotational player or specialist.,nan
202503350,Zach Struempf,2025,IOL,0.78,OL,51.20424,37.74097171508305,37.74097171508305,Partial Season Contributor,Rotational backup or special teams contributor; limited starts.,nan
202503355,Jack Beardall,2025,IOL,0.78,OL,55.012844,51.72851517729556,51.72851517729556,Multi-Year Starter,Consistent career presence; reliable rotational player or specialist.,nan
202503359,Cooper Mansfield,2025,OT,0.78,OL,54.160145,47.928379360166716,47.928379360166716,Single Season Contributor,Late bloomer or one-year starter; limited career longevity.,nan
202503361,Petar Strbac,2025,IOL,0.78,OL,54.959896,51.49215213828118,51.49215213828118,Multi-Year Starter,Consistent career presence; reliable rotational player or specialist.,nan
202503366,Ryan McGarry,2025,IOL,0.78,OL,58.07893,59.72286991147764,59.72286991147764,Multi-Year Starter,Consistent career presence; reliable rotational player or specialist.,nan
202503375,Dylan Scott,2025,IOL,0.78,OL,55.610783,53.75580152405434,53.75580152405434,Multi-Year Starter,Consistent career presence; reliable rotational player or specialist.,nan
202503386,Greg Myles,2025,IOL,0.78,OL,54.614246,49.92776061770432,49.92776061770432,Single Season Contributor,Late bloomer or one-year starter; limited career longevity.,nan
202503387,Benjamin Sollis,2025,IOL,0.78,OL,55.58596,53.68655252900537,53.68655252900537,Multi-Year Starter,Consistent career presence; reliable rotational player or specialist.,nan
202503395,Frankie Rivera,2025,IOL,0.78,OL,56.135475,55.29826660396662,55.29826660396662,Multi-Year Starter,Consistent career presence; reliable rotational player or specialist.,nan
202503397,Lance Blakely,2025,IOL,0.78,OL,55.015434,51.74007789368539,51.74007789368539,Multi-Year Starter,Consistent career presence; reliable rotational player or specialist.,nan
202503399,Nick Savage,2025,IOL,0.78,OL,54.150154,47.85699579896702,47.85699579896702,Single Season Contributor,Late bloomer or one-year starter; limited career longevity.,nan
202503400,Jordan Fuifui,2025,IOL,0.78,OL,56.656975,56.94951878338156,56.94951878338156,Multi-Year Starter,Consistent career presence; reliable rotational player or specialist.,nan
202503415,Dylan Congdon,2025,OT,0.78,OL,57.51211,58.49818653686259,58.49818653686259,Multi-Year Starter,Consistent career presence; reliable rotational player or specialist.,nan
202503419,Tanner Rinderknecht,2025,IOL,0.78,OL,58.02902,59.64990263250596,59.64990263250596,Multi-Year Starter,Consistent career presence; reliable rotational player or specialist.,nan
202503424,Cameron Glenn,2025,IOL,0.78,OL,55.16931,52.33821898039357,52.33821898039357,Multi-Year Starter,Consistent career presence; reliable rotational player or specialist.,nan
202503425,Matt Murphy,2025,IOL,0.78,OL,61.267868,66.20652538077253,66.20652538077253,Meaningful G5 Contributor,Standout starter at the Group of 5 level; high-end depth in Power 4.,Potential Day 3 Pick
202503430,Bowen Gossett,2025,IOL,0.77,OL,53.780872,45.63411512681232,45.63411512681232,Single Season Contributor,Late bloomer or one-year starter; limited career longevity.,nan
202503433,Jojo Matautia,2025,IOL,0.77,OL,52.437454,40.689170489515625,40.689170489515625,Single Season Contributor,Late bloomer or one-year starter; limited career longevity.,nan
202503450,Avery Pavlak,2025,IOL,0.77,OL,53.982666,46.744705042312084,46.744705042312084,Single Season Contributor,Late bloomer or one-year starter; limited career longevity.,nan
202503457,Simon VanderWel,2025,IOL,0.77,OL,53.22241,43.03866840218535,43.03866840218535,Single Season Contributor,Late bloomer or one-year starter; limited career longevity.,nan
202503462,Rhett VanBoening,2025,IOL,0.77,OL,55.36226,52.99714080812918,52.99714080812918,Multi-Year Starter,Consistent career presence; reliable rotational player or specialist.,nan
202503463,Carter Briddell,2025,IOL,0.77,OL,48.185402,32.845971222909405,32.845971222909405,Partial Season Contributor,Rotational backup or special teams contributor; limited starts.,nan
202503466,Jevon Jones,2025,IOL,0.77,OL,52.549007,41.00766818319888,41.00766818319888,Single Season Contributor,Late bloomer or one-year starter; limited career longevity.,nan
202503467,Jimmy Bogle,2025,IOL,0.77,OL,52.02843,39.609222284196186,39.609222284196186,Partial Season Contributor,Rotational backup or special teams contributor; limited starts.,nan
202503484,Jacob Hoffman,2025,IOL,0.77,OL,52.447342,40.717401041169936,40.717401041169936,Single Season Contributor,Late bloomer or one-year starter; limited career longevity.,nan
202503488,Caleb Bowman,2025,IOL,0.77,OL,52.977085,42.027343145655166,42.027343145655166,Single Season Contributor,Late bloomer or one-year starter; limited career longevity.,nan
202503494,Jordan Miller,2025,OT,0.77,OL,51.259975,37.901435444983385,37.901435444983385,Partial Season Contributor,Rotational backup or special teams contributor; limited starts.,nan
202503495,Ben Konopka,2025,IOL,0.77,OL,54.581486,49.82454180648581,49.82454180648581,Single Season Contributor,Late bloomer or one-year starter; limited career longevity.,nan
202503501,Michael Dziadula,2025,IOL,0.77,OL,52.79477,41.58953324752112,41.58953324752112,Single Season Contributor,Late bloomer or one-year starter; limited career longevity.,nan
202503506,Ben Winters,2025,IOL,0.77,OL,54.49819,49.376761344445086,49.376761344445086,Single Season Contributor,Late bloomer or one-year starter; limited career longevity.,nan
202503508,Ryan Holmes,2025,IOL,0.77,OL,53.64292,44.887344613810214,44.887344613810214,Single Season Contributor,Late bloomer or one-year starter; limited career longevity.,nan
202503516,Erik Murray,2025,IOL,0.77,OL,52.583515,41.1061919371591,41.1061919371591,Single Season Contributor,Late bloomer or one-year starter; limited career longevity.,nan
202503517,Manan Raina,2025,IOL,0.77,OL,53.43447,43.93460477555296,43.93460477555296,Single Season Contributor,Late bloomer or one-year starter; limited career longevity.,nan
202503527,Connor Johnstone,2025,IOL,0.76,OL,50.13562,35.2150334986595,35.2150334986595,Partial Season Contributor,Rotational backup or special teams contributor; limited starts.,nan
202503539,Bryce Harriman,2025,IOL,0.76,OL,55.88022,54.69203197905626,54.69203197905626,Multi-Year Starter,Consistent career presence; reliable rotational player or specialist.,nan
202503541,Isaac Foster,2025,OT,0.76,OL,59.374123,62.58518206316295,62.58518206316295,Meaningful G5 Contributor,Standout starter at the Group of 5 level; high-end depth in Power 4.,Potential Day 3 Pick
202503546,JShawn Kennedy,2025,IOL,0.76,OL,53.591553,44.647031847984714,44.647031847984714,Single Season Contributor,Late bloomer or one-year starter; limited career longevity.,nan
202503550,Nolan Miller,2025,IOL,0.76,OL,54.90836,51.25170182078642,51.25170182078642,Multi-Year Starter,Consistent career presence; reliable rotational player or specialist.,nan
202503551,Dereon Sanders,2025,IOL,0.76,OL,52.80401,41.60982704185627,41.60982704185627,Single Season Contributor,Late bloomer or one-year starter; limited career longevity.,nan
202503553,Mike Misner,2025,OT,0.76,OL,52.923954,41.89756968890242,41.89756968890242,Single Season Contributor,Late bloomer or one-year starter; limited career longevity.,nan
202503554,Jacob Bellinger,2025,IOL,0.76,OL,54.00663,46.88590334397236,46.88590334397236,Single Season Contributor,Late bloomer or one-year starter; limited career longevity.,nan
202503560,Leronn Nelson,2025,OT,0.76,OL,49.715385,34.68056608847898,34.68056608847898,Partial Season Contributor,Rotational backup or special teams contributor; limited starts.,nan
202503565,Rex Salas,2025,OT,0.76,OL,49.631214,34.58289455626065,34.58289455626065,Partial Season Contributor,Rotational backup or special teams contributor; limited starts.,nan
202503566,Tyler Isaacson,2025,IOL,0.76,OL,55.413994,53.14643077131739,53.14643077131739,Multi-Year Starter,Consistent career presence; reliable rotational player or specialist.,nan
202503569,Albert Murillo,2025,IOL,0.76,OL,56.117043,55.24610025738132,55.24610025738132,Multi-Year Starter,Consistent career presence; reliable rotational player or specialist.,nan
202503571,Liam Albright,2025,IOL,0.76,OL,53.91284,46.356648759478816,46.356648759478816,Single Season Contributor,Late bloomer or one-year starter; limited career longevity.,nan
202503574,Hayden Volz,2025,IOL,0.76,OL,55.057144,51.926273388540096,51.926273388540096,Multi-Year Starter,Consistent career presence; reliable rotational player or specialist.,nan
202503578,Cooper Pyle,2025,OT,0.75,OL,53.51141,44.31977881468187,44.31977881468187,Single Season Contributor,Late bloomer or one-year starter; limited career longevity.,nan
202503584,Will Kowalewski,2025,OT,0.75,OL,44.404194,29.39909149076737,29.39909149076737,Partial Season Contributor,Rotational backup or special teams contributor; limited starts.,nan
202503586,Jackson Ritchie,2025,OT,0.75,OL,50.511166,35.897316475361386,35.897316475361386,Partial Season Contributor,Rotational backup or special teams contributor; limited starts.,nan
202503593,Carson Hein,2025,IOL,0.75,OL,49.412148,34.32869183336456,34.32869183336456,Partial Season Contributor,Rotational backup or special teams contributor; limited starts.,nan
202503595,John Hashem Saleh,2025,IOL,0.75,OL,50.585644,36.05423959410129,36.05423959410129,Partial Season Contributor,Rotational backup or special teams contributor; limited starts.,nan
202503598,Mason Wendt,2025,IOL,0.75,OL,52.577057,41.08775276896822,41.08775276896822,Single Season Contributor,Late bloomer or one-year starter; limited career longevity.,nan
202503606,Brennen Eliassen,2025,OT,0.75,OL,53.562878,44.528261404653925,44.528261404653925,Single Season Contributor,Late bloomer or one-year starter; limited career longevity.,nan
202503608,Lucas Tic,2025,IOL,0.75,OL,51.465668,38.374205543720045,38.374205543720045,Partial Season Contributor,Rotational backup or special teams contributor; limited starts.,nan
202503614,Jack Ryszetnyk,2025,IOL,0.75,OL,51.255444,37.88838836325581,37.88838836325581,Partial Season Contributor,Rotational backup or special teams contributor; limited starts.,nan
202503619,Charlie Young,2025,IOL,0.75,OL,52.123253,39.88300419511516,39.88300419511516,Partial Season Contributor,Rotational backup or special teams contributor; limited starts.,nan
202503626,Dawson LaPlante,2025,IOL,0.74,OL,48.996475,33.84546513282309,33.84546513282309,Partial Season Contributor,Rotational backup or special teams contributor; limited starts.,nan
202503629,Shawn Jones,2025,IOL,0.74,OL,48.60576,33.36398113697608,33.36398113697608,Partial Season Contributor,Rotational backup or special teams contributor; limited starts.,nan
202503632,Lazar Babic,2025,IOL,0.74,OL,51.90073,39.29165983911262,39.29165983911262,Partial Season Contributor,Rotational backup or special teams contributor; limited starts.,nan
202503635,Michael Varon,2025,IOL,0.74,OL,51.884476,39.25968600397291,39.25968600397291,Partial Season Contributor,Rotational backup or special teams contributor; limited starts.,nan
202503638,Seth Breuker,2025,IOL,0.73,OL,49.62804,34.57921167772878,34.57921167772878,Partial Season Contributor,Rotational backup or special teams contributor; limited starts.,nan
202503641,Tyler Methner,2025,IOL,0.73,OL,49.294674,34.1923766357818,34.1923766357818,Partial Season Contributor,Rotational backup or special teams contributor; limited starts.,nan
202503643,Christopher Biel,2025,IOL,0.73,OL,51.430866,38.294546338527,38.294546338527,Partial Season Contributor,Rotational backup or special teams contributor; limited starts.,nan
202503646,Nouha Diaite,2025,IOL,0.72,OL,50.174698,35.28602912893096,35.28602912893096,Partial Season Contributor,Rotational backup or special teams contributor; limited starts.,nan
202600004,Jackson Cantwell,2026,OT,0.999,OL,60.917156,65.57944309901303,65.57944309901303,Meaningful G5 Contributor,Standout starter at the Group of 5 level; high-end depth in Power 4.,Potential Day 3 Pick
202600013,Felix Ojo,2026,OT,0.9909,OL,66.118965,77.07613273041348,77.07613273041348,Meaningful P4 Contributor,Reliable multi-year starter at the highest level of competition.,Potential Day 2 Pick
202600016,Immanuel Iheanacho,2026,IOL,0.9903,OL,60.29983,64.26253848541397,64.26253848541397,Meaningful G5 Contributor,Standout starter at the Group of 5 level; high-end depth in Power 4.,Potential Day 3 Pick
202600019,Kodi Greene,2026,OT,0.9886,OL,60.716957,65.00643926008307,65.00643926008307,Meaningful G5 Contributor,Standout starter at the Group of 5 level; high-end depth in Power 4.,Potential Day 3 Pick
202600027,Kelvin Obot,2026,OT,0.9872,OL,70.31641,85.75542932855299,85.75542932855299,Elite Power 4,All-Conference/All-American honors.,First round NFL Draft talent
202600033,Ekene Ogboko,2026,OT,0.9838,OL,65.95125,76.68023533854543,76.68023533854543,Meaningful P4 Contributor,Reliable multi-year starter at the highest level of competition.,Potential Day 2 Pick
202600037,Darius Gray,2026,IOL,0.9819,OL,64.3026,72.74047436326413,72.74047436326413,Meaningful P4 Contributor,Reliable multi-year starter at the highest level of competition.,Potential Day 2 Pick
202600051,Sam Greer,2026,OT,0.9755,OL,68.174385,81.12316998301684,81.12316998301684,Elite Power 4,All-Conference/All-American honors.,First round NFL Draft talent
202600062,Kevin Brown,2026,OT,0.9721,OL,66.27627,77.39594975545089,77.39594975545089,Meaningful P4 Contributor,Reliable multi-year starter at the highest level of competition.,Potential Day 2 Pick
202600073,Keenyi Pepe,2026,OT,0.9688,OL,64.30361,72.74244922541669,72.74244922541669,Meaningful P4 Contributor,Reliable multi-year starter at the highest level of competition.,Potential Day 2 Pick
202600076,John Turntine III,2026,OT,0.9644,OL,64.7086,73.62763084011392,73.62763084011392,Meaningful P4 Contributor,Reliable multi-year starter at the highest level of competition.,Potential Day 2 Pick
202600080,Tommy Tofi,2026,IOL,0.9623,OL,63.75526,71.69570456260956,71.69570456260956,Meaningful P4 Contributor,Reliable multi-year starter at the highest level of competition.,Potential Day 2 Pick
202600083,Brysten Martinez,2026,OT,0.961,OL,66.0167,76.83612390171474,76.83612390171474,Meaningful P4 Contributor,Reliable multi-year starter at the highest level of competition.,Potential Day 2 Pick
202600090,Gabriel Osenda,2026,OT,0.9586,OL,61.0508,65.90594204813507,65.90594204813507,Meaningful G5 Contributor,Standout starter at the Group of 5 level; high-end depth in Power 4.,Potential Day 3 Pick
202600121,Bott Mulitalo,2026,IOL,0.9473,OL,66.12847,77.09546011489289,77.09546011489289,Meaningful P4 Contributor,Reliable multi-year starter at the highest level of competition.,Potential Day 2 Pick
202600130,Grayson McKeogh,2026,OT,0.9443,OL,61.138687,66.02764282666405,66.02764282666405,Meaningful G5 Contributor,Standout starter at the Group of 5 level; high-end depth in Power 4.,Potential Day 3 Pick
202600139,Johnnie Jones,2026,OT,0.9414,OL,62.777927,69.4821599587803,69.4821599587803,Meaningful G5 Contributor,Standout starter at the Group of 5 level; high-end depth in Power 4.,Potential Day 3 Pick
202600141,Zyon Guiles,2026,IOL,0.9405,OL,63.143032,70.24959276834929,70.24959276834929,Meaningful P4 Contributor,Reliable multi-year starter at the highest level of competition.,Potential Day 2 Pick
202600144,Malakai Lee,2026,OT,0.9395,OL,63.65344,71.42486993851291,71.42486993851291,Meaningful P4 Contributor,Reliable multi-year starter at the highest level of competition.,Potential Day 2 Pick
202600146,Samuel Roseborough,2026,IOL,0.9393,OL,63.01439,70.00234204376747,70.00234204376747,Meaningful P4 Contributor,Reliable multi-year starter at the highest level of competition.,Potential Day 2 Pick
202600152,Kamari Blair,2026,OT,0.9369,OL,56.813107,57.2373535634295,57.2373535634295,Multi-Year Starter,Consistent career presence; reliable rotational player or specialist.,nan
202600153,Claude Mpouma,2026,OT,0.9368,OL,73.58067,94.12340366423503,94.12340366423503,Elite Power 4,All-Conference/All-American honors.,First round NFL Draft talent
202600156,Vlad Dyakonov,2026,OT,0.9343,OL,60.293407,64.25061549402318,64.25061549402318,Meaningful G5 Contributor,Standout starter at the Group of 5 level; high-end depth in Power 4.,Potential Day 3 Pick
202600171,Maxwell Riley,2026,IOL,0.9301,OL,62.3071,68.50323342922482,68.50323342922482,Meaningful G5 Contributor,Standout starter at the Group of 5 level; high-end depth in Power 4.,Potential Day 3 Pick
202600177,Ben Congdon,2026,OT,0.9288,OL,61.03843,65.88881128617624,65.88881128617624,Meaningful G5 Contributor,Standout starter at the Group of 5 level; high-end depth in Power 4.,Potential Day 3 Pick
202600184,Bryce Gilmore,2026,OT,0.9273,OL,63.30036,70.53031895350433,70.53031895350433,Meaningful P4 Contributor,Reliable multi-year starter at the highest level of competition.,Potential Day 2 Pick
202600185,Leo Delaney,2026,IOL,0.9272,OL,57.23554,58.00193396465748,58.00193396465748,Multi-Year Starter,Consistent career presence; reliable rotational player or specialist.,nan
202600192,Gregory Patrick,2026,OT,0.9254,OL,63.445587,70.84209260361109,70.84209260361109,Meaningful P4 Contributor,Reliable multi-year starter at the highest level of competition.,Potential Day 2 Pick
202600197,Collin Campbell,2026,OT,0.9243,OL,60.907444,65.55030437961804,65.55030437961804,Meaningful G5 Contributor,Standout starter at the Group of 5 level; high-end depth in Power 4.,Potential Day 3 Pick
202600200,Tyler Merrill,2026,IOL,0.9241,OL,65.51128,75.68197048727647,75.68197048727647,Meaningful P4 Contributor,Reliable multi-year starter at the highest level of competition.,Potential Day 2 Pick
202600201,Ben Nichols,2026,IOL,0.924,OL,64.88492,74.09632920901106,74.09632920901106,Meaningful P4 Contributor,Reliable multi-year starter at the highest level of competition.,Potential Day 2 Pick
202600202,Drew Evers,2026,IOL,0.9239,OL,61.653942,66.9297554878223,66.9297554878223,Meaningful G5 Contributor,Standout starter at the Group of 5 level; high-end depth in Power 4.,Potential Day 3 Pick
202600214,Jared Doughty,2026,OT,0.9219,OL,62.020943,67.81419486381584,67.81419486381584,Meaningful G5 Contributor,Standout starter at the Group of 5 level; high-end depth in Power 4.,Potential Day 3 Pick
202600215,Esun Tafa,2026,IOL,0.9212,OL,69.15697,82.91139869792052,82.91139869792052,Elite Power 4,All-Conference/All-American honors.,First round NFL Draft talent
202600218,Bryson Cooley,2026,OT,0.9206,OL,62.926277,69.80210218864295,69.80210218864295,Meaningful G5 Contributor,Standout starter at the Group of 5 level; high-end depth in Power 4.,Potential Day 3 Pick
202600222,Chris Booker,2026,IOL,0.9197,OL,62.143894,68.13409007424241,68.13409007424241,Meaningful G5 Contributor,Standout starter at the Group of 5 level; high-end depth in Power 4.,Potential Day 3 Pick
202600228,Marky Walbridge,2026,OT,0.9186,OL,62.99726,69.96341759361987,69.96341759361987,Meaningful G5 Contributor,Standout starter at the Group of 5 level; high-end depth in Power 4.,Potential Day 3 Pick
202600234,Micah Smith,2026,IOL,0.9177,OL,66.30338,77.45107778469634,77.45107778469634,Meaningful P4 Contributor,Reliable multi-year starter at the highest level of competition.,Potential Day 2 Pick
202600235,Chancellor Barclay,2026,IOL,0.9177,OL,62.72372,69.36795228817185,69.36795228817185,Meaningful G5 Contributor,Standout starter at the Group of 5 level; high-end depth in Power 4.,Potential Day 3 Pick
202600236,Malachi Joyner,2026,IOL,0.9175,OL,61.35842,66.40869974901399,66.40869974901399,Meaningful G5 Contributor,Standout starter at the Group of 5 level; high-end depth in Power 4.,Potential Day 3 Pick
202600238,Tyreek Jemison,2026,IOL,0.9165,OL,62.499313,68.85822949293257,68.85822949293257,Meaningful G5 Contributor,Standout starter at the Group of 5 level; high-end depth in Power 4.,Potential Day 3 Pick
202600239,Tyler Chukuyem,2026,OT,0.9164,OL,61.186867,66.09435930015773,66.09435930015773,Meaningful G5 Contributor,Standout starter at the Group of 5 level; high-end depth in Power 4.,Potential Day 3 Pick
202600254,Carson Nielsen,2026,OT,0.912,OL,58.777508,61.46434115650215,61.46434115650215,Meaningful G5 Contributor,Standout starter at the Group of 5 level; high-end depth in Power 4.,Potential Day 3 Pick
202600255,Sam Utu,2026,IOL,0.9116,OL,54.586334,49.839817902091156,49.839817902091156,Single Season Contributor,Late bloomer or one-year starter; limited career longevity.,nan
202600278,Deacon Schmitt,2026,IOL,0.9093,OL,61.72523,67.0693133115821,67.0693133115821,Meaningful G5 Contributor,Standout starter at the Group of 5 level; high-end depth in Power 4.,Potential Day 3 Pick
202600282,Daniel McMorris,2026,OT,0.909,OL,60.62115,64.82691267332342,64.82691267332342,Meaningful G5 Contributor,Standout starter at the Group of 5 level; high-end depth in Power 4.,Potential Day 3 Pick
202600287,Adam Guthrie,2026,OT,0.9083,OL,58.084625,59.731196122690164,59.731196122690164,Multi-Year Starter,Consistent career presence; reliable rotational player or specialist.,nan
202600291,Joel Ervin,2026,IOL,0.9076,OL,60.84497,65.32982665963262,65.32982665963262,Meaningful G5 Contributor,Standout starter at the Group of 5 level; high-end depth in Power 4.,Potential Day 3 Pick
202600300,Grant Wise,2026,IOL,0.9065,OL,61.530865,66.74229959798477,66.74229959798477,Meaningful G5 Contributor,Standout starter at the Group of 5 level; high-end depth in Power 4.,Potential Day 3 Pick
202600307,Evan Goodwin,2026,OT,0.9048,OL,63.75066,71.68454613202418,71.68454613202418,Meaningful P4 Contributor,Reliable multi-year starter at the highest level of competition.,Potential Day 2 Pick
202600312,Justin Morales,2026,OT,0.9041,OL,61.79687,67.24744769169973,67.24744769169973,Meaningful G5 Contributor,Standout starter at the Group of 5 level; high-end depth in Power 4.,Potential Day 3 Pick
202600316,Wilson Zierer,2026,OT,0.9036,OL,63.587788,71.22426640422641,71.22426640422641,Meaningful P4 Contributor,Reliable multi-year starter at the highest level of competition.,Potential Day 2 Pick
202600319,Graham Houston,2026,IOL,0.9032,OL,62.25008,68.38711575753376,68.38711575753376,Meaningful G5 Contributor,Standout starter at the Group of 5 level; high-end depth in Power 4.,Potential Day 3 Pick
202600320,Emanuel Tucker,2026,OT,0.9032,OL,60.180634,64.05332630652998,64.05332630652998,Meaningful G5 Contributor,Standout starter at the Group of 5 level; high-end depth in Power 4.,Potential Day 3 Pick
202600322,Gene Riordan,2026,IOL,0.903,OL,61.889595,67.47960121184427,67.47960121184427,Meaningful G5 Contributor,Standout starter at the Group of 5 level; high-end depth in Power 4.,Potential Day 3 Pick
202600328,Breck Kolojay,2026,IOL,0.9027,OL,64.32242,72.77905099388322,72.77905099388322,Meaningful P4 Contributor,Reliable multi-year starter at the highest level of competition.,Potential Day 2 Pick
202600330,Sean Stover,2026,IOL,0.9026,OL,61.703983,67.01648005826715,67.01648005826715,Meaningful G5 Contributor,Standout starter at the Group of 5 level; high-end depth in Power 4.,Potential Day 3 Pick
202600331,Hudson Parliament,2026,IOL,0.9026,OL,61.80351,67.26395215503331,67.26395215503331,Meaningful G5 Contributor,Standout starter at the Group of 5 level; high-end depth in Power 4.,Potential Day 3 Pick
202600349,Vincent Johnson Jr.,2026,OT,0.9005,OL,62.312546,68.51290277162192,68.51290277162192,Meaningful G5 Contributor,Standout starter at the Group of 5 level; high-end depth in Power 4.,Potential Day 3 Pick
202600358,Donel Robinson,2026,IOL,0.8998,OL,59.99163,63.779030817382676,63.779030817382676,Meaningful G5 Contributor,Standout starter at the Group of 5 level; high-end depth in Power 4.,Potential Day 3 Pick
202600364,Carter Scruggs,2026,IOL,0.8992,OL,62.180355,68.22097107298141,68.22097107298141,Meaningful G5 Contributor,Standout starter at the Group of 5 level; high-end depth in Power 4.,Potential Day 3 Pick
202600368,Thomas Wilder,2026,OT,0.8987,OL,60.608696,64.8043951616283,64.8043951616283,Meaningful G5 Contributor,Standout starter at the Group of 5 level; high-end depth in Power 4.,Potential Day 3 Pick
202600369,J.B. Shabazz,2026,OT,0.8986,OL,63.026653,70.03021333713595,70.03021333713595,Meaningful P4 Contributor,Reliable multi-year starter at the highest level of competition.,Potential Day 2 Pick
202600373,Charlie Thom,2026,OT,0.8983,OL,61.54942,66.77055974701061,66.77055974701061,Meaningful G5 Contributor,Standout starter at the Group of 5 level; high-end depth in Power 4.,Potential Day 3 Pick
202600376,Kaden Snyder,2026,OT,0.8978,OL,62.317017,68.52083867448565,68.52083867448565,Meaningful G5 Contributor,Standout starter at the Group of 5 level; high-end depth in Power 4.,Potential Day 3 Pick
202600384,Kai Pritchard,2026,IOL,0.8967,OL,61.056606,65.91398183219346,65.91398183219346,Meaningful G5 Contributor,Standout starter at the Group of 5 level; high-end depth in Power 4.,Potential Day 3 Pick
202600386,Zaden Krempin,2026,IOL,0.8967,OL,62.56123,69.00169578094987,69.00169578094987,Meaningful G5 Contributor,Standout starter at the Group of 5 level; high-end depth in Power 4.,Potential Day 3 Pick
202600388,Andrew Trout,2026,OT,0.8967,OL,66.70709,78.31665327819567,78.31665327819567,Meaningful P4 Contributor,Reliable multi-year starter at the highest level of competition.,Potential Day 2 Pick
202600392,Jax Tanner,2026,IOL,0.8967,OL,61.07229,65.93569770096087,65.93569770096087,Meaningful G5 Contributor,Standout starter at the Group of 5 level; high-end depth in Power 4.,Potential Day 3 Pick
202600395,Brady Bekkenhuis,2026,OT,0.8963,OL,62.195683,68.25749417958669,68.25749417958669,Meaningful G5 Contributor,Standout starter at the Group of 5 level; high-end depth in Power 4.,Potential Day 3 Pick
202600410,Maxwell Robinson,2026,IOL,0.8944,OL,58.346455,60.30855841355817,60.30855841355817,Meaningful G5 Contributor,Standout starter at the Group of 5 level; high-end depth in Power 4.,Potential Day 3 Pick
202600432,Jared Smith,2026,IOL,0.8933,OL,64.57799,73.30344521073553,73.30344521073553,Meaningful P4 Contributor,Reliable multi-year starter at the highest level of competition.,Potential Day 2 Pick
202600436,Da'Ron Parks,2026,IOL,0.8926,OL,62.407322,68.68113443258544,68.68113443258544,Meaningful G5 Contributor,Standout starter at the Group of 5 level; high-end depth in Power 4.,Potential Day 3 Pick
202600439,Marlen Bright,2026,OT,0.8923,OL,59.227478,62.311895252064446,62.311895252064446,Meaningful G5 Contributor,Standout starter at the Group of 5 level; high-end depth in Power 4.,Potential Day 3 Pick
202600442,Nicholas Howard,2026,OT,0.8922,OL,62.42754,68.71702204792481,68.71702204792481,Meaningful G5 Contributor,Standout starter at the Group of 5 level; high-end depth in Power 4.,Potential Day 3 Pick
202600446,Marek Jin,2026,IOL,0.8916,OL,61.076954,65.94215805306561,65.94215805306561,Meaningful G5 Contributor,Standout starter at the Group of 5 level; high-end depth in Power 4.,Potential Day 3 Pick
202600447,Jarvis Strickland,2026,OT,0.8916,OL,61.71123,67.0345021734015,67.0345021734015,Meaningful G5 Contributor,Standout starter at the Group of 5 level; high-end depth in Power 4.,Potential Day 3 Pick
202600448,Nicolas Robertson,2026,IOL,0.8912,OL,60.96327,65.70255895338204,65.70255895338204,Meaningful G5 Contributor,Standout starter at the Group of 5 level; high-end depth in Power 4.,Potential Day 3 Pick
202600449,Jalayne Miller,2026,IOL,0.8912,OL,61.431232,66.5742618515597,66.5742618515597,Meaningful G5 Contributor,Standout starter at the Group of 5 level; high-end depth in Power 4.,Potential Day 3 Pick
202600459,Eli Bickel,2026,OT,0.8911,OL,61.72135,67.05966673732334,67.05966673732334,Meaningful G5 Contributor,Standout starter at the Group of 5 level; high-end depth in Power 4.,Potential Day 3 Pick
202600461,Mataalii Benjamin,2026,OT,0.8904,OL,60.891594,65.49436709400166,65.49436709400166,Meaningful G5 Contributor,Standout starter at the Group of 5 level; high-end depth in Power 4.,Potential Day 3 Pick
202600483,Noah Best,2026,IOL,0.8889,OL,61.740696,67.1077668140846,67.1077668140846,Meaningful G5 Contributor,Standout starter at the Group of 5 level; high-end depth in Power 4.,Potential Day 3 Pick
202600490,Jonas Muya,2026,OT,0.8889,OL,61.067413,65.92894681789477,65.92894681789477,Meaningful G5 Contributor,Standout starter at the Group of 5 level; high-end depth in Power 4.,Potential Day 3 Pick
202600492,Brandon Anderson,2026,IOL,0.8882,OL,59.528904,62.88372672049468,62.88372672049468,Meaningful G5 Contributor,Standout starter at the Group of 5 level; high-end depth in Power 4.,Potential Day 3 Pick
202600504,Chancellor Campbell,2026,OT,0.8878,OL,57.707325,58.85102155388715,58.85102155388715,Multi-Year Starter,Consistent career presence; reliable rotational player or specialist.,nan
202600515,Bear McWhorter,2026,IOL,0.8867,OL,60.940826,65.64264080552856,65.64264080552856,Meaningful G5 Contributor,Standout starter at the Group of 5 level; high-end depth in Power 4.,Potential Day 3 Pick
202600520,Day'jon Moore,2026,IOL,0.8867,OL,61.0377,65.8878023513831,65.8878023513831,Meaningful G5 Contributor,Standout starter at the Group of 5 level; high-end depth in Power 4.,Potential Day 3 Pick
202600521,Jack Fuchs,2026,OT,0.8867,OL,51.997475,39.51984141735355,39.51984141735355,Partial Season Contributor,Rotational backup or special teams contributor; limited starts.,nan
202600527,Zykie Helton,2026,IOL,0.8867,OL,61.916904,67.54878252595795,67.54878252595795,Meaningful G5 Contributor,Standout starter at the Group of 5 level; high-end depth in Power 4.,Potential Day 3 Pick
202600528,Benjamin Eziuka,2026,IOL,0.8867,OL,59.934376,63.68483338406217,63.68483338406217,Meaningful G5 Contributor,Standout starter at the Group of 5 level; high-end depth in Power 4.,Potential Day 3 Pick
202600531,Owen Fors,2026,IOL,0.8867,OL,64.94114,74.26193017436195,74.26193017436195,Meaningful P4 Contributor,Reliable multi-year starter at the highest level of competition.,Potential Day 2 Pick
202600534,Javeion Cooper,2026,OT,0.8867,OL,60.910664,65.56166685111268,65.56166685111268,Meaningful G5 Contributor,Standout starter at the Group of 5 level; high-end depth in Power 4.,Potential Day 3 Pick
202600535,Max Wright,2026,OT,0.8867,OL,62.269295,68.43290144393765,68.43290144393765,Meaningful G5 Contributor,Standout starter at the Group of 5 level; high-end depth in Power 4.,Potential Day 3 Pick
202600560,Gavin Meier,2026,OT,0.8856,OL,66.0938,77.0197595025294,77.0197595025294,Meaningful P4 Contributor,Reliable multi-year starter at the highest level of competition.,Potential Day 2 Pick
202600580,Will Conroy,2026,IOL,0.8844,OL,62.965374,69.89095223086181,69.89095223086181,Meaningful G5 Contributor,Standout starter at the Group of 5 level; high-end depth in Power 4.,Potential Day 3 Pick
202600583,Kannon Smith,2026,OT,0.8844,OL,64.87352,74.06275506839033,74.06275506839033,Meaningful P4 Contributor,Reliable multi-year starter at the highest level of competition.,Potential Day 2 Pick
202600590,Casey Thomann,2026,OT,0.8844,OL,62.914654,69.77568731122653,69.77568731122653,Meaningful G5 Contributor,Standout starter at the Group of 5 level; high-end depth in Power 4.,Potential Day 3 Pick
202600594,Tucker Smith,2026,IOL,0.8844,OL,62.23372,68.34812929555515,68.34812929555515,Meaningful G5 Contributor,Standout starter at the Group of 5 level; high-end depth in Power 4.,Potential Day 3 Pick
202600598,Devan Robison,2026,IOL,0.8844,OL,60.722294,65.01879896462208,65.01879896462208,Meaningful G5 Contributor,Standout starter at the Group of 5 level; high-end depth in Power 4.,Potential Day 3 Pick
202600599,Zachary Lewis,2026,IOL,0.8844,OL,63.134434,70.23450297440633,70.23450297440633,Meaningful P4 Contributor,Reliable multi-year starter at the highest level of competition.,Potential Day 2 Pick
202600602,Tylan George,2026,IOL,0.8842,OL,60.40935,64.46219105003418,64.46219105003418,Meaningful G5 Contributor,Standout starter at the Group of 5 level; high-end depth in Power 4.,Potential Day 3 Pick
202600610,Owen Linder,2026,OT,0.8833,OL,61.233635,66.15912129263853,66.15912129263853,Meaningful G5 Contributor,Standout starter at the Group of 5 level; high-end depth in Power 4.,Potential Day 3 Pick
202600612,G'Nivre Carr,2026,IOL,0.8833,OL,59.475517,62.779664885699304,62.779664885699304,Meaningful G5 Contributor,Standout starter at the Group of 5 level; high-end depth in Power 4.,Potential Day 3 Pick
202600614,Colin Whitters,2026,IOL,0.8833,OL,61.157894,66.05423961558255,66.05423961558255,Meaningful G5 Contributor,Standout starter at the Group of 5 level; high-end depth in Power 4.,Potential Day 3 Pick
202600619,Moses Sparks Jr.,2026,IOL,0.8833,OL,62.129044,68.09811513400392,68.09811513400392,Meaningful G5 Contributor,Standout starter at the Group of 5 level; high-end depth in Power 4.,Potential Day 3 Pick
202600640,Zion Smith,2026,IOL,0.8822,OL,59.615314,63.06514025025391,63.06514025025391,Meaningful G5 Contributor,Standout starter at the Group of 5 level; high-end depth in Power 4.,Potential Day 3 Pick
202600652,Sullivan Garvin,2026,IOL,0.8822,OL,61.332977,66.35084365722481,66.35084365722481,Meaningful G5 Contributor,Standout starter at the Group of 5 level; high-end depth in Power 4.,Potential Day 3 Pick
202600654,Keegan Collins,2026,OT,0.8822,OL,61.54296,66.76072330944878,66.76072330944878,Meaningful G5 Contributor,Standout starter at the Group of 5 level; high-end depth in Power 4.,Potential Day 3 Pick
202600656,Kole Cronin,2026,OT,0.8822,OL,61.780624,67.20704969782747,67.20704969782747,Meaningful G5 Contributor,Standout starter at the Group of 5 level; high-end depth in Power 4.,Potential Day 3 Pick
202600663,Avery Morcho,2026,OT,0.8811,OL,61.647297,66.91963435714734,66.91963435714734,Meaningful G5 Contributor,Standout starter at the Group of 5 level; high-end depth in Power 4.,Potential Day 3 Pick
202600665,Marcelino Antunes Jr.,2026,OT,0.8811,OL,59.294834,62.438757288655324,62.438757288655324,Meaningful G5 Contributor,Standout starter at the Group of 5 level; high-end depth in Power 4.,Potential Day 3 Pick
202600672,Cortavious Tisaby,2026,OT,0.8811,OL,62.938175,69.82914124432455,69.82914124432455,Meaningful G5 Contributor,Standout starter at the Group of 5 level; high-end depth in Power 4.,Potential Day 3 Pick
202600674,Dalton Toothman,2026,OT,0.8811,OL,60.439606,64.51284957852663,64.51284957852663,Meaningful G5 Contributor,Standout starter at the Group of 5 level; high-end depth in Power 4.,Potential Day 3 Pick
202600675,Pulelei'ite Primus,2026,IOL,0.8811,OL,56.797043,57.21785198577068,57.21785198577068,Multi-Year Starter,Consistent career presence; reliable rotational player or specialist.,nan
202600676,Cooper Javorsky,2026,IOL,0.8811,OL,55.261253,52.68642446643587,52.68642446643587,Multi-Year Starter,Consistent career presence; reliable rotational player or specialist.,nan
202600677,Adrian Hamilton,2026,IOL,0.8811,OL,62.58991,69.06814760482482,69.06814760482482,Meaningful G5 Contributor,Standout starter at the Group of 5 level; high-end depth in Power 4.,Potential Day 3 Pick
202600678,Logan Anthony,2026,IOL,0.8811,OL,61.077335,65.9426862911772,65.9426862911772,Meaningful G5 Contributor,Standout starter at the Group of 5 level; high-end depth in Power 4.,Potential Day 3 Pick
202600693,Jojo White,2026,OT,0.88,OL,59.43571,62.70207394278471,62.70207394278471,Meaningful G5 Contributor,Standout starter at the Group of 5 level; high-end depth in Power 4.,Potential Day 3 Pick
202600703,Mason Bandhauer,2026,OT,0.88,OL,64.14311,72.46612997738323,72.46612997738323,Meaningful P4 Contributor,Reliable multi-year starter at the highest level of competition.,Potential Day 2 Pick
202600725,Khalief Canty,2026,IOL,0.8789,OL,60.405483,64.45571421887905,64.45571421887905,Meaningful G5 Contributor,Standout starter at the Group of 5 level; high-end depth in Power 4.,Potential Day 3 Pick
202600728,Desmond Green,2026,IOL,0.8789,OL,55.764046,54.28250744347121,54.28250744347121,Multi-Year Starter,Consistent career presence; reliable rotational player or specialist.,nan
202600730,Brock Brownfield,2026,IOL,0.8789,OL,63.175304,70.30622970568619,70.30622970568619,Meaningful P4 Contributor,Reliable multi-year starter at the highest level of competition.,Potential Day 2 Pick
202600743,Nikau Hepi,2026,OT,0.8789,OL,59.592934,63.016148429528634,63.016148429528634,Meaningful G5 Contributor,Standout starter at the Group of 5 level; high-end depth in Power 4.,Potential Day 3 Pick
202600756,Braden Wilmes,2026,OT,0.8778,OL,60.198074,64.07749447288201,64.07749447288201,Meaningful G5 Contributor,Standout starter at the Group of 5 level; high-end depth in Power 4.,Potential Day 3 Pick
202600764,Blaise Thomassie,2026,IOL,0.8778,OL,60.273136,64.21299151762733,64.21299151762733,Meaningful G5 Contributor,Standout starter at the Group of 5 level; high-end depth in Power 4.,Potential Day 3 Pick
202600768,Leighton Burbach,2026,OT,0.8778,OL,62.97082,69.9033317664544,69.9033317664544,Meaningful G5 Contributor,Standout starter at the Group of 5 level; high-end depth in Power 4.,Potential Day 3 Pick
202600773,Bear Fretwell,2026,OT,0.8778,OL,58.04888,59.678941200344966,59.678941200344966,Multi-Year Starter,Consistent career presence; reliable rotational player or specialist.,nan
202600788,Anthony Hall,2026,IOL,0.8767,OL,58.537296,60.790550994456815,60.790550994456815,Meaningful G5 Contributor,Standout starter at the Group of 5 level; high-end depth in Power 4.,Potential Day 3 Pick
202600805,Parker Pritchett,2026,OT,0.8767,OL,62.960052,69.87885877697408,69.87885877697408,Meaningful G5 Contributor,Standout starter at the Group of 5 level; high-end depth in Power 4.,Potential Day 3 Pick
202600815,Kole Seaton,2026,OT,0.8767,OL,62.98039,69.92507397602459,69.92507397602459,Meaningful G5 Contributor,Standout starter at the Group of 5 level; high-end depth in Power 4.,Potential Day 3 Pick
202600820,Aiden Martin,2026,OT,0.8767,OL,58.686848,61.259476304912965,61.259476304912965,Meaningful G5 Contributor,Standout starter at the Group of 5 level; high-end depth in Power 4.,Potential Day 3 Pick
202600821,Roseby Lubintus,2026,OT,0.8767,OL,62.5226,68.91218292907683,68.91218292907683,Meaningful G5 Contributor,Standout starter at the Group of 5 level; high-end depth in Power 4.,Potential Day 3 Pick
202600824,Jacob Crow,2026,OT,0.8767,OL,51.059666,37.32475003966777,37.32475003966777,Partial Season Contributor,Rotational backup or special teams contributor; limited starts.,nan
202600826,Courtlin Heard,2026,OT,0.8767,OL,60.252438,64.17457456318174,64.17457456318174,Meaningful G5 Contributor,Standout starter at the Group of 5 level; high-end depth in Power 4.,Potential Day 3 Pick
202600827,Braylon Ellison,2026,IOL,0.8767,OL,59.688923,63.22626964734187,63.22626964734187,Meaningful G5 Contributor,Standout starter at the Group of 5 level; high-end depth in Power 4.,Potential Day 3 Pick
202600840,Kamo'i Huihui-White,2026,IOL,0.8756,OL,60.81899,65.24274020168761,65.24274020168761,Meaningful G5 Contributor,Standout starter at the Group of 5 level; high-end depth in Power 4.,Potential Day 3 Pick
202600842,Mitchell Smith,2026,OT,0.8756,OL,63.71234,71.59160547262938,71.59160547262938,Meaningful P4 Contributor,Reliable multi-year starter at the highest level of competition.,Potential Day 2 Pick
202600847,Oliver Miller,2026,OT,0.8756,OL,62.91916,69.78592556860389,69.78592556860389,Meaningful G5 Contributor,Standout starter at the Group of 5 level; high-end depth in Power 4.,Potential Day 3 Pick
202600853,Benjamin Novak,2026,IOL,0.8756,OL,63.564102,71.15189293854455,71.15189293854455,Meaningful P4 Contributor,Reliable multi-year starter at the highest level of competition.,Potential Day 2 Pick
202600855,Canon Pickett,2026,IOL,0.8756,OL,60.89516,65.50695466609584,65.50695466609584,Meaningful G5 Contributor,Standout starter at the Group of 5 level; high-end depth in Power 4.,Potential Day 3 Pick
202600862,Courtney Heard,2026,OT,0.8756,OL,59.885593,63.604575087220105,63.604575087220105,Meaningful G5 Contributor,Standout starter at the Group of 5 level; high-end depth in Power 4.,Potential Day 3 Pick
202600875,Landry Brede,2026,OT,0.8744,OL,59.842304,63.524739887974796,63.524739887974796,Meaningful G5 Contributor,Standout starter at the Group of 5 level; high-end depth in Power 4.,Potential Day 3 Pick
202600876,Samuel Simpson,2026,IOL,0.8744,OL,61.92367,67.56592565366262,67.56592565366262,Meaningful G5 Contributor,Standout starter at the Group of 5 level; high-end depth in Power 4.,Potential Day 3 Pick
202600893,JJ Mays,2026,IOL,0.8744,OL,56.554947,56.70136635988692,56.70136635988692,Multi-Year Starter,Consistent career presence; reliable rotational player or specialist.,nan
202600903,Ryan Miret,2026,IOL,0.8744,OL,58.737667,61.41659264825622,61.41659264825622,Meaningful G5 Contributor,Standout starter at the Group of 5 level; high-end depth in Power 4.,Potential Day 3 Pick
202600904,Quinn Buckey,2026,OT,0.8744,OL,58.736347,61.41501078461651,61.41501078461651,Meaningful G5 Contributor,Standout starter at the Group of 5 level; high-end depth in Power 4.,Potential Day 3 Pick
202600905,Bennett Fraser,2026,IOL,0.8744,OL,58.954697,61.71019501758328,61.71019501758328,Meaningful G5 Contributor,Standout starter at the Group of 5 level; high-end depth in Power 4.,Potential Day 3 Pick
202600906,Jakobe Green,2026,IOL,0.8744,OL,58.620987,60.97439882847491,60.97439882847491,Meaningful G5 Contributor,Standout starter at the Group of 5 level; high-end depth in Power 4.,Potential Day 3 Pick
202600908,James Williams Jr.,2026,IOL,0.8744,OL,58.502003,60.71109209554586,60.71109209554586,Meaningful G5 Contributor,Standout starter at the Group of 5 level; high-end depth in Power 4.,Potential Day 3 Pick
202600920,JJ Sparks,2026,IOL,0.8733,OL,60.327377,64.31366432913893,64.31366432913893,Meaningful G5 Contributor,Standout starter at the Group of 5 level; high-end depth in Power 4.,Potential Day 3 Pick
202600931,Rhys Woodrow,2026,IOL,0.8733,OL,58.7003,61.31911153235064,61.31911153235064,Meaningful G5 Contributor,Standout starter at the Group of 5 level; high-end depth in Power 4.,Potential Day 3 Pick
202600940,Tripp Skewes,2026,OT,0.8733,OL,59.122658,62.081939873170825,62.081939873170825,Meaningful G5 Contributor,Standout starter at the Group of 5 level; high-end depth in Power 4.,Potential Day 3 Pick
202600982,Pupungatoa Katoa,2026,IOL,0.8722,OL,53.589172,44.635896012111026,44.635896012111026,Single Season Contributor,Late bloomer or one-year starter; limited career longevity.,nan
202600983,Edward Baker,2026,IOL,0.8722,OL,58.18577,59.92167588509202,59.92167588509202,Multi-Year Starter,Consistent career presence; reliable rotational player or specialist.,nan
202600984,Dominic Harris,2026,OT,0.8722,OL,60.287834,64.24027137857072,64.24027137857072,Meaningful G5 Contributor,Standout starter at the Group of 5 level; high-end depth in Power 4.,Potential Day 3 Pick
202600985,Leon Noil Jr.,2026,IOL,0.8722,OL,63.768192,71.72707030032468,71.72707030032468,Meaningful P4 Contributor,Reliable multi-year starter at the highest level of competition.,Potential Day 2 Pick
202601004,Maddox Cochrane,2026,OT,0.8722,OL,57.72839,58.89230018552282,58.89230018552282,Multi-Year Starter,Consistent career presence; reliable rotational player or specialist.,nan
202601009,Jack Ziarko,2026,IOL,0.8722,OL,59.854282,63.547536382670174,63.547536382670174,Meaningful G5 Contributor,Standout starter at the Group of 5 level; high-end depth in Power 4.,Potential Day 3 Pick
202601013,Aaron Wolford,2026,IOL,0.8711,OL,59.784225,63.414205928822824,63.414205928822824,Meaningful G5 Contributor,Standout starter at the Group of 5 level; high-end depth in Power 4.,Potential Day 3 Pick
202601017,Jalan Chapman,2026,IOL,0.8711,OL,58.336708,60.288288589556764,60.288288589556764,Meaningful G5 Contributor,Standout starter at the Group of 5 level; high-end depth in Power 4.,Potential Day 3 Pick
202601024,Tyler Duell,2026,OT,0.8711,OL,60.333492,64.32501382747589,64.32501382747589,Meaningful G5 Contributor,Standout starter at the Group of 5 level; high-end depth in Power 4.,Potential Day 3 Pick
202601025,Koloi Keli,2026,IOL,0.8711,OL,59.650936,63.14311632353373,63.14311632353373,Meaningful G5 Contributor,Standout starter at the Group of 5 level; high-end depth in Power 4.,Potential Day 3 Pick
202601027,Jesse Moody,2026,OT,0.8711,OL,62.936646,69.82566491815324,69.82566491815324,Meaningful G5 Contributor,Standout starter at the Group of 5 level; high-end depth in Power 4.,Potential Day 3 Pick
202601035,Charlie Edgeworth,2026,OT,0.8711,OL,51.241737,37.848928628704314,37.848928628704314,Partial Season Contributor,Rotational backup or special teams contributor; limited starts.,nan
202601038,Hayden Ainsworth,2026,IOL,0.8711,OL,58.05605,59.689420068977476,59.689420068977476,Multi-Year Starter,Consistent career presence; reliable rotational player or specialist.,nan
202601050,Jacob Miller,2026,OT,0.8711,OL,54.032715,47.03959866182542,47.03959866182542,Single Season Contributor,Late bloomer or one-year starter; limited career longevity.,nan
202601051,Kaden Moody,2026,OT,0.8711,OL,57.819588,59.098221318420435,59.098221318420435,Multi-Year Starter,Consistent career presence; reliable rotational player or specialist.,nan
202601060,Nick Fiumara,2026,OT,0.8711,OL,60.620663,64.82602990410535,64.82602990410535,Meaningful G5 Contributor,Standout starter at the Group of 5 level; high-end depth in Power 4.,Potential Day 3 Pick
202601068,Scottland Dover,2026,IOL,0.87,OL,59.63035,63.09804919272508,63.09804919272508,Meaningful G5 Contributor,Standout starter at the Group of 5 level; high-end depth in Power 4.,Potential Day 3 Pick
202601073,Tristan Comer,2026,OT,0.87,OL,60.216988,64.10877862553652,64.10877862553652,Meaningful G5 Contributor,Standout starter at the Group of 5 level; high-end depth in Power 4.,Potential Day 3 Pick
202601076,Cameron Miller,2026,OT,0.87,OL,64.13009,72.44478880842331,72.44478880842331,Meaningful P4 Contributor,Reliable multi-year starter at the highest level of competition.,Potential Day 2 Pick
202601099,Benjamin Makelela,2026,OT,0.87,OL,57.951992,59.534132473005194,59.534132473005194,Multi-Year Starter,Consistent career presence; reliable rotational player or specialist.,nan
202601110,Landen Von Seggern,2026,IOL,0.87,OL,58.75796,61.44091494468176,61.44091494468176,Meaningful G5 Contributor,Standout starter at the Group of 5 level; high-end depth in Power 4.,Potential Day 3 Pick
202601113,Rex Waterman,2026,OT,0.87,OL,59.686832,63.221693625907164,63.221693625907164,Meaningful G5 Contributor,Standout starter at the Group of 5 level; high-end depth in Power 4.,Potential Day 3 Pick
202601117,Moussa Seck,2026,IOL,0.87,OL,57.24535,58.020277298358124,58.020277298358124,Multi-Year Starter,Consistent career presence; reliable rotational player or specialist.,nan
202601124,Jaiden Edwards,2026,IOL,0.87,OL,61.209927,66.12629129400328,66.12629129400328,Meaningful G5 Contributor,Standout starter at the Group of 5 level; high-end depth in Power 4.,Potential Day 3 Pick
202601156,Travis Robertson,2026,OT,0.8689,OL,61.318233,66.31731835066333,66.31731835066333,Meaningful G5 Contributor,Standout starter at the Group of 5 level; high-end depth in Power 4.,Potential Day 3 Pick
202601158,Chase Deniz,2026,OT,0.8689,OL,56.984318,57.48208416725958,57.48208416725958,Multi-Year Starter,Consistent career presence; reliable rotational player or specialist.,nan
202601161,Malik White,2026,OT,0.8678,OL,56.417297,56.22129336690749,56.22129336690749,Multi-Year Starter,Consistent career presence; reliable rotational player or specialist.,nan
202601172,Malachi Mills,2026,OT,0.8678,OL,61.43175,66.57544152599498,66.57544152599498,Meaningful G5 Contributor,Standout starter at the Group of 5 level; high-end depth in Power 4.,Potential Day 3 Pick
202601183,Kaden Scherer,2026,IOL,0.8678,OL,55.96715,54.90395715395758,54.90395715395758,Multi-Year Starter,Consistent career presence; reliable rotational player or specialist.,nan
202601204,Langston Hogg,2026,IOL,0.8678,OL,56.786816,57.205435996764905,57.205435996764905,Multi-Year Starter,Consistent career presence; reliable rotational player or specialist.,nan
202601218,Lamarcus Barber,2026,IOL,0.8678,OL,56.480896,56.491611553679,56.491611553679,Multi-Year Starter,Consistent career presence; reliable rotational player or specialist.,nan
202601219,Austin Hoane,2026,IOL,0.8678,OL,56.43417,56.29300745880351,56.29300745880351,Multi-Year Starter,Consistent career presence; reliable rotational player or specialist.,nan
202601222,Cameron Greene,2026,OT,0.8678,OL,58.164738,59.8626422428915,59.8626422428915,Multi-Year Starter,Consistent career presence; reliable rotational player or specialist.,nan
202601237,Ben Gula,2026,IOL,0.8667,OL,55.799603,54.450424709651024,54.450424709651024,Multi-Year Starter,Consistent career presence; reliable rotational player or specialist.,nan
202601238,Tucker Young,2026,OT,0.8667,OL,58.978077,61.76217908155466,61.76217908155466,Meaningful G5 Contributor,Standout starter at the Group of 5 level; high-end depth in Power 4.,Potential Day 3 Pick
202601239,Malcolm Gaston,2026,IOL,0.8667,OL,55.634453,53.82183656543729,53.82183656543729,Multi-Year Starter,Consistent career presence; reliable rotational player or specialist.,nan
202601257,Xavier Payne,2026,OT,0.8667,OL,58.456615,60.58552931288744,60.58552931288744,Meaningful G5 Contributor,Standout starter at the Group of 5 level; high-end depth in Power 4.,Potential Day 3 Pick
202601259,Jayden Ross,2026,OT,0.8667,OL,59.671745,63.1886677777789,63.1886677777789,Meaningful G5 Contributor,Standout starter at the Group of 5 level; high-end depth in Power 4.,Potential Day 3 Pick
202601267,Ben Mubenga,2026,OT,0.8667,OL,57.32751,58.17388488826656,58.17388488826656,Multi-Year Starter,Consistent career presence; reliable rotational player or specialist.,nan
202601268,Khalil Sanogo,2026,OT,0.8667,OL,59.3677,62.573318732863655,62.573318732863655,Meaningful G5 Contributor,Standout starter at the Group of 5 level; high-end depth in Power 4.,Potential Day 3 Pick
202601278,Esaiah Wong,2026,OT,0.8656,OL,59.778008,63.40237207966567,63.40237207966567,Meaningful G5 Contributor,Standout starter at the Group of 5 level; high-end depth in Power 4.,Potential Day 3 Pick
202601284,Rowdy Pearce,2026,IOL,0.8656,OL,56.493782,56.53835225966121,56.53835225966121,Multi-Year Starter,Consistent career presence; reliable rotational player or specialist.,nan
202601296,Dylan Durbin,2026,OT,0.8656,OL,61.203087,66.1168199846625,66.1168199846625,Meaningful G5 Contributor,Standout starter at the Group of 5 level; high-end depth in Power 4.,Potential Day 3 Pick
202601302,Brendan Alexander,2026,IOL,0.865,OL,59.794594,63.43393869079163,63.43393869079163,Meaningful G5 Contributor,Standout starter at the Group of 5 level; high-end depth in Power 4.,Potential Day 3 Pick
202601304,Brody Smith,2026,OT,0.865,OL,55.54116,53.56062580770115,53.56062580770115,Multi-Year Starter,Consistent career presence; reliable rotational player or specialist.,nan
202601310,Richard Thigpen,2026,OT,0.865,OL,55.441715,53.23672220788448,53.23672220788448,Multi-Year Starter,Consistent career presence; reliable rotational player or specialist.,nan
202601311,Tucker Thieneman,2026,OT,0.865,OL,61.377316,66.45166245105773,66.45166245105773,Meaningful G5 Contributor,Standout starter at the Group of 5 level; high-end depth in Power 4.,Potential Day 3 Pick
202601318,Marcus Page Jr.,2026,IOL,0.865,OL,56.603577,56.830972431339916,56.830972431339916,Multi-Year Starter,Consistent career presence; reliable rotational player or specialist.,nan
202601330,Eli Sanchez,2026,IOL,0.8644,OL,56.10952,55.22481051494212,55.22481051494212,Multi-Year Starter,Consistent career presence; reliable rotational player or specialist.,nan
202601343,Buddy Wegdam,2026,OT,0.8644,OL,58.287575,60.18610646308393,60.18610646308393,Meaningful G5 Contributor,Standout starter at the Group of 5 level; high-end depth in Power 4.,Potential Day 3 Pick
202601344,Alexander Brewer,2026,IOL,0.8644,OL,56.63132,56.89886975729009,56.89886975729009,Multi-Year Starter,Consistent career presence; reliable rotational player or specialist.,nan
202601360,Kenton Mondeau,2026,OT,0.8644,OL,58.786667,61.47531819291525,61.47531819291525,Meaningful G5 Contributor,Standout starter at the Group of 5 level; high-end depth in Power 4.,Potential Day 3 Pick
202601367,George Haseotes,2026,IOL,0.8644,OL,55.17482,52.359080681573765,52.359080681573765,Multi-Year Starter,Consistent career presence; reliable rotational player or specialist.,nan
202601371,Josiah Manu,2026,OT,0.8644,OL,59.83927,63.51896816399937,63.51896816399937,Meaningful G5 Contributor,Standout starter at the Group of 5 level; high-end depth in Power 4.,Potential Day 3 Pick
202601378,Jesus Garcia,2026,OT,0.8644,OL,59.576412,62.97998282946707,62.97998282946707,Meaningful G5 Contributor,Standout starter at the Group of 5 level; high-end depth in Power 4.,Potential Day 3 Pick
202601379,Troy Pless,2026,OT,0.8644,OL,59.57971,62.98719757859041,62.98719757859041,Meaningful G5 Contributor,Standout starter at the Group of 5 level; high-end depth in Power 4.,Potential Day 3 Pick
202601380,Kasiyah Charlton,2026,OT,0.8644,OL,57.420143,58.343758003702874,58.343758003702874,Multi-Year Starter,Consistent career presence; reliable rotational player or specialist.,nan
202601382,Hugh Smith,2026,IOL,0.8644,OL,57.37681,58.26605086859837,58.26605086859837,Multi-Year Starter,Consistent career presence; reliable rotational player or specialist.,nan
202601388,Amahn Williams,2026,OT,0.8644,OL,61.46283,66.63867711486884,66.63867711486884,Meaningful G5 Contributor,Standout starter at the Group of 5 level; high-end depth in Power 4.,Potential Day 3 Pick
202601396,Mykall Lundy-Foster,2026,IOL,0.8644,OL,53.871643,46.14855514804472,46.14855514804472,Single Season Contributor,Late bloomer or one-year starter; limited career longevity.,nan
202601398,Ammon Alexander,2026,OT,0.8644,OL,57.95173,59.53317488937621,59.53317488937621,Multi-Year Starter,Consistent career presence; reliable rotational player or specialist.,nan
202601401,Lucas Tielsch,2026,OT,0.8633,OL,60.717274,65.0071725377648,65.0071725377648,Meaningful G5 Contributor,Standout starter at the Group of 5 level; high-end depth in Power 4.,Potential Day 3 Pick
202601406,Charles Humphrey,2026,OT,0.8633,OL,49.507748,34.43962526952697,34.43962526952697,Partial Season Contributor,Rotational backup or special teams contributor; limited starts.,nan
202601408,Luke Collins,2026,IOL,0.8633,OL,57.39359,58.2974242453282,58.2974242453282,Multi-Year Starter,Consistent career presence; reliable rotational player or specialist.,nan
202601409,Tyrell Simpson,2026,OT,0.8633,OL,57.05878,57.66131821614238,57.66131821614238,Multi-Year Starter,Consistent career presence; reliable rotational player or specialist.,nan
202601413,Eli Rickell,2026,IOL,0.8633,OL,58.017548,59.63313309659433,59.63313309659433,Multi-Year Starter,Consistent career presence; reliable rotational player or specialist.,nan
202601415,Benjamin Corhei,2026,OT,0.8633,OL,58.412624,60.463829026316844,60.463829026316844,Meaningful G5 Contributor,Standout starter at the Group of 5 level; high-end depth in Power 4.,Potential Day 3 Pick
202601421,Karon Spencer,2026,OT,0.8633,OL,60.947895,65.66151354528252,65.66151354528252,Meaningful G5 Contributor,Standout starter at the Group of 5 level; high-end depth in Power 4.,Potential Day 3 Pick
202601430,Tre Aiken,2026,OT,0.8622,OL,60.643147,64.86667866794333,64.86667866794333,Meaningful G5 Contributor,Standout starter at the Group of 5 level; high-end depth in Power 4.,Potential Day 3 Pick
202601466,Connor LaGrow,2026,OT,0.8622,OL,62.978683,69.92119886929498,69.92119886929498,Meaningful G5 Contributor,Standout starter at the Group of 5 level; high-end depth in Power 4.,Potential Day 3 Pick
202601488,Nick Kashubara,2026,OT,0.8611,OL,59.60954,63.05249773847991,63.05249773847991,Meaningful G5 Contributor,Standout starter at the Group of 5 level; high-end depth in Power 4.,Potential Day 3 Pick
202601490,Noah Abebe,2026,IOL,0.8611,OL,55.205933,52.476911730622014,52.476911730622014,Multi-Year Starter,Consistent career presence; reliable rotational player or specialist.,nan
202601491,Owen Jakubczak,2026,IOL,0.8611,OL,61.35122,66.39232309214772,66.39232309214772,Meaningful G5 Contributor,Standout starter at the Group of 5 level; high-end depth in Power 4.,Potential Day 3 Pick
202601494,Nathan Allen,2026,IOL,0.8611,OL,48.410103,33.122872469603266,33.122872469603266,Partial Season Contributor,Rotational backup or special teams contributor; limited starts.,nan
202601498,Beckett Schreiber,2026,OT,0.8611,OL,60.186543,64.06151451512125,64.06151451512125,Meaningful G5 Contributor,Standout starter at the Group of 5 level; high-end depth in Power 4.,Potential Day 3 Pick
202601506,Owen Winder,2026,OT,0.86,OL,57.16223,57.86459856067922,57.86459856067922,Multi-Year Starter,Consistent career presence; reliable rotational player or specialist.,nan
202601507,Michael Gildea,2026,OT,0.86,OL,58.508625,60.727567252240675,60.727567252240675,Meaningful G5 Contributor,Standout starter at the Group of 5 level; high-end depth in Power 4.,Potential Day 3 Pick
202601510,Cam'Ron Thompson,2026,IOL,0.86,OL,54.844543,50.94176230993275,50.94176230993275,Multi-Year Starter,Consistent career presence; reliable rotational player or specialist.,nan
202601523,Ja'Vaughn Hargett,2026,OT,0.86,OL,61.47625,66.6591169183789,66.6591169183789,Meaningful G5 Contributor,Standout starter at the Group of 5 level; high-end depth in Power 4.,Potential Day 3 Pick
202601534,Zayden Walters,2026,IOL,0.86,OL,52.508163,40.89105378637685,40.89105378637685,Single Season Contributor,Late bloomer or one-year starter; limited career longevity.,nan
202601557,Luke Grover,2026,OT,0.86,OL,56.751156,57.135462843630215,57.135462843630215,Multi-Year Starter,Consistent career presence; reliable rotational player or specialist.,nan
202601558,Hunter Sprangers,2026,OT,0.86,OL,57.38756,58.28615578994445,58.28615578994445,Multi-Year Starter,Consistent career presence; reliable rotational player or specialist.,nan
202601572,Andre Amos Jr.,2026,IOL,0.86,OL,53.591793,44.648156139106575,44.648156139106575,Single Season Contributor,Late bloomer or one-year starter; limited career longevity.,nan
202601577,Camden Goforth,2026,IOL,0.86,OL,55.03668,51.83491260292683,51.83491260292683,Multi-Year Starter,Consistent career presence; reliable rotational player or specialist.,nan
202601579,Alex Rivera,2026,IOL,0.86,OL,57.64808,58.73962839943205,58.73962839943205,Multi-Year Starter,Consistent career presence; reliable rotational player or specialist.,nan
202601583,Andrew Price,2026,OT,0.86,OL,59.90626,63.63857879790906,63.63857879790906,Meaningful G5 Contributor,Standout starter at the Group of 5 level; high-end depth in Power 4.,Potential Day 3 Pick
202601607,Wyatt Graffin,2026,IOL,0.86,OL,59.230347,62.31818852104064,62.31818852104064,Meaningful G5 Contributor,Standout starter at the Group of 5 level; high-end depth in Power 4.,Potential Day 3 Pick
202601619,Anthony Baxter,2026,IOL,0.8589,OL,53.879665,46.18907559849342,46.18907559849342,Single Season Contributor,Late bloomer or one-year starter; limited career longevity.,nan
202601626,Pete Eglitis,2026,OT,0.8589,OL,55.623714,53.79187868606694,53.79187868606694,Multi-Year Starter,Consistent career presence; reliable rotational player or specialist.,nan
202601627,Nathan Zappitelli,2026,IOL,0.8589,OL,57.537384,58.54062251646287,58.54062251646287,Multi-Year Starter,Consistent career presence; reliable rotational player or specialist.,nan
202601648,Carey Clayton,2026,IOL,0.8589,OL,56.879936,57.31848586905879,57.31848586905879,Multi-Year Starter,Consistent career presence; reliable rotational player or specialist.,nan
202601657,Luke Hatfield,2026,IOL,0.8589,OL,55.168655,52.33573406861864,52.33573406861864,Multi-Year Starter,Consistent career presence; reliable rotational player or specialist.,nan
202601665,Niniva Nicholson,2026,IOL,0.8578,OL,47.134964,31.712778443983197,31.712778443983197,Partial Season Contributor,Rotational backup or special teams contributor; limited starts.,nan
202601666,Brady Sakowitz,2026,OT,0.8578,OL,55.105083,52.10529176993369,52.10529176993369,Multi-Year Starter,Consistent career presence; reliable rotational player or specialist.,nan
202601667,Michael Ionata,2026,IOL,0.8578,OL,53.86862,46.133294949872884,46.133294949872884,Single Season Contributor,Late bloomer or one-year starter; limited career longevity.,nan
202601679,John Watkins,2026,IOL,0.8578,OL,54.227936,48.27359171575842,48.27359171575842,Single Season Contributor,Late bloomer or one-year starter; limited career longevity.,nan
202601685,Mason Mathis,2026,OT,0.8578,OL,57.239944,58.01017134818168,58.01017134818168,Multi-Year Starter,Consistent career presence; reliable rotational player or specialist.,nan
202601691,Dean Ruksnaitis,2026,IOL,0.8567,OL,57.214546,57.96261532817292,57.96261532817292,Multi-Year Starter,Consistent career presence; reliable rotational player or specialist.,nan
202601699,Josh Haney,2026,IOL,0.8567,OL,49.55189,34.49084915218415,34.49084915218415,Partial Season Contributor,Rotational backup or special teams contributor; limited starts.,nan
202601700,O'Ryan Mosley,2026,IOL,0.8567,OL,54.255898,48.41213389848927,48.41213389848927,Single Season Contributor,Late bloomer or one-year starter; limited career longevity.,nan
202601708,Lawrence Iyalekhue,2026,OT,0.8567,OL,55.370262,53.02005372384609,53.02005372384609,Multi-Year Starter,Consistent career presence; reliable rotational player or specialist.,nan
202601718,Caden Muskus,2026,OT,0.8567,OL,59.120827,62.07792289297325,62.07792289297325,Meaningful G5 Contributor,Standout starter at the Group of 5 level; high-end depth in Power 4.,Potential Day 3 Pick
202601731,Jarvis Potts,2026,IOL,0.8556,OL,56.601147,56.82449619447801,56.82449619447801,Multi-Year Starter,Consistent career presence; reliable rotational player or specialist.,nan
202601735,Rhett Morris,2026,IOL,0.8556,OL,59.001476,61.814205553801436,61.814205553801436,Meaningful G5 Contributor,Standout starter at the Group of 5 level; high-end depth in Power 4.,Potential Day 3 Pick
202601749,Bruno Werner,2026,OT,0.8556,OL,60.476406,64.57446889820469,64.57446889820469,Meaningful G5 Contributor,Standout starter at the Group of 5 level; high-end depth in Power 4.,Potential Day 3 Pick
202601758,Jai'Vale Fredericks,2026,OT,0.855,OL,54.714214,50.24272943079145,50.24272943079145,Multi-Year Starter,Consistent career presence; reliable rotational player or specialist.,nan
202601759,Aydan Newell,2026,IOL,0.855,OL,55.680992,53.95167177975993,53.95167177975993,Multi-Year Starter,Consistent career presence; reliable rotational player or specialist.,nan
202601763,Jake Palucki,2026,OT,0.855,OL,59.9195,63.66035673738685,63.66035673738685,Meaningful G5 Contributor,Standout starter at the Group of 5 level; high-end depth in Power 4.,Potential Day 3 Pick
202601789,Braylon Reado,2026,OT,0.855,OL,60.141544,63.999159377262885,63.999159377262885,Meaningful G5 Contributor,Standout starter at the Group of 5 level; high-end depth in Power 4.,Potential Day 3 Pick
202601796,Eddie Lartigue,2026,IOL,0.855,OL,58.403896,60.43968314913392,60.43968314913392,Meaningful G5 Contributor,Standout starter at the Group of 5 level; high-end depth in Power 4.,Potential Day 3 Pick
202601797,Jonathan Pearcy,2026,IOL,0.855,OL,56.276546,55.73480891171232,55.73480891171232,Multi-Year Starter,Consistent career presence; reliable rotational player or specialist.,nan
202601803,Asa Holbert,2026,OT,0.855,OL,54.763744,50.520206988374596,50.520206988374596,Multi-Year Starter,Consistent career presence; reliable rotational player or specialist.,nan
202601808,Preston Dazey,2026,IOL,0.855,OL,56.57191,56.746578016597894,56.746578016597894,Multi-Year Starter,Consistent career presence; reliable rotational player or specialist.,nan
202601810,Max Vivier,2026,OT,0.855,OL,58.240227,60.07454442781914,60.07454442781914,Meaningful G5 Contributor,Standout starter at the Group of 5 level; high-end depth in Power 4.,Potential Day 3 Pick
202601811,Danny Fortson Jr.,2026,OT,0.855,OL,59.09935,62.0308070627392,62.0308070627392,Meaningful G5 Contributor,Standout starter at the Group of 5 level; high-end depth in Power 4.,Potential Day 3 Pick
202601826,Dylan Steen,2026,IOL,0.8544,OL,56.74562,57.12453470432037,57.12453470432037,Multi-Year Starter,Consistent career presence; reliable rotational player or specialist.,nan
202601828,Eric Perkins,2026,OT,0.8544,OL,58.696964,61.304329572968754,61.304329572968754,Meaningful G5 Contributor,Standout starter at the Group of 5 level; high-end depth in Power 4.,Potential Day 3 Pick
202601833,Brayden Charney,2026,OT,0.8544,OL,55.699215,54.00250971572871,54.00250971572871,Multi-Year Starter,Consistent career presence; reliable rotational player or specialist.,nan
202601842,Rico Schrieber,2026,OT,0.8533,OL,65.38294,75.40773713932921,75.40773713932921,Meaningful P4 Contributor,Reliable multi-year starter at the highest level of competition.,Potential Day 2 Pick
202601845,Michael Van Der Oord,2026,OT,0.8533,OL,58.882732,61.590451349096526,61.590451349096526,Meaningful G5 Contributor,Standout starter at the Group of 5 level; high-end depth in Power 4.,Potential Day 3 Pick
202601852,Michael Price,2026,IOL,0.8533,OL,59.570824,62.96774948749288,62.96774948749288,Meaningful G5 Contributor,Standout starter at the Group of 5 level; high-end depth in Power 4.,Potential Day 3 Pick
202601853,Eddie Alford,2026,IOL,0.8533,OL,59.53597,62.89749753278772,62.89749753278772,Meaningful G5 Contributor,Standout starter at the Group of 5 level; high-end depth in Power 4.,Potential Day 3 Pick
202601856,Artem Korchagin,2026,IOL,0.8533,OL,58.71875,61.393920793373844,61.393920793373844,Meaningful G5 Contributor,Standout starter at the Group of 5 level; high-end depth in Power 4.,Potential Day 3 Pick
202601859,Ashley Walker,2026,IOL,0.8533,OL,55.432533,53.2068155768377,53.2068155768377,Multi-Year Starter,Consistent career presence; reliable rotational player or specialist.,nan
202601860,John Curran,2026,IOL,0.8533,OL,62.485897,68.82714262613712,68.82714262613712,Meaningful G5 Contributor,Standout starter at the Group of 5 level; high-end depth in Power 4.,Potential Day 3 Pick
202601865,Tre Glover,2026,OT,0.8533,OL,59.453197,62.73615893390311,62.73615893390311,Meaningful G5 Contributor,Standout starter at the Group of 5 level; high-end depth in Power 4.,Potential Day 3 Pick
202601866,Iosua Faleagafua,2026,OT,0.8533,OL,54.497887,49.37510946250571,49.37510946250571,Single Season Contributor,Late bloomer or one-year starter; limited career longevity.,nan
202601878,Mateo Bilaver,2026,OT,0.8522,OL,59.48562,62.79935447044658,62.79935447044658,Meaningful G5 Contributor,Standout starter at the Group of 5 level; high-end depth in Power 4.,Potential Day 3 Pick
202601879,Packs Ahovelo,2026,OT,0.8522,OL,62.119976,68.07429981597734,68.07429981597734,Meaningful G5 Contributor,Standout starter at the Group of 5 level; high-end depth in Power 4.,Potential Day 3 Pick
202601880,Max Merz,2026,IOL,0.8522,OL,61.853886,67.38921534054094,67.38921534054094,Meaningful G5 Contributor,Standout starter at the Group of 5 level; high-end depth in Power 4.,Potential Day 3 Pick
202601881,D'Nilyeon Taylor,2026,OT,0.8522,OL,63.92268,72.10177521064534,72.10177521064534,Meaningful P4 Contributor,Reliable multi-year starter at the highest level of competition.,Potential Day 2 Pick
202601886,Kingston Fotualii,2026,IOL,0.8522,OL,62.612015,69.11936978084972,69.11936978084972,Meaningful G5 Contributor,Standout starter at the Group of 5 level; high-end depth in Power 4.,Potential Day 3 Pick
202601897,Deontavis Cooper,2026,IOL,0.8522,OL,61.260803,66.1967424109459,66.1967424109459,Meaningful G5 Contributor,Standout starter at the Group of 5 level; high-end depth in Power 4.,Potential Day 3 Pick
202601911,Ah Deong Yang,2026,IOL,0.8511,OL,54.15295,47.87697447417106,47.87697447417106,Single Season Contributor,Late bloomer or one-year starter; limited career longevity.,nan
202601913,Jace Winchester,2026,IOL,0.8511,OL,55.78509,54.383731967429696,54.383731967429696,Multi-Year Starter,Consistent career presence; reliable rotational player or specialist.,nan
202601921,Luke Francis,2026,IOL,0.8511,OL,54.636814,49.99886477317343,49.99886477317343,Single Season Contributor,Late bloomer or one-year starter; limited career longevity.,nan
202601922,Derek Worden,2026,OT,0.8511,OL,55.309944,52.84736591483,52.84736591483,Multi-Year Starter,Consistent career presence; reliable rotational player or specialist.,nan
202601923,Ben Jones,2026,IOL,0.8511,OL,54.299828,48.67160206225463,48.67160206225463,Single Season Contributor,Late bloomer or one-year starter; limited career longevity.,nan
202601927,David Pellman,2026,IOL,0.85,OL,57.275387,58.07643414499843,58.07643414499843,Multi-Year Starter,Consistent career presence; reliable rotational player or specialist.,nan
202601953,Marquis Whipple,2026,IOL,0.85,OL,55.416733,53.1553518187173,53.1553518187173,Multi-Year Starter,Consistent career presence; reliable rotational player or specialist.,nan
202601957,Miller Carter,2026,IOL,0.85,OL,62.535576,68.94225330747835,68.94225330747835,Meaningful G5 Contributor,Standout starter at the Group of 5 level; high-end depth in Power 4.,Potential Day 3 Pick
202601960,Kingston Kerkhoff,2026,OT,0.85,OL,60.791428,65.17890970469382,65.17890970469382,Meaningful G5 Contributor,Standout starter at the Group of 5 level; high-end depth in Power 4.,Potential Day 3 Pick
202601972,Rowan Ahrens,2026,OT,0.85,OL,55.354015,52.973539849661954,52.973539849661954,Multi-Year Starter,Consistent career presence; reliable rotational player or specialist.,nan
202601975,Nick Witherspoon,2026,IOL,0.85,OL,54.28781,48.59961121838658,48.59961121838658,Single Season Contributor,Late bloomer or one-year starter; limited career longevity.,nan
202601977,Gunnar Goodwin,2026,IOL,0.85,OL,47.122654,31.702348583469508,31.702348583469508,Partial Season Contributor,Rotational backup or special teams contributor; limited starts.,nan
202601981,Jacob Rathbone,2026,IOL,0.85,OL,52.812775,41.62908184754669,41.62908184754669,Single Season Contributor,Late bloomer or one-year starter; limited career longevity.,nan
202601996,Colton Crosley,2026,IOL,0.85,OL,55.29629,52.808278533823895,52.808278533823895,Multi-Year Starter,Consistent career presence; reliable rotational player or specialist.,nan
202602013,Uluaki Tatafu,2026,OT,0.85,OL,55.4458,53.250029229841736,53.250029229841736,Multi-Year Starter,Consistent career presence; reliable rotational player or specialist.,nan
202602016,Trey Shaw,2026,IOL,0.85,OL,50.95856,37.03367272139534,37.03367272139534,Partial Season Contributor,Rotational backup or special teams contributor; limited starts.,nan
202602017,Xavier Wade,2026,IOL,0.85,OL,52.50678,40.88710020217526,40.88710020217526,Single Season Contributor,Late bloomer or one-year starter; limited career longevity.,nan
202602018,Dillian Whiteside,2026,IOL,0.85,OL,53.49361,44.24767832811134,44.24767832811134,Single Season Contributor,Late bloomer or one-year starter; limited career longevity.,nan
202602021,C.J. Scifres,2026,IOL,0.85,OL,58.459736,60.59416188611105,60.59416188611105,Meaningful G5 Contributor,Standout starter at the Group of 5 level; high-end depth in Power 4.,Potential Day 3 Pick
202602040,Jayvon Perry,2026,IOL,0.85,OL,59.115353,62.06591379592425,62.06591379592425,Meaningful G5 Contributor,Standout starter at the Group of 5 level; high-end depth in Power 4.,Potential Day 3 Pick
202602046,Pete Pendergest,2026,OT,0.85,OL,59.308113,62.46328000407803,62.46328000407803,Meaningful G5 Contributor,Standout starter at the Group of 5 level; high-end depth in Power 4.,Potential Day 3 Pick
202602047,Zach Hultgren,2026,OT,0.85,OL,56.196487,55.47476897807927,55.47476897807927,Multi-Year Starter,Consistent career presence; reliable rotational player or specialist.,nan
202602062,Asher Bancroft,2026,IOL,0.85,OL,49.617542,34.567029848738756,34.567029848738756,Partial Season Contributor,Rotational backup or special teams contributor; limited starts.,nan
202602072,Kadorian Benjamin,2026,IOL,0.85,OL,55.673054,53.9295252977103,53.9295252977103,Multi-Year Starter,Consistent career presence; reliable rotational player or specialist.,nan
202602075,Jarvis Williams,2026,IOL,0.85,OL,53.985313,46.76030383590525,46.76030383590525,Single Season Contributor,Late bloomer or one-year starter; limited career longevity.,nan
202602079,Jae'von White,2026,OT,0.85,OL,53.453518,44.05821719589905,44.05821719589905,Single Season Contributor,Late bloomer or one-year starter; limited career longevity.,nan
202602080,Joshua Singleton,2026,IOL,0.85,OL,52.8172,41.63880141873942,41.63880141873942,Single Season Contributor,Late bloomer or one-year starter; limited career longevity.,nan
202602081,Luke Van Auken,2026,OT,0.85,OL,58.070942,59.71119202381586,59.71119202381586,Multi-Year Starter,Consistent career presence; reliable rotational player or specialist.,nan
202602091,Aiden Zilker,2026,IOL,0.85,OL,57.49105,58.46282215295721,58.46282215295721,Multi-Year Starter,Consistent career presence; reliable rotational player or specialist.,nan
202602093,Elzea Rollins,2026,IOL,0.85,OL,57.224606,57.98146250739714,57.98146250739714,Multi-Year Starter,Consistent career presence; reliable rotational player or specialist.,nan
202602095,Jeremyah Green,2026,IOL,0.85,OL,54.119617,47.638811221875166,47.638811221875166,Single Season Contributor,Late bloomer or one-year starter; limited career longevity.,nan
202602096,Jordan Curll,2026,IOL,0.85,OL,55.226746,52.55573544366852,52.55573544366852,Multi-Year Starter,Consistent career presence; reliable rotational player or specialist.,nan
202602104,Luke Baker,2026,OT,0.85,OL,55.02929,51.801927357496645,51.801927357496645,Multi-Year Starter,Consistent career presence; reliable rotational player or specialist.,nan
202602108,Lorvens Barthelemy,2026,IOL,0.85,OL,52.603577,41.16346989670772,41.16346989670772,Single Season Contributor,Late bloomer or one-year starter; limited career longevity.,nan
202602109,Brendan Grabot,2026,IOL,0.85,OL,58.673935,61.202225810052916,61.202225810052916,Meaningful G5 Contributor,Standout starter at the Group of 5 level; high-end depth in Power 4.,Potential Day 3 Pick
202602116,Owen Cheatham,2026,OT,0.85,OL,59.362545,62.56380129863898,62.56380129863898,Meaningful G5 Contributor,Standout starter at the Group of 5 level; high-end depth in Power 4.,Potential Day 3 Pick
202602117,Jesse Giddings,2026,IOL,0.85,OL,56.667862,56.971013552223944,56.971013552223944,Multi-Year Starter,Consistent career presence; reliable rotational player or specialist.,nan
202602124,Krew Moledor,2026,IOL,0.8489,OL,55.19186,52.42361615191444,52.42361615191444,Multi-Year Starter,Consistent career presence; reliable rotational player or specialist.,nan
202602138,Dawson Matthews,2026,IOL,0.8478,OL,58.140156,59.81237807622048,59.81237807622048,Multi-Year Starter,Consistent career presence; reliable rotational player or specialist.,nan
202602154,Michael Bowens Jr.,2026,OT,0.8467,OL,58.94884,61.69717567703898,61.69717567703898,Meaningful G5 Contributor,Standout starter at the Group of 5 level; high-end depth in Power 4.,Potential Day 3 Pick
202602160,Isaiah Bowman,2026,IOL,0.8467,OL,56.281834,55.75198217840196,55.75198217840196,Multi-Year Starter,Consistent career presence; reliable rotational player or specialist.,nan
202602167,Sunia Vuki,2026,IOL,0.8456,OL,54.04158,47.091834391379464,47.091834391379464,Single Season Contributor,Late bloomer or one-year starter; limited career longevity.,nan
202602171,Shemaj Henry,2026,IOL,0.8456,OL,57.29201,58.107515112443,58.107515112443,Multi-Year Starter,Consistent career presence; reliable rotational player or specialist.,nan
202602177,Eisa Evans,2026,OT,0.8456,OL,57.583385,58.61799318557563,58.61799318557563,Multi-Year Starter,Consistent career presence; reliable rotational player or specialist.,nan
202602186,Evan Downer,2026,IOL,0.845,OL,61.410572,66.52728305198995,66.52728305198995,Meaningful G5 Contributor,Standout starter at the Group of 5 level; high-end depth in Power 4.,Potential Day 3 Pick
202602193,Dujuan Davis,2026,IOL,0.845,OL,55.271164,52.72395819196644,52.72395819196644,Multi-Year Starter,Consistent career presence; reliable rotational player or specialist.,nan
202602196,Alejandro Schmitt,2026,OT,0.845,OL,56.853638,57.2865590401868,57.2865590401868,Multi-Year Starter,Consistent career presence; reliable rotational player or specialist.,nan
202602200,Cian Mahoney,2026,OT,0.845,OL,61.345657,66.37967628827538,66.37967628827538,Meaningful G5 Contributor,Standout starter at the Group of 5 level; high-end depth in Power 4.,Potential Day 3 Pick
202602202,Terrence Johnson,2026,OT,0.845,OL,52.970627,42.01156870120641,42.01156870120641,Single Season Contributor,Late bloomer or one-year starter; limited career longevity.,nan
202602207,Kamuela Wilhelm,2026,OT,0.845,OL,57.53059,58.52921444406014,58.52921444406014,Multi-Year Starter,Consistent career presence; reliable rotational player or specialist.,nan
202602208,Easton Hammond,2026,IOL,0.845,OL,59.626038,63.088613236117006,63.088613236117006,Meaningful G5 Contributor,Standout starter at the Group of 5 level; high-end depth in Power 4.,Potential Day 3 Pick
202602222,Johnny Notarianni,2026,IOL,0.845,OL,49.260883,34.15316637372016,34.15316637372016,Partial Season Contributor,Rotational backup or special teams contributor; limited starts.,nan
202602224,Josh Battle,2026,OT,0.845,OL,55.338047,52.927823231363114,52.927823231363114,Multi-Year Starter,Consistent career presence; reliable rotational player or specialist.,nan
202602238,Tyrell Scott,2026,IOL,0.845,OL,59.251797,62.359278611436416,62.359278611436416,Meaningful G5 Contributor,Standout starter at the Group of 5 level; high-end depth in Power 4.,Potential Day 3 Pick
202602241,William Johnson,2026,IOL,0.845,OL,59.09884,62.02968565576738,62.02968565576738,Meaningful G5 Contributor,Standout starter at the Group of 5 level; high-end depth in Power 4.,Potential Day 3 Pick
202602246,Jack Nolan,2026,OT,0.845,OL,56.203236,55.496687815578525,55.496687815578525,Multi-Year Starter,Consistent career presence; reliable rotational player or specialist.,nan
202602254,Daniel Schiffert,2026,IOL,0.845,OL,59.214222,62.28281398917576,62.28281398917576,Meaningful G5 Contributor,Standout starter at the Group of 5 level; high-end depth in Power 4.,Potential Day 3 Pick
202602258,Kaisi Lafitaga,2026,IOL,0.845,OL,56.96416,57.43356609787962,57.43356609787962,Multi-Year Starter,Consistent career presence; reliable rotational player or specialist.,nan
202602268,Leyonte Chandler,2026,IOL,0.845,OL,55.182854,52.389506403655126,52.389506403655126,Multi-Year Starter,Consistent career presence; reliable rotational player or specialist.,nan
202602271,Ty Gates,2026,OT,0.845,OL,56.397038,56.135181329362894,56.135181329362894,Multi-Year Starter,Consistent career presence; reliable rotational player or specialist.,nan
202602273,Pryce McClanahan,2026,IOL,0.845,OL,55.146267,52.254286660797526,52.254286660797526,Multi-Year Starter,Consistent career presence; reliable rotational player or specialist.,nan
202602274,Mike Montgomery,2026,OT,0.845,OL,62.048393,67.88629205713482,67.88629205713482,Meaningful G5 Contributor,Standout starter at the Group of 5 level; high-end depth in Power 4.,Potential Day 3 Pick
202602275,Hunter Winn,2026,IOL,0.845,OL,54.764755,50.525902968616016,50.525902968616016,Multi-Year Starter,Consistent career presence; reliable rotational player or specialist.,nan
202602276,Riley Wilson,2026,OT,0.845,OL,56.022602,55.018060175013424,55.018060175013424,Multi-Year Starter,Consistent career presence; reliable rotational player or specialist.,nan
202602278,Colin Prichard,2026,OT,0.845,OL,59.50143,62.8301752139426,62.8301752139426,Meaningful G5 Contributor,Standout starter at the Group of 5 level; high-end depth in Power 4.,Potential Day 3 Pick
202602279,Cristian Alvarez,2026,IOL,0.845,OL,57.40473,58.31788006293531,58.31788006293531,Multi-Year Starter,Consistent career presence; reliable rotational player or specialist.,nan
202602288,Jaqwon Evans,2026,OT,0.8444,OL,51.816433,39.12584012333762,39.12584012333762,Partial Season Contributor,Rotational backup or special teams contributor; limited starts.,nan
202602290,Hayden Flavin,2026,OT,0.8444,OL,55.607323,53.7461490208256,53.7461490208256,Multi-Year Starter,Consistent career presence; reliable rotational player or specialist.,nan
202602296,Ethan Beckman,2026,IOL,0.8433,OL,55.288174,52.78503797870207,52.78503797870207,Multi-Year Starter,Consistent career presence; reliable rotational player or specialist.,nan
202602301,Teagan Lindsey,2026,OT,0.8433,OL,57.87542,59.255558905113155,59.255558905113155,Multi-Year Starter,Consistent career presence; reliable rotational player or specialist.,nan
202602302,Cooper Daines,2026,IOL,0.8433,OL,61.428318,66.56763485693797,66.56763485693797,Meaningful G5 Contributor,Standout starter at the Group of 5 level; high-end depth in Power 4.,Potential Day 3 Pick
202602304,Austin Tremblay,2026,IOL,0.8433,OL,56.7846,57.20149109816462,57.20149109816462,Multi-Year Starter,Consistent career presence; reliable rotational player or specialist.,nan
202602305,Michael Langi,2026,IOL,0.8422,OL,49.455505,34.37900384946216,34.37900384946216,Partial Season Contributor,Rotational backup or special teams contributor; limited starts.,nan
202602315,Jonah Smith,2026,IOL,0.8411,OL,58.223545,60.027717996231466,60.027717996231466,Meaningful G5 Contributor,Standout starter at the Group of 5 level; high-end depth in Power 4.,Potential Day 3 Pick
202602321,Trinton Pritchett,2026,IOL,0.84,OL,54.890858,51.16669958061686,51.16669958061686,Multi-Year Starter,Consistent career presence; reliable rotational player or specialist.,nan
202602325,Daniel Burns,2026,IOL,0.84,OL,56.274597,55.7284773537914,55.7284773537914,Multi-Year Starter,Consistent career presence; reliable rotational player or specialist.,nan
202602327,Jacob Timmer,2026,OT,0.84,OL,55.338165,52.92816179208152,52.92816179208152,Multi-Year Starter,Consistent career presence; reliable rotational player or specialist.,nan
202602328,Grant Kitchens,2026,OT,0.84,OL,57.35228,58.22019253434676,58.22019253434676,Multi-Year Starter,Consistent career presence; reliable rotational player or specialist.,nan
202602341,Jake Allen,2026,IOL,0.84,OL,58.04697,59.676147207165144,59.676147207165144,Multi-Year Starter,Consistent career presence; reliable rotational player or specialist.,nan
202602343,Jadyn Rhodes,2026,IOL,0.84,OL,57.50176,58.48080219744596,58.48080219744596,Multi-Year Starter,Consistent career presence; reliable rotational player or specialist.,nan
202602344,Joshua Austin,2026,IOL,0.84,OL,55.174282,52.357043631804785,52.357043631804785,Multi-Year Starter,Consistent career presence; reliable rotational player or specialist.,nan
202602345,Payton Williams,2026,IOL,0.84,OL,55.370304,53.020173858294555,53.020173858294555,Multi-Year Starter,Consistent career presence; reliable rotational player or specialist.,nan
202602349,Chase Richardson,2026,IOL,0.84,OL,60.288254,64.24105019629816,64.24105019629816,Meaningful G5 Contributor,Standout starter at the Group of 5 level; high-end depth in Power 4.,Potential Day 3 Pick
202602353,James Thomas,2026,IOL,0.84,OL,60.4155,64.4724875508449,64.4724875508449,Meaningful G5 Contributor,Standout starter at the Group of 5 level; high-end depth in Power 4.,Potential Day 3 Pick
202602356,Hudson Reed,2026,OT,0.84,OL,55.72193,54.07994830906815,54.07994830906815,Multi-Year Starter,Consistent career presence; reliable rotational player or specialist.,nan
202602364,Savion Day,2026,IOL,0.84,OL,52.00918,39.553633222587465,39.553633222587465,Partial Season Contributor,Rotational backup or special teams contributor; limited starts.,nan
202602366,Myles Batesky,2026,IOL,0.84,OL,61.52118,66.72754784667379,66.72754784667379,Meaningful G5 Contributor,Standout starter at the Group of 5 level; high-end depth in Power 4.,Potential Day 3 Pick
202602375,Roger Vanderhoef,2026,OT,0.84,OL,53.20792,42.992561771439924,42.992561771439924,Single Season Contributor,Late bloomer or one-year starter; limited career longevity.,nan
202602379,Noah Winsley,2026,OT,0.84,OL,59.1729,62.1921641360505,62.1921641360505,Meaningful G5 Contributor,Standout starter at the Group of 5 level; high-end depth in Power 4.,Potential Day 3 Pick
202602383,Mark Holloway,2026,IOL,0.84,OL,57.253815,58.036103059431895,58.036103059431895,Multi-Year Starter,Consistent career presence; reliable rotational player or specialist.,nan
202602387,Chase Elrod,2026,OT,0.84,OL,59.510235,62.84733667980239,62.84733667980239,Meaningful G5 Contributor,Standout starter at the Group of 5 level; high-end depth in Power 4.,Potential Day 3 Pick
202602390,Adrian Tavui,2026,IOL,0.84,OL,49.609375,34.557552633670575,34.557552633670575,Partial Season Contributor,Rotational backup or special teams contributor; limited starts.,nan
202602394,Braden Chick,2026,IOL,0.84,OL,57.032795,57.59876994047693,57.59876994047693,Multi-Year Starter,Consistent career presence; reliable rotational player or specialist.,nan
202602398,Josiah Evans,2026,IOL,0.84,OL,58.147873,59.82366000876097,59.82366000876097,Multi-Year Starter,Consistent career presence; reliable rotational player or specialist.,nan
202602404,Pierce Decker,2026,OT,0.84,OL,58.94615,61.69119611020918,61.69119611020918,Meaningful G5 Contributor,Standout starter at the Group of 5 level; high-end depth in Power 4.,Potential Day 3 Pick
202602407,Chadrick Windham,2026,IOL,0.84,OL,52.04433,39.65512979534839,39.65512979534839,Partial Season Contributor,Rotational backup or special teams contributor; limited starts.,nan
202602410,Daniel Cepicky,2026,OT,0.84,OL,51.87593,39.242877416619486,39.242877416619486,Partial Season Contributor,Rotational backup or special teams contributor; limited starts.,nan
202602423,Kellen Gamble,2026,IOL,0.84,OL,58.50636,60.72258955893621,60.72258955893621,Meaningful G5 Contributor,Standout starter at the Group of 5 level; high-end depth in Power 4.,Potential Day 3 Pick
202602424,Keenan Parks,2026,IOL,0.84,OL,57.37462,58.26195713860452,58.26195713860452,Multi-Year Starter,Consistent career presence; reliable rotational player or specialist.,nan
202602426,Grady Howell,2026,OT,0.84,OL,57.170918,57.88087274615269,57.88087274615269,Multi-Year Starter,Consistent career presence; reliable rotational player or specialist.,nan
202602432,Vern Faulk,2026,IOL,0.84,OL,56.66282,56.961056970440616,56.961056970440616,Multi-Year Starter,Consistent career presence; reliable rotational player or specialist.,nan
202602433,Will McNamara,2026,IOL,0.84,OL,58.330414,60.27519848795116,60.27519848795116,Meaningful G5 Contributor,Standout starter at the Group of 5 level; high-end depth in Power 4.,Potential Day 3 Pick
202602434,Clay Mitchell,2026,IOL,0.84,OL,57.555843,58.571618396506004,58.571618396506004,Multi-Year Starter,Consistent career presence; reliable rotational player or specialist.,nan
202602443,Danzel Newell,2026,IOL,0.84,OL,60.71726,65.00713719908134,65.00713719908134,Meaningful G5 Contributor,Standout starter at the Group of 5 level; high-end depth in Power 4.,Potential Day 3 Pick
202602444,Nick Anciaux,2026,OT,0.84,OL,63.86967,71.97320344330336,71.97320344330336,Meaningful P4 Contributor,Reliable multi-year starter at the highest level of competition.,Potential Day 2 Pick
202602445,Maddux Murphy,2026,OT,0.84,OL,56.309628,55.8432362281092,55.8432362281092,Multi-Year Starter,Consistent career presence; reliable rotational player or specialist.,nan
202602448,Jaden Johnson,2026,OT,0.84,OL,56.972176,57.452857631522185,57.452857631522185,Multi-Year Starter,Consistent career presence; reliable rotational player or specialist.,nan
202602456,Job Mavrick,2026,IOL,0.84,OL,58.904694,61.616771548442735,61.616771548442735,Meaningful G5 Contributor,Standout starter at the Group of 5 level; high-end depth in Power 4.,Potential Day 3 Pick
202602458,Parks Glaze,2026,OT,0.84,OL,54.72473,50.300385139586105,50.300385139586105,Multi-Year Starter,Consistent career presence; reliable rotational player or specialist.,nan
202602462,Will Hathcock,2026,IOL,0.84,OL,58.712658,61.373909642645046,61.373909642645046,Meaningful G5 Contributor,Standout starter at the Group of 5 level; high-end depth in Power 4.,Potential Day 3 Pick
202602466,Stephan Aristil,2026,IOL,0.84,OL,55.327915,52.89881622271482,52.89881622271482,Multi-Year Starter,Consistent career presence; reliable rotational player or specialist.,nan
202602468,Marco Cate,2026,IOL,0.84,OL,56.98195,57.47638210043805,57.47638210043805,Multi-Year Starter,Consistent career presence; reliable rotational player or specialist.,nan
202602469,Jack Harris,2026,IOL,0.84,OL,56.833878,57.262569923047714,57.262569923047714,Multi-Year Starter,Consistent career presence; reliable rotational player or specialist.,nan
202602472,Corey Dudley Jr.,2026,OT,0.84,OL,57.084785,57.71949600754686,57.71949600754686,Multi-Year Starter,Consistent career presence; reliable rotational player or specialist.,nan
202602489,Mason McGill,2026,IOL,0.84,OL,58.837505,61.536247374205324,61.536247374205324,Meaningful G5 Contributor,Standout starter at the Group of 5 level; high-end depth in Power 4.,Potential Day 3 Pick
202602492,Deminio Patterson,2026,IOL,0.84,OL,52.071655,39.734025069432654,39.734025069432654,Partial Season Contributor,Rotational backup or special teams contributor; limited starts.,nan
202602493,Kaleb Barnes,2026,IOL,0.84,OL,57.117096,57.78003283273803,57.78003283273803,Multi-Year Starter,Consistent career presence; reliable rotational player or specialist.,nan
202602494,Van Martinez,2026,OT,0.84,OL,60.019905,63.825548998192296,63.825548998192296,Meaningful G5 Contributor,Standout starter at the Group of 5 level; high-end depth in Power 4.,Potential Day 3 Pick
202602495,Tr'e Williams,2026,IOL,0.84,OL,55.19987,52.453955191026914,52.453955191026914,Multi-Year Starter,Consistent career presence; reliable rotational player or specialist.,nan
202602501,Enrico Maghelli,2026,OT,0.84,OL,57.197796,57.931231951618685,57.931231951618685,Multi-Year Starter,Consistent career presence; reliable rotational player or specialist.,nan
202602506,Chase Mideau,2026,IOL,0.84,OL,56.012184,54.99662268529799,54.99662268529799,Multi-Year Starter,Consistent career presence; reliable rotational player or specialist.,nan
202602507,Carlton Hall,2026,IOL,0.84,OL,55.890846,54.72388348393313,54.72388348393313,Multi-Year Starter,Consistent career presence; reliable rotational player or specialist.,nan
202602508,Sebastian Dawkins,2026,IOL,0.84,OL,59.88068,63.596491517754004,63.596491517754004,Meaningful G5 Contributor,Standout starter at the Group of 5 level; high-end depth in Power 4.,Potential Day 3 Pick
202602517,Steven Pickard,2026,IOL,0.8378,OL,55.294117,52.80205338513055,52.80205338513055,Multi-Year Starter,Consistent career presence; reliable rotational player or specialist.,nan
202602531,Ryley Kester,2026,IOL,0.835,OL,51.80155,39.096567668308275,39.096567668308275,Partial Season Contributor,Rotational backup or special teams contributor; limited starts.,nan
202602535,Andrew Latu,2026,OT,0.835,OL,52.837666,41.68680894854149,41.68680894854149,Single Season Contributor,Late bloomer or one-year starter; limited career longevity.,nan
202602536,Colton Hogge,2026,OT,0.835,OL,57.757454,58.957925864677335,58.957925864677335,Multi-Year Starter,Consistent career presence; reliable rotational player or specialist.,nan
202602537,Elliott Chaney,2026,IOL,0.835,OL,50.225414,35.37816959207612,35.37816959207612,Partial Season Contributor,Rotational backup or special teams contributor; limited starts.,nan
202602538,Efren Siuloa,2026,IOL,0.835,OL,58.724133,61.400371688158884,61.400371688158884,Meaningful G5 Contributor,Standout starter at the Group of 5 level; high-end depth in Power 4.,Potential Day 3 Pick
202602545,Yendor Mack,2026,IOL,0.835,OL,55.13023,52.19626753138001,52.19626753138001,Multi-Year Starter,Consistent career presence; reliable rotational player or specialist.,nan
202602555,Sami Abdelhak,2026,IOL,0.835,OL,54.65446,50.05446447283538,50.05446447283538,Multi-Year Starter,Consistent career presence; reliable rotational player or specialist.,nan
202602556,Carter Miculka,2026,OT,0.835,OL,54.025875,46.999298032268456,46.999298032268456,Single Season Contributor,Late bloomer or one-year starter; limited career longevity.,nan
202602559,Nasir Jones,2026,IOL,0.835,OL,54.524773,49.52064026136441,49.52064026136441,Single Season Contributor,Late bloomer or one-year starter; limited career longevity.,nan
202602563,Cooper Troy,2026,IOL,0.835,OL,53.785183,45.66070937731876,45.66070937731876,Single Season Contributor,Late bloomer or one-year starter; limited career longevity.,nan
202602584,Liam Thompson,2026,OT,0.835,OL,54.680363,50.136073197587784,50.136073197587784,Multi-Year Starter,Consistent career presence; reliable rotational player or specialist.,nan
202602589,Eric Sandoval,2026,OT,0.835,OL,56.85557,57.288907009760074,57.288907009760074,Multi-Year Starter,Consistent career presence; reliable rotational player or specialist.,nan
202602595,Will Cooper,2026,IOL,0.835,OL,53.3126,43.325687641446585,43.325687641446585,Single Season Contributor,Late bloomer or one-year starter; limited career longevity.,nan
202602596,Miles Muldrow,2026,OT,0.835,OL,51.528214,38.51737032814897,38.51737032814897,Partial Season Contributor,Rotational backup or special teams contributor; limited starts.,nan
202602597,Gavin Kanar,2026,OT,0.835,OL,54.95746,51.48127058338707,51.48127058338707,Multi-Year Starter,Consistent career presence; reliable rotational player or specialist.,nan
202602601,KC Ekwu,2026,OT,0.835,OL,54.834366,50.892332062161955,50.892332062161955,Multi-Year Starter,Consistent career presence; reliable rotational player or specialist.,nan
202602622,Jacob McRae,2026,IOL,0.8311,OL,54.96129,51.498367736929616,51.498367736929616,Multi-Year Starter,Consistent career presence; reliable rotational player or specialist.,nan
202602624,Blake Graham,2026,IOL,0.83,OL,52.041786,39.64778327185066,39.64778327185066,Partial Season Contributor,Rotational backup or special teams contributor; limited starts.,nan
202602633,Aden Jackson,2026,IOL,0.83,OL,53.846546,46.021791456412785,46.021791456412785,Single Season Contributor,Late bloomer or one-year starter; limited career longevity.,nan
202602642,Wes Wiggins,2026,IOL,0.83,OL,47.0574,31.64706094977035,31.64706094977035,Partial Season Contributor,Rotational backup or special teams contributor; limited starts.,nan
202602647,Kyle Lucas,2026,IOL,0.83,OL,62.236088,68.3537741062077,68.3537741062077,Meaningful G5 Contributor,Standout starter at the Group of 5 level; high-end depth in Power 4.,Potential Day 3 Pick
202602648,Damien Chisum,2026,IOL,0.83,OL,55.585617,53.68559472824398,53.68559472824398,Multi-Year Starter,Consistent career presence; reliable rotational player or specialist.,nan
202602651,Joseph Lopez,2026,OT,0.83,OL,52.32941,40.4201501656893,40.4201501656893,Single Season Contributor,Late bloomer or one-year starter; limited career longevity.,nan
202602655,Shane Katz,2026,IOL,0.83,OL,51.841026,39.174217338814195,39.174217338814195,Partial Season Contributor,Rotational backup or special teams contributor; limited starts.,nan
202602668,Nolan Cicero,2026,IOL,0.83,OL,56.136196,55.300307050883966,55.300307050883966,Multi-Year Starter,Consistent career presence; reliable rotational player or specialist.,nan
202602669,Brady Weber,2026,OT,0.83,OL,55.270947,52.72313470376196,52.72313470376196,Multi-Year Starter,Consistent career presence; reliable rotational player or specialist.,nan
202602673,Mytrell Tillman,2026,IOL,0.83,OL,64.26348,72.66434565457126,72.66434565457126,Meaningful P4 Contributor,Reliable multi-year starter at the highest level of competition.,Potential Day 2 Pick
202602676,Matekitonga Havea,2026,OT,0.83,OL,55.850277,54.6022967092147,54.6022967092147,Multi-Year Starter,Consistent career presence; reliable rotational player or specialist.,nan
202602683,Cooper Sherrod,2026,IOL,0.83,OL,54.0134,46.92579939386841,46.92579939386841,Single Season Contributor,Late bloomer or one-year starter; limited career longevity.,nan
202602691,Braden Petzel,2026,OT,0.83,OL,57.365124,58.24420575540822,58.24420575540822,Multi-Year Starter,Consistent career presence; reliable rotational player or specialist.,nan
202602698,Mason Markel,2026,OT,0.83,OL,53.71917,45.25344078881074,45.25344078881074,Single Season Contributor,Late bloomer or one-year starter; limited career longevity.,nan
202602699,Julius Dumas,2026,IOL,0.83,OL,54.226364,48.265804624450766,48.265804624450766,Single Season Contributor,Late bloomer or one-year starter; limited career longevity.,nan
202602718,William Sandfoss,2026,OT,0.83,OL,55.621033,53.78439719789736,53.78439719789736,Multi-Year Starter,Consistent career presence; reliable rotational player or specialist.,nan
202602725,Josiah West,2026,OT,0.83,OL,55.62345,53.79114437214987,53.79114437214987,Multi-Year Starter,Consistent career presence; reliable rotational player or specialist.,nan
202602730,Sean Kentish,2026,IOL,0.83,OL,54.41935,49.14760171798769,49.14760171798769,Single Season Contributor,Late bloomer or one-year starter; limited career longevity.,nan
202602734,Cam Davis,2026,OT,0.83,OL,55.121864,52.16600208161487,52.16600208161487,Multi-Year Starter,Consistent career presence; reliable rotational player or specialist.,nan
202602745,Santiago Castillo,2026,OT,0.83,OL,55.620377,53.78256673422003,53.78256673422003,Multi-Year Starter,Consistent career presence; reliable rotational player or specialist.,nan
202602748,Liam Dalton,2026,IOL,0.83,OL,54.775227,50.58490472621105,50.58490472621105,Multi-Year Starter,Consistent career presence; reliable rotational player or specialist.,nan
202602757,Luke Kingman,2026,IOL,0.83,OL,52.761402,41.51624265336355,41.51624265336355,Single Season Contributor,Late bloomer or one-year starter; limited career longevity.,nan
202602765,Brian Borjon,2026,OT,0.83,OL,54.29289,48.63003020670035,48.63003020670035,Single Season Contributor,Late bloomer or one-year starter; limited career longevity.,nan
202602781,Kendarius Blair,2026,IOL,0.83,OL,52.56287,41.047247590880886,41.047247590880886,Single Season Contributor,Late bloomer or one-year starter; limited career longevity.,nan
202602783,Anthony Cater Jr.,2026,IOL,0.83,OL,54.0428,47.099026918684665,47.099026918684665,Single Season Contributor,Late bloomer or one-year starter; limited career longevity.,nan
202602784,Mason Ramsey,2026,IOL,0.83,OL,56.804108,57.226428789813454,57.226428789813454,Multi-Year Starter,Consistent career presence; reliable rotational player or specialist.,nan
202602785,Preston Broadway,2026,IOL,0.83,OL,57.13805,57.8192924290515,57.8192924290515,Multi-Year Starter,Consistent career presence; reliable rotational player or specialist.,nan
202602789,Logan King,2026,IOL,0.83,OL,58.89361,61.60348572261329,61.60348572261329,Meaningful G5 Contributor,Standout starter at the Group of 5 level; high-end depth in Power 4.,Potential Day 3 Pick
202602790,Charlie Mandabach,2026,OT,0.83,OL,56.273445,55.72473541545065,55.72473541545065,Multi-Year Starter,Consistent career presence; reliable rotational player or specialist.,nan
202602792,Dominik Kosznicki,2026,OT,0.83,OL,55.47585,53.34789982924163,53.34789982924163,Multi-Year Starter,Consistent career presence; reliable rotational player or specialist.,nan
202602797,Brandon Truszkowski,2026,OT,0.83,OL,56.452805,56.37221237377344,56.37221237377344,Multi-Year Starter,Consistent career presence; reliable rotational player or specialist.,nan
202602799,Zion Haney,2026,IOL,0.83,OL,56.769356,57.1713954092038,57.1713954092038,Multi-Year Starter,Consistent career presence; reliable rotational player or specialist.,nan
202602803,Jack Mohlman,2026,OT,0.83,OL,52.77692,41.55032818406356,41.55032818406356,Single Season Contributor,Late bloomer or one-year starter; limited career longevity.,nan
202602805,David Baker,2026,IOL,0.83,OL,53.41229,43.790641982780585,43.790641982780585,Single Season Contributor,Late bloomer or one-year starter; limited career longevity.,nan
202602806,Jerbralon Stewart,2026,IOL,0.83,OL,56.227406,55.575194177588294,55.575194177588294,Multi-Year Starter,Consistent career presence; reliable rotational player or specialist.,nan
202602812,Terrance Brown,2026,OT,0.8278,OL,52.997574,42.07738717467721,42.07738717467721,Single Season Contributor,Late bloomer or one-year starter; limited career longevity.,nan
202602833,Tadan Bingham,2026,OT,0.825,OL,55.68386,53.95967473723292,53.95967473723292,Multi-Year Starter,Consistent career presence; reliable rotational player or specialist.,nan
202602863,Arrie Beavers,2026,IOL,0.82,OL,50.785023,36.56770999412074,36.56770999412074,Partial Season Contributor,Rotational backup or special teams contributor; limited starts.,nan
202602871,Andrew Baggott,2026,IOL,0.82,OL,54.29995,48.67233339781138,48.67233339781138,Single Season Contributor,Late bloomer or one-year starter; limited career longevity.,nan
202602887,Nate Shields,2026,IOL,0.82,OL,53.54537,44.45733529377549,44.45733529377549,Single Season Contributor,Late bloomer or one-year starter; limited career longevity.,nan
202602895,Carter Paul,2026,OT,0.82,OL,58.502804,60.71330828182576,60.71330828182576,Meaningful G5 Contributor,Standout starter at the Group of 5 level; high-end depth in Power 4.,Potential Day 3 Pick
202602897,Andrew Trahin,2026,IOL,0.82,OL,57.388103,58.28716852454223,58.28716852454223,Multi-Year Starter,Consistent career presence; reliable rotational player or specialist.,nan
202602902,Haris Arnautovic,2026,OT,0.82,OL,53.661785,44.97559254393104,44.97559254393104,Single Season Contributor,Late bloomer or one-year starter; limited career longevity.,nan
202602903,Chantz Chargualaf,2026,IOL,0.82,OL,56.470184,56.446082914736195,56.446082914736195,Multi-Year Starter,Consistent career presence; reliable rotational player or specialist.,nan
202602916,Ben Myers,2026,IOL,0.82,OL,52.010254,39.55673924901379,39.55673924901379,Partial Season Contributor,Rotational backup or special teams contributor; limited starts.,nan
202602920,Tommy Lewis,2026,OT,0.82,OL,50.91269,36.90160945727575,36.90160945727575,Partial Season Contributor,Rotational backup or special teams contributor; limited starts.,nan
202602921,Evan Haines,2026,OT,0.82,OL,54.35363,48.968176517174186,48.968176517174186,Single Season Contributor,Late bloomer or one-year starter; limited career longevity.,nan
202602923,Sebastian Cugini,2026,OT,0.82,OL,53.95797,46.599191224268694,46.599191224268694,Single Season Contributor,Late bloomer or one-year starter; limited career longevity.,nan
202602928,Jordan Davis,2026,IOL,0.82,OL,51.194824,37.71386717156145,37.71386717156145,Partial Season Contributor,Rotational backup or special teams contributor; limited starts.,nan
202602936,Duncan Broughton,2026,OT,0.82,OL,53.29821,43.27989664324444,43.27989664324444,Single Season Contributor,Late bloomer or one-year starter; limited career longevity.,nan
202602938,Maverick Diede,2026,IOL,0.82,OL,53.56042,44.51831011589451,44.51831011589451,Single Season Contributor,Late bloomer or one-year starter; limited career longevity.,nan
202602939,Quinn Wicklow,2026,OT,0.82,OL,60.25124,64.172351392578,64.172351392578,Meaningful G5 Contributor,Standout starter at the Group of 5 level; high-end depth in Power 4.,Potential Day 3 Pick
202602940,Ted Kuhrau,2026,OT,0.82,OL,54.530575,49.55204666673673,49.55204666673673,Single Season Contributor,Late bloomer or one-year starter; limited career longevity.,nan
202602946,Wesley Lattus,2026,OT,0.82,OL,53.64065,44.876726308770394,44.876726308770394,Single Season Contributor,Late bloomer or one-year starter; limited career longevity.,nan
202602947,Jonah Tarpley,2026,IOL,0.82,OL,54.044083,47.10657907235513,47.10657907235513,Single Season Contributor,Late bloomer or one-year starter; limited career longevity.,nan
202602950,Zach Scott,2026,OT,0.82,OL,56.84831,57.28008938832516,57.28008938832516,Multi-Year Starter,Consistent career presence; reliable rotational player or specialist.,nan
202602951,Omar Kaba,2026,OT,0.82,OL,52.02263,39.59246956719463,39.59246956719463,Partial Season Contributor,Rotational backup or special teams contributor; limited starts.,nan
202602952,Daniel Mataele,2026,IOL,0.82,OL,50.271664,35.46219448678631,35.46219448678631,Partial Season Contributor,Rotational backup or special teams contributor; limited starts.,nan
202602954,Jaden Maxey,2026,OT,0.82,OL,52.208645,40.124691546057136,40.124691546057136,Single Season Contributor,Late bloomer or one-year starter; limited career longevity.,nan
202602956,Garrett Bertsch,2026,IOL,0.82,OL,51.901535,39.293243148010646,39.293243148010646,Partial Season Contributor,Rotational backup or special teams contributor; limited starts.,nan
202602965,Wesley Dallao-Kubik,2026,OT,0.82,OL,51.30036,37.99582650197551,37.99582650197551,Partial Season Contributor,Rotational backup or special teams contributor; limited starts.,nan
202602967,Xavier Massey,2026,IOL,0.82,OL,50.479267,35.839363970448275,35.839363970448275,Partial Season Contributor,Rotational backup or special teams contributor; limited starts.,nan
202602968,Gavin Beachner,2026,OT,0.82,OL,52.777763,41.55217992995458,41.55217992995458,Single Season Contributor,Late bloomer or one-year starter; limited career longevity.,nan
202602971,Max Zuro,2026,OT,0.82,OL,52.70145,41.38455922158348,41.38455922158348,Single Season Contributor,Late bloomer or one-year starter; limited career longevity.,nan
202602973,Keegan Parker,2026,OT,0.82,OL,56.513348,56.59049765819294,56.59049765819294,Multi-Year Starter,Consistent career presence; reliable rotational player or specialist.,nan
202602975,JB Hoehn,2026,IOL,0.82,OL,49.704727,34.66819834494769,34.66819834494769,Partial Season Contributor,Rotational backup or special teams contributor; limited starts.,nan
202602986,Malachi Johnston,2026,IOL,0.81,OL,51.400986,38.22615101305543,38.22615101305543,Partial Season Contributor,Rotational backup or special teams contributor; limited starts.,nan
202602990,Carson Bahruth,2026,IOL,0.81,OL,50.06528,35.087242750262845,35.087242750262845,Partial Season Contributor,Rotational backup or special teams contributor; limited starts.,nan
202602992,Jakob McKindley,2026,IOL,0.81,OL,50.028362,35.043741291780734,35.043741291780734,Partial Season Contributor,Rotational backup or special teams contributor; limited starts.,nan
202602996,Isaiah Garcia-Perez,2026,OT,0.81,OL,55.439976,53.23105647304554,53.23105647304554,Multi-Year Starter,Consistent career presence; reliable rotational player or specialist.,nan
202603007,LeShaun Jackson,2026,IOL,0.81,OL,50.831223,36.6866905936431,36.6866905936431,Partial Season Contributor,Rotational backup or special teams contributor; limited starts.,nan
202603013,Robert Beverly,2026,OT,0.81,OL,53.125504,42.49329555513447,42.49329555513447,Single Season Contributor,Late bloomer or one-year starter; limited career longevity.,nan
202603026,Brody Bulette,2026,OT,0.81,OL,52.96248,41.991666625989296,41.991666625989296,Single Season Contributor,Late bloomer or one-year starter; limited career longevity.,nan
202603040,Mohamed Bangoura,2026,OT,0.81,OL,53.21523,43.01582146193709,43.01582146193709,Single Season Contributor,Late bloomer or one-year starter; limited career longevity.,nan
202603043,Grant Lott,2026,IOL,0.81,OL,50.91199,36.89959967953488,36.89959967953488,Partial Season Contributor,Rotational backup or special teams contributor; limited starts.,nan
202603045,Dory Lewis-Wilson,2026,IOL,0.81,OL,54.53797,49.59208415524227,49.59208415524227,Single Season Contributor,Late bloomer or one-year starter; limited career longevity.,nan
202603064,Lance Wegman,2026,OT,0.8,OL,54.39233,49.073834089861265,49.073834089861265,Single Season Contributor,Late bloomer or one-year starter; limited career longevity.,nan
202603065,Braiden McKenna,2026,IOL,0.8,OL,51.801582,39.0966276989774,39.0966276989774,Partial Season Contributor,Rotational backup or special teams contributor; limited starts.,nan
202603086,Dristan Williams,2026,IOL,0.8,OL,53.06083,42.231889146236234,42.231889146236234,Single Season Contributor,Late bloomer or one-year starter; limited career longevity.,nan
202603093,Aedyn Buchanan,2026,OT,0.8,OL,58.824383,61.52052017501287,61.52052017501287,Meaningful G5 Contributor,Standout starter at the Group of 5 level; high-end depth in Power 4.,Potential Day 3 Pick
202603094,Jahlon Harris,2026,OT,0.8,OL,52.116756,39.86424687949803,39.86424687949803,Partial Season Contributor,Rotational backup or special teams contributor; limited starts.,nan
202603101,Jayden Micheal,2026,IOL,0.8,OL,55.356136,52.97961209996634,52.97961209996634,Multi-Year Starter,Consistent career presence; reliable rotational player or specialist.,nan
202603105,Alan Wilder,2026,IOL,0.79,OL,50.021603,35.03589746875373,35.03589746875373,Partial Season Contributor,Rotational backup or special teams contributor; limited starts.,nan
202603116,Tyja Starks,2026,IOL,0.76,OL,51.428432,38.288975520494205,38.288975520494205,Partial Season Contributor,Rotational backup or special teams contributor; limited starts.,nan
202700002,Mark Matthews,2027,OT,0.9986,OL,67.37382,79.81472197946728,79.81472197946728,Meaningful P4 Contributor,Reliable multi-year starter at the highest level of competition.,Potential Day 2 Pick
202700004,Kennedy Brown,2027,OT,0.9973,OL,65.81246,76.34968762288943,76.34968762288943,Meaningful P4 Contributor,Reliable multi-year starter at the highest level of competition.,Potential Day 2 Pick
202700010,Maxwell Hiller,2027,IOL,0.9964,OL,69.05029,82.71709183428237,82.71709183428237,Elite Power 4,All-Conference/All-American honors.,First round NFL Draft talent
202700014,Cooper Hackett,2027,OT,0.9935,OL,62.662876,69.23722056133983,69.23722056133983,Meaningful G5 Contributor,Standout starter at the Group of 5 level; high-end depth in Power 4.,Potential Day 3 Pick
202700015,Caden Moss,2027,OT,0.9928,OL,64.937,74.24972752485924,74.24972752485924,Meaningful P4 Contributor,Reliable multi-year starter at the highest level of competition.,Potential Day 2 Pick
202700022,Albert Simien,2027,IOL,0.9897,OL,67.86636,80.61973946375383,80.61973946375383,Elite Power 4,All-Conference/All-American honors.,First round NFL Draft talent
202700028,Kaeden Penny,2027,IOL,0.9882,OL,66.33267,77.51062660413172,77.51062660413172,Meaningful P4 Contributor,Reliable multi-year starter at the highest level of competition.,Potential Day 2 Pick
202700029,Ismael Camara,2027,IOL,0.988,OL,68.81817,82.29427776432165,82.29427776432165,Elite Power 4,All-Conference/All-American honors.,First round NFL Draft talent
202700038,Layton Von Brandt,2027,OT,0.9829,OL,64.92152,74.20413051594392,74.20413051594392,Meaningful P4 Contributor,Reliable multi-year starter at the highest level of competition.,Potential Day 2 Pick
202700054,Kelsey Adams,2027,OT,0.9776,OL,65.05727,74.60398639550537,74.60398639550537,Meaningful P4 Contributor,Reliable multi-year starter at the highest level of competition.,Potential Day 2 Pick
202700069,Oluwasemilore Olubobola,2027,OT,0.9698,OL,64.748505,73.72666652011678,73.72666652011678,Meaningful P4 Contributor,Reliable multi-year starter at the highest level of competition.,Potential Day 2 Pick
202700070,Joshua Sam-Epelle,2027,OT,0.9691,OL,71.51624,88.83122033179484,88.83122033179484,Elite Power 4,All-Conference/All-American honors.,First round NFL Draft talent
202700077,Jordan Agbanoma,2027,IOL,0.9675,OL,65.24038,75.06314891236381,75.06314891236381,Meaningful P4 Contributor,Reliable multi-year starter at the highest level of competition.,Potential Day 2 Pick
202700082,Elijah Hutcheson,2027,OT,0.9658,OL,65.67703,76.0361702207942,76.0361702207942,Meaningful P4 Contributor,Reliable multi-year starter at the highest level of competition.,Potential Day 2 Pick
202700092,Qua Ford,2027,OT,0.9599,OL,65.12195,74.76993260492658,74.76993260492658,Meaningful P4 Contributor,Reliable multi-year starter at the highest level of competition.,Potential Day 2 Pick
202700107,Jatori Williams,2027,IOL,0.954,OL,61.071415,65.93448803568533,65.93448803568533,Meaningful G5 Contributor,Standout starter at the Group of 5 level; high-end depth in Power 4.,Potential Day 3 Pick
202700114,James Halter,2027,OT,0.9502,OL,61.689114,66.98332427359908,66.98332427359908,Meaningful G5 Contributor,Standout starter at the Group of 5 level; high-end depth in Power 4.,Potential Day 3 Pick
202700121,Dewey Young,2027,OT,0.9482,OL,61.72862,67.07773627907649,67.07773627907649,Meaningful G5 Contributor,Standout starter at the Group of 5 level; high-end depth in Power 4.,Potential Day 3 Pick
202700130,Jake Hildebrand,2027,OT,0.9455,OL,60.502163,64.61759667331262,64.61759667331262,Meaningful G5 Contributor,Standout starter at the Group of 5 level; high-end depth in Power 4.,Potential Day 3 Pick
202700138,Princeton Uwaifo,2027,OT,0.9425,OL,59.79298,63.430867698034895,63.430867698034895,Meaningful G5 Contributor,Standout starter at the Group of 5 level; high-end depth in Power 4.,Potential Day 3 Pick
202700157,Antonio Berry,2027,IOL,0.9349,OL,57.499947,58.477759617776506,58.477759617776506,Multi-Year Starter,Consistent career presence; reliable rotational player or specialist.,nan
202700161,Nate Carson,2027,OT,0.9344,OL,64.29968,72.73480220279589,72.73480220279589,Meaningful P4 Contributor,Reliable multi-year starter at the highest level of competition.,Potential Day 2 Pick
202700167,Cole Reiter,2027,OT,0.933,OL,62.792347,69.51254032436087,69.51254032436087,Meaningful G5 Contributor,Standout starter at the Group of 5 level; high-end depth in Power 4.,Potential Day 3 Pick
202700170,Sean Tatum,2027,IOL,0.9326,OL,64.60386,73.36765744608729,73.36765744608729,Meaningful P4 Contributor,Reliable multi-year starter at the highest level of competition.,Potential Day 2 Pick
202700172,Brian Swanson,2027,OT,0.9323,OL,64.018776,72.26238244924032,72.26238244924032,Meaningful P4 Contributor,Reliable multi-year starter at the highest level of competition.,Potential Day 2 Pick
202700180,Kalel Johnson,2027,OT,0.9293,OL,58.74161,61.42131995173442,61.42131995173442,Meaningful G5 Contributor,Standout starter at the Group of 5 level; high-end depth in Power 4.,Potential Day 3 Pick
202700181,Kyler Kuhn,2027,IOL,0.9292,OL,60.71106,64.99278085892703,64.99278085892703,Meaningful G5 Contributor,Standout starter at the Group of 5 level; high-end depth in Power 4.,Potential Day 3 Pick
202700183,Cameron Wagner,2027,OT,0.9284,OL,64.7805,73.80608442488389,73.80608442488389,Meaningful P4 Contributor,Reliable multi-year starter at the highest level of competition.,Potential Day 2 Pick
202700184,Kaeden Scott,2027,OT,0.9281,OL,62.600178,69.09194227227246,69.09194227227246,Meaningful G5 Contributor,Standout starter at the Group of 5 level; high-end depth in Power 4.,Potential Day 3 Pick
202700196,Jakari Lipsey,2027,OT,0.9268,OL,62.209183,68.28966323739557,68.28966323739557,Meaningful G5 Contributor,Standout starter at the Group of 5 level; high-end depth in Power 4.,Potential Day 3 Pick
202700208,DeMarrion Johnson,2027,OT,0.9236,OL,63.0685,70.11879223859886,70.11879223859886,Meaningful P4 Contributor,Reliable multi-year starter at the highest level of competition.,Potential Day 2 Pick
202700211,Kellen Wymer,2027,IOL,0.9233,OL,60.278786,64.22347723630295,64.22347723630295,Meaningful G5 Contributor,Standout starter at the Group of 5 level; high-end depth in Power 4.,Potential Day 3 Pick
202700235,Brody McNeel,2027,OT,0.9194,OL,60.132305,63.98635638100204,63.98635638100204,Meaningful G5 Contributor,Standout starter at the Group of 5 level; high-end depth in Power 4.,Potential Day 3 Pick
202700237,Peyton Miller,2027,IOL,0.919,OL,62.343193,68.56730297947786,68.56730297947786,Meaningful G5 Contributor,Standout starter at the Group of 5 level; high-end depth in Power 4.,Potential Day 3 Pick
202700238,Terrance Smith,2027,IOL,0.9189,OL,63.403053,70.75077985870197,70.75077985870197,Meaningful P4 Contributor,Reliable multi-year starter at the highest level of competition.,Potential Day 2 Pick
202700239,Jackson Roper,2027,IOL,0.9188,OL,61.62327,66.88303676695125,66.88303676695125,Meaningful G5 Contributor,Standout starter at the Group of 5 level; high-end depth in Power 4.,Potential Day 3 Pick
202700247,Jimmy Kalis,2027,OT,0.9176,OL,61.932934,67.58938873938241,67.58938873938241,Meaningful G5 Contributor,Standout starter at the Group of 5 level; high-end depth in Power 4.,Potential Day 3 Pick
202700253,Mason McDermott,2027,OT,0.917,OL,60.55701,64.71095266056948,64.71095266056948,Meaningful G5 Contributor,Standout starter at the Group of 5 level; high-end depth in Power 4.,Potential Day 3 Pick
202700257,Timi Aliu,2027,OT,0.9156,OL,61.596203,66.84181436618267,66.84181436618267,Meaningful G5 Contributor,Standout starter at the Group of 5 level; high-end depth in Power 4.,Potential Day 3 Pick
202700259,Li'Marcus Jones,2027,OT,0.9154,OL,60.401787,64.44952482105921,64.44952482105921,Meaningful G5 Contributor,Standout starter at the Group of 5 level; high-end depth in Power 4.,Potential Day 3 Pick
202700265,Sidney Rouleau,2027,OT,0.914,OL,60.355835,64.36648233138075,64.36648233138075,Meaningful G5 Contributor,Standout starter at the Group of 5 level; high-end depth in Power 4.,Potential Day 3 Pick
202700269,Q'Mari Hudson,2027,OT,0.9129,OL,59.50853,62.84401294702972,62.84401294702972,Meaningful G5 Contributor,Standout starter at the Group of 5 level; high-end depth in Power 4.,Potential Day 3 Pick
202700273,Antonio Keefer,2027,OT,0.9121,OL,58.920147,61.63529215423594,61.63529215423594,Meaningful G5 Contributor,Standout starter at the Group of 5 level; high-end depth in Power 4.,Potential Day 3 Pick
202700280,Gus Corsair,2027,IOL,0.911,OL,60.943176,65.64891474383856,65.64891474383856,Meaningful G5 Contributor,Standout starter at the Group of 5 level; high-end depth in Power 4.,Potential Day 3 Pick
202700292,Niko Kampas,2027,OT,0.9079,OL,59.363537,62.56563292920775,62.56563292920775,Meaningful G5 Contributor,Standout starter at the Group of 5 level; high-end depth in Power 4.,Potential Day 3 Pick
202700308,Junior Saunders,2027,OT,0.9038,OL,62.800903,69.53056761536543,69.53056761536543,Meaningful G5 Contributor,Standout starter at the Group of 5 level; high-end depth in Power 4.,Potential Day 3 Pick
202700317,Lincoln Mageo,2027,IOL,0.9018,OL,56.753307,57.13971058351357,57.13971058351357,Multi-Year Starter,Consistent career presence; reliable rotational player or specialist.,nan
202700321,Will Slagle,2027,IOL,0.9014,OL,62.58244,69.05084078503936,69.05084078503936,Meaningful G5 Contributor,Standout starter at the Group of 5 level; high-end depth in Power 4.,Potential Day 3 Pick
202700331,Carter Jones,2027,OT,0.8986,OL,60.210052,64.0959068925505,64.0959068925505,Meaningful G5 Contributor,Standout starter at the Group of 5 level; high-end depth in Power 4.,Potential Day 3 Pick
202700343,Isaiah Bertola,2027,OT,0.8962,OL,61.54738,66.76745136302031,66.76745136302031,Meaningful G5 Contributor,Standout starter at the Group of 5 level; high-end depth in Power 4.,Potential Day 3 Pick
202700353,Ian Aloisio,2027,IOL,0.8938,OL,63.881405,72.00166391799708,72.00166391799708,Meaningful P4 Contributor,Reliable multi-year starter at the highest level of competition.,Potential Day 2 Pick
202700362,Reed Ramsier,2027,IOL,0.8915,OL,60.76658,65.12136065868448,65.12136065868448,Meaningful G5 Contributor,Standout starter at the Group of 5 level; high-end depth in Power 4.,Potential Day 3 Pick
202700364,Gecova Doyal,2027,IOL,0.8911,OL,63.126595,70.22074542047875,70.22074542047875,Meaningful P4 Contributor,Reliable multi-year starter at the highest level of competition.,Potential Day 2 Pick
202700366,Kaden Buchanan,2027,IOL,0.8907,OL,59.389725,62.61399502095637,62.61399502095637,Meaningful G5 Contributor,Standout starter at the Group of 5 level; high-end depth in Power 4.,Potential Day 3 Pick
202700368,Mason Joshua,2027,OT,0.8905,OL,64.99695,74.42631761655787,74.42631761655787,Meaningful P4 Contributor,Reliable multi-year starter at the highest level of competition.,Potential Day 2 Pick
202700371,Odaefe Oruru,2027,IOL,0.89,OL,59.3733,62.58366040084427,62.58366040084427,Meaningful G5 Contributor,Standout starter at the Group of 5 level; high-end depth in Power 4.,Potential Day 3 Pick
202700374,Keyon Hemphill-Woods,2027,IOL,0.89,OL,60.66896,64.91334819371387,64.91334819371387,Meaningful G5 Contributor,Standout starter at the Group of 5 level; high-end depth in Power 4.,Potential Day 3 Pick
202700379,DaJohn Yarborough,2027,IOL,0.89,OL,61.300247,66.27642007888133,66.27642007888133,Meaningful G5 Contributor,Standout starter at the Group of 5 level; high-end depth in Power 4.,Potential Day 3 Pick
202700382,Ian Walker,2027,IOL,0.89,OL,61.42421,66.55829287629975,66.55829287629975,Meaningful G5 Contributor,Standout starter at the Group of 5 level; high-end depth in Power 4.,Potential Day 3 Pick
202700384,Caleb Unger,2027,IOL,0.89,OL,59.67082,63.18663862958796,63.18663862958796,Meaningful G5 Contributor,Standout starter at the Group of 5 level; high-end depth in Power 4.,Potential Day 3 Pick
202700406,Hunter Mallinger,2027,IOL,0.8887,OL,65.43646,75.52210292827458,75.52210292827458,Meaningful P4 Contributor,Reliable multi-year starter at the highest level of competition.,Potential Day 2 Pick
202700410,Lucas Rhoa,2027,OT,0.8878,OL,61.159275,66.05615183754651,66.05615183754651,Meaningful G5 Contributor,Standout starter at the Group of 5 level; high-end depth in Power 4.,Potential Day 3 Pick
202700414,Clayton Lee,2027,OT,0.8865,OL,57.217007,57.96722527530968,57.96722527530968,Multi-Year Starter,Consistent career presence; reliable rotational player or specialist.,nan
202700453,Terrance Warren III,2027,OT,0.88,OL,61.118355,65.99948773531635,65.99948773531635,Meaningful G5 Contributor,Standout starter at the Group of 5 level; high-end depth in Power 4.,Potential Day 3 Pick
202700462,Tyler Ford,2027,OT,0.88,OL,61.65192,66.92667615414967,66.92667615414967,Meaningful G5 Contributor,Standout starter at the Group of 5 level; high-end depth in Power 4.,Potential Day 3 Pick
202700471,Keilan Neal,2027,IOL,0.88,OL,65.44461,75.5395145694141,75.5395145694141,Meaningful P4 Contributor,Reliable multi-year starter at the highest level of competition.,Potential Day 2 Pick
202700492,Davis Seaman,2027,OT,0.88,OL,61.698666,67.00325751695277,67.00325751695277,Meaningful G5 Contributor,Standout starter at the Group of 5 level; high-end depth in Power 4.,Potential Day 3 Pick
202700494,Abram Eisenhower,2027,OT,0.88,OL,61.31871,66.31840261025458,66.31840261025458,Meaningful G5 Contributor,Standout starter at the Group of 5 level; high-end depth in Power 4.,Potential Day 3 Pick
202700502,Amaziah Siale,2027,OT,0.88,OL,61.72628,67.07192177561471,67.07192177561471,Meaningful G5 Contributor,Standout starter at the Group of 5 level; high-end depth in Power 4.,Potential Day 3 Pick
202700509,Ethan Lawson,2027,IOL,0.88,OL,59.990376,63.7769659925734,63.7769659925734,Meaningful G5 Contributor,Standout starter at the Group of 5 level; high-end depth in Power 4.,Potential Day 3 Pick
202700513,Soren Fifer,2027,OT,0.88,OL,61.238773,66.16623666000164,66.16623666000164,Meaningful G5 Contributor,Standout starter at the Group of 5 level; high-end depth in Power 4.,Potential Day 3 Pick
202700533,Drew Fielder,2027,OT,0.8765,OL,62.90751,69.75945000718947,69.75945000718947,Meaningful G5 Contributor,Standout starter at the Group of 5 level; high-end depth in Power 4.,Potential Day 3 Pick
202700535,Lual Aleu,2027,OT,0.875,OL,59.824738,63.49130744909829,63.49130744909829,Meaningful G5 Contributor,Standout starter at the Group of 5 level; high-end depth in Power 4.,Potential Day 3 Pick
202700548,Tristan Dare,2027,IOL,0.875,OL,57.13491,57.8134102794491,57.8134102794491,Multi-Year Starter,Consistent career presence; reliable rotational player or specialist.,nan
202700549,Reis Russell,2027,IOL,0.875,OL,57.928658,59.44924060259242,59.44924060259242,Multi-Year Starter,Consistent career presence; reliable rotational player or specialist.,nan
202700552,Bryson Sanderson,2027,IOL,0.875,OL,57.468433,58.424844353251544,58.424844353251544,Multi-Year Starter,Consistent career presence; reliable rotational player or specialist.,nan
202700555,Jacob Burns,2027,OT,0.875,OL,57.90742,59.37198164516428,59.37198164516428,Multi-Year Starter,Consistent career presence; reliable rotational player or specialist.,nan
202700560,Braylin Mills,2027,OT,0.875,OL,60.11305,63.959672018853084,63.959672018853084,Meaningful G5 Contributor,Standout starter at the Group of 5 level; high-end depth in Power 4.,Potential Day 3 Pick
202700571,Mason Wilt,2027,IOL,0.875,OL,55.65282,53.873078906172,53.873078906172,Multi-Year Starter,Consistent career presence; reliable rotational player or specialist.,nan
202700573,Mason Halliman,2027,OT,0.875,OL,59.135372,62.10983277941773,62.10983277941773,Meaningful G5 Contributor,Standout starter at the Group of 5 level; high-end depth in Power 4.,Potential Day 3 Pick
202700601,Jaiden Thompson,2027,IOL,0.87,OL,58.721527,61.39724910762155,61.39724910762155,Meaningful G5 Contributor,Standout starter at the Group of 5 level; high-end depth in Power 4.,Potential Day 3 Pick
202700609,Patrick O'Brien,2027,OT,0.87,OL,59.28504,62.420673459155154,62.420673459155154,Meaningful G5 Contributor,Standout starter at the Group of 5 level; high-end depth in Power 4.,Potential Day 3 Pick
202700633,Matt Erickson,2027,OT,0.87,OL,58.540154,60.79682758079528,60.79682758079528,Meaningful G5 Contributor,Standout starter at the Group of 5 level; high-end depth in Power 4.,Potential Day 3 Pick
202700636,Shavezz Dixon,2027,IOL,0.87,OL,58.518135,60.74845848020034,60.74845848020034,Meaningful G5 Contributor,Standout starter at the Group of 5 level; high-end depth in Power 4.,Potential Day 3 Pick
202700662,Ethan McIntosh,2027,OT,0.87,OL,55.464817,53.31196714249992,53.31196714249992,Multi-Year Starter,Consistent career presence; reliable rotational player or specialist.,nan
202700666,Luke Wilson,2027,OT,0.87,OL,60.13888,63.995469661577474,63.995469661577474,Meaningful G5 Contributor,Standout starter at the Group of 5 level; high-end depth in Power 4.,Potential Day 3 Pick
202700667,Derek Gonzalez,2027,OT,0.87,OL,57.951992,59.534132473005194,59.534132473005194,Multi-Year Starter,Consistent career presence; reliable rotational player or specialist.,nan
202700671,DJ Dotson,2027,OT,0.87,OL,60.062817,63.89006431663886,63.89006431663886,Meaningful G5 Contributor,Standout starter at the Group of 5 level; high-end depth in Power 4.,Potential Day 3 Pick
202700681,Alijah Shaw,2027,OT,0.87,OL,56.65418,56.94399822782393,56.94399822782393,Multi-Year Starter,Consistent career presence; reliable rotational player or specialist.,nan
202700688,Tyson Ross,2027,IOL,0.87,OL,58.52348,60.76019879723664,60.76019879723664,Meaningful G5 Contributor,Standout starter at the Group of 5 level; high-end depth in Power 4.,Potential Day 3 Pick
202700696,Jordan Carraway,2027,IOL,0.865,OL,56.114876,55.239968120613845,55.239968120613845,Multi-Year Starter,Consistent career presence; reliable rotational player or specialist.,nan
202700703,Bryson Hurt,2027,IOL,0.865,OL,56.43271,56.286797534047416,56.286797534047416,Multi-Year Starter,Consistent career presence; reliable rotational player or specialist.,nan
202700705,Justyn Perez,2027,IOL,0.865,OL,59.44269,62.715681170914436,62.715681170914436,Meaningful G5 Contributor,Standout starter at the Group of 5 level; high-end depth in Power 4.,Potential Day 3 Pick
202700720,Lex Mailangi,2027,IOL,0.86,OL,50.23311,35.39214832950852,35.39214832950852,Partial Season Contributor,Rotational backup or special teams contributor; limited starts.,nan
202700767,Myren Jackson,2027,OT,0.86,OL,54.30845,48.72325263595043,48.72325263595043,Single Season Contributor,Late bloomer or one-year starter; limited career longevity.,nan
202700774,Avery Michael,2027,OT,0.86,OL,54.39779,49.08873758779278,49.08873758779278,Single Season Contributor,Late bloomer or one-year starter; limited career longevity.,nan
202700776,Grady Holmes,2027,OT,0.86,OL,55.477432,53.35305614493936,53.35305614493936,Multi-Year Starter,Consistent career presence; reliable rotational player or specialist.,nan
202700777,Luke Injaychock,2027,IOL,0.86,OL,59.545387,62.91585613729717,62.91585613729717,Meaningful G5 Contributor,Standout starter at the Group of 5 level; high-end depth in Power 4.,Potential Day 3 Pick
202700778,Zaquan Linton,2027,OT,0.86,OL,54.504738,49.412194212044625,49.412194212044625,Single Season Contributor,Late bloomer or one-year starter; limited career longevity.,nan
202700786,Joseph Hamer,2027,OT,0.86,OL,56.591503,56.79879458256766,56.79879458256766,Multi-Year Starter,Consistent career presence; reliable rotational player or specialist.,nan
202700787,Zyion Wesley,2027,OT,0.86,OL,57.015842,57.55796481172512,57.55796481172512,Multi-Year Starter,Consistent career presence; reliable rotational player or specialist.,nan
202700807,Marcus Small,2027,OT,0.86,OL,52.082474,39.765261562145625,39.765261562145625,Partial Season Contributor,Rotational backup or special teams contributor; limited starts.,nan
202700810,Jayden Dean,2027,IOL,0.855,OL,56.68841,57.011585493272975,57.011585493272975,Multi-Year Starter,Consistent career presence; reliable rotational player or specialist.,nan
202700814,Louis Esposito,2027,IOL,0.855,OL,55.86801,54.6554473359816,54.6554473359816,Multi-Year Starter,Consistent career presence; reliable rotational player or specialist.,nan
202700818,Connor Long,2027,IOL,0.855,OL,55.755135,54.239647104887375,54.239647104887375,Multi-Year Starter,Consistent career presence; reliable rotational player or specialist.,nan
202700828,Hudson Whitenight,2027,IOL,0.85,OL,58.903934,61.61586174825689,61.61586174825689,Meaningful G5 Contributor,Standout starter at the Group of 5 level; high-end depth in Power 4.,Potential Day 3 Pick
202700848,Jayden Mack,2027,IOL,0.85,OL,53.597454,44.67463944108824,44.67463944108824,Single Season Contributor,Late bloomer or one-year starter; limited career longevity.,nan
202700849,Gabe Prince,2027,IOL,0.85,OL,59.243958,62.344801685210136,62.344801685210136,Meaningful G5 Contributor,Standout starter at the Group of 5 level; high-end depth in Power 4.,Potential Day 3 Pick
202700852,Calvin Moala,2027,IOL,0.85,OL,49.62828,34.57949054954069,34.57949054954069,Partial Season Contributor,Rotational backup or special teams contributor; limited starts.,nan
202700853,Phoenix Pollard,2027,IOL,0.85,OL,57.156796,57.85441379374918,57.85441379374918,Multi-Year Starter,Consistent career presence; reliable rotational player or specialist.,nan
202700858,Reece Mallinger,2027,IOL,0.85,OL,56.944626,57.39702012551529,57.39702012551529,Multi-Year Starter,Consistent career presence; reliable rotational player or specialist.,nan
202700861,Sire Stewart,2027,OT,0.85,OL,59.383717,62.60289956654936,62.60289956654936,Meaningful G5 Contributor,Standout starter at the Group of 5 level; high-end depth in Power 4.,Potential Day 3 Pick
202700865,Rashaun Lavata'i,2027,IOL,0.85,OL,62.222008,68.3202233878204,68.3202233878204,Meaningful G5 Contributor,Standout starter at the Group of 5 level; high-end depth in Power 4.,Potential Day 3 Pick
202700866,Clint Lundin,2027,OT,0.85,OL,52.21229,40.13361372813965,40.13361372813965,Single Season Contributor,Late bloomer or one-year starter; limited career longevity.,nan
202700870,Brayden Harris,2027,OT,0.85,OL,54.201424,48.142231801709386,48.142231801709386,Single Season Contributor,Late bloomer or one-year starter; limited career longevity.,nan
202700876,Richie Dexter,2027,OT,0.85,OL,56.024082,55.02110585279064,55.02110585279064,Multi-Year Starter,Consistent career presence; reliable rotational player or specialist.,nan
202700877,Greg Thomas II,2027,IOL,0.85,OL,55.219532,52.52841586130581,52.52841586130581,Multi-Year Starter,Consistent career presence; reliable rotational player or specialist.,nan
202700885,Randle Pollard,2027,IOL,0.84,OL,57.6333,58.71184286853519,58.71184286853519,Multi-Year Starter,Consistent career presence; reliable rotational player or specialist.,nan
202700898,Justin Ortiz,2027,OT,0.84,OL,51.512714,38.48189347287118,38.48189347287118,Partial Season Contributor,Rotational backup or special teams contributor; limited starts.,nan
202700904,Bradley Sturdivant,2027,IOL,0.84,OL,54.334526,48.879484194262176,48.879484194262176,Single Season Contributor,Late bloomer or one-year starter; limited career longevity.,nan
202700912,Carsten Campbell,2027,IOL,0.84,OL,49.59084,34.53604409186007,34.53604409186007,Partial Season Contributor,Rotational backup or special teams contributor; limited starts.,nan
202700915,Jackson Hill,2027,OT,0.84,OL,53.878193,46.181638178677346,46.181638178677346,Single Season Contributor,Late bloomer or one-year starter; limited career longevity.,nan
202700924,Shane Reiersgaard,2027,IOL,0.84,OL,59.89379,63.61806234714454,63.61806234714454,Meaningful G5 Contributor,Standout starter at the Group of 5 level; high-end depth in Power 4.,Potential Day 3 Pick
202700925,Chase Grohman,2027,IOL,0.84,OL,57.110134,57.76698918386272,57.76698918386272,Multi-Year Starter,Consistent career presence; reliable rotational player or specialist.,nan
202700930,Liam Chang,2027,OT,0.84,OL,56.850304,57.28251145555755,57.28251145555755,Multi-Year Starter,Consistent career presence; reliable rotational player or specialist.,nan
202700933,Sione Schaaf,2027,IOL,0.84,OL,50.98228,37.10196123501661,37.10196123501661,Partial Season Contributor,Rotational backup or special teams contributor; limited starts.,nan
202700937,Dominic Maser,2027,OT,0.84,OL,56.287006,55.76878372936238,55.76878372936238,Multi-Year Starter,Consistent career presence; reliable rotational player or specialist.,nan
202700948,Gage Luther,2027,IOL,0.83,OL,52.767498,41.5296322005756,41.5296322005756,Single Season Contributor,Late bloomer or one-year starter; limited career longevity.,nan
202700949,LJ Riley,2027,IOL,0.83,OL,52.041786,39.64778327185066,39.64778327185066,Partial Season Contributor,Rotational backup or special teams contributor; limited starts.,nan
202700952,Elias Fineanganofo,2027,IOL,0.83,OL,56.954353,57.409958990314166,57.409958990314166,Multi-Year Starter,Consistent career presence; reliable rotational player or specialist.,nan
202700967,Tyson Seidman,2027,IOL,0.83,OL,50.181034,35.297540622671775,35.297540622671775,Partial Season Contributor,Rotational backup or special teams contributor; limited starts.,nan
202700971,Titus Lopati,2027,IOL,0.83,OL,55.90092,54.754077247170684,54.754077247170684,Multi-Year Starter,Consistent career presence; reliable rotational player or specialist.,nan
202700980,Phoenix Jenkins,2027,OT,0.82,OL,54.28471,48.58103072439778,48.58103072439778,Single Season Contributor,Late bloomer or one-year starter; limited career longevity.,nan
202700986,David Kauvaka,2027,IOL,0.82,OL,55.035183,51.82823722026878,51.82823722026878,Multi-Year Starter,Consistent career presence; reliable rotational player or specialist.,nan
202700988,Deshawn Streeter,2027,OT,0.82,OL,53.309467,43.31572093690683,43.31572093690683,Single Season Contributor,Late bloomer or one-year starter; limited career longevity.,nan
202700995,Ayden Bullinger,2027,OT,0.82,OL,53.24333,43.10524258939123,43.10524258939123,Single Season Contributor,Late bloomer or one-year starter; limited career longevity.,nan
202700999,Colin Urrea,2027,IOL,0.81,OL,53.120342,42.459812140338876,42.459812140338876,Single Season Contributor,Late bloomer or one-year starter; limited career longevity.,nan
202701001,Shane Johnson,2027,IOL,0.81,OL,54.949867,51.44738279897507,51.44738279897507,Multi-Year Starter,Consistent career presence; reliable rotational player or specialist.,nan
202701007,Joe Hamby,2027,IOL,0.8,OL,55.549686,53.58535555744849,53.58535555744849,Multi-Year Starter,Consistent career presence; reliable rotational player or specialist.,nan
202701014,Isaiah Bryant,2027,OT,0.8,OL,49.970894,34.97705551644109,34.97705551644109,Partial Season Contributor,Rotational backup or special teams contributor; limited starts.,nan
202701015,Skyler Smith,2027,IOL,0.8,OL,53.457397,44.083395211419166,44.083395211419166,Single Season Contributor,Late bloomer or one-year starter; limited career longevity.,nan
202800011,Jamarios Canton,2028,OT,0.9935,OL,67.57094,80.13689606428136,80.13689606428136,Elite Power 4,All-Conference/All-American honors.,First round NFL Draft talent
202800014,George Selvie III,2028,IOL,0.9926,OL,66.17754,77.19523036928423,77.19523036928423,Meaningful P4 Contributor,Reliable multi-year starter at the highest level of competition.,Potential Day 2 Pick
202800015,R'Monie Edwards,2028,OT,0.9924,OL,68.81744,82.29294365912145,82.29294365912145,Elite Power 4,All-Conference/All-American honors.,First round NFL Draft talent
202800023,Bryce Smalls,2028,OT,0.9887,OL,63.550125,71.10918455100092,71.10918455100092,Meaningful P4 Contributor,Reliable multi-year starter at the highest level of competition.,Potential Day 2 Pick
202800031,Kweli Fielder,2028,OT,0.9823,OL,63.955967,72.1594585046225,72.1594585046225,Meaningful P4 Contributor,Reliable multi-year starter at the highest level of competition.,Potential Day 2 Pick
202800036,Elisha Mueller,2028,IOL,0.9808,OL,59.504383,62.83593040223354,62.83593040223354,Meaningful G5 Contributor,Standout starter at the Group of 5 level; high-end depth in Power 4.,Potential Day 3 Pick
202800042,Grayson Williams,2028,OT,0.9788,OL,70.924614,87.31457461191188,87.31457461191188,Elite Power 4,All-Conference/All-American honors.,First round NFL Draft talent
202800045,Maxx Jones,2028,OT,0.978,OL,63.838463,71.89750931343686,71.89750931343686,Meaningful P4 Contributor,Reliable multi-year starter at the highest level of competition.,Potential Day 2 Pick
202800053,Lance Ciechanowski,2028,OT,0.9706,OL,60.207195,64.09060385184284,64.09060385184284,Meaningful G5 Contributor,Standout starter at the Group of 5 level; high-end depth in Power 4.,Potential Day 3 Pick
202800057,Major Green,2028,IOL,0.944,OL,63.825054,71.86498702197117,71.86498702197117,Meaningful P4 Contributor,Reliable multi-year starter at the highest level of competition.,Potential Day 2 Pick
202800063,Mataio Fano,2028,OT,0.9406,OL,58.48435,60.66225157124403,60.66225157124403,Meaningful G5 Contributor,Standout starter at the Group of 5 level; high-end depth in Power 4.,Potential Day 3 Pick
202800079,King Pitts,2028,OT,0.9342,OL,63.581085,71.20378642690268,71.20378642690268,Meaningful P4 Contributor,Reliable multi-year starter at the highest level of competition.,Potential Day 2 Pick
202800098,Carter Barrett,2028,OT,0.9306,OL,64.6574,73.50055083084065,73.50055083084065,Meaningful P4 Contributor,Reliable multi-year starter at the highest level of competition.,Potential Day 2 Pick
202800109,Toa Feinga,2028,IOL,0.9283,OL,67.73521,80.40537654654058,80.40537654654058,Elite Power 4,All-Conference/All-American honors.,First round NFL Draft talent
202800126,Jai'Storm Knight,2028,OT,0.9245,OL,68.51573,81.74338959514128,81.74338959514128,Elite Power 4,All-Conference/All-American honors.,First round NFL Draft talent
202800133,Malakhi Dudley,2028,OT,0.89,OL,63.858593,71.9463343865704,71.9463343865704,Meaningful P4 Contributor,Reliable multi-year starter at the highest level of competition.,Potential Day 2 Pick
202800153,Hunter Hill,2028,IOL,0.88,OL,60.069637,63.89951590925422,63.89951590925422,Meaningful G5 Contributor,Standout starter at the Group of 5 level; high-end depth in Power 4.,Potential Day 3 Pick
202800188,Antijuan Wilkes,2028,OT,0.875,OL,57.941044,59.494302545249,59.494302545249,Multi-Year Starter,Consistent career presence; reliable rotational player or specialist.,nan
202800191,Maui Tonata,2028,IOL,0.875,OL,58.53969,60.7958052262782,60.7958052262782,Meaningful G5 Contributor,Standout starter at the Group of 5 level; high-end depth in Power 4.,Potential Day 3 Pick
202800203,Noah Seufale,2028,IOL,0.87,OL,58.03848,59.66373317758772,59.66373317758772,Multi-Year Starter,Consistent career presence; reliable rotational player or specialist.,nan
202800211,Samiu Taukiuvea,2028,OT,0.87,OL,61.67399,66.96028737168966,66.96028737168966,Meaningful G5 Contributor,Standout starter at the Group of 5 level; high-end depth in Power 4.,Potential Day 3 Pick
202800214,Jayden Thompson,2028,OT,0.87,OL,61.63121,66.89513331922753,66.89513331922753,Meaningful G5 Contributor,Standout starter at the Group of 5 level; high-end depth in Power 4.,Potential Day 3 Pick
202800215,Kris Scott,2028,IOL,0.87,OL,59.01239,61.838471568978804,61.838471568978804,Meaningful G5 Contributor,Standout starter at the Group of 5 level; high-end depth in Power 4.,Potential Day 3 Pick
