player_id,name,year,position,rating,y_true_score,y_pred_score_oof_raw,y_pred_score_oof_calibrated,y_pred_score_oof,y_true_tier,y_true_tier_college_outlook,y_true_tier_professional_outlook,y_pred_tier_raw,y_pred_tier_raw_college_outlook,y_pred_tier_raw_professional_outlook,y_pred_tier,y_pred_tier_college_outlook,y_pred_tier_professional_outlook,position_group
201500031,Damien Harris,2015,RB,0.9865,70.6567,71.48394012451172,81.49375220150179,81.49375220150179,Meaningful P4 Contributor,Reliable multi-year starter at the highest level of competition.,Potential Day 2 Pick,Meaningful P4 Contributor,Reliable multi-year starter at the highest level of competition.,Potential Day 2 Pick,Elite Power 4,All-Conference/All-American honors.,First round NFL Draft talent,RB
201500032,Soso Jamabo,2015,RB,0.9859,66.3746,67.42848205566406,76.11502503201989,76.11502503201989,Meaningful G5 Contributor,Standout starter at the Group of 5 level; high-end depth in Power 4.,Potential Day 3 Pick,Meaningful G5 Contributor,Standout starter at the Group of 5 level; high-end depth in Power 4.,Potential Day 3 Pick,Meaningful P4 Contributor,Reliable multi-year starter at the highest level of competition.,Potential Day 2 Pick,RB
201500038,Jacques Patrick,2015,RB,0.9829,72.3543,63.41044235229492,70.38900464916732,70.38900464916732,Meaningful P4 Contributor,Reliable multi-year starter at the highest level of competition.,Potential Day 2 Pick,Meaningful G5 Contributor,Standout starter at the Group of 5 level; high-end depth in Power 4.,Potential Day 3 Pick,Meaningful P4 Contributor,Reliable multi-year starter at the highest level of competition.,Potential Day 2 Pick,RB
201500040,Ronald Jones II,2015,RB,0.9827,83.3361,67.17940521240234,75.73397840896594,75.73397840896594,Elite Power 4,All-Conference/All-American honors.,First round NFL Draft talent,Meaningful G5 Contributor,Standout starter at the Group of 5 level; high-end depth in Power 4.,Potential Day 3 Pick,Meaningful P4 Contributor,Reliable multi-year starter at the highest level of competition.,Potential Day 2 Pick,RB
201500045,Derrius Guice,2015,RB,0.9793,79.6522,78.99260711669922,99.89940313436696,99.89940313436696,Meaningful P4 Contributor,Reliable multi-year starter at the highest level of competition.,Potential Day 2 Pick,Meaningful P4 Contributor,Reliable multi-year starter at the highest level of competition.,Potential Day 2 Pick,Elite Power 4,All-Conference/All-American honors.,First round NFL Draft talent,RB
201500053,Taj Griffin,2015,APB,0.9751,61.7756,66.56153106689453,74.58678102640646,74.58678102640646,Meaningful G5 Contributor,Standout starter at the Group of 5 level; high-end depth in Power 4.,Potential Day 3 Pick,Meaningful G5 Contributor,Standout starter at the Group of 5 level; high-end depth in Power 4.,Potential Day 3 Pick,Meaningful P4 Contributor,Reliable multi-year starter at the highest level of competition.,Potential Day 2 Pick,RB
201500075,Mike Weber,2015,RB,0.9627,77.6214,65.64047241210938,73.26143568606835,73.26143568606835,Meaningful P4 Contributor,Reliable multi-year starter at the highest level of competition.,Potential Day 2 Pick,Meaningful G5 Contributor,Standout starter at the Group of 5 level; high-end depth in Power 4.,Potential Day 3 Pick,Meaningful P4 Contributor,Reliable multi-year starter at the highest level of competition.,Potential Day 2 Pick,RB
201500078,Johnny Frasier,2015,RB,0.9624,34.3199,67.91632843017578,76.84597927403384,76.84597927403384,Partial Season Contributor,Rotational backup or special teams contributor; limited starts.,nan,Meaningful G5 Contributor,Standout starter at the Group of 5 level; high-end depth in Power 4.,Potential Day 3 Pick,Meaningful P4 Contributor,Reliable multi-year starter at the highest level of competition.,Potential Day 2 Pick,RB
201500080,Chris Warren III,2015,RB,0.9622,64.6518,66.01900482177734,73.71255560946354,73.71255560946354,Meaningful G5 Contributor,Standout starter at the Group of 5 level; high-end depth in Power 4.,Potential Day 3 Pick,Meaningful G5 Contributor,Standout starter at the Group of 5 level; high-end depth in Power 4.,Potential Day 3 Pick,Meaningful P4 Contributor,Reliable multi-year starter at the highest level of competition.,Potential Day 2 Pick,RB
201500083,Mark Walton,2015,RB,0.9607,70.417,63.07308578491211,69.76131746828901,69.76131746828901,Meaningful P4 Contributor,Reliable multi-year starter at the highest level of competition.,Potential Day 2 Pick,Meaningful G5 Contributor,Standout starter at the Group of 5 level; high-end depth in Power 4.,Potential Day 3 Pick,Meaningful G5 Contributor,Standout starter at the Group of 5 level; high-end depth in Power 4.,Potential Day 3 Pick,RB
201500094,Dexter Williams,2015,RB,0.9564,71.7517,64.5699691772461,72.108883200799,72.108883200799,Meaningful P4 Contributor,Reliable multi-year starter at the highest level of competition.,Potential Day 2 Pick,Meaningful G5 Contributor,Standout starter at the Group of 5 level; high-end depth in Power 4.,Potential Day 3 Pick,Meaningful P4 Contributor,Reliable multi-year starter at the highest level of competition.,Potential Day 2 Pick,RB
201500111,Nyheim Hines,2015,APB,0.9486,66.1555,70.69214630126953,80.60058705580424,80.60058705580424,Meaningful G5 Contributor,Standout starter at the Group of 5 level; high-end depth in Power 4.,Potential Day 3 Pick,Meaningful P4 Contributor,Reliable multi-year starter at the highest level of competition.,Potential Day 2 Pick,Elite Power 4,All-Conference/All-American honors.,First round NFL Draft talent,RB
201500117,Jordan Scarlett,2015,RB,0.9464,67.4264,72.5736312866211,84.0824947664828,84.0824947664828,Meaningful G5 Contributor,Standout starter at the Group of 5 level; high-end depth in Power 4.,Potential Day 3 Pick,Meaningful P4 Contributor,Reliable multi-year starter at the highest level of competition.,Potential Day 2 Pick,Elite Power 4,All-Conference/All-American honors.,First round NFL Draft talent,RB
201500119,Saquon Barkley,2015,RB,0.9458,87.9078,63.072723388671875,69.7606973921216,69.7606973921216,Elite Power 4,All-Conference/All-American honors.,First round NFL Draft talent,Meaningful G5 Contributor,Standout starter at the Group of 5 level; high-end depth in Power 4.,Potential Day 3 Pick,Meaningful G5 Contributor,Standout starter at the Group of 5 level; high-end depth in Power 4.,Potential Day 3 Pick,RB
201500121,Eric Swinney,2015,RB,0.9453,48.6779,67.36504364013672,76.01800463133925,76.01800463133925,Single Season Contributor,Late bloomer or one-year starter; limited career longevity.,nan,Meaningful G5 Contributor,Standout starter at the Group of 5 level; high-end depth in Power 4.,Potential Day 3 Pick,Meaningful P4 Contributor,Reliable multi-year starter at the highest level of competition.,Potential Day 2 Pick,RB
201500151,Rodney Anderson,2015,APB,0.9332,68.2981,61.1569938659668,66.00749875910925,66.00749875910925,Meaningful G5 Contributor,Standout starter at the Group of 5 level; high-end depth in Power 4.,Potential Day 3 Pick,Meaningful G5 Contributor,Standout starter at the Group of 5 level; high-end depth in Power 4.,Potential Day 3 Pick,Meaningful G5 Contributor,Standout starter at the Group of 5 level; high-end depth in Power 4.,Potential Day 3 Pick,RB
201500184,Nick Brossette,2015,RB,0.9224,69.3277,67.73786926269531,76.57858877507464,76.57858877507464,Meaningful G5 Contributor,Standout starter at the Group of 5 level; high-end depth in Power 4.,Potential Day 3 Pick,Meaningful G5 Contributor,Standout starter at the Group of 5 level; high-end depth in Power 4.,Potential Day 3 Pick,Meaningful P4 Contributor,Reliable multi-year starter at the highest level of competition.,Potential Day 2 Pick,RB
201500205,David Ducre,2015,FB,0.9187,47.2889,62.94725036621094,69.52192552296667,69.52192552296667,Single Season Contributor,Late bloomer or one-year starter; limited career longevity.,nan,Meaningful G5 Contributor,Standout starter at the Group of 5 level; high-end depth in Power 4.,Potential Day 3 Pick,Meaningful G5 Contributor,Standout starter at the Group of 5 level; high-end depth in Power 4.,Potential Day 3 Pick,RB
201500208,Corey Dauphine,2015,RB,0.9169,61.6036,68.1446762084961,77.34083494169015,77.34083494169015,Meaningful G5 Contributor,Standout starter at the Group of 5 level; high-end depth in Power 4.,Potential Day 3 Pick,Meaningful G5 Contributor,Standout starter at the Group of 5 level; high-end depth in Power 4.,Potential Day 3 Pick,Meaningful P4 Contributor,Reliable multi-year starter at the highest level of competition.,Potential Day 2 Pick,RB
201500230,JaMycal Hasty,2015,APB,0.9115,67.6266,61.964256286621094,67.69739291771006,67.69739291771006,Meaningful G5 Contributor,Standout starter at the Group of 5 level; high-end depth in Power 4.,Potential Day 3 Pick,Meaningful G5 Contributor,Standout starter at the Group of 5 level; high-end depth in Power 4.,Potential Day 3 Pick,Meaningful G5 Contributor,Standout starter at the Group of 5 level; high-end depth in Power 4.,Potential Day 3 Pick,RB
201500233,Bryce Love,2015,APB,0.9113,93.9696,64.17384338378906,71.62304778155016,71.62304778155016,Elite Power 4,All-Conference/All-American honors.,First round NFL Draft talent,Meaningful G5 Contributor,Standout starter at the Group of 5 level; high-end depth in Power 4.,Potential Day 3 Pick,Meaningful P4 Contributor,Reliable multi-year starter at the highest level of competition.,Potential Day 2 Pick,RB
201500258,Andre Robinson,2015,RB,0.9068,54.3478,70.56526184082031,80.47850503104745,80.47850503104745,Multi-Year Starter,Consistent career presence; reliable rotational player or specialist.,nan,Meaningful P4 Contributor,Reliable multi-year starter at the highest level of competition.,Potential Day 2 Pick,Elite Power 4,All-Conference/All-American honors.,First round NFL Draft talent,RB
201500284,Ty'Son Williams,2015,RB,0.9024,61.8044,59.52781295776367,63.31034605170741,63.31034605170741,Meaningful G5 Contributor,Standout starter at the Group of 5 level; high-end depth in Power 4.,Potential Day 3 Pick,Multi-Year Starter,Consistent career presence; reliable rotational player or specialist.,nan,Meaningful G5 Contributor,Standout starter at the Group of 5 level; high-end depth in Power 4.,Potential Day 3 Pick,RB
201500294,Darrin Hall,2015,RB,0.9005,70.4764,65.80860137939453,73.45625655417487,73.45625655417487,Meaningful P4 Contributor,Reliable multi-year starter at the highest level of competition.,Potential Day 2 Pick,Meaningful G5 Contributor,Standout starter at the Group of 5 level; high-end depth in Power 4.,Potential Day 3 Pick,Meaningful P4 Contributor,Reliable multi-year starter at the highest level of competition.,Potential Day 2 Pick,RB
201500300,Josh Adams,2015,RB,0.9001,78.6442,64.28572082519531,71.78062376794983,71.78062376794983,Meaningful P4 Contributor,Reliable multi-year starter at the highest level of competition.,Potential Day 2 Pick,Meaningful G5 Contributor,Standout starter at the Group of 5 level; high-end depth in Power 4.,Potential Day 3 Pick,Meaningful P4 Contributor,Reliable multi-year starter at the highest level of competition.,Potential Day 2 Pick,RB
201500312,Ke'Shawn Vaughn,2015,RB,0.8982,79.2674,67.889404296875,76.80563807139919,76.80563807139919,Meaningful P4 Contributor,Reliable multi-year starter at the highest level of competition.,Potential Day 2 Pick,Meaningful G5 Contributor,Standout starter at the Group of 5 level; high-end depth in Power 4.,Potential Day 3 Pick,Meaningful P4 Contributor,Reliable multi-year starter at the highest level of competition.,Potential Day 2 Pick,RB
201500324,Nick Gibson,2015,RB,0.8945,62.4223,63.04673767089844,69.71124725310045,69.71124725310045,Meaningful G5 Contributor,Standout starter at the Group of 5 level; high-end depth in Power 4.,Potential Day 3 Pick,Meaningful G5 Contributor,Standout starter at the Group of 5 level; high-end depth in Power 4.,Potential Day 3 Pick,Meaningful G5 Contributor,Standout starter at the Group of 5 level; high-end depth in Power 4.,Potential Day 3 Pick,RB
201500328,Chandler Cox,2015,FB,0.8942,54.3265,63.52356719970703,70.68164689256452,70.68164689256452,Multi-Year Starter,Consistent career presence; reliable rotational player or specialist.,nan,Meaningful G5 Contributor,Standout starter at the Group of 5 level; high-end depth in Power 4.,Potential Day 3 Pick,Meaningful P4 Contributor,Reliable multi-year starter at the highest level of competition.,Potential Day 2 Pick,RB
201500360,Dominic Davis,2015,RB,0.8893,42.221,62.09752655029297,68.07055940483271,68.07055940483271,Single Season Contributor,Late bloomer or one-year starter; limited career longevity.,nan,Meaningful G5 Contributor,Standout starter at the Group of 5 level; high-end depth in Power 4.,Potential Day 3 Pick,Meaningful G5 Contributor,Standout starter at the Group of 5 level; high-end depth in Power 4.,Potential Day 3 Pick,RB
201500364,Kendall Bussey,2015,RB,0.8886,48.0231,66.65734100341797,74.78738706572523,74.78738706572523,Single Season Contributor,Late bloomer or one-year starter; limited career longevity.,nan,Meaningful G5 Contributor,Standout starter at the Group of 5 level; high-end depth in Power 4.,Potential Day 3 Pick,Meaningful P4 Contributor,Reliable multi-year starter at the highest level of competition.,Potential Day 2 Pick,RB
201500372,A.J. Turner,2015,RB,0.8869,64.5645,60.40745544433594,64.50734230213791,64.50734230213791,Meaningful G5 Contributor,Standout starter at the Group of 5 level; high-end depth in Power 4.,Potential Day 3 Pick,Meaningful G5 Contributor,Standout starter at the Group of 5 level; high-end depth in Power 4.,Potential Day 3 Pick,Meaningful G5 Contributor,Standout starter at the Group of 5 level; high-end depth in Power 4.,Potential Day 3 Pick,RB
201500397,Myles Gaskin,2015,RB,0.8819,88.3569,59.95545196533203,63.950174165271065,63.950174165271065,Elite Power 4,All-Conference/All-American honors.,First round NFL Draft talent,Multi-Year Starter,Consistent career presence; reliable rotational player or specialist.,nan,Meaningful G5 Contributor,Standout starter at the Group of 5 level; high-end depth in Power 4.,Potential Day 3 Pick,RB
201500407,Bradrick Shaw,2015,RB,0.8811,60.1925,64.6666259765625,72.22041232922238,72.22041232922238,Meaningful G5 Contributor,Standout starter at the Group of 5 level; high-end depth in Power 4.,Potential Day 3 Pick,Meaningful G5 Contributor,Standout starter at the Group of 5 level; high-end depth in Power 4.,Potential Day 3 Pick,Meaningful P4 Contributor,Reliable multi-year starter at the highest level of competition.,Potential Day 2 Pick,RB
201500457,Dre Brown,2015,RB,0.8769,59.0393,61.48320007324219,66.69800995420455,66.69800995420455,Multi-Year Starter,Consistent career presence; reliable rotational player or specialist.,nan,Meaningful G5 Contributor,Standout starter at the Group of 5 level; high-end depth in Power 4.,Potential Day 3 Pick,Meaningful G5 Contributor,Standout starter at the Group of 5 level; high-end depth in Power 4.,Potential Day 3 Pick,RB
201500460,Reggie Gallaspy,2015,RB,0.8767,72.8844,60.14520263671875,64.18524742432598,64.18524742432598,Meaningful P4 Contributor,Reliable multi-year starter at the highest level of competition.,Potential Day 2 Pick,Meaningful G5 Contributor,Standout starter at the Group of 5 level; high-end depth in Power 4.,Potential Day 3 Pick,Meaningful G5 Contributor,Standout starter at the Group of 5 level; high-end depth in Power 4.,Potential Day 3 Pick,RB
201500479,Karan Higdon,2015,RB,0.8744,77.5487,58.65750503540039,61.739901016016596,61.739901016016596,Meaningful P4 Contributor,Reliable multi-year starter at the highest level of competition.,Potential Day 2 Pick,Multi-Year Starter,Consistent career presence; reliable rotational player or specialist.,nan,Meaningful G5 Contributor,Standout starter at the Group of 5 level; high-end depth in Power 4.,Potential Day 3 Pick,RB
201500486,Deshawn McClease,2015,RB,0.8742,63.7212,65.375732421875,72.99701291004972,72.99701291004972,Meaningful G5 Contributor,Standout starter at the Group of 5 level; high-end depth in Power 4.,Potential Day 3 Pick,Meaningful G5 Contributor,Standout starter at the Group of 5 level; high-end depth in Power 4.,Potential Day 3 Pick,Meaningful P4 Contributor,Reliable multi-year starter at the highest level of competition.,Potential Day 2 Pick,RB
201500489,Aca'Cedric Ware,2015,RB,0.8742,66.4959,59.3591194152832,63.10656074646394,63.10656074646394,Meaningful G5 Contributor,Standout starter at the Group of 5 level; high-end depth in Power 4.,Potential Day 3 Pick,Multi-Year Starter,Consistent career presence; reliable rotational player or specialist.,nan,Meaningful G5 Contributor,Standout starter at the Group of 5 level; high-end depth in Power 4.,Potential Day 3 Pick,RB
201500527,Tristian Houston,2015,RB,0.8706,31.3226,58.395538330078125,61.113246777060795,61.113246777060795,Partial Season Contributor,Rotational backup or special teams contributor; limited starts.,nan,Multi-Year Starter,Consistent career presence; reliable rotational player or specialist.,nan,Meaningful G5 Contributor,Standout starter at the Group of 5 level; high-end depth in Power 4.,Potential Day 3 Pick,RB
201500556,Mon Denson,2015,RB,0.8686,61.2367,54.98805618286133,56.53958386636436,56.53958386636436,Meaningful G5 Contributor,Standout starter at the Group of 5 level; high-end depth in Power 4.,Potential Day 3 Pick,Multi-Year Starter,Consistent career presence; reliable rotational player or specialist.,nan,Multi-Year Starter,Consistent career presence; reliable rotational player or specialist.,nan,RB
201500571,Rocky Reid,2015,RB,0.8669,30.9029,50.33821105957031,45.690995633774655,45.690995633774655,Partial Season Contributor,Rotational backup or special teams contributor; limited starts.,nan,Multi-Year Starter,Consistent career presence; reliable rotational player or specialist.,nan,Single Season Contributor,Late bloomer or one-year starter; limited career longevity.,nan,RB
201500612,Mikell Lands-Davis,2015,RB,0.8647,38.3967,59.487030029296875,63.261079426535375,63.261079426535375,Partial Season Contributor,Rotational backup or special teams contributor; limited starts.,nan,Multi-Year Starter,Consistent career presence; reliable rotational player or specialist.,nan,Meaningful G5 Contributor,Standout starter at the Group of 5 level; high-end depth in Power 4.,Potential Day 3 Pick,RB
201500656,Patrick Carr,2015,RB,0.8622,62.1546,57.68071746826172,60.2543805466994,60.2543805466994,Meaningful G5 Contributor,Standout starter at the Group of 5 level; high-end depth in Power 4.,Potential Day 3 Pick,Multi-Year Starter,Consistent career presence; reliable rotational player or specialist.,nan,Meaningful G5 Contributor,Standout starter at the Group of 5 level; high-end depth in Power 4.,Potential Day 3 Pick,RB
201500690,Alec Murphy,2015,RB,0.8611,43.0325,61.02992248535156,65.75355984193631,65.75355984193631,Single Season Contributor,Late bloomer or one-year starter; limited career longevity.,nan,Meaningful G5 Contributor,Standout starter at the Group of 5 level; high-end depth in Power 4.,Potential Day 3 Pick,Meaningful G5 Contributor,Standout starter at the Group of 5 level; high-end depth in Power 4.,Potential Day 3 Pick,RB
201500732,Ty Johnson,2015,RB,0.8597,77.6949,66.73822021484375,74.95673127840386,74.95673127840386,Meaningful P4 Contributor,Reliable multi-year starter at the highest level of competition.,Potential Day 2 Pick,Meaningful G5 Contributor,Standout starter at the Group of 5 level; high-end depth in Power 4.,Potential Day 3 Pick,Meaningful P4 Contributor,Reliable multi-year starter at the highest level of competition.,Potential Day 2 Pick,RB
201500741,Devine Ozigbo,2015,RB,0.8589,74.7172,48.561824798583984,40.81371077383482,40.81371077383482,Meaningful P4 Contributor,Reliable multi-year starter at the highest level of competition.,Potential Day 2 Pick,Single Season Contributor,Late bloomer or one-year starter; limited career longevity.,nan,Single Season Contributor,Late bloomer or one-year starter; limited career longevity.,nan,RB
201500751,Justin Crawford,2015,RB,0.8586,66.3545,56.90916061401367,59.25232242636547,59.25232242636547,Meaningful G5 Contributor,Standout starter at the Group of 5 level; high-end depth in Power 4.,Potential Day 3 Pick,Multi-Year Starter,Consistent career presence; reliable rotational player or specialist.,nan,Multi-Year Starter,Consistent career presence; reliable rotational player or specialist.,nan,RB
201500793,John Moten,2015,RB,0.8567,52.2393,50.365631103515625,45.75987872427536,45.75987872427536,Multi-Year Starter,Consistent career presence; reliable rotational player or specialist.,nan,Multi-Year Starter,Consistent career presence; reliable rotational player or specialist.,nan,Single Season Contributor,Late bloomer or one-year starter; limited career longevity.,nan,RB
201500817,James Williams,2015,RB,0.8556,68.9135,54.872413635253906,56.34554118213249,56.34554118213249,Meaningful G5 Contributor,Standout starter at the Group of 5 level; high-end depth in Power 4.,Potential Day 3 Pick,Multi-Year Starter,Consistent career presence; reliable rotational player or specialist.,nan,Multi-Year Starter,Consistent career presence; reliable rotational player or specialist.,nan,RB
201500825,Reagan Williams,2015,FB,0.8553,49.5961,52.386199951171875,50.34707029866061,50.34707029866061,Single Season Contributor,Late bloomer or one-year starter; limited career longevity.,nan,Multi-Year Starter,Consistent career presence; reliable rotational player or specialist.,nan,Multi-Year Starter,Consistent career presence; reliable rotational player or specialist.,nan,RB
201500852,Sekai Lindsay,2015,RB,0.8539,46.0503,57.254188537597656,59.70758820433699,59.70758820433699,Single Season Contributor,Late bloomer or one-year starter; limited career longevity.,nan,Multi-Year Starter,Consistent career presence; reliable rotational player or specialist.,nan,Multi-Year Starter,Consistent career presence; reliable rotational player or specialist.,nan,RB
201500874,Ruben Garnett,2015,APB,0.8531,39.8607,53.75578308105469,53.85498078162072,53.85498078162072,Partial Season Contributor,Rotational backup or special teams contributor; limited starts.,nan,Multi-Year Starter,Consistent career presence; reliable rotational player or specialist.,nan,Multi-Year Starter,Consistent career presence; reliable rotational player or specialist.,nan,RB
201500895,Malik Roberson,2015,APB,0.8522,57.4487,63.39223861694336,70.33658600882038,70.33658600882038,Multi-Year Starter,Consistent career presence; reliable rotational player or specialist.,nan,Meaningful G5 Contributor,Standout starter at the Group of 5 level; high-end depth in Power 4.,Potential Day 3 Pick,Meaningful P4 Contributor,Reliable multi-year starter at the highest level of competition.,Potential Day 2 Pick,RB
201500922,Matt Colburn,2015,RB,0.8514,72.6152,57.6915397644043,60.274448646270216,60.274448646270216,Meaningful P4 Contributor,Reliable multi-year starter at the highest level of competition.,Potential Day 2 Pick,Multi-Year Starter,Consistent career presence; reliable rotational player or specialist.,nan,Meaningful G5 Contributor,Standout starter at the Group of 5 level; high-end depth in Power 4.,Potential Day 3 Pick,RB
201500926,TaQuon Marshall,2015,APB,0.8508,41.4816,61.65704345703125,67.13358161317431,67.13358161317431,Single Season Contributor,Late bloomer or one-year starter; limited career longevity.,nan,Meaningful G5 Contributor,Standout starter at the Group of 5 level; high-end depth in Power 4.,Potential Day 3 Pick,Meaningful G5 Contributor,Standout starter at the Group of 5 level; high-end depth in Power 4.,Potential Day 3 Pick,RB
201500966,Alex Barnes,2015,RB,0.8494,69.927,51.4985237121582,48.267277670367164,48.267277670367164,Meaningful G5 Contributor,Standout starter at the Group of 5 level; high-end depth in Power 4.,Potential Day 3 Pick,Multi-Year Starter,Consistent career presence; reliable rotational player or specialist.,nan,Single Season Contributor,Late bloomer or one-year starter; limited career longevity.,nan,RB
201500994,Orlando Bradford,2015,RB,0.8483,52.5191,53.891502380371094,54.28415352139347,54.28415352139347,Multi-Year Starter,Consistent career presence; reliable rotational player or specialist.,nan,Multi-Year Starter,Consistent career presence; reliable rotational player or specialist.,nan,Multi-Year Starter,Consistent career presence; reliable rotational player or specialist.,nan,RB
201501015,Tyrone Perkins,2015,RB,0.8478,36.1007,60.508819580078125,64.6955792293023,64.6955792293023,Partial Season Contributor,Rotational backup or special teams contributor; limited starts.,nan,Meaningful G5 Contributor,Standout starter at the Group of 5 level; high-end depth in Power 4.,Potential Day 3 Pick,Meaningful G5 Contributor,Standout starter at the Group of 5 level; high-end depth in Power 4.,Potential Day 3 Pick,RB
201501021,Jamarius Henderson,2015,RB,0.8475,55.4505,43.31773376464844,29.664752734395268,29.664752734395268,Multi-Year Starter,Consistent career presence; reliable rotational player or specialist.,nan,Single Season Contributor,Late bloomer or one-year starter; limited career longevity.,nan,Partial Season Contributor,Rotational backup or special teams contributor; limited starts.,nan,RB
201501033,Marcus Marshall,2015,RB,0.8467,63.1753,52.85307312011719,51.337566665300606,51.337566665300606,Meaningful G5 Contributor,Standout starter at the Group of 5 level; high-end depth in Power 4.,Potential Day 3 Pick,Multi-Year Starter,Consistent career presence; reliable rotational player or specialist.,nan,Multi-Year Starter,Consistent career presence; reliable rotational player or specialist.,nan,RB
201501035,Sihiem King,2015,RB,0.8467,52.1462,48.402793884277344,40.262298631596956,40.262298631596956,Multi-Year Starter,Consistent career presence; reliable rotational player or specialist.,nan,Single Season Contributor,Late bloomer or one-year starter; limited career longevity.,nan,Single Season Contributor,Late bloomer or one-year starter; limited career longevity.,nan,RB
201501054,Denzel Goolsby,2015,RB,0.8461,43.7433,59.0537109375,62.62383565676578,62.62383565676578,Single Season Contributor,Late bloomer or one-year starter; limited career longevity.,nan,Multi-Year Starter,Consistent career presence; reliable rotational player or specialist.,nan,Meaningful G5 Contributor,Standout starter at the Group of 5 level; high-end depth in Power 4.,Potential Day 3 Pick,RB
201501072,Shannon Brooks,2015,RB,0.8456,69.7323,51.20725631713867,47.90176217751059,47.90176217751059,Meaningful G5 Contributor,Standout starter at the Group of 5 level; high-end depth in Power 4.,Potential Day 3 Pick,Multi-Year Starter,Consistent career presence; reliable rotational player or specialist.,nan,Single Season Contributor,Late bloomer or one-year starter; limited career longevity.,nan,RB
201501122,Johnathan Hawkins,2015,RB,0.8433,49.9353,50.94477081298828,47.108636673859024,47.108636673859024,Single Season Contributor,Late bloomer or one-year starter; limited career longevity.,nan,Multi-Year Starter,Consistent career presence; reliable rotational player or specialist.,nan,Single Season Contributor,Late bloomer or one-year starter; limited career longevity.,nan,RB
201501129,Josh Crawford,2015,RB,0.8433,50.7977,42.66703414916992,26.134009611919026,26.134009611919026,Multi-Year Starter,Consistent career presence; reliable rotational player or specialist.,nan,Single Season Contributor,Late bloomer or one-year starter; limited career longevity.,nan,Partial Season Contributor,Rotational backup or special teams contributor; limited starts.,nan,RB
201501137,D.J. Brown,2015,APB,0.843,43.246,52.7126350402832,51.01072793440884,51.01072793440884,Single Season Contributor,Late bloomer or one-year starter; limited career longevity.,nan,Multi-Year Starter,Consistent career presence; reliable rotational player or specialist.,nan,Multi-Year Starter,Consistent career presence; reliable rotational player or specialist.,nan,RB
201501172,P.J. Simmons,2015,RB,0.8417,40.3131,46.03030776977539,34.51493008990196,34.51493008990196,Single Season Contributor,Late bloomer or one-year starter; limited career longevity.,nan,Single Season Contributor,Late bloomer or one-year starter; limited career longevity.,nan,Partial Season Contributor,Rotational backup or special teams contributor; limited starts.,nan,RB
201501252,Shawn Furlow,2015,RB,0.8383,47.6046,49.198341369628906,42.618933416221,42.618933416221,Single Season Contributor,Late bloomer or one-year starter; limited career longevity.,nan,Single Season Contributor,Late bloomer or one-year starter; limited career longevity.,nan,Single Season Contributor,Late bloomer or one-year starter; limited career longevity.,nan,RB
201501305,Charles Snorweah,2015,RB,0.8361,38.152,53.205074310302734,52.165770930158764,52.165770930158764,Partial Season Contributor,Rotational backup or special teams contributor; limited starts.,nan,Multi-Year Starter,Consistent career presence; reliable rotational player or specialist.,nan,Multi-Year Starter,Consistent career presence; reliable rotational player or specialist.,nan,RB
201501306,Markell Jones,2015,RB,0.8358,77.0602,52.73514175415039,51.06942056124673,51.06942056124673,Meaningful P4 Contributor,Reliable multi-year starter at the highest level of competition.,Potential Day 2 Pick,Multi-Year Starter,Consistent career presence; reliable rotational player or specialist.,nan,Multi-Year Starter,Consistent career presence; reliable rotational player or specialist.,nan,RB
201501324,Coleman Fox,2015,RB,0.8353,48.7089,52.90558624267578,51.45669317947589,51.45669317947589,Single Season Contributor,Late bloomer or one-year starter; limited career longevity.,nan,Multi-Year Starter,Consistent career presence; reliable rotational player or specialist.,nan,Multi-Year Starter,Consistent career presence; reliable rotational player or specialist.,nan,RB
201501328,Kevrin Justice,2015,RB,0.835,48.4809,52.706600189208984,50.994990352094,50.994990352094,Single Season Contributor,Late bloomer or one-year starter; limited career longevity.,nan,Multi-Year Starter,Consistent career presence; reliable rotational player or specialist.,nan,Multi-Year Starter,Consistent career presence; reliable rotational player or specialist.,nan,RB
201501340,Devonte Williams,2015,RB,0.8347,49.6887,74.37957763671875,88.9221809290801,88.9221809290801,Single Season Contributor,Late bloomer or one-year starter; limited career longevity.,nan,Meaningful P4 Contributor,Reliable multi-year starter at the highest level of competition.,Potential Day 2 Pick,Elite Power 4,All-Conference/All-American honors.,First round NFL Draft talent,RB
201501342,Tra Minter,2015,RB,0.8347,62.6185,60.728126525878906,65.15687514917937,65.15687514917937,Meaningful G5 Contributor,Standout starter at the Group of 5 level; high-end depth in Power 4.,Potential Day 3 Pick,Meaningful G5 Contributor,Standout starter at the Group of 5 level; high-end depth in Power 4.,Potential Day 3 Pick,Meaningful G5 Contributor,Standout starter at the Group of 5 level; high-end depth in Power 4.,Potential Day 3 Pick,RB
201501407,Omahri Jarrett,2015,APB,0.8331,44.8413,60.46656036376953,64.61710231077426,64.61710231077426,Single Season Contributor,Late bloomer or one-year starter; limited career longevity.,nan,Meaningful G5 Contributor,Standout starter at the Group of 5 level; high-end depth in Power 4.,Potential Day 3 Pick,Meaningful G5 Contributor,Standout starter at the Group of 5 level; high-end depth in Power 4.,Potential Day 3 Pick,RB
201501415,Taj McGowan,2015,RB,0.8328,60.6733,52.77142333984375,51.15251381440696,51.15251381440696,Meaningful G5 Contributor,Standout starter at the Group of 5 level; high-end depth in Power 4.,Potential Day 3 Pick,Multi-Year Starter,Consistent career presence; reliable rotational player or specialist.,nan,Multi-Year Starter,Consistent career presence; reliable rotational player or specialist.,nan,RB
201501418,Davon Tucker,2015,RB,0.8325,51.4245,55.879173278808594,57.680289058125,57.680289058125,Multi-Year Starter,Consistent career presence; reliable rotational player or specialist.,nan,Multi-Year Starter,Consistent career presence; reliable rotational player or specialist.,nan,Multi-Year Starter,Consistent career presence; reliable rotational player or specialist.,nan,RB
201501430,Breck Turner,2015,RB,0.8319,50.808,56.35597229003906,58.64590130678345,58.64590130678345,Multi-Year Starter,Consistent career presence; reliable rotational player or specialist.,nan,Multi-Year Starter,Consistent career presence; reliable rotational player or specialist.,nan,Multi-Year Starter,Consistent career presence; reliable rotational player or specialist.,nan,RB
201501451,Juwan Washington,2015,RB,0.8311,67.5372,51.78073501586914,49.10428157016543,49.10428157016543,Meaningful G5 Contributor,Standout starter at the Group of 5 level; high-end depth in Power 4.,Potential Day 3 Pick,Multi-Year Starter,Consistent career presence; reliable rotational player or specialist.,nan,Single Season Contributor,Late bloomer or one-year starter; limited career longevity.,nan,RB
201501460,James Gilbert,2015,RB,0.8308,70.5661,58.32672119140625,61.05830118647814,61.05830118647814,Meaningful P4 Contributor,Reliable multi-year starter at the highest level of competition.,Potential Day 2 Pick,Multi-Year Starter,Consistent career presence; reliable rotational player or specialist.,nan,Meaningful G5 Contributor,Standout starter at the Group of 5 level; high-end depth in Power 4.,Potential Day 3 Pick,RB
201501462,Jordan Fredericks,2015,RB,0.8306,60.3249,55.67835998535156,57.36585698888144,57.36585698888144,Meaningful G5 Contributor,Standout starter at the Group of 5 level; high-end depth in Power 4.,Potential Day 3 Pick,Multi-Year Starter,Consistent career presence; reliable rotational player or specialist.,nan,Multi-Year Starter,Consistent career presence; reliable rotational player or specialist.,nan,RB
201501475,Jonathan Femi-Cole,2015,RB,0.8297,46.2554,48.069679260253906,39.78944798574943,39.78944798574943,Single Season Contributor,Late bloomer or one-year starter; limited career longevity.,nan,Single Season Contributor,Late bloomer or one-year starter; limited career longevity.,nan,Partial Season Contributor,Rotational backup or special teams contributor; limited starts.,nan,RB
201501498,Nick Ralston,2015,RB,0.8286,49.9456,51.70176696777344,48.84467464089146,48.84467464089146,Single Season Contributor,Late bloomer or one-year starter; limited career longevity.,nan,Multi-Year Starter,Consistent career presence; reliable rotational player or specialist.,nan,Single Season Contributor,Late bloomer or one-year starter; limited career longevity.,nan,RB
201501502,Nathan Cottrell,2015,RB,0.8283,52.7581,55.147483825683594,56.79776798928265,56.79776798928265,Multi-Year Starter,Consistent career presence; reliable rotational player or specialist.,nan,Multi-Year Starter,Consistent career presence; reliable rotational player or specialist.,nan,Multi-Year Starter,Consistent career presence; reliable rotational player or specialist.,nan,RB
201501503,Maurice Thomas,2015,RB,0.8283,51.8158,50.449806213378906,45.971338695754014,45.971338695754014,Multi-Year Starter,Consistent career presence; reliable rotational player or specialist.,nan,Multi-Year Starter,Consistent career presence; reliable rotational player or specialist.,nan,Single Season Contributor,Late bloomer or one-year starter; limited career longevity.,nan,RB
201501511,Houston Heimuli,2015,FB,0.8281,53.301,44.964717864990234,31.189783659384247,31.189783659384247,Multi-Year Starter,Consistent career presence; reliable rotational player or specialist.,nan,Single Season Contributor,Late bloomer or one-year starter; limited career longevity.,nan,Partial Season Contributor,Rotational backup or special teams contributor; limited starts.,nan,RB
201501524,Reggie Corbin,2015,RB,0.8269,69.6774,45.30631637573242,32.124454608817565,32.124454608817565,Meaningful G5 Contributor,Standout starter at the Group of 5 level; high-end depth in Power 4.,Potential Day 3 Pick,Single Season Contributor,Late bloomer or one-year starter; limited career longevity.,nan,Partial Season Contributor,Rotational backup or special teams contributor; limited starts.,nan,RB
201501528,Taylor Boose,2015,FB,0.8267,41.6341,50.97275924682617,47.17508477265578,47.17508477265578,Single Season Contributor,Late bloomer or one-year starter; limited career longevity.,nan,Multi-Year Starter,Consistent career presence; reliable rotational player or specialist.,nan,Single Season Contributor,Late bloomer or one-year starter; limited career longevity.,nan,RB
201501542,Taylor Martin,2015,RB,0.8261,58.5216,54.96412658691406,56.49943114466927,56.49943114466927,Multi-Year Starter,Consistent career presence; reliable rotational player or specialist.,nan,Multi-Year Starter,Consistent career presence; reliable rotational player or specialist.,nan,Multi-Year Starter,Consistent career presence; reliable rotational player or specialist.,nan,RB
201501593,Nevone McCrimmon,2015,RB,0.8231,38.963,58.39164352416992,61.1067700266839,61.1067700266839,Partial Season Contributor,Rotational backup or special teams contributor; limited starts.,nan,Multi-Year Starter,Consistent career presence; reliable rotational player or specialist.,nan,Meaningful G5 Contributor,Standout starter at the Group of 5 level; high-end depth in Power 4.,Potential Day 3 Pick,RB
201501634,Tario Fuller,2015,RB,0.8214,51.0133,52.85498809814453,51.34190681345743,51.34190681345743,Multi-Year Starter,Consistent career presence; reliable rotational player or specialist.,nan,Multi-Year Starter,Consistent career presence; reliable rotational player or specialist.,nan,Multi-Year Starter,Consistent career presence; reliable rotational player or specialist.,nan,RB
201501674,Jaqwis Dancy,2015,RB,0.8189,56.3381,51.78242492675781,49.10789043004585,49.10789043004585,Multi-Year Starter,Consistent career presence; reliable rotational player or specialist.,nan,Multi-Year Starter,Consistent career presence; reliable rotational player or specialist.,nan,Single Season Contributor,Late bloomer or one-year starter; limited career longevity.,nan,RB
201501679,Sheldon Croney,2015,RB,0.8189,51.7231,52.591819763183594,50.72622305845887,50.72622305845887,Multi-Year Starter,Consistent career presence; reliable rotational player or specialist.,nan,Multi-Year Starter,Consistent career presence; reliable rotational player or specialist.,nan,Multi-Year Starter,Consistent career presence; reliable rotational player or specialist.,nan,RB
201501695,Arthur Thompkins,2015,RB,0.8181,63.2702,49.967777252197266,44.720591126811705,44.720591126811705,Meaningful G5 Contributor,Standout starter at the Group of 5 level; high-end depth in Power 4.,Potential Day 3 Pick,Single Season Contributor,Late bloomer or one-year starter; limited career longevity.,nan,Single Season Contributor,Late bloomer or one-year starter; limited career longevity.,nan,RB
201501705,Jonny Forrest,2015,RB,0.8174,45.3958,54.723175048828125,55.741740004400356,55.741740004400356,Single Season Contributor,Late bloomer or one-year starter; limited career longevity.,nan,Multi-Year Starter,Consistent career presence; reliable rotational player or specialist.,nan,Multi-Year Starter,Consistent career presence; reliable rotational player or specialist.,nan,RB
201501714,Quaide Weimerskirch,2015,RB,0.8169,48.1899,51.23888397216797,47.93786563506397,47.93786563506397,Single Season Contributor,Late bloomer or one-year starter; limited career longevity.,nan,Multi-Year Starter,Consistent career presence; reliable rotational player or specialist.,nan,Single Season Contributor,Late bloomer or one-year starter; limited career longevity.,nan,RB
201501748,KirVonte Benson,2015,RB,0.815,63.9855,51.29121017456055,47.997596804676775,47.997596804676775,Meaningful G5 Contributor,Standout starter at the Group of 5 level; high-end depth in Power 4.,Potential Day 3 Pick,Multi-Year Starter,Consistent career presence; reliable rotational player or specialist.,nan,Single Season Contributor,Late bloomer or one-year starter; limited career longevity.,nan,RB
201501766,Ryquell Armstead,2015,RB,0.8139,68.2267,43.311500549316406,29.630910328609467,29.630910328609467,Meaningful G5 Contributor,Standout starter at the Group of 5 level; high-end depth in Power 4.,Potential Day 3 Pick,Single Season Contributor,Late bloomer or one-year starter; limited career longevity.,nan,Partial Season Contributor,Rotational backup or special teams contributor; limited starts.,nan,RB
201501786,Nahshon Ellerbe,2015,APB,0.8128,51.6818,50.662940979003906,46.41737996136449,46.41737996136449,Multi-Year Starter,Consistent career presence; reliable rotational player or specialist.,nan,Multi-Year Starter,Consistent career presence; reliable rotational player or specialist.,nan,Single Season Contributor,Late bloomer or one-year starter; limited career longevity.,nan,RB
201501794,Jordan Gowins,2015,RB,0.8122,25.4542,55.89521026611328,57.74353264410888,57.74353264410888,Partial Season Contributor,Rotational backup or special teams contributor; limited starts.,nan,Multi-Year Starter,Consistent career presence; reliable rotational player or specialist.,nan,Multi-Year Starter,Consistent career presence; reliable rotational player or specialist.,nan,RB
201501797,Milo Hall,2015,RB,0.8122,41.9233,43.408382415771484,29.85855660221034,29.85855660221034,Single Season Contributor,Late bloomer or one-year starter; limited career longevity.,nan,Single Season Contributor,Late bloomer or one-year starter; limited career longevity.,nan,Partial Season Contributor,Rotational backup or special teams contributor; limited starts.,nan,RB
201501801,Tony Pollard,2015,APB,0.8119,56.0582,58.04347610473633,60.84683988709993,60.84683988709993,Multi-Year Starter,Consistent career presence; reliable rotational player or specialist.,nan,Multi-Year Starter,Consistent career presence; reliable rotational player or specialist.,nan,Meaningful G5 Contributor,Standout starter at the Group of 5 level; high-end depth in Power 4.,Potential Day 3 Pick,RB
201501814,Kal-El Williams,2015,FB,0.8114,29.145,46.420162200927734,35.19241797339614,35.19241797339614,Partial Season Contributor,Rotational backup or special teams contributor; limited starts.,nan,Single Season Contributor,Late bloomer or one-year starter; limited career longevity.,nan,Partial Season Contributor,Rotational backup or special teams contributor; limited starts.,nan,RB
201501908,Jordan Wright,2015,RB,0.8074,48.2107,55.95096206665039,57.96339587178595,57.96339587178595,Single Season Contributor,Late bloomer or one-year starter; limited career longevity.,nan,Multi-Year Starter,Consistent career presence; reliable rotational player or specialist.,nan,Multi-Year Starter,Consistent career presence; reliable rotational player or specialist.,nan,RB
201501911,Chauncey Mason,2015,RB,0.8074,41.0043,50.822322845458984,46.80204786887433,46.80204786887433,Single Season Contributor,Late bloomer or one-year starter; limited career longevity.,nan,Multi-Year Starter,Consistent career presence; reliable rotational player or specialist.,nan,Single Season Contributor,Late bloomer or one-year starter; limited career longevity.,nan,RB
201501915,Kellen Overstreet,2015,RB,0.8069,47.489,38.57133865356445,18.36844032276048,18.36844032276048,Single Season Contributor,Late bloomer or one-year starter; limited career longevity.,nan,Partial Season Contributor,Rotational backup or special teams contributor; limited starts.,nan,Minimal D1 Impact,Roster filler; medical DQ; or transferred to lower levels.,nan,RB
201501930,Romello Ross,2015,RB,0.8061,55.5603,48.57465362548828,40.85819250844937,40.85819250844937,Multi-Year Starter,Consistent career presence; reliable rotational player or specialist.,nan,Single Season Contributor,Late bloomer or one-year starter; limited career longevity.,nan,Single Season Contributor,Late bloomer or one-year starter; limited career longevity.,nan,RB
201501939,Darrell Henderson,2015,RB,0.8059,76.993,50.29323196411133,45.57824820264562,45.57824820264562,Meaningful P4 Contributor,Reliable multi-year starter at the highest level of competition.,Potential Day 2 Pick,Multi-Year Starter,Consistent career presence; reliable rotational player or specialist.,nan,Single Season Contributor,Late bloomer or one-year starter; limited career longevity.,nan,RB
201501967,Leonard Ross,2015,RB,0.805,42.3072,52.029075622558594,49.76477134438953,49.76477134438953,Single Season Contributor,Late bloomer or one-year starter; limited career longevity.,nan,Multi-Year Starter,Consistent career presence; reliable rotational player or specialist.,nan,Single Season Contributor,Late bloomer or one-year starter; limited career longevity.,nan,RB
201501998,Jamal Jones,2015,APB,0.8033,53.343,54.51649475097656,55.4098247711761,55.4098247711761,Multi-Year Starter,Consistent career presence; reliable rotational player or specialist.,nan,Multi-Year Starter,Consistent career presence; reliable rotational player or specialist.,nan,Multi-Year Starter,Consistent career presence; reliable rotational player or specialist.,nan,RB
201502015,Xavier Jones,2015,APB,0.8026,75.5458,49.31670379638672,43.107986700569775,43.107986700569775,Meaningful P4 Contributor,Reliable multi-year starter at the highest level of competition.,Potential Day 2 Pick,Single Season Contributor,Late bloomer or one-year starter; limited career longevity.,nan,Single Season Contributor,Late bloomer or one-year starter; limited career longevity.,nan,RB
201502025,Wesley Fields,2015,RB,0.8019,64.3402,50.44389343261719,45.95648494084638,45.95648494084638,Meaningful G5 Contributor,Standout starter at the Group of 5 level; high-end depth in Power 4.,Potential Day 3 Pick,Multi-Year Starter,Consistent career presence; reliable rotational player or specialist.,nan,Single Season Contributor,Late bloomer or one-year starter; limited career longevity.,nan,RB
201502123,Warren Wand,2015,APB,0.7983,63.8692,64.89279174804688,72.48026267492392,72.48026267492392,Meaningful G5 Contributor,Standout starter at the Group of 5 level; high-end depth in Power 4.,Potential Day 3 Pick,Meaningful G5 Contributor,Standout starter at the Group of 5 level; high-end depth in Power 4.,Potential Day 3 Pick,Meaningful P4 Contributor,Reliable multi-year starter at the highest level of competition.,Potential Day 2 Pick,RB
201502135,Denzal Brantley,2015,RB,0.7974,40.0541,46.90867233276367,36.46688018990756,36.46688018990756,Single Season Contributor,Late bloomer or one-year starter; limited career longevity.,nan,Single Season Contributor,Late bloomer or one-year starter; limited career longevity.,nan,Partial Season Contributor,Rotational backup or special teams contributor; limited starts.,nan,RB
201502143,Marcus Jones,2015,RB,0.7969,54.0497,53.941158294677734,54.3953735762513,54.3953735762513,Multi-Year Starter,Consistent career presence; reliable rotational player or specialist.,nan,Multi-Year Starter,Consistent career presence; reliable rotational player or specialist.,nan,Multi-Year Starter,Consistent career presence; reliable rotational player or specialist.,nan,RB
201502169,Javon Thomas,2015,RB,0.7959,41.1344,47.69370651245117,38.864678828518954,38.864678828518954,Single Season Contributor,Late bloomer or one-year starter; limited career longevity.,nan,Single Season Contributor,Late bloomer or one-year starter; limited career longevity.,nan,Partial Season Contributor,Rotational backup or special teams contributor; limited starts.,nan,RB
201502240,Joe Young,2015,RB,0.7926,34.237,53.304908752441406,52.459613326518024,52.459613326518024,Partial Season Contributor,Rotational backup or special teams contributor; limited starts.,nan,Multi-Year Starter,Consistent career presence; reliable rotational player or specialist.,nan,Multi-Year Starter,Consistent career presence; reliable rotational player or specialist.,nan,RB
201502241,Jeff Carr,2015,APB,0.7926,47.8142,56.23424530029297,58.39444148595102,58.39444148595102,Single Season Contributor,Late bloomer or one-year starter; limited career longevity.,nan,Multi-Year Starter,Consistent career presence; reliable rotational player or specialist.,nan,Multi-Year Starter,Consistent career presence; reliable rotational player or specialist.,nan,RB
201502310,Brett Winnegan,2015,APB,0.7893,48.0544,52.931732177734375,51.5185332266567,51.5185332266567,Single Season Contributor,Late bloomer or one-year starter; limited career longevity.,nan,Multi-Year Starter,Consistent career presence; reliable rotational player or specialist.,nan,Multi-Year Starter,Consistent career presence; reliable rotational player or specialist.,nan,RB
201502385,Kerrith Whyte Jr.,2015,RB,0.7872,58.0032,46.97129440307617,36.656174756309866,36.656174756309866,Multi-Year Starter,Consistent career presence; reliable rotational player or specialist.,nan,Single Season Contributor,Late bloomer or one-year starter; limited career longevity.,nan,Partial Season Contributor,Rotational backup or special teams contributor; limited starts.,nan,RB
201502393,Myles Washington,2015,RB,0.7859,49.6167,49.60729217529297,43.8361926897741,43.8361926897741,Single Season Contributor,Late bloomer or one-year starter; limited career longevity.,nan,Single Season Contributor,Late bloomer or one-year starter; limited career longevity.,nan,Single Season Contributor,Late bloomer or one-year starter; limited career longevity.,nan,RB
201502420,Nick Bingham,2015,RB,0.7856,15.7225,51.8705940246582,49.29617841744119,49.29617841744119,Minimal D1 Impact,Roster filler; medical DQ; or transferred to lower levels.,nan,Multi-Year Starter,Consistent career presence; reliable rotational player or specialist.,nan,Single Season Contributor,Late bloomer or one-year starter; limited career longevity.,nan,RB
201502539,Emmanuel Esukpa,2015,RB,0.7797,53.7322,45.13935089111328,31.667608975350074,31.667608975350074,Multi-Year Starter,Consistent career presence; reliable rotational player or specialist.,nan,Single Season Contributor,Late bloomer or one-year starter; limited career longevity.,nan,Partial Season Contributor,Rotational backup or special teams contributor; limited starts.,nan,RB
201502544,Braeden West,2015,APB,0.7793,67.6716,52.880889892578125,51.4006112078495,51.4006112078495,Meaningful G5 Contributor,Standout starter at the Group of 5 level; high-end depth in Power 4.,Potential Day 3 Pick,Multi-Year Starter,Consistent career presence; reliable rotational player or specialist.,nan,Multi-Year Starter,Consistent career presence; reliable rotational player or specialist.,nan,RB
201502585,Xzaviar Campbell,2015,RB,0.7785,51.3628,45.90156936645508,34.03365198994962,34.03365198994962,Multi-Year Starter,Consistent career presence; reliable rotational player or specialist.,nan,Single Season Contributor,Late bloomer or one-year starter; limited career longevity.,nan,Partial Season Contributor,Rotational backup or special teams contributor; limited starts.,nan,RB
201502630,Connor Slomka,2015,RB,0.7778,58.1108,40.3453254699707,21.612633491984475,21.612633491984475,Multi-Year Starter,Consistent career presence; reliable rotational player or specialist.,nan,Single Season Contributor,Late bloomer or one-year starter; limited career longevity.,nan,Partial Season Contributor,Rotational backup or special teams contributor; limited starts.,nan,RB
201502653,Collin Olsen,2015,RB,0.7752,46.8334,49.497100830078125,43.56377561669399,43.56377561669399,Single Season Contributor,Late bloomer or one-year starter; limited career longevity.,nan,Single Season Contributor,Late bloomer or one-year starter; limited career longevity.,nan,Single Season Contributor,Late bloomer or one-year starter; limited career longevity.,nan,RB
201502681,Marquez Trigg,2015,RB,0.775,47.0881,45.50053405761719,32.655866835204506,32.655866835204506,Single Season Contributor,Late bloomer or one-year starter; limited career longevity.,nan,Single Season Contributor,Late bloomer or one-year starter; limited career longevity.,nan,Partial Season Contributor,Rotational backup or special teams contributor; limited starts.,nan,RB
201502696,Gemonta Jackson,2015,RB,0.7733,46.4489,49.25086212158203,42.919311350923316,42.919311350923316,Single Season Contributor,Late bloomer or one-year starter; limited career longevity.,nan,Single Season Contributor,Late bloomer or one-year starter; limited career longevity.,nan,Single Season Contributor,Late bloomer or one-year starter; limited career longevity.,nan,RB
201502699,Lexington Thomas,2015,RB,0.7733,67.7849,50.72933578491211,46.56458315858282,46.56458315858282,Meaningful G5 Contributor,Standout starter at the Group of 5 level; high-end depth in Power 4.,Potential Day 3 Pick,Multi-Year Starter,Consistent career presence; reliable rotational player or specialist.,nan,Single Season Contributor,Late bloomer or one-year starter; limited career longevity.,nan,RB
201502721,Jaylon Watson,2015,FB,0.7726,47.6151,54.12804412841797,54.758130246229705,54.758130246229705,Single Season Contributor,Late bloomer or one-year starter; limited career longevity.,nan,Multi-Year Starter,Consistent career presence; reliable rotational player or specialist.,nan,Multi-Year Starter,Consistent career presence; reliable rotational player or specialist.,nan,RB
201502741,Calvary Pugh,2015,APB,0.7711,16.448,54.068119049072266,54.65887618309142,54.65887618309142,Minimal D1 Impact,Roster filler; medical DQ; or transferred to lower levels.,nan,Multi-Year Starter,Consistent career presence; reliable rotational player or specialist.,nan,Multi-Year Starter,Consistent career presence; reliable rotational player or specialist.,nan,RB
201502747,Willie Parker,2015,RB,0.7711,47.5311,45.777488708496094,33.569786494004674,33.569786494004674,Single Season Contributor,Late bloomer or one-year starter; limited career longevity.,nan,Single Season Contributor,Late bloomer or one-year starter; limited career longevity.,nan,Partial Season Contributor,Rotational backup or special teams contributor; limited starts.,nan,RB
201502810,Will Matthews,2015,RB,0.7685,54.4868,57.09695053100586,59.50869192605869,59.50869192605869,Multi-Year Starter,Consistent career presence; reliable rotational player or specialist.,nan,Multi-Year Starter,Consistent career presence; reliable rotational player or specialist.,nan,Multi-Year Starter,Consistent career presence; reliable rotational player or specialist.,nan,RB
201502881,Raquan Bennett,2015,RB,0.7667,30.0816,46.77369689941406,36.05887521652715,36.05887521652715,Partial Season Contributor,Rotational backup or special teams contributor; limited starts.,nan,Single Season Contributor,Late bloomer or one-year starter; limited career longevity.,nan,Partial Season Contributor,Rotational backup or special teams contributor; limited starts.,nan,RB
201502962,Joshua Kelley,2015,RB,0.7667,75.7118,50.8991584777832,46.99826604226995,46.99826604226995,Meaningful P4 Contributor,Reliable multi-year starter at the highest level of competition.,Potential Day 2 Pick,Multi-Year Starter,Consistent career presence; reliable rotational player or specialist.,nan,Single Season Contributor,Late bloomer or one-year starter; limited career longevity.,nan,RB
201503103,Emmanuel Reed,2015,RB,0.7644,56.6317,53.7451286315918,53.82102958787745,53.82102958787745,Multi-Year Starter,Consistent career presence; reliable rotational player or specialist.,nan,Multi-Year Starter,Consistent career presence; reliable rotational player or specialist.,nan,Multi-Year Starter,Consistent career presence; reliable rotational player or specialist.,nan,RB
201503199,Halen Steward,2015,FB,0.7583,49.6989,48.69940948486328,41.06792534056931,41.06792534056931,Single Season Contributor,Late bloomer or one-year starter; limited career longevity.,nan,Single Season Contributor,Late bloomer or one-year starter; limited career longevity.,nan,Single Season Contributor,Late bloomer or one-year starter; limited career longevity.,nan,RB
201503278,Van Edwards,2015,RB,0.7533,57.4837,41.67888641357422,24.24947389197319,24.24947389197319,Multi-Year Starter,Consistent career presence; reliable rotational player or specialist.,nan,Single Season Contributor,Late bloomer or one-year starter; limited career longevity.,nan,Partial Season Contributor,Rotational backup or special teams contributor; limited starts.,nan,RB
201503368,Desmond Anderson,2015,RB,0.7433,46.1044,36.11698532104492,16.163760441826554,16.163760441826554,Single Season Contributor,Late bloomer or one-year starter; limited career longevity.,nan,Partial Season Contributor,Rotational backup or special teams contributor; limited starts.,nan,Minimal D1 Impact,Roster filler; medical DQ; or transferred to lower levels.,nan,RB
201503371,Tyrone Nelson,2015,RB,0.7433,10.9793,58.72174072265625,61.86741746411841,61.86741746411841,Minimal D1 Impact,Roster filler; medical DQ; or transferred to lower levels.,nan,Multi-Year Starter,Consistent career presence; reliable rotational player or specialist.,nan,Meaningful G5 Contributor,Standout starter at the Group of 5 level; high-end depth in Power 4.,Potential Day 3 Pick,RB
201600021,Miles Sanders,2016,RB,0.9864,68.5155,73.15214538574219,85.7043992154745,85.7043992154745,Meaningful G5 Contributor,Standout starter at the Group of 5 level; high-end depth in Power 4.,Potential Day 3 Pick,Meaningful P4 Contributor,Reliable multi-year starter at the highest level of competition.,Potential Day 2 Pick,Elite Power 4,All-Conference/All-American honors.,First round NFL Draft talent,RB
201600029,Tavien Feaster,2016,APB,0.9816,80.3867,76.4529037475586,93.85589347557104,93.85589347557104,Elite Power 4,All-Conference/All-American honors.,First round NFL Draft talent,Meaningful P4 Contributor,Reliable multi-year starter at the highest level of competition.,Potential Day 2 Pick,Elite Power 4,All-Conference/All-American honors.,First round NFL Draft talent,RB
201600035,B.J. Emmons,2016,RB,0.9805,55.2102,69.57650756835938,79.51930123974282,79.51930123974282,Multi-Year Starter,Consistent career presence; reliable rotational player or specialist.,nan,Meaningful G5 Contributor,Standout starter at the Group of 5 level; high-end depth in Power 4.,Potential Day 3 Pick,Meaningful P4 Contributor,Reliable multi-year starter at the highest level of competition.,Potential Day 2 Pick,RB
201600044,Demario McCall,2016,APB,0.9767,60.8637,59.8461799621582,63.811379228149775,63.811379228149775,Meaningful G5 Contributor,Standout starter at the Group of 5 level; high-end depth in Power 4.,Potential Day 3 Pick,Multi-Year Starter,Consistent career presence; reliable rotational player or specialist.,nan,Meaningful G5 Contributor,Standout starter at the Group of 5 level; high-end depth in Power 4.,Potential Day 3 Pick,RB
201600100,Devwah Whaley,2016,RB,0.9535,71.3499,69.36793518066406,79.29929245039361,79.29929245039361,Meaningful P4 Contributor,Reliable multi-year starter at the highest level of competition.,Potential Day 2 Pick,Meaningful G5 Contributor,Standout starter at the Group of 5 level; high-end depth in Power 4.,Potential Day 3 Pick,Meaningful P4 Contributor,Reliable multi-year starter at the highest level of competition.,Potential Day 2 Pick,RB
201600106,Kareem Walker,2016,RB,0.9505,54.444,72.63270568847656,84.23182215499088,84.23182215499088,Multi-Year Starter,Consistent career presence; reliable rotational player or specialist.,nan,Meaningful P4 Contributor,Reliable multi-year starter at the highest level of competition.,Potential Day 2 Pick,Elite Power 4,All-Conference/All-American honors.,First round NFL Draft talent,RB
201600163,Elijah Holyfield,2016,RB,0.9297,65.0971,62.017242431640625,67.84575799974961,67.84575799974961,Meaningful G5 Contributor,Standout starter at the Group of 5 level; high-end depth in Power 4.,Potential Day 3 Pick,Meaningful G5 Contributor,Standout starter at the Group of 5 level; high-end depth in Power 4.,Potential Day 3 Pick,Meaningful G5 Contributor,Standout starter at the Group of 5 level; high-end depth in Power 4.,Potential Day 3 Pick,RB
201600169,Antonio Williams,2016,RB,0.9286,63.0967,71.59901428222656,81.7671299993258,81.7671299993258,Meaningful G5 Contributor,Standout starter at the Group of 5 level; high-end depth in Power 4.,Potential Day 3 Pick,Meaningful P4 Contributor,Reliable multi-year starter at the highest level of competition.,Potential Day 2 Pick,Elite Power 4,All-Conference/All-American honors.,First round NFL Draft talent,RB
201600215,Vavae Malepeai,2016,RB,0.9178,69.5956,68.14555358886719,77.34359729028169,77.34359729028169,Meaningful G5 Contributor,Standout starter at the Group of 5 level; high-end depth in Power 4.,Potential Day 3 Pick,Meaningful G5 Contributor,Standout starter at the Group of 5 level; high-end depth in Power 4.,Potential Day 3 Pick,Meaningful P4 Contributor,Reliable multi-year starter at the highest level of competition.,Potential Day 2 Pick,RB
201600225,Amir Rasul,2016,RB,0.9158,52.0429,62.32209777832031,68.78851053258596,68.78851053258596,Multi-Year Starter,Consistent career presence; reliable rotational player or specialist.,nan,Meaningful G5 Contributor,Standout starter at the Group of 5 level; high-end depth in Power 4.,Potential Day 3 Pick,Meaningful G5 Contributor,Standout starter at the Group of 5 level; high-end depth in Power 4.,Potential Day 3 Pick,RB
201600228,Sean McGrew,2016,APB,0.9145,58.4243,60.155460357666016,64.19710279222569,64.19710279222569,Multi-Year Starter,Consistent career presence; reliable rotational player or specialist.,nan,Meaningful G5 Contributor,Standout starter at the Group of 5 level; high-end depth in Power 4.,Potential Day 3 Pick,Meaningful G5 Contributor,Standout starter at the Group of 5 level; high-end depth in Power 4.,Potential Day 3 Pick,RB
201600237,D'Vaughn Pennamon,2016,APB,0.9122,51.0852,62.93251419067383,69.49388296761748,69.49388296761748,Multi-Year Starter,Consistent career presence; reliable rotational player or specialist.,nan,Meaningful G5 Contributor,Standout starter at the Group of 5 level; high-end depth in Power 4.,Potential Day 3 Pick,Meaningful G5 Contributor,Standout starter at the Group of 5 level; high-end depth in Power 4.,Potential Day 3 Pick,RB
201600245,Travis Homer,2016,RB,0.9109,65.3904,59.180477142333984,62.843570934163594,62.843570934163594,Meaningful G5 Contributor,Standout starter at the Group of 5 level; high-end depth in Power 4.,Potential Day 3 Pick,Multi-Year Starter,Consistent career presence; reliable rotational player or specialist.,nan,Meaningful G5 Contributor,Standout starter at the Group of 5 level; high-end depth in Power 4.,Potential Day 3 Pick,RB
201600264,Kyle Porter,2016,RB,0.9073,66.0181,66.55231475830078,74.56748399698321,74.56748399698321,Meaningful G5 Contributor,Standout starter at the Group of 5 level; high-end depth in Power 4.,Potential Day 3 Pick,Meaningful G5 Contributor,Standout starter at the Group of 5 level; high-end depth in Power 4.,Potential Day 3 Pick,Meaningful P4 Contributor,Reliable multi-year starter at the highest level of competition.,Potential Day 2 Pick,RB
201600266,Kam Martin,2016,APB,0.9072,70.7789,64.17517852783203,71.62608453731157,71.62608453731157,Meaningful P4 Contributor,Reliable multi-year starter at the highest level of competition.,Potential Day 2 Pick,Meaningful G5 Contributor,Standout starter at the Group of 5 level; high-end depth in Power 4.,Potential Day 3 Pick,Meaningful P4 Contributor,Reliable multi-year starter at the highest level of competition.,Potential Day 2 Pick,RB
201600290,Carlin Fils-aime,2016,RB,0.9029,53.4584,64.42906188964844,71.94615878752657,71.94615878752657,Multi-Year Starter,Consistent career presence; reliable rotational player or specialist.,nan,Meaningful G5 Contributor,Standout starter at the Group of 5 level; high-end depth in Power 4.,Potential Day 3 Pick,Meaningful P4 Contributor,Reliable multi-year starter at the highest level of competition.,Potential Day 2 Pick,RB
201600305,Trayveon Williams,2016,APB,0.898,82.1832,63.944149017333984,71.10279990890716,71.10279990890716,Elite Power 4,All-Conference/All-American honors.,First round NFL Draft talent,Meaningful G5 Contributor,Standout starter at the Group of 5 level; high-end depth in Power 4.,Potential Day 3 Pick,Meaningful P4 Contributor,Reliable multi-year starter at the highest level of competition.,Potential Day 2 Pick,RB
201600314,Tony Jones Jr.,2016,RB,0.8958,64.1195,61.4118766784668,66.52696888954814,66.52696888954814,Meaningful G5 Contributor,Standout starter at the Group of 5 level; high-end depth in Power 4.,Potential Day 3 Pick,Meaningful G5 Contributor,Standout starter at the Group of 5 level; high-end depth in Power 4.,Potential Day 3 Pick,Meaningful G5 Contributor,Standout starter at the Group of 5 level; high-end depth in Power 4.,Potential Day 3 Pick,RB
201600327,Abdul Adams,2016,RB,0.8942,61.7037,68.0566177368164,77.06359122478875,77.06359122478875,Meaningful G5 Contributor,Standout starter at the Group of 5 level; high-end depth in Power 4.,Potential Day 3 Pick,Meaningful G5 Contributor,Standout starter at the Group of 5 level; high-end depth in Power 4.,Potential Day 3 Pick,Meaningful P4 Contributor,Reliable multi-year starter at the highest level of competition.,Potential Day 2 Pick,RB
201600328,Beau Bisharat,2016,RB,0.894,51.1983,68.08720397949219,77.1598890987324,77.1598890987324,Multi-Year Starter,Consistent career presence; reliable rotational player or specialist.,nan,Meaningful G5 Contributor,Standout starter at the Group of 5 level; high-end depth in Power 4.,Potential Day 3 Pick,Meaningful P4 Contributor,Reliable multi-year starter at the highest level of competition.,Potential Day 2 Pick,RB
201600332,Chris Evans,2016,APB,0.8938,72.8066,61.77241516113281,67.33683722373578,67.33683722373578,Meaningful P4 Contributor,Reliable multi-year starter at the highest level of competition.,Potential Day 2 Pick,Meaningful G5 Contributor,Standout starter at the Group of 5 level; high-end depth in Power 4.,Potential Day 3 Pick,Meaningful G5 Contributor,Standout starter at the Group of 5 level; high-end depth in Power 4.,Potential Day 3 Pick,RB
201600345,Darius Anderson,2016,RB,0.8911,71.7175,59.55720520019531,63.35102227017356,63.35102227017356,Meaningful P4 Contributor,Reliable multi-year starter at the highest level of competition.,Potential Day 2 Pick,Multi-Year Starter,Consistent career presence; reliable rotational player or specialist.,nan,Meaningful G5 Contributor,Standout starter at the Group of 5 level; high-end depth in Power 4.,Potential Day 3 Pick,RB
201600362,Demetric Felton,2016,APB,0.8869,57.3438,60.89597702026367,65.52805946649798,65.52805946649798,Multi-Year Starter,Consistent career presence; reliable rotational player or specialist.,nan,Meaningful G5 Contributor,Standout starter at the Group of 5 level; high-end depth in Power 4.,Potential Day 3 Pick,Meaningful G5 Contributor,Standout starter at the Group of 5 level; high-end depth in Power 4.,Potential Day 3 Pick,RB
201600365,Kentrail Moran,2016,RB,0.8861,41.1733,63.96775817871094,71.15431151510862,71.15431151510862,Single Season Contributor,Late bloomer or one-year starter; limited career longevity.,nan,Meaningful G5 Contributor,Standout starter at the Group of 5 level; high-end depth in Power 4.,Potential Day 3 Pick,Meaningful P4 Contributor,Reliable multi-year starter at the highest level of competition.,Potential Day 2 Pick,RB
201600384,Trevor Speights,2016,RB,0.8836,48.7503,57.029029846191406,59.41531419959597,59.41531419959597,Single Season Contributor,Late bloomer or one-year starter; limited career longevity.,nan,Multi-Year Starter,Consistent career presence; reliable rotational player or specialist.,nan,Multi-Year Starter,Consistent career presence; reliable rotational player or specialist.,nan,RB
201600402,Brandon Stephens,2016,RB,0.8819,48.9571,62.90346145629883,69.43859637648639,69.43859637648639,Single Season Contributor,Late bloomer or one-year starter; limited career longevity.,nan,Meaningful G5 Contributor,Standout starter at the Group of 5 level; high-end depth in Power 4.,Potential Day 3 Pick,Meaningful G5 Contributor,Standout starter at the Group of 5 level; high-end depth in Power 4.,Potential Day 3 Pick,RB
201600439,Malik Miller,2016,RB,0.8783,52.2704,63.8100471496582,70.9685159153967,70.9685159153967,Multi-Year Starter,Consistent career presence; reliable rotational player or specialist.,nan,Meaningful G5 Contributor,Standout starter at the Group of 5 level; high-end depth in Power 4.,Potential Day 3 Pick,Meaningful P4 Contributor,Reliable multi-year starter at the highest level of competition.,Potential Day 2 Pick,RB
201600452,Jeremy Larkin,2016,RB,0.8761,62.1104,60.06668472290039,64.09145961025342,64.09145961025342,Meaningful G5 Contributor,Standout starter at the Group of 5 level; high-end depth in Power 4.,Potential Day 3 Pick,Meaningful G5 Contributor,Standout starter at the Group of 5 level; high-end depth in Power 4.,Potential Day 3 Pick,Meaningful G5 Contributor,Standout starter at the Group of 5 level; high-end depth in Power 4.,Potential Day 3 Pick,RB
201600463,Josh Jacobs,2016,APB,0.8756,64.187,63.437828063964844,70.46786328685607,70.46786328685607,Meaningful G5 Contributor,Standout starter at the Group of 5 level; high-end depth in Power 4.,Potential Day 3 Pick,Meaningful G5 Contributor,Standout starter at the Group of 5 level; high-end depth in Power 4.,Potential Day 3 Pick,Meaningful P4 Contributor,Reliable multi-year starter at the highest level of competition.,Potential Day 2 Pick,RB
201600468,Martell Pettaway,2016,RB,0.8753,63.4939,63.99913787841797,71.22568395194685,71.22568395194685,Meaningful G5 Contributor,Standout starter at the Group of 5 level; high-end depth in Power 4.,Potential Day 3 Pick,Meaningful G5 Contributor,Standout starter at the Group of 5 level; high-end depth in Power 4.,Potential Day 3 Pick,Meaningful P4 Contributor,Reliable multi-year starter at the highest level of competition.,Potential Day 2 Pick,RB
201600472,Jordon Brown,2016,APB,0.8746,64.426,63.07071304321289,69.75687175746744,69.75687175746744,Meaningful G5 Contributor,Standout starter at the Group of 5 level; high-end depth in Power 4.,Potential Day 3 Pick,Meaningful G5 Contributor,Standout starter at the Group of 5 level; high-end depth in Power 4.,Potential Day 3 Pick,Meaningful G5 Contributor,Standout starter at the Group of 5 level; high-end depth in Power 4.,Potential Day 3 Pick,RB
201600493,Brittain Brown,2016,RB,0.8728,68.8125,66.29159545898438,74.10247305890903,74.10247305890903,Meaningful G5 Contributor,Standout starter at the Group of 5 level; high-end depth in Power 4.,Potential Day 3 Pick,Meaningful G5 Contributor,Standout starter at the Group of 5 level; high-end depth in Power 4.,Potential Day 3 Pick,Meaningful P4 Contributor,Reliable multi-year starter at the highest level of competition.,Potential Day 2 Pick,RB
201600501,Lamical Perine,2016,RB,0.8725,78.2324,63.241573333740234,70.01457473559643,70.01457473559643,Meaningful P4 Contributor,Reliable multi-year starter at the highest level of competition.,Potential Day 2 Pick,Meaningful G5 Contributor,Standout starter at the Group of 5 level; high-end depth in Power 4.,Potential Day 3 Pick,Meaningful P4 Contributor,Reliable multi-year starter at the highest level of competition.,Potential Day 2 Pick,RB
201600536,Damarea Crockett,2016,RB,0.8692,69.6228,51.58979034423828,48.45797877306252,48.45797877306252,Meaningful G5 Contributor,Standout starter at the Group of 5 level; high-end depth in Power 4.,Potential Day 3 Pick,Multi-Year Starter,Consistent career presence; reliable rotational player or specialist.,nan,Single Season Contributor,Late bloomer or one-year starter; limited career longevity.,nan,RB
201600569,Tre Bryant,2016,RB,0.8664,56.9626,52.18303680419922,50.048887308623094,50.048887308623094,Multi-Year Starter,Consistent career presence; reliable rotational player or specialist.,nan,Multi-Year Starter,Consistent career presence; reliable rotational player or specialist.,nan,Multi-Year Starter,Consistent career presence; reliable rotational player or specialist.,nan,RB
201600578,Rico Dowdle,2016,RB,0.8656,73.2847,61.023399353027344,65.74257799356108,65.74257799356108,Meaningful P4 Contributor,Reliable multi-year starter at the highest level of competition.,Potential Day 2 Pick,Meaningful G5 Contributor,Standout starter at the Group of 5 level; high-end depth in Power 4.,Potential Day 3 Pick,Meaningful G5 Contributor,Standout starter at the Group of 5 level; high-end depth in Power 4.,Potential Day 3 Pick,RB
201600592,Jalin Buie,2016,APB,0.8644,35.9391,59.697540283203125,63.58176752791954,63.58176752791954,Partial Season Contributor,Rotational backup or special teams contributor; limited starts.,nan,Multi-Year Starter,Consistent career presence; reliable rotational player or specialist.,nan,Meaningful G5 Contributor,Standout starter at the Group of 5 level; high-end depth in Power 4.,Potential Day 3 Pick,RB
201600622,Jarrion Street,2016,RB,0.8631,50.3974,54.8389778137207,56.2284528573571,56.2284528573571,Multi-Year Starter,Consistent career presence; reliable rotational player or specialist.,nan,Multi-Year Starter,Consistent career presence; reliable rotational player or specialist.,nan,Multi-Year Starter,Consistent career presence; reliable rotational player or specialist.,nan,RB
201600623,Toks Akinribade,2016,RB,0.8628,35.1755,61.12578582763672,65.9314801616748,65.9314801616748,Partial Season Contributor,Rotational backup or special teams contributor; limited starts.,nan,Meaningful G5 Contributor,Standout starter at the Group of 5 level; high-end depth in Power 4.,Potential Day 3 Pick,Meaningful G5 Contributor,Standout starter at the Group of 5 level; high-end depth in Power 4.,Potential Day 3 Pick,RB
201600633,Zion Echols,2016,APB,0.8622,44.266,57.10710144042969,59.52231289661847,59.52231289661847,Single Season Contributor,Late bloomer or one-year starter; limited career longevity.,nan,Multi-Year Starter,Consistent career presence; reliable rotational player or specialist.,nan,Multi-Year Starter,Consistent career presence; reliable rotational player or specialist.,nan,RB
201600635,Kennedy McKoy,2016,RB,0.8622,73.1222,53.82571792602539,54.07634087387082,54.07634087387082,Meaningful P4 Contributor,Reliable multi-year starter at the highest level of competition.,Potential Day 2 Pick,Multi-Year Starter,Consistent career presence; reliable rotational player or specialist.,nan,Multi-Year Starter,Consistent career presence; reliable rotational player or specialist.,nan,RB
201600640,Da'Leon Ward,2016,RB,0.8619,59.6977,60.668209075927734,64.99238046167872,64.99238046167872,Multi-Year Starter,Consistent career presence; reliable rotational player or specialist.,nan,Meaningful G5 Contributor,Standout starter at the Group of 5 level; high-end depth in Power 4.,Potential Day 3 Pick,Meaningful G5 Contributor,Standout starter at the Group of 5 level; high-end depth in Power 4.,Potential Day 3 Pick,RB
201600659,Alexander Mattison,2016,RB,0.8611,69.7048,56.46408462524414,58.865845388602516,58.865845388602516,Meaningful G5 Contributor,Standout starter at the Group of 5 level; high-end depth in Power 4.,Potential Day 3 Pick,Multi-Year Starter,Consistent career presence; reliable rotational player or specialist.,nan,Multi-Year Starter,Consistent career presence; reliable rotational player or specialist.,nan,RB
201600718,Mulbah Car,2016,RB,0.8575,62.3773,53.26456069946289,52.325449435051674,52.325449435051674,Meaningful G5 Contributor,Standout starter at the Group of 5 level; high-end depth in Power 4.,Potential Day 3 Pick,Multi-Year Starter,Consistent career presence; reliable rotational player or specialist.,nan,Multi-Year Starter,Consistent career presence; reliable rotational player or specialist.,nan,RB
201600732,Kingston Davis,2016,FB,0.8569,50.2228,50.881866455078125,46.954106724426524,46.954106724426524,Multi-Year Starter,Consistent career presence; reliable rotational player or specialist.,nan,Multi-Year Starter,Consistent career presence; reliable rotational player or specialist.,nan,Single Season Contributor,Late bloomer or one-year starter; limited career longevity.,nan,RB
201600740,Dedrick Mills,2016,RB,0.8564,71.0917,57.347129821777344,59.82465982623787,59.82465982623787,Meaningful P4 Contributor,Reliable multi-year starter at the highest level of competition.,Potential Day 2 Pick,Multi-Year Starter,Consistent career presence; reliable rotational player or specialist.,nan,Multi-Year Starter,Consistent career presence; reliable rotational player or specialist.,nan,RB
201600764,Deon McIntosh,2016,RB,0.8556,63.6885,52.633785247802734,50.80652717922499,50.80652717922499,Meaningful G5 Contributor,Standout starter at the Group of 5 level; high-end depth in Power 4.,Potential Day 3 Pick,Multi-Year Starter,Consistent career presence; reliable rotational player or specialist.,nan,Multi-Year Starter,Consistent career presence; reliable rotational player or specialist.,nan,RB
201600796,Tyliek Raynor,2016,RB,0.8542,27.5077,59.00173568725586,62.50376680358528,62.50376680358528,Partial Season Contributor,Rotational backup or special teams contributor; limited starts.,nan,Multi-Year Starter,Consistent career presence; reliable rotational player or specialist.,nan,Meaningful G5 Contributor,Standout starter at the Group of 5 level; high-end depth in Power 4.,Potential Day 3 Pick,RB
201600811,Fred Holly,2016,RB,0.8536,54.1454,53.80999755859375,54.0265822451596,54.0265822451596,Multi-Year Starter,Consistent career presence; reliable rotational player or specialist.,nan,Multi-Year Starter,Consistent career presence; reliable rotational player or specialist.,nan,Multi-Year Starter,Consistent career presence; reliable rotational player or specialist.,nan,RB
201600839,Trey Sneed,2016,RB,0.8522,50.2331,53.673030853271484,53.57588298934244,53.57588298934244,Multi-Year Starter,Consistent career presence; reliable rotational player or specialist.,nan,Multi-Year Starter,Consistent career presence; reliable rotational player or specialist.,nan,Multi-Year Starter,Consistent career presence; reliable rotational player or specialist.,nan,RB
201600862,LD Brown,2016,APB,0.8514,60.0349,57.92697525024414,60.7110235385197,60.7110235385197,Meaningful G5 Contributor,Standout starter at the Group of 5 level; high-end depth in Power 4.,Potential Day 3 Pick,Multi-Year Starter,Consistent career presence; reliable rotational player or specialist.,nan,Meaningful G5 Contributor,Standout starter at the Group of 5 level; high-end depth in Power 4.,Potential Day 3 Pick,RB
201600865,Lorenzo Harrison,2016,RB,0.8511,65.9015,63.65716552734375,70.81542666217035,70.81542666217035,Meaningful G5 Contributor,Standout starter at the Group of 5 level; high-end depth in Power 4.,Potential Day 3 Pick,Meaningful G5 Contributor,Standout starter at the Group of 5 level; high-end depth in Power 4.,Potential Day 3 Pick,Meaningful P4 Contributor,Reliable multi-year starter at the highest level of competition.,Potential Day 2 Pick,RB
201600869,Benny Snell,2016,RB,0.8508,81.219,57.001068115234375,59.37687225997386,59.37687225997386,Elite Power 4,All-Conference/All-American honors.,First round NFL Draft talent,Multi-Year Starter,Consistent career presence; reliable rotational player or specialist.,nan,Multi-Year Starter,Consistent career presence; reliable rotational player or specialist.,nan,RB
201600918,Chawntez Moss,2016,RB,0.8489,55.1775,54.70846176147461,55.70152249759176,55.70152249759176,Multi-Year Starter,Consistent career presence; reliable rotational player or specialist.,nan,Multi-Year Starter,Consistent career presence; reliable rotational player or specialist.,nan,Multi-Year Starter,Consistent career presence; reliable rotational player or specialist.,nan,RB
201600923,Derrick Clark,2016,RB,0.8489,39.609,59.35212326049805,63.098109246083666,63.098109246083666,Partial Season Contributor,Rotational backup or special teams contributor; limited starts.,nan,Multi-Year Starter,Consistent career presence; reliable rotational player or specialist.,nan,Meaningful G5 Contributor,Standout starter at the Group of 5 level; high-end depth in Power 4.,Potential Day 3 Pick,RB
201600926,Brian Herrien,2016,RB,0.8489,73.2031,58.590457916259766,61.606803498834005,61.606803498834005,Meaningful P4 Contributor,Reliable multi-year starter at the highest level of competition.,Potential Day 2 Pick,Multi-Year Starter,Consistent career presence; reliable rotational player or specialist.,nan,Meaningful G5 Contributor,Standout starter at the Group of 5 level; high-end depth in Power 4.,Potential Day 3 Pick,RB
201600939,Cade Carney,2016,RB,0.8483,69.9834,53.07558059692383,51.85879335976101,51.85879335976101,Meaningful G5 Contributor,Standout starter at the Group of 5 level; high-end depth in Power 4.,Potential Day 3 Pick,Multi-Year Starter,Consistent career presence; reliable rotational player or specialist.,nan,Multi-Year Starter,Consistent career presence; reliable rotational player or specialist.,nan,RB
201600945,Mike McCoy,2016,RB,0.8481,24.7062,61.32868194580078,66.37096342711217,66.37096342711217,Partial Season Contributor,Rotational backup or special teams contributor; limited starts.,nan,Meaningful G5 Contributor,Standout starter at the Group of 5 level; high-end depth in Power 4.,Potential Day 3 Pick,Meaningful G5 Contributor,Standout starter at the Group of 5 level; high-end depth in Power 4.,Potential Day 3 Pick,RB
201600951,Justice Hill,2016,APB,0.8472,76.2938,61.57886505126953,66.96897205833045,66.96897205833045,Meaningful P4 Contributor,Reliable multi-year starter at the highest level of competition.,Potential Day 2 Pick,Meaningful G5 Contributor,Standout starter at the Group of 5 level; high-end depth in Power 4.,Potential Day 3 Pick,Meaningful G5 Contributor,Standout starter at the Group of 5 level; high-end depth in Power 4.,Potential Day 3 Pick,RB
201600971,Elijah Mack,2016,RB,0.8464,35.6835,49.26213836669922,42.97012236019674,42.97012236019674,Partial Season Contributor,Rotational backup or special teams contributor; limited starts.,nan,Single Season Contributor,Late bloomer or one-year starter; limited career longevity.,nan,Single Season Contributor,Late bloomer or one-year starter; limited career longevity.,nan,RB
201600982,Robert Washington,2016,RB,0.8461,51.4862,50.556114196777344,46.22184710728607,46.22184710728607,Multi-Year Starter,Consistent career presence; reliable rotational player or specialist.,nan,Multi-Year Starter,Consistent career presence; reliable rotational player or specialist.,nan,Single Season Contributor,Late bloomer or one-year starter; limited career longevity.,nan,RB
201600993,Quinton Baker,2016,APB,0.8456,53.9013,57.18782424926758,59.62399376146187,59.62399376146187,Multi-Year Starter,Consistent career presence; reliable rotational player or specialist.,nan,Multi-Year Starter,Consistent career presence; reliable rotational player or specialist.,nan,Multi-Year Starter,Consistent career presence; reliable rotational player or specialist.,nan,RB
201600997,Adrian Killins,2016,RB,0.8456,68.8629,50.99330139160156,47.22385443491836,47.22385443491836,Meaningful G5 Contributor,Standout starter at the Group of 5 level; high-end depth in Power 4.,Potential Day 3 Pick,Multi-Year Starter,Consistent career presence; reliable rotational player or specialist.,nan,Single Season Contributor,Late bloomer or one-year starter; limited career longevity.,nan,RB
201601005,Kene Nwangwu,2016,RB,0.845,53.2382,53.57294464111328,53.248000293550774,53.248000293550774,Multi-Year Starter,Consistent career presence; reliable rotational player or specialist.,nan,Multi-Year Starter,Consistent career presence; reliable rotational player or specialist.,nan,Multi-Year Starter,Consistent career presence; reliable rotational player or specialist.,nan,RB
201601071,Tre Nation,2016,FB,0.8422,27.3805,50.92698287963867,47.06640585953583,47.06640585953583,Partial Season Contributor,Rotational backup or special teams contributor; limited starts.,nan,Multi-Year Starter,Consistent career presence; reliable rotational player or specialist.,nan,Single Season Contributor,Late bloomer or one-year starter; limited career longevity.,nan,RB
201601080,JJ Taylor,2016,APB,0.8422,70.9028,41.06654357910156,23.05813843423733,23.05813843423733,Meaningful P4 Contributor,Reliable multi-year starter at the highest level of competition.,Potential Day 2 Pick,Single Season Contributor,Late bloomer or one-year starter; limited career longevity.,nan,Partial Season Contributor,Rotational backup or special teams contributor; limited starts.,nan,RB
201601082,Zack Moss,2016,RB,0.8422,78.9931,45.15313720703125,31.70533065323514,31.70533065323514,Meaningful P4 Contributor,Reliable multi-year starter at the highest level of competition.,Potential Day 2 Pick,Single Season Contributor,Late bloomer or one-year starter; limited career longevity.,nan,Partial Season Contributor,Rotational backup or special teams contributor; limited starts.,nan,RB
201601095,Daevon Vigilant,2016,APB,0.8411,48.3771,51.9897346496582,49.59025630348324,49.59025630348324,Single Season Contributor,Late bloomer or one-year starter; limited career longevity.,nan,Multi-Year Starter,Consistent career presence; reliable rotational player or specialist.,nan,Single Season Contributor,Late bloomer or one-year starter; limited career longevity.,nan,RB
201601152,Chase Jasmin,2016,RB,0.8389,58.5826,42.618534088134766,26.04151322281866,26.04151322281866,Multi-Year Starter,Consistent career presence; reliable rotational player or specialist.,nan,Single Season Contributor,Late bloomer or one-year starter; limited career longevity.,nan,Partial Season Contributor,Rotational backup or special teams contributor; limited starts.,nan,RB
201601212,Bailey McElwain,2016,FB,0.8358,44.7853,50.255035400390625,45.4883796547601,45.4883796547601,Single Season Contributor,Late bloomer or one-year starter; limited career longevity.,nan,Multi-Year Starter,Consistent career presence; reliable rotational player or specialist.,nan,Single Season Contributor,Late bloomer or one-year starter; limited career longevity.,nan,RB
201601228,Jamauri Wakefield,2016,RB,0.8353,54.2838,57.644264221191406,60.1919954600228,60.1919954600228,Multi-Year Starter,Consistent career presence; reliable rotational player or specialist.,nan,Multi-Year Starter,Consistent career presence; reliable rotational player or specialist.,nan,Meaningful G5 Contributor,Standout starter at the Group of 5 level; high-end depth in Power 4.,Potential Day 3 Pick,RB
201601243,David Montgomery,2016,RB,0.8348,74.6682,57.41371536254883,59.90836631934969,59.90836631934969,Meaningful P4 Contributor,Reliable multi-year starter at the highest level of competition.,Potential Day 2 Pick,Multi-Year Starter,Consistent career presence; reliable rotational player or specialist.,nan,Multi-Year Starter,Consistent career presence; reliable rotational player or specialist.,nan,RB
201601343,Jalen Starks,2016,FB,0.8331,56.2147,48.67970275878906,41.03730015432282,41.03730015432282,Multi-Year Starter,Consistent career presence; reliable rotational player or specialist.,nan,Single Season Contributor,Late bloomer or one-year starter; limited career longevity.,nan,Single Season Contributor,Late bloomer or one-year starter; limited career longevity.,nan,RB
201601346,Cole Gest,2016,RB,0.8328,56.1475,51.99489974975586,49.613168488626954,49.613168488626954,Multi-Year Starter,Consistent career presence; reliable rotational player or specialist.,nan,Multi-Year Starter,Consistent career presence; reliable rotational player or specialist.,nan,Single Season Contributor,Late bloomer or one-year starter; limited career longevity.,nan,RB
201601354,Theo Anderson,2016,RB,0.8325,48.595,55.64811325073242,57.34065608832246,57.34065608832246,Single Season Contributor,Late bloomer or one-year starter; limited career longevity.,nan,Multi-Year Starter,Consistent career presence; reliable rotational player or specialist.,nan,Multi-Year Starter,Consistent career presence; reliable rotational player or specialist.,nan,RB
201601372,Nic Smith,2016,RB,0.8319,42.6484,49.19784927368164,42.61611900936622,42.61611900936622,Single Season Contributor,Late bloomer or one-year starter; limited career longevity.,nan,Single Season Contributor,Late bloomer or one-year starter; limited career longevity.,nan,Single Season Contributor,Late bloomer or one-year starter; limited career longevity.,nan,RB
201601380,Marcus Williams Jr,2016,APB,0.8317,63.4136,58.88816833496094,62.23191933839904,62.23191933839904,Meaningful G5 Contributor,Standout starter at the Group of 5 level; high-end depth in Power 4.,Potential Day 3 Pick,Multi-Year Starter,Consistent career presence; reliable rotational player or specialist.,nan,Meaningful G5 Contributor,Standout starter at the Group of 5 level; high-end depth in Power 4.,Potential Day 3 Pick,RB
201601391,Jack Wegher,2016,RB,0.8314,34.8445,50.53214645385742,46.17797719862392,46.17797719862392,Partial Season Contributor,Rotational backup or special teams contributor; limited starts.,nan,Multi-Year Starter,Consistent career presence; reliable rotational player or specialist.,nan,Single Season Contributor,Late bloomer or one-year starter; limited career longevity.,nan,RB
201601409,Jake Funk,2016,RB,0.8303,64.1701,56.5063362121582,58.95180215266264,58.95180215266264,Meaningful G5 Contributor,Standout starter at the Group of 5 level; high-end depth in Power 4.,Potential Day 3 Pick,Multi-Year Starter,Consistent career presence; reliable rotational player or specialist.,nan,Multi-Year Starter,Consistent career presence; reliable rotational player or specialist.,nan,RB
201601426,Benjamin LeMay,2016,RB,0.8294,63.9355,60.94871520996094,65.616845462865,65.616845462865,Meaningful G5 Contributor,Standout starter at the Group of 5 level; high-end depth in Power 4.,Potential Day 3 Pick,Meaningful G5 Contributor,Standout starter at the Group of 5 level; high-end depth in Power 4.,Potential Day 3 Pick,Meaningful G5 Contributor,Standout starter at the Group of 5 level; high-end depth in Power 4.,Potential Day 3 Pick,RB
201601479,Tre Miller,2016,RB,0.827,37.1968,57.03532028198242,59.42396232489432,59.42396232489432,Partial Season Contributor,Rotational backup or special teams contributor; limited starts.,nan,Multi-Year Starter,Consistent career presence; reliable rotational player or specialist.,nan,Multi-Year Starter,Consistent career presence; reliable rotational player or specialist.,nan,RB
201601483,Trey Ragas,2016,RB,0.8269,71.0599,44.180328369140625,30.461808799649198,30.461808799649198,Meaningful P4 Contributor,Reliable multi-year starter at the highest level of competition.,Potential Day 2 Pick,Single Season Contributor,Late bloomer or one-year starter; limited career longevity.,nan,Partial Season Contributor,Rotational backup or special teams contributor; limited starts.,nan,RB
201601493,Tyler Natee,2016,FB,0.8267,53.0499,48.91098403930664,41.50099662297657,41.50099662297657,Multi-Year Starter,Consistent career presence; reliable rotational player or specialist.,nan,Single Season Contributor,Late bloomer or one-year starter; limited career longevity.,nan,Single Season Contributor,Late bloomer or one-year starter; limited career longevity.,nan,RB
201601521,Rashaad Boddie,2016,FB,0.8256,41.1214,42.992061614990234,27.896559521940404,27.896559521940404,Single Season Contributor,Late bloomer or one-year starter; limited career longevity.,nan,Single Season Contributor,Late bloomer or one-year starter; limited career longevity.,nan,Partial Season Contributor,Rotational backup or special teams contributor; limited starts.,nan,RB
201601527,Devontae Henry-Cole,2016,RB,0.8253,50.3358,54.5677604675293,55.48772405669763,55.48772405669763,Multi-Year Starter,Consistent career presence; reliable rotational player or specialist.,nan,Multi-Year Starter,Consistent career presence; reliable rotational player or specialist.,nan,Multi-Year Starter,Consistent career presence; reliable rotational player or specialist.,nan,RB
201601534,Sione Finau,2016,RB,0.8253,45.9094,51.61701202392578,48.52480246771366,48.52480246771366,Single Season Contributor,Late bloomer or one-year starter; limited career longevity.,nan,Multi-Year Starter,Consistent career presence; reliable rotational player or specialist.,nan,Single Season Contributor,Late bloomer or one-year starter; limited career longevity.,nan,RB
201601542,Kameron Pickett,2016,RB,0.8248,15.1783,53.043128967285156,51.78200755664998,51.78200755664998,Minimal D1 Impact,Roster filler; medical DQ; or transferred to lower levels.,nan,Multi-Year Starter,Consistent career presence; reliable rotational player or specialist.,nan,Multi-Year Starter,Consistent career presence; reliable rotational player or specialist.,nan,RB
201601577,Patrick Taylor,2016,RB,0.8236,64.9888,47.85811996459961,39.405376195087996,39.405376195087996,Meaningful G5 Contributor,Standout starter at the Group of 5 level; high-end depth in Power 4.,Potential Day 3 Pick,Single Season Contributor,Late bloomer or one-year starter; limited career longevity.,nan,Partial Season Contributor,Rotational backup or special teams contributor; limited starts.,nan,RB
201601597,Morian Walker,2016,RB,0.8222,37.2625,53.75319290161133,53.846782259685526,53.846782259685526,Partial Season Contributor,Rotational backup or special teams contributor; limited starts.,nan,Multi-Year Starter,Consistent career presence; reliable rotational player or specialist.,nan,Multi-Year Starter,Consistent career presence; reliable rotational player or specialist.,nan,RB
201601629,Bilal Ally,2016,RB,0.8215,56.3493,48.565547943115234,40.82662013243839,40.82662013243839,Multi-Year Starter,Consistent career presence; reliable rotational player or specialist.,nan,Single Season Contributor,Late bloomer or one-year starter; limited career longevity.,nan,Single Season Contributor,Late bloomer or one-year starter; limited career longevity.,nan,RB
201601630,Nate Hopkins,2016,RB,0.8215,55.5163,48.94072341918945,41.59756909813533,41.59756909813533,Multi-Year Starter,Consistent career presence; reliable rotational player or specialist.,nan,Single Season Contributor,Late bloomer or one-year starter; limited career longevity.,nan,Single Season Contributor,Late bloomer or one-year starter; limited career longevity.,nan,RB
201601669,Toren Young,2016,RB,0.8194,63.5747,38.898658752441406,18.71314460851568,18.71314460851568,Meaningful G5 Contributor,Standout starter at the Group of 5 level; high-end depth in Power 4.,Potential Day 3 Pick,Partial Season Contributor,Rotational backup or special teams contributor; limited starts.,nan,Minimal D1 Impact,Roster filler; medical DQ; or transferred to lower levels.,nan,RB
201601706,Kumehnnu Gwilly,2016,RB,0.8174,49.8839,52.290565490722656,50.19073142055095,50.19073142055095,Single Season Contributor,Late bloomer or one-year starter; limited career longevity.,nan,Multi-Year Starter,Consistent career presence; reliable rotational player or specialist.,nan,Multi-Year Starter,Consistent career presence; reliable rotational player or specialist.,nan,RB
201601738,TJ Wisham,2016,RB,0.8156,18.6654,49.21794128417969,42.731029714049335,42.731029714049335,Minimal D1 Impact,Roster filler; medical DQ; or transferred to lower levels.,nan,Single Season Contributor,Late bloomer or one-year starter; limited career longevity.,nan,Single Season Contributor,Late bloomer or one-year starter; limited career longevity.,nan,RB
201601763,Ronnie Jones,2016,RB,0.8147,49.9661,47.89301300048828,39.52135458500859,39.52135458500859,Single Season Contributor,Late bloomer or one-year starter; limited career longevity.,nan,Single Season Contributor,Late bloomer or one-year starter; limited career longevity.,nan,Partial Season Contributor,Rotational backup or special teams contributor; limited starts.,nan,RB
201601764,Tyler Tutt,2016,RB,0.8147,30.8455,47.228111267089844,37.5671637731414,37.5671637731414,Partial Season Contributor,Rotational backup or special teams contributor; limited starts.,nan,Single Season Contributor,Late bloomer or one-year starter; limited career longevity.,nan,Partial Season Contributor,Rotational backup or special teams contributor; limited starts.,nan,RB
201601781,Jawon Hamilton,2016,RB,0.8139,58.0152,52.6423225402832,50.827368189006116,50.827368189006116,Multi-Year Starter,Consistent career presence; reliable rotational player or specialist.,nan,Multi-Year Starter,Consistent career presence; reliable rotational player or specialist.,nan,Multi-Year Starter,Consistent career presence; reliable rotational player or specialist.,nan,RB
201601844,Wayne Taulapapa,2016,RB,0.8115,70.7176,46.251625061035156,34.902308458307225,34.902308458307225,Meaningful P4 Contributor,Reliable multi-year starter at the highest level of competition.,Potential Day 2 Pick,Single Season Contributor,Late bloomer or one-year starter; limited career longevity.,nan,Partial Season Contributor,Rotational backup or special teams contributor; limited starts.,nan,RB
201601886,Devin Singletary,2016,RB,0.8106,74.8658,53.86932373046875,54.21436341325395,54.21436341325395,Meaningful P4 Contributor,Reliable multi-year starter at the highest level of competition.,Potential Day 2 Pick,Multi-Year Starter,Consistent career presence; reliable rotational player or specialist.,nan,Multi-Year Starter,Consistent career presence; reliable rotational player or specialist.,nan,RB
201601957,Quardraiz Wadley,2016,RB,0.8074,54.6477,49.93606185913086,44.616065479369226,44.616065479369226,Multi-Year Starter,Consistent career presence; reliable rotational player or specialist.,nan,Single Season Contributor,Late bloomer or one-year starter; limited career longevity.,nan,Single Season Contributor,Late bloomer or one-year starter; limited career longevity.,nan,RB
201601998,Dylan Thigpen,2016,RB,0.8048,31.9589,58.995094299316406,62.48786923760196,62.48786923760196,Partial Season Contributor,Rotational backup or special teams contributor; limited starts.,nan,Multi-Year Starter,Consistent career presence; reliable rotational player or specialist.,nan,Meaningful G5 Contributor,Standout starter at the Group of 5 level; high-end depth in Power 4.,Potential Day 3 Pick,RB
201602031,Darius Stubbs,2016,APB,0.8031,44.8301,53.759124755859375,53.86555796161368,53.86555796161368,Single Season Contributor,Late bloomer or one-year starter; limited career longevity.,nan,Multi-Year Starter,Consistent career presence; reliable rotational player or specialist.,nan,Multi-Year Starter,Consistent career presence; reliable rotational player or specialist.,nan,RB
201602055,B.J. Smith,2016,APB,0.8019,61.8189,47.98359298706055,39.6730605155812,39.6730605155812,Meaningful G5 Contributor,Standout starter at the Group of 5 level; high-end depth in Power 4.,Potential Day 3 Pick,Single Season Contributor,Late bloomer or one-year starter; limited career longevity.,nan,Partial Season Contributor,Rotational backup or special teams contributor; limited starts.,nan,RB
201602068,Khalil Herbert,2016,RB,0.8008,73.8801,36.783607482910156,16.76256928038129,16.76256928038129,Meaningful P4 Contributor,Reliable multi-year starter at the highest level of competition.,Potential Day 2 Pick,Partial Season Contributor,Rotational backup or special teams contributor; limited starts.,nan,Minimal D1 Impact,Roster filler; medical DQ; or transferred to lower levels.,nan,RB
201602160,Shakif Seymour,2016,RB,0.7975,64.1363,51.75786209106445,49.055435692416005,49.055435692416005,Meaningful G5 Contributor,Standout starter at the Group of 5 level; high-end depth in Power 4.,Potential Day 3 Pick,Multi-Year Starter,Consistent career presence; reliable rotational player or specialist.,nan,Single Season Contributor,Late bloomer or one-year starter; limited career longevity.,nan,RB
201602191,Marvin Kinsey,2016,RB,0.7959,61.9494,60.05812072753906,64.08058180840888,64.08058180840888,Meaningful G5 Contributor,Standout starter at the Group of 5 level; high-end depth in Power 4.,Potential Day 3 Pick,Meaningful G5 Contributor,Standout starter at the Group of 5 level; high-end depth in Power 4.,Potential Day 3 Pick,Meaningful G5 Contributor,Standout starter at the Group of 5 level; high-end depth in Power 4.,Potential Day 3 Pick,RB
201602208,Walter Dawn,2016,APB,0.7948,40.2045,51.67824935913086,48.755917239341315,48.755917239341315,Single Season Contributor,Late bloomer or one-year starter; limited career longevity.,nan,Multi-Year Starter,Consistent career presence; reliable rotational player or specialist.,nan,Single Season Contributor,Late bloomer or one-year starter; limited career longevity.,nan,RB
201602217,Jonathan Ward,2016,RB,0.7941,66.7215,52.31303405761719,50.22746201457033,50.22746201457033,Meaningful G5 Contributor,Standout starter at the Group of 5 level; high-end depth in Power 4.,Potential Day 3 Pick,Multi-Year Starter,Consistent career presence; reliable rotational player or specialist.,nan,Multi-Year Starter,Consistent career presence; reliable rotational player or specialist.,nan,RB
201602344,Israel Tucker,2016,RB,0.7894,57.4954,53.525108337402344,53.09589134892732,53.09589134892732,Multi-Year Starter,Consistent career presence; reliable rotational player or specialist.,nan,Multi-Year Starter,Consistent career presence; reliable rotational player or specialist.,nan,Multi-Year Starter,Consistent career presence; reliable rotational player or specialist.,nan,RB
201602363,Darius May,2016,RB,0.7893,34.6455,48.582305908203125,40.8847254729563,40.8847254729563,Partial Season Contributor,Rotational backup or special teams contributor; limited starts.,nan,Single Season Contributor,Late bloomer or one-year starter; limited career longevity.,nan,Single Season Contributor,Late bloomer or one-year starter; limited career longevity.,nan,RB
201602369,DeAndre' Delaney,2016,RB,0.7893,46.5988,41.67428207397461,24.24069277339177,24.24069277339177,Single Season Contributor,Late bloomer or one-year starter; limited career longevity.,nan,Single Season Contributor,Late bloomer or one-year starter; limited career longevity.,nan,Partial Season Contributor,Rotational backup or special teams contributor; limited starts.,nan,RB
201602384,Isaiah Floyd,2016,RB,0.7889,46.2339,54.64595413208008,55.60654089981247,55.60654089981247,Single Season Contributor,Late bloomer or one-year starter; limited career longevity.,nan,Multi-Year Starter,Consistent career presence; reliable rotational player or specialist.,nan,Multi-Year Starter,Consistent career presence; reliable rotational player or specialist.,nan,RB
201602426,Joshua Johnson,2016,RB,0.7889,61.7324,45.03917694091797,31.393516207983758,31.393516207983758,Meaningful G5 Contributor,Standout starter at the Group of 5 level; high-end depth in Power 4.,Potential Day 3 Pick,Single Season Contributor,Late bloomer or one-year starter; limited career longevity.,nan,Partial Season Contributor,Rotational backup or special teams contributor; limited starts.,nan,RB
201602489,Dae Williams,2016,RB,0.7867,56.462,60.04883575439453,64.06878823616404,64.06878823616404,Multi-Year Starter,Consistent career presence; reliable rotational player or specialist.,nan,Meaningful G5 Contributor,Standout starter at the Group of 5 level; high-end depth in Power 4.,Potential Day 3 Pick,Meaningful G5 Contributor,Standout starter at the Group of 5 level; high-end depth in Power 4.,Potential Day 3 Pick,RB
201602501,Robert Brown,2016,APB,0.7859,50.6437,51.09110641479492,47.51988734987627,47.51988734987627,Multi-Year Starter,Consistent career presence; reliable rotational player or specialist.,nan,Multi-Year Starter,Consistent career presence; reliable rotational player or specialist.,nan,Single Season Contributor,Late bloomer or one-year starter; limited career longevity.,nan,RB
201602577,Jaxson Kincaide,2016,RB,0.7833,59.2145,49.028690338134766,41.88322344358953,41.88322344358953,Multi-Year Starter,Consistent career presence; reliable rotational player or specialist.,nan,Single Season Contributor,Late bloomer or one-year starter; limited career longevity.,nan,Single Season Contributor,Late bloomer or one-year starter; limited career longevity.,nan,RB
201602584,James Charles,2016,APB,0.7828,54.5619,51.148006439208984,47.76615741594207,47.76615741594207,Multi-Year Starter,Consistent career presence; reliable rotational player or specialist.,nan,Multi-Year Starter,Consistent career presence; reliable rotational player or specialist.,nan,Single Season Contributor,Late bloomer or one-year starter; limited career longevity.,nan,RB
201602681,Tra Barnett,2016,APB,0.7793,62.2137,49.343360900878906,43.17533821137282,43.17533821137282,Meaningful G5 Contributor,Standout starter at the Group of 5 level; high-end depth in Power 4.,Potential Day 3 Pick,Single Season Contributor,Late bloomer or one-year starter; limited career longevity.,nan,Single Season Contributor,Late bloomer or one-year starter; limited career longevity.,nan,RB
201602715,Tyshaun Ingram,2016,RB,0.7785,26.8507,51.334232330322266,48.0467072611099,48.0467072611099,Partial Season Contributor,Rotational backup or special teams contributor; limited starts.,nan,Multi-Year Starter,Consistent career presence; reliable rotational player or specialist.,nan,Single Season Contributor,Late bloomer or one-year starter; limited career longevity.,nan,RB
201602747,Josh Stoner,2016,APB,0.7783,43.1039,48.59818649291992,40.91062001400124,40.91062001400124,Single Season Contributor,Late bloomer or one-year starter; limited career longevity.,nan,Single Season Contributor,Late bloomer or one-year starter; limited career longevity.,nan,Single Season Contributor,Late bloomer or one-year starter; limited career longevity.,nan,RB
201602795,Tyler King,2016,RB,0.7759,58.4,50.590545654296875,46.28486951626021,46.28486951626021,Multi-Year Starter,Consistent career presence; reliable rotational player or specialist.,nan,Multi-Year Starter,Consistent career presence; reliable rotational player or specialist.,nan,Single Season Contributor,Late bloomer or one-year starter; limited career longevity.,nan,RB
201602822,Duke Carter,2016,APB,0.7752,47.141,46.54408645629883,35.40573360018546,35.40573360018546,Single Season Contributor,Late bloomer or one-year starter; limited career longevity.,nan,Single Season Contributor,Late bloomer or one-year starter; limited career longevity.,nan,Partial Season Contributor,Rotational backup or special teams contributor; limited starts.,nan,RB
201602935,Dorian Maddox,2016,RB,0.7711,51.95,52.26845169067383,50.156487412679965,50.156487412679965,Multi-Year Starter,Consistent career presence; reliable rotational player or specialist.,nan,Multi-Year Starter,Consistent career presence; reliable rotational player or specialist.,nan,Multi-Year Starter,Consistent career presence; reliable rotational player or specialist.,nan,RB
201602936,Brandon Sinclair,2016,RB,0.7711,44.1748,39.562355041503906,20.0433611599981,20.0433611599981,Single Season Contributor,Late bloomer or one-year starter; limited career longevity.,nan,Partial Season Contributor,Rotational backup or special teams contributor; limited starts.,nan,Partial Season Contributor,Rotational backup or special teams contributor; limited starts.,nan,RB
201602942,Gaej Walker,2016,RB,0.7711,59.2397,41.4073600769043,23.731635251122558,23.731635251122558,Multi-Year Starter,Consistent career presence; reliable rotational player or specialist.,nan,Single Season Contributor,Late bloomer or one-year starter; limited career longevity.,nan,Partial Season Contributor,Rotational backup or special teams contributor; limited starts.,nan,RB
201603168,Mekhi Sargent,2016,RB,0.7667,67.6942,47.60268783569336,38.63307850395445,38.63307850395445,Meaningful G5 Contributor,Standout starter at the Group of 5 level; high-end depth in Power 4.,Potential Day 3 Pick,Single Season Contributor,Late bloomer or one-year starter; limited career longevity.,nan,Partial Season Contributor,Rotational backup or special teams contributor; limited starts.,nan,RB
201603370,Joshua Mack,2016,RB,0.7667,58.3879,51.65685272216797,48.67516456046138,48.67516456046138,Multi-Year Starter,Consistent career presence; reliable rotational player or specialist.,nan,Multi-Year Starter,Consistent career presence; reliable rotational player or specialist.,nan,Single Season Contributor,Late bloomer or one-year starter; limited career longevity.,nan,RB
201603608,Terence Stephens Jr.,2016,RB,0.7667,46.3845,57.7378044128418,60.36023853403719,60.36023853403719,Single Season Contributor,Late bloomer or one-year starter; limited career longevity.,nan,Multi-Year Starter,Consistent career presence; reliable rotational player or specialist.,nan,Meaningful G5 Contributor,Standout starter at the Group of 5 level; high-end depth in Power 4.,Potential Day 3 Pick,RB
201603616,Francoise Sims,2016,FB,0.7667,33.835,53.69496154785156,53.65045165574338,53.65045165574338,Partial Season Contributor,Rotational backup or special teams contributor; limited starts.,nan,Multi-Year Starter,Consistent career presence; reliable rotational player or specialist.,nan,Multi-Year Starter,Consistent career presence; reliable rotational player or specialist.,nan,RB
201603656,Jason Huntley,2016,RB,0.7644,62.2879,40.881168365478516,22.68659925063833,22.68659925063833,Meaningful G5 Contributor,Standout starter at the Group of 5 level; high-end depth in Power 4.,Potential Day 3 Pick,Single Season Contributor,Late bloomer or one-year starter; limited career longevity.,nan,Partial Season Contributor,Rotational backup or special teams contributor; limited starts.,nan,RB
201603669,Kevin Dove,2016,FB,0.7633,43.3639,39.92277145385742,20.765727527023863,20.765727527023863,Single Season Contributor,Late bloomer or one-year starter; limited career longevity.,nan,Partial Season Contributor,Rotational backup or special teams contributor; limited starts.,nan,Partial Season Contributor,Rotational backup or special teams contributor; limited starts.,nan,RB
201603687,Saevion Johnson,2016,RB,0.7633,50.5308,45.93798828125,34.16980115494443,34.16980115494443,Multi-Year Starter,Consistent career presence; reliable rotational player or specialist.,nan,Single Season Contributor,Late bloomer or one-year starter; limited career longevity.,nan,Partial Season Contributor,Rotational backup or special teams contributor; limited starts.,nan,RB
201603709,Raymond Calais,2016,RB,0.7611,60.7683,48.45326614379883,40.437302446846765,40.437302446846765,Meaningful G5 Contributor,Standout starter at the Group of 5 level; high-end depth in Power 4.,Potential Day 3 Pick,Single Season Contributor,Late bloomer or one-year starter; limited career longevity.,nan,Single Season Contributor,Late bloomer or one-year starter; limited career longevity.,nan,RB
201603722,Kevin Perkins,2016,RB,0.76,55.5493,45.596336364746094,32.91799805225088,32.91799805225088,Multi-Year Starter,Consistent career presence; reliable rotational player or specialist.,nan,Single Season Contributor,Late bloomer or one-year starter; limited career longevity.,nan,Partial Season Contributor,Rotational backup or special teams contributor; limited starts.,nan,RB
201603737,Shawndarrius Phillips,2016,RB,0.7593,54.1241,43.720787048339844,30.102691285816643,30.102691285816643,Multi-Year Starter,Consistent career presence; reliable rotational player or specialist.,nan,Single Season Contributor,Late bloomer or one-year starter; limited career longevity.,nan,Partial Season Contributor,Rotational backup or special teams contributor; limited starts.,nan,RB
201603779,Ronald Awatt,2016,RB,0.7578,57.7186,50.11988067626953,45.17038877774184,45.17038877774184,Multi-Year Starter,Consistent career presence; reliable rotational player or specialist.,nan,Multi-Year Starter,Consistent career presence; reliable rotational player or specialist.,nan,Single Season Contributor,Late bloomer or one-year starter; limited career longevity.,nan,RB
201603809,Kayin White,2016,RB,0.7533,49.0913,46.92982482910156,36.53082014913641,36.53082014913641,Single Season Contributor,Late bloomer or one-year starter; limited career longevity.,nan,Single Season Contributor,Late bloomer or one-year starter; limited career longevity.,nan,Partial Season Contributor,Rotational backup or special teams contributor; limited starts.,nan,RB
201603846,Dominic Distefano,2016,APB,0.7478,35.2139,23.73438262939453,5.0408,5.0408,Partial Season Contributor,Rotational backup or special teams contributor; limited starts.,nan,Partial Season Contributor,Rotational backup or special teams contributor; limited starts.,nan,Minimal D1 Impact,Roster filler; medical DQ; or transferred to lower levels.,nan,RB
201700002,Najee Harris,2017,RB,0.9984,84.7832,66.9417495727539,75.37036601265947,75.37036601265947,Elite Power 4,All-Conference/All-American honors.,First round NFL Draft talent,Meaningful G5 Contributor,Standout starter at the Group of 5 level; high-end depth in Power 4.,Potential Day 3 Pick,Meaningful P4 Contributor,Reliable multi-year starter at the highest level of competition.,Potential Day 2 Pick,RB
201700003,Cam Akers,2017,RB,0.9983,77.3351,79.03488159179688,100.0,100.0,Meaningful P4 Contributor,Reliable multi-year starter at the highest level of competition.,Potential Day 2 Pick,Meaningful P4 Contributor,Reliable multi-year starter at the highest level of competition.,Potential Day 2 Pick,Elite Power 4,All-Conference/All-American honors.,First round NFL Draft talent,RB
201700020,Stephen Carr,2017,RB,0.9888,71.2199,74.5506591796875,89.32928869211118,89.32928869211118,Meaningful P4 Contributor,Reliable multi-year starter at the highest level of competition.,Potential Day 2 Pick,Meaningful P4 Contributor,Reliable multi-year starter at the highest level of competition.,Potential Day 2 Pick,Elite Power 4,All-Conference/All-American honors.,First round NFL Draft talent,RB
201700029,Khalan Laborn,2017,APB,0.9866,55.1993,72.95750427246094,85.1526045799205,85.1526045799205,Multi-Year Starter,Consistent career presence; reliable rotational player or specialist.,nan,Meaningful P4 Contributor,Reliable multi-year starter at the highest level of competition.,Potential Day 2 Pick,Elite Power 4,All-Conference/All-American honors.,First round NFL Draft talent,RB
201700033,D'Andre Swift,2017,RB,0.9838,80.2764,68.4886474609375,78.37179179297546,78.37179179297546,Elite Power 4,All-Conference/All-American honors.,First round NFL Draft talent,Meaningful G5 Contributor,Standout starter at the Group of 5 level; high-end depth in Power 4.,Potential Day 3 Pick,Meaningful P4 Contributor,Reliable multi-year starter at the highest level of competition.,Potential Day 2 Pick,RB
201700046,J.K. Dobbins,2017,APB,0.979,86.4282,73.71072387695312,87.28793215869534,87.28793215869534,Elite Power 4,All-Conference/All-American honors.,First round NFL Draft talent,Meaningful P4 Contributor,Reliable multi-year starter at the highest level of competition.,Potential Day 2 Pick,Elite Power 4,All-Conference/All-American honors.,First round NFL Draft talent,RB
201700066,Ty Chandler,2017,RB,0.9678,85.5427,73.33728790283203,86.22926596135835,86.22926596135835,Elite Power 4,All-Conference/All-American honors.,First round NFL Draft talent,Meaningful P4 Contributor,Reliable multi-year starter at the highest level of competition.,Potential Day 2 Pick,Elite Power 4,All-Conference/All-American honors.,First round NFL Draft talent,RB
201700099,Anthony McFarland Jr.,2017,APB,0.9537,66.6801,63.42772674560547,70.43877599439196,70.43877599439196,Meaningful G5 Contributor,Standout starter at the Group of 5 level; high-end depth in Power 4.,Potential Day 3 Pick,Meaningful G5 Contributor,Standout starter at the Group of 5 level; high-end depth in Power 4.,Potential Day 3 Pick,Meaningful P4 Contributor,Reliable multi-year starter at the highest level of competition.,Potential Day 2 Pick,RB
201700131,Eno Benjamin,2017,RB,0.94,73.9688,71.91206359863281,82.51083070875464,82.51083070875464,Meaningful P4 Contributor,Reliable multi-year starter at the highest level of competition.,Potential Day 2 Pick,Meaningful P4 Contributor,Reliable multi-year starter at the highest level of competition.,Potential Day 2 Pick,Elite Power 4,All-Conference/All-American honors.,First round NFL Draft talent,RB
201700141,ZaQuandre White,2017,RB,0.9367,59.0767,72.86555480957031,84.89193395638269,84.89193395638269,Multi-Year Starter,Consistent career presence; reliable rotational player or specialist.,nan,Meaningful P4 Contributor,Reliable multi-year starter at the highest level of competition.,Potential Day 2 Pick,Elite Power 4,All-Conference/All-American honors.,First round NFL Draft talent,RB
201700145,Brian Robinson,2017,RB,0.9361,77.1963,59.99983215332031,64.00654492102143,64.00654492102143,Meaningful P4 Contributor,Reliable multi-year starter at the highest level of competition.,Potential Day 2 Pick,Multi-Year Starter,Consistent career presence; reliable rotational player or specialist.,nan,Meaningful G5 Contributor,Standout starter at the Group of 5 level; high-end depth in Power 4.,Potential Day 3 Pick,RB
201700159,Cordarrian Richardson,2017,RB,0.9331,55.6483,66.02448272705078,73.7192284182857,73.7192284182857,Multi-Year Starter,Consistent career presence; reliable rotational player or specialist.,nan,Meaningful G5 Contributor,Standout starter at the Group of 5 level; high-end depth in Power 4.,Potential Day 3 Pick,Meaningful P4 Contributor,Reliable multi-year starter at the highest level of competition.,Potential Day 2 Pick,RB
201700164,Toneil Carter,2017,RB,0.9316,55.1014,62.47580337524414,68.90431793737602,68.90431793737602,Multi-Year Starter,Consistent career presence; reliable rotational player or specialist.,nan,Meaningful G5 Contributor,Standout starter at the Group of 5 level; high-end depth in Power 4.,Potential Day 3 Pick,Meaningful G5 Contributor,Standout starter at the Group of 5 level; high-end depth in Power 4.,Potential Day 3 Pick,RB
201700168,Devan Barrett,2017,RB,0.9294,48.6261,66.21699523925781,73.97084533587199,73.97084533587199,Single Season Contributor,Late bloomer or one-year starter; limited career longevity.,nan,Meaningful G5 Contributor,Standout starter at the Group of 5 level; high-end depth in Power 4.,Potential Day 3 Pick,Meaningful P4 Contributor,Reliable multi-year starter at the highest level of competition.,Potential Day 2 Pick,RB
201700191,Trey Sermon,2017,RB,0.9233,81.8915,61.46586227416992,66.64890225968138,66.64890225968138,Elite Power 4,All-Conference/All-American honors.,First round NFL Draft talent,Meaningful G5 Contributor,Standout starter at the Group of 5 level; high-end depth in Power 4.,Potential Day 3 Pick,Meaningful G5 Contributor,Standout starter at the Group of 5 level; high-end depth in Power 4.,Potential Day 3 Pick,RB
201700203,Kylin Hill,2017,RB,0.9216,76.0555,72.5552978515625,84.03894064275602,84.03894064275602,Meaningful P4 Contributor,Reliable multi-year starter at the highest level of competition.,Potential Day 2 Pick,Meaningful P4 Contributor,Reliable multi-year starter at the highest level of competition.,Potential Day 2 Pick,Elite Power 4,All-Conference/All-American honors.,First round NFL Draft talent,RB
201700211,Kennedy Brooks,2017,RB,0.919,78.8164,61.108402252197266,65.88913610245113,65.88913610245113,Meaningful P4 Contributor,Reliable multi-year starter at the highest level of competition.,Potential Day 2 Pick,Meaningful G5 Contributor,Standout starter at the Group of 5 level; high-end depth in Power 4.,Potential Day 3 Pick,Meaningful G5 Contributor,Standout starter at the Group of 5 level; high-end depth in Power 4.,Potential Day 3 Pick,RB
201700214,Nathan Tilford,2017,RB,0.9176,53.2696,60.81285858154297,65.38812759851672,65.38812759851672,Multi-Year Starter,Consistent career presence; reliable rotational player or specialist.,nan,Meaningful G5 Contributor,Standout starter at the Group of 5 level; high-end depth in Power 4.,Potential Day 3 Pick,Meaningful G5 Contributor,Standout starter at the Group of 5 level; high-end depth in Power 4.,Potential Day 3 Pick,RB
201700216,Travis Etienne,2017,RB,0.9171,100.0,67.2685317993164,75.87034181229345,75.87034181229345,Elite Power 4,All-Conference/All-American honors.,First round NFL Draft talent,Meaningful G5 Contributor,Standout starter at the Group of 5 level; high-end depth in Power 4.,Potential Day 3 Pick,Meaningful P4 Contributor,Reliable multi-year starter at the highest level of competition.,Potential Day 2 Pick,RB
201700227,Colin Wilson,2017,RB,0.9133,53.8802,62.45478439331055,68.88848146949343,68.88848146949343,Multi-Year Starter,Consistent career presence; reliable rotational player or specialist.,nan,Meaningful G5 Contributor,Standout starter at the Group of 5 level; high-end depth in Power 4.,Potential Day 3 Pick,Meaningful G5 Contributor,Standout starter at the Group of 5 level; high-end depth in Power 4.,Potential Day 3 Pick,RB
201700251,CJ Holmes,2017,RB,0.9079,40.8864,61.48431396484375,66.7011649480001,66.7011649480001,Single Season Contributor,Late bloomer or one-year starter; limited career longevity.,nan,Meaningful G5 Contributor,Standout starter at the Group of 5 level; high-end depth in Power 4.,Potential Day 3 Pick,Meaningful G5 Contributor,Standout starter at the Group of 5 level; high-end depth in Power 4.,Potential Day 3 Pick,RB
201700270,O'Maury Samuels,2017,RB,0.9025,50.5103,53.7042350769043,53.68198347484595,53.68198347484595,Multi-Year Starter,Consistent career presence; reliable rotational player or specialist.,nan,Multi-Year Starter,Consistent career presence; reliable rotational player or specialist.,nan,Multi-Year Starter,Consistent career presence; reliable rotational player or specialist.,nan,RB
201700285,Todd Sibley,2017,RB,0.9001,50.7874,68.13348388671875,77.30559698183099,77.30559698183099,Multi-Year Starter,Consistent career presence; reliable rotational player or specialist.,nan,Meaningful G5 Contributor,Standout starter at the Group of 5 level; high-end depth in Power 4.,Potential Day 3 Pick,Meaningful P4 Contributor,Reliable multi-year starter at the highest level of competition.,Potential Day 2 Pick,RB
201700320,A.J. Davis,2017,RB,0.8945,58.7051,56.148963928222656,58.2703391085165,58.2703391085165,Multi-Year Starter,Consistent career presence; reliable rotational player or specialist.,nan,Multi-Year Starter,Consistent career presence; reliable rotational player or specialist.,nan,Multi-Year Starter,Consistent career presence; reliable rotational player or specialist.,nan,RB
201700332,Chase Hayden,2017,APB,0.8927,57.6479,64.5223159790039,72.05385170557459,72.05385170557459,Multi-Year Starter,Consistent career presence; reliable rotational player or specialist.,nan,Meaningful G5 Contributor,Standout starter at the Group of 5 level; high-end depth in Power 4.,Potential Day 3 Pick,Meaningful P4 Contributor,Reliable multi-year starter at the highest level of competition.,Potential Day 2 Pick,RB
201700356,Chuba Hubbard,2017,RB,0.89,81.6134,62.70035934448242,69.08851027689286,69.08851027689286,Elite Power 4,All-Conference/All-American honors.,First round NFL Draft talent,Meaningful G5 Contributor,Standout starter at the Group of 5 level; high-end depth in Power 4.,Potential Day 3 Pick,Meaningful G5 Contributor,Standout starter at the Group of 5 level; high-end depth in Power 4.,Potential Day 3 Pick,RB
201700369,Jonathan Taylor,2017,RB,0.8884,91.5787,66.91680908203125,75.33065914656551,75.33065914656551,Elite Power 4,All-Conference/All-American honors.,First round NFL Draft talent,Meaningful G5 Contributor,Standout starter at the Group of 5 level; high-end depth in Power 4.,Potential Day 3 Pick,Meaningful P4 Contributor,Reliable multi-year starter at the highest level of competition.,Potential Day 2 Pick,RB
201700393,Clyde Edwards-Helaire,2017,APB,0.8846,71.4818,55.47789764404297,57.19883626440491,57.19883626440491,Meaningful P4 Contributor,Reliable multi-year starter at the highest level of competition.,Potential Day 2 Pick,Multi-Year Starter,Consistent career presence; reliable rotational player or specialist.,nan,Multi-Year Starter,Consistent career presence; reliable rotational player or specialist.,nan,RB
201700422,Michael Carter,2017,APB,0.8803,74.1038,60.139564514160156,64.17873116037812,64.17873116037812,Meaningful P4 Contributor,Reliable multi-year starter at the highest level of competition.,Potential Day 2 Pick,Meaningful G5 Contributor,Standout starter at the Group of 5 level; high-end depth in Power 4.,Potential Day 3 Pick,Meaningful G5 Contributor,Standout starter at the Group of 5 level; high-end depth in Power 4.,Potential Day 3 Pick,RB
201700428,Adarius Lemons,2017,RB,0.8796,41.7855,61.93793869018555,67.62844759927712,67.62844759927712,Single Season Contributor,Late bloomer or one-year starter; limited career longevity.,nan,Meaningful G5 Contributor,Standout starter at the Group of 5 level; high-end depth in Power 4.,Potential Day 3 Pick,Meaningful G5 Contributor,Standout starter at the Group of 5 level; high-end depth in Power 4.,Potential Day 3 Pick,RB
201700432,Malik Davis,2017,RB,0.8792,68.9899,58.32429504394531,61.05648990600508,61.05648990600508,Meaningful G5 Contributor,Standout starter at the Group of 5 level; high-end depth in Power 4.,Potential Day 3 Pick,Multi-Year Starter,Consistent career presence; reliable rotational player or specialist.,nan,Meaningful G5 Contributor,Standout starter at the Group of 5 level; high-end depth in Power 4.,Potential Day 3 Pick,RB
201700438,CJ Verdell,2017,RB,0.8783,72.428,62.81700134277344,69.2876953214251,69.2876953214251,Meaningful P4 Contributor,Reliable multi-year starter at the highest level of competition.,Potential Day 2 Pick,Meaningful G5 Contributor,Standout starter at the Group of 5 level; high-end depth in Power 4.,Potential Day 3 Pick,Meaningful G5 Contributor,Standout starter at the Group of 5 level; high-end depth in Power 4.,Potential Day 3 Pick,RB
201700466,Javon Leake,2017,APB,0.8744,66.3344,58.792728424072266,62.022649422270774,62.022649422270774,Meaningful G5 Contributor,Standout starter at the Group of 5 level; high-end depth in Power 4.,Potential Day 3 Pick,Multi-Year Starter,Consistent career presence; reliable rotational player or specialist.,nan,Meaningful G5 Contributor,Standout starter at the Group of 5 level; high-end depth in Power 4.,Potential Day 3 Pick,RB
201700479,Robert Burns,2017,RB,0.8733,49.1532,65.14199829101562,72.76355884186219,72.76355884186219,Single Season Contributor,Late bloomer or one-year starter; limited career longevity.,nan,Meaningful G5 Contributor,Standout starter at the Group of 5 level; high-end depth in Power 4.,Potential Day 3 Pick,Meaningful P4 Contributor,Reliable multi-year starter at the highest level of competition.,Potential Day 2 Pick,RB
201700548,Dominic Williams,2017,APB,0.8683,53.3534,55.85347366333008,57.57893985765559,57.57893985765559,Multi-Year Starter,Consistent career presence; reliable rotational player or specialist.,nan,Multi-Year Starter,Consistent career presence; reliable rotational player or specialist.,nan,Multi-Year Starter,Consistent career presence; reliable rotational player or specialist.,nan,RB
201700578,Weston Bridges,2017,RB,0.8656,36.7451,60.26014709472656,64.31809455915464,64.31809455915464,Partial Season Contributor,Rotational backup or special teams contributor; limited starts.,nan,Meaningful G5 Contributor,Standout starter at the Group of 5 level; high-end depth in Power 4.,Potential Day 3 Pick,Meaningful G5 Contributor,Standout starter at the Group of 5 level; high-end depth in Power 4.,Potential Day 3 Pick,RB
201700579,Bentavious Thompson,2017,RB,0.8656,59.2649,54.8730583190918,56.34662293089169,56.34662293089169,Multi-Year Starter,Consistent career presence; reliable rotational player or specialist.,nan,Multi-Year Starter,Consistent career presence; reliable rotational player or specialist.,nan,Multi-Year Starter,Consistent career presence; reliable rotational player or specialist.,nan,RB
201700596,Trelon Smith,2017,APB,0.8644,68.3942,55.90021514892578,57.76326993830747,57.76326993830747,Meaningful G5 Contributor,Standout starter at the Group of 5 level; high-end depth in Power 4.,Potential Day 3 Pick,Multi-Year Starter,Consistent career presence; reliable rotational player or specialist.,nan,Multi-Year Starter,Consistent career presence; reliable rotational player or specialist.,nan,RB
201700597,Kaegun Williams,2017,APB,0.8644,51.5892,61.562294006347656,66.92203612323503,66.92203612323503,Multi-Year Starter,Consistent career presence; reliable rotational player or specialist.,nan,Meaningful G5 Contributor,Standout starter at the Group of 5 level; high-end depth in Power 4.,Potential Day 3 Pick,Meaningful G5 Contributor,Standout starter at the Group of 5 level; high-end depth in Power 4.,Potential Day 3 Pick,RB
201700646,Daniel Young,2017,RB,0.8614,58.039,60.516117095947266,64.70913098459604,64.70913098459604,Multi-Year Starter,Consistent career presence; reliable rotational player or specialist.,nan,Meaningful G5 Contributor,Standout starter at the Group of 5 level; high-end depth in Power 4.,Potential Day 3 Pick,Meaningful G5 Contributor,Standout starter at the Group of 5 level; high-end depth in Power 4.,Potential Day 3 Pick,RB
201700651,Biaggio Ali Walsh,2017,APB,0.8611,41.4689,60.63301086425781,64.92620701045401,64.92620701045401,Single Season Contributor,Late bloomer or one-year starter; limited career longevity.,nan,Meaningful G5 Contributor,Standout starter at the Group of 5 level; high-end depth in Power 4.,Potential Day 3 Pick,Meaningful G5 Contributor,Standout starter at the Group of 5 level; high-end depth in Power 4.,Potential Day 3 Pick,RB
201700661,Darrian Felix,2017,APB,0.8608,54.0285,58.44597244262695,61.24346431770892,61.24346431770892,Multi-Year Starter,Consistent career presence; reliable rotational player or specialist.,nan,Multi-Year Starter,Consistent career presence; reliable rotational player or specialist.,nan,Meaningful G5 Contributor,Standout starter at the Group of 5 level; high-end depth in Power 4.,Potential Day 3 Pick,RB
201700679,Tevin Bush,2017,APB,0.8597,48.5017,58.630126953125,61.68555185347566,61.68555185347566,Single Season Contributor,Late bloomer or one-year starter; limited career longevity.,nan,Multi-Year Starter,Consistent career presence; reliable rotational player or specialist.,nan,Meaningful G5 Contributor,Standout starter at the Group of 5 level; high-end depth in Power 4.,Potential Day 3 Pick,RB
201700681,Bryant Koback,2017,RB,0.8597,69.8153,55.69801330566406,57.38223169435248,57.38223169435248,Meaningful G5 Contributor,Standout starter at the Group of 5 level; high-end depth in Power 4.,Potential Day 3 Pick,Multi-Year Starter,Consistent career presence; reliable rotational player or specialist.,nan,Multi-Year Starter,Consistent career presence; reliable rotational player or specialist.,nan,RB
201700683,Jalen Holston,2017,RB,0.8597,63.0342,59.47373580932617,63.24501973251942,63.24501973251942,Meaningful G5 Contributor,Standout starter at the Group of 5 level; high-end depth in Power 4.,Potential Day 3 Pick,Multi-Year Starter,Consistent career presence; reliable rotational player or specialist.,nan,Meaningful G5 Contributor,Standout starter at the Group of 5 level; high-end depth in Power 4.,Potential Day 3 Pick,RB
201700747,Jackson McChesney,2017,APB,0.8564,54.4975,56.23581314086914,58.397483248738716,58.397483248738716,Multi-Year Starter,Consistent career presence; reliable rotational player or specialist.,nan,Multi-Year Starter,Consistent career presence; reliable rotational player or specialist.,nan,Multi-Year Starter,Consistent career presence; reliable rotational player or specialist.,nan,RB
201700762,Alex Fontenot,2017,RB,0.8556,65.615,56.280330657958984,58.48955008592904,58.48955008592904,Meaningful G5 Contributor,Standout starter at the Group of 5 level; high-end depth in Power 4.,Potential Day 3 Pick,Multi-Year Starter,Consistent career presence; reliable rotational player or specialist.,nan,Multi-Year Starter,Consistent career presence; reliable rotational player or specialist.,nan,RB
201700784,Maleek Williams,2017,RB,0.8547,45.0863,46.83927536010742,36.25710638678922,36.25710638678922,Single Season Contributor,Late bloomer or one-year starter; limited career longevity.,nan,Single Season Contributor,Late bloomer or one-year starter; limited career longevity.,nan,Partial Season Contributor,Rotational backup or special teams contributor; limited starts.,nan,RB
201700807,Marcus McElroy,2017,RB,0.8539,50.6848,58.217018127441406,60.976400551503275,60.976400551503275,Multi-Year Starter,Consistent career presence; reliable rotational player or specialist.,nan,Multi-Year Starter,Consistent career presence; reliable rotational player or specialist.,nan,Meaningful G5 Contributor,Standout starter at the Group of 5 level; high-end depth in Power 4.,Potential Day 3 Pick,RB
201700841,Lamont Atkins,2017,APB,0.8522,51.9293,55.36956024169922,57.07304866395196,57.07304866395196,Multi-Year Starter,Consistent career presence; reliable rotational player or specialist.,nan,Multi-Year Starter,Consistent career presence; reliable rotational player or specialist.,nan,Multi-Year Starter,Consistent career presence; reliable rotational player or specialist.,nan,RB
201700844,Deon Jackson,2017,RB,0.8522,70.0971,60.843570709228516,65.43983219575006,65.43983219575006,Meaningful P4 Contributor,Reliable multi-year starter at the highest level of competition.,Potential Day 2 Pick,Meaningful G5 Contributor,Standout starter at the Group of 5 level; high-end depth in Power 4.,Potential Day 3 Pick,Meaningful G5 Contributor,Standout starter at the Group of 5 level; high-end depth in Power 4.,Potential Day 3 Pick,RB
201700847,JD King,2017,RB,0.8522,66.5979,59.34479522705078,63.089256829382194,63.089256829382194,Meaningful G5 Contributor,Standout starter at the Group of 5 level; high-end depth in Power 4.,Potential Day 3 Pick,Multi-Year Starter,Consistent career presence; reliable rotational player or specialist.,nan,Meaningful G5 Contributor,Standout starter at the Group of 5 level; high-end depth in Power 4.,Potential Day 3 Pick,RB
201700848,Morgan Ellison,2017,RB,0.8522,60.6598,54.096412658691406,54.70573896151759,54.70573896151759,Meaningful G5 Contributor,Standout starter at the Group of 5 level; high-end depth in Power 4.,Potential Day 3 Pick,Multi-Year Starter,Consistent career presence; reliable rotational player or specialist.,nan,Multi-Year Starter,Consistent career presence; reliable rotational player or specialist.,nan,RB
201700853,Tayon Fleet-Davis,2017,RB,0.8519,69.7876,63.380306243896484,70.3022260953658,70.3022260953658,Meaningful G5 Contributor,Standout starter at the Group of 5 level; high-end depth in Power 4.,Potential Day 3 Pick,Meaningful G5 Contributor,Standout starter at the Group of 5 level; high-end depth in Power 4.,Potential Day 3 Pick,Meaningful P4 Contributor,Reliable multi-year starter at the highest level of competition.,Potential Day 2 Pick,RB
201700856,Marvin Hubbard,2017,APB,0.8517,35.4791,59.34766387939453,63.09272222103212,63.09272222103212,Partial Season Contributor,Rotational backup or special teams contributor; limited starts.,nan,Multi-Year Starter,Consistent career presence; reliable rotational player or specialist.,nan,Meaningful G5 Contributor,Standout starter at the Group of 5 level; high-end depth in Power 4.,Potential Day 3 Pick,RB
201700861,Jacob Kibodi,2017,RB,0.8517,59.5311,53.949275970458984,54.41355566711229,54.41355566711229,Multi-Year Starter,Consistent career presence; reliable rotational player or specialist.,nan,Multi-Year Starter,Consistent career presence; reliable rotational player or specialist.,nan,Multi-Year Starter,Consistent career presence; reliable rotational player or specialist.,nan,RB
201700886,Otis Anderson,2017,APB,0.8506,63.0185,65.1294174194336,72.75099304481162,72.75099304481162,Meaningful G5 Contributor,Standout starter at the Group of 5 level; high-end depth in Power 4.,Potential Day 3 Pick,Meaningful G5 Contributor,Standout starter at the Group of 5 level; high-end depth in Power 4.,Potential Day 3 Pick,Meaningful P4 Contributor,Reliable multi-year starter at the highest level of competition.,Potential Day 2 Pick,RB
201700887,Ivory Kelly-Martin,2017,RB,0.8506,59.4929,57.655548095703125,60.20770824463093,60.20770824463093,Multi-Year Starter,Consistent career presence; reliable rotational player or specialist.,nan,Multi-Year Starter,Consistent career presence; reliable rotational player or specialist.,nan,Meaningful G5 Contributor,Standout starter at the Group of 5 level; high-end depth in Power 4.,Potential Day 3 Pick,RB
201700890,Travis Levy,2017,RB,0.8506,60.8911,69.52384185791016,79.4637477730343,79.4637477730343,Meaningful G5 Contributor,Standout starter at the Group of 5 level; high-end depth in Power 4.,Potential Day 3 Pick,Meaningful G5 Contributor,Standout starter at the Group of 5 level; high-end depth in Power 4.,Potential Day 3 Pick,Meaningful P4 Contributor,Reliable multi-year starter at the highest level of competition.,Potential Day 2 Pick,RB
201700922,Journey Brown,2017,RB,0.8497,63.9189,63.53953170776367,70.69763308226814,70.69763308226814,Meaningful G5 Contributor,Standout starter at the Group of 5 level; high-end depth in Power 4.,Potential Day 3 Pick,Meaningful G5 Contributor,Standout starter at the Group of 5 level; high-end depth in Power 4.,Potential Day 3 Pick,Meaningful P4 Contributor,Reliable multi-year starter at the highest level of competition.,Potential Day 2 Pick,RB
201700930,Jamari Peacock,2017,RB,0.8492,50.0483,47.287044525146484,37.7782918775828,37.7782918775828,Multi-Year Starter,Consistent career presence; reliable rotational player or specialist.,nan,Single Season Contributor,Late bloomer or one-year starter; limited career longevity.,nan,Partial Season Contributor,Rotational backup or special teams contributor; limited starts.,nan,RB
201700951,T.J. Green,2017,APB,0.8486,51.8468,60.980220794677734,65.6698858638773,65.6698858638773,Multi-Year Starter,Consistent career presence; reliable rotational player or specialist.,nan,Meaningful G5 Contributor,Standout starter at the Group of 5 level; high-end depth in Power 4.,Potential Day 3 Pick,Meaningful G5 Contributor,Standout starter at the Group of 5 level; high-end depth in Power 4.,Potential Day 3 Pick,RB
201700953,Abram Smith,2017,RB,0.8483,64.6342,53.29875183105469,52.439140553441845,52.439140553441845,Meaningful G5 Contributor,Standout starter at the Group of 5 level; high-end depth in Power 4.,Potential Day 3 Pick,Multi-Year Starter,Consistent career presence; reliable rotational player or specialist.,nan,Multi-Year Starter,Consistent career presence; reliable rotational player or specialist.,nan,RB
201700974,Alec Sinkfield,2017,RB,0.8475,52.571,50.588260650634766,46.280687107333165,46.280687107333165,Multi-Year Starter,Consistent career presence; reliable rotational player or specialist.,nan,Multi-Year Starter,Consistent career presence; reliable rotational player or specialist.,nan,Single Season Contributor,Late bloomer or one-year starter; limited career longevity.,nan,RB
201701024,Larry Rountree III,2017,RB,0.8458,81.7509,46.95772171020508,36.61514709626726,36.61514709626726,Elite Power 4,All-Conference/All-American honors.,First round NFL Draft talent,Single Season Contributor,Late bloomer or one-year starter; limited career longevity.,nan,Partial Season Contributor,Rotational backup or special teams contributor; limited starts.,nan,RB
201701039,Calvin Tyler,2017,APB,0.8453,63.8858,55.96146011352539,57.99748152406316,57.99748152406316,Meaningful G5 Contributor,Standout starter at the Group of 5 level; high-end depth in Power 4.,Potential Day 3 Pick,Multi-Year Starter,Consistent career presence; reliable rotational player or specialist.,nan,Multi-Year Starter,Consistent career presence; reliable rotational player or specialist.,nan,RB
201701046,Mike Epstein,2017,RB,0.8447,63.7868,47.32315444946289,37.907655502195546,37.907655502195546,Meaningful G5 Contributor,Standout starter at the Group of 5 level; high-end depth in Power 4.,Potential Day 3 Pick,Single Season Contributor,Late bloomer or one-year starter; limited career longevity.,nan,Partial Season Contributor,Rotational backup or special teams contributor; limited starts.,nan,RB
201701074,Jaelen Greene,2017,RB,0.8433,38.5101,49.63971710205078,43.90861479638193,43.90861479638193,Partial Season Contributor,Rotational backup or special teams contributor; limited starts.,nan,Single Season Contributor,Late bloomer or one-year starter; limited career longevity.,nan,Single Season Contributor,Late bloomer or one-year starter; limited career longevity.,nan,RB
201701089,Deonte Sheffield,2017,RB,0.843,42.9848,51.02183151245117,47.291588567520364,47.291588567520364,Single Season Contributor,Late bloomer or one-year starter; limited career longevity.,nan,Multi-Year Starter,Consistent career presence; reliable rotational player or specialist.,nan,Single Season Contributor,Late bloomer or one-year starter; limited career longevity.,nan,RB
201701104,Ben Miles,2017,FB,0.8425,49.7606,48.70849609375,41.08204636140538,41.08204636140538,Single Season Contributor,Late bloomer or one-year starter; limited career longevity.,nan,Single Season Contributor,Late bloomer or one-year starter; limited career longevity.,nan,Single Season Contributor,Late bloomer or one-year starter; limited career longevity.,nan,RB
201701116,Mohamed Ibrahim,2017,RB,0.8419,79.8535,56.99016189575195,59.36187833018128,59.36187833018128,Meaningful P4 Contributor,Reliable multi-year starter at the highest level of competition.,Potential Day 2 Pick,Multi-Year Starter,Consistent career presence; reliable rotational player or specialist.,nan,Multi-Year Starter,Consistent career presence; reliable rotational player or specialist.,nan,RB
201701131,Tory Carter,2017,FB,0.8414,52.4983,50.28308868408203,45.55438318029192,45.55438318029192,Multi-Year Starter,Consistent career presence; reliable rotational player or specialist.,nan,Multi-Year Starter,Consistent career presence; reliable rotational player or specialist.,nan,Single Season Contributor,Late bloomer or one-year starter; limited career longevity.,nan,RB
201701169,Jaylin Bradley,2017,RB,0.84,39.3679,55.43117141723633,57.14942042045505,57.14942042045505,Partial Season Contributor,Rotational backup or special teams contributor; limited starts.,nan,Multi-Year Starter,Consistent career presence; reliable rotational player or specialist.,nan,Multi-Year Starter,Consistent career presence; reliable rotational player or specialist.,nan,RB
201701176,Sheldon Evans,2017,RB,0.8396,55.6152,52.549766540527344,50.645751044339626,50.645751044339626,Multi-Year Starter,Consistent career presence; reliable rotational player or specialist.,nan,Multi-Year Starter,Consistent career presence; reliable rotational player or specialist.,nan,Multi-Year Starter,Consistent career presence; reliable rotational player or specialist.,nan,RB
201701249,Kade Remsberg,2017,RB,0.8363,60.5117,53.247337341308594,52.26817894531256,52.26817894531256,Meaningful G5 Contributor,Standout starter at the Group of 5 level; high-end depth in Power 4.,Potential Day 3 Pick,Multi-Year Starter,Consistent career presence; reliable rotational player or specialist.,nan,Multi-Year Starter,Consistent career presence; reliable rotational player or specialist.,nan,RB
201701291,Ra'Von Bonner,2017,RB,0.8342,59.9436,53.350189208984375,52.599396048802475,52.599396048802475,Multi-Year Starter,Consistent career presence; reliable rotational player or specialist.,nan,Multi-Year Starter,Consistent career presence; reliable rotational player or specialist.,nan,Multi-Year Starter,Consistent career presence; reliable rotational player or specialist.,nan,RB
201701368,B.J. Daniels,2017,RB,0.8328,52.1979,51.43490982055664,48.161632173876626,48.161632173876626,Multi-Year Starter,Consistent career presence; reliable rotational player or specialist.,nan,Multi-Year Starter,Consistent career presence; reliable rotational player or specialist.,nan,Single Season Contributor,Late bloomer or one-year starter; limited career longevity.,nan,RB
201701421,Hekili Keliiliki,2017,FB,0.8306,50.1202,49.952125549316406,44.669007204336786,44.669007204336786,Multi-Year Starter,Consistent career presence; reliable rotational player or specialist.,nan,Single Season Contributor,Late bloomer or one-year starter; limited career longevity.,nan,Single Season Contributor,Late bloomer or one-year starter; limited career longevity.,nan,RB
201701468,Jerry Howard,2017,RB,0.8281,59.4293,52.040184020996094,49.81404777211368,49.81404777211368,Multi-Year Starter,Consistent career presence; reliable rotational player or specialist.,nan,Multi-Year Starter,Consistent career presence; reliable rotational player or specialist.,nan,Single Season Contributor,Late bloomer or one-year starter; limited career longevity.,nan,RB
201701509,Joshua Fields,2017,RB,0.8256,49.6372,53.4921760559082,52.99739230680582,52.99739230680582,Single Season Contributor,Late bloomer or one-year starter; limited career longevity.,nan,Multi-Year Starter,Consistent career presence; reliable rotational player or specialist.,nan,Multi-Year Starter,Consistent career presence; reliable rotational player or specialist.,nan,RB
201701513,Davion Johnson,2017,RB,0.8256,48.4186,53.591033935546875,53.30552027883024,53.30552027883024,Single Season Contributor,Late bloomer or one-year starter; limited career longevity.,nan,Multi-Year Starter,Consistent career presence; reliable rotational player or specialist.,nan,Multi-Year Starter,Consistent career presence; reliable rotational player or specialist.,nan,RB
201701590,Chance Bell,2017,RB,0.8222,58.9522,50.76942443847656,46.66695912840779,46.66695912840779,Multi-Year Starter,Consistent career presence; reliable rotational player or specialist.,nan,Multi-Year Starter,Consistent career presence; reliable rotational player or specialist.,nan,Single Season Contributor,Late bloomer or one-year starter; limited career longevity.,nan,RB
201701607,Caleb Huntley,2017,RB,0.8215,63.8527,55.668697357177734,57.35780630391286,57.35780630391286,Meaningful G5 Contributor,Standout starter at the Group of 5 level; high-end depth in Power 4.,Potential Day 3 Pick,Multi-Year Starter,Consistent career presence; reliable rotational player or specialist.,nan,Multi-Year Starter,Consistent career presence; reliable rotational player or specialist.,nan,RB
201701618,Tariq Hollandsworth,2017,RB,0.8215,38.8159,48.86327362060547,41.3460669222569,41.3460669222569,Partial Season Contributor,Rotational backup or special teams contributor; limited starts.,nan,Single Season Contributor,Late bloomer or one-year starter; limited career longevity.,nan,Single Season Contributor,Late bloomer or one-year starter; limited career longevity.,nan,RB
201701624,BJ Baylor,2017,RB,0.8211,64.8993,47.07263946533203,37.01018681511087,37.01018681511087,Meaningful G5 Contributor,Standout starter at the Group of 5 level; high-end depth in Power 4.,Potential Day 3 Pick,Single Season Contributor,Late bloomer or one-year starter; limited career longevity.,nan,Partial Season Contributor,Rotational backup or special teams contributor; limited starts.,nan,RB
201701639,Tim Jordan,2017,RB,0.8206,60.8091,48.030914306640625,39.737038295854916,39.737038295854916,Meaningful G5 Contributor,Standout starter at the Group of 5 level; high-end depth in Power 4.,Potential Day 3 Pick,Single Season Contributor,Late bloomer or one-year starter; limited career longevity.,nan,Partial Season Contributor,Rotational backup or special teams contributor; limited starts.,nan,RB
201701657,Markenzy Pierre,2017,RB,0.8194,51.7334,49.88954162597656,44.46660582717566,44.46660582717566,Multi-Year Starter,Consistent career presence; reliable rotational player or specialist.,nan,Single Season Contributor,Late bloomer or one-year starter; limited career longevity.,nan,Single Season Contributor,Late bloomer or one-year starter; limited career longevity.,nan,RB
201701677,Jordan Mason,2017,RB,0.8183,69.0668,51.02080535888672,47.28915234855126,47.28915234855126,Meaningful G5 Contributor,Standout starter at the Group of 5 level; high-end depth in Power 4.,Potential Day 3 Pick,Multi-Year Starter,Consistent career presence; reliable rotational player or specialist.,nan,Single Season Contributor,Late bloomer or one-year starter; limited career longevity.,nan,RB
201701718,PK Kier,2017,RB,0.8167,51.6612,46.48002243041992,35.29545770791495,35.29545770791495,Multi-Year Starter,Consistent career presence; reliable rotational player or specialist.,nan,Single Season Contributor,Late bloomer or one-year starter; limited career longevity.,nan,Partial Season Contributor,Rotational backup or special teams contributor; limited starts.,nan,RB
201701767,Josh Samuel,2017,RB,0.8148,41.7099,46.18935775756836,34.795125334005,34.795125334005,Single Season Contributor,Late bloomer or one-year starter; limited career longevity.,nan,Single Season Contributor,Late bloomer or one-year starter; limited career longevity.,nan,Partial Season Contributor,Rotational backup or special teams contributor; limited starts.,nan,RB
201701856,Tyler Nevens,2017,RB,0.8115,65.6528,47.724281311035156,38.96051976015152,38.96051976015152,Meaningful G5 Contributor,Standout starter at the Group of 5 level; high-end depth in Power 4.,Potential Day 3 Pick,Single Season Contributor,Late bloomer or one-year starter; limited career longevity.,nan,Partial Season Contributor,Rotational backup or special teams contributor; limited starts.,nan,RB
201701861,Shamari Brooks,2017,RB,0.8115,73.7923,61.35026931762695,66.41144372936927,66.41144372936927,Meaningful P4 Contributor,Reliable multi-year starter at the highest level of competition.,Potential Day 2 Pick,Meaningful G5 Contributor,Standout starter at the Group of 5 level; high-end depth in Power 4.,Potential Day 3 Pick,Meaningful G5 Contributor,Standout starter at the Group of 5 level; high-end depth in Power 4.,Potential Day 3 Pick,RB
201701877,Andrew Clair,2017,APB,0.8107,68.6136,54.755348205566406,55.8769620685647,55.8769620685647,Meaningful G5 Contributor,Standout starter at the Group of 5 level; high-end depth in Power 4.,Potential Day 3 Pick,Multi-Year Starter,Consistent career presence; reliable rotational player or specialist.,nan,Multi-Year Starter,Consistent career presence; reliable rotational player or specialist.,nan,RB
201701897,D'Vonte Price,2017,RB,0.81,58.8283,44.064170837402344,30.371035234525415,30.371035234525415,Multi-Year Starter,Consistent career presence; reliable rotational player or specialist.,nan,Single Season Contributor,Late bloomer or one-year starter; limited career longevity.,nan,Partial Season Contributor,Rotational backup or special teams contributor; limited starts.,nan,RB
201701936,Elijah Barnwell,2017,APB,0.8074,45.7462,57.86378479003906,60.593847624035874,60.593847624035874,Single Season Contributor,Late bloomer or one-year starter; limited career longevity.,nan,Multi-Year Starter,Consistent career presence; reliable rotational player or specialist.,nan,Meaningful G5 Contributor,Standout starter at the Group of 5 level; high-end depth in Power 4.,Potential Day 3 Pick,RB
201701961,Anthony Smith,2017,RB,0.8067,38.0282,48.47779846191406,40.522364009530726,40.522364009530726,Partial Season Contributor,Rotational backup or special teams contributor; limited starts.,nan,Single Season Contributor,Late bloomer or one-year starter; limited career longevity.,nan,Single Season Contributor,Late bloomer or one-year starter; limited career longevity.,nan,RB
201701977,Javin Myers,2017,RB,0.8059,39.5102,50.27027893066406,45.52424450219349,45.52424450219349,Partial Season Contributor,Rotational backup or special teams contributor; limited starts.,nan,Multi-Year Starter,Consistent career presence; reliable rotational player or specialist.,nan,Single Season Contributor,Late bloomer or one-year starter; limited career longevity.,nan,RB
201702027,Jordan Mims,2017,RB,0.8041,74.0136,51.08025360107422,47.47291508264932,47.47291508264932,Meaningful P4 Contributor,Reliable multi-year starter at the highest level of competition.,Potential Day 2 Pick,Multi-Year Starter,Consistent career presence; reliable rotational player or specialist.,nan,Single Season Contributor,Late bloomer or one-year starter; limited career longevity.,nan,RB
201702087,Jamale Carothers,2017,RB,0.8015,61.8333,53.533348083496094,53.12209193269021,53.12209193269021,Meaningful G5 Contributor,Standout starter at the Group of 5 level; high-end depth in Power 4.,Potential Day 3 Pick,Multi-Year Starter,Consistent career presence; reliable rotational player or specialist.,nan,Multi-Year Starter,Consistent career presence; reliable rotational player or specialist.,nan,RB
201702110,Craig Nelson,2017,RB,0.8006,29.3843,49.14815139770508,42.33188573414093,42.33188573414093,Partial Season Contributor,Rotational backup or special teams contributor; limited starts.,nan,Single Season Contributor,Late bloomer or one-year starter; limited career longevity.,nan,Single Season Contributor,Late bloomer or one-year starter; limited career longevity.,nan,RB
201702127,Daetrich Harrington,2017,RB,0.8,59.1643,49.38096618652344,43.270351261386615,43.270351261386615,Multi-Year Starter,Consistent career presence; reliable rotational player or specialist.,nan,Single Season Contributor,Late bloomer or one-year starter; limited career longevity.,nan,Single Season Contributor,Late bloomer or one-year starter; limited career longevity.,nan,RB
201702137,Johnnie Lang,2017,RB,0.7994,59.7234,51.610595703125,48.50145145076787,48.50145145076787,Multi-Year Starter,Consistent career presence; reliable rotational player or specialist.,nan,Multi-Year Starter,Consistent career presence; reliable rotational player or specialist.,nan,Single Season Contributor,Late bloomer or one-year starter; limited career longevity.,nan,RB
201702190,Jordan Nettles,2017,RB,0.7981,48.1066,60.79132843017578,65.33038683075516,65.33038683075516,Single Season Contributor,Late bloomer or one-year starter; limited career longevity.,nan,Meaningful G5 Contributor,Standout starter at the Group of 5 level; high-end depth in Power 4.,Potential Day 3 Pick,Meaningful G5 Contributor,Standout starter at the Group of 5 level; high-end depth in Power 4.,Potential Day 3 Pick,RB
201702220,Isaiah Woullard,2017,RB,0.7967,54.4547,56.1779670715332,58.31254479717434,58.31254479717434,Multi-Year Starter,Consistent career presence; reliable rotational player or specialist.,nan,Multi-Year Starter,Consistent career presence; reliable rotational player or specialist.,nan,Multi-Year Starter,Consistent career presence; reliable rotational player or specialist.,nan,RB
201702271,Ronnie Rivers,2017,RB,0.7948,73.0422,50.483009338378906,46.05474971686116,46.05474971686116,Meaningful P4 Contributor,Reliable multi-year starter at the highest level of competition.,Potential Day 2 Pick,Multi-Year Starter,Consistent career presence; reliable rotational player or specialist.,nan,Single Season Contributor,Late bloomer or one-year starter; limited career longevity.,nan,RB
201702284,Miles Reed,2017,RB,0.7941,58.6683,54.406044006347656,55.22494163374287,55.22494163374287,Multi-Year Starter,Consistent career presence; reliable rotational player or specialist.,nan,Multi-Year Starter,Consistent career presence; reliable rotational player or specialist.,nan,Multi-Year Starter,Consistent career presence; reliable rotational player or specialist.,nan,RB
201702321,Timothy Taylor,2017,APB,0.7926,43.8417,55.96442413330078,58.00179479778237,58.00179479778237,Single Season Contributor,Late bloomer or one-year starter; limited career longevity.,nan,Multi-Year Starter,Consistent career presence; reliable rotational player or specialist.,nan,Multi-Year Starter,Consistent career presence; reliable rotational player or specialist.,nan,RB
201702378,Dezmon Jackson,2017,RB,0.79,59.4547,52.65137481689453,50.85097456247838,50.85097456247838,Multi-Year Starter,Consistent career presence; reliable rotational player or specialist.,nan,Multi-Year Starter,Consistent career presence; reliable rotational player or specialist.,nan,Multi-Year Starter,Consistent career presence; reliable rotational player or specialist.,nan,RB
201702421,Duran Bell Jr,2017,RB,0.7893,25.9313,53.89883041381836,54.30056695961902,54.30056695961902,Partial Season Contributor,Rotational backup or special teams contributor; limited starts.,nan,Multi-Year Starter,Consistent career presence; reliable rotational player or specialist.,nan,Multi-Year Starter,Consistent career presence; reliable rotational player or specialist.,nan,RB
201702425,Darius Pinnix,2017,RB,0.7893,58.7297,42.442832946777344,25.706426610771018,25.706426610771018,Multi-Year Starter,Consistent career presence; reliable rotational player or specialist.,nan,Single Season Contributor,Late bloomer or one-year starter; limited career longevity.,nan,Partial Season Contributor,Rotational backup or special teams contributor; limited starts.,nan,RB
201702433,Larry Wooden,2017,RB,0.7893,48.2628,49.94435119628906,44.6433849684109,44.6433849684109,Single Season Contributor,Late bloomer or one-year starter; limited career longevity.,nan,Single Season Contributor,Late bloomer or one-year starter; limited career longevity.,nan,Single Season Contributor,Late bloomer or one-year starter; limited career longevity.,nan,RB
201702592,Jaylon Bester,2017,RB,0.7833,58.779,55.23545455932617,56.90681443078582,56.90681443078582,Multi-Year Starter,Consistent career presence; reliable rotational player or specialist.,nan,Multi-Year Starter,Consistent career presence; reliable rotational player or specialist.,nan,Multi-Year Starter,Consistent career presence; reliable rotational player or specialist.,nan,RB
201702616,Stephon Huderson,2017,RB,0.7826,58.4364,61.91730499267578,67.59209627016963,67.59209627016963,Multi-Year Starter,Consistent career presence; reliable rotational player or specialist.,nan,Meaningful G5 Contributor,Standout starter at the Group of 5 level; high-end depth in Power 4.,Potential Day 3 Pick,Meaningful G5 Contributor,Standout starter at the Group of 5 level; high-end depth in Power 4.,Potential Day 3 Pick,RB
201702744,Evan Johnson,2017,APB,0.7793,49.8942,46.59868240356445,35.52983979913124,35.52983979913124,Single Season Contributor,Late bloomer or one-year starter; limited career longevity.,nan,Single Season Contributor,Late bloomer or one-year starter; limited career longevity.,nan,Partial Season Contributor,Rotational backup or special teams contributor; limited starts.,nan,RB
201702753,Jakairi Moses,2017,RB,0.7785,50.6232,48.38983154296875,40.22228951636222,40.22228951636222,Multi-Year Starter,Consistent career presence; reliable rotational player or specialist.,nan,Single Season Contributor,Late bloomer or one-year starter; limited career longevity.,nan,Single Season Contributor,Late bloomer or one-year starter; limited career longevity.,nan,RB
201702881,Cameron Montgomery,2017,APB,0.7752,52.883,46.54683303833008,35.41046139835353,35.41046139835353,Multi-Year Starter,Consistent career presence; reliable rotational player or specialist.,nan,Single Season Contributor,Late bloomer or one-year starter; limited career longevity.,nan,Partial Season Contributor,Rotational backup or special teams contributor; limited starts.,nan,RB
201702967,Tyler Lavine,2017,RB,0.7726,65.0068,43.37786102294922,29.834705065443334,29.834705065443334,Meaningful G5 Contributor,Standout starter at the Group of 5 level; high-end depth in Power 4.,Potential Day 3 Pick,Single Season Contributor,Late bloomer or one-year starter; limited career longevity.,nan,Partial Season Contributor,Rotational backup or special teams contributor; limited starts.,nan,RB
201703002,Markice Hurt Jr.,2017,RB,0.7719,39.2244,57.8617057800293,60.58999245510176,60.58999245510176,Partial Season Contributor,Rotational backup or special teams contributor; limited starts.,nan,Multi-Year Starter,Consistent career presence; reliable rotational player or specialist.,nan,Meaningful G5 Contributor,Standout starter at the Group of 5 level; high-end depth in Power 4.,Potential Day 3 Pick,RB
201703019,Jemarulin Suggs,2017,RB,0.7711,26.6659,54.452728271484375,55.30486995473316,55.30486995473316,Partial Season Contributor,Rotational backup or special teams contributor; limited starts.,nan,Multi-Year Starter,Consistent career presence; reliable rotational player or specialist.,nan,Multi-Year Starter,Consistent career presence; reliable rotational player or specialist.,nan,RB
201703023,Kevin Marks Jr,2017,RB,0.7711,64.8636,51.13705062866211,47.718739366214194,47.718739366214194,Meaningful G5 Contributor,Standout starter at the Group of 5 level; high-end depth in Power 4.,Potential Day 3 Pick,Multi-Year Starter,Consistent career presence; reliable rotational player or specialist.,nan,Single Season Contributor,Late bloomer or one-year starter; limited career longevity.,nan,RB
201703170,Xazavian Valladay,2017,RB,0.7678,73.6195,57.87724685668945,60.618810727097355,60.618810727097355,Meaningful P4 Contributor,Reliable multi-year starter at the highest level of competition.,Potential Day 2 Pick,Multi-Year Starter,Consistent career presence; reliable rotational player or specialist.,nan,Meaningful G5 Contributor,Standout starter at the Group of 5 level; high-end depth in Power 4.,Potential Day 3 Pick,RB
201703345,Christian Ballard,2017,RB,0.7667,46.3092,47.591278076171875,38.604045956981594,38.604045956981594,Single Season Contributor,Late bloomer or one-year starter; limited career longevity.,nan,Single Season Contributor,Late bloomer or one-year starter; limited career longevity.,nan,Partial Season Contributor,Rotational backup or special teams contributor; limited starts.,nan,RB
201703359,Bobby Cole,2017,RB,0.7667,58.5948,49.461544036865234,43.47393826234436,43.47393826234436,Multi-Year Starter,Consistent career presence; reliable rotational player or specialist.,nan,Single Season Contributor,Late bloomer or one-year starter; limited career longevity.,nan,Single Season Contributor,Late bloomer or one-year starter; limited career longevity.,nan,RB
201703447,Jaylen Warren,2017,RB,0.7667,66.994,45.86993408203125,33.91538603988133,33.91538603988133,Meaningful G5 Contributor,Standout starter at the Group of 5 level; high-end depth in Power 4.,Potential Day 3 Pick,Single Season Contributor,Late bloomer or one-year starter; limited career longevity.,nan,Partial Season Contributor,Rotational backup or special teams contributor; limited starts.,nan,RB
201703571,Brenden Knox,2017,RB,0.7667,64.5124,52.20160675048828,50.0722805160077,50.0722805160077,Meaningful G5 Contributor,Standout starter at the Group of 5 level; high-end depth in Power 4.,Potential Day 3 Pick,Multi-Year Starter,Consistent career presence; reliable rotational player or specialist.,nan,Multi-Year Starter,Consistent career presence; reliable rotational player or specialist.,nan,RB
201703612,Michael Parrott,2017,FB,0.7667,51.3422,43.764305114746094,30.13669932624134,30.13669932624134,Multi-Year Starter,Consistent career presence; reliable rotational player or specialist.,nan,Single Season Contributor,Late bloomer or one-year starter; limited career longevity.,nan,Partial Season Contributor,Rotational backup or special teams contributor; limited starts.,nan,RB
201703796,Karmi Mackey,2017,RB,0.7644,38.8011,53.31022262573242,52.477282826453035,52.477282826453035,Partial Season Contributor,Rotational backup or special teams contributor; limited starts.,nan,Multi-Year Starter,Consistent career presence; reliable rotational player or specialist.,nan,Multi-Year Starter,Consistent career presence; reliable rotational player or specialist.,nan,RB
201703937,Spencer Brown,2017,RB,0.7583,66.9516,49.16682815551758,42.43870229197813,42.43870229197813,Meaningful G5 Contributor,Standout starter at the Group of 5 level; high-end depth in Power 4.,Potential Day 3 Pick,Single Season Contributor,Late bloomer or one-year starter; limited career longevity.,nan,Single Season Contributor,Late bloomer or one-year starter; limited career longevity.,nan,RB
201703980,Julian Ross,2017,RB,0.7583,47.3416,50.92326736450195,47.05758475442092,47.05758475442092,Single Season Contributor,Late bloomer or one-year starter; limited career longevity.,nan,Multi-Year Starter,Consistent career presence; reliable rotational player or specialist.,nan,Single Season Contributor,Late bloomer or one-year starter; limited career longevity.,nan,RB
201704001,Josh Foley,2017,APB,0.7578,17.8434,45.83259963989258,33.77581425002019,33.77581425002019,Minimal D1 Impact,Roster filler; medical DQ; or transferred to lower levels.,nan,Single Season Contributor,Late bloomer or one-year starter; limited career longevity.,nan,Partial Season Contributor,Rotational backup or special teams contributor; limited starts.,nan,RB
201704077,Matthew Laroche,2017,RB,0.7533,50.2023,50.66845703125,46.42747639426684,46.42747639426684,Multi-Year Starter,Consistent career presence; reliable rotational player or specialist.,nan,Multi-Year Starter,Consistent career presence; reliable rotational player or specialist.,nan,Single Season Contributor,Late bloomer or one-year starter; limited career longevity.,nan,RB
201704188,Baden Pinson,2017,RB,0.74,49.4417,44.79262161254883,30.940297277956347,30.940297277956347,Single Season Contributor,Late bloomer or one-year starter; limited career longevity.,nan,Single Season Contributor,Late bloomer or one-year starter; limited career longevity.,nan,Partial Season Contributor,Rotational backup or special teams contributor; limited starts.,nan,RB
201704211,Damontay Rhem,2017,RB,0.74,37.6024,59.6260986328125,63.4642999518875,63.4642999518875,Partial Season Contributor,Rotational backup or special teams contributor; limited starts.,nan,Multi-Year Starter,Consistent career presence; reliable rotational player or specialist.,nan,Meaningful G5 Contributor,Standout starter at the Group of 5 level; high-end depth in Power 4.,Potential Day 3 Pick,RB
201704248,Gayflor Flomo,2017,RB,0.72,46.1476,52.60273742675781,50.74711483135521,50.74711483135521,Single Season Contributor,Late bloomer or one-year starter; limited career longevity.,nan,Multi-Year Starter,Consistent career presence; reliable rotational player or specialist.,nan,Multi-Year Starter,Consistent career presence; reliable rotational player or specialist.,nan,RB
201800009,Zamir White,2018,RB,0.9957,74.5233,75.65475463867188,91.95660794981751,91.95660794981751,Meaningful P4 Contributor,Reliable multi-year starter at the highest level of competition.,Potential Day 2 Pick,Meaningful P4 Contributor,Reliable multi-year starter at the highest level of competition.,Potential Day 2 Pick,Elite Power 4,All-Conference/All-American honors.,First round NFL Draft talent,RB
201800025,Lorenzo Lingard,2018,RB,0.9861,58.8778,65.48851013183594,73.10965548858307,73.10965548858307,Multi-Year Starter,Consistent career presence; reliable rotational player or specialist.,nan,Meaningful G5 Contributor,Standout starter at the Group of 5 level; high-end depth in Power 4.,Potential Day 3 Pick,Meaningful P4 Contributor,Reliable multi-year starter at the highest level of competition.,Potential Day 2 Pick,RB
201800027,Ricky Slade,2018,APB,0.9853,59.1518,75.14798736572266,90.75069825735346,90.75069825735346,Multi-Year Starter,Consistent career presence; reliable rotational player or specialist.,nan,Meaningful P4 Contributor,Reliable multi-year starter at the highest level of competition.,Potential Day 2 Pick,Elite Power 4,All-Conference/All-American honors.,First round NFL Draft talent,RB
201800041,James Cook,2018,APB,0.9786,76.1143,63.392234802246094,70.33657502419331,70.33657502419331,Meaningful P4 Contributor,Reliable multi-year starter at the highest level of competition.,Potential Day 2 Pick,Meaningful G5 Contributor,Standout starter at the Group of 5 level; high-end depth in Power 4.,Potential Day 3 Pick,Meaningful P4 Contributor,Reliable multi-year starter at the highest level of competition.,Potential Day 2 Pick,RB
201800100,T.J. Pledger,2018,APB,0.9543,65.2429,68.47753143310547,78.36006625321096,78.36006625321096,Meaningful G5 Contributor,Standout starter at the Group of 5 level; high-end depth in Power 4.,Potential Day 3 Pick,Meaningful G5 Contributor,Standout starter at the Group of 5 level; high-end depth in Power 4.,Potential Day 3 Pick,Meaningful P4 Contributor,Reliable multi-year starter at the highest level of competition.,Potential Day 2 Pick,RB
201800111,Ricky Person Jr.,2018,RB,0.9502,64.6168,62.10475158691406,68.0907900358898,68.0907900358898,Meaningful G5 Contributor,Standout starter at the Group of 5 level; high-end depth in Power 4.,Potential Day 3 Pick,Meaningful G5 Contributor,Standout starter at the Group of 5 level; high-end depth in Power 4.,Potential Day 3 Pick,Meaningful G5 Contributor,Standout starter at the Group of 5 level; high-end depth in Power 4.,Potential Day 3 Pick,RB
201800152,Harold Joiner,2018,RB,0.9375,52.3118,71.52584075927734,81.59329412722276,81.59329412722276,Multi-Year Starter,Consistent career presence; reliable rotational player or specialist.,nan,Meaningful P4 Contributor,Reliable multi-year starter at the highest level of competition.,Potential Day 2 Pick,Elite Power 4,All-Conference/All-American honors.,First round NFL Draft talent,RB
201800164,Keaontay Ingram,2018,RB,0.9324,76.1737,63.65420913696289,70.81246625666968,70.81246625666968,Meaningful P4 Contributor,Reliable multi-year starter at the highest level of competition.,Potential Day 2 Pick,Meaningful G5 Contributor,Standout starter at the Group of 5 level; high-end depth in Power 4.,Potential Day 3 Pick,Meaningful P4 Contributor,Reliable multi-year starter at the highest level of competition.,Potential Day 2 Pick,RB
201800173,Cam'Ron Harris,2018,RB,0.9308,65.9791,62.16033935546875,68.2501495595624,68.2501495595624,Meaningful G5 Contributor,Standout starter at the Group of 5 level; high-end depth in Power 4.,Potential Day 3 Pick,Meaningful G5 Contributor,Standout starter at the Group of 5 level; high-end depth in Power 4.,Potential Day 3 Pick,Meaningful G5 Contributor,Standout starter at the Group of 5 level; high-end depth in Power 4.,Potential Day 3 Pick,RB
201800201,Dameon Pierce,2018,RB,0.9209,75.2244,66.89927673339844,75.29395006244745,75.29395006244745,Meaningful P4 Contributor,Reliable multi-year starter at the highest level of competition.,Potential Day 2 Pick,Meaningful G5 Contributor,Standout starter at the Group of 5 level; high-end depth in Power 4.,Potential Day 3 Pick,Meaningful P4 Contributor,Reliable multi-year starter at the highest level of competition.,Potential Day 2 Pick,RB
201800202,Asa Martin,2018,RB,0.9207,59.9175,67.76315307617188,76.61647223937932,76.61647223937932,Multi-Year Starter,Consistent career presence; reliable rotational player or specialist.,nan,Meaningful G5 Contributor,Standout starter at the Group of 5 level; high-end depth in Power 4.,Potential Day 3 Pick,Meaningful P4 Contributor,Reliable multi-year starter at the highest level of competition.,Potential Day 2 Pick,RB
201800207,Maurice Washington,2018,RB,0.919,61.07,67.25169372558594,75.84457961137376,75.84457961137376,Meaningful G5 Contributor,Standout starter at the Group of 5 level; high-end depth in Power 4.,Potential Day 3 Pick,Meaningful G5 Contributor,Standout starter at the Group of 5 level; high-end depth in Power 4.,Potential Day 3 Pick,Meaningful P4 Contributor,Reliable multi-year starter at the highest level of competition.,Potential Day 2 Pick,RB
201800214,Mychale Salahuddin,2018,APB,0.9179,23.6649,68.79527282714844,78.69522998318487,78.69522998318487,Partial Season Contributor,Rotational backup or special teams contributor; limited starts.,nan,Meaningful G5 Contributor,Standout starter at the Group of 5 level; high-end depth in Power 4.,Potential Day 3 Pick,Meaningful P4 Contributor,Reliable multi-year starter at the highest level of competition.,Potential Day 2 Pick,RB
201800228,Master Teague,2018,RB,0.9132,70.8406,71.56322479248047,81.68210611484709,81.68210611484709,Meaningful P4 Contributor,Reliable multi-year starter at the highest level of competition.,Potential Day 2 Pick,Meaningful P4 Contributor,Reliable multi-year starter at the highest level of competition.,Potential Day 2 Pick,Elite Power 4,All-Conference/All-American honors.,First round NFL Draft talent,RB
201800248,Trey Lowe,2018,APB,0.9094,53.6268,63.993141174316406,71.21204458035558,71.21204458035558,Multi-Year Starter,Consistent career presence; reliable rotational player or specialist.,nan,Meaningful G5 Contributor,Standout starter at the Group of 5 level; high-end depth in Power 4.,Potential Day 3 Pick,Meaningful P4 Contributor,Reliable multi-year starter at the highest level of competition.,Potential Day 2 Pick,RB
201800258,Lyn-J Dixon,2018,APB,0.9077,65.1698,62.82468032836914,69.30080842914148,69.30080842914148,Meaningful G5 Contributor,Standout starter at the Group of 5 level; high-end depth in Power 4.,Potential Day 3 Pick,Meaningful G5 Contributor,Standout starter at the Group of 5 level; high-end depth in Power 4.,Potential Day 3 Pick,Meaningful G5 Contributor,Standout starter at the Group of 5 level; high-end depth in Power 4.,Potential Day 3 Pick,RB
201800261,Jashaun Corbin,2018,APB,0.9074,66.557,61.5597038269043,66.91469968218306,66.91469968218306,Meaningful G5 Contributor,Standout starter at the Group of 5 level; high-end depth in Power 4.,Potential Day 3 Pick,Meaningful G5 Contributor,Standout starter at the Group of 5 level; high-end depth in Power 4.,Potential Day 3 Pick,Meaningful G5 Contributor,Standout starter at the Group of 5 level; high-end depth in Power 4.,Potential Day 3 Pick,RB
201800272,Pooka Williams Jr.,2018,APB,0.9055,70.5062,65.1057357788086,72.72492206633115,72.72492206633115,Meaningful P4 Contributor,Reliable multi-year starter at the highest level of competition.,Potential Day 2 Pick,Meaningful G5 Contributor,Standout starter at the Group of 5 level; high-end depth in Power 4.,Potential Day 3 Pick,Meaningful P4 Contributor,Reliable multi-year starter at the highest level of competition.,Potential Day 2 Pick,RB
201800307,Markese Stepp,2018,RB,0.8991,60.9872,56.09396743774414,58.190307619185965,58.190307619185965,Meaningful G5 Contributor,Standout starter at the Group of 5 level; high-end depth in Power 4.,Potential Day 3 Pick,Multi-Year Starter,Consistent career presence; reliable rotational player or specialist.,nan,Multi-Year Starter,Consistent career presence; reliable rotational player or specialist.,nan,RB
201800344,Shaun Shivers,2018,APB,0.8939,77.7691,58.41532897949219,61.16434492401507,61.16434492401507,Meaningful P4 Contributor,Reliable multi-year starter at the highest level of competition.,Potential Day 2 Pick,Multi-Year Starter,Consistent career presence; reliable rotational player or specialist.,nan,Meaningful G5 Contributor,Standout starter at the Group of 5 level; high-end depth in Power 4.,Potential Day 3 Pick,RB
201800348,Craig Williams,2018,APB,0.8937,60.9459,66.47050476074219,74.41814805432921,74.41814805432921,Meaningful G5 Contributor,Standout starter at the Group of 5 level; high-end depth in Power 4.,Potential Day 3 Pick,Meaningful G5 Contributor,Standout starter at the Group of 5 level; high-end depth in Power 4.,Potential Day 3 Pick,Meaningful P4 Contributor,Reliable multi-year starter at the highest level of competition.,Potential Day 2 Pick,RB
201800355,Chris Curry,2018,RB,0.8924,52.3532,59.48632049560547,63.260222295090045,63.260222295090045,Multi-Year Starter,Consistent career presence; reliable rotational player or specialist.,nan,Multi-Year Starter,Consistent career presence; reliable rotational player or specialist.,nan,Meaningful G5 Contributor,Standout starter at the Group of 5 level; high-end depth in Power 4.,Potential Day 3 Pick,RB
201800370,Jerome Ford,2018,APB,0.8909,67.1865,59.131046295166016,62.75788799580721,62.75788799580721,Meaningful G5 Contributor,Standout starter at the Group of 5 level; high-end depth in Power 4.,Potential Day 3 Pick,Multi-Year Starter,Consistent career presence; reliable rotational player or specialist.,nan,Meaningful G5 Contributor,Standout starter at the Group of 5 level; high-end depth in Power 4.,Potential Day 3 Pick,RB
201800394,Jeremy Banks,2018,RB,0.8883,47.4154,63.971702575683594,71.16328295927234,71.16328295927234,Single Season Contributor,Late bloomer or one-year starter; limited career longevity.,nan,Meaningful G5 Contributor,Standout starter at the Group of 5 level; high-end depth in Power 4.,Potential Day 3 Pick,Meaningful P4 Contributor,Reliable multi-year starter at the highest level of competition.,Potential Day 2 Pick,RB
201800400,Kazmeir Allen,2018,APB,0.8875,54.5726,61.64860153198242,67.11870908751062,67.11870908751062,Multi-Year Starter,Consistent career presence; reliable rotational player or specialist.,nan,Meaningful G5 Contributor,Standout starter at the Group of 5 level; high-end depth in Power 4.,Potential Day 3 Pick,Meaningful G5 Contributor,Standout starter at the Group of 5 level; high-end depth in Power 4.,Potential Day 3 Pick,RB
201800403,Anthony Grant,2018,RB,0.8871,62.6337,59.02873229980469,62.56838890264554,62.56838890264554,Meaningful G5 Contributor,Standout starter at the Group of 5 level; high-end depth in Power 4.,Potential Day 3 Pick,Multi-Year Starter,Consistent career presence; reliable rotational player or specialist.,nan,Meaningful G5 Contributor,Standout starter at the Group of 5 level; high-end depth in Power 4.,Potential Day 3 Pick,RB
201800410,Tavion Thomas,2018,RB,0.8865,69.1704,62.897178649902344,69.42664036078354,69.42664036078354,Meaningful G5 Contributor,Standout starter at the Group of 5 level; high-end depth in Power 4.,Potential Day 3 Pick,Meaningful G5 Contributor,Standout starter at the Group of 5 level; high-end depth in Power 4.,Potential Day 3 Pick,Meaningful G5 Contributor,Standout starter at the Group of 5 level; high-end depth in Power 4.,Potential Day 3 Pick,RB
201800429,Ronnie Walker,2018,RB,0.8851,52.0532,58.729331970214844,61.88376672788379,61.88376672788379,Multi-Year Starter,Consistent career presence; reliable rotational player or specialist.,nan,Multi-Year Starter,Consistent career presence; reliable rotational player or specialist.,nan,Meaningful G5 Contributor,Standout starter at the Group of 5 level; high-end depth in Power 4.,Potential Day 3 Pick,RB
201800456,Nakia Watson,2018,RB,0.8822,74.7664,67.772705078125,76.63078427839847,76.63078427839847,Meaningful P4 Contributor,Reliable multi-year starter at the highest level of competition.,Potential Day 2 Pick,Meaningful G5 Contributor,Standout starter at the Group of 5 level; high-end depth in Power 4.,Potential Day 3 Pick,Meaningful P4 Contributor,Reliable multi-year starter at the highest level of competition.,Potential Day 2 Pick,RB
201800508,Christian Turner,2018,RB,0.8784,69.5685,62.82735824584961,69.30538140560293,69.30538140560293,Meaningful G5 Contributor,Standout starter at the Group of 5 level; high-end depth in Power 4.,Potential Day 3 Pick,Meaningful G5 Contributor,Standout starter at the Group of 5 level; high-end depth in Power 4.,Potential Day 3 Pick,Meaningful G5 Contributor,Standout starter at the Group of 5 level; high-end depth in Power 4.,Potential Day 3 Pick,RB
201800513,Christopher Brooks,2018,RB,0.878,62.5427,59.69903564453125,63.584226268297826,63.584226268297826,Meaningful G5 Contributor,Standout starter at the Group of 5 level; high-end depth in Power 4.,Potential Day 3 Pick,Multi-Year Starter,Consistent career presence; reliable rotational player or specialist.,nan,Meaningful G5 Contributor,Standout starter at the Group of 5 level; high-end depth in Power 4.,Potential Day 3 Pick,RB
201800525,Richard Newton,2018,RB,0.8767,62.9563,61.1505241394043,65.99173937257352,65.99173937257352,Meaningful G5 Contributor,Standout starter at the Group of 5 level; high-end depth in Power 4.,Potential Day 3 Pick,Meaningful G5 Contributor,Standout starter at the Group of 5 level; high-end depth in Power 4.,Potential Day 3 Pick,Meaningful G5 Contributor,Standout starter at the Group of 5 level; high-end depth in Power 4.,Potential Day 3 Pick,RB
201800536,Deshaun Fenwick,2018,APB,0.8763,72.6912,53.70516586303711,53.685148330403756,53.685148330403756,Meaningful P4 Contributor,Reliable multi-year starter at the highest level of competition.,Potential Day 2 Pick,Multi-Year Starter,Consistent career presence; reliable rotational player or specialist.,nan,Multi-Year Starter,Consistent career presence; reliable rotational player or specialist.,nan,RB
201800586,Max Borghi,2018,APB,0.8731,71.4487,62.64553451538086,69.03219957112702,69.03219957112702,Meaningful P4 Contributor,Reliable multi-year starter at the highest level of competition.,Potential Day 2 Pick,Meaningful G5 Contributor,Standout starter at the Group of 5 level; high-end depth in Power 4.,Potential Day 3 Pick,Meaningful G5 Contributor,Standout starter at the Group of 5 level; high-end depth in Power 4.,Potential Day 3 Pick,RB
201800609,Jahmir Smith,2018,RB,0.8721,47.1833,67.58735656738281,76.3530712784534,76.3530712784534,Single Season Contributor,Late bloomer or one-year starter; limited career longevity.,nan,Meaningful G5 Contributor,Standout starter at the Group of 5 level; high-end depth in Power 4.,Potential Day 3 Pick,Meaningful P4 Contributor,Reliable multi-year starter at the highest level of competition.,Potential Day 2 Pick,RB
201800612,Charles Strong,2018,RB,0.8717,46.8972,56.238948822021484,58.40396816220662,58.40396816220662,Single Season Contributor,Late bloomer or one-year starter; limited career longevity.,nan,Multi-Year Starter,Consistent career presence; reliable rotational player or specialist.,nan,Multi-Year Starter,Consistent career presence; reliable rotational player or specialist.,nan,RB
201800625,Brock Sturges,2018,RB,0.8709,57.5657,56.890926361083984,59.239166249574744,59.239166249574744,Multi-Year Starter,Consistent career presence; reliable rotational player or specialist.,nan,Multi-Year Starter,Consistent career presence; reliable rotational player or specialist.,nan,Multi-Year Starter,Consistent career presence; reliable rotational player or specialist.,nan,RB
201800665,Isaih Pacheco,2018,RB,0.8681,73.4504,58.42071533203125,61.178252129778265,61.178252129778265,Meaningful P4 Contributor,Reliable multi-year starter at the highest level of competition.,Potential Day 2 Pick,Multi-Year Starter,Consistent career presence; reliable rotational player or specialist.,nan,Meaningful G5 Contributor,Standout starter at the Group of 5 level; high-end depth in Power 4.,Potential Day 3 Pick,RB
201800668,Tyrone Tracy Jr.,2018,RB,0.868,60.2454,56.44518280029297,58.82739145524048,58.82739145524048,Meaningful G5 Contributor,Standout starter at the Group of 5 level; high-end depth in Power 4.,Potential Day 3 Pick,Multi-Year Starter,Consistent career presence; reliable rotational player or specialist.,nan,Multi-Year Starter,Consistent career presence; reliable rotational player or specialist.,nan,RB
201800707,Andrew VanBuren,2018,RB,0.8664,61.9932,54.7077522277832,55.70044434690294,55.70044434690294,Meaningful G5 Contributor,Standout starter at the Group of 5 level; high-end depth in Power 4.,Potential Day 3 Pick,Multi-Year Starter,Consistent career presence; reliable rotational player or specialist.,nan,Multi-Year Starter,Consistent career presence; reliable rotational player or specialist.,nan,RB
201800709,Jawhar Jordan,2018,APB,0.866,70.1258,54.32721710205078,55.08998176898202,55.08998176898202,Meaningful P4 Contributor,Reliable multi-year starter at the highest level of competition.,Potential Day 2 Pick,Multi-Year Starter,Consistent career presence; reliable rotational player or specialist.,nan,Multi-Year Starter,Consistent career presence; reliable rotational player or specialist.,nan,RB
201800710,Jahmyl Jeter,2018,RB,0.866,58.2068,54.73646926879883,55.79761490286049,55.79761490286049,Multi-Year Starter,Consistent career presence; reliable rotational player or specialist.,nan,Multi-Year Starter,Consistent career presence; reliable rotational player or specialist.,nan,Multi-Year Starter,Consistent career presence; reliable rotational player or specialist.,nan,RB
201800722,AJ Carter,2018,RB,0.8647,46.9078,47.53289031982422,38.455476193034215,38.455476193034215,Single Season Contributor,Late bloomer or one-year starter; limited career longevity.,nan,Single Season Contributor,Late bloomer or one-year starter; limited career longevity.,nan,Partial Season Contributor,Rotational backup or special teams contributor; limited starts.,nan,RB
201800727,Devin Brumfield,2018,RB,0.8646,49.9969,50.24308395385742,45.460260393746886,45.460260393746886,Single Season Contributor,Late bloomer or one-year starter; limited career longevity.,nan,Multi-Year Starter,Consistent career presence; reliable rotational player or specialist.,nan,Single Season Contributor,Late bloomer or one-year starter; limited career longevity.,nan,RB
201800731,Jarveon Howard,2018,RB,0.8646,58.3516,58.81914520263672,62.08052069362464,62.08052069362464,Multi-Year Starter,Consistent career presence; reliable rotational player or specialist.,nan,Multi-Year Starter,Consistent career presence; reliable rotational player or specialist.,nan,Meaningful G5 Contributor,Standout starter at the Group of 5 level; high-end depth in Power 4.,Potential Day 3 Pick,RB
201800738,Isaiah Bowser,2018,RB,0.8639,71.9948,59.10819625854492,62.71827996981904,62.71827996981904,Meaningful P4 Contributor,Reliable multi-year starter at the highest level of competition.,Potential Day 2 Pick,Multi-Year Starter,Consistent career presence; reliable rotational player or specialist.,nan,Meaningful G5 Contributor,Standout starter at the Group of 5 level; high-end depth in Power 4.,Potential Day 3 Pick,RB
201800740,Elijah Collins,2018,RB,0.8639,74.3341,57.3487434387207,59.826692386411246,59.826692386411246,Meaningful P4 Contributor,Reliable multi-year starter at the highest level of competition.,Potential Day 2 Pick,Multi-Year Starter,Consistent career presence; reliable rotational player or specialist.,nan,Multi-Year Starter,Consistent career presence; reliable rotational player or specialist.,nan,RB
201800758,Kelan Walker,2018,RB,0.8633,51.075,58.96622085571289,62.41875454666129,62.41875454666129,Multi-Year Starter,Consistent career presence; reliable rotational player or specialist.,nan,Multi-Year Starter,Consistent career presence; reliable rotational player or specialist.,nan,Meaningful G5 Contributor,Standout starter at the Group of 5 level; high-end depth in Power 4.,Potential Day 3 Pick,RB
201800777,Jermar Jefferson,2018,RB,0.8619,74.1493,56.23480987548828,58.39540839199655,58.39540839199655,Meaningful P4 Contributor,Reliable multi-year starter at the highest level of competition.,Potential Day 2 Pick,Multi-Year Starter,Consistent career presence; reliable rotational player or specialist.,nan,Multi-Year Starter,Consistent career presence; reliable rotational player or specialist.,nan,RB
201800791,Dontae Smith,2018,APB,0.8614,68.9389,56.35763931274414,58.64929270312638,58.64929270312638,Meaningful G5 Contributor,Standout starter at the Group of 5 level; high-end depth in Power 4.,Potential Day 3 Pick,Multi-Year Starter,Consistent career presence; reliable rotational player or specialist.,nan,Multi-Year Starter,Consistent career presence; reliable rotational player or specialist.,nan,RB
201800849,Justus Woods,2018,RB,0.8592,34.2785,59.271854400634766,63.00114279515578,63.00114279515578,Partial Season Contributor,Rotational backup or special teams contributor; limited starts.,nan,Multi-Year Starter,Consistent career presence; reliable rotational player or specialist.,nan,Meaningful G5 Contributor,Standout starter at the Group of 5 level; high-end depth in Power 4.,Potential Day 3 Pick,RB
201800905,Bryce Williams,2018,RB,0.8565,62.4824,51.876373291015625,49.30852022944759,49.30852022944759,Meaningful G5 Contributor,Standout starter at the Group of 5 level; high-end depth in Power 4.,Potential Day 3 Pick,Multi-Year Starter,Consistent career presence; reliable rotational player or specialist.,nan,Single Season Contributor,Late bloomer or one-year starter; limited career longevity.,nan,RB
201800917,Ta'Zhawn Henry,2018,APB,0.8558,65.6907,53.59068298339844,53.304404328040334,53.304404328040334,Meaningful G5 Contributor,Standout starter at the Group of 5 level; high-end depth in Power 4.,Potential Day 3 Pick,Multi-Year Starter,Consistent career presence; reliable rotational player or specialist.,nan,Multi-Year Starter,Consistent career presence; reliable rotational player or specialist.,nan,RB
201800966,Deion Smith,2018,RB,0.8539,58.1828,54.71815872192383,55.720656649601196,55.720656649601196,Multi-Year Starter,Consistent career presence; reliable rotational player or specialist.,nan,Multi-Year Starter,Consistent career presence; reliable rotational player or specialist.,nan,Multi-Year Starter,Consistent career presence; reliable rotational player or specialist.,nan,RB
201800975,Hassan Haskins,2018,RB,0.8539,76.3547,48.84991455078125,41.30268611055783,41.30268611055783,Meaningful P4 Contributor,Reliable multi-year starter at the highest level of competition.,Potential Day 2 Pick,Single Season Contributor,Late bloomer or one-year starter; limited career longevity.,nan,Single Season Contributor,Late bloomer or one-year starter; limited career longevity.,nan,RB
201800987,Travis Dye,2018,RB,0.8532,81.4791,56.47438049316406,58.886791335352086,58.886791335352086,Elite Power 4,All-Conference/All-American honors.,First round NFL Draft talent,Multi-Year Starter,Consistent career presence; reliable rotational player or specialist.,nan,Multi-Year Starter,Consistent career presence; reliable rotational player or specialist.,nan,RB
201800995,Trent Pennix,2018,RB,0.853,51.2702,56.47706985473633,58.89226258116848,58.89226258116848,Multi-Year Starter,Consistent career presence; reliable rotational player or specialist.,nan,Multi-Year Starter,Consistent career presence; reliable rotational player or specialist.,nan,Multi-Year Starter,Consistent career presence; reliable rotational player or specialist.,nan,RB
201801027,Hassan Hall,2018,RB,0.8519,69.5145,59.04917526245117,62.6159735627925,62.6159735627925,Meaningful G5 Contributor,Standout starter at the Group of 5 level; high-end depth in Power 4.,Potential Day 3 Pick,Multi-Year Starter,Consistent career presence; reliable rotational player or specialist.,nan,Meaningful G5 Contributor,Standout starter at the Group of 5 level; high-end depth in Power 4.,Potential Day 3 Pick,RB
201801113,Ja'Veon Marlow,2018,RB,0.8485,47.2256,51.97676086425781,49.53270509102107,49.53270509102107,Single Season Contributor,Late bloomer or one-year starter; limited career longevity.,nan,Multi-Year Starter,Consistent career presence; reliable rotational player or specialist.,nan,Single Season Contributor,Late bloomer or one-year starter; limited career longevity.,nan,RB
201801126,Ryan Montgomery,2018,RB,0.8477,60.4448,46.577781677246094,35.46666089261819,35.46666089261819,Meaningful G5 Contributor,Standout starter at the Group of 5 level; high-end depth in Power 4.,Potential Day 3 Pick,Single Season Contributor,Late bloomer or one-year starter; limited career longevity.,nan,Partial Season Contributor,Rotational backup or special teams contributor; limited starts.,nan,RB
201801129,Courtney McKinney,2018,RB,0.8477,29.9559,52.062198638916016,49.89666326788308,49.89666326788308,Partial Season Contributor,Rotational backup or special teams contributor; limited starts.,nan,Multi-Year Starter,Consistent career presence; reliable rotational player or specialist.,nan,Single Season Contributor,Late bloomer or one-year starter; limited career longevity.,nan,RB
201801136,Keyondre White,2018,RB,0.8477,34.5244,53.1224479675293,51.96989706652784,51.96989706652784,Partial Season Contributor,Rotational backup or special teams contributor; limited starts.,nan,Multi-Year Starter,Consistent career presence; reliable rotational player or specialist.,nan,Multi-Year Starter,Consistent career presence; reliable rotational player or specialist.,nan,RB
201801156,Chris Rodriguez,2018,RB,0.8468,77.1279,47.794673919677734,39.19449256316941,39.19449256316941,Meaningful P4 Contributor,Reliable multi-year starter at the highest level of competition.,Potential Day 2 Pick,Single Season Contributor,Late bloomer or one-year starter; limited career longevity.,nan,Partial Season Contributor,Rotational backup or special teams contributor; limited starts.,nan,RB
201801169,DeMarcus Townsend,2018,RB,0.8466,37.9189,52.101715087890625,49.94644351342482,49.94644351342482,Partial Season Contributor,Rotational backup or special teams contributor; limited starts.,nan,Multi-Year Starter,Consistent career presence; reliable rotational player or specialist.,nan,Single Season Contributor,Late bloomer or one-year starter; limited career longevity.,nan,RB
201801199,C'Bo Flemister,2018,RB,0.8456,62.848,52.98134231567383,51.63587052073117,51.63587052073117,Meaningful G5 Contributor,Standout starter at the Group of 5 level; high-end depth in Power 4.,Potential Day 3 Pick,Multi-Year Starter,Consistent career presence; reliable rotational player or specialist.,nan,Multi-Year Starter,Consistent career presence; reliable rotational player or specialist.,nan,RB
201801205,Deneric Prince,2018,RB,0.8452,63.3816,54.70109558105469,55.69032943855894,55.69032943855894,Meaningful G5 Contributor,Standout starter at the Group of 5 level; high-end depth in Power 4.,Potential Day 3 Pick,Multi-Year Starter,Consistent career presence; reliable rotational player or specialist.,nan,Multi-Year Starter,Consistent career presence; reliable rotational player or specialist.,nan,RB
201801236,Jay Symonds Jr,2018,FB,0.8439,50.9209,26.777563095092773,7.774407528256189,7.774407528256189,Multi-Year Starter,Consistent career presence; reliable rotational player or specialist.,nan,Partial Season Contributor,Rotational backup or special teams contributor; limited starts.,nan,Minimal D1 Impact,Roster filler; medical DQ; or transferred to lower levels.,nan,RB
201801242,Martell Irby,2018,RB,0.8436,49.3182,50.32017517089844,45.64568688977252,45.64568688977252,Single Season Contributor,Late bloomer or one-year starter; limited career longevity.,nan,Multi-Year Starter,Consistent career presence; reliable rotational player or specialist.,nan,Single Season Contributor,Late bloomer or one-year starter; limited career longevity.,nan,RB
201801245,Garland LaFrance,2018,RB,0.8431,38.0048,53.97452163696289,54.47010128615271,54.47010128615271,Partial Season Contributor,Rotational backup or special teams contributor; limited starts.,nan,Multi-Year Starter,Consistent career presence; reliable rotational player or specialist.,nan,Multi-Year Starter,Consistent career presence; reliable rotational player or specialist.,nan,RB
201801267,Don Ragsdale,2018,RB,0.8426,20.1515,56.18932342529297,58.32907068631473,58.32907068631473,Partial Season Contributor,Rotational backup or special teams contributor; limited starts.,nan,Multi-Year Starter,Consistent career presence; reliable rotational player or specialist.,nan,Multi-Year Starter,Consistent career presence; reliable rotational player or specialist.,nan,RB
201801270,Terrick Smalls,2018,RB,0.8426,23.2309,46.559043884277344,35.431480401042464,35.431480401042464,Partial Season Contributor,Rotational backup or special teams contributor; limited starts.,nan,Single Season Contributor,Late bloomer or one-year starter; limited career longevity.,nan,Partial Season Contributor,Rotational backup or special teams contributor; limited starts.,nan,RB
201801272,Caleb Steward,2018,RB,0.8424,34.0695,49.419837951660156,43.36856418283525,43.36856418283525,Partial Season Contributor,Rotational backup or special teams contributor; limited starts.,nan,Single Season Contributor,Late bloomer or one-year starter; limited career longevity.,nan,Single Season Contributor,Late bloomer or one-year starter; limited career longevity.,nan,RB
201801282,Destin Coates,2018,RB,0.8423,60.9048,51.043888092041016,47.343953690492,47.343953690492,Meaningful G5 Contributor,Standout starter at the Group of 5 level; high-end depth in Power 4.,Potential Day 3 Pick,Multi-Year Starter,Consistent career presence; reliable rotational player or specialist.,nan,Single Season Contributor,Late bloomer or one-year starter; limited career longevity.,nan,RB
201801330,Malcolm Davidson,2018,RB,0.8403,57.9199,49.35244369506836,43.198286686934075,43.198286686934075,Multi-Year Starter,Consistent career presence; reliable rotational player or specialist.,nan,Single Season Contributor,Late bloomer or one-year starter; limited career longevity.,nan,Single Season Contributor,Late bloomer or one-year starter; limited career longevity.,nan,RB
201801336,Stevie Scott III,2018,RB,0.8402,75.6561,51.63865661621094,48.60649095050288,48.60649095050288,Meaningful P4 Contributor,Reliable multi-year starter at the highest level of competition.,Potential Day 2 Pick,Multi-Year Starter,Consistent career presence; reliable rotational player or specialist.,nan,Single Season Contributor,Late bloomer or one-year starter; limited career longevity.,nan,RB
201801369,Kyle Dobbins,2018,APB,0.8389,42.9729,50.407466888427734,45.86497622754765,45.86497622754765,Single Season Contributor,Late bloomer or one-year starter; limited career longevity.,nan,Multi-Year Starter,Consistent career presence; reliable rotational player or specialist.,nan,Single Season Contributor,Late bloomer or one-year starter; limited career longevity.,nan,RB
201801375,Rico Frye,2018,RB,0.8388,37.5222,52.278228759765625,50.17056389235763,50.17056389235763,Partial Season Contributor,Rotational backup or special teams contributor; limited starts.,nan,Multi-Year Starter,Consistent career presence; reliable rotational player or specialist.,nan,Multi-Year Starter,Consistent career presence; reliable rotational player or specialist.,nan,RB
201801391,David Bailey,2018,RB,0.8381,71.0283,54.72196960449219,55.73667358606078,55.73667358606078,Meaningful P4 Contributor,Reliable multi-year starter at the highest level of competition.,Potential Day 2 Pick,Multi-Year Starter,Consistent career presence; reliable rotational player or specialist.,nan,Multi-Year Starter,Consistent career presence; reliable rotational player or specialist.,nan,RB
201801397,Javian Hawkins,2018,APB,0.8378,67.3605,49.134117126464844,42.25162059601122,42.25162059601122,Meaningful G5 Contributor,Standout starter at the Group of 5 level; high-end depth in Power 4.,Potential Day 3 Pick,Single Season Contributor,Late bloomer or one-year starter; limited career longevity.,nan,Single Season Contributor,Late bloomer or one-year starter; limited career longevity.,nan,RB
201801402,Kenyon Sims,2018,RB,0.8377,45.9962,55.0018424987793,56.56271664752266,56.56271664752266,Single Season Contributor,Late bloomer or one-year starter; limited career longevity.,nan,Multi-Year Starter,Consistent career presence; reliable rotational player or specialist.,nan,Multi-Year Starter,Consistent career presence; reliable rotational player or specialist.,nan,RB
201801408,Brenden Brady,2018,RB,0.8376,62.1989,54.37739944458008,55.17589916256163,55.17589916256163,Meaningful G5 Contributor,Standout starter at the Group of 5 level; high-end depth in Power 4.,Potential Day 3 Pick,Multi-Year Starter,Consistent career presence; reliable rotational player or specialist.,nan,Multi-Year Starter,Consistent career presence; reliable rotational player or specialist.,nan,RB
201801416,Mataeo Durant,2018,RB,0.8371,69.1444,55.45697021484375,57.1814,57.1814,Meaningful G5 Contributor,Standout starter at the Group of 5 level; high-end depth in Power 4.,Potential Day 3 Pick,Multi-Year Starter,Consistent career presence; reliable rotational player or specialist.,nan,Multi-Year Starter,Consistent career presence; reliable rotational player or specialist.,nan,RB
201801449,Drake Anderson,2018,RB,0.8361,59.9957,52.60721969604492,50.7556919917861,50.7556919917861,Multi-Year Starter,Consistent career presence; reliable rotational player or specialist.,nan,Multi-Year Starter,Consistent career presence; reliable rotational player or specialist.,nan,Multi-Year Starter,Consistent career presence; reliable rotational player or specialist.,nan,RB
201801456,Realus George,2018,FB,0.8356,44.3115,52.21389389038086,50.08775905359724,50.08775905359724,Single Season Contributor,Late bloomer or one-year starter; limited career longevity.,nan,Multi-Year Starter,Consistent career presence; reliable rotational player or specialist.,nan,Multi-Year Starter,Consistent career presence; reliable rotational player or specialist.,nan,RB
201801464,Danny Smith,2018,RB,0.8355,39.9577,56.00672149658203,58.06334637950513,58.06334637950513,Partial Season Contributor,Rotational backup or special teams contributor; limited starts.,nan,Multi-Year Starter,Consistent career presence; reliable rotational player or specialist.,nan,Multi-Year Starter,Consistent career presence; reliable rotational player or specialist.,nan,RB
201801476,Javonte Williams,2018,RB,0.8344,69.3013,51.45595932006836,48.185660503243355,48.185660503243355,Meaningful G5 Contributor,Standout starter at the Group of 5 level; high-end depth in Power 4.,Potential Day 3 Pick,Multi-Year Starter,Consistent career presence; reliable rotational player or specialist.,nan,Single Season Contributor,Late bloomer or one-year starter; limited career longevity.,nan,RB
201801497,TaMerik Williams,2018,RB,0.8335,43.6446,55.14936828613281,56.8001039219006,56.8001039219006,Single Season Contributor,Late bloomer or one-year starter; limited career longevity.,nan,Multi-Year Starter,Consistent career presence; reliable rotational player or specialist.,nan,Multi-Year Starter,Consistent career presence; reliable rotational player or specialist.,nan,RB
201801527,Tyler Badie,2018,APB,0.8316,78.7297,52.13400650024414,49.98712212897756,49.98712212897756,Meaningful P4 Contributor,Reliable multi-year starter at the highest level of competition.,Potential Day 2 Pick,Multi-Year Starter,Consistent career presence; reliable rotational player or specialist.,nan,Single Season Contributor,Late bloomer or one-year starter; limited career longevity.,nan,RB
201801580,Donovan Marshall,2018,RB,0.8305,22.1836,47.0343017578125,36.87284216823171,36.87284216823171,Partial Season Contributor,Rotational backup or special teams contributor; limited starts.,nan,Single Season Contributor,Late bloomer or one-year starter; limited career longevity.,nan,Partial Season Contributor,Rotational backup or special teams contributor; limited starts.,nan,RB
201801592,Trilion Coles,2018,APB,0.8299,49.3388,55.354801177978516,57.054753677517034,57.054753677517034,Single Season Contributor,Late bloomer or one-year starter; limited career longevity.,nan,Multi-Year Starter,Consistent career presence; reliable rotational player or specialist.,nan,Multi-Year Starter,Consistent career presence; reliable rotational player or specialist.,nan,RB
201801625,Ra'veion Hargrove,2018,RB,0.8276,35.1563,49.819393157958984,44.30992698971551,44.30992698971551,Partial Season Contributor,Rotational backup or special teams contributor; limited starts.,nan,Single Season Contributor,Late bloomer or one-year starter; limited career longevity.,nan,Single Season Contributor,Late bloomer or one-year starter; limited career longevity.,nan,RB
201801637,Johnny Ford,2018,APB,0.8265,64.1027,53.396976470947266,52.73054309225673,52.73054309225673,Meaningful G5 Contributor,Standout starter at the Group of 5 level; high-end depth in Power 4.,Potential Day 3 Pick,Multi-Year Starter,Consistent career presence; reliable rotational player or specialist.,nan,Multi-Year Starter,Consistent career presence; reliable rotational player or specialist.,nan,RB
201801641,Dante Black,2018,RB,0.8265,40.7017,58.08940124511719,60.881126059450665,60.881126059450665,Single Season Contributor,Late bloomer or one-year starter; limited career longevity.,nan,Multi-Year Starter,Consistent career presence; reliable rotational player or specialist.,nan,Meaningful G5 Contributor,Standout starter at the Group of 5 level; high-end depth in Power 4.,Potential Day 3 Pick,RB
201801658,Lawrence Papillon,2018,RB,0.8261,42.5149,54.49332809448242,55.37438107749011,55.37438107749011,Single Season Contributor,Late bloomer or one-year starter; limited career longevity.,nan,Multi-Year Starter,Consistent career presence; reliable rotational player or specialist.,nan,Multi-Year Starter,Consistent career presence; reliable rotational player or specialist.,nan,RB
201801739,Jacob Doddridge,2018,FB,0.8215,23.9398,47.37641906738281,38.05732941545723,38.05732941545723,Partial Season Contributor,Rotational backup or special teams contributor; limited starts.,nan,Single Season Contributor,Late bloomer or one-year starter; limited career longevity.,nan,Partial Season Contributor,Rotational backup or special teams contributor; limited starts.,nan,RB
201801752,TK Wilkerson,2018,RB,0.8215,58.7543,56.336177825927734,58.605047814846465,58.605047814846465,Multi-Year Starter,Consistent career presence; reliable rotational player or specialist.,nan,Multi-Year Starter,Consistent career presence; reliable rotational player or specialist.,nan,Multi-Year Starter,Consistent career presence; reliable rotational player or specialist.,nan,RB
201801806,Naveon Mitchell,2018,APB,0.8199,38.6525,57.51515197753906,60.03315713424187,60.03315713424187,Partial Season Contributor,Rotational backup or special teams contributor; limited starts.,nan,Multi-Year Starter,Consistent career presence; reliable rotational player or specialist.,nan,Meaningful G5 Contributor,Standout starter at the Group of 5 level; high-end depth in Power 4.,Potential Day 3 Pick,RB
201801816,Troy Henderson,2018,APB,0.8199,42.5271,51.09213638305664,47.52434517488551,47.52434517488551,Single Season Contributor,Late bloomer or one-year starter; limited career longevity.,nan,Multi-Year Starter,Consistent career presence; reliable rotational player or specialist.,nan,Single Season Contributor,Late bloomer or one-year starter; limited career longevity.,nan,RB
201801822,Chris Smith,2018,RB,0.8198,66.195,56.35154724121094,58.63683335786616,58.63683335786616,Meaningful G5 Contributor,Standout starter at the Group of 5 level; high-end depth in Power 4.,Potential Day 3 Pick,Multi-Year Starter,Consistent career presence; reliable rotational player or specialist.,nan,Multi-Year Starter,Consistent career presence; reliable rotational player or specialist.,nan,RB
201801825,SaRodorick Thompson,2018,RB,0.8194,78.3941,52.29555130004883,50.1988819954887,50.1988819954887,Meaningful P4 Contributor,Reliable multi-year starter at the highest level of competition.,Potential Day 2 Pick,Multi-Year Starter,Consistent career presence; reliable rotational player or specialist.,nan,Multi-Year Starter,Consistent career presence; reliable rotational player or specialist.,nan,RB
201801851,Darrius Smith,2018,RB,0.8175,36.2427,56.71167755126953,59.10983662798076,59.10983662798076,Partial Season Contributor,Rotational backup or special teams contributor; limited starts.,nan,Multi-Year Starter,Consistent career presence; reliable rotational player or specialist.,nan,Multi-Year Starter,Consistent career presence; reliable rotational player or specialist.,nan,RB
201801888,Javian Dayne,2018,RB,0.816,24.5221,50.0558967590332,45.0110099932925,45.0110099932925,Partial Season Contributor,Rotational backup or special teams contributor; limited starts.,nan,Multi-Year Starter,Consistent career presence; reliable rotational player or specialist.,nan,Single Season Contributor,Late bloomer or one-year starter; limited career longevity.,nan,RB
201801903,Trivenskey Mosley,2018,RB,0.8154,40.9651,44.880672454833984,31.00910632328269,31.00910632328269,Single Season Contributor,Late bloomer or one-year starter; limited career longevity.,nan,Single Season Contributor,Late bloomer or one-year starter; limited career longevity.,nan,Partial Season Contributor,Rotational backup or special teams contributor; limited starts.,nan,RB
201801934,Onasis Neely,2018,RB,0.8154,30.583,51.56243133544922,48.40081228158787,48.40081228158787,Partial Season Contributor,Rotational backup or special teams contributor; limited starts.,nan,Multi-Year Starter,Consistent career presence; reliable rotational player or specialist.,nan,Single Season Contributor,Late bloomer or one-year starter; limited career longevity.,nan,RB
201801970,Gino Appleberry,2018,RB,0.8115,39.93,51.748233795166016,49.020044293492,49.020044293492,Partial Season Contributor,Rotational backup or special teams contributor; limited starts.,nan,Multi-Year Starter,Consistent career presence; reliable rotational player or specialist.,nan,Single Season Contributor,Late bloomer or one-year starter; limited career longevity.,nan,RB
201802027,Juma Otoviano,2018,RB,0.8098,56.9167,51.66736602783203,48.71484264621519,48.71484264621519,Multi-Year Starter,Consistent career presence; reliable rotational player or specialist.,nan,Multi-Year Starter,Consistent career presence; reliable rotational player or specialist.,nan,Single Season Contributor,Late bloomer or one-year starter; limited career longevity.,nan,RB
201802065,Simi Bakare,2018,RB,0.8088,48.1274,49.58066177368164,43.774899664224144,43.774899664224144,Single Season Contributor,Late bloomer or one-year starter; limited career longevity.,nan,Single Season Contributor,Late bloomer or one-year starter; limited career longevity.,nan,Single Season Contributor,Late bloomer or one-year starter; limited career longevity.,nan,RB
201802086,Christian Malloy,2018,RB,0.8065,40.2181,52.51628112792969,50.58167418113764,50.58167418113764,Single Season Contributor,Late bloomer or one-year starter; limited career longevity.,nan,Multi-Year Starter,Consistent career presence; reliable rotational player or specialist.,nan,Multi-Year Starter,Consistent career presence; reliable rotational player or specialist.,nan,RB
201802113,Carlos Davis,2018,RB,0.8064,56.4169,52.693302154541016,50.96031196274537,50.96031196274537,Multi-Year Starter,Consistent career presence; reliable rotational player or specialist.,nan,Multi-Year Starter,Consistent career presence; reliable rotational player or specialist.,nan,Multi-Year Starter,Consistent career presence; reliable rotational player or specialist.,nan,RB
201802163,Dylan McDuffie,2018,RB,0.8054,62.7405,49.90022659301758,44.49796180700037,44.49796180700037,Meaningful G5 Contributor,Standout starter at the Group of 5 level; high-end depth in Power 4.,Potential Day 3 Pick,Single Season Contributor,Late bloomer or one-year starter; limited career longevity.,nan,Single Season Contributor,Late bloomer or one-year starter; limited career longevity.,nan,RB
201802166,Jakari Norwood,2018,RB,0.8051,49.1945,53.34425354003906,52.58275807084774,52.58275807084774,Single Season Contributor,Late bloomer or one-year starter; limited career longevity.,nan,Multi-Year Starter,Consistent career presence; reliable rotational player or specialist.,nan,Multi-Year Starter,Consistent career presence; reliable rotational player or specialist.,nan,RB
201802180,Chad Magyar,2018,RB,0.8032,50.2126,51.26829147338867,47.971434752695025,47.971434752695025,Multi-Year Starter,Consistent career presence; reliable rotational player or specialist.,nan,Multi-Year Starter,Consistent career presence; reliable rotational player or specialist.,nan,Single Season Contributor,Late bloomer or one-year starter; limited career longevity.,nan,RB
201802198,Cameron Fleming,2018,APB,0.8014,37.1803,47.96725845336914,39.65097644825899,39.65097644825899,Partial Season Contributor,Rotational backup or special teams contributor; limited starts.,nan,Single Season Contributor,Late bloomer or one-year starter; limited career longevity.,nan,Partial Season Contributor,Rotational backup or special teams contributor; limited starts.,nan,RB
201802204,Dawson Hill,2018,RB,0.8014,26.4287,51.89154815673828,49.34092665067627,49.34092665067627,Partial Season Contributor,Rotational backup or special teams contributor; limited starts.,nan,Multi-Year Starter,Consistent career presence; reliable rotational player or specialist.,nan,Single Season Contributor,Late bloomer or one-year starter; limited career longevity.,nan,RB
201802253,Jared Wilson,2018,RB,0.8004,50.0996,52.020694732666016,49.72759403954408,49.72759403954408,Multi-Year Starter,Consistent career presence; reliable rotational player or specialist.,nan,Multi-Year Starter,Consistent career presence; reliable rotational player or specialist.,nan,Single Season Contributor,Late bloomer or one-year starter; limited career longevity.,nan,RB
201802271,Kairee Robinson,2018,RB,0.7998,66.763,50.91726303100586,47.04332970365002,47.04332970365002,Meaningful G5 Contributor,Standout starter at the Group of 5 level; high-end depth in Power 4.,Potential Day 3 Pick,Multi-Year Starter,Consistent career presence; reliable rotational player or specialist.,nan,Single Season Contributor,Late bloomer or one-year starter; limited career longevity.,nan,RB
201802426,Devonte Lee,2018,RB,0.7943,61.2088,53.438232421875,52.84618559327246,52.84618559327246,Meaningful G5 Contributor,Standout starter at the Group of 5 level; high-end depth in Power 4.,Potential Day 3 Pick,Multi-Year Starter,Consistent career presence; reliable rotational player or specialist.,nan,Multi-Year Starter,Consistent career presence; reliable rotational player or specialist.,nan,RB
201802449,Seth Paige,2018,RB,0.7914,56.791,49.036991119384766,41.910178511053026,41.910178511053026,Multi-Year Starter,Consistent career presence; reliable rotational player or specialist.,nan,Single Season Contributor,Late bloomer or one-year starter; limited career longevity.,nan,Single Season Contributor,Late bloomer or one-year starter; limited career longevity.,nan,RB
201802550,Cameron Carroll,2018,RB,0.7898,64.1532,48.55919647216797,40.804597507361606,40.804597507361606,Meaningful G5 Contributor,Standout starter at the Group of 5 level; high-end depth in Power 4.,Potential Day 3 Pick,Single Season Contributor,Late bloomer or one-year starter; limited career longevity.,nan,Single Season Contributor,Late bloomer or one-year starter; limited career longevity.,nan,RB
201802617,Keegan Jones,2018,APB,0.7882,50.3563,52.7985725402832,51.21404535710039,51.21404535710039,Multi-Year Starter,Consistent career presence; reliable rotational player or specialist.,nan,Multi-Year Starter,Consistent career presence; reliable rotational player or specialist.,nan,Multi-Year Starter,Consistent career presence; reliable rotational player or specialist.,nan,RB
201802671,Marcel Murray,2018,RB,0.7853,63.3976,45.754947662353516,33.48551861760849,33.48551861760849,Meaningful G5 Contributor,Standout starter at the Group of 5 level; high-end depth in Power 4.,Potential Day 3 Pick,Single Season Contributor,Late bloomer or one-year starter; limited career longevity.,nan,Partial Season Contributor,Rotational backup or special teams contributor; limited starts.,nan,RB
201802752,Tye Evans,2018,RB,0.7802,46.6415,42.59587478637695,25.99829877014789,25.99829877014789,Single Season Contributor,Late bloomer or one-year starter; limited career longevity.,nan,Single Season Contributor,Late bloomer or one-year starter; limited career longevity.,nan,Partial Season Contributor,Rotational backup or special teams contributor; limited starts.,nan,RB
201802754,William Knight,2018,RB,0.7802,21.2479,54.47633743286133,55.34529129634199,55.34529129634199,Partial Season Contributor,Rotational backup or special teams contributor; limited starts.,nan,Multi-Year Starter,Consistent career presence; reliable rotational player or specialist.,nan,Multi-Year Starter,Consistent career presence; reliable rotational player or specialist.,nan,RB
201802846,Devanier Floyd,2018,RB,0.7798,14.5718,47.536582946777344,38.464872216260474,38.464872216260474,Minimal D1 Impact,Roster filler; medical DQ; or transferred to lower levels.,nan,Single Season Contributor,Late bloomer or one-year starter; limited career longevity.,nan,Partial Season Contributor,Rotational backup or special teams contributor; limited starts.,nan,RB
201802938,DeAndre Marcus,2018,RB,0.7742,44.1976,48.249351501464844,40.03236241145615,40.03236241145615,Single Season Contributor,Late bloomer or one-year starter; limited career longevity.,nan,Single Season Contributor,Late bloomer or one-year starter; limited career longevity.,nan,Single Season Contributor,Late bloomer or one-year starter; limited career longevity.,nan,RB
201803036,Craig Elmore,2018,RB,0.7698,37.9815,56.33008575439453,58.59244877979994,58.59244877979994,Partial Season Contributor,Rotational backup or special teams contributor; limited starts.,nan,Multi-Year Starter,Consistent career presence; reliable rotational player or specialist.,nan,Multi-Year Starter,Consistent career presence; reliable rotational player or specialist.,nan,RB
201803212,Jevon Bigelow,2018,RB,0.7631,42.6967,61.24934387207031,66.22218991123599,66.22218991123599,Single Season Contributor,Late bloomer or one-year starter; limited career longevity.,nan,Meaningful G5 Contributor,Standout starter at the Group of 5 level; high-end depth in Power 4.,Potential Day 3 Pick,Meaningful G5 Contributor,Standout starter at the Group of 5 level; high-end depth in Power 4.,Potential Day 3 Pick,RB
201803265,Enoch Nawahine,2018,RB,0.7597,39.9438,62.72098922729492,69.12373913259584,69.12373913259584,Partial Season Contributor,Rotational backup or special teams contributor; limited starts.,nan,Meaningful G5 Contributor,Standout starter at the Group of 5 level; high-end depth in Power 4.,Potential Day 3 Pick,Meaningful G5 Contributor,Standout starter at the Group of 5 level; high-end depth in Power 4.,Potential Day 3 Pick,RB
201803347,Isaiah Phillips,2018,RB,0.7597,50.6642,54.33210754394531,55.098354714521285,55.098354714521285,Multi-Year Starter,Consistent career presence; reliable rotational player or specialist.,nan,Multi-Year Starter,Consistent career presence; reliable rotational player or specialist.,nan,Multi-Year Starter,Consistent career presence; reliable rotational player or specialist.,nan,RB
201803658,Tyler Allgeier,2018,RB,0.7397,70.2412,29.03287124633789,9.800290452477261,9.800290452477261,Meaningful P4 Contributor,Reliable multi-year starter at the highest level of competition.,Potential Day 2 Pick,Partial Season Contributor,Rotational backup or special teams contributor; limited starts.,nan,Minimal D1 Impact,Roster filler; medical DQ; or transferred to lower levels.,nan,RB
201803685,Camerun Peoples,2018,RB,0.7297,65.298,63.12482452392578,69.83908708240988,69.83908708240988,Meaningful G5 Contributor,Standout starter at the Group of 5 level; high-end depth in Power 4.,Potential Day 3 Pick,Meaningful G5 Contributor,Standout starter at the Group of 5 level; high-end depth in Power 4.,Potential Day 3 Pick,Meaningful G5 Contributor,Standout starter at the Group of 5 level; high-end depth in Power 4.,Potential Day 3 Pick,RB
201900006,Trey Sanders,2019,RB,0.9963,52.5606,73.14418029785156,85.68181872004025,85.68181872004025,Multi-Year Starter,Consistent career presence; reliable rotational player or specialist.,nan,Meaningful P4 Contributor,Reliable multi-year starter at the highest level of competition.,Potential Day 2 Pick,Elite Power 4,All-Conference/All-American honors.,First round NFL Draft talent,RB
201900013,John Emery Jr.,2019,RB,0.9929,66.1752,54.03744888305664,54.60807710818966,54.60807710818966,Meaningful G5 Contributor,Standout starter at the Group of 5 level; high-end depth in Power 4.,Potential Day 3 Pick,Multi-Year Starter,Consistent career presence; reliable rotational player or specialist.,nan,Multi-Year Starter,Consistent career presence; reliable rotational player or specialist.,nan,RB
201900029,Jerrion Ealy,2019,RB,0.987,74.2412,64.68653106689453,72.243282034793,72.243282034793,Meaningful P4 Contributor,Reliable multi-year starter at the highest level of competition.,Potential Day 2 Pick,Meaningful G5 Contributor,Standout starter at the Group of 5 level; high-end depth in Power 4.,Potential Day 3 Pick,Meaningful P4 Contributor,Reliable multi-year starter at the highest level of competition.,Potential Day 2 Pick,RB
201900046,Zach Charbonnet,2019,RB,0.976,78.5598,67.78067779541016,76.6427300298162,76.6427300298162,Meaningful P4 Contributor,Reliable multi-year starter at the highest level of competition.,Potential Day 2 Pick,Meaningful G5 Contributor,Standout starter at the Group of 5 level; high-end depth in Power 4.,Potential Day 3 Pick,Meaningful P4 Contributor,Reliable multi-year starter at the highest level of competition.,Potential Day 2 Pick,RB
201900079,Devyn Ford,2019,RB,0.9643,54.7769,66.2862548828125,74.09304992471738,74.09304992471738,Multi-Year Starter,Consistent career presence; reliable rotational player or specialist.,nan,Meaningful G5 Contributor,Standout starter at the Group of 5 level; high-end depth in Power 4.,Potential Day 3 Pick,Meaningful P4 Contributor,Reliable multi-year starter at the highest level of competition.,Potential Day 2 Pick,RB
201900098,Noah Cain,2019,RB,0.9568,75.6007,50.560359954833984,46.229618428047004,46.229618428047004,Meaningful P4 Contributor,Reliable multi-year starter at the highest level of competition.,Potential Day 2 Pick,Multi-Year Starter,Consistent career presence; reliable rotational player or specialist.,nan,Single Season Contributor,Late bloomer or one-year starter; limited career longevity.,nan,RB
201900119,Austin Jones,2019,RB,0.9471,79.9567,63.444889068603516,70.48819583155058,70.48819583155058,Meaningful P4 Contributor,Reliable multi-year starter at the highest level of competition.,Potential Day 2 Pick,Meaningful G5 Contributor,Standout starter at the Group of 5 level; high-end depth in Power 4.,Potential Day 3 Pick,Meaningful P4 Contributor,Reliable multi-year starter at the highest level of competition.,Potential Day 2 Pick,RB
201900139,Tyrion Davis-Price,2019,RB,0.9398,66.7838,66.53185272216797,74.52639294295068,74.52639294295068,Meaningful G5 Contributor,Standout starter at the Group of 5 level; high-end depth in Power 4.,Potential Day 3 Pick,Meaningful G5 Contributor,Standout starter at the Group of 5 level; high-end depth in Power 4.,Potential Day 3 Pick,Meaningful P4 Contributor,Reliable multi-year starter at the highest level of competition.,Potential Day 2 Pick,RB
201900144,Sean Dollars,2019,APB,0.9387,57.437,65.4113540649414,73.0325918708921,73.0325918708921,Multi-Year Starter,Consistent career presence; reliable rotational player or specialist.,nan,Meaningful G5 Contributor,Standout starter at the Group of 5 level; high-end depth in Power 4.,Potential Day 3 Pick,Meaningful P4 Contributor,Reliable multi-year starter at the highest level of competition.,Potential Day 2 Pick,RB
201900152,Isaiah Spiller,2019,RB,0.9351,76.6032,62.498390197753906,68.92133567355258,68.92133567355258,Meaningful P4 Contributor,Reliable multi-year starter at the highest level of competition.,Potential Day 2 Pick,Meaningful G5 Contributor,Standout starter at the Group of 5 level; high-end depth in Power 4.,Potential Day 3 Pick,Meaningful G5 Contributor,Standout starter at the Group of 5 level; high-end depth in Power 4.,Potential Day 3 Pick,RB
201900182,Sampson James,2019,RB,0.9255,52.6541,66.37677001953125,74.25275858764552,74.25275858764552,Multi-Year Starter,Consistent career presence; reliable rotational player or specialist.,nan,Meaningful G5 Contributor,Standout starter at the Group of 5 level; high-end depth in Power 4.,Potential Day 3 Pick,Meaningful P4 Contributor,Reliable multi-year starter at the highest level of competition.,Potential Day 2 Pick,RB
201900185,Eric Gray,2019,APB,0.9243,80.499,68.53518676757812,78.42088293406223,78.42088293406223,Elite Power 4,All-Conference/All-American honors.,First round NFL Draft talent,Meaningful G5 Contributor,Standout starter at the Group of 5 level; high-end depth in Power 4.,Potential Day 3 Pick,Meaningful P4 Contributor,Reliable multi-year starter at the highest level of competition.,Potential Day 2 Pick,RB
201900188,Kenny McIntosh,2019,RB,0.9233,76.7308,60.667240142822266,64.98977203933576,64.98977203933576,Meaningful P4 Contributor,Reliable multi-year starter at the highest level of competition.,Potential Day 2 Pick,Meaningful G5 Contributor,Standout starter at the Group of 5 level; high-end depth in Power 4.,Potential Day 3 Pick,Meaningful G5 Contributor,Standout starter at the Group of 5 level; high-end depth in Power 4.,Potential Day 3 Pick,RB
201900250,Chez Mellusi,2019,RB,0.9105,71.8898,58.996559143066406,62.49137565077692,62.49137565077692,Meaningful P4 Contributor,Reliable multi-year starter at the highest level of competition.,Potential Day 2 Pick,Multi-Year Starter,Consistent career presence; reliable rotational player or specialist.,nan,Meaningful G5 Contributor,Standout starter at the Group of 5 level; high-end depth in Power 4.,Potential Day 3 Pick,RB
201900252,Nay'Quan Wright,2019,RB,0.9103,71.5151,62.352508544921875,68.81142311370394,68.81142311370394,Meaningful P4 Contributor,Reliable multi-year starter at the highest level of competition.,Potential Day 2 Pick,Meaningful G5 Contributor,Standout starter at the Group of 5 level; high-end depth in Power 4.,Potential Day 3 Pick,Meaningful G5 Contributor,Standout starter at the Group of 5 level; high-end depth in Power 4.,Potential Day 3 Pick,RB
201900255,Keilan Robinson,2019,RB,0.9094,65.0428,42.66808319091797,26.137562165158055,26.137562165158055,Meaningful G5 Contributor,Standout starter at the Group of 5 level; high-end depth in Power 4.,Potential Day 3 Pick,Single Season Contributor,Late bloomer or one-year starter; limited career longevity.,nan,Partial Season Contributor,Rotational backup or special teams contributor; limited starts.,nan,RB
201900261,Jirehl Brock,2019,RB,0.9085,59.0143,61.084068298339844,65.8447156055843,65.8447156055843,Multi-Year Starter,Consistent career presence; reliable rotational player or specialist.,nan,Meaningful G5 Contributor,Standout starter at the Group of 5 level; high-end depth in Power 4.,Potential Day 3 Pick,Meaningful G5 Contributor,Standout starter at the Group of 5 level; high-end depth in Power 4.,Potential Day 3 Pick,RB
201900267,Daimarqua Foster,2019,RB,0.9075,53.6373,60.796356201171875,65.34418984839863,65.34418984839863,Multi-Year Starter,Consistent career presence; reliable rotational player or specialist.,nan,Meaningful G5 Contributor,Standout starter at the Group of 5 level; high-end depth in Power 4.,Potential Day 3 Pick,Meaningful G5 Contributor,Standout starter at the Group of 5 level; high-end depth in Power 4.,Potential Day 3 Pick,RB
201900279,Cam Davis,2019,RB,0.9058,66.0376,64.28056335449219,71.7746677495746,71.7746677495746,Meaningful G5 Contributor,Standout starter at the Group of 5 level; high-end depth in Power 4.,Potential Day 3 Pick,Meaningful G5 Contributor,Standout starter at the Group of 5 level; high-end depth in Power 4.,Potential Day 3 Pick,Meaningful P4 Contributor,Reliable multi-year starter at the highest level of competition.,Potential Day 2 Pick,RB
201900304,Marcus Major,2019,RB,0.9025,67.122,60.689910888671875,65.05195964784993,65.05195964784993,Meaningful G5 Contributor,Standout starter at the Group of 5 level; high-end depth in Power 4.,Potential Day 3 Pick,Meaningful G5 Contributor,Standout starter at the Group of 5 level; high-end depth in Power 4.,Potential Day 3 Pick,Meaningful G5 Contributor,Standout starter at the Group of 5 level; high-end depth in Power 4.,Potential Day 3 Pick,RB
201900329,Breece Hall,2019,RB,0.8991,86.76,64.882080078125,72.46795563520712,72.46795563520712,Elite Power 4,All-Conference/All-American honors.,First round NFL Draft talent,Meaningful G5 Contributor,Standout starter at the Group of 5 level; high-end depth in Power 4.,Potential Day 3 Pick,Meaningful P4 Contributor,Reliable multi-year starter at the highest level of competition.,Potential Day 2 Pick,RB
201900340,D.J. Williams,2019,RB,0.8975,67.9225,62.011131286621094,67.82864634665908,67.82864634665908,Meaningful G5 Contributor,Standout starter at the Group of 5 level; high-end depth in Power 4.,Potential Day 3 Pick,Meaningful G5 Contributor,Standout starter at the Group of 5 level; high-end depth in Power 4.,Potential Day 3 Pick,Meaningful G5 Contributor,Standout starter at the Group of 5 level; high-end depth in Power 4.,Potential Day 3 Pick,RB
201900356,Jordan Wilmore,2019,APB,0.8961,50.0072,62.03696823120117,67.90099168147938,67.90099168147938,Multi-Year Starter,Consistent career presence; reliable rotational player or specialist.,nan,Meaningful G5 Contributor,Standout starter at the Group of 5 level; high-end depth in Power 4.,Potential Day 3 Pick,Meaningful G5 Contributor,Standout starter at the Group of 5 level; high-end depth in Power 4.,Potential Day 3 Pick,RB
201900360,Kyren Williams,2019,RB,0.8959,72.1368,52.58777618408203,50.71848536479356,50.71848536479356,Meaningful P4 Contributor,Reliable multi-year starter at the highest level of competition.,Potential Day 2 Pick,Multi-Year Starter,Consistent career presence; reliable rotational player or specialist.,nan,Multi-Year Starter,Consistent career presence; reliable rotational player or specialist.,nan,RB
201900363,Marcus Crowley,2019,RB,0.8956,54.8416,58.517303466796875,61.42763630111254,61.42763630111254,Multi-Year Starter,Consistent career presence; reliable rotational player or specialist.,nan,Multi-Year Starter,Consistent career presence; reliable rotational player or specialist.,nan,Meaningful G5 Contributor,Standout starter at the Group of 5 level; high-end depth in Power 4.,Potential Day 3 Pick,RB
201900364,Zonovan Knight,2019,RB,0.8956,65.6718,60.53224563598633,64.73908227648415,64.73908227648415,Meaningful G5 Contributor,Standout starter at the Group of 5 level; high-end depth in Power 4.,Potential Day 3 Pick,Meaningful G5 Contributor,Standout starter at the Group of 5 level; high-end depth in Power 4.,Potential Day 3 Pick,Meaningful G5 Contributor,Standout starter at the Group of 5 level; high-end depth in Power 4.,Potential Day 3 Pick,RB
201900385,Patrick Garwo III,2019,RB,0.8933,66.5366,65.82918548583984,73.48133070208874,73.48133070208874,Meaningful G5 Contributor,Standout starter at the Group of 5 level; high-end depth in Power 4.,Potential Day 3 Pick,Meaningful G5 Contributor,Standout starter at the Group of 5 level; high-end depth in Power 4.,Potential Day 3 Pick,Meaningful P4 Contributor,Reliable multi-year starter at the highest level of competition.,Potential Day 2 Pick,RB
201900395,Kenan Christon,2019,RB,0.8926,58.6193,59.546287536621094,63.33307095649331,63.33307095649331,Multi-Year Starter,Consistent career presence; reliable rotational player or specialist.,nan,Multi-Year Starter,Consistent career presence; reliable rotational player or specialist.,nan,Meaningful G5 Contributor,Standout starter at the Group of 5 level; high-end depth in Power 4.,Potential Day 3 Pick,RB
201900424,Darwin Barlow,2019,RB,0.89,59.8138,59.00598907470703,62.51394818559067,62.51394818559067,Multi-Year Starter,Consistent career presence; reliable rotational player or specialist.,nan,Multi-Year Starter,Consistent career presence; reliable rotational player or specialist.,nan,Meaningful G5 Contributor,Standout starter at the Group of 5 level; high-end depth in Power 4.,Potential Day 3 Pick,RB
201900428,Rahmir Johnson,2019,RB,0.89,64.4088,62.76272201538086,69.1950046062258,69.1950046062258,Meaningful G5 Contributor,Standout starter at the Group of 5 level; high-end depth in Power 4.,Potential Day 3 Pick,Meaningful G5 Contributor,Standout starter at the Group of 5 level; high-end depth in Power 4.,Potential Day 3 Pick,Meaningful G5 Contributor,Standout starter at the Group of 5 level; high-end depth in Power 4.,Potential Day 3 Pick,RB
201900494,Qualan Jones,2019,RB,0.8856,61.0147,57.40979766845703,59.903546637243174,59.903546637243174,Meaningful G5 Contributor,Standout starter at the Group of 5 level; high-end depth in Power 4.,Potential Day 3 Pick,Multi-Year Starter,Consistent career presence; reliable rotational player or specialist.,nan,Multi-Year Starter,Consistent career presence; reliable rotational player or specialist.,nan,RB
201900505,George Holani,2019,RB,0.8852,71.3172,60.555152893066406,64.78162189516631,64.78162189516631,Meaningful P4 Contributor,Reliable multi-year starter at the highest level of competition.,Potential Day 2 Pick,Meaningful G5 Contributor,Standout starter at the Group of 5 level; high-end depth in Power 4.,Potential Day 3 Pick,Meaningful G5 Contributor,Standout starter at the Group of 5 level; high-end depth in Power 4.,Potential Day 3 Pick,RB
201900560,King Doerue,2019,RB,0.8804,64.0188,61.422611236572266,66.54709816513596,66.54709816513596,Meaningful G5 Contributor,Standout starter at the Group of 5 level; high-end depth in Power 4.,Potential Day 3 Pick,Meaningful G5 Contributor,Standout starter at the Group of 5 level; high-end depth in Power 4.,Potential Day 3 Pick,Meaningful G5 Contributor,Standout starter at the Group of 5 level; high-end depth in Power 4.,Potential Day 3 Pick,RB
201900586,Josh Henderson,2019,RB,0.8789,60.9322,68.33954620361328,77.9543645740845,77.9543645740845,Meaningful G5 Contributor,Standout starter at the Group of 5 level; high-end depth in Power 4.,Potential Day 3 Pick,Meaningful G5 Contributor,Standout starter at the Group of 5 level; high-end depth in Power 4.,Potential Day 3 Pick,Meaningful P4 Contributor,Reliable multi-year starter at the highest level of competition.,Potential Day 2 Pick,RB
201900613,Daniel Carter,2019,RB,0.877,53.4164,53.27486801147461,52.35972293743818,52.35972293743818,Multi-Year Starter,Consistent career presence; reliable rotational player or specialist.,nan,Multi-Year Starter,Consistent career presence; reliable rotational player or specialist.,nan,Multi-Year Starter,Consistent career presence; reliable rotational player or specialist.,nan,RB
201900615,Aaron Young,2019,RB,0.877,73.836,61.827735900878906,67.43429830244105,67.43429830244105,Meaningful P4 Contributor,Reliable multi-year starter at the highest level of competition.,Potential Day 2 Pick,Meaningful G5 Contributor,Standout starter at the Group of 5 level; high-end depth in Power 4.,Potential Day 3 Pick,Meaningful G5 Contributor,Standout starter at the Group of 5 level; high-end depth in Power 4.,Potential Day 3 Pick,RB
201900617,Travis Tisdale,2019,RB,0.8763,42.8172,61.706016540527344,67.2198597353932,67.2198597353932,Single Season Contributor,Late bloomer or one-year starter; limited career longevity.,nan,Meaningful G5 Contributor,Standout starter at the Group of 5 level; high-end depth in Power 4.,Potential Day 3 Pick,Meaningful G5 Contributor,Standout starter at the Group of 5 level; high-end depth in Power 4.,Potential Day 3 Pick,RB
201900668,Nathaniel Peat,2019,APB,0.8741,68.7624,48.844783782958984,41.29384388928545,41.29384388928545,Meaningful G5 Contributor,Standout starter at the Group of 5 level; high-end depth in Power 4.,Potential Day 3 Pick,Single Season Contributor,Late bloomer or one-year starter; limited career longevity.,nan,Single Season Contributor,Late bloomer or one-year starter; limited career longevity.,nan,RB
201900670,Tyler Goodson,2019,RB,0.8741,69.434,64.40892028808594,71.9228985974221,71.9228985974221,Meaningful G5 Contributor,Standout starter at the Group of 5 level; high-end depth in Power 4.,Potential Day 3 Pick,Meaningful G5 Contributor,Standout starter at the Group of 5 level; high-end depth in Power 4.,Potential Day 3 Pick,Meaningful P4 Contributor,Reliable multi-year starter at the highest level of competition.,Potential Day 2 Pick,RB
201900687,Seneca Milledge,2019,APB,0.873,30.7588,70.5955810546875,80.5076766963943,80.5076766963943,Partial Season Contributor,Rotational backup or special teams contributor; limited starts.,nan,Meaningful P4 Contributor,Reliable multi-year starter at the highest level of competition.,Potential Day 2 Pick,Elite Power 4,All-Conference/All-American honors.,First round NFL Draft talent,RB
201900699,Kevin Harris,2019,RB,0.8726,73.3258,53.54018020629883,53.14381658339361,53.14381658339361,Meaningful P4 Contributor,Reliable multi-year starter at the highest level of competition.,Potential Day 2 Pick,Multi-Year Starter,Consistent career presence; reliable rotational player or specialist.,nan,Multi-Year Starter,Consistent career presence; reliable rotational player or specialist.,nan,RB
201900730,Kay'ron Lynch-Adams,2019,RB,0.8707,72.0655,54.32587814331055,55.08768933225481,55.08768933225481,Meaningful P4 Contributor,Reliable multi-year starter at the highest level of competition.,Potential Day 2 Pick,Multi-Year Starter,Consistent career presence; reliable rotational player or specialist.,nan,Multi-Year Starter,Consistent career presence; reliable rotational player or specialist.,nan,RB
201900772,A'Montae Spivey,2019,RB,0.8693,39.3964,66.09091186523438,73.80014784226127,73.80014784226127,Partial Season Contributor,Rotational backup or special teams contributor; limited starts.,nan,Meaningful G5 Contributor,Standout starter at the Group of 5 level; high-end depth in Power 4.,Potential Day 3 Pick,Meaningful P4 Contributor,Reliable multi-year starter at the highest level of competition.,Potential Day 2 Pick,RB
201900802,Tahj Gary,2019,RB,0.8674,39.116,52.71615219116211,51.019899900840116,51.019899900840116,Partial Season Contributor,Rotational backup or special teams contributor; limited starts.,nan,Multi-Year Starter,Consistent career presence; reliable rotational player or specialist.,nan,Multi-Year Starter,Consistent career presence; reliable rotational player or specialist.,nan,RB
201900806,Anthony Williams Jr.,2019,RB,0.8674,50.2434,56.926429748535156,59.274259027962096,59.274259027962096,Multi-Year Starter,Consistent career presence; reliable rotational player or specialist.,nan,Multi-Year Starter,Consistent career presence; reliable rotational player or specialist.,nan,Multi-Year Starter,Consistent career presence; reliable rotational player or specialist.,nan,RB
201900827,Brandon Wright,2019,RB,0.8663,45.5166,55.231285095214844,56.901646061653395,56.901646061653395,Single Season Contributor,Late bloomer or one-year starter; limited career longevity.,nan,Multi-Year Starter,Consistent career presence; reliable rotational player or specialist.,nan,Multi-Year Starter,Consistent career presence; reliable rotational player or specialist.,nan,RB
201900829,Mike Hollins,2019,RB,0.8663,61.9058,55.91339874267578,57.81526085961105,57.81526085961105,Meaningful G5 Contributor,Standout starter at the Group of 5 level; high-end depth in Power 4.,Potential Day 3 Pick,Multi-Year Starter,Consistent career presence; reliable rotational player or specialist.,nan,Multi-Year Starter,Consistent career presence; reliable rotational player or specialist.,nan,RB
201900857,Vincent Davis,2019,RB,0.8648,72.2087,54.73231506347656,55.78015499915229,55.78015499915229,Meaningful P4 Contributor,Reliable multi-year starter at the highest level of competition.,Potential Day 2 Pick,Multi-Year Starter,Consistent career presence; reliable rotational player or specialist.,nan,Multi-Year Starter,Consistent career presence; reliable rotational player or specialist.,nan,RB
201900861,Micah Bernard,2019,RB,0.8644,68.2505,57.36027908325195,59.841223029352804,59.841223029352804,Meaningful G5 Contributor,Standout starter at the Group of 5 level; high-end depth in Power 4.,Potential Day 3 Pick,Multi-Year Starter,Consistent career presence; reliable rotational player or specialist.,nan,Multi-Year Starter,Consistent career presence; reliable rotational player or specialist.,nan,RB
201900904,Micah Kelly,2019,RB,0.8622,53.0917,61.329551696777344,66.37259437054999,66.37259437054999,Multi-Year Starter,Consistent career presence; reliable rotational player or specialist.,nan,Meaningful G5 Contributor,Standout starter at the Group of 5 level; high-end depth in Power 4.,Potential Day 3 Pick,Meaningful G5 Contributor,Standout starter at the Group of 5 level; high-end depth in Power 4.,Potential Day 3 Pick,RB
201900910,Aidan Robbins,2019,RB,0.8622,61.4474,47.30665969848633,37.84856313870247,37.84856313870247,Meaningful G5 Contributor,Standout starter at the Group of 5 level; high-end depth in Power 4.,Potential Day 3 Pick,Single Season Contributor,Late bloomer or one-year starter; limited career longevity.,nan,Partial Season Contributor,Rotational backup or special teams contributor; limited starts.,nan,RB
201900927,Michel Dukes,2019,RB,0.8611,61.5608,59.09528732299805,62.69590374946112,62.69590374946112,Meaningful G5 Contributor,Standout starter at the Group of 5 level; high-end depth in Power 4.,Potential Day 3 Pick,Multi-Year Starter,Consistent career presence; reliable rotational player or specialist.,nan,Meaningful G5 Contributor,Standout starter at the Group of 5 level; high-end depth in Power 4.,Potential Day 3 Pick,RB
201900939,Tony Mathis Jr.,2019,RB,0.8607,61.4333,58.19892120361328,60.962889994012464,60.962889994012464,Meaningful G5 Contributor,Standout starter at the Group of 5 level; high-end depth in Power 4.,Potential Day 3 Pick,Multi-Year Starter,Consistent career presence; reliable rotational player or specialist.,nan,Meaningful G5 Contributor,Standout starter at the Group of 5 level; high-end depth in Power 4.,Potential Day 3 Pick,RB
201900957,Deion Hankins,2019,RB,0.86,62.2581,62.15341567993164,68.22705305616184,68.22705305616184,Meaningful G5 Contributor,Standout starter at the Group of 5 level; high-end depth in Power 4.,Potential Day 3 Pick,Meaningful G5 Contributor,Standout starter at the Group of 5 level; high-end depth in Power 4.,Potential Day 3 Pick,Meaningful G5 Contributor,Standout starter at the Group of 5 level; high-end depth in Power 4.,Potential Day 3 Pick,RB
201900984,Snoop Conner,2019,RB,0.8585,70.9967,58.82169723510742,62.086111434496225,62.086111434496225,Meaningful P4 Contributor,Reliable multi-year starter at the highest level of competition.,Potential Day 2 Pick,Multi-Year Starter,Consistent career presence; reliable rotational player or specialist.,nan,Meaningful G5 Contributor,Standout starter at the Group of 5 level; high-end depth in Power 4.,Potential Day 3 Pick,RB
201900987,Lexington Joseph,2019,RB,0.8585,50.4076,60.76116943359375,65.24758967029294,65.24758967029294,Multi-Year Starter,Consistent career presence; reliable rotational player or specialist.,nan,Meaningful G5 Contributor,Standout starter at the Group of 5 level; high-end depth in Power 4.,Potential Day 3 Pick,Meaningful G5 Contributor,Standout starter at the Group of 5 level; high-end depth in Power 4.,Potential Day 3 Pick,RB
201900997,Jouvensly Bazil,2019,APB,0.8578,29.7801,54.42165756225586,55.25167366657612,55.25167366657612,Partial Season Contributor,Rotational backup or special teams contributor; limited starts.,nan,Multi-Year Starter,Consistent career presence; reliable rotational player or specialist.,nan,Multi-Year Starter,Consistent career presence; reliable rotational player or specialist.,nan,RB
201901012,Peter Hayes-Patrick,2019,RB,0.8574,32.1875,53.14225769042969,52.016857960980076,52.016857960980076,Partial Season Contributor,Rotational backup or special teams contributor; limited starts.,nan,Multi-Year Starter,Consistent career presence; reliable rotational player or specialist.,nan,Multi-Year Starter,Consistent career presence; reliable rotational player or specialist.,nan,RB
201901023,Joachim Bangda,2019,RB,0.857,49.7915,45.9006462097168,34.030200843209414,34.030200843209414,Single Season Contributor,Late bloomer or one-year starter; limited career longevity.,nan,Single Season Contributor,Late bloomer or one-year starter; limited career longevity.,nan,Partial Season Contributor,Rotational backup or special teams contributor; limited starts.,nan,RB
201901041,Trey Potts,2019,APB,0.8563,62.8789,49.97298812866211,44.73776481389451,44.73776481389451,Meaningful G5 Contributor,Standout starter at the Group of 5 level; high-end depth in Power 4.,Potential Day 3 Pick,Single Season Contributor,Late bloomer or one-year starter; limited career longevity.,nan,Single Season Contributor,Late bloomer or one-year starter; limited career longevity.,nan,RB
201901042,Tony Amerson,2019,RB,0.8563,24.0403,56.2729377746582,58.474260837387924,58.474260837387924,Partial Season Contributor,Rotational backup or special teams contributor; limited starts.,nan,Multi-Year Starter,Consistent career presence; reliable rotational player or specialist.,nan,Multi-Year Starter,Consistent career presence; reliable rotational player or specialist.,nan,RB
201901045,Jalen Mitchell,2019,RB,0.8563,59.9045,51.22079086303711,47.91721207105774,47.91721207105774,Multi-Year Starter,Consistent career presence; reliable rotational player or specialist.,nan,Multi-Year Starter,Consistent career presence; reliable rotational player or specialist.,nan,Single Season Contributor,Late bloomer or one-year starter; limited career longevity.,nan,RB
201901119,Rodrigues Clark,2019,RB,0.8533,62.6793,57.74967956542969,60.382258976040696,60.382258976040696,Meaningful G5 Contributor,Standout starter at the Group of 5 level; high-end depth in Power 4.,Potential Day 3 Pick,Multi-Year Starter,Consistent career presence; reliable rotational player or specialist.,nan,Meaningful G5 Contributor,Standout starter at the Group of 5 level; high-end depth in Power 4.,Potential Day 3 Pick,RB
201901187,Knowledge McDaniel,2019,RB,0.8511,45.4178,49.9279670715332,44.58938717483796,44.58938717483796,Single Season Contributor,Late bloomer or one-year starter; limited career longevity.,nan,Single Season Contributor,Late bloomer or one-year starter; limited career longevity.,nan,Single Season Contributor,Late bloomer or one-year starter; limited career longevity.,nan,RB
201901229,Larry McCammon,2019,RB,0.8489,62.1398,56.288658142089844,58.50677218580791,58.50677218580791,Meaningful G5 Contributor,Standout starter at the Group of 5 level; high-end depth in Power 4.,Potential Day 3 Pick,Multi-Year Starter,Consistent career presence; reliable rotational player or specialist.,nan,Multi-Year Starter,Consistent career presence; reliable rotational player or specialist.,nan,RB
201901238,Evan Hull,2019,RB,0.8485,71.6834,50.7836799621582,46.70336401938086,46.70336401938086,Meaningful P4 Contributor,Reliable multi-year starter at the highest level of competition.,Potential Day 2 Pick,Multi-Year Starter,Consistent career presence; reliable rotational player or specialist.,nan,Single Season Contributor,Late bloomer or one-year starter; limited career longevity.,nan,RB
201901331,Da'Joun Hewitt,2019,RB,0.8456,32.1371,53.720603942871094,53.737640832217046,53.737640832217046,Partial Season Contributor,Rotational backup or special teams contributor; limited starts.,nan,Multi-Year Starter,Consistent career presence; reliable rotational player or specialist.,nan,Multi-Year Starter,Consistent career presence; reliable rotational player or specialist.,nan,RB
201901377,Isaiah Azubuike,2019,RB,0.843,39.1522,34.24188995361328,14.479412480742571,14.479412480742571,Partial Season Contributor,Rotational backup or special teams contributor; limited starts.,nan,Partial Season Contributor,Rotational backup or special teams contributor; limited starts.,nan,Minimal D1 Impact,Roster filler; medical DQ; or transferred to lower levels.,nan,RB
201901394,Shadrick Byrd,2019,RB,0.8422,57.754,59.07057571411133,62.65306889264119,62.65306889264119,Multi-Year Starter,Consistent career presence; reliable rotational player or specialist.,nan,Multi-Year Starter,Consistent career presence; reliable rotational player or specialist.,nan,Meaningful G5 Contributor,Standout starter at the Group of 5 level; high-end depth in Power 4.,Potential Day 3 Pick,RB
201901405,Tyjae Spears,2019,RB,0.8417,74.5713,46.28347396850586,34.95713121789794,34.95713121789794,Meaningful P4 Contributor,Reliable multi-year starter at the highest level of competition.,Potential Day 2 Pick,Single Season Contributor,Late bloomer or one-year starter; limited career longevity.,nan,Partial Season Contributor,Rotational backup or special teams contributor; limited starts.,nan,RB
201901440,Oscar Adaway III,2019,RB,0.8404,66.8674,48.04478073120117,39.75578551321041,39.75578551321041,Meaningful G5 Contributor,Standout starter at the Group of 5 level; high-end depth in Power 4.,Potential Day 3 Pick,Single Season Contributor,Late bloomer or one-year starter; limited career longevity.,nan,Partial Season Contributor,Rotational backup or special teams contributor; limited starts.,nan,RB
201901464,Michael Wiley,2019,RB,0.84,70.6871,46.993160247802734,36.725452912849455,36.725452912849455,Meaningful P4 Contributor,Reliable multi-year starter at the highest level of competition.,Potential Day 2 Pick,Single Season Contributor,Late bloomer or one-year starter; limited career longevity.,nan,Partial Season Contributor,Rotational backup or special teams contributor; limited starts.,nan,RB
201901517,Nick Fedanzo,2019,RB,0.837,44.5493,55.868560791015625,57.638437569969156,57.638437569969156,Single Season Contributor,Late bloomer or one-year starter; limited career longevity.,nan,Multi-Year Starter,Consistent career presence; reliable rotational player or specialist.,nan,Multi-Year Starter,Consistent career presence; reliable rotational player or specialist.,nan,RB
201901518,Jacquez Stuart,2019,APB,0.837,63.5585,51.02596664428711,47.301405896005534,47.301405896005534,Meaningful G5 Contributor,Standout starter at the Group of 5 level; high-end depth in Power 4.,Potential Day 3 Pick,Multi-Year Starter,Consistent career presence; reliable rotational player or specialist.,nan,Single Season Contributor,Late bloomer or one-year starter; limited career longevity.,nan,RB
201901566,Titus Swen,2019,RB,0.8363,61.1531,51.993385314941406,49.6064505141055,49.6064505141055,Meaningful G5 Contributor,Standout starter at the Group of 5 level; high-end depth in Power 4.,Potential Day 3 Pick,Multi-Year Starter,Consistent career presence; reliable rotational player or specialist.,nan,Single Season Contributor,Late bloomer or one-year starter; limited career longevity.,nan,RB
201901613,Sean Tyler,2019,RB,0.8341,68.0852,57.1591911315918,59.58792662987477,59.58792662987477,Meaningful G5 Contributor,Standout starter at the Group of 5 level; high-end depth in Power 4.,Potential Day 3 Pick,Multi-Year Starter,Consistent career presence; reliable rotational player or specialist.,nan,Multi-Year Starter,Consistent career presence; reliable rotational player or specialist.,nan,RB
201901615,Ulysses Bentley IV,2019,RB,0.8341,72.8454,56.55436325073242,58.99633295127102,58.99633295127102,Meaningful P4 Contributor,Reliable multi-year starter at the highest level of competition.,Potential Day 2 Pick,Multi-Year Starter,Consistent career presence; reliable rotational player or specialist.,nan,Multi-Year Starter,Consistent career presence; reliable rotational player or specialist.,nan,RB
201901622,Delbert Mimms III,2019,RB,0.8337,64.5297,62.710655212402344,69.10609213368694,69.10609213368694,Meaningful G5 Contributor,Standout starter at the Group of 5 level; high-end depth in Power 4.,Potential Day 3 Pick,Meaningful G5 Contributor,Standout starter at the Group of 5 level; high-end depth in Power 4.,Potential Day 3 Pick,Meaningful G5 Contributor,Standout starter at the Group of 5 level; high-end depth in Power 4.,Potential Day 3 Pick,RB
201901624,Jamontez Woods,2019,RB,0.8337,50.9517,52.254154205322266,50.138476372976285,50.138476372976285,Multi-Year Starter,Consistent career presence; reliable rotational player or specialist.,nan,Multi-Year Starter,Consistent career presence; reliable rotational player or specialist.,nan,Multi-Year Starter,Consistent career presence; reliable rotational player or specialist.,nan,RB
201901631,Jordan Ford,2019,RB,0.8333,49.5241,55.5959587097168,57.29720209507711,57.29720209507711,Single Season Contributor,Late bloomer or one-year starter; limited career longevity.,nan,Multi-Year Starter,Consistent career presence; reliable rotational player or specialist.,nan,Multi-Year Starter,Consistent career presence; reliable rotational player or specialist.,nan,RB
201901658,Jaylen Coleman,2019,RB,0.833,51.5686,52.16127395629883,50.02147189199835,50.02147189199835,Multi-Year Starter,Consistent career presence; reliable rotational player or specialist.,nan,Multi-Year Starter,Consistent career presence; reliable rotational player or specialist.,nan,Multi-Year Starter,Consistent career presence; reliable rotational player or specialist.,nan,RB
201901680,Sincere McCormick,2019,RB,0.8317,72.1727,57.595733642578125,60.13229147194193,60.13229147194193,Meaningful P4 Contributor,Reliable multi-year starter at the highest level of competition.,Potential Day 2 Pick,Multi-Year Starter,Consistent career presence; reliable rotational player or specialist.,nan,Meaningful G5 Contributor,Standout starter at the Group of 5 level; high-end depth in Power 4.,Potential Day 3 Pick,RB
201901716,Terrell Brown,2019,RB,0.8311,36.5912,50.70542526245117,46.50352191784984,46.50352191784984,Partial Season Contributor,Rotational backup or special teams contributor; limited starts.,nan,Multi-Year Starter,Consistent career presence; reliable rotational player or specialist.,nan,Single Season Contributor,Late bloomer or one-year starter; limited career longevity.,nan,RB
201901810,Kelley Joiner Jr.,2019,APB,0.8274,64.2039,51.29758071899414,48.00486887971165,48.00486887971165,Meaningful G5 Contributor,Standout starter at the Group of 5 level; high-end depth in Power 4.,Potential Day 3 Pick,Multi-Year Starter,Consistent career presence; reliable rotational player or specialist.,nan,Single Season Contributor,Late bloomer or one-year starter; limited career longevity.,nan,RB
201901830,Samy Johnson,2019,RB,0.8267,35.3188,51.948612213134766,49.462788806322315,49.462788806322315,Partial Season Contributor,Rotational backup or special teams contributor; limited starts.,nan,Multi-Year Starter,Consistent career presence; reliable rotational player or specialist.,nan,Single Season Contributor,Late bloomer or one-year starter; limited career longevity.,nan,RB
201901866,Christian Grubb,2019,RB,0.8256,30.4038,50.865604400634766,46.912577677003945,46.912577677003945,Partial Season Contributor,Rotational backup or special teams contributor; limited starts.,nan,Multi-Year Starter,Consistent career presence; reliable rotational player or specialist.,nan,Single Season Contributor,Late bloomer or one-year starter; limited career longevity.,nan,RB
201901908,Josh Berry,2019,RB,0.8237,33.9209,49.339256286621094,43.16496754371053,43.16496754371053,Partial Season Contributor,Rotational backup or special teams contributor; limited starts.,nan,Single Season Contributor,Late bloomer or one-year starter; limited career longevity.,nan,Single Season Contributor,Late bloomer or one-year starter; limited career longevity.,nan,RB
201901915,Clyde Price III,2019,RB,0.823,53.5531,32.979339599609375,13.345297303739518,13.345297303739518,Multi-Year Starter,Consistent career presence; reliable rotational player or specialist.,nan,Partial Season Contributor,Rotational backup or special teams contributor; limited starts.,nan,Minimal D1 Impact,Roster filler; medical DQ; or transferred to lower levels.,nan,RB
201901974,Darius Boone,2019,RB,0.8206,54.2518,64.9704818725586,72.56952377566198,72.56952377566198,Multi-Year Starter,Consistent career presence; reliable rotational player or specialist.,nan,Meaningful G5 Contributor,Standout starter at the Group of 5 level; high-end depth in Power 4.,Potential Day 3 Pick,Meaningful P4 Contributor,Reliable multi-year starter at the highest level of competition.,Potential Day 2 Pick,RB
201902047,Reese White,2019,RB,0.82,62.1693,47.49081802368164,38.34842170939541,38.34842170939541,Meaningful G5 Contributor,Standout starter at the Group of 5 level; high-end depth in Power 4.,Potential Day 3 Pick,Single Season Contributor,Late bloomer or one-year starter; limited career longevity.,nan,Partial Season Contributor,Rotational backup or special teams contributor; limited starts.,nan,RB
201902065,Dee Baker,2019,RB,0.8189,40.8996,56.47264862060547,58.88326800825897,58.88326800825897,Single Season Contributor,Late bloomer or one-year starter; limited career longevity.,nan,Multi-Year Starter,Consistent career presence; reliable rotational player or specialist.,nan,Multi-Year Starter,Consistent career presence; reliable rotational player or specialist.,nan,RB
201902116,Kenneth Walker,2019,RB,0.8159,79.5538,48.657711029052734,41.00312396409614,41.00312396409614,Meaningful P4 Contributor,Reliable multi-year starter at the highest level of competition.,Potential Day 2 Pick,Single Season Contributor,Late bloomer or one-year starter; limited career longevity.,nan,Single Season Contributor,Late bloomer or one-year starter; limited career longevity.,nan,RB
201902123,Kadyn Roach,2019,RB,0.8156,45.1861,42.92504119873047,27.53268116988976,27.53268116988976,Single Season Contributor,Late bloomer or one-year starter; limited career longevity.,nan,Single Season Contributor,Late bloomer or one-year starter; limited career longevity.,nan,Partial Season Contributor,Rotational backup or special teams contributor; limited starts.,nan,RB
201902167,Ontario Russell,2019,RB,0.8144,29.8444,46.510799407958984,35.34843531294284,35.34843531294284,Partial Season Contributor,Rotational backup or special teams contributor; limited starts.,nan,Single Season Contributor,Late bloomer or one-year starter; limited career longevity.,nan,Partial Season Contributor,Rotational backup or special teams contributor; limited starts.,nan,RB
201902184,Joe Ervin,2019,RB,0.813,54.2305,52.478275299072266,50.50894716039472,50.50894716039472,Multi-Year Starter,Consistent career presence; reliable rotational player or specialist.,nan,Multi-Year Starter,Consistent career presence; reliable rotational player or specialist.,nan,Multi-Year Starter,Consistent career presence; reliable rotational player or specialist.,nan,RB
201902191,Edward Saydee,2019,RB,0.8119,59.1267,49.21917724609375,42.73809845684738,42.73809845684738,Multi-Year Starter,Consistent career presence; reliable rotational player or specialist.,nan,Single Season Contributor,Late bloomer or one-year starter; limited career longevity.,nan,Single Season Contributor,Late bloomer or one-year starter; limited career longevity.,nan,RB
201902425,Calvin Hill,2019,RB,0.8056,60.2057,46.00577926635742,34.42323226535848,34.42323226535848,Meaningful G5 Contributor,Standout starter at the Group of 5 level; high-end depth in Power 4.,Potential Day 3 Pick,Single Season Contributor,Late bloomer or one-year starter; limited career longevity.,nan,Partial Season Contributor,Rotational backup or special teams contributor; limited starts.,nan,RB
201902495,Chux Nwabuko,2019,APB,0.8017,36.2604,48.1917839050293,39.95453180427271,39.95453180427271,Partial Season Contributor,Rotational backup or special teams contributor; limited starts.,nan,Single Season Contributor,Late bloomer or one-year starter; limited career longevity.,nan,Partial Season Contributor,Rotational backup or special teams contributor; limited starts.,nan,RB
201902499,Todd Hudson II,2019,RB,0.8017,34.2162,42.82625198364258,26.996318389819436,26.996318389819436,Partial Season Contributor,Rotational backup or special teams contributor; limited starts.,nan,Single Season Contributor,Late bloomer or one-year starter; limited career longevity.,nan,Partial Season Contributor,Rotational backup or special teams contributor; limited starts.,nan,RB
201902666,Kevin Brown,2019,RB,0.8,8.3848,48.68933868408203,41.052274838887016,41.052274838887016,Minimal D1 Impact,Roster filler; medical DQ; or transferred to lower levels.,nan,Single Season Contributor,Late bloomer or one-year starter; limited career longevity.,nan,Single Season Contributor,Late bloomer or one-year starter; limited career longevity.,nan,RB
201902729,Chris Lovick,2019,APB,0.7956,42.9371,51.526023864746094,48.324739080997496,48.324739080997496,Single Season Contributor,Late bloomer or one-year starter; limited career longevity.,nan,Multi-Year Starter,Consistent career presence; reliable rotational player or specialist.,nan,Single Season Contributor,Late bloomer or one-year starter; limited career longevity.,nan,RB
201902741,Chad Alexander,2019,RB,0.7956,47.9814,35.35568618774414,15.479905814898135,15.479905814898135,Single Season Contributor,Late bloomer or one-year starter; limited career longevity.,nan,Partial Season Contributor,Rotational backup or special teams contributor; limited starts.,nan,Minimal D1 Impact,Roster filler; medical DQ; or transferred to lower levels.,nan,RB
201902788,Gerald Green,2019,APB,0.7944,63.3497,49.902400970458984,44.50512798682262,44.50512798682262,Meaningful G5 Contributor,Standout starter at the Group of 5 level; high-end depth in Power 4.,Potential Day 3 Pick,Single Season Contributor,Late bloomer or one-year starter; limited career longevity.,nan,Single Season Contributor,Late bloomer or one-year starter; limited career longevity.,nan,RB
201902967,Juwaun Price,2019,RB,0.79,57.6597,53.931785583496094,54.37438043844799,54.37438043844799,Multi-Year Starter,Consistent career presence; reliable rotational player or specialist.,nan,Multi-Year Starter,Consistent career presence; reliable rotational player or specialist.,nan,Multi-Year Starter,Consistent career presence; reliable rotational player or specialist.,nan,RB
201903017,Bryan Bradford,2019,RB,0.7894,55.3958,45.418357849121094,32.431018914617866,32.431018914617866,Multi-Year Starter,Consistent career presence; reliable rotational player or specialist.,nan,Single Season Contributor,Late bloomer or one-year starter; limited career longevity.,nan,Partial Season Contributor,Rotational backup or special teams contributor; limited starts.,nan,RB
201903111,Tank Smith,2019,RB,0.7856,46.1908,53.077781677246094,51.864011236922366,51.864011236922366,Single Season Contributor,Late bloomer or one-year starter; limited career longevity.,nan,Multi-Year Starter,Consistent career presence; reliable rotational player or specialist.,nan,Multi-Year Starter,Consistent career presence; reliable rotational player or specialist.,nan,RB
201903122,Josh Williams,2019,RB,0.7856,84.1166,51.539302825927734,48.35248539399572,48.35248539399572,Elite Power 4,All-Conference/All-American honors.,First round NFL Draft talent,Multi-Year Starter,Consistent career presence; reliable rotational player or specialist.,nan,Single Season Contributor,Late bloomer or one-year starter; limited career longevity.,nan,RB
201903144,Courtney Reese,2019,RB,0.7844,51.919,53.71467208862305,53.71747136339578,53.71747136339578,Multi-Year Starter,Consistent career presence; reliable rotational player or specialist.,nan,Multi-Year Starter,Consistent career presence; reliable rotational player or specialist.,nan,Multi-Year Starter,Consistent career presence; reliable rotational player or specialist.,nan,RB
201903168,Keshawn Wicks,2019,RB,0.7844,55.0797,46.75761413574219,36.01026009153007,36.01026009153007,Multi-Year Starter,Consistent career presence; reliable rotational player or specialist.,nan,Single Season Contributor,Late bloomer or one-year starter; limited career longevity.,nan,Partial Season Contributor,Rotational backup or special teams contributor; limited starts.,nan,RB
201903213,Damean Bivins,2019,RB,0.7833,21.8253,45.27399826049805,32.036026812735024,32.036026812735024,Partial Season Contributor,Rotational backup or special teams contributor; limited starts.,nan,Single Season Contributor,Late bloomer or one-year starter; limited career longevity.,nan,Partial Season Contributor,Rotational backup or special teams contributor; limited starts.,nan,RB
201903221,Anthony Summey,2019,RB,0.7806,32.9615,62.17474365234375,68.29887158190499,68.29887158190499,Partial Season Contributor,Rotational backup or special teams contributor; limited starts.,nan,Meaningful G5 Contributor,Standout starter at the Group of 5 level; high-end depth in Power 4.,Potential Day 3 Pick,Meaningful G5 Contributor,Standout starter at the Group of 5 level; high-end depth in Power 4.,Potential Day 3 Pick,RB
201903226,Latrele Palmer,2019,RB,0.7806,53.49,47.512569427490234,38.40376894538312,38.40376894538312,Multi-Year Starter,Consistent career presence; reliable rotational player or specialist.,nan,Single Season Contributor,Late bloomer or one-year starter; limited career longevity.,nan,Partial Season Contributor,Rotational backup or special teams contributor; limited starts.,nan,RB
201903235,Brad Roberts,2019,RB,0.78,67.4485,41.402801513671875,23.722941434465728,23.722941434465728,Meaningful G5 Contributor,Standout starter at the Group of 5 level; high-end depth in Power 4.,Potential Day 3 Pick,Single Season Contributor,Late bloomer or one-year starter; limited career longevity.,nan,Partial Season Contributor,Rotational backup or special teams contributor; limited starts.,nan,RB
201903299,Trevon Raymore,2019,RB,0.78,34.9232,40.12727355957031,21.175601878162016,21.175601878162016,Partial Season Contributor,Rotational backup or special teams contributor; limited starts.,nan,Single Season Contributor,Late bloomer or one-year starter; limited career longevity.,nan,Partial Season Contributor,Rotational backup or special teams contributor; limited starts.,nan,RB
201903331,Corren Norman,2019,RB,0.78,44.4363,41.547794342041016,23.99946300543598,23.99946300543598,Single Season Contributor,Late bloomer or one-year starter; limited career longevity.,nan,Single Season Contributor,Late bloomer or one-year starter; limited career longevity.,nan,Partial Season Contributor,Rotational backup or special teams contributor; limited starts.,nan,RB
201903350,Jacob Trach,2019,RB,0.78,21.4462,57.839996337890625,60.54973600298419,60.54973600298419,Partial Season Contributor,Rotational backup or special teams contributor; limited starts.,nan,Multi-Year Starter,Consistent career presence; reliable rotational player or specialist.,nan,Meaningful G5 Contributor,Standout starter at the Group of 5 level; high-end depth in Power 4.,Potential Day 3 Pick,RB
201903422,Zackary Martin,2019,RB,0.7794,32.2125,49.17952346801758,42.51130962540995,42.51130962540995,Partial Season Contributor,Rotational backup or special teams contributor; limited starts.,nan,Single Season Contributor,Late bloomer or one-year starter; limited career longevity.,nan,Single Season Contributor,Late bloomer or one-year starter; limited career longevity.,nan,RB
201903427,AJ Phillips,2019,RB,0.7783,43.9915,47.77663803100586,39.13454440229213,39.13454440229213,Single Season Contributor,Late bloomer or one-year starter; limited career longevity.,nan,Single Season Contributor,Late bloomer or one-year starter; limited career longevity.,nan,Partial Season Contributor,Rotational backup or special teams contributor; limited starts.,nan,RB
201903484,Jalen Joseph,2019,RB,0.7744,34.9428,47.93935775756836,39.613255087120585,39.613255087120585,Partial Season Contributor,Rotational backup or special teams contributor; limited starts.,nan,Single Season Contributor,Late bloomer or one-year starter; limited career longevity.,nan,Partial Season Contributor,Rotational backup or special teams contributor; limited starts.,nan,RB
201903666,Christian Hunter,2019,RB,0.7683,40.4076,60.10129165649414,64.13449727933019,64.13449727933019,Single Season Contributor,Late bloomer or one-year starter; limited career longevity.,nan,Meaningful G5 Contributor,Standout starter at the Group of 5 level; high-end depth in Power 4.,Potential Day 3 Pick,Meaningful G5 Contributor,Standout starter at the Group of 5 level; high-end depth in Power 4.,Potential Day 3 Pick,RB
201903725,Fred Orr,2019,RB,0.7633,25.8798,51.249656677246094,47.95016284458403,47.95016284458403,Partial Season Contributor,Rotational backup or special teams contributor; limited starts.,nan,Multi-Year Starter,Consistent career presence; reliable rotational player or specialist.,nan,Single Season Contributor,Late bloomer or one-year starter; limited career longevity.,nan,RB
201903760,A.J. Gates,2019,RB,0.76,39.6231,40.95346450805664,22.83149914996065,22.83149914996065,Partial Season Contributor,Rotational backup or special teams contributor; limited starts.,nan,Single Season Contributor,Late bloomer or one-year starter; limited career longevity.,nan,Partial Season Contributor,Rotational backup or special teams contributor; limited starts.,nan,RB
201903895,Tyetus Smith-Lindsey,2019,RB,0.75,18.3504,48.557899475097656,40.80010039473331,40.80010039473331,Minimal D1 Impact,Roster filler; medical DQ; or transferred to lower levels.,nan,Single Season Contributor,Late bloomer or one-year starter; limited career longevity.,nan,Single Season Contributor,Late bloomer or one-year starter; limited career longevity.,nan,RB
201903996,Rasheen Ali,2019,RB,0.74,68.7875,44.34405517578125,30.589756300966524,30.589756300966524,Meaningful G5 Contributor,Standout starter at the Group of 5 level; high-end depth in Power 4.,Potential Day 3 Pick,Single Season Contributor,Late bloomer or one-year starter; limited career longevity.,nan,Partial Season Contributor,Rotational backup or special teams contributor; limited starts.,nan,RB
202000015,Bijan Robinson,2020,RB,0.9928,84.552,68.13343811035156,77.30545285929578,77.30545285929578,Elite Power 4,All-Conference/All-American honors.,First round NFL Draft talent,Meaningful G5 Contributor,Standout starter at the Group of 5 level; high-end depth in Power 4.,Potential Day 3 Pick,Meaningful P4 Contributor,Reliable multi-year starter at the highest level of competition.,Potential Day 2 Pick,RB
202000016,Zach Evans,2020,RB,0.9924,69.9552,65.37291717529297,72.99420103672549,72.99420103672549,Meaningful G5 Contributor,Standout starter at the Group of 5 level; high-end depth in Power 4.,Potential Day 3 Pick,Meaningful G5 Contributor,Standout starter at the Group of 5 level; high-end depth in Power 4.,Potential Day 3 Pick,Meaningful P4 Contributor,Reliable multi-year starter at the highest level of competition.,Potential Day 2 Pick,RB
202000020,Demarkcus Bowman,2020,RB,0.9909,40.847,72.87614440917969,84.92195476832018,84.92195476832018,Single Season Contributor,Late bloomer or one-year starter; limited career longevity.,nan,Meaningful P4 Contributor,Reliable multi-year starter at the highest level of competition.,Potential Day 2 Pick,Elite Power 4,All-Conference/All-American honors.,First round NFL Draft talent,RB
202000040,Tank Bigsby,2020,RB,0.9814,79.4569,77.19893646240234,95.63116218321605,95.63116218321605,Meaningful P4 Contributor,Reliable multi-year starter at the highest level of competition.,Potential Day 2 Pick,Meaningful P4 Contributor,Reliable multi-year starter at the highest level of competition.,Potential Day 2 Pick,Elite Power 4,All-Conference/All-American honors.,First round NFL Draft talent,RB
202000043,MarShawn Lloyd,2020,RB,0.9778,69.0926,72.60552978515625,84.15827495429042,84.15827495429042,Meaningful G5 Contributor,Standout starter at the Group of 5 level; high-end depth in Power 4.,Potential Day 3 Pick,Meaningful P4 Contributor,Reliable multi-year starter at the highest level of competition.,Potential Day 2 Pick,Elite Power 4,All-Conference/All-American honors.,First round NFL Draft talent,RB
202000047,Jase McClellan,2020,RB,0.9755,65.8822,61.19109344482422,66.09056076161099,66.09056076161099,Meaningful G5 Contributor,Standout starter at the Group of 5 level; high-end depth in Power 4.,Potential Day 3 Pick,Meaningful G5 Contributor,Standout starter at the Group of 5 level; high-end depth in Power 4.,Potential Day 3 Pick,Meaningful G5 Contributor,Standout starter at the Group of 5 level; high-end depth in Power 4.,Potential Day 3 Pick,RB
202000054,Kendall Milton,2020,RB,0.9737,73.3671,71.32373809814453,81.20827380569695,81.20827380569695,Meaningful P4 Contributor,Reliable multi-year starter at the highest level of competition.,Potential Day 2 Pick,Meaningful P4 Contributor,Reliable multi-year starter at the highest level of competition.,Potential Day 2 Pick,Elite Power 4,All-Conference/All-American honors.,First round NFL Draft talent,RB
202000070,Chris Tyree,2020,APB,0.968,66.2745,62.96348571777344,69.5528209709517,69.5528209709517,Meaningful G5 Contributor,Standout starter at the Group of 5 level; high-end depth in Power 4.,Potential Day 3 Pick,Meaningful G5 Contributor,Standout starter at the Group of 5 level; high-end depth in Power 4.,Potential Day 3 Pick,Meaningful G5 Contributor,Standout starter at the Group of 5 level; high-end depth in Power 4.,Potential Day 3 Pick,RB
202000076,Jahmyr Gibbs,2020,RB,0.9651,69.1964,66.57042694091797,74.60540713262127,74.60540713262127,Meaningful G5 Contributor,Standout starter at the Group of 5 level; high-end depth in Power 4.,Potential Day 3 Pick,Meaningful G5 Contributor,Standout starter at the Group of 5 level; high-end depth in Power 4.,Potential Day 3 Pick,Meaningful P4 Contributor,Reliable multi-year starter at the highest level of competition.,Potential Day 2 Pick,RB
202000077,Roydell Williams,2020,RB,0.965,62.9253,62.19064712524414,68.35266451388229,68.35266451388229,Meaningful G5 Contributor,Standout starter at the Group of 5 level; high-end depth in Power 4.,Potential Day 3 Pick,Meaningful G5 Contributor,Standout starter at the Group of 5 level; high-end depth in Power 4.,Potential Day 3 Pick,Meaningful G5 Contributor,Standout starter at the Group of 5 level; high-end depth in Power 4.,Potential Day 3 Pick,RB
202000106,Jaylan Knighton,2020,RB,0.953,65.8629,68.29621887207031,77.81795259450703,77.81795259450703,Meaningful G5 Contributor,Standout starter at the Group of 5 level; high-end depth in Power 4.,Potential Day 3 Pick,Meaningful G5 Contributor,Standout starter at the Group of 5 level; high-end depth in Power 4.,Potential Day 3 Pick,Meaningful P4 Contributor,Reliable multi-year starter at the highest level of competition.,Potential Day 2 Pick,RB
202000109,EJ Smith,2020,APB,0.9515,66.0768,63.276039123535156,70.0663810073344,70.0663810073344,Meaningful G5 Contributor,Standout starter at the Group of 5 level; high-end depth in Power 4.,Potential Day 3 Pick,Meaningful G5 Contributor,Standout starter at the Group of 5 level; high-end depth in Power 4.,Potential Day 3 Pick,Meaningful P4 Contributor,Reliable multi-year starter at the highest level of competition.,Potential Day 2 Pick,RB
202000115,Donald Chaney Jr.,2020,RB,0.9496,61.3067,63.50037384033203,70.64796723218898,70.64796723218898,Meaningful G5 Contributor,Standout starter at the Group of 5 level; high-end depth in Power 4.,Potential Day 3 Pick,Meaningful G5 Contributor,Standout starter at the Group of 5 level; high-end depth in Power 4.,Potential Day 3 Pick,Meaningful P4 Contributor,Reliable multi-year starter at the highest level of competition.,Potential Day 2 Pick,RB
202000125,Daniyel Ngata,2020,APB,0.9464,53.0395,66.93968963623047,75.36721431612648,75.36721431612648,Multi-Year Starter,Consistent career presence; reliable rotational player or specialist.,nan,Meaningful G5 Contributor,Standout starter at the Group of 5 level; high-end depth in Power 4.,Potential Day 3 Pick,Meaningful P4 Contributor,Reliable multi-year starter at the highest level of competition.,Potential Day 2 Pick,RB
202000129,Blake Corum,2020,RB,0.9419,87.4957,66.29660034179688,74.11130388180862,74.11130388180862,Elite Power 4,All-Conference/All-American honors.,First round NFL Draft talent,Meaningful G5 Contributor,Standout starter at the Group of 5 level; high-end depth in Power 4.,Potential Day 3 Pick,Meaningful P4 Contributor,Reliable multi-year starter at the highest level of competition.,Potential Day 2 Pick,RB
202000130,Tre Bradford,2020,RB,0.9401,52.6956,67.33168029785156,75.96695882045488,75.96695882045488,Multi-Year Starter,Consistent career presence; reliable rotational player or specialist.,nan,Meaningful G5 Contributor,Standout starter at the Group of 5 level; high-end depth in Power 4.,Potential Day 3 Pick,Meaningful P4 Contributor,Reliable multi-year starter at the highest level of competition.,Potential Day 2 Pick,RB
202000134,Seth McGowan,2020,RB,0.9378,65.7098,70.13658905029297,80.06605702882212,80.06605702882212,Meaningful G5 Contributor,Standout starter at the Group of 5 level; high-end depth in Power 4.,Potential Day 3 Pick,Meaningful P4 Contributor,Reliable multi-year starter at the highest level of competition.,Potential Day 2 Pick,Elite Power 4,All-Conference/All-American honors.,First round NFL Draft talent,RB
202000136,Jalen Berger,2020,RB,0.9374,72.768,67.69540405273438,76.5149619306812,76.5149619306812,Meaningful P4 Contributor,Reliable multi-year starter at the highest level of competition.,Potential Day 2 Pick,Meaningful G5 Contributor,Standout starter at the Group of 5 level; high-end depth in Power 4.,Potential Day 3 Pick,Meaningful P4 Contributor,Reliable multi-year starter at the highest level of competition.,Potential Day 2 Pick,RB
202000137,Devon Achane,2020,APB,0.9373,72.5774,63.177486419677734,69.91824431332772,69.91824431332772,Meaningful P4 Contributor,Reliable multi-year starter at the highest level of competition.,Potential Day 2 Pick,Meaningful G5 Contributor,Standout starter at the Group of 5 level; high-end depth in Power 4.,Potential Day 3 Pick,Meaningful G5 Contributor,Standout starter at the Group of 5 level; high-end depth in Power 4.,Potential Day 3 Pick,RB
202000173,Shaadie Clayton-Johnson,2020,RB,0.928,52.3221,64.97030639648438,72.56932216461249,72.56932216461249,Multi-Year Starter,Consistent career presence; reliable rotational player or specialist.,nan,Meaningful G5 Contributor,Standout starter at the Group of 5 level; high-end depth in Power 4.,Potential Day 3 Pick,Meaningful P4 Contributor,Reliable multi-year starter at the highest level of competition.,Potential Day 2 Pick,RB
202000192,Caziah Holmes,2020,APB,0.9232,57.02,70.3912124633789,80.31104322894436,80.31104322894436,Multi-Year Starter,Consistent career presence; reliable rotational player or specialist.,nan,Meaningful P4 Contributor,Reliable multi-year starter at the highest level of competition.,Potential Day 2 Pick,Elite Power 4,All-Conference/All-American honors.,First round NFL Draft talent,RB
202000208,Henry Parrish,2020,RB,0.9201,77.4768,63.06516647338867,69.74631678064172,69.74631678064172,Meaningful P4 Contributor,Reliable multi-year starter at the highest level of competition.,Potential Day 2 Pick,Meaningful G5 Contributor,Standout starter at the Group of 5 level; high-end depth in Power 4.,Potential Day 3 Pick,Meaningful G5 Contributor,Standout starter at the Group of 5 level; high-end depth in Power 4.,Potential Day 3 Pick,RB
202000237,Lawrance Toafili,2020,RB,0.9143,73.4923,62.26642990112305,68.60899706045481,68.60899706045481,Meaningful P4 Contributor,Reliable multi-year starter at the highest level of competition.,Potential Day 2 Pick,Meaningful G5 Contributor,Standout starter at the Group of 5 level; high-end depth in Power 4.,Potential Day 3 Pick,Meaningful G5 Contributor,Standout starter at the Group of 5 level; high-end depth in Power 4.,Potential Day 3 Pick,RB
202000272,Daijun Edwards,2020,RB,0.9064,79.3615,59.021339416503906,62.5506924736532,62.5506924736532,Meaningful P4 Contributor,Reliable multi-year starter at the highest level of competition.,Potential Day 2 Pick,Multi-Year Starter,Consistent career presence; reliable rotational player or specialist.,nan,Meaningful G5 Contributor,Standout starter at the Group of 5 level; high-end depth in Power 4.,Potential Day 3 Pick,RB
202000273,Keyvone Lee,2020,RB,0.9063,66.9728,65.92183685302734,73.59419224851798,73.59419224851798,Meaningful G5 Contributor,Standout starter at the Group of 5 level; high-end depth in Power 4.,Potential Day 3 Pick,Meaningful G5 Contributor,Standout starter at the Group of 5 level; high-end depth in Power 4.,Potential Day 3 Pick,Meaningful P4 Contributor,Reliable multi-year starter at the highest level of competition.,Potential Day 2 Pick,RB
202000333,Sevion Morrison,2020,RB,0.8978,57.6361,65.69107055664062,73.31308855987788,73.31308855987788,Multi-Year Starter,Consistent career presence; reliable rotational player or specialist.,nan,Meaningful G5 Contributor,Standout starter at the Group of 5 level; high-end depth in Power 4.,Potential Day 3 Pick,Meaningful P4 Contributor,Reliable multi-year starter at the highest level of competition.,Potential Day 2 Pick,RB
202000360,Taye McWilliams,2020,RB,0.8956,52.9456,62.38578796386719,68.83649704216269,68.83649704216269,Multi-Year Starter,Consistent career presence; reliable rotational player or specialist.,nan,Meaningful G5 Contributor,Standout starter at the Group of 5 level; high-end depth in Power 4.,Potential Day 3 Pick,Meaningful G5 Contributor,Standout starter at the Group of 5 level; high-end depth in Power 4.,Potential Day 3 Pick,RB
202000361,Peny Boone,2020,RB,0.8956,71.786,64.34416961669922,71.84812237264312,71.84812237264312,Meaningful P4 Contributor,Reliable multi-year starter at the highest level of competition.,Potential Day 2 Pick,Meaningful G5 Contributor,Standout starter at the Group of 5 level; high-end depth in Power 4.,Potential Day 3 Pick,Meaningful P4 Contributor,Reliable multi-year starter at the highest level of competition.,Potential Day 2 Pick,RB
202000372,Trey Benson,2020,RB,0.8937,69.0411,66.16522979736328,73.89067685442919,73.89067685442919,Meaningful G5 Contributor,Standout starter at the Group of 5 level; high-end depth in Power 4.,Potential Day 3 Pick,Meaningful G5 Contributor,Standout starter at the Group of 5 level; high-end depth in Power 4.,Potential Day 3 Pick,Meaningful P4 Contributor,Reliable multi-year starter at the highest level of competition.,Potential Day 2 Pick,RB
202000389,JuTahn McClain,2020,APB,0.8926,52.3739,62.84318542480469,69.33240886904814,69.33240886904814,Multi-Year Starter,Consistent career presence; reliable rotational player or specialist.,nan,Meaningful G5 Contributor,Standout starter at the Group of 5 level; high-end depth in Power 4.,Potential Day 3 Pick,Meaningful G5 Contributor,Standout starter at the Group of 5 level; high-end depth in Power 4.,Potential Day 3 Pick,RB
202000408,Ky Thomas,2020,RB,0.8904,63.3019,74.56805419921875,89.37068209648645,89.37068209648645,Meaningful G5 Contributor,Standout starter at the Group of 5 level; high-end depth in Power 4.,Potential Day 3 Pick,Meaningful P4 Contributor,Reliable multi-year starter at the highest level of competition.,Potential Day 2 Pick,Elite Power 4,All-Conference/All-American honors.,First round NFL Draft talent,RB
202000425,Israel Abanikanda,2020,RB,0.8881,68.1793,57.5860481262207,60.12037601637384,60.12037601637384,Meaningful G5 Contributor,Standout starter at the Group of 5 level; high-end depth in Power 4.,Potential Day 3 Pick,Multi-Year Starter,Consistent career presence; reliable rotational player or specialist.,nan,Meaningful G5 Contributor,Standout starter at the Group of 5 level; high-end depth in Power 4.,Potential Day 3 Pick,RB
202000426,Reggie Love III,2020,RB,0.888,66.5774,53.31020736694336,52.47723208847763,52.47723208847763,Meaningful G5 Contributor,Standout starter at the Group of 5 level; high-end depth in Power 4.,Potential Day 3 Pick,Multi-Year Starter,Consistent career presence; reliable rotational player or specialist.,nan,Multi-Year Starter,Consistent career presence; reliable rotational player or specialist.,nan,RB
202000437,Ty Jordan,2020,APB,0.887,56.8252,58.566524505615234,61.55472176567519,61.55472176567519,Multi-Year Starter,Consistent career presence; reliable rotational player or specialist.,nan,Multi-Year Starter,Consistent career presence; reliable rotational player or specialist.,nan,Meaningful G5 Contributor,Standout starter at the Group of 5 level; high-end depth in Power 4.,Potential Day 3 Pick,RB
202000444,Kobe Pace,2020,RB,0.8867,69.5414,61.0875358581543,65.85055332498376,65.85055332498376,Meaningful G5 Contributor,Standout starter at the Group of 5 level; high-end depth in Power 4.,Potential Day 3 Pick,Meaningful G5 Contributor,Standout starter at the Group of 5 level; high-end depth in Power 4.,Potential Day 3 Pick,Meaningful G5 Contributor,Standout starter at the Group of 5 level; high-end depth in Power 4.,Potential Day 3 Pick,RB
202000471,Kentrel Bullock,2020,RB,0.8837,45.3297,62.687591552734375,69.06670721105745,69.06670721105745,Single Season Contributor,Late bloomer or one-year starter; limited career longevity.,nan,Meaningful G5 Contributor,Standout starter at the Group of 5 level; high-end depth in Power 4.,Potential Day 3 Pick,Meaningful G5 Contributor,Standout starter at the Group of 5 level; high-end depth in Power 4.,Potential Day 3 Pick,RB
202000478,Isaiah Jacobs,2020,RB,0.8833,58.4607,63.3123779296875,70.12100265034223,70.12100265034223,Multi-Year Starter,Consistent career presence; reliable rotational player or specialist.,nan,Meaningful G5 Contributor,Standout starter at the Group of 5 level; high-end depth in Power 4.,Potential Day 3 Pick,Meaningful P4 Contributor,Reliable multi-year starter at the highest level of competition.,Potential Day 2 Pick,RB
202000515,Casey Filkins,2020,APB,0.8804,59.5822,63.217018127441406,69.97766527558787,69.97766527558787,Multi-Year Starter,Consistent career presence; reliable rotational player or specialist.,nan,Meaningful G5 Contributor,Standout starter at the Group of 5 level; high-end depth in Power 4.,Potential Day 3 Pick,Meaningful G5 Contributor,Standout starter at the Group of 5 level; high-end depth in Power 4.,Potential Day 3 Pick,RB
202000517,Gavin Williams,2020,RB,0.8804,60.0218,57.01312255859375,59.393444774190215,59.393444774190215,Meaningful G5 Contributor,Standout starter at the Group of 5 level; high-end depth in Power 4.,Potential Day 3 Pick,Multi-Year Starter,Consistent career presence; reliable rotational player or specialist.,nan,Multi-Year Starter,Consistent career presence; reliable rotational player or specialist.,nan,RB
202000542,Darvon Hubbard,2020,RB,0.8793,54.8632,63.67497634887695,70.83326167285763,70.83326167285763,Multi-Year Starter,Consistent career presence; reliable rotational player or specialist.,nan,Meaningful G5 Contributor,Standout starter at the Group of 5 level; high-end depth in Power 4.,Potential Day 3 Pick,Meaningful P4 Contributor,Reliable multi-year starter at the highest level of competition.,Potential Day 2 Pick,RB
202000544,Elijah Young,2020,APB,0.8785,66.116,59.26534652709961,62.99068268077208,62.99068268077208,Meaningful G5 Contributor,Standout starter at the Group of 5 level; high-end depth in Power 4.,Potential Day 3 Pick,Multi-Year Starter,Consistent career presence; reliable rotational player or specialist.,nan,Meaningful G5 Contributor,Standout starter at the Group of 5 level; high-end depth in Power 4.,Potential Day 3 Pick,RB
202000550,Nathaniel Jones,2020,RB,0.8785,52.9039,60.08911895751953,64.11995509027474,64.11995509027474,Multi-Year Starter,Consistent career presence; reliable rotational player or specialist.,nan,Meaningful G5 Contributor,Standout starter at the Group of 5 level; high-end depth in Power 4.,Potential Day 3 Pick,Meaningful G5 Contributor,Standout starter at the Group of 5 level; high-end depth in Power 4.,Potential Day 3 Pick,RB
202000607,Jordon Simmons,2020,RB,0.8748,69.4607,62.190433502197266,68.35194194151704,68.35194194151704,Meaningful G5 Contributor,Standout starter at the Group of 5 level; high-end depth in Power 4.,Potential Day 3 Pick,Meaningful G5 Contributor,Standout starter at the Group of 5 level; high-end depth in Power 4.,Potential Day 3 Pick,Meaningful G5 Contributor,Standout starter at the Group of 5 level; high-end depth in Power 4.,Potential Day 3 Pick,RB
202000612,Chris Street,2020,RB,0.8744,41.3023,67.31279754638672,75.93806826890244,75.93806826890244,Single Season Contributor,Late bloomer or one-year starter; limited career longevity.,nan,Meaningful G5 Contributor,Standout starter at the Group of 5 level; high-end depth in Power 4.,Potential Day 3 Pick,Meaningful P4 Contributor,Reliable multi-year starter at the highest level of competition.,Potential Day 2 Pick,RB
202000624,Miyan Williams,2020,RB,0.873,69.3542,63.33987045288086,70.18578904849285,70.18578904849285,Meaningful G5 Contributor,Standout starter at the Group of 5 level; high-end depth in Power 4.,Potential Day 3 Pick,Meaningful G5 Contributor,Standout starter at the Group of 5 level; high-end depth in Power 4.,Potential Day 3 Pick,Meaningful P4 Contributor,Reliable multi-year starter at the highest level of competition.,Potential Day 2 Pick,RB
202000631,Tahj Brooks,2020,RB,0.873,89.4003,65.77709197998047,73.4178739630391,73.4178739630391,Elite Power 4,All-Conference/All-American honors.,First round NFL Draft talent,Meaningful G5 Contributor,Standout starter at the Group of 5 level; high-end depth in Power 4.,Potential Day 3 Pick,Meaningful P4 Contributor,Reliable multi-year starter at the highest level of competition.,Potential Day 2 Pick,RB
202000636,Jabari Small,2020,APB,0.8726,75.8816,69.72819519042969,79.67312042229177,79.67312042229177,Meaningful P4 Contributor,Reliable multi-year starter at the highest level of competition.,Potential Day 2 Pick,Meaningful G5 Contributor,Standout starter at the Group of 5 level; high-end depth in Power 4.,Potential Day 3 Pick,Meaningful P4 Contributor,Reliable multi-year starter at the highest level of competition.,Potential Day 2 Pick,RB
202000658,Leshon Williams,2020,RB,0.8719,65.5397,62.24069595336914,68.52195289659805,68.52195289659805,Meaningful G5 Contributor,Standout starter at the Group of 5 level; high-end depth in Power 4.,Potential Day 3 Pick,Meaningful G5 Contributor,Standout starter at the Group of 5 level; high-end depth in Power 4.,Potential Day 3 Pick,Meaningful G5 Contributor,Standout starter at the Group of 5 level; high-end depth in Power 4.,Potential Day 3 Pick,RB
202000683,Jay'Veon Sunday,2020,RB,0.8704,32.3123,57.1041374206543,59.51857250099021,59.51857250099021,Partial Season Contributor,Rotational backup or special teams contributor; limited starts.,nan,Multi-Year Starter,Consistent career presence; reliable rotational player or specialist.,nan,Multi-Year Starter,Consistent career presence; reliable rotational player or specialist.,nan,RB
202000684,Dominic Richardson,2020,RB,0.8704,76.416,54.695281982421875,55.68149555872154,55.68149555872154,Meaningful P4 Contributor,Reliable multi-year starter at the highest level of competition.,Potential Day 2 Pick,Multi-Year Starter,Consistent career presence; reliable rotational player or specialist.,nan,Multi-Year Starter,Consistent career presence; reliable rotational player or specialist.,nan,RB
202000731,Marvin Scott III,2020,RB,0.8685,51.888,51.07299041748047,47.44147916110271,47.44147916110271,Multi-Year Starter,Consistent career presence; reliable rotational player or specialist.,nan,Multi-Year Starter,Consistent career presence; reliable rotational player or specialist.,nan,Single Season Contributor,Late bloomer or one-year starter; limited career longevity.,nan,RB
202000732,John Gentry,2020,RB,0.8685,50.4692,59.02070617675781,62.54917668045778,62.54917668045778,Multi-Year Starter,Consistent career presence; reliable rotational player or specialist.,nan,Multi-Year Starter,Consistent career presence; reliable rotational player or specialist.,nan,Meaningful G5 Contributor,Standout starter at the Group of 5 level; high-end depth in Power 4.,Potential Day 3 Pick,RB
202000830,Elijah Green,2020,RB,0.8648,61.8623,60.613372802734375,64.88973840812666,64.88973840812666,Meaningful G5 Contributor,Standout starter at the Group of 5 level; high-end depth in Power 4.,Potential Day 3 Pick,Meaningful G5 Contributor,Standout starter at the Group of 5 level; high-end depth in Power 4.,Potential Day 3 Pick,Meaningful G5 Contributor,Standout starter at the Group of 5 level; high-end depth in Power 4.,Potential Day 3 Pick,RB
202000841,Jalen John,2020,RB,0.8641,56.3268,56.53141784667969,58.97977763675299,58.97977763675299,Multi-Year Starter,Consistent career presence; reliable rotational player or specialist.,nan,Multi-Year Starter,Consistent career presence; reliable rotational player or specialist.,nan,Multi-Year Starter,Consistent career presence; reliable rotational player or specialist.,nan,RB
202000854,DJ Jones,2020,RB,0.8633,50.9106,61.204811096191406,66.12397512127049,66.12397512127049,Multi-Year Starter,Consistent career presence; reliable rotational player or specialist.,nan,Meaningful G5 Contributor,Standout starter at the Group of 5 level; high-end depth in Power 4.,Potential Day 3 Pick,Meaningful G5 Contributor,Standout starter at the Group of 5 level; high-end depth in Power 4.,Potential Day 3 Pick,RB
202000857,Deondre Jackson,2020,RB,0.863,45.9528,65.01358032226562,72.61904120255673,72.61904120255673,Single Season Contributor,Late bloomer or one-year starter; limited career longevity.,nan,Meaningful G5 Contributor,Standout starter at the Group of 5 level; high-end depth in Power 4.,Potential Day 3 Pick,Meaningful P4 Contributor,Reliable multi-year starter at the highest level of competition.,Potential Day 2 Pick,RB
202000865,Sean Tucker,2020,RB,0.863,75.768,62.86661911010742,69.37242567019153,69.37242567019153,Meaningful P4 Contributor,Reliable multi-year starter at the highest level of competition.,Potential Day 2 Pick,Meaningful G5 Contributor,Standout starter at the Group of 5 level; high-end depth in Power 4.,Potential Day 3 Pick,Meaningful G5 Contributor,Standout starter at the Group of 5 level; high-end depth in Power 4.,Potential Day 3 Pick,RB
202000963,Kimani Vidal,2020,RB,0.8589,74.4755,51.64550018310547,48.632319138399225,48.632319138399225,Meaningful P4 Contributor,Reliable multi-year starter at the highest level of competition.,Potential Day 2 Pick,Multi-Year Starter,Consistent career presence; reliable rotational player or specialist.,nan,Single Season Contributor,Late bloomer or one-year starter; limited career longevity.,nan,RB
202000982,Tim Baldwin Jr.,2020,RB,0.8581,53.2801,53.242835998535156,52.25528872222167,52.25528872222167,Multi-Year Starter,Consistent career presence; reliable rotational player or specialist.,nan,Multi-Year Starter,Consistent career presence; reliable rotational player or specialist.,nan,Multi-Year Starter,Consistent career presence; reliable rotational player or specialist.,nan,RB
202001034,Frank Gore Jr.,2020,RB,0.8563,67.7395,55.07849884033203,56.6913423357839,56.6913423357839,Meaningful G5 Contributor,Standout starter at the Group of 5 level; high-end depth in Power 4.,Potential Day 3 Pick,Multi-Year Starter,Consistent career presence; reliable rotational player or specialist.,nan,Multi-Year Starter,Consistent career presence; reliable rotational player or specialist.,nan,RB
202001035,Avarius Sparrow,2020,RB,0.8563,43.3991,50.22519302368164,45.418166766503994,45.418166766503994,Single Season Contributor,Late bloomer or one-year starter; limited career longevity.,nan,Multi-Year Starter,Consistent career presence; reliable rotational player or specialist.,nan,Single Season Contributor,Late bloomer or one-year starter; limited career longevity.,nan,RB
202001056,Kejon Owens,2020,RB,0.8556,60.8501,64.09249114990234,71.43801391478479,71.43801391478479,Meaningful G5 Contributor,Standout starter at the Group of 5 level; high-end depth in Power 4.,Potential Day 3 Pick,Meaningful G5 Contributor,Standout starter at the Group of 5 level; high-end depth in Power 4.,Potential Day 3 Pick,Meaningful P4 Contributor,Reliable multi-year starter at the highest level of competition.,Potential Day 2 Pick,RB
202001070,Jalen Hampton,2020,RB,0.8552,40.448,72.12696838378906,83.02137276332647,83.02137276332647,Single Season Contributor,Late bloomer or one-year starter; limited career longevity.,nan,Meaningful P4 Contributor,Reliable multi-year starter at the highest level of competition.,Potential Day 2 Pick,Elite Power 4,All-Conference/All-American honors.,First round NFL Draft talent,RB
202001091,Ahmani Marshall,2020,RB,0.8541,59.3532,52.67241287231445,50.905837246717525,50.905837246717525,Multi-Year Starter,Consistent career presence; reliable rotational player or specialist.,nan,Multi-Year Starter,Consistent career presence; reliable rotational player or specialist.,nan,Multi-Year Starter,Consistent career presence; reliable rotational player or specialist.,nan,RB
202001092,Rashad Amos,2020,RB,0.8541,62.273,52.95082092285156,51.56368169413449,51.56368169413449,Meaningful G5 Contributor,Standout starter at the Group of 5 level; high-end depth in Power 4.,Potential Day 3 Pick,Multi-Year Starter,Consistent career presence; reliable rotational player or specialist.,nan,Multi-Year Starter,Consistent career presence; reliable rotational player or specialist.,nan,RB
202001126,Rocko Griffin,2020,RB,0.853,61.6607,55.70331954956055,57.386652737696856,57.386652737696856,Meaningful G5 Contributor,Standout starter at the Group of 5 level; high-end depth in Power 4.,Potential Day 3 Pick,Multi-Year Starter,Consistent career presence; reliable rotational player or specialist.,nan,Multi-Year Starter,Consistent career presence; reliable rotational player or specialist.,nan,RB
202001131,Quinton Cooley,2020,RB,0.8522,67.7168,64.2442626953125,71.73274654331816,71.73274654331816,Meaningful G5 Contributor,Standout starter at the Group of 5 level; high-end depth in Power 4.,Potential Day 3 Pick,Meaningful G5 Contributor,Standout starter at the Group of 5 level; high-end depth in Power 4.,Potential Day 3 Pick,Meaningful P4 Contributor,Reliable multi-year starter at the highest level of competition.,Potential Day 2 Pick,RB
202001223,Deuce Vaughn,2020,APB,0.85,85.0247,49.08831787109375,42.076851504031616,42.076851504031616,Elite Power 4,All-Conference/All-American honors.,First round NFL Draft talent,Single Season Contributor,Late bloomer or one-year starter; limited career longevity.,nan,Single Season Contributor,Late bloomer or one-year starter; limited career longevity.,nan,RB
202001254,Rahjai Harris,2020,RB,0.8489,68.9643,56.848304748535156,59.20841437441099,59.20841437441099,Meaningful G5 Contributor,Standout starter at the Group of 5 level; high-end depth in Power 4.,Potential Day 3 Pick,Multi-Year Starter,Consistent career presence; reliable rotational player or specialist.,nan,Multi-Year Starter,Consistent career presence; reliable rotational player or specialist.,nan,RB
202001272,Ashton Stredick,2020,RB,0.8485,46.481,52.99502944946289,51.668243162879506,51.668243162879506,Single Season Contributor,Late bloomer or one-year starter; limited career longevity.,nan,Multi-Year Starter,Consistent career presence; reliable rotational player or specialist.,nan,Multi-Year Starter,Consistent career presence; reliable rotational player or specialist.,nan,RB
202001292,Kenny Tracy,2020,APB,0.8478,53.7428,55.679229736328125,57.36658164587822,57.36658164587822,Multi-Year Starter,Consistent career presence; reliable rotational player or specialist.,nan,Multi-Year Starter,Consistent career presence; reliable rotational player or specialist.,nan,Multi-Year Starter,Consistent career presence; reliable rotational player or specialist.,nan,RB
202001311,Emani Bailey,2020,RB,0.8467,71.6157,54.20880889892578,54.891901143471,54.891901143471,Meaningful P4 Contributor,Reliable multi-year starter at the highest level of competition.,Potential Day 2 Pick,Multi-Year Starter,Consistent career presence; reliable rotational player or specialist.,nan,Multi-Year Starter,Consistent career presence; reliable rotational player or specialist.,nan,RB
202001360,Damien Moore,2020,RB,0.8456,57.4137,51.110958099365234,47.60580779931355,47.60580779931355,Multi-Year Starter,Consistent career presence; reliable rotational player or specialist.,nan,Multi-Year Starter,Consistent career presence; reliable rotational player or specialist.,nan,Single Season Contributor,Late bloomer or one-year starter; limited career longevity.,nan,RB
202001379,Harlan Dixon,2020,RB,0.8444,45.5714,47.34585952758789,37.97956955795152,37.97956955795152,Single Season Contributor,Late bloomer or one-year starter; limited career longevity.,nan,Single Season Contributor,Late bloomer or one-year starter; limited career longevity.,nan,Partial Season Contributor,Rotational backup or special teams contributor; limited starts.,nan,RB
202001432,DJ Smith,2020,APB,0.8428,41.0955,46.63051986694336,35.626078374374515,35.626078374374515,Single Season Contributor,Late bloomer or one-year starter; limited career longevity.,nan,Single Season Contributor,Late bloomer or one-year starter; limited career longevity.,nan,Partial Season Contributor,Rotational backup or special teams contributor; limited starts.,nan,RB
202001433,Johnny Richardson,2020,APB,0.8426,65.0609,54.21321105957031,54.899192453475564,54.899192453475564,Meaningful G5 Contributor,Standout starter at the Group of 5 level; high-end depth in Power 4.,Potential Day 3 Pick,Multi-Year Starter,Consistent career presence; reliable rotational player or specialist.,nan,Multi-Year Starter,Consistent career presence; reliable rotational player or specialist.,nan,RB
202001471,Nate Noel,2020,RB,0.8417,70.3287,47.811458587646484,39.2502818837828,39.2502818837828,Meaningful P4 Contributor,Reliable multi-year starter at the highest level of competition.,Potential Day 2 Pick,Single Season Contributor,Late bloomer or one-year starter; limited career longevity.,nan,Partial Season Contributor,Rotational backup or special teams contributor; limited starts.,nan,RB
202001485,David Afari,2020,RB,0.8415,35.9752,55.43978500366211,57.16009761853467,57.16009761853467,Partial Season Contributor,Rotational backup or special teams contributor; limited starts.,nan,Multi-Year Starter,Consistent career presence; reliable rotational player or specialist.,nan,Multi-Year Starter,Consistent career presence; reliable rotational player or specialist.,nan,RB
202001500,Ikaika Ragsdale,2020,RB,0.8411,58.816,52.968257904052734,51.60492342971422,51.60492342971422,Multi-Year Starter,Consistent career presence; reliable rotational player or specialist.,nan,Multi-Year Starter,Consistent career presence; reliable rotational player or specialist.,nan,Multi-Year Starter,Consistent career presence; reliable rotational player or specialist.,nan,RB
202001502,Willie Eldridge,2020,RB,0.8411,30.1284,50.70100021362305,46.49222149678247,46.49222149678247,Partial Season Contributor,Rotational backup or special teams contributor; limited starts.,nan,Multi-Year Starter,Consistent career presence; reliable rotational player or specialist.,nan,Single Season Contributor,Late bloomer or one-year starter; limited career longevity.,nan,RB
202001616,Dominique Johnson,2020,RB,0.8378,59.2523,50.52825927734375,46.16842406570915,46.16842406570915,Multi-Year Starter,Consistent career presence; reliable rotational player or specialist.,nan,Multi-Year Starter,Consistent career presence; reliable rotational player or specialist.,nan,Single Season Contributor,Late bloomer or one-year starter; limited career longevity.,nan,RB
202001640,Brandon Thomas,2020,RB,0.837,63.0498,51.551231384277344,48.37741004804498,48.37741004804498,Meaningful G5 Contributor,Standout starter at the Group of 5 level; high-end depth in Power 4.,Potential Day 3 Pick,Multi-Year Starter,Consistent career presence; reliable rotational player or specialist.,nan,Single Season Contributor,Late bloomer or one-year starter; limited career longevity.,nan,RB
202001656,Ron Wiggins,2020,RB,0.8367,53.8167,49.106353759765625,42.13541931605709,42.13541931605709,Multi-Year Starter,Consistent career presence; reliable rotational player or specialist.,nan,Single Season Contributor,Late bloomer or one-year starter; limited career longevity.,nan,Single Season Contributor,Late bloomer or one-year starter; limited career longevity.,nan,RB
202001657,Jaylon Armstead,2020,RB,0.8367,55.5383,52.035762786865234,49.79443534775506,49.79443534775506,Multi-Year Starter,Consistent career presence; reliable rotational player or specialist.,nan,Multi-Year Starter,Consistent career presence; reliable rotational player or specialist.,nan,Single Season Contributor,Late bloomer or one-year starter; limited career longevity.,nan,RB
202001658,Jalen White,2020,RB,0.8367,68.3461,52.69268798828125,50.9587103503859,50.9587103503859,Meaningful G5 Contributor,Standout starter at the Group of 5 level; high-end depth in Power 4.,Potential Day 3 Pick,Multi-Year Starter,Consistent career presence; reliable rotational player or specialist.,nan,Multi-Year Starter,Consistent career presence; reliable rotational player or specialist.,nan,RB
202001731,Brian Battie,2020,RB,0.8337,70.5962,52.883766174316406,51.40713007579819,51.40713007579819,Meaningful P4 Contributor,Reliable multi-year starter at the highest level of competition.,Potential Day 2 Pick,Multi-Year Starter,Consistent career presence; reliable rotational player or specialist.,nan,Multi-Year Starter,Consistent career presence; reliable rotational player or specialist.,nan,RB
202001767,Keaton Mitchell,2020,APB,0.8322,70.0401,53.8669319152832,54.20679276045076,54.20679276045076,Meaningful P4 Contributor,Reliable multi-year starter at the highest level of competition.,Potential Day 2 Pick,Multi-Year Starter,Consistent career presence; reliable rotational player or specialist.,nan,Multi-Year Starter,Consistent career presence; reliable rotational player or specialist.,nan,RB
202001777,Dylan Downing,2020,RB,0.8319,57.3787,66.76618194580078,75.01527731551991,75.01527731551991,Multi-Year Starter,Consistent career presence; reliable rotational player or specialist.,nan,Meaningful G5 Contributor,Standout starter at the Group of 5 level; high-end depth in Power 4.,Potential Day 3 Pick,Meaningful P4 Contributor,Reliable multi-year starter at the highest level of competition.,Potential Day 2 Pick,RB
202001806,Kaedric Cobbs,2020,RB,0.8315,47.9918,53.99720001220703,54.52089664807403,54.52089664807403,Single Season Contributor,Late bloomer or one-year starter; limited career longevity.,nan,Multi-Year Starter,Consistent career presence; reliable rotational player or specialist.,nan,Multi-Year Starter,Consistent career presence; reliable rotational player or specialist.,nan,RB
202001826,Myles Bailey,2020,RB,0.8307,50.3768,52.60000991821289,50.74189553798663,50.74189553798663,Multi-Year Starter,Consistent career presence; reliable rotational player or specialist.,nan,Multi-Year Starter,Consistent career presence; reliable rotational player or specialist.,nan,Multi-Year Starter,Consistent career presence; reliable rotational player or specialist.,nan,RB
202001897,CJ Beasley,2020,RB,0.83,56.1811,52.04827117919922,49.84992209449527,49.84992209449527,Multi-Year Starter,Consistent career presence; reliable rotational player or specialist.,nan,Multi-Year Starter,Consistent career presence; reliable rotational player or specialist.,nan,Single Season Contributor,Late bloomer or one-year starter; limited career longevity.,nan,RB
202001915,Donovan Eaglin,2020,RB,0.8293,45.8986,51.49106216430664,48.25168680905589,48.25168680905589,Single Season Contributor,Late bloomer or one-year starter; limited career longevity.,nan,Multi-Year Starter,Consistent career presence; reliable rotational player or specialist.,nan,Single Season Contributor,Late bloomer or one-year starter; limited career longevity.,nan,RB
202001922,Avery Morrow,2020,RB,0.8285,61.1949,51.587284088134766,48.45274196535214,48.45274196535214,Meaningful G5 Contributor,Standout starter at the Group of 5 level; high-end depth in Power 4.,Potential Day 3 Pick,Multi-Year Starter,Consistent career presence; reliable rotational player or specialist.,nan,Single Season Contributor,Late bloomer or one-year starter; limited career longevity.,nan,RB
202001965,Kyle Monangai,2020,RB,0.8267,80.7298,52.87045669555664,51.37696518153694,51.37696518153694,Elite Power 4,All-Conference/All-American honors.,First round NFL Draft talent,Multi-Year Starter,Consistent career presence; reliable rotational player or specialist.,nan,Multi-Year Starter,Consistent career presence; reliable rotational player or specialist.,nan,RB
202001982,Dewayne McBride,2020,RB,0.8267,71.9246,50.31901550292969,45.64277363719709,45.64277363719709,Meaningful P4 Contributor,Reliable multi-year starter at the highest level of competition.,Potential Day 2 Pick,Multi-Year Starter,Consistent career presence; reliable rotational player or specialist.,nan,Single Season Contributor,Late bloomer or one-year starter; limited career longevity.,nan,RB
202002020,Elelyon Noa,2020,RB,0.8256,49.5652,53.92133331298828,54.350969287621346,54.350969287621346,Single Season Contributor,Late bloomer or one-year starter; limited career longevity.,nan,Multi-Year Starter,Consistent career presence; reliable rotational player or specialist.,nan,Multi-Year Starter,Consistent career presence; reliable rotational player or specialist.,nan,RB
202002044,Marcus Carroll,2020,RB,0.8248,70.6264,52.96418380737305,51.59528742586404,51.59528742586404,Meaningful P4 Contributor,Reliable multi-year starter at the highest level of competition.,Potential Day 2 Pick,Multi-Year Starter,Consistent career presence; reliable rotational player or specialist.,nan,Multi-Year Starter,Consistent career presence; reliable rotational player or specialist.,nan,RB
202002045,Ta'Ron Keith,2020,RB,0.8248,60.1004,53.71477127075195,53.71780860210276,53.71780860210276,Meaningful G5 Contributor,Standout starter at the Group of 5 level; high-end depth in Power 4.,Potential Day 3 Pick,Multi-Year Starter,Consistent career presence; reliable rotational player or specialist.,nan,Multi-Year Starter,Consistent career presence; reliable rotational player or specialist.,nan,RB
202002063,Shamar Garrett,2020,APB,0.8237,48.4705,50.00092697143555,44.82984393848781,44.82984393848781,Single Season Contributor,Late bloomer or one-year starter; limited career longevity.,nan,Multi-Year Starter,Consistent career presence; reliable rotational player or specialist.,nan,Single Season Contributor,Late bloomer or one-year starter; limited career longevity.,nan,RB
202002079,Jaylon Lott,2020,RB,0.8226,32.6058,52.89715576171875,51.437476530042105,51.437476530042105,Partial Season Contributor,Rotational backup or special teams contributor; limited starts.,nan,Multi-Year Starter,Consistent career presence; reliable rotational player or specialist.,nan,Multi-Year Starter,Consistent career presence; reliable rotational player or specialist.,nan,RB
202002153,Isaiah Johnson,2020,RB,0.82,55.352,51.10781478881836,47.59220317780388,47.59220317780388,Multi-Year Starter,Consistent career presence; reliable rotational player or specialist.,nan,Multi-Year Starter,Consistent career presence; reliable rotational player or specialist.,nan,Single Season Contributor,Late bloomer or one-year starter; limited career longevity.,nan,RB
202002185,Jaquez Yant,2020,RB,0.82,54.3906,50.888084411621094,46.969985764374634,46.969985764374634,Multi-Year Starter,Consistent career presence; reliable rotational player or specialist.,nan,Multi-Year Starter,Consistent career presence; reliable rotational player or specialist.,nan,Single Season Contributor,Late bloomer or one-year starter; limited career longevity.,nan,RB
202002193,Isaiah Connelly,2020,RB,0.82,20.501,53.71268844604492,53.71072658925619,53.71072658925619,Partial Season Contributor,Rotational backup or special teams contributor; limited starts.,nan,Multi-Year Starter,Consistent career presence; reliable rotational player or specialist.,nan,Multi-Year Starter,Consistent career presence; reliable rotational player or specialist.,nan,RB
202002253,Terion Stewart,2020,RB,0.8185,67.4044,56.88201141357422,59.23273403510614,59.23273403510614,Meaningful G5 Contributor,Standout starter at the Group of 5 level; high-end depth in Power 4.,Potential Day 3 Pick,Multi-Year Starter,Consistent career presence; reliable rotational player or specialist.,nan,Multi-Year Starter,Consistent career presence; reliable rotational player or specialist.,nan,RB
202002271,Anton Hall,2020,APB,0.8178,52.7477,50.59777069091797,46.298094027959415,46.298094027959415,Multi-Year Starter,Consistent career presence; reliable rotational player or specialist.,nan,Multi-Year Starter,Consistent career presence; reliable rotational player or specialist.,nan,Single Season Contributor,Late bloomer or one-year starter; limited career longevity.,nan,RB
202002374,Jayle Stacks,2020,RB,0.8144,47.7095,43.1549186706543,28.780770040794412,28.780770040794412,Single Season Contributor,Late bloomer or one-year starter; limited career longevity.,nan,Single Season Contributor,Late bloomer or one-year starter; limited career longevity.,nan,Partial Season Contributor,Rotational backup or special teams contributor; limited starts.,nan,RB
202002411,Jared Cole,2020,APB,0.8122,28.8989,57.074440002441406,59.4777443290996,59.4777443290996,Partial Season Contributor,Rotational backup or special teams contributor; limited starts.,nan,Multi-Year Starter,Consistent career presence; reliable rotational player or specialist.,nan,Multi-Year Starter,Consistent career presence; reliable rotational player or specialist.,nan,RB
202002419,Marquez Cooper,2020,RB,0.8117,72.9236,50.111473083496094,45.15060746549379,45.15060746549379,Meaningful P4 Contributor,Reliable multi-year starter at the highest level of competition.,Potential Day 2 Pick,Multi-Year Starter,Consistent career presence; reliable rotational player or specialist.,nan,Single Season Contributor,Late bloomer or one-year starter; limited career longevity.,nan,RB
202002441,Kaelon Black,2020,RB,0.8117,68.8377,54.495567321777344,55.37802512236509,55.37802512236509,Meaningful G5 Contributor,Standout starter at the Group of 5 level; high-end depth in Power 4.,Potential Day 3 Pick,Multi-Year Starter,Consistent career presence; reliable rotational player or specialist.,nan,Multi-Year Starter,Consistent career presence; reliable rotational player or specialist.,nan,RB
202002545,Miles Stewart,2020,RB,0.81,48.512,54.16851806640625,54.82516733387991,54.82516733387991,Single Season Contributor,Late bloomer or one-year starter; limited career longevity.,nan,Multi-Year Starter,Consistent career presence; reliable rotational player or specialist.,nan,Multi-Year Starter,Consistent career presence; reliable rotational player or specialist.,nan,RB
202002692,Jonzell Norrils,2020,RB,0.8059,55.2211,49.59355163574219,43.805502757068055,43.805502757068055,Multi-Year Starter,Consistent career presence; reliable rotational player or specialist.,nan,Single Season Contributor,Late bloomer or one-year starter; limited career longevity.,nan,Single Season Contributor,Late bloomer or one-year starter; limited career longevity.,nan,RB
202002746,Marion Lukes,2020,APB,0.8033,60.2718,53.68100357055664,53.60299179309578,53.60299179309578,Meaningful G5 Contributor,Standout starter at the Group of 5 level; high-end depth in Power 4.,Potential Day 3 Pick,Multi-Year Starter,Consistent career presence; reliable rotational player or specialist.,nan,Multi-Year Starter,Consistent career presence; reliable rotational player or specialist.,nan,RB
202002765,Brian Brewton,2020,RB,0.8026,46.9396,54.136016845703125,54.771335478387,54.771335478387,Single Season Contributor,Late bloomer or one-year starter; limited career longevity.,nan,Multi-Year Starter,Consistent career presence; reliable rotational player or specialist.,nan,Multi-Year Starter,Consistent career presence; reliable rotational player or specialist.,nan,RB
202002813,Chavon McEachern,2020,RB,0.8006,44.9418,52.343196868896484,50.27677081031078,50.27677081031078,Single Season Contributor,Late bloomer or one-year starter; limited career longevity.,nan,Multi-Year Starter,Consistent career presence; reliable rotational player or specialist.,nan,Multi-Year Starter,Consistent career presence; reliable rotational player or specialist.,nan,RB
202002851,Logan Point,2020,RB,0.8,45.1972,47.744224548339844,39.02680761655306,39.02680761655306,Single Season Contributor,Late bloomer or one-year starter; limited career longevity.,nan,Single Season Contributor,Late bloomer or one-year starter; limited career longevity.,nan,Partial Season Contributor,Rotational backup or special teams contributor; limited starts.,nan,RB
202002892,Sy'veon Wilkerson,2020,RB,0.8,54.0073,66.29782104492188,74.11345774105243,74.11345774105243,Multi-Year Starter,Consistent career presence; reliable rotational player or specialist.,nan,Meaningful G5 Contributor,Standout starter at the Group of 5 level; high-end depth in Power 4.,Potential Day 3 Pick,Meaningful P4 Contributor,Reliable multi-year starter at the highest level of competition.,Potential Day 2 Pick,RB
202002959,Aiden Calvert,2020,RB,0.8,46.4167,50.614288330078125,46.32832746811652,46.32832746811652,Single Season Contributor,Late bloomer or one-year starter; limited career longevity.,nan,Multi-Year Starter,Consistent career presence; reliable rotational player or specialist.,nan,Single Season Contributor,Late bloomer or one-year starter; limited career longevity.,nan,RB
202002974,Jared Casey,2020,RB,0.8,40.6884,43.29404830932617,29.536155734686552,29.536155734686552,Single Season Contributor,Late bloomer or one-year starter; limited career longevity.,nan,Single Season Contributor,Late bloomer or one-year starter; limited career longevity.,nan,Partial Season Contributor,Rotational backup or special teams contributor; limited starts.,nan,RB
202002997,Harrison Waylee,2020,APB,0.7985,72.4651,51.95545196533203,49.47739532046586,49.47739532046586,Meaningful P4 Contributor,Reliable multi-year starter at the highest level of competition.,Potential Day 2 Pick,Multi-Year Starter,Consistent career presence; reliable rotational player or specialist.,nan,Single Season Contributor,Late bloomer or one-year starter; limited career longevity.,nan,RB
202003039,Terry Wilkins,2020,RB,0.7956,47.9187,52.41258239746094,50.39019912518659,50.39019912518659,Single Season Contributor,Late bloomer or one-year starter; limited career longevity.,nan,Multi-Year Starter,Consistent career presence; reliable rotational player or specialist.,nan,Multi-Year Starter,Consistent career presence; reliable rotational player or specialist.,nan,RB
202003086,Nate Carter,2020,RB,0.793,67.5595,53.52464294433594,53.09441150114071,53.09441150114071,Meaningful G5 Contributor,Standout starter at the Group of 5 level; high-end depth in Power 4.,Potential Day 3 Pick,Multi-Year Starter,Consistent career presence; reliable rotational player or specialist.,nan,Multi-Year Starter,Consistent career presence; reliable rotational player or specialist.,nan,RB
202003392,Kevin Davis,2020,APB,0.7822,56.6999,42.2725944519043,25.381758028390806,25.381758028390806,Multi-Year Starter,Consistent career presence; reliable rotational player or specialist.,nan,Single Season Contributor,Late bloomer or one-year starter; limited career longevity.,nan,Partial Season Contributor,Rotational backup or special teams contributor; limited starts.,nan,RB
202003415,Dylan Paine,2020,RB,0.78,49.3491,42.74076843261719,26.532196926383676,26.532196926383676,Single Season Contributor,Late bloomer or one-year starter; limited career longevity.,nan,Single Season Contributor,Late bloomer or one-year starter; limited career longevity.,nan,Partial Season Contributor,Rotational backup or special teams contributor; limited starts.,nan,RB
202003538,Obie Sanni,2020,RB,0.78,45.9637,47.27896499633789,37.74934700573305,37.74934700573305,Single Season Contributor,Late bloomer or one-year starter; limited career longevity.,nan,Single Season Contributor,Late bloomer or one-year starter; limited career longevity.,nan,Partial Season Contributor,Rotational backup or special teams contributor; limited starts.,nan,RB
202003560,Jarel Dickson,2020,RB,0.7783,35.7937,40.44322967529297,21.808858477004915,21.808858477004915,Partial Season Contributor,Rotational backup or special teams contributor; limited starts.,nan,Single Season Contributor,Late bloomer or one-year starter; limited career longevity.,nan,Partial Season Contributor,Rotational backup or special teams contributor; limited starts.,nan,RB
202003573,Owen Burk,2020,RB,0.7744,46.6308,42.92201232910156,27.516236328889804,27.516236328889804,Single Season Contributor,Late bloomer or one-year starter; limited career longevity.,nan,Single Season Contributor,Late bloomer or one-year starter; limited career longevity.,nan,Partial Season Contributor,Rotational backup or special teams contributor; limited starts.,nan,RB
202003628,Charlie Spegal,2020,FB,0.77,51.4553,39.59196090698242,20.102698861488207,20.102698861488207,Multi-Year Starter,Consistent career presence; reliable rotational player or specialist.,nan,Partial Season Contributor,Rotational backup or special teams contributor; limited starts.,nan,Partial Season Contributor,Rotational backup or special teams contributor; limited starts.,nan,RB
202003675,Quali Conley,2020,RB,0.77,64.3916,48.48927307128906,40.56215022948926,40.56215022948926,Meaningful G5 Contributor,Standout starter at the Group of 5 level; high-end depth in Power 4.,Potential Day 3 Pick,Single Season Contributor,Late bloomer or one-year starter; limited career longevity.,nan,Single Season Contributor,Late bloomer or one-year starter; limited career longevity.,nan,RB
202003691,Devontae Houston,2020,RB,0.77,54.7877,49.64155578613281,43.912721555838985,43.912721555838985,Multi-Year Starter,Consistent career presence; reliable rotational player or specialist.,nan,Single Season Contributor,Late bloomer or one-year starter; limited career longevity.,nan,Single Season Contributor,Late bloomer or one-year starter; limited career longevity.,nan,RB
202003831,Lincoln Pare,2020,RB,0.7583,66.6184,48.79142379760742,41.21091994325062,41.21091994325062,Meaningful G5 Contributor,Standout starter at the Group of 5 level; high-end depth in Power 4.,Potential Day 3 Pick,Single Season Contributor,Late bloomer or one-year starter; limited career longevity.,nan,Single Season Contributor,Late bloomer or one-year starter; limited career longevity.,nan,RB
202003930,Dominic Gonnella,2020,RB,0.7,39.496,57.61805725097656,60.15975474330251,60.15975474330251,Partial Season Contributor,Rotational backup or special teams contributor; limited starts.,nan,Multi-Year Starter,Consistent career presence; reliable rotational player or specialist.,nan,Meaningful G5 Contributor,Standout starter at the Group of 5 level; high-end depth in Power 4.,Potential Day 3 Pick,RB
202100023,TreVeyon Henderson,2021,RB,0.9872,88.8508,60.31086349487305,64.37671007281278,64.37671007281278,Elite Power 4,All-Conference/All-American honors.,First round NFL Draft talent,Meaningful G5 Contributor,Standout starter at the Group of 5 level; high-end depth in Power 4.,Potential Day 3 Pick,Meaningful G5 Contributor,Standout starter at the Group of 5 level; high-end depth in Power 4.,Potential Day 3 Pick,RB
202100032,Will Shipley,2021,RB,0.9839,75.1721,70.21491241455078,80.14141594086307,80.14141594086307,Meaningful P4 Contributor,Reliable multi-year starter at the highest level of competition.,Potential Day 2 Pick,Meaningful P4 Contributor,Reliable multi-year starter at the highest level of competition.,Potential Day 2 Pick,Elite Power 4,All-Conference/All-American honors.,First round NFL Draft talent,RB
202100034,Camar Wheaton,2021,RB,0.9834,57.1237,72.00498962402344,82.7315919351351,82.7315919351351,Multi-Year Starter,Consistent career presence; reliable rotational player or specialist.,nan,Meaningful P4 Contributor,Reliable multi-year starter at the highest level of competition.,Potential Day 2 Pick,Elite Power 4,All-Conference/All-American honors.,First round NFL Draft talent,RB
202100042,Donovan Edwards,2021,RB,0.9806,80.6133,74.98005676269531,90.3510885101149,90.3510885101149,Elite Power 4,All-Conference/All-American honors.,First round NFL Draft talent,Meaningful P4 Contributor,Reliable multi-year starter at the highest level of competition.,Potential Day 2 Pick,Elite Power 4,All-Conference/All-American honors.,First round NFL Draft talent,RB
202100046,LJ Johnson Jr.,2021,RB,0.9779,30.6125,68.40203857421875,78.1511158550704,78.1511158550704,Partial Season Contributor,Rotational backup or special teams contributor; limited starts.,nan,Meaningful G5 Contributor,Standout starter at the Group of 5 level; high-end depth in Power 4.,Potential Day 3 Pick,Meaningful P4 Contributor,Reliable multi-year starter at the highest level of competition.,Potential Day 2 Pick,RB
202100083,Evan Pryor,2021,RB,0.9628,62.9718,66.8274154663086,75.14348754577732,75.14348754577732,Meaningful G5 Contributor,Standout starter at the Group of 5 level; high-end depth in Power 4.,Potential Day 3 Pick,Meaningful G5 Contributor,Standout starter at the Group of 5 level; high-end depth in Power 4.,Potential Day 3 Pick,Meaningful P4 Contributor,Reliable multi-year starter at the highest level of competition.,Potential Day 2 Pick,RB
202100095,Armoni Goodwin,2021,RB,0.9584,56.3831,65.68001556396484,73.30093145690711,73.30093145690711,Multi-Year Starter,Consistent career presence; reliable rotational player or specialist.,nan,Meaningful G5 Contributor,Standout starter at the Group of 5 level; high-end depth in Power 4.,Potential Day 3 Pick,Meaningful P4 Contributor,Reliable multi-year starter at the highest level of competition.,Potential Day 2 Pick,RB
202100151,Seven McGee,2021,RB,0.935,44.1862,68.4317855834961,78.24477148253519,78.24477148253519,Single Season Contributor,Late bloomer or one-year starter; limited career longevity.,nan,Meaningful G5 Contributor,Standout starter at the Group of 5 level; high-end depth in Power 4.,Potential Day 3 Pick,Meaningful P4 Contributor,Reliable multi-year starter at the highest level of competition.,Potential Day 2 Pick,RB
202100162,Corey Kiner,2021,RB,0.9317,70.8716,73.10311126708984,85.56539074406084,85.56539074406084,Meaningful P4 Contributor,Reliable multi-year starter at the highest level of competition.,Potential Day 2 Pick,Meaningful P4 Contributor,Reliable multi-year starter at the highest level of competition.,Potential Day 2 Pick,Elite Power 4,All-Conference/All-American honors.,First round NFL Draft talent,RB
202100188,Phil Mafah,2021,RB,0.9237,76.4779,61.46586227416992,66.64890225968138,66.64890225968138,Meaningful P4 Contributor,Reliable multi-year starter at the highest level of competition.,Potential Day 2 Pick,Meaningful G5 Contributor,Standout starter at the Group of 5 level; high-end depth in Power 4.,Potential Day 3 Pick,Meaningful G5 Contributor,Standout starter at the Group of 5 level; high-end depth in Power 4.,Potential Day 3 Pick,RB
202100193,Byron Cardwell Jr.,2021,RB,0.9226,54.6048,64.20018768310547,71.68184725610853,71.68184725610853,Multi-Year Starter,Consistent career presence; reliable rotational player or specialist.,nan,Meaningful G5 Contributor,Standout starter at the Group of 5 level; high-end depth in Power 4.,Potential Day 3 Pick,Meaningful P4 Contributor,Reliable multi-year starter at the highest level of competition.,Potential Day 2 Pick,RB
202100231,Audric Estime,2021,RB,0.9146,72.3911,65.60356903076172,73.22457652273688,73.22457652273688,Meaningful P4 Contributor,Reliable multi-year starter at the highest level of competition.,Potential Day 2 Pick,Meaningful G5 Contributor,Standout starter at the Group of 5 level; high-end depth in Power 4.,Potential Day 3 Pick,Meaningful P4 Contributor,Reliable multi-year starter at the highest level of competition.,Potential Day 2 Pick,RB
202100241,Cody Brown,2021,RB,0.9134,45.3848,60.17540740966797,64.22015661102361,64.22015661102361,Single Season Contributor,Late bloomer or one-year starter; limited career longevity.,nan,Meaningful G5 Contributor,Standout starter at the Group of 5 level; high-end depth in Power 4.,Potential Day 3 Pick,Meaningful G5 Contributor,Standout starter at the Group of 5 level; high-end depth in Power 4.,Potential Day 3 Pick,RB
202100243,Amari Daniels,2021,RB,0.9131,69.2487,55.12274169921875,56.765579744714174,56.765579744714174,Meaningful G5 Contributor,Standout starter at the Group of 5 level; high-end depth in Power 4.,Potential Day 3 Pick,Multi-Year Starter,Consistent career presence; reliable rotational player or specialist.,nan,Multi-Year Starter,Consistent career presence; reliable rotational player or specialist.,nan,RB
202100262,Kamarro Edmonds,2021,RB,0.9087,39.5526,56.49027633666992,58.91912989041155,58.91912989041155,Partial Season Contributor,Rotational backup or special teams contributor; limited starts.,nan,Multi-Year Starter,Consistent career presence; reliable rotational player or specialist.,nan,Multi-Year Starter,Consistent career presence; reliable rotational player or specialist.,nan,RB
202100310,Ke'Travion Hargrove,2021,RB,0.9001,48.0023,67.32437133789062,75.95577613423782,75.95577613423782,Single Season Contributor,Late bloomer or one-year starter; limited career longevity.,nan,Meaningful G5 Contributor,Standout starter at the Group of 5 level; high-end depth in Power 4.,Potential Day 3 Pick,Meaningful P4 Contributor,Reliable multi-year starter at the highest level of competition.,Potential Day 2 Pick,RB
202100337,Brandon Campbell,2021,RB,0.8978,57.2625,62.457672119140625,68.89065718749472,68.89065718749472,Multi-Year Starter,Consistent career presence; reliable rotational player or specialist.,nan,Meaningful G5 Contributor,Standout starter at the Group of 5 level; high-end depth in Power 4.,Potential Day 3 Pick,Meaningful G5 Contributor,Standout starter at the Group of 5 level; high-end depth in Power 4.,Potential Day 3 Pick,RB
202100340,Bucky Irving,2021,RB,0.8972,75.3834,58.46135711669922,61.28318652793764,61.28318652793764,Meaningful P4 Contributor,Reliable multi-year starter at the highest level of competition.,Potential Day 2 Pick,Multi-Year Starter,Consistent career presence; reliable rotational player or specialist.,nan,Meaningful G5 Contributor,Standout starter at the Group of 5 level; high-end depth in Power 4.,Potential Day 3 Pick,RB
202100356,Jonathon Brooks,2021,RB,0.8956,69.8431,61.941192626953125,67.63418020858175,67.63418020858175,Meaningful G5 Contributor,Standout starter at the Group of 5 level; high-end depth in Power 4.,Potential Day 3 Pick,Meaningful G5 Contributor,Standout starter at the Group of 5 level; high-end depth in Power 4.,Potential Day 3 Pick,Meaningful G5 Contributor,Standout starter at the Group of 5 level; high-end depth in Power 4.,Potential Day 3 Pick,RB
202100403,Tavierre Dunlap,2021,RB,0.8899,52.5087,61.19401550292969,66.0976785034072,66.0976785034072,Multi-Year Starter,Consistent career presence; reliable rotational player or specialist.,nan,Meaningful G5 Contributor,Standout starter at the Group of 5 level; high-end depth in Power 4.,Potential Day 3 Pick,Meaningful G5 Contributor,Standout starter at the Group of 5 level; high-end depth in Power 4.,Potential Day 3 Pick,RB
202100410,Alton McCaskill,2021,RB,0.8893,62.2285,59.95896911621094,63.95464157431368,63.95464157431368,Meaningful G5 Contributor,Standout starter at the Group of 5 level; high-end depth in Power 4.,Potential Day 3 Pick,Multi-Year Starter,Consistent career presence; reliable rotational player or specialist.,nan,Meaningful G5 Contributor,Standout starter at the Group of 5 level; high-end depth in Power 4.,Potential Day 3 Pick,RB
202100421,Devin Neal,2021,RB,0.8888,87.1147,68.9778823852539,78.88785235399011,78.88785235399011,Elite Power 4,All-Conference/All-American honors.,First round NFL Draft talent,Meaningful G5 Contributor,Standout starter at the Group of 5 level; high-end depth in Power 4.,Potential Day 3 Pick,Meaningful P4 Contributor,Reliable multi-year starter at the highest level of competition.,Potential Day 2 Pick,RB
202100452,Justin Johnson Jr.,2021,RB,0.8856,57.4604,62.19790267944336,68.3772061681449,68.3772061681449,Multi-Year Starter,Consistent career presence; reliable rotational player or specialist.,nan,Meaningful G5 Contributor,Standout starter at the Group of 5 level; high-end depth in Power 4.,Potential Day 3 Pick,Meaningful G5 Contributor,Standout starter at the Group of 5 level; high-end depth in Power 4.,Potential Day 3 Pick,RB
202100474,Cam'Ron Valdez,2021,RB,0.8833,54.8956,61.557716369628906,66.90907039530812,66.90907039530812,Multi-Year Starter,Consistent career presence; reliable rotational player or specialist.,nan,Meaningful G5 Contributor,Standout starter at the Group of 5 level; high-end depth in Power 4.,Potential Day 3 Pick,Meaningful G5 Contributor,Standout starter at the Group of 5 level; high-end depth in Power 4.,Potential Day 3 Pick,RB
202100502,Logan Diggs,2021,RB,0.8815,73.0025,54.49864959716797,55.38270870170145,55.38270870170145,Meaningful P4 Contributor,Reliable multi-year starter at the highest level of competition.,Potential Day 2 Pick,Multi-Year Starter,Consistent career presence; reliable rotational player or specialist.,nan,Multi-Year Starter,Consistent career presence; reliable rotational player or specialist.,nan,RB
202100537,Jordan Jenkins,2021,RB,0.8785,44.7181,60.76140594482422,65.24823897764794,65.24823897764794,Single Season Contributor,Late bloomer or one-year starter; limited career longevity.,nan,Meaningful G5 Contributor,Standout starter at the Group of 5 level; high-end depth in Power 4.,Potential Day 3 Pick,Meaningful G5 Contributor,Standout starter at the Group of 5 level; high-end depth in Power 4.,Potential Day 3 Pick,RB
202100579,Anthony Tyus III,2021,RB,0.8756,64.5819,69.97203063964844,79.90772697097958,79.90772697097958,Meaningful G5 Contributor,Standout starter at the Group of 5 level; high-end depth in Power 4.,Potential Day 3 Pick,Meaningful G5 Contributor,Standout starter at the Group of 5 level; high-end depth in Power 4.,Potential Day 3 Pick,Meaningful P4 Contributor,Reliable multi-year starter at the highest level of competition.,Potential Day 2 Pick,RB
202100665,Jaylen Wright,2021,RB,0.8715,70.1545,60.4461669921875,64.57923106989587,64.57923106989587,Meaningful P4 Contributor,Reliable multi-year starter at the highest level of competition.,Potential Day 2 Pick,Meaningful G5 Contributor,Standout starter at the Group of 5 level; high-end depth in Power 4.,Potential Day 3 Pick,Meaningful G5 Contributor,Standout starter at the Group of 5 level; high-end depth in Power 4.,Potential Day 3 Pick,RB
202100686,Gabe Ervin Jr.,2021,RB,0.8704,55.6813,53.091636657714844,51.896855829383476,51.896855829383476,Multi-Year Starter,Consistent career presence; reliable rotational player or specialist.,nan,Multi-Year Starter,Consistent career presence; reliable rotational player or specialist.,nan,Multi-Year Starter,Consistent career presence; reliable rotational player or specialist.,nan,RB
202100712,Jarquez Hunter,2021,RB,0.8685,83.5213,58.67189025878906,61.76845761235794,61.76845761235794,Elite Power 4,All-Conference/All-American honors.,First round NFL Draft talent,Multi-Year Starter,Consistent career presence; reliable rotational player or specialist.,nan,Meaningful G5 Contributor,Standout starter at the Group of 5 level; high-end depth in Power 4.,Potential Day 3 Pick,RB
202100715,Kenji Christian,2021,RB,0.8685,53.4689,55.56251525878906,57.26933776222296,57.26933776222296,Multi-Year Starter,Consistent career presence; reliable rotational player or specialist.,nan,Multi-Year Starter,Consistent career presence; reliable rotational player or specialist.,nan,Multi-Year Starter,Consistent career presence; reliable rotational player or specialist.,nan,RB
202100742,Antario Brown,2021,RB,0.8674,63.7375,58.69154739379883,61.80747965981139,61.80747965981139,Meaningful G5 Contributor,Standout starter at the Group of 5 level; high-end depth in Power 4.,Potential Day 3 Pick,Multi-Year Starter,Consistent career presence; reliable rotational player or specialist.,nan,Meaningful G5 Contributor,Standout starter at the Group of 5 level; high-end depth in Power 4.,Potential Day 3 Pick,RB
202100745,Taj Butts,2021,RB,0.867,36.4007,55.98174285888672,58.02699719506062,58.02699719506062,Partial Season Contributor,Rotational backup or special teams contributor; limited starts.,nan,Multi-Year Starter,Consistent career presence; reliable rotational player or specialist.,nan,Multi-Year Starter,Consistent career presence; reliable rotational player or specialist.,nan,RB
202100771,Juju McDowell,2021,RB,0.8663,59.6463,51.63038635253906,48.57527829088232,48.57527829088232,Multi-Year Starter,Consistent career presence; reliable rotational player or specialist.,nan,Multi-Year Starter,Consistent career presence; reliable rotational player or specialist.,nan,Single Season Contributor,Late bloomer or one-year starter; limited career longevity.,nan,RB
202100820,BJ Harris,2021,RB,0.8641,51.8365,62.138954162597656,68.18655974975348,68.18655974975348,Multi-Year Starter,Consistent career presence; reliable rotational player or specialist.,nan,Meaningful G5 Contributor,Standout starter at the Group of 5 level; high-end depth in Power 4.,Potential Day 3 Pick,Meaningful G5 Contributor,Standout starter at the Group of 5 level; high-end depth in Power 4.,Potential Day 3 Pick,RB
202100833,Terrence Williams,2021,RB,0.8633,44.3683,53.423851013183594,52.80587378293225,52.80587378293225,Single Season Contributor,Late bloomer or one-year starter; limited career longevity.,nan,Multi-Year Starter,Consistent career presence; reliable rotational player or specialist.,nan,Multi-Year Starter,Consistent career presence; reliable rotational player or specialist.,nan,RB
202100892,Al-Shadee Salaam,2021,RB,0.8611,52.4465,64.57865905761719,72.11891856312059,72.11891856312059,Multi-Year Starter,Consistent career presence; reliable rotational player or specialist.,nan,Meaningful G5 Contributor,Standout starter at the Group of 5 level; high-end depth in Power 4.,Potential Day 3 Pick,Meaningful P4 Contributor,Reliable multi-year starter at the highest level of competition.,Potential Day 2 Pick,RB
202100902,Montrell Johnson Jr.,2021,RB,0.8607,80.8485,53.246036529541016,52.26385353290924,52.26385353290924,Elite Power 4,All-Conference/All-American honors.,First round NFL Draft talent,Multi-Year Starter,Consistent career presence; reliable rotational player or specialist.,nan,Multi-Year Starter,Consistent career presence; reliable rotational player or specialist.,nan,RB
202100923,Rico Barfield,2021,RB,0.8596,42.258,45.97734069824219,34.31691698044842,34.31691698044842,Single Season Contributor,Late bloomer or one-year starter; limited career longevity.,nan,Single Season Contributor,Late bloomer or one-year starter; limited career longevity.,nan,Partial Season Contributor,Rotational backup or special teams contributor; limited starts.,nan,RB
202100939,Brandon Epton Jr.,2021,RB,0.8589,41.9857,60.68323516845703,65.03363242411999,65.03363242411999,Single Season Contributor,Late bloomer or one-year starter; limited career longevity.,nan,Meaningful G5 Contributor,Standout starter at the Group of 5 level; high-end depth in Power 4.,Potential Day 3 Pick,Meaningful G5 Contributor,Standout starter at the Group of 5 level; high-end depth in Power 4.,Potential Day 3 Pick,RB
202100953,Xavier Coleman,2021,RB,0.8585,45.0308,61.32316589355469,66.36061981215126,66.36061981215126,Single Season Contributor,Late bloomer or one-year starter; limited career longevity.,nan,Meaningful G5 Contributor,Standout starter at the Group of 5 level; high-end depth in Power 4.,Potential Day 3 Pick,Meaningful G5 Contributor,Standout starter at the Group of 5 level; high-end depth in Power 4.,Potential Day 3 Pick,RB
202100955,K'wan Powell,2021,RB,0.8585,46.277,56.47684097290039,58.89179694322666,58.89179694322666,Single Season Contributor,Late bloomer or one-year starter; limited career longevity.,nan,Multi-Year Starter,Consistent career presence; reliable rotational player or specialist.,nan,Multi-Year Starter,Consistent career presence; reliable rotational player or specialist.,nan,RB
202100972,Iverson Celestine,2021,RB,0.8578,50.8593,53.549625396728516,53.17385021552181,53.17385021552181,Multi-Year Starter,Consistent career presence; reliable rotational player or specialist.,nan,Multi-Year Starter,Consistent career presence; reliable rotational player or specialist.,nan,Multi-Year Starter,Consistent career presence; reliable rotational player or specialist.,nan,RB
202100986,Jaden Nixon,2021,RB,0.8578,69.871,51.813880920410156,49.17506573156716,49.17506573156716,Meaningful G5 Contributor,Standout starter at the Group of 5 level; high-end depth in Power 4.,Potential Day 3 Pick,Multi-Year Starter,Consistent career presence; reliable rotational player or specialist.,nan,Single Season Contributor,Late bloomer or one-year starter; limited career longevity.,nan,RB
202101026,Will Towns,2021,RB,0.8563,44.8971,60.37359619140625,64.44921342912028,64.44921342912028,Single Season Contributor,Late bloomer or one-year starter; limited career longevity.,nan,Meaningful G5 Contributor,Standout starter at the Group of 5 level; high-end depth in Power 4.,Potential Day 3 Pick,Meaningful G5 Contributor,Standout starter at the Group of 5 level; high-end depth in Power 4.,Potential Day 3 Pick,RB
202101040,Myles Montgomery,2021,RB,0.8556,63.286,50.102760314941406,45.13010813828212,45.13010813828212,Meaningful G5 Contributor,Standout starter at the Group of 5 level; high-end depth in Power 4.,Potential Day 3 Pick,Multi-Year Starter,Consistent career presence; reliable rotational player or specialist.,nan,Single Season Contributor,Late bloomer or one-year starter; limited career longevity.,nan,RB
202101092,Davion Primm,2021,RB,0.8541,40.5686,57.33917236328125,59.814636373468,59.814636373468,Single Season Contributor,Late bloomer or one-year starter; limited career longevity.,nan,Multi-Year Starter,Consistent career presence; reliable rotational player or specialist.,nan,Multi-Year Starter,Consistent career presence; reliable rotational player or specialist.,nan,RB
202101093,Amaad Foston,2021,RB,0.8541,32.5089,58.000457763671875,60.81472383380653,60.81472383380653,Partial Season Contributor,Rotational backup or special teams contributor; limited starts.,nan,Multi-Year Starter,Consistent career presence; reliable rotational player or specialist.,nan,Meaningful G5 Contributor,Standout starter at the Group of 5 level; high-end depth in Power 4.,Potential Day 3 Pick,RB
202101116,Malachi Thomas,2021,RB,0.8533,65.4462,56.04154968261719,58.11402873350303,58.11402873350303,Meaningful G5 Contributor,Standout starter at the Group of 5 level; high-end depth in Power 4.,Potential Day 3 Pick,Multi-Year Starter,Consistent career presence; reliable rotational player or specialist.,nan,Multi-Year Starter,Consistent career presence; reliable rotational player or specialist.,nan,RB
202101131,Chance Black,2021,RB,0.8522,47.8246,59.7535285949707,63.67382602927699,63.67382602927699,Single Season Contributor,Late bloomer or one-year starter; limited career longevity.,nan,Multi-Year Starter,Consistent career presence; reliable rotational player or specialist.,nan,Meaningful G5 Contributor,Standout starter at the Group of 5 level; high-end depth in Power 4.,Potential Day 3 Pick,RB
202101170,Demie Sumo-Karngbaye,2021,RB,0.8511,63.1438,60.16416931152344,64.20716817151727,64.20716817151727,Meaningful G5 Contributor,Standout starter at the Group of 5 level; high-end depth in Power 4.,Potential Day 3 Pick,Meaningful G5 Contributor,Standout starter at the Group of 5 level; high-end depth in Power 4.,Potential Day 3 Pick,Meaningful G5 Contributor,Standout starter at the Group of 5 level; high-end depth in Power 4.,Potential Day 3 Pick,RB
202101171,Trent Davis,2021,RB,0.8511,22.482,57.39520263671875,59.885213782041305,59.885213782041305,Partial Season Contributor,Rotational backup or special teams contributor; limited starts.,nan,Multi-Year Starter,Consistent career presence; reliable rotational player or specialist.,nan,Multi-Year Starter,Consistent career presence; reliable rotational player or specialist.,nan,RB
202101202,Colby McDonald,2021,RB,0.85,59.775,59.738407135009766,63.64896264443124,63.64896264443124,Multi-Year Starter,Consistent career presence; reliable rotational player or specialist.,nan,Multi-Year Starter,Consistent career presence; reliable rotational player or specialist.,nan,Meaningful G5 Contributor,Standout starter at the Group of 5 level; high-end depth in Power 4.,Potential Day 3 Pick,RB
202101225,Brendon Barrow,2021,RB,0.8493,40.3672,58.359718322753906,61.082935740081744,61.082935740081744,Single Season Contributor,Late bloomer or one-year starter; limited career longevity.,nan,Multi-Year Starter,Consistent career presence; reliable rotational player or specialist.,nan,Meaningful G5 Contributor,Standout starter at the Group of 5 level; high-end depth in Power 4.,Potential Day 3 Pick,RB
202101249,Kendrell Williams,2021,RB,0.8481,31.6723,58.880157470703125,62.21418034908077,62.21418034908077,Partial Season Contributor,Rotational backup or special teams contributor; limited starts.,nan,Multi-Year Starter,Consistent career presence; reliable rotational player or specialist.,nan,Meaningful G5 Contributor,Standout starter at the Group of 5 level; high-end depth in Power 4.,Potential Day 3 Pick,RB
202101266,Johnathan Arceneaux,2021,RB,0.8478,47.5731,53.39252853393555,52.71807530157857,52.71807530157857,Single Season Contributor,Late bloomer or one-year starter; limited career longevity.,nan,Multi-Year Starter,Consistent career presence; reliable rotational player or specialist.,nan,Multi-Year Starter,Consistent career presence; reliable rotational player or specialist.,nan,RB
202101280,Sieh Bangura,2021,RB,0.8474,65.079,66.83538055419922,75.16016477981529,75.16016477981529,Meaningful G5 Contributor,Standout starter at the Group of 5 level; high-end depth in Power 4.,Potential Day 3 Pick,Meaningful G5 Contributor,Standout starter at the Group of 5 level; high-end depth in Power 4.,Potential Day 3 Pick,Meaningful P4 Contributor,Reliable multi-year starter at the highest level of competition.,Potential Day 2 Pick,RB
202101313,Stevie Rocker Jr.,2021,RB,0.8463,41.9358,59.59254837036133,63.409135100798125,63.409135100798125,Single Season Contributor,Late bloomer or one-year starter; limited career longevity.,nan,Multi-Year Starter,Consistent career presence; reliable rotational player or specialist.,nan,Meaningful G5 Contributor,Standout starter at the Group of 5 level; high-end depth in Power 4.,Potential Day 3 Pick,RB
202101317,Deon Silas,2021,RB,0.8459,56.7682,57.03099060058594,59.41800985538939,59.41800985538939,Multi-Year Starter,Consistent career presence; reliable rotational player or specialist.,nan,Multi-Year Starter,Consistent career presence; reliable rotational player or specialist.,nan,Multi-Year Starter,Consistent career presence; reliable rotational player or specialist.,nan,RB
202101392,Josh McCray,2021,RB,0.843,69.0155,45.57679748535156,32.86453639366557,32.86453639366557,Meaningful G5 Contributor,Standout starter at the Group of 5 level; high-end depth in Power 4.,Potential Day 3 Pick,Single Season Contributor,Late bloomer or one-year starter; limited career longevity.,nan,Partial Season Contributor,Rotational backup or special teams contributor; limited starts.,nan,RB
202101426,Aaron Dumas,2021,RB,0.8415,55.4396,56.26984405517578,58.467862705000485,58.467862705000485,Multi-Year Starter,Consistent career presence; reliable rotational player or specialist.,nan,Multi-Year Starter,Consistent career presence; reliable rotational player or specialist.,nan,Multi-Year Starter,Consistent career presence; reliable rotational player or specialist.,nan,RB
202101494,Cam Davis,2021,RB,0.8389,49.452,52.33671188354492,50.266169450407055,50.266169450407055,Single Season Contributor,Late bloomer or one-year starter; limited career longevity.,nan,Multi-Year Starter,Consistent career presence; reliable rotational player or specialist.,nan,Multi-Year Starter,Consistent career presence; reliable rotational player or specialist.,nan,RB
202101515,Max Balthazar,2021,RB,0.8389,47.1198,47.709842681884766,38.91252826503297,38.91252826503297,Single Season Contributor,Late bloomer or one-year starter; limited career longevity.,nan,Single Season Contributor,Late bloomer or one-year starter; limited career longevity.,nan,Partial Season Contributor,Rotational backup or special teams contributor; limited starts.,nan,RB
202101531,Aljay Henderson,2021,RB,0.8378,59.8786,50.14548873901367,45.23063920837756,45.23063920837756,Multi-Year Starter,Consistent career presence; reliable rotational player or specialist.,nan,Multi-Year Starter,Consistent career presence; reliable rotational player or specialist.,nan,Single Season Contributor,Late bloomer or one-year starter; limited career longevity.,nan,RB
202101540,Jacques Badolato-Birdsell,2021,RB,0.837,36.8805,58.74995422363281,61.92894392542011,61.92894392542011,Partial Season Contributor,Rotational backup or special teams contributor; limited starts.,nan,Multi-Year Starter,Consistent career presence; reliable rotational player or specialist.,nan,Meaningful G5 Contributor,Standout starter at the Group of 5 level; high-end depth in Power 4.,Potential Day 3 Pick,RB
202101742,Kevorian Barnes,2021,RB,0.8315,64.4432,58.42591857910156,61.19168656933987,61.19168656933987,Meaningful G5 Contributor,Standout starter at the Group of 5 level; high-end depth in Power 4.,Potential Day 3 Pick,Multi-Year Starter,Consistent career presence; reliable rotational player or specialist.,nan,Meaningful G5 Contributor,Standout starter at the Group of 5 level; high-end depth in Power 4.,Potential Day 3 Pick,RB
202101751,Jamarian Samuel,2021,RB,0.8306,26.2828,53.61398696899414,53.37850588646974,53.37850588646974,Partial Season Contributor,Rotational backup or special teams contributor; limited starts.,nan,Multi-Year Starter,Consistent career presence; reliable rotational player or specialist.,nan,Multi-Year Starter,Consistent career presence; reliable rotational player or specialist.,nan,RB
202101768,Roman Hemby,2021,RB,0.8293,90.0207,53.130126953125,51.98810085634728,51.98810085634728,Elite Power 4,All-Conference/All-American honors.,First round NFL Draft talent,Multi-Year Starter,Consistent career presence; reliable rotational player or specialist.,nan,Multi-Year Starter,Consistent career presence; reliable rotational player or specialist.,nan,RB
202101773,DQ James,2021,RB,0.8293,41.2895,51.09608840942383,47.54145001455058,47.54145001455058,Single Season Contributor,Late bloomer or one-year starter; limited career longevity.,nan,Multi-Year Starter,Consistent career presence; reliable rotational player or specialist.,nan,Single Season Contributor,Late bloomer or one-year starter; limited career longevity.,nan,RB
202101785,Jordan Johnson,2021,RB,0.8293,42.5514,63.279563903808594,70.07167918055917,70.07167918055917,Single Season Contributor,Late bloomer or one-year starter; limited career longevity.,nan,Meaningful G5 Contributor,Standout starter at the Group of 5 level; high-end depth in Power 4.,Potential Day 3 Pick,Meaningful P4 Contributor,Reliable multi-year starter at the highest level of competition.,Potential Day 2 Pick,RB
202101797,Cash Jones,2021,RB,0.8285,54.9389,48.27476119995117,40.06671597811501,40.06671597811501,Multi-Year Starter,Consistent career presence; reliable rotational player or specialist.,nan,Single Season Contributor,Late bloomer or one-year starter; limited career longevity.,nan,Single Season Contributor,Late bloomer or one-year starter; limited career longevity.,nan,RB
202101810,Dre Washington,2021,RB,0.8281,61.675,55.07322311401367,56.6824899184231,56.6824899184231,Meaningful G5 Contributor,Standout starter at the Group of 5 level; high-end depth in Power 4.,Potential Day 3 Pick,Multi-Year Starter,Consistent career presence; reliable rotational player or specialist.,nan,Multi-Year Starter,Consistent career presence; reliable rotational player or specialist.,nan,RB
202101877,Damien Taylor,2021,RB,0.8259,62.5578,52.36457443237305,50.31171788142871,50.31171788142871,Meaningful G5 Contributor,Standout starter at the Group of 5 level; high-end depth in Power 4.,Potential Day 3 Pick,Multi-Year Starter,Consistent career presence; reliable rotational player or specialist.,nan,Multi-Year Starter,Consistent career presence; reliable rotational player or specialist.,nan,RB
202101893,Jevon Jackson,2021,RB,0.825,59.0019,53.76527786254883,53.88503397911215,53.88503397911215,Multi-Year Starter,Consistent career presence; reliable rotational player or specialist.,nan,Multi-Year Starter,Consistent career presence; reliable rotational player or specialist.,nan,Multi-Year Starter,Consistent career presence; reliable rotational player or specialist.,nan,RB
202101902,Patrick Smith,2021,RB,0.8248,58.3637,53.50780487060547,53.041200658785606,53.041200658785606,Multi-Year Starter,Consistent career presence; reliable rotational player or specialist.,nan,Multi-Year Starter,Consistent career presence; reliable rotational player or specialist.,nan,Multi-Year Starter,Consistent career presence; reliable rotational player or specialist.,nan,RB
202101979,Jaison Patterson,2021,RB,0.8207,55.947,47.81563186645508,39.26415313758985,39.26415313758985,Multi-Year Starter,Consistent career presence; reliable rotational player or specialist.,nan,Single Season Contributor,Late bloomer or one-year starter; limited career longevity.,nan,Partial Season Contributor,Rotational backup or special teams contributor; limited starts.,nan,RB
202102057,Zahir Abdus-Salaam,2021,RB,0.8178,55.0363,55.20210266113281,56.86547220633492,56.86547220633492,Multi-Year Starter,Consistent career presence; reliable rotational player or specialist.,nan,Multi-Year Starter,Consistent career presence; reliable rotational player or specialist.,nan,Multi-Year Starter,Consistent career presence; reliable rotational player or specialist.,nan,RB
202102180,Nick Mosley,2021,RB,0.813,48.2211,53.11023712158203,51.94095005648709,51.94095005648709,Single Season Contributor,Late bloomer or one-year starter; limited career longevity.,nan,Multi-Year Starter,Consistent career presence; reliable rotational player or specialist.,nan,Multi-Year Starter,Consistent career presence; reliable rotational player or specialist.,nan,RB
202102216,Jon-Luke Peaker,2021,RB,0.8115,33.9422,61.126365661621094,65.9328925595247,65.9328925595247,Partial Season Contributor,Rotational backup or special teams contributor; limited starts.,nan,Meaningful G5 Contributor,Standout starter at the Group of 5 level; high-end depth in Power 4.,Potential Day 3 Pick,Meaningful G5 Contributor,Standout starter at the Group of 5 level; high-end depth in Power 4.,Potential Day 3 Pick,RB
202102217,Marquis Crosby,2021,RB,0.8115,55.9914,61.54159164428711,66.86339861868558,66.86339861868558,Multi-Year Starter,Consistent career presence; reliable rotational player or specialist.,nan,Meaningful G5 Contributor,Standout starter at the Group of 5 level; high-end depth in Power 4.,Potential Day 3 Pick,Meaningful G5 Contributor,Standout starter at the Group of 5 level; high-end depth in Power 4.,Potential Day 3 Pick,RB
202102238,Zuberi Mobley,2021,RB,0.8111,57.6009,47.158729553222656,37.31860412762517,37.31860412762517,Multi-Year Starter,Consistent career presence; reliable rotational player or specialist.,nan,Single Season Contributor,Late bloomer or one-year starter; limited career longevity.,nan,Partial Season Contributor,Rotational backup or special teams contributor; limited starts.,nan,RB
202102265,Quintell Quinn,2021,RB,0.8094,42.0975,49.09107208251953,42.085795235055805,42.085795235055805,Single Season Contributor,Late bloomer or one-year starter; limited career longevity.,nan,Single Season Contributor,Late bloomer or one-year starter; limited career longevity.,nan,Single Season Contributor,Late bloomer or one-year starter; limited career longevity.,nan,RB
202102329,Bryson Moss,2021,RB,0.8063,41.2121,56.76430130004883,59.147805134011726,59.147805134011726,Single Season Contributor,Late bloomer or one-year starter; limited career longevity.,nan,Multi-Year Starter,Consistent career presence; reliable rotational player or specialist.,nan,Multi-Year Starter,Consistent career presence; reliable rotational player or specialist.,nan,RB
202102407,Darez Snider,2021,RB,0.8019,16.8834,51.5112190246582,48.293804452802696,48.293804452802696,Minimal D1 Impact,Roster filler; medical DQ; or transferred to lower levels.,nan,Multi-Year Starter,Consistent career presence; reliable rotational player or specialist.,nan,Single Season Contributor,Late bloomer or one-year starter; limited career longevity.,nan,RB
202102485,Ethan Payne,2021,RB,0.7967,56.0805,52.084110260009766,49.92426609927527,49.92426609927527,Multi-Year Starter,Consistent career presence; reliable rotational player or specialist.,nan,Multi-Year Starter,Consistent career presence; reliable rotational player or specialist.,nan,Single Season Contributor,Late bloomer or one-year starter; limited career longevity.,nan,RB
202102511,Mike Washington Jr.,2021,RB,0.7956,65.4276,49.12902069091797,42.22247294052297,42.22247294052297,Meaningful G5 Contributor,Standout starter at the Group of 5 level; high-end depth in Power 4.,Potential Day 3 Pick,Single Season Contributor,Late bloomer or one-year starter; limited career longevity.,nan,Single Season Contributor,Late bloomer or one-year starter; limited career longevity.,nan,RB
202102553,Hahsaun Wilson,2021,RB,0.7922,54.7661,47.42011260986328,38.168509219210875,38.168509219210875,Multi-Year Starter,Consistent career presence; reliable rotational player or specialist.,nan,Single Season Contributor,Late bloomer or one-year starter; limited career longevity.,nan,Partial Season Contributor,Rotational backup or special teams contributor; limited starts.,nan,RB
202102610,Daba Fofana,2021,RB,0.7856,59.5184,52.76044845581055,51.127640096783104,51.127640096783104,Multi-Year Starter,Consistent career presence; reliable rotational player or specialist.,nan,Multi-Year Starter,Consistent career presence; reliable rotational player or specialist.,nan,Multi-Year Starter,Consistent career presence; reliable rotational player or specialist.,nan,RB
202102649,Vaughn Pemberton,2021,RB,0.7785,48.2732,44.792999267578125,30.940592403833104,30.940592403833104,Single Season Contributor,Late bloomer or one-year starter; limited career longevity.,nan,Single Season Contributor,Late bloomer or one-year starter; limited career longevity.,nan,Partial Season Contributor,Rotational backup or special teams contributor; limited starts.,nan,RB
202200031,Nick Singleton,2022,RB,0.986,90.7348,73.1418685913086,85.67526518544584,85.67526518544584,Elite Power 4,All-Conference/All-American honors.,First round NFL Draft talent,Meaningful P4 Contributor,Reliable multi-year starter at the highest level of competition.,Potential Day 2 Pick,Elite Power 4,All-Conference/All-American honors.,First round NFL Draft talent,RB
202200042,Raleek Brown,2022,RB,0.9808,65.3349,63.85486602783203,71.01339566278688,71.01339566278688,Meaningful G5 Contributor,Standout starter at the Group of 5 level; high-end depth in Power 4.,Potential Day 3 Pick,Meaningful G5 Contributor,Standout starter at the Group of 5 level; high-end depth in Power 4.,Potential Day 3 Pick,Meaningful P4 Contributor,Reliable multi-year starter at the highest level of competition.,Potential Day 2 Pick,RB
202200062,Branson Robinson,2022,RB,0.9729,57.1814,63.4003791809082,70.36002720297384,70.36002720297384,Multi-Year Starter,Consistent career presence; reliable rotational player or specialist.,nan,Meaningful G5 Contributor,Standout starter at the Group of 5 level; high-end depth in Power 4.,Potential Day 3 Pick,Meaningful P4 Contributor,Reliable multi-year starter at the highest level of competition.,Potential Day 2 Pick,RB
202200082,Le'Veon Moss,2022,RB,0.9652,69.1185,68.0285415649414,77.01411143848563,77.01411143848563,Meaningful G5 Contributor,Standout starter at the Group of 5 level; high-end depth in Power 4.,Potential Day 3 Pick,Meaningful G5 Contributor,Standout starter at the Group of 5 level; high-end depth in Power 4.,Potential Day 3 Pick,Meaningful P4 Contributor,Reliable multi-year starter at the highest level of competition.,Potential Day 2 Pick,RB
202200087,Jamarion Miller,2022,RB,0.9628,67.4927,63.31187438964844,70.12024576845299,70.12024576845299,Meaningful G5 Contributor,Standout starter at the Group of 5 level; high-end depth in Power 4.,Potential Day 3 Pick,Meaningful G5 Contributor,Standout starter at the Group of 5 level; high-end depth in Power 4.,Potential Day 3 Pick,Meaningful P4 Contributor,Reliable multi-year starter at the highest level of competition.,Potential Day 2 Pick,RB
202200098,Gavin Sawchuk,2022,RB,0.9583,68.5644,64.68595123291016,72.2426158417599,72.2426158417599,Meaningful G5 Contributor,Standout starter at the Group of 5 level; high-end depth in Power 4.,Potential Day 3 Pick,Meaningful G5 Contributor,Standout starter at the Group of 5 level; high-end depth in Power 4.,Potential Day 3 Pick,Meaningful P4 Contributor,Reliable multi-year starter at the highest level of competition.,Potential Day 2 Pick,RB
202200099,George Pettaway,2022,RB,0.9582,57.9675,61.351165771484375,66.41312474563193,66.41312474563193,Multi-Year Starter,Consistent career presence; reliable rotational player or specialist.,nan,Meaningful G5 Contributor,Standout starter at the Group of 5 level; high-end depth in Power 4.,Potential Day 3 Pick,Meaningful G5 Contributor,Standout starter at the Group of 5 level; high-end depth in Power 4.,Potential Day 3 Pick,RB
202200115,Jovantae Barnes,2022,RB,0.9532,65.9597,66.1823501586914,73.91153170539981,73.91153170539981,Meaningful G5 Contributor,Standout starter at the Group of 5 level; high-end depth in Power 4.,Potential Day 3 Pick,Meaningful G5 Contributor,Standout starter at the Group of 5 level; high-end depth in Power 4.,Potential Day 3 Pick,Meaningful P4 Contributor,Reliable multi-year starter at the highest level of competition.,Potential Day 2 Pick,RB
202200134,Omarion Hampton,2022,RB,0.9456,75.1202,61.22681427001953,66.17757190283777,66.17757190283777,Meaningful P4 Contributor,Reliable multi-year starter at the highest level of competition.,Potential Day 2 Pick,Meaningful G5 Contributor,Standout starter at the Group of 5 level; high-end depth in Power 4.,Potential Day 3 Pick,Meaningful G5 Contributor,Standout starter at the Group of 5 level; high-end depth in Power 4.,Potential Day 3 Pick,RB
202200155,Kaytron Allen,2022,RB,0.9385,92.6152,58.84146499633789,62.12941669487972,62.12941669487972,Elite Power 4,All-Conference/All-American honors.,First round NFL Draft talent,Multi-Year Starter,Consistent career presence; reliable rotational player or specialist.,nan,Meaningful G5 Contributor,Standout starter at the Group of 5 level; high-end depth in Power 4.,Potential Day 3 Pick,RB
202200170,Tavorus Jones,2022,RB,0.9319,48.3979,63.961326599121094,71.13968302878365,71.13968302878365,Single Season Contributor,Late bloomer or one-year starter; limited career longevity.,nan,Meaningful G5 Contributor,Standout starter at the Group of 5 level; high-end depth in Power 4.,Potential Day 3 Pick,Meaningful P4 Contributor,Reliable multi-year starter at the highest level of competition.,Potential Day 2 Pick,RB
202200190,Trevor Etienne,2022,RB,0.9261,75.277,62.672813415527344,69.05275248978916,69.05275248978916,Meaningful P4 Contributor,Reliable multi-year starter at the highest level of competition.,Potential Day 2 Pick,Meaningful G5 Contributor,Standout starter at the Group of 5 level; high-end depth in Power 4.,Potential Day 3 Pick,Meaningful G5 Contributor,Standout starter at the Group of 5 level; high-end depth in Power 4.,Potential Day 3 Pick,RB
202200195,Jaydon Blue,2022,RB,0.9226,68.6629,63.06544876098633,69.74685396653244,69.74685396653244,Meaningful G5 Contributor,Standout starter at the Group of 5 level; high-end depth in Power 4.,Potential Day 3 Pick,Meaningful G5 Contributor,Standout starter at the Group of 5 level; high-end depth in Power 4.,Potential Day 3 Pick,Meaningful G5 Contributor,Standout starter at the Group of 5 level; high-end depth in Power 4.,Potential Day 3 Pick,RB
202200196,Jordan James,2022,RB,0.9224,75.33,68.8682632446289,78.77222259741063,78.77222259741063,Meaningful P4 Contributor,Reliable multi-year starter at the highest level of competition.,Potential Day 2 Pick,Meaningful G5 Contributor,Standout starter at the Group of 5 level; high-end depth in Power 4.,Potential Day 3 Pick,Meaningful P4 Contributor,Reliable multi-year starter at the highest level of competition.,Potential Day 2 Pick,RB
202200201,Jadarian Price,2022,RB,0.9207,72.3176,66.44188690185547,74.36765351668225,74.36765351668225,Meaningful P4 Contributor,Reliable multi-year starter at the highest level of competition.,Potential Day 2 Pick,Meaningful G5 Contributor,Standout starter at the Group of 5 level; high-end depth in Power 4.,Potential Day 3 Pick,Meaningful P4 Contributor,Reliable multi-year starter at the highest level of competition.,Potential Day 2 Pick,RB
202200212,Rayshon Luke,2022,RB,0.9178,58.5338,60.13444519042969,64.1728144985256,64.1728144985256,Multi-Year Starter,Consistent career presence; reliable rotational player or specialist.,nan,Meaningful G5 Contributor,Standout starter at the Group of 5 level; high-end depth in Power 4.,Potential Day 3 Pick,Meaningful G5 Contributor,Standout starter at the Group of 5 level; high-end depth in Power 4.,Potential Day 3 Pick,RB
202200238,Ollie Gordon II,2022,RB,0.9125,84.33,69.76620483398438,79.70969144311664,79.70969144311664,Elite Power 4,All-Conference/All-American honors.,First round NFL Draft talent,Meaningful G5 Contributor,Standout starter at the Group of 5 level; high-end depth in Power 4.,Potential Day 3 Pick,Meaningful P4 Contributor,Reliable multi-year starter at the highest level of competition.,Potential Day 2 Pick,RB
202200240,Ramon Brown,2022,RB,0.9121,44.7741,62.23988723754883,68.51921744407247,68.51921744407247,Single Season Contributor,Late bloomer or one-year starter; limited career longevity.,nan,Meaningful G5 Contributor,Standout starter at the Group of 5 level; high-end depth in Power 4.,Potential Day 3 Pick,Meaningful G5 Contributor,Standout starter at the Group of 5 level; high-end depth in Power 4.,Potential Day 3 Pick,RB
202200255,Tevin White,2022,RB,0.9095,47.2994,58.74968338012695,61.92835058819756,61.92835058819756,Single Season Contributor,Late bloomer or one-year starter; limited career longevity.,nan,Multi-Year Starter,Consistent career presence; reliable rotational player or specialist.,nan,Meaningful G5 Contributor,Standout starter at the Group of 5 level; high-end depth in Power 4.,Potential Day 3 Pick,RB
202200270,Justin Williams-Thomas,2022,RB,0.9063,47.1939,62.0928955078125,68.05759214712242,68.05759214712242,Single Season Contributor,Late bloomer or one-year starter; limited career longevity.,nan,Meaningful G5 Contributor,Standout starter at the Group of 5 level; high-end depth in Power 4.,Potential Day 3 Pick,Meaningful G5 Contributor,Standout starter at the Group of 5 level; high-end depth in Power 4.,Potential Day 3 Pick,RB
202200274,Jaydn Ott,2022,RB,0.9049,73.6624,58.391937255859375,61.10698931692985,61.10698931692985,Meaningful P4 Contributor,Reliable multi-year starter at the highest level of competition.,Potential Day 2 Pick,Multi-Year Starter,Consistent career presence; reliable rotational player or specialist.,nan,Meaningful G5 Contributor,Standout starter at the Group of 5 level; high-end depth in Power 4.,Potential Day 3 Pick,RB
202200282,Dallan Hayden,2022,RB,0.9041,63.003,60.08127212524414,64.10998821348443,64.10998821348443,Meaningful G5 Contributor,Standout starter at the Group of 5 level; high-end depth in Power 4.,Potential Day 3 Pick,Meaningful G5 Contributor,Standout starter at the Group of 5 level; high-end depth in Power 4.,Potential Day 3 Pick,Meaningful G5 Contributor,Standout starter at the Group of 5 level; high-end depth in Power 4.,Potential Day 3 Pick,RB
202200285,Gi'Bran Payne,2022,RB,0.9036,50.9722,63.18428039550781,69.92845648487894,69.92845648487894,Multi-Year Starter,Consistent career presence; reliable rotational player or specialist.,nan,Meaningful G5 Contributor,Standout starter at the Group of 5 level; high-end depth in Power 4.,Potential Day 3 Pick,Meaningful G5 Contributor,Standout starter at the Group of 5 level; high-end depth in Power 4.,Potential Day 3 Pick,RB
202200292,Michael Allen,2022,RB,0.9022,59.3406,61.233421325683594,66.1923322011068,66.1923322011068,Multi-Year Starter,Consistent career presence; reliable rotational player or specialist.,nan,Meaningful G5 Contributor,Standout starter at the Group of 5 level; high-end depth in Power 4.,Potential Day 3 Pick,Meaningful G5 Contributor,Standout starter at the Group of 5 level; high-end depth in Power 4.,Potential Day 3 Pick,RB
202200328,Damari Alston,2022,RB,0.8995,60.1267,61.49359130859375,66.72744215659864,66.72744215659864,Meaningful G5 Contributor,Standout starter at the Group of 5 level; high-end depth in Power 4.,Potential Day 3 Pick,Meaningful G5 Contributor,Standout starter at the Group of 5 level; high-end depth in Power 4.,Potential Day 3 Pick,Meaningful G5 Contributor,Standout starter at the Group of 5 level; high-end depth in Power 4.,Potential Day 3 Pick,RB
202200329,Demond Claiborne,2022,RB,0.8994,72.5398,59.59829330444336,63.4185811799045,63.4185811799045,Meaningful P4 Contributor,Reliable multi-year starter at the highest level of competition.,Potential Day 2 Pick,Multi-Year Starter,Consistent career presence; reliable rotational player or specialist.,nan,Meaningful G5 Contributor,Standout starter at the Group of 5 level; high-end depth in Power 4.,Potential Day 3 Pick,RB
202200337,Arlen Harris Jr.,2022,RB,0.8985,38.2748,64.11778259277344,71.49553874535097,71.49553874535097,Partial Season Contributor,Rotational backup or special teams contributor; limited starts.,nan,Meaningful G5 Contributor,Standout starter at the Group of 5 level; high-end depth in Power 4.,Potential Day 3 Pick,Meaningful P4 Contributor,Reliable multi-year starter at the highest level of competition.,Potential Day 2 Pick,RB
202200350,Jaylon Glover,2022,RB,0.8976,60.0873,65.40058898925781,73.02183969403441,73.02183969403441,Meaningful G5 Contributor,Standout starter at the Group of 5 level; high-end depth in Power 4.,Potential Day 3 Pick,Meaningful G5 Contributor,Standout starter at the Group of 5 level; high-end depth in Power 4.,Potential Day 3 Pick,Meaningful P4 Contributor,Reliable multi-year starter at the highest level of competition.,Potential Day 2 Pick,RB
202200361,Terrance Gibbs,2022,RB,0.8966,46.3308,61.18191909790039,66.06821328247275,66.06821328247275,Single Season Contributor,Late bloomer or one-year starter; limited career longevity.,nan,Meaningful G5 Contributor,Standout starter at the Group of 5 level; high-end depth in Power 4.,Potential Day 3 Pick,Meaningful G5 Contributor,Standout starter at the Group of 5 level; high-end depth in Power 4.,Potential Day 3 Pick,RB
202200376,Samuel Brown V,2022,RB,0.8944,61.2786,64.67417907714844,72.22909037004834,72.22909037004834,Meaningful G5 Contributor,Standout starter at the Group of 5 level; high-end depth in Power 4.,Potential Day 3 Pick,Meaningful G5 Contributor,Standout starter at the Group of 5 level; high-end depth in Power 4.,Potential Day 3 Pick,Meaningful P4 Contributor,Reliable multi-year starter at the highest level of competition.,Potential Day 2 Pick,RB
202200441,Kaleb Johnson,2022,RB,0.8889,76.6667,63.5576057434082,70.71573166454193,70.71573166454193,Meaningful P4 Contributor,Reliable multi-year starter at the highest level of competition.,Potential Day 2 Pick,Meaningful G5 Contributor,Standout starter at the Group of 5 level; high-end depth in Power 4.,Potential Day 3 Pick,Meaningful P4 Contributor,Reliable multi-year starter at the highest level of competition.,Potential Day 2 Pick,RB
202200446,Dylan Sampson,2022,RB,0.8881,75.9391,62.50054168701172,68.92295668405816,68.92295668405816,Meaningful P4 Contributor,Reliable multi-year starter at the highest level of competition.,Potential Day 2 Pick,Meaningful G5 Contributor,Standout starter at the Group of 5 level; high-end depth in Power 4.,Potential Day 3 Pick,Meaningful G5 Contributor,Standout starter at the Group of 5 level; high-end depth in Power 4.,Potential Day 3 Pick,RB
202200462,Jamie Felix,2022,RB,0.8867,43.4929,61.32650375366211,66.36687891525693,66.36687891525693,Single Season Contributor,Late bloomer or one-year starter; limited career longevity.,nan,Meaningful G5 Contributor,Standout starter at the Group of 5 level; high-end depth in Power 4.,Potential Day 3 Pick,Meaningful G5 Contributor,Standout starter at the Group of 5 level; high-end depth in Power 4.,Potential Day 3 Pick,RB
202200495,Jonah Coleman,2022,RB,0.8848,81.3476,61.765533447265625,67.32471339350656,67.32471339350656,Elite Power 4,All-Conference/All-American honors.,First round NFL Draft talent,Meaningful G5 Contributor,Standout starter at the Group of 5 level; high-end depth in Power 4.,Potential Day 3 Pick,Meaningful G5 Contributor,Standout starter at the Group of 5 level; high-end depth in Power 4.,Potential Day 3 Pick,RB
202200506,Ajay Allen,2022,RB,0.8837,61.2507,58.49866485595703,61.37951264150988,61.37951264150988,Meaningful G5 Contributor,Standout starter at the Group of 5 level; high-end depth in Power 4.,Potential Day 3 Pick,Multi-Year Starter,Consistent career presence; reliable rotational player or specialist.,nan,Meaningful G5 Contributor,Standout starter at the Group of 5 level; high-end depth in Power 4.,Potential Day 3 Pick,RB
202200528,Andrew Paul,2022,RB,0.8826,48.1378,60.7967643737793,65.34531042722098,65.34531042722098,Single Season Contributor,Late bloomer or one-year starter; limited career longevity.,nan,Meaningful G5 Contributor,Standout starter at the Group of 5 level; high-end depth in Power 4.,Potential Day 3 Pick,Meaningful G5 Contributor,Standout starter at the Group of 5 level; high-end depth in Power 4.,Potential Day 3 Pick,RB
202200554,Bryson Donnell,2022,RB,0.8815,51.3113,57.484100341796875,59.994956343251594,59.994956343251594,Multi-Year Starter,Consistent career presence; reliable rotational player or specialist.,nan,Multi-Year Starter,Consistent career presence; reliable rotational player or specialist.,nan,Multi-Year Starter,Consistent career presence; reliable rotational player or specialist.,nan,RB
202200569,Quinshon Judkins,2022,RB,0.8804,85.2775,58.77693557739258,61.9880520123928,61.9880520123928,Elite Power 4,All-Conference/All-American honors.,First round NFL Draft talent,Multi-Year Starter,Consistent career presence; reliable rotational player or specialist.,nan,Meaningful G5 Contributor,Standout starter at the Group of 5 level; high-end depth in Power 4.,Potential Day 3 Pick,RB
202200598,Lucky Sutton,2022,RB,0.8785,58.5582,60.81678771972656,65.39474239607607,65.39474239607607,Multi-Year Starter,Consistent career presence; reliable rotational player or specialist.,nan,Meaningful G5 Contributor,Standout starter at the Group of 5 level; high-end depth in Power 4.,Potential Day 3 Pick,Meaningful G5 Contributor,Standout starter at the Group of 5 level; high-end depth in Power 4.,Potential Day 3 Pick,RB
202200610,Damien Martinez,2022,RB,0.8781,74.4281,53.249149322509766,52.27420407989199,52.27420407989199,Meaningful P4 Contributor,Reliable multi-year starter at the highest level of competition.,Potential Day 2 Pick,Multi-Year Starter,Consistent career presence; reliable rotational player or specialist.,nan,Multi-Year Starter,Consistent career presence; reliable rotational player or specialist.,nan,RB
202200619,James Jointer Jr.,2022,RB,0.8774,44.6619,68.76087951660156,78.65895082514893,78.65895082514893,Single Season Contributor,Late bloomer or one-year starter; limited career longevity.,nan,Meaningful G5 Contributor,Standout starter at the Group of 5 level; high-end depth in Power 4.,Potential Day 3 Pick,Meaningful P4 Contributor,Reliable multi-year starter at the highest level of competition.,Potential Day 2 Pick,RB
202200627,Jordan McDonald,2022,RB,0.877,59.8267,58.8871955871582,62.229598760004656,62.229598760004656,Multi-Year Starter,Consistent career presence; reliable rotational player or specialist.,nan,Multi-Year Starter,Consistent career presence; reliable rotational player or specialist.,nan,Meaningful G5 Contributor,Standout starter at the Group of 5 level; high-end depth in Power 4.,Potential Day 3 Pick,RB
202200628,Ashton Hayes,2022,RB,0.877,48.7917,61.94717788696289,67.64957214936658,67.64957214936658,Single Season Contributor,Late bloomer or one-year starter; limited career longevity.,nan,Meaningful G5 Contributor,Standout starter at the Group of 5 level; high-end depth in Power 4.,Potential Day 3 Pick,Meaningful G5 Contributor,Standout starter at the Group of 5 level; high-end depth in Power 4.,Potential Day 3 Pick,RB
202200655,Joseph Himon II,2022,RB,0.8752,60.4849,58.639915466308594,61.70498336400653,61.70498336400653,Meaningful G5 Contributor,Standout starter at the Group of 5 level; high-end depth in Power 4.,Potential Day 3 Pick,Multi-Year Starter,Consistent career presence; reliable rotational player or specialist.,nan,Meaningful G5 Contributor,Standout starter at the Group of 5 level; high-end depth in Power 4.,Potential Day 3 Pick,RB
202200669,Zach Evans,2022,RB,0.8748,53.8061,66.19065856933594,73.92437582268688,73.92437582268688,Multi-Year Starter,Consistent career presence; reliable rotational player or specialist.,nan,Meaningful G5 Contributor,Standout starter at the Group of 5 level; high-end depth in Power 4.,Potential Day 3 Pick,Meaningful P4 Contributor,Reliable multi-year starter at the highest level of competition.,Potential Day 2 Pick,RB
202200671,Jaziun Patterson,2022,RB,0.8748,56.4507,59.23391342163086,62.93619684869486,62.93619684869486,Multi-Year Starter,Consistent career presence; reliable rotational player or specialist.,nan,Multi-Year Starter,Consistent career presence; reliable rotational player or specialist.,nan,Meaningful G5 Contributor,Standout starter at the Group of 5 level; high-end depth in Power 4.,Potential Day 3 Pick,RB
202200702,Anthony Hankerson,2022,RB,0.8737,73.4086,59.95842742919922,63.95395353517697,63.95395353517697,Meaningful P4 Contributor,Reliable multi-year starter at the highest level of competition.,Potential Day 2 Pick,Multi-Year Starter,Consistent career presence; reliable rotational player or specialist.,nan,Meaningful G5 Contributor,Standout starter at the Group of 5 level; high-end depth in Power 4.,Potential Day 3 Pick,RB
202200713,Richard Reese,2022,RB,0.873,66.2148,55.888214111328125,57.71594255450506,57.71594255450506,Meaningful G5 Contributor,Standout starter at the Group of 5 level; high-end depth in Power 4.,Potential Day 3 Pick,Multi-Year Starter,Consistent career presence; reliable rotational player or specialist.,nan,Multi-Year Starter,Consistent career presence; reliable rotational player or specialist.,nan,RB
202200758,Cartevious Norton,2022,RB,0.8707,62.9874,63.88191223144531,71.04047859827044,71.04047859827044,Meaningful G5 Contributor,Standout starter at the Group of 5 level; high-end depth in Power 4.,Potential Day 3 Pick,Meaningful G5 Contributor,Standout starter at the Group of 5 level; high-end depth in Power 4.,Potential Day 3 Pick,Meaningful P4 Contributor,Reliable multi-year starter at the highest level of competition.,Potential Day 2 Pick,RB
202200811,CJ Stokes,2022,RB,0.8685,53.3115,59.54383087158203,63.329696024497366,63.329696024497366,Multi-Year Starter,Consistent career presence; reliable rotational player or specialist.,nan,Multi-Year Starter,Consistent career presence; reliable rotational player or specialist.,nan,Meaningful G5 Contributor,Standout starter at the Group of 5 level; high-end depth in Power 4.,Potential Day 3 Pick,RB
202200843,Marlon Gunn Jr.,2022,RB,0.867,57.0315,54.859519958496094,56.31479039773237,56.31479039773237,Multi-Year Starter,Consistent career presence; reliable rotational player or specialist.,nan,Multi-Year Starter,Consistent career presence; reliable rotational player or specialist.,nan,Multi-Year Starter,Consistent career presence; reliable rotational player or specialist.,nan,RB
202200896,Djouvensky Schlenbaker,2022,RB,0.8644,48.6157,52.904781341552734,51.454789437142196,51.454789437142196,Single Season Contributor,Late bloomer or one-year starter; limited career longevity.,nan,Multi-Year Starter,Consistent career presence; reliable rotational player or specialist.,nan,Multi-Year Starter,Consistent career presence; reliable rotational player or specialist.,nan,RB
202200909,Emmett Johnson,2022,RB,0.8641,71.3827,61.746341705322266,67.29090242350475,67.29090242350475,Meaningful P4 Contributor,Reliable multi-year starter at the highest level of competition.,Potential Day 2 Pick,Meaningful G5 Contributor,Standout starter at the Group of 5 level; high-end depth in Power 4.,Potential Day 3 Pick,Meaningful G5 Contributor,Standout starter at the Group of 5 level; high-end depth in Power 4.,Potential Day 3 Pick,RB
202200913,LeQuint Allen,2022,RB,0.8639,71.2522,59.7701530456543,63.70116069909478,63.70116069909478,Meaningful P4 Contributor,Reliable multi-year starter at the highest level of competition.,Potential Day 2 Pick,Multi-Year Starter,Consistent career presence; reliable rotational player or specialist.,nan,Meaningful G5 Contributor,Standout starter at the Group of 5 level; high-end depth in Power 4.,Potential Day 3 Pick,RB
202200937,Victor Venn,2022,RB,0.863,36.8637,54.71533203125,55.711962010444225,55.711962010444225,Partial Season Contributor,Rotational backup or special teams contributor; limited starts.,nan,Multi-Year Starter,Consistent career presence; reliable rotational player or specialist.,nan,Multi-Year Starter,Consistent career presence; reliable rotational player or specialist.,nan,RB
202200958,Xavier Brown,2022,RB,0.8619,59.2775,58.5936393737793,61.613119118390806,61.613119118390806,Multi-Year Starter,Consistent career presence; reliable rotational player or specialist.,nan,Multi-Year Starter,Consistent career presence; reliable rotational player or specialist.,nan,Meaningful G5 Contributor,Standout starter at the Group of 5 level; high-end depth in Power 4.,Potential Day 3 Pick,RB
202200976,TJ Harden,2022,RB,0.8611,74.2875,57.52611541748047,60.046644735385115,60.046644735385115,Meaningful P4 Contributor,Reliable multi-year starter at the highest level of competition.,Potential Day 2 Pick,Multi-Year Starter,Consistent career presence; reliable rotational player or specialist.,nan,Meaningful G5 Contributor,Standout starter at the Group of 5 level; high-end depth in Power 4.,Potential Day 3 Pick,RB
202200990,Quincy Craig,2022,RB,0.8607,55.058,54.85887145996094,56.312064792929434,56.312064792929434,Multi-Year Starter,Consistent career presence; reliable rotational player or specialist.,nan,Multi-Year Starter,Consistent career presence; reliable rotational player or specialist.,nan,Multi-Year Starter,Consistent career presence; reliable rotational player or specialist.,nan,RB
202200991,Chase Gillespie,2022,RB,0.8607,51.1572,54.00564193725586,54.53980499726358,54.53980499726358,Multi-Year Starter,Consistent career presence; reliable rotational player or specialist.,nan,Multi-Year Starter,Consistent career presence; reliable rotational player or specialist.,nan,Multi-Year Starter,Consistent career presence; reliable rotational player or specialist.,nan,RB
202201028,Travis Bates,2022,RB,0.8589,50.9825,51.994911193847656,49.613219254177494,49.613219254177494,Multi-Year Starter,Consistent career presence; reliable rotational player or specialist.,nan,Multi-Year Starter,Consistent career presence; reliable rotational player or specialist.,nan,Single Season Contributor,Late bloomer or one-year starter; limited career longevity.,nan,RB
202201038,Cam Barfield,2022,RB,0.8589,49.9559,52.953372955322266,51.56971773025412,51.56971773025412,Single Season Contributor,Late bloomer or one-year starter; limited career longevity.,nan,Multi-Year Starter,Consistent career presence; reliable rotational player or specialist.,nan,Multi-Year Starter,Consistent career presence; reliable rotational player or specialist.,nan,RB
202201042,Bryce Duke,2022,RB,0.8589,52.3325,52.53071212768555,50.6092889878696,50.6092889878696,Multi-Year Starter,Consistent career presence; reliable rotational player or specialist.,nan,Multi-Year Starter,Consistent career presence; reliable rotational player or specialist.,nan,Multi-Year Starter,Consistent career presence; reliable rotational player or specialist.,nan,RB
202201095,Alex Broome,2022,RB,0.8567,51.0544,57.4671630859375,59.974119548165994,59.974119548165994,Multi-Year Starter,Consistent career presence; reliable rotational player or specialist.,nan,Multi-Year Starter,Consistent career presence; reliable rotational player or specialist.,nan,Multi-Year Starter,Consistent career presence; reliable rotational player or specialist.,nan,RB
202201101,Jaiden Credle,2022,RB,0.8567,55.7586,58.52366256713867,61.444055077321636,61.444055077321636,Multi-Year Starter,Consistent career presence; reliable rotational player or specialist.,nan,Multi-Year Starter,Consistent career presence; reliable rotational player or specialist.,nan,Meaningful G5 Contributor,Standout starter at the Group of 5 level; high-end depth in Power 4.,Potential Day 3 Pick,RB
202201111,Tae Meadows,2022,RB,0.8556,56.9511,58.61564636230469,61.65680594000131,61.65680594000131,Multi-Year Starter,Consistent career presence; reliable rotational player or specialist.,nan,Multi-Year Starter,Consistent career presence; reliable rotational player or specialist.,nan,Meaningful G5 Contributor,Standout starter at the Group of 5 level; high-end depth in Power 4.,Potential Day 3 Pick,RB
202201157,Makhi Hughes,2022,RB,0.8541,68.0152,51.14002227783203,47.731601016888995,47.731601016888995,Meaningful G5 Contributor,Standout starter at the Group of 5 level; high-end depth in Power 4.,Potential Day 3 Pick,Multi-Year Starter,Consistent career presence; reliable rotational player or specialist.,nan,Single Season Contributor,Late bloomer or one-year starter; limited career longevity.,nan,RB
202201184,Jabari Bates,2022,RB,0.8528,49.0604,59.06721115112305,62.647236792654276,62.647236792654276,Single Season Contributor,Late bloomer or one-year starter; limited career longevity.,nan,Multi-Year Starter,Consistent career presence; reliable rotational player or specialist.,nan,Meaningful G5 Contributor,Standout starter at the Group of 5 level; high-end depth in Power 4.,Potential Day 3 Pick,RB
202201282,Ashton Jeanty,2022,RB,0.8496,82.8137,58.59763717651367,61.62105529260606,61.62105529260606,Elite Power 4,All-Conference/All-American honors.,First round NFL Draft talent,Multi-Year Starter,Consistent career presence; reliable rotational player or specialist.,nan,Meaningful G5 Contributor,Standout starter at the Group of 5 level; high-end depth in Power 4.,Potential Day 3 Pick,RB
202201296,Elijah Jackson-Anderson,2022,RB,0.8489,47.0775,55.894920349121094,57.74238932523762,57.74238932523762,Single Season Contributor,Late bloomer or one-year starter; limited career longevity.,nan,Multi-Year Starter,Consistent career presence; reliable rotational player or specialist.,nan,Multi-Year Starter,Consistent career presence; reliable rotational player or specialist.,nan,RB
202201304,Sutton Smith,2022,RB,0.8489,59.3786,51.856353759765625,49.26576786680099,49.26576786680099,Multi-Year Starter,Consistent career presence; reliable rotational player or specialist.,nan,Multi-Year Starter,Consistent career presence; reliable rotational player or specialist.,nan,Single Season Contributor,Late bloomer or one-year starter; limited career longevity.,nan,RB
202201312,Qualon Farrar,2022,RB,0.8485,25.232,55.85280227661133,57.576292171848465,57.576292171848465,Partial Season Contributor,Rotational backup or special teams contributor; limited starts.,nan,Multi-Year Starter,Consistent career presence; reliable rotational player or specialist.,nan,Multi-Year Starter,Consistent career presence; reliable rotational player or specialist.,nan,RB
202201331,Jaylen Jenkins,2022,RB,0.8478,50.8182,53.31226348876953,52.484069030663534,52.484069030663534,Multi-Year Starter,Consistent career presence; reliable rotational player or specialist.,nan,Multi-Year Starter,Consistent career presence; reliable rotational player or specialist.,nan,Multi-Year Starter,Consistent career presence; reliable rotational player or specialist.,nan,RB
202201354,Sheldon Canley II,2022,RB,0.847,33.1236,52.64626693725586,50.83765432055703,50.83765432055703,Partial Season Contributor,Rotational backup or special teams contributor; limited starts.,nan,Multi-Year Starter,Consistent career presence; reliable rotational player or specialist.,nan,Multi-Year Starter,Consistent career presence; reliable rotational player or specialist.,nan,RB
202201391,Tate Carney,2022,RB,0.8456,57.1468,48.630592346191406,40.960980245740295,40.960980245740295,Multi-Year Starter,Consistent career presence; reliable rotational player or specialist.,nan,Single Season Contributor,Late bloomer or one-year starter; limited career longevity.,nan,Single Season Contributor,Late bloomer or one-year starter; limited career longevity.,nan,RB
202201423,Terron Kellman,2022,RB,0.8444,55.0147,62.217716217041016,68.44422475502185,68.44422475502185,Multi-Year Starter,Consistent career presence; reliable rotational player or specialist.,nan,Meaningful G5 Contributor,Standout starter at the Group of 5 level; high-end depth in Power 4.,Potential Day 3 Pick,Meaningful G5 Contributor,Standout starter at the Group of 5 level; high-end depth in Power 4.,Potential Day 3 Pick,RB
202201444,Braylon Stewart,2022,RB,0.8428,5.0408,53.5099983215332,53.04784481546213,53.04784481546213,Minimal D1 Impact,Roster filler; medical DQ; or transferred to lower levels.,nan,Multi-Year Starter,Consistent career presence; reliable rotational player or specialist.,nan,Multi-Year Starter,Consistent career presence; reliable rotational player or specialist.,nan,RB
202201459,Keith Adams Jr.,2022,RB,0.8419,51.2291,53.996925354003906,54.52028146454866,54.52028146454866,Multi-Year Starter,Consistent career presence; reliable rotational player or specialist.,nan,Multi-Year Starter,Consistent career presence; reliable rotational player or specialist.,nan,Multi-Year Starter,Consistent career presence; reliable rotational player or specialist.,nan,RB
202201495,Jaylen Jennings,2022,RB,0.8411,24.584,49.64907455444336,43.92951496432417,43.92951496432417,Partial Season Contributor,Rotational backup or special teams contributor; limited starts.,nan,Single Season Contributor,Late bloomer or one-year starter; limited career longevity.,nan,Single Season Contributor,Late bloomer or one-year starter; limited career longevity.,nan,RB
202201523,Maurice Jones,2022,RB,0.8389,20.9385,54.055110931396484,54.63733080430846,54.63733080430846,Partial Season Contributor,Rotational backup or special teams contributor; limited starts.,nan,Multi-Year Starter,Consistent career presence; reliable rotational player or specialist.,nan,Multi-Year Starter,Consistent career presence; reliable rotational player or specialist.,nan,RB
202201531,Jackson Paradis,2022,RB,0.8381,34.9819,56.74705123901367,59.13535906048712,59.13535906048712,Partial Season Contributor,Rotational backup or special teams contributor; limited starts.,nan,Multi-Year Starter,Consistent career presence; reliable rotational player or specialist.,nan,Multi-Year Starter,Consistent career presence; reliable rotational player or specialist.,nan,RB
202201558,Kenyon Clay,2022,RB,0.8374,59.3912,50.59383773803711,46.2908952573354,46.2908952573354,Multi-Year Starter,Consistent career presence; reliable rotational player or specialist.,nan,Multi-Year Starter,Consistent career presence; reliable rotational player or specialist.,nan,Single Season Contributor,Late bloomer or one-year starter; limited career longevity.,nan,RB
202201679,LT Sanders,2022,RB,0.8317,47.699,56.87640380859375,59.22868809789226,59.22868809789226,Single Season Contributor,Late bloomer or one-year starter; limited career longevity.,nan,Multi-Year Starter,Consistent career presence; reliable rotational player or specialist.,nan,Multi-Year Starter,Consistent career presence; reliable rotational player or specialist.,nan,RB
202201709,Jamal Hailey,2022,RB,0.8306,46.18,49.784427642822266,44.23183039804876,44.23183039804876,Single Season Contributor,Late bloomer or one-year starter; limited career longevity.,nan,Single Season Contributor,Late bloomer or one-year starter; limited career longevity.,nan,Single Season Contributor,Late bloomer or one-year starter; limited career longevity.,nan,RB
202201744,Antonio Patterson,2022,RB,0.8283,37.3115,55.0202751159668,56.5936457008035,56.5936457008035,Partial Season Contributor,Rotational backup or special teams contributor; limited starts.,nan,Multi-Year Starter,Consistent career presence; reliable rotational player or specialist.,nan,Multi-Year Starter,Consistent career presence; reliable rotational player or specialist.,nan,RB
202201760,Mike Sharpe II,2022,RB,0.8274,49.4726,53.81349182128906,54.03764240140796,54.03764240140796,Single Season Contributor,Late bloomer or one-year starter; limited career longevity.,nan,Multi-Year Starter,Consistent career presence; reliable rotational player or specialist.,nan,Multi-Year Starter,Consistent career presence; reliable rotational player or specialist.,nan,RB
202201773,Chance Williams,2022,RB,0.8267,40.2589,48.97409439086914,41.705934415309365,41.705934415309365,Single Season Contributor,Late bloomer or one-year starter; limited career longevity.,nan,Single Season Contributor,Late bloomer or one-year starter; limited career longevity.,nan,Single Season Contributor,Late bloomer or one-year starter; limited career longevity.,nan,RB
202201809,Kade Frew,2022,RB,0.8256,46.7695,54.45638656616211,55.31113333599069,55.31113333599069,Single Season Contributor,Late bloomer or one-year starter; limited career longevity.,nan,Multi-Year Starter,Consistent career presence; reliable rotational player or specialist.,nan,Multi-Year Starter,Consistent career presence; reliable rotational player or specialist.,nan,RB
202201838,Kanye Udoh,2022,RB,0.8228,62.3325,52.31026840209961,50.22294084637609,50.22294084637609,Meaningful G5 Contributor,Standout starter at the Group of 5 level; high-end depth in Power 4.,Potential Day 3 Pick,Multi-Year Starter,Consistent career presence; reliable rotational player or specialist.,nan,Multi-Year Starter,Consistent career presence; reliable rotational player or specialist.,nan,RB
202201887,Gavin Garcia,2022,RB,0.8206,55.2974,47.80451583862305,39.22720539207453,39.22720539207453,Multi-Year Starter,Consistent career presence; reliable rotational player or specialist.,nan,Single Season Contributor,Late bloomer or one-year starter; limited career longevity.,nan,Partial Season Contributor,Rotational backup or special teams contributor; limited starts.,nan,RB
202201917,A.J. Turner,2022,RB,0.817,58.1468,53.43207931518555,52.82893812640807,52.82893812640807,Multi-Year Starter,Consistent career presence; reliable rotational player or specialist.,nan,Multi-Year Starter,Consistent career presence; reliable rotational player or specialist.,nan,Multi-Year Starter,Consistent career presence; reliable rotational player or specialist.,nan,RB
202201932,Kaden Cloud,2022,RB,0.8167,46.7269,55.10549545288086,56.736641365185484,56.736641365185484,Single Season Contributor,Late bloomer or one-year starter; limited career longevity.,nan,Multi-Year Starter,Consistent career presence; reliable rotational player or specialist.,nan,Multi-Year Starter,Consistent career presence; reliable rotational player or specialist.,nan,RB
202201953,Taven Curry,2022,RB,0.8156,45.3517,47.18480682373047,37.41202581977104,37.41202581977104,Single Season Contributor,Late bloomer or one-year starter; limited career longevity.,nan,Single Season Contributor,Late bloomer or one-year starter; limited career longevity.,nan,Partial Season Contributor,Rotational backup or special teams contributor; limited starts.,nan,RB
202201975,Christian Washington,2022,RB,0.8133,57.2857,49.86602783203125,44.41408701951323,44.41408701951323,Multi-Year Starter,Consistent career presence; reliable rotational player or specialist.,nan,Single Season Contributor,Late bloomer or one-year starter; limited career longevity.,nan,Single Season Contributor,Late bloomer or one-year starter; limited career longevity.,nan,RB
202202012,Braylon McReynolds,2022,RB,0.8111,56.7454,49.867271423339844,44.41686462030784,44.41686462030784,Multi-Year Starter,Consistent career presence; reliable rotational player or specialist.,nan,Single Season Contributor,Late bloomer or one-year starter; limited career longevity.,nan,Single Season Contributor,Late bloomer or one-year starter; limited career longevity.,nan,RB
202202104,Viliami Teu,2022,RB,0.8006,40.1089,53.4887809753418,52.98787572558492,52.98787572558492,Single Season Contributor,Late bloomer or one-year starter; limited career longevity.,nan,Multi-Year Starter,Consistent career presence; reliable rotational player or specialist.,nan,Multi-Year Starter,Consistent career presence; reliable rotational player or specialist.,nan,RB
202202117,KZ Adams,2022,RB,0.7994,39.2532,54.793888092041016,56.03894315870609,56.03894315870609,Partial Season Contributor,Rotational backup or special teams contributor; limited starts.,nan,Multi-Year Starter,Consistent career presence; reliable rotational player or specialist.,nan,Multi-Year Starter,Consistent career presence; reliable rotational player or specialist.,nan,RB
202202135,Kanye Roberts,2022,RB,0.7956,58.9397,53.141849517822266,52.015890347710986,52.015890347710986,Multi-Year Starter,Consistent career presence; reliable rotational player or specialist.,nan,Multi-Year Starter,Consistent career presence; reliable rotational player or specialist.,nan,Multi-Year Starter,Consistent career presence; reliable rotational player or specialist.,nan,RB
202202201,Makhilyn Young,2022,RB,0.7833,55.8582,54.16230773925781,54.8148811530416,54.8148811530416,Multi-Year Starter,Consistent career presence; reliable rotational player or specialist.,nan,Multi-Year Starter,Consistent career presence; reliable rotational player or specialist.,nan,Multi-Year Starter,Consistent career presence; reliable rotational player or specialist.,nan,RB
202202212,Zach Vigil,2022,RB,0.7783,43.9339,34.734275817871094,14.921709518500816,14.921709518500816,Single Season Contributor,Late bloomer or one-year starter; limited career longevity.,nan,Partial Season Contributor,Rotational backup or special teams contributor; limited starts.,nan,Minimal D1 Impact,Roster filler; medical DQ; or transferred to lower levels.,nan,RB
