player_id,name,year,position,rating,y_true_score,y_pred_score_oof_raw,y_pred_score_oof_calibrated,y_pred_score_oof,y_true_tier,y_true_tier_college_outlook,y_true_tier_professional_outlook,y_pred_tier_raw,y_pred_tier_raw_college_outlook,y_pred_tier_raw_professional_outlook,y_pred_tier,y_pred_tier_college_outlook,y_pred_tier_professional_outlook,position_group
201500829,Justin Yoon,2015,K,0.855,85.2725,78.94718933105469,87.38836172414261,87.38836172414261,Elite Power 4,All-Conference/All-American honors.,First round NFL Draft talent,Meaningful P4 Contributor,Reliable multi-year starter at the highest level of competition.,Potential Day 2 Pick,Elite Power 4,All-Conference/All-American honors.,First round NFL Draft talent,SPEC
201501284,Joseph Charlton,2015,P,0.8367,57.1207,50.783226013183594,49.03067704733696,49.03067704733696,Multi-Year Starter,Consistent career presence; reliable rotational player or specialist.,nan,Multi-Year Starter,Consistent career presence; reliable rotational player or specialist.,nan,Single Season Contributor,Late bloomer or one-year starter; limited career longevity.,nan,SPEC
201501382,Kevin Robledo,2015,K,0.8333,63.9113,74.51528930664062,80.2620937521046,80.2620937521046,Meaningful G5 Contributor,Standout starter at the Group of 5 level; high-end depth in Power 4.,Potential Day 3 Pick,Meaningful P4 Contributor,Reliable multi-year starter at the highest level of competition.,Potential Day 2 Pick,Elite Power 4,All-Conference/All-American honors.,First round NFL Draft talent,SPEC
201501458,Alex Kinney,2015,P,0.8308,58.594,61.884429931640625,62.307691821807744,62.307691821807744,Multi-Year Starter,Consistent career presence; reliable rotational player or specialist.,nan,Meaningful G5 Contributor,Standout starter at the Group of 5 level; high-end depth in Power 4.,Potential Day 3 Pick,Meaningful G5 Contributor,Standout starter at the Group of 5 level; high-end depth in Power 4.,Potential Day 3 Pick,SPEC
201501459,Austin Seibert,2015,K,0.8308,95.7383,76.54939270019531,81.60136251263246,81.60136251263246,Elite Power 4,All-Conference/All-American honors.,First round NFL Draft talent,Meaningful P4 Contributor,Reliable multi-year starter at the highest level of competition.,Potential Day 2 Pick,Elite Power 4,All-Conference/All-American honors.,First round NFL Draft talent,SPEC
201501485,Ian Shannon,2015,P,0.8294,50.9818,54.337738037109375,54.77308191066892,54.77308191066892,Multi-Year Starter,Consistent career presence; reliable rotational player or specialist.,nan,Multi-Year Starter,Consistent career presence; reliable rotational player or specialist.,nan,Multi-Year Starter,Consistent career presence; reliable rotational player or specialist.,nan,SPEC
201501544,Jake Bailey,2015,P,0.8261,59.7784,47.262168884277344,40.9733256177633,40.9733256177633,Multi-Year Starter,Consistent career presence; reliable rotational player or specialist.,nan,Single Season Contributor,Late bloomer or one-year starter; limited career longevity.,nan,Single Season Contributor,Late bloomer or one-year starter; limited career longevity.,nan,SPEC
201501597,Daniel LaCamera,2015,K,0.8228,74.6298,68.88985443115234,74.42949178578338,74.42949178578338,Meaningful P4 Contributor,Reliable multi-year starter at the highest level of competition.,Potential Day 2 Pick,Meaningful G5 Contributor,Standout starter at the Group of 5 level; high-end depth in Power 4.,Potential Day 3 Pick,Meaningful P4 Contributor,Reliable multi-year starter at the highest level of competition.,Potential Day 2 Pick,SPEC
201501724,Drew Galitz,2015,P,0.8167,56.4115,51.27790069580078,50.62265880093213,50.62265880093213,Multi-Year Starter,Consistent career presence; reliable rotational player or specialist.,nan,Multi-Year Starter,Consistent career presence; reliable rotational player or specialist.,nan,Multi-Year Starter,Consistent career presence; reliable rotational player or specialist.,nan,SPEC
201501778,Blake Johnson,2015,P,0.8133,46.4618,47.94707489013672,43.48278773605712,43.48278773605712,Single Season Contributor,Late bloomer or one-year starter; limited career longevity.,nan,Single Season Contributor,Late bloomer or one-year starter; limited career longevity.,nan,Single Season Contributor,Late bloomer or one-year starter; limited career longevity.,nan,SPEC
201501791,Rodrigo Blankenship,2015,K,0.8126,93.6337,55.605098724365234,56.31705911066342,56.31705911066342,Elite Power 4,All-Conference/All-American honors.,First round NFL Draft talent,Multi-Year Starter,Consistent career presence; reliable rotational player or specialist.,nan,Multi-Year Starter,Consistent career presence; reliable rotational player or specialist.,nan,SPEC
201501793,Tommy Townsend,2015,P,0.8125,51.7018,69.80165100097656,76.15665744353933,76.15665744353933,Multi-Year Starter,Consistent career presence; reliable rotational player or specialist.,nan,Meaningful G5 Contributor,Standout starter at the Group of 5 level; high-end depth in Power 4.,Potential Day 3 Pick,Meaningful P4 Contributor,Reliable multi-year starter at the highest level of competition.,Potential Day 2 Pick,SPEC
201501830,Sterling Hofrichter,2015,K,0.8108,62.4424,62.503883361816406,62.803547672871936,62.803547672871936,Meaningful G5 Contributor,Standout starter at the Group of 5 level; high-end depth in Power 4.,Potential Day 3 Pick,Meaningful G5 Contributor,Standout starter at the Group of 5 level; high-end depth in Power 4.,Potential Day 3 Pick,Meaningful G5 Contributor,Standout starter at the Group of 5 level; high-end depth in Power 4.,Potential Day 3 Pick,SPEC
201501857,Andrew David,2015,K,0.8097,49.6968,69.65057373046875,75.83140013383706,75.83140013383706,Single Season Contributor,Late bloomer or one-year starter; limited career longevity.,nan,Meaningful G5 Contributor,Standout starter at the Group of 5 level; high-end depth in Power 4.,Potential Day 3 Pick,Meaningful P4 Contributor,Reliable multi-year starter at the highest level of competition.,Potential Day 2 Pick,SPEC
201501956,Stevie Artigue,2015,K,0.8056,66.125,65.30789184570312,69.13139791416613,69.13139791416613,Meaningful G5 Contributor,Standout starter at the Group of 5 level; high-end depth in Power 4.,Potential Day 3 Pick,Meaningful G5 Contributor,Standout starter at the Group of 5 level; high-end depth in Power 4.,Potential Day 3 Pick,Meaningful G5 Contributor,Standout starter at the Group of 5 level; high-end depth in Power 4.,Potential Day 3 Pick,SPEC
201502038,Morgan Hagee,2015,K,0.8014,66.4989,65.74964904785156,70.15363908465923,70.15363908465923,Meaningful G5 Contributor,Standout starter at the Group of 5 level; high-end depth in Power 4.,Potential Day 3 Pick,Meaningful G5 Contributor,Standout starter at the Group of 5 level; high-end depth in Power 4.,Potential Day 3 Pick,Meaningful P4 Contributor,Reliable multi-year starter at the highest level of competition.,Potential Day 2 Pick,SPEC
201502184,Joe Schopper,2015,P,0.7956,58.9576,60.27755355834961,60.20484825830333,60.20484825830333,Multi-Year Starter,Consistent career presence; reliable rotational player or specialist.,nan,Meaningful G5 Contributor,Standout starter at the Group of 5 level; high-end depth in Power 4.,Potential Day 3 Pick,Meaningful G5 Contributor,Standout starter at the Group of 5 level; high-end depth in Power 4.,Potential Day 3 Pick,SPEC
201502213,Corey Fatony,2015,P,0.7941,58.5219,57.87031173706055,58.326191763826685,58.326191763826685,Multi-Year Starter,Consistent career presence; reliable rotational player or specialist.,nan,Multi-Year Starter,Consistent career presence; reliable rotational player or specialist.,nan,Multi-Year Starter,Consistent career presence; reliable rotational player or specialist.,nan,SPEC
201502226,Jameson Vest,2015,K,0.7933,74.4324,64.83250427246094,68.01297952942528,68.01297952942528,Meaningful P4 Contributor,Reliable multi-year starter at the highest level of competition.,Potential Day 2 Pick,Meaningful G5 Contributor,Standout starter at the Group of 5 level; high-end depth in Power 4.,Potential Day 3 Pick,Meaningful G5 Contributor,Standout starter at the Group of 5 level; high-end depth in Power 4.,Potential Day 3 Pick,SPEC
201502232,Louie Zervos,2015,K,0.7931,68.7426,63.5667610168457,65.11784378068776,65.11784378068776,Meaningful G5 Contributor,Standout starter at the Group of 5 level; high-end depth in Power 4.,Potential Day 3 Pick,Meaningful G5 Contributor,Standout starter at the Group of 5 level; high-end depth in Power 4.,Potential Day 3 Pick,Meaningful G5 Contributor,Standout starter at the Group of 5 level; high-end depth in Power 4.,Potential Day 3 Pick,SPEC
201502303,Chris Qualls,2015,P,0.7897,38.0906,53.79738235473633,54.236797131725055,54.236797131725055,Partial Season Contributor,Rotational backup or special teams contributor; limited starts.,nan,Multi-Year Starter,Consistent career presence; reliable rotational player or specialist.,nan,Multi-Year Starter,Consistent career presence; reliable rotational player or specialist.,nan,SPEC
201502389,Parker Davidson,2015,K,0.7867,60.8714,35.602439880371094,25.854147952399426,25.854147952399426,Meaningful G5 Contributor,Standout starter at the Group of 5 level; high-end depth in Power 4.,Potential Day 3 Pick,Partial Season Contributor,Rotational backup or special teams contributor; limited starts.,nan,Partial Season Contributor,Rotational backup or special teams contributor; limited starts.,nan,SPEC
201502459,Jacob Herbers,2015,P,0.7833,54.9704,42.66593551635742,27.90220236828338,27.90220236828338,Multi-Year Starter,Consistent career presence; reliable rotational player or specialist.,nan,Single Season Contributor,Late bloomer or one-year starter; limited career longevity.,nan,Partial Season Contributor,Rotational backup or special teams contributor; limited starts.,nan,SPEC
201502494,Stone Wilson,2015,K,0.7817,53.6847,63.46752166748047,64.80195596354187,64.80195596354187,Multi-Year Starter,Consistent career presence; reliable rotational player or specialist.,nan,Meaningful G5 Contributor,Standout starter at the Group of 5 level; high-end depth in Power 4.,Potential Day 3 Pick,Meaningful G5 Contributor,Standout starter at the Group of 5 level; high-end depth in Power 4.,Potential Day 3 Pick,SPEC
201502592,Jonathan Song,2015,K,0.7783,72.8917,47.755680084228516,43.18154274356365,43.18154274356365,Meaningful P4 Contributor,Reliable multi-year starter at the highest level of competition.,Potential Day 2 Pick,Single Season Contributor,Late bloomer or one-year starter; limited career longevity.,nan,Single Season Contributor,Late bloomer or one-year starter; limited career longevity.,nan,SPEC
201502594,Blake Ferguson,2015,LS,0.7783,52.7653,59.784828186035156,59.714764689529844,59.714764689529844,Multi-Year Starter,Consistent career presence; reliable rotational player or specialist.,nan,Multi-Year Starter,Consistent career presence; reliable rotational player or specialist.,nan,Multi-Year Starter,Consistent career presence; reliable rotational player or specialist.,nan,SPEC
201502686,Josh Growden,2015,P,0.7744,57.6552,56.0154914855957,57.06578440668174,57.06578440668174,Multi-Year Starter,Consistent career presence; reliable rotational player or specialist.,nan,Multi-Year Starter,Consistent career presence; reliable rotational player or specialist.,nan,Multi-Year Starter,Consistent career presence; reliable rotational player or specialist.,nan,SPEC
201502693,Gavin Patterson,2015,K,0.7742,62.8419,66.4106216430664,71.05173405309034,71.05173405309034,Meaningful G5 Contributor,Standout starter at the Group of 5 level; high-end depth in Power 4.,Potential Day 3 Pick,Meaningful G5 Contributor,Standout starter at the Group of 5 level; high-end depth in Power 4.,Potential Day 3 Pick,Meaningful P4 Contributor,Reliable multi-year starter at the highest level of competition.,Potential Day 2 Pick,SPEC
201502785,Michael Tarbutt,2015,K,0.7693,61.3799,55.43851089477539,55.91034679073348,55.91034679073348,Meaningful G5 Contributor,Standout starter at the Group of 5 level; high-end depth in Power 4.,Potential Day 3 Pick,Multi-Year Starter,Consistent career presence; reliable rotational player or specialist.,nan,Multi-Year Starter,Consistent career presence; reliable rotational player or specialist.,nan,SPEC
201502827,Steven Coutts,2015,P,0.7683,57.0866,51.60609436035156,51.34895711193357,51.34895711193357,Multi-Year Starter,Consistent career presence; reliable rotational player or specialist.,nan,Multi-Year Starter,Consistent career presence; reliable rotational player or specialist.,nan,Multi-Year Starter,Consistent career presence; reliable rotational player or specialist.,nan,SPEC
201503082,Wes Farnsworth,2015,LS,0.7658,46.7319,49.556678771972656,46.74695182156347,46.74695182156347,Single Season Contributor,Late bloomer or one-year starter; limited career longevity.,nan,Single Season Contributor,Late bloomer or one-year starter; limited career longevity.,nan,Single Season Contributor,Late bloomer or one-year starter; limited career longevity.,nan,SPEC
201503100,Matt Keller,2015,LS,0.765,56.1784,51.66748046875,51.653943173370614,51.653943173370614,Multi-Year Starter,Consistent career presence; reliable rotational player or specialist.,nan,Multi-Year Starter,Consistent career presence; reliable rotational player or specialist.,nan,Multi-Year Starter,Consistent career presence; reliable rotational player or specialist.,nan,SPEC
201503123,Ben Makowski,2015,LS,0.7633,55.2609,57.69668197631836,57.98336251887856,57.98336251887856,Multi-Year Starter,Consistent career presence; reliable rotational player or specialist.,nan,Multi-Year Starter,Consistent career presence; reliable rotational player or specialist.,nan,Multi-Year Starter,Consistent career presence; reliable rotational player or specialist.,nan,SPEC
201503193,Bennett Moehring,2015,K,0.7583,67.8247,58.59284973144531,58.82000085684074,58.82000085684074,Meaningful G5 Contributor,Standout starter at the Group of 5 level; high-end depth in Power 4.,Potential Day 3 Pick,Multi-Year Starter,Consistent career presence; reliable rotational player or specialist.,nan,Multi-Year Starter,Consistent career presence; reliable rotational player or specialist.,nan,SPEC
201503222,Riley Lovingood,2015,LS,0.7578,51.1348,54.175933837890625,54.6332810613417,54.6332810613417,Multi-Year Starter,Consistent career presence; reliable rotational player or specialist.,nan,Multi-Year Starter,Consistent career presence; reliable rotational player or specialist.,nan,Multi-Year Starter,Consistent career presence; reliable rotational player or specialist.,nan,SPEC
201503238,Tyler Griffiths,2015,LS,0.7544,58.2713,39.89932632446289,26.4681922143749,26.4681922143749,Multi-Year Starter,Consistent career presence; reliable rotational player or specialist.,nan,Partial Season Contributor,Rotational backup or special teams contributor; limited starts.,nan,Partial Season Contributor,Rotational backup or special teams contributor; limited starts.,nan,SPEC
201503290,Alexander Trifonovitch,2015,P,0.7533,35.1552,51.1129035949707,49.75627806349762,49.75627806349762,Partial Season Contributor,Rotational backup or special teams contributor; limited starts.,nan,Multi-Year Starter,Consistent career presence; reliable rotational player or specialist.,nan,Single Season Contributor,Late bloomer or one-year starter; limited career longevity.,nan,SPEC
201503300,Zach Potter,2015,K,0.7519,47.0322,48.69172286987305,44.39825131325507,44.39825131325507,Single Season Contributor,Late bloomer or one-year starter; limited career longevity.,nan,Single Season Contributor,Late bloomer or one-year starter; limited career longevity.,nan,Single Season Contributor,Late bloomer or one-year starter; limited career longevity.,nan,SPEC
201503330,Michael Caggiano,2015,K,0.7483,49.9111,54.378910064697266,54.808912686237946,54.808912686237946,Single Season Contributor,Late bloomer or one-year starter; limited career longevity.,nan,Multi-Year Starter,Consistent career presence; reliable rotational player or specialist.,nan,Multi-Year Starter,Consistent career presence; reliable rotational player or specialist.,nan,SPEC
201503339,Michael Rubino,2015,K,0.7483,54.8259,48.7961540222168,44.972559618189216,44.972559618189216,Multi-Year Starter,Consistent career presence; reliable rotational player or specialist.,nan,Single Season Contributor,Late bloomer or one-year starter; limited career longevity.,nan,Single Season Contributor,Late bloomer or one-year starter; limited career longevity.,nan,SPEC
201503356,Jordan Ober,2015,LS,0.7478,52.8117,47.906036376953125,43.41819535311719,43.41819535311719,Multi-Year Starter,Consistent career presence; reliable rotational player or specialist.,nan,Single Season Contributor,Late bloomer or one-year starter; limited career longevity.,nan,Single Season Contributor,Late bloomer or one-year starter; limited career longevity.,nan,SPEC
201503362,Bryce Crawford,2015,K,0.7433,68.3252,45.9025764465332,37.362629787353654,37.362629787353654,Meaningful G5 Contributor,Standout starter at the Group of 5 level; high-end depth in Power 4.,Potential Day 3 Pick,Single Season Contributor,Late bloomer or one-year starter; limited career longevity.,nan,Partial Season Contributor,Rotational backup or special teams contributor; limited starts.,nan,SPEC
201503367,Jack Fox,2015,K,0.7433,54.2998,55.789215087890625,56.68532636389314,56.68532636389314,Multi-Year Starter,Consistent career presence; reliable rotational player or specialist.,nan,Multi-Year Starter,Consistent career presence; reliable rotational player or specialist.,nan,Multi-Year Starter,Consistent career presence; reliable rotational player or specialist.,nan,SPEC
201503375,Zach Block,2015,P,0.7433,55.3582,49.75243377685547,47.17005840522425,47.17005840522425,Multi-Year Starter,Consistent career presence; reliable rotational player or specialist.,nan,Single Season Contributor,Late bloomer or one-year starter; limited career longevity.,nan,Single Season Contributor,Late bloomer or one-year starter; limited career longevity.,nan,SPEC
201503403,Cade Coffey,2015,P,0.7383,59.3269,47.159324645996094,40.43120199124118,40.43120199124118,Multi-Year Starter,Consistent career presence; reliable rotational player or specialist.,nan,Single Season Contributor,Late bloomer or one-year starter; limited career longevity.,nan,Single Season Contributor,Late bloomer or one-year starter; limited career longevity.,nan,SPEC
201503404,Nick Dowd,2015,K,0.7383,54.6819,61.19860076904297,61.52488774817428,61.52488774817428,Multi-Year Starter,Consistent career presence; reliable rotational player or specialist.,nan,Meaningful G5 Contributor,Standout starter at the Group of 5 level; high-end depth in Power 4.,Potential Day 3 Pick,Meaningful G5 Contributor,Standout starter at the Group of 5 level; high-end depth in Power 4.,Potential Day 3 Pick,SPEC
201503411,Michael Pifer,2015,LS,0.7333,50.263,50.65753936767578,48.68210446321541,48.68210446321541,Multi-Year Starter,Consistent career presence; reliable rotational player or specialist.,nan,Multi-Year Starter,Consistent career presence; reliable rotational player or specialist.,nan,Single Season Contributor,Late bloomer or one-year starter; limited career longevity.,nan,SPEC
201503419,Garrett Wilson,2015,LS,0.7333,31.8234,52.62632751464844,52.89132488059684,52.89132488059684,Partial Season Contributor,Rotational backup or special teams contributor; limited starts.,nan,Multi-Year Starter,Consistent career presence; reliable rotational player or specialist.,nan,Multi-Year Starter,Consistent career presence; reliable rotational player or specialist.,nan,SPEC
201503423,Matt Bonadies,2015,P,0.7333,53.9047,51.17599868774414,49.945352767343486,49.945352767343486,Multi-Year Starter,Consistent career presence; reliable rotational player or specialist.,nan,Multi-Year Starter,Consistent career presence; reliable rotational player or specialist.,nan,Single Season Contributor,Late bloomer or one-year starter; limited career longevity.,nan,SPEC
201503453,Sam Crosa,2015,K,0.71,64.1787,73.3480224609375,79.47786320413317,79.47786320413317,Meaningful G5 Contributor,Standout starter at the Group of 5 level; high-end depth in Power 4.,Potential Day 3 Pick,Meaningful P4 Contributor,Reliable multi-year starter at the highest level of competition.,Potential Day 2 Pick,Meaningful P4 Contributor,Reliable multi-year starter at the highest level of competition.,Potential Day 2 Pick,SPEC
201503529,Evan Rabon,2015,K,0.7,58.7751,53.98569107055664,54.4849389269791,54.4849389269791,Multi-Year Starter,Consistent career presence; reliable rotational player or specialist.,nan,Multi-Year Starter,Consistent career presence; reliable rotational player or specialist.,nan,Multi-Year Starter,Consistent career presence; reliable rotational player or specialist.,nan,SPEC
201503566,Damon Foncham,2015,P,0.7,49.4055,49.03908920288086,45.52855252611183,45.52855252611183,Single Season Contributor,Late bloomer or one-year starter; limited career longevity.,nan,Single Season Contributor,Late bloomer or one-year starter; limited career longevity.,nan,Single Season Contributor,Late bloomer or one-year starter; limited career longevity.,nan,SPEC
201600693,Quinn Nordin,2016,K,0.8592,77.0196,73.27978515625,79.3632276875048,79.3632276875048,Meaningful P4 Contributor,Reliable multi-year starter at the highest level of competition.,Potential Day 2 Pick,Meaningful P4 Contributor,Reliable multi-year starter at the highest level of competition.,Potential Day 2 Pick,Meaningful P4 Contributor,Reliable multi-year starter at the highest level of competition.,Potential Day 2 Pick,SPEC
201600760,Drue Chrisman,2016,P,0.8558,53.669,53.02582550048828,53.508165756675325,53.508165756675325,Multi-Year Starter,Consistent career presence; reliable rotational player or specialist.,nan,Multi-Year Starter,Consistent career presence; reliable rotational player or specialist.,nan,Multi-Year Starter,Consistent career presence; reliable rotational player or specialist.,nan,SPEC
201600818,JJ Molson,2016,K,0.8533,79.5987,74.16400909423828,80.12671697476404,80.12671697476404,Meaningful P4 Contributor,Reliable multi-year starter at the highest level of competition.,Potential Day 2 Pick,Meaningful P4 Contributor,Reliable multi-year starter at the highest level of competition.,Potential Day 2 Pick,Elite Power 4,All-Conference/All-American honors.,First round NFL Draft talent,SPEC
201600931,Skyler Southam,2016,K,0.8483,49.9264,75.45329284667969,80.62358264872113,80.62358264872113,Single Season Contributor,Late bloomer or one-year starter; limited career longevity.,nan,Meaningful P4 Contributor,Reliable multi-year starter at the highest level of competition.,Potential Day 2 Pick,Elite Power 4,All-Conference/All-American honors.,First round NFL Draft talent,SPEC
201601100,Logan Tyler,2016,K,0.8408,59.5515,66.80756378173828,71.93504980303157,71.93504980303157,Multi-Year Starter,Consistent career presence; reliable rotational player or specialist.,nan,Meaningful G5 Contributor,Standout starter at the Group of 5 level; high-end depth in Power 4.,Potential Day 3 Pick,Meaningful P4 Contributor,Reliable multi-year starter at the highest level of competition.,Potential Day 2 Pick,SPEC
201601159,Braden Mann,2016,K,0.8383,70.857,64.37026977539062,66.57082049985668,66.57082049985668,Meaningful P4 Contributor,Reliable multi-year starter at the highest level of competition.,Potential Day 2 Pick,Meaningful G5 Contributor,Standout starter at the Group of 5 level; high-end depth in Power 4.,Potential Day 3 Pick,Meaningful G5 Contributor,Standout starter at the Group of 5 level; high-end depth in Power 4.,Potential Day 3 Pick,SPEC
201601196,Ricky Aguayo,2016,K,0.8367,81.3739,73.03382873535156,79.12794515933633,79.12794515933633,Elite Power 4,All-Conference/All-American honors.,First round NFL Draft talent,Meaningful P4 Contributor,Reliable multi-year starter at the highest level of competition.,Potential Day 2 Pick,Meaningful P4 Contributor,Reliable multi-year starter at the highest level of competition.,Potential Day 2 Pick,SPEC
201601259,Tucker McCann,2016,K,0.8342,80.2815,76.63514709472656,81.7392112820349,81.7392112820349,Elite Power 4,All-Conference/All-American honors.,First round NFL Draft talent,Meaningful P4 Contributor,Reliable multi-year starter at the highest level of competition.,Potential Day 2 Pick,Elite Power 4,All-Conference/All-American honors.,First round NFL Draft talent,SPEC
201601275,Anthony Lotti,2016,P,0.8333,57.4298,59.25101852416992,59.3596185820088,59.3596185820088,Multi-Year Starter,Consistent career presence; reliable rotational player or specialist.,nan,Multi-Year Starter,Consistent career presence; reliable rotational player or specialist.,nan,Multi-Year Starter,Consistent career presence; reliable rotational player or specialist.,nan,SPEC
201601370,Austin Kent,2016,P,0.8322,47.1739,55.81356430053711,56.73172374876121,56.73172374876121,Single Season Contributor,Late bloomer or one-year starter; limited career longevity.,nan,Multi-Year Starter,Consistent career presence; reliable rotational player or specialist.,nan,Multi-Year Starter,Consistent career presence; reliable rotational player or specialist.,nan,SPEC
201601491,Grant McKinniss,2016,P,0.8267,60.9317,46.136226654052734,38.00057062456057,38.00057062456057,Meaningful G5 Contributor,Standout starter at the Group of 5 level; high-end depth in Power 4.,Potential Day 3 Pick,Single Season Contributor,Late bloomer or one-year starter; limited career longevity.,nan,Partial Season Contributor,Rotational backup or special teams contributor; limited starts.,nan,SPEC
201601510,Caleb Lightbourn,2016,P,0.8261,56.8825,47.11703872680664,40.255987044688766,40.255987044688766,Multi-Year Starter,Consistent career presence; reliable rotational player or specialist.,nan,Single Season Contributor,Late bloomer or one-year starter; limited career longevity.,nan,Single Season Contributor,Late bloomer or one-year starter; limited career longevity.,nan,SPEC
201601526,Marshall Long,2016,P,0.8256,37.1847,56.037532806396484,57.087154363339515,57.087154363339515,Partial Season Contributor,Rotational backup or special teams contributor; limited starts.,nan,Multi-Year Starter,Consistent career presence; reliable rotational player or specialist.,nan,Multi-Year Starter,Consistent career presence; reliable rotational player or specialist.,nan,SPEC
201601579,Alex Barbir,2016,K,0.8233,58.7569,79.16596221923828,88.09181257713827,88.09181257713827,Multi-Year Starter,Consistent career presence; reliable rotational player or specialist.,nan,Meaningful P4 Contributor,Reliable multi-year starter at the highest level of competition.,Potential Day 2 Pick,Elite Power 4,All-Conference/All-American honors.,First round NFL Draft talent,SPEC
201601583,Matthew Coghlin,2016,K,0.8233,90.2012,65.6489486694336,69.94127319741978,69.94127319741978,Elite Power 4,All-Conference/All-American honors.,First round NFL Draft talent,Meaningful G5 Contributor,Standout starter at the Group of 5 level; high-end depth in Power 4.,Potential Day 3 Pick,Meaningful G5 Contributor,Standout starter at the Group of 5 level; high-end depth in Power 4.,Potential Day 3 Pick,SPEC
201601616,Connor Culp,2016,K,0.8222,70.3064,79.66059875488281,89.68228613083552,89.68228613083552,Meaningful P4 Contributor,Reliable multi-year starter at the highest level of competition.,Potential Day 2 Pick,Meaningful P4 Contributor,Reliable multi-year starter at the highest level of competition.,Potential Day 2 Pick,Elite Power 4,All-Conference/All-American honors.,First round NFL Draft talent,SPEC
201601653,Jet Toner,2016,P,0.8206,76.6664,45.05975341796875,32.29848445321522,32.29848445321522,Meaningful P4 Contributor,Reliable multi-year starter at the highest level of competition.,Potential Day 2 Pick,Single Season Contributor,Late bloomer or one-year starter; limited career longevity.,nan,Partial Season Contributor,Rotational backup or special teams contributor; limited starts.,nan,SPEC
201601665,Camaron Cheeseman,2016,LS,0.82,45.7876,51.4451904296875,51.1359357386041,51.1359357386041,Single Season Contributor,Late bloomer or one-year starter; limited career longevity.,nan,Multi-Year Starter,Consistent career presence; reliable rotational player or specialist.,nan,Multi-Year Starter,Consistent career presence; reliable rotational player or specialist.,nan,SPEC
201601681,Sam Loy,2016,P,0.8189,56.8148,51.22193145751953,50.35231925307006,50.35231925307006,Multi-Year Starter,Consistent career presence; reliable rotational player or specialist.,nan,Multi-Year Starter,Consistent career presence; reliable rotational player or specialist.,nan,Multi-Year Starter,Consistent career presence; reliable rotational player or specialist.,nan,SPEC
201601721,John Shannon,2016,LS,0.8167,57.172,50.88886260986328,49.33321385461876,49.33321385461876,Multi-Year Starter,Consistent career presence; reliable rotational player or specialist.,nan,Multi-Year Starter,Consistent career presence; reliable rotational player or specialist.,nan,Single Season Contributor,Late bloomer or one-year starter; limited career longevity.,nan,SPEC
201601740,AJ Reed,2016,K,0.8156,69.0664,62.86188888549805,63.81996103764386,63.81996103764386,Meaningful G5 Contributor,Standout starter at the Group of 5 level; high-end depth in Power 4.,Potential Day 3 Pick,Meaningful G5 Contributor,Standout starter at the Group of 5 level; high-end depth in Power 4.,Potential Day 3 Pick,Meaningful G5 Contributor,Standout starter at the Group of 5 level; high-end depth in Power 4.,Potential Day 3 Pick,SPEC
201601768,Jonn Young,2016,K,0.8144,55.8975,63.74619674682617,65.63604897889091,65.63604897889091,Multi-Year Starter,Consistent career presence; reliable rotational player or specialist.,nan,Meaningful G5 Contributor,Standout starter at the Group of 5 level; high-end depth in Power 4.,Potential Day 3 Pick,Meaningful G5 Contributor,Standout starter at the Group of 5 level; high-end depth in Power 4.,Potential Day 3 Pick,SPEC
201601810,Van Soderberg,2016,K,0.8131,30.1865,59.23294448852539,59.348532191648275,59.348532191648275,Partial Season Contributor,Rotational backup or special teams contributor; limited starts.,nan,Multi-Year Starter,Consistent career presence; reliable rotational player or specialist.,nan,Multi-Year Starter,Consistent career presence; reliable rotational player or specialist.,nan,SPEC
201601922,James McCourt,2016,K,0.8094,69.6292,68.8193130493164,74.32002828483701,74.32002828483701,Meaningful G5 Contributor,Standout starter at the Group of 5 level; high-end depth in Power 4.,Potential Day 3 Pick,Meaningful G5 Contributor,Standout starter at the Group of 5 level; high-end depth in Power 4.,Potential Day 3 Pick,Meaningful P4 Contributor,Reliable multi-year starter at the highest level of competition.,Potential Day 2 Pick,SPEC
201602022,Jose Borregales,2016,K,0.8033,73.2801,62.619789123535156,62.89585972061179,62.89585972061179,Meaningful P4 Contributor,Reliable multi-year starter at the highest level of competition.,Potential Day 2 Pick,Meaningful G5 Contributor,Standout starter at the Group of 5 level; high-end depth in Power 4.,Potential Day 3 Pick,Meaningful G5 Contributor,Standout starter at the Group of 5 level; high-end depth in Power 4.,Potential Day 3 Pick,SPEC
201602178,Grant Carlson,2016,P,0.7967,57.0525,53.521297454833984,54.00454864039567,54.00454864039567,Multi-Year Starter,Consistent career presence; reliable rotational player or specialist.,nan,Multi-Year Starter,Consistent career presence; reliable rotational player or specialist.,nan,Multi-Year Starter,Consistent career presence; reliable rotational player or specialist.,nan,SPEC
201602202,Derek Adams,2016,P,0.7956,58.6663,50.115421295166016,48.10415709197515,48.10415709197515,Multi-Year Starter,Consistent career presence; reliable rotational player or specialist.,nan,Multi-Year Starter,Consistent career presence; reliable rotational player or specialist.,nan,Single Season Contributor,Late bloomer or one-year starter; limited career longevity.,nan,SPEC
201602221,Butch Hampton,2016,K,0.7939,65.5705,61.176727294921875,61.46798881139427,61.46798881139427,Meaningful G5 Contributor,Standout starter at the Group of 5 level; high-end depth in Power 4.,Potential Day 3 Pick,Meaningful G5 Contributor,Standout starter at the Group of 5 level; high-end depth in Power 4.,Potential Day 3 Pick,Meaningful G5 Contributor,Standout starter at the Group of 5 level; high-end depth in Power 4.,Potential Day 3 Pick,SPEC
201602337,Steven Wirtel,2016,LS,0.79,52.086,50.18421173095703,48.233943659963465,48.233943659963465,Multi-Year Starter,Consistent career presence; reliable rotational player or specialist.,nan,Multi-Year Starter,Consistent career presence; reliable rotational player or specialist.,nan,Single Season Contributor,Late bloomer or one-year starter; limited career longevity.,nan,SPEC
201602487,Johnny Den Bleyker,2016,LS,0.7869,56.1121,49.10882568359375,45.63330198713337,45.63330198713337,Multi-Year Starter,Consistent career presence; reliable rotational player or specialist.,nan,Single Season Contributor,Late bloomer or one-year starter; limited career longevity.,nan,Single Season Contributor,Late bloomer or one-year starter; limited career longevity.,nan,SPEC
201602493,Joel Velazquez,2016,K,0.7867,57.8999,57.27039337158203,57.73104800789581,57.73104800789581,Multi-Year Starter,Consistent career presence; reliable rotational player or specialist.,nan,Multi-Year Starter,Consistent career presence; reliable rotational player or specialist.,nan,Multi-Year Starter,Consistent career presence; reliable rotational player or specialist.,nan,SPEC
201602494,Cooper Rothe,2016,K,0.7867,69.7845,54.61592483520508,55.01151759392072,55.01151759392072,Meaningful G5 Contributor,Standout starter at the Group of 5 level; high-end depth in Power 4.,Potential Day 3 Pick,Multi-Year Starter,Consistent career presence; reliable rotational player or specialist.,nan,Multi-Year Starter,Consistent career presence; reliable rotational player or specialist.,nan,SPEC
201602497,Turner Bernard,2016,LS,0.7861,43.4664,51.73429489135742,51.76357787947981,51.76357787947981,Single Season Contributor,Late bloomer or one-year starter; limited career longevity.,nan,Multi-Year Starter,Consistent career presence; reliable rotational player or specialist.,nan,Multi-Year Starter,Consistent career presence; reliable rotational player or specialist.,nan,SPEC
201602638,Richard McNitzky,2016,LS,0.7808,59.3456,52.78903579711914,53.118671774035064,53.118671774035064,Multi-Year Starter,Consistent career presence; reliable rotational player or specialist.,nan,Multi-Year Starter,Consistent career presence; reliable rotational player or specialist.,nan,Multi-Year Starter,Consistent career presence; reliable rotational player or specialist.,nan,SPEC
201602896,J.D. Dellinger,2016,K,0.7733,72.5197,55.569759368896484,56.213998195504146,56.213998195504146,Meaningful P4 Contributor,Reliable multi-year starter at the highest level of competition.,Potential Day 2 Pick,Multi-Year Starter,Consistent career presence; reliable rotational player or specialist.,nan,Multi-Year Starter,Consistent career presence; reliable rotational player or specialist.,nan,SPEC
201603511,Britton Hogan,2016,LS,0.7667,45.5931,22.23256492614746,18.5142,18.5142,Single Season Contributor,Late bloomer or one-year starter; limited career longevity.,nan,Partial Season Contributor,Rotational backup or special teams contributor; limited starts.,nan,Minimal D1 Impact,Roster filler; medical DQ; or transferred to lower levels.,nan,SPEC
201603540,Alex Kessman,2016,K,0.7667,75.3244,52.183719635009766,52.18617346839077,52.18617346839077,Meaningful P4 Contributor,Reliable multi-year starter at the highest level of competition.,Potential Day 2 Pick,Multi-Year Starter,Consistent career presence; reliable rotational player or specialist.,nan,Multi-Year Starter,Consistent career presence; reliable rotational player or specialist.,nan,SPEC
201603605,Kaden Keon,2016,K,0.7667,55.0348,61.51307678222656,61.91176811302376,61.91176811302376,Multi-Year Starter,Consistent career presence; reliable rotational player or specialist.,nan,Meaningful G5 Contributor,Standout starter at the Group of 5 level; high-end depth in Power 4.,Potential Day 3 Pick,Meaningful G5 Contributor,Standout starter at the Group of 5 level; high-end depth in Power 4.,Potential Day 3 Pick,SPEC
201603611,Payton Theisler,2016,P,0.7667,54.3474,45.30274963378906,33.688283499371536,33.688283499371536,Multi-Year Starter,Consistent career presence; reliable rotational player or specialist.,nan,Single Season Contributor,Late bloomer or one-year starter; limited career longevity.,nan,Partial Season Contributor,Rotational backup or special teams contributor; limited starts.,nan,SPEC
201603619,Alex Probert,2016,K,0.7667,59.8355,55.8942985534668,56.877249248121345,56.877249248121345,Multi-Year Starter,Consistent career presence; reliable rotational player or specialist.,nan,Multi-Year Starter,Consistent career presence; reliable rotational player or specialist.,nan,Multi-Year Starter,Consistent career presence; reliable rotational player or specialist.,nan,SPEC
201603760,Tyler Sumpter,2016,P,0.7583,67.3765,48.78792953491211,44.92732990218111,44.92732990218111,Meaningful G5 Contributor,Standout starter at the Group of 5 level; high-end depth in Power 4.,Potential Day 3 Pick,Single Season Contributor,Late bloomer or one-year starter; limited career longevity.,nan,Single Season Contributor,Late bloomer or one-year starter; limited career longevity.,nan,SPEC
201603787,Crews Holt,2016,K,0.7544,64.78,61.01125717163086,61.03755540003981,61.03755540003981,Meaningful G5 Contributor,Standout starter at the Group of 5 level; high-end depth in Power 4.,Potential Day 3 Pick,Meaningful G5 Contributor,Standout starter at the Group of 5 level; high-end depth in Power 4.,Potential Day 3 Pick,Meaningful G5 Contributor,Standout starter at the Group of 5 level; high-end depth in Power 4.,Potential Day 3 Pick,SPEC
201603864,Brett Graham,2016,P,0.7433,40.1687,58.83301544189453,59.01690396849462,59.01690396849462,Single Season Contributor,Late bloomer or one-year starter; limited career longevity.,nan,Multi-Year Starter,Consistent career presence; reliable rotational player or specialist.,nan,Multi-Year Starter,Consistent career presence; reliable rotational player or specialist.,nan,SPEC
201603890,Nick Zecchino,2016,LS,0.7333,45.0696,48.09507369995117,43.715729796005085,43.715729796005085,Single Season Contributor,Late bloomer or one-year starter; limited career longevity.,nan,Single Season Contributor,Late bloomer or one-year starter; limited career longevity.,nan,Single Season Contributor,Late bloomer or one-year starter; limited career longevity.,nan,SPEC
201603893,Bailey Cate,2016,P,0.7333,53.8103,52.204830169677734,52.23496945064672,52.23496945064672,Multi-Year Starter,Consistent career presence; reliable rotational player or specialist.,nan,Multi-Year Starter,Consistent career presence; reliable rotational player or specialist.,nan,Multi-Year Starter,Consistent career presence; reliable rotational player or specialist.,nan,SPEC
201603907,Justin Warner,2016,LS,0.71,45.4302,42.01251983642578,26.770177004372965,26.770177004372965,Single Season Contributor,Late bloomer or one-year starter; limited career longevity.,nan,Single Season Contributor,Late bloomer or one-year starter; limited career longevity.,nan,Partial Season Contributor,Rotational backup or special teams contributor; limited starts.,nan,SPEC
201603985,Devin Anctil,2016,P,0.7,48.0642,56.324676513671875,57.269513768775724,57.269513768775724,Single Season Contributor,Late bloomer or one-year starter; limited career longevity.,nan,Multi-Year Starter,Consistent career presence; reliable rotational player or specialist.,nan,Multi-Year Starter,Consistent career presence; reliable rotational player or specialist.,nan,SPEC
201701217,Anders Carlson,2017,K,0.8383,92.1981,77.67398071289062,83.91982465449777,83.91982465449777,Elite Power 4,All-Conference/All-American honors.,First round NFL Draft talent,Meaningful P4 Contributor,Reliable multi-year starter at the highest level of competition.,Potential Day 2 Pick,Elite Power 4,All-Conference/All-American honors.,First round NFL Draft talent,SPEC
201701274,Blake Haubeil,2017,K,0.835,73.928,71.53857421875,77.72289329175845,77.72289329175845,Meaningful P4 Contributor,Reliable multi-year starter at the highest level of competition.,Potential Day 2 Pick,Meaningful P4 Contributor,Reliable multi-year starter at the highest level of competition.,Potential Day 2 Pick,Meaningful P4 Contributor,Reliable multi-year starter at the highest level of competition.,Potential Day 2 Pick,SPEC
201701277,Joseph Bulovas,2017,K,0.835,73.2236,70.73632049560547,77.00283928796578,77.00283928796578,Meaningful P4 Contributor,Reliable multi-year starter at the highest level of competition.,Potential Day 2 Pick,Meaningful P4 Contributor,Reliable multi-year starter at the highest level of competition.,Potential Day 2 Pick,Meaningful P4 Contributor,Reliable multi-year starter at the highest level of competition.,Potential Day 2 Pick,SPEC
201701278,Brandon Ruiz,2017,K,0.835,78.3001,73.39257049560547,79.56786601984491,79.56786601984491,Meaningful P4 Contributor,Reliable multi-year starter at the highest level of competition.,Potential Day 2 Pick,Meaningful P4 Contributor,Reliable multi-year starter at the highest level of competition.,Potential Day 2 Pick,Meaningful P4 Contributor,Reliable multi-year starter at the highest level of competition.,Potential Day 2 Pick,SPEC
201701321,Chase McGrath,2017,K,0.8333,83.8428,70.306396484375,76.6136400227131,76.6136400227131,Elite Power 4,All-Conference/All-American honors.,First round NFL Draft talent,Meaningful P4 Contributor,Reliable multi-year starter at the highest level of competition.,Potential Day 2 Pick,Meaningful P4 Contributor,Reliable multi-year starter at the highest level of competition.,Potential Day 2 Pick,SPEC
201701374,Brent Cimaglia,2017,K,0.8325,75.6957,71.34858703613281,77.55237238600735,77.55237238600735,Meaningful P4 Contributor,Reliable multi-year starter at the highest level of competition.,Potential Day 2 Pick,Meaningful P4 Contributor,Reliable multi-year starter at the highest level of competition.,Potential Day 2 Pick,Meaningful P4 Contributor,Reliable multi-year starter at the highest level of competition.,Potential Day 2 Pick,SPEC
201701437,Reeves Mundschau,2017,P,0.8294,52.3325,47.64826202392578,42.837948293717936,42.837948293717936,Multi-Year Starter,Consistent career presence; reliable rotational player or specialist.,nan,Single Season Contributor,Late bloomer or one-year starter; limited career longevity.,nan,Single Season Contributor,Late bloomer or one-year starter; limited career longevity.,nan,SPEC
201701476,Oscar Bradburn,2017,P,0.8278,57.3092,55.94778060913086,56.96718642928841,56.96718642928841,Multi-Year Starter,Consistent career presence; reliable rotational player or specialist.,nan,Multi-Year Starter,Consistent career presence; reliable rotational player or specialist.,nan,Multi-Year Starter,Consistent career presence; reliable rotational player or specialist.,nan,SPEC
201701486,Charlie Kuhbander,2017,K,0.8269,72.7304,65.7552719116211,70.16556479326283,70.16556479326283,Meaningful P4 Contributor,Reliable multi-year starter at the highest level of competition.,Potential Day 2 Pick,Meaningful G5 Contributor,Standout starter at the Group of 5 level; high-end depth in Power 4.,Potential Day 3 Pick,Meaningful P4 Contributor,Reliable multi-year starter at the highest level of competition.,Potential Day 2 Pick,SPEC
201701524,Cole Hahn,2017,K,0.825,51.8708,81.75950622558594,93.3213234103857,93.3213234103857,Multi-Year Starter,Consistent career presence; reliable rotational player or specialist.,nan,Elite Power 4,All-Conference/All-American honors.,First round NFL Draft talent,Elite Power 4,All-Conference/All-American honors.,First round NFL Draft talent,SPEC
201701568,Ryan Stonehouse,2017,P,0.8233,56.4282,60.097469329833984,60.009704709226426,60.009704709226426,Multi-Year Starter,Consistent career presence; reliable rotational player or specialist.,nan,Meaningful G5 Contributor,Standout starter at the Group of 5 level; high-end depth in Power 4.,Potential Day 3 Pick,Meaningful G5 Contributor,Standout starter at the Group of 5 level; high-end depth in Power 4.,Potential Day 3 Pick,SPEC
201701650,Grant Glennon,2017,LS,0.82,53.9678,54.93416976928711,55.38581892601369,55.38581892601369,Multi-Year Starter,Consistent career presence; reliable rotational player or specialist.,nan,Multi-Year Starter,Consistent career presence; reliable rotational player or specialist.,nan,Multi-Year Starter,Consistent career presence; reliable rotational player or specialist.,nan,SPEC
201701703,Pressley Harvin III,2017,P,0.8175,69.9422,48.1450309753418,43.7746502675059,43.7746502675059,Meaningful G5 Contributor,Standout starter at the Group of 5 level; high-end depth in Power 4.,Potential Day 3 Pick,Single Season Contributor,Late bloomer or one-year starter; limited career longevity.,nan,Single Season Contributor,Late bloomer or one-year starter; limited career longevity.,nan,SPEC
201701734,Cooper Graham,2017,K,0.8167,40.9538,67.97122192382812,73.38880494280649,73.38880494280649,Single Season Contributor,Late bloomer or one-year starter; limited career longevity.,nan,Meaningful G5 Contributor,Standout starter at the Group of 5 level; high-end depth in Power 4.,Potential Day 3 Pick,Meaningful P4 Contributor,Reliable multi-year starter at the highest level of competition.,Potential Day 2 Pick,SPEC
201701743,Zach Feagles,2017,P,0.8158,49.16,57.75706481933594,58.0427706511263,58.0427706511263,Single Season Contributor,Late bloomer or one-year starter; limited career longevity.,nan,Multi-Year Starter,Consistent career presence; reliable rotational player or specialist.,nan,Multi-Year Starter,Consistent career presence; reliable rotational player or specialist.,nan,SPEC
201701821,Adam Stack,2017,K,0.8128,53.2313,52.23794937133789,52.311522887210906,52.311522887210906,Multi-Year Starter,Consistent career presence; reliable rotational player or specialist.,nan,Multi-Year Starter,Consistent career presence; reliable rotational player or specialist.,nan,Multi-Year Starter,Consistent career presence; reliable rotational player or specialist.,nan,SPEC
201701899,Jonathan Doerer,2017,K,0.8097,75.5451,63.27362060546875,64.44228498335637,64.44228498335637,Meaningful P4 Contributor,Reliable multi-year starter at the highest level of competition.,Potential Day 2 Pick,Meaningful G5 Contributor,Standout starter at the Group of 5 level; high-end depth in Power 4.,Potential Day 3 Pick,Meaningful G5 Contributor,Standout starter at the Group of 5 level; high-end depth in Power 4.,Potential Day 3 Pick,SPEC
201701905,Bill Taylor,2017,LS,0.8093,53.4811,45.57181930541992,35.27754002086726,35.27754002086726,Multi-Year Starter,Consistent career presence; reliable rotational player or specialist.,nan,Single Season Contributor,Late bloomer or one-year starter; limited career longevity.,nan,Partial Season Contributor,Rotational backup or special teams contributor; limited starts.,nan,SPEC
201701947,Liam Jones,2017,K,0.8072,56.663,68.6191177368164,74.0394659006649,74.0394659006649,Multi-Year Starter,Consistent career presence; reliable rotational player or specialist.,nan,Meaningful G5 Contributor,Standout starter at the Group of 5 level; high-end depth in Power 4.,Potential Day 3 Pick,Meaningful P4 Contributor,Reliable multi-year starter at the highest level of competition.,Potential Day 2 Pick,SPEC
201702020,Jake McClure,2017,P,0.8044,56.0625,55.85716247558594,56.8148,56.8148,Multi-Year Starter,Consistent career presence; reliable rotational player or specialist.,nan,Multi-Year Starter,Consistent career presence; reliable rotational player or specialist.,nan,Multi-Year Starter,Consistent career presence; reliable rotational player or specialist.,nan,SPEC
201702067,Riley Patterson,2017,K,0.8022,73.7464,65.83698272705078,70.34166851857891,70.34166851857891,Meaningful P4 Contributor,Reliable multi-year starter at the highest level of competition.,Potential Day 2 Pick,Meaningful G5 Contributor,Standout starter at the Group of 5 level; high-end depth in Power 4.,Potential Day 3 Pick,Meaningful P4 Contributor,Reliable multi-year starter at the highest level of competition.,Potential Day 2 Pick,SPEC
201702083,Joe Doyle,2017,P,0.8017,57.5856,61.25461959838867,61.63621012476268,61.63621012476268,Multi-Year Starter,Consistent career presence; reliable rotational player or specialist.,nan,Meaningful G5 Contributor,Standout starter at the Group of 5 level; high-end depth in Power 4.,Potential Day 3 Pick,Meaningful G5 Contributor,Standout starter at the Group of 5 level; high-end depth in Power 4.,Potential Day 3 Pick,SPEC
201702199,Ryan Rehkow,2017,P,0.7975,57.2749,49.50151062011719,46.611437901382665,46.611437901382665,Multi-Year Starter,Consistent career presence; reliable rotational player or specialist.,nan,Single Season Contributor,Late bloomer or one-year starter; limited career longevity.,nan,Single Season Contributor,Late bloomer or one-year starter; limited career longevity.,nan,SPEC
201702204,Noah Ruggles,2017,K,0.7972,81.9053,63.672889709472656,65.45566100001567,65.45566100001567,Elite Power 4,All-Conference/All-American honors.,First round NFL Draft talent,Meaningful G5 Contributor,Standout starter at the Group of 5 level; high-end depth in Power 4.,Potential Day 3 Pick,Meaningful G5 Contributor,Standout starter at the Group of 5 level; high-end depth in Power 4.,Potential Day 3 Pick,SPEC
201702279,Brenton King,2017,K,0.7944,60.6717,58.61628341674805,58.83884915021994,58.83884915021994,Meaningful G5 Contributor,Standout starter at the Group of 5 level; high-end depth in Power 4.,Potential Day 3 Pick,Multi-Year Starter,Consistent career presence; reliable rotational player or specialist.,nan,Multi-Year Starter,Consistent career presence; reliable rotational player or specialist.,nan,SPEC
201702286,Tucker Day,2017,P,0.7936,60.0462,55.1452522277832,55.65913308041138,55.65913308041138,Meaningful G5 Contributor,Standout starter at the Group of 5 level; high-end depth in Power 4.,Potential Day 3 Pick,Multi-Year Starter,Consistent career presence; reliable rotational player or specialist.,nan,Multi-Year Starter,Consistent career presence; reliable rotational player or specialist.,nan,SPEC
201702289,Cole Smith,2017,K,0.7933,64.2279,66.61422729492188,71.45030765441757,71.45030765441757,Meaningful G5 Contributor,Standout starter at the Group of 5 level; high-end depth in Power 4.,Potential Day 3 Pick,Meaningful G5 Contributor,Standout starter at the Group of 5 level; high-end depth in Power 4.,Potential Day 3 Pick,Meaningful P4 Contributor,Reliable multi-year starter at the highest level of competition.,Potential Day 2 Pick,SPEC
201702354,Brian Delaney,2017,K,0.7908,69.2507,67.07596588134766,72.5262553891568,72.5262553891568,Meaningful G5 Contributor,Standout starter at the Group of 5 level; high-end depth in Power 4.,Potential Day 3 Pick,Meaningful G5 Contributor,Standout starter at the Group of 5 level; high-end depth in Power 4.,Potential Day 3 Pick,Meaningful P4 Contributor,Reliable multi-year starter at the highest level of competition.,Potential Day 2 Pick,SPEC
201702443,Ryan Gersonde,2017,P,0.7889,32.1506,54.05882263183594,54.54827853005578,54.54827853005578,Partial Season Contributor,Rotational backup or special teams contributor; limited starts.,nan,Multi-Year Starter,Consistent career presence; reliable rotational player or specialist.,nan,Multi-Year Starter,Consistent career presence; reliable rotational player or specialist.,nan,SPEC
201702445,Lucas Havrisik,2017,K,0.7889,66.0403,59.142704010009766,59.27744625578401,59.27744625578401,Meaningful G5 Contributor,Standout starter at the Group of 5 level; high-end depth in Power 4.,Potential Day 3 Pick,Multi-Year Starter,Consistent career presence; reliable rotational player or specialist.,nan,Multi-Year Starter,Consistent career presence; reliable rotational player or specialist.,nan,SPEC
201702470,Thomas Fletcher,2017,LS,0.7875,55.1962,53.291282653808594,53.83382086797608,53.83382086797608,Multi-Year Starter,Consistent career presence; reliable rotational player or specialist.,nan,Multi-Year Starter,Consistent career presence; reliable rotational player or specialist.,nan,Multi-Year Starter,Consistent career presence; reliable rotational player or specialist.,nan,SPEC
201702478,Kirk Christodoulou,2017,K,0.7864,57.4817,62.50192642211914,62.80198908675784,62.80198908675784,Multi-Year Starter,Consistent career presence; reliable rotational player or specialist.,nan,Meaningful G5 Contributor,Standout starter at the Group of 5 level; high-end depth in Power 4.,Potential Day 3 Pick,Meaningful G5 Contributor,Standout starter at the Group of 5 level; high-end depth in Power 4.,Potential Day 3 Pick,SPEC
201702479,Adam Bay,2017,LS,0.7861,54.0309,49.04994583129883,45.54486000196475,45.54486000196475,Multi-Year Starter,Consistent career presence; reliable rotational player or specialist.,nan,Single Season Contributor,Late bloomer or one-year starter; limited career longevity.,nan,Single Season Contributor,Late bloomer or one-year starter; limited career longevity.,nan,SPEC
201702570,Damon Johnson,2017,LS,0.7839,56.079,51.19365692138672,50.115506331765296,50.115506331765296,Multi-Year Starter,Consistent career presence; reliable rotational player or specialist.,nan,Multi-Year Starter,Consistent career presence; reliable rotational player or specialist.,nan,Multi-Year Starter,Consistent career presence; reliable rotational player or specialist.,nan,SPEC
201702576,Briggs Bourgeois,2017,K,0.7833,61.1748,52.545654296875,52.831574802409115,52.831574802409115,Meaningful G5 Contributor,Standout starter at the Group of 5 level; high-end depth in Power 4.,Potential Day 3 Pick,Multi-Year Starter,Consistent career presence; reliable rotational player or specialist.,nan,Multi-Year Starter,Consistent career presence; reliable rotational player or specialist.,nan,SPEC
201702638,Evan Legassey,2017,K,0.7825,45.2995,61.9088020324707,62.32960077610802,62.32960077610802,Single Season Contributor,Late bloomer or one-year starter; limited career longevity.,nan,Meaningful G5 Contributor,Standout starter at the Group of 5 level; high-end depth in Power 4.,Potential Day 3 Pick,Meaningful G5 Contributor,Standout starter at the Group of 5 level; high-end depth in Power 4.,Potential Day 3 Pick,SPEC
201702679,Josh Grant,2017,K,0.78,61.0528,59.967796325683594,59.88031742104264,59.88031742104264,Meaningful G5 Contributor,Standout starter at the Group of 5 level; high-end depth in Power 4.,Potential Day 3 Pick,Multi-Year Starter,Consistent career presence; reliable rotational player or specialist.,nan,Multi-Year Starter,Consistent career presence; reliable rotational player or specialist.,nan,SPEC
201702835,Kyle Gibbs,2017,LS,0.7764,36.5614,52.99443054199219,53.44703178505398,53.44703178505398,Partial Season Contributor,Rotational backup or special teams contributor; limited starts.,nan,Multi-Year Starter,Consistent career presence; reliable rotational player or specialist.,nan,Multi-Year Starter,Consistent career presence; reliable rotational player or specialist.,nan,SPEC
201702916,Mitch Hall,2017,LS,0.7739,54.8099,52.503028869628906,52.80117076785303,52.80117076785303,Multi-Year Starter,Consistent career presence; reliable rotational player or specialist.,nan,Multi-Year Starter,Consistent career presence; reliable rotational player or specialist.,nan,Multi-Year Starter,Consistent career presence; reliable rotational player or specialist.,nan,SPEC
201702956,Haydon Whitehead,2017,P,0.7733,57.8298,58.46397018432617,58.6976346763264,58.6976346763264,Multi-Year Starter,Consistent career presence; reliable rotational player or specialist.,nan,Multi-Year Starter,Consistent career presence; reliable rotational player or specialist.,nan,Multi-Year Starter,Consistent career presence; reliable rotational player or specialist.,nan,SPEC
201703142,Jeremiah Riordan,2017,LS,0.7683,47.1267,55.43544387817383,55.90358215881783,55.90358215881783,Single Season Contributor,Late bloomer or one-year starter; limited career longevity.,nan,Multi-Year Starter,Consistent career presence; reliable rotational player or specialist.,nan,Multi-Year Starter,Consistent career presence; reliable rotational player or specialist.,nan,SPEC
201703411,Brooks Hosea,2017,K,0.7667,36.9435,60.126312255859375,60.04095958921648,60.04095958921648,Partial Season Contributor,Rotational backup or special teams contributor; limited starts.,nan,Meaningful G5 Contributor,Standout starter at the Group of 5 level; high-end depth in Power 4.,Potential Day 3 Pick,Meaningful G5 Contributor,Standout starter at the Group of 5 level; high-end depth in Power 4.,Potential Day 3 Pick,SPEC
201703638,Ben Reeder,2017,LS,0.7667,26.236,42.22208786010742,26.978788448222673,26.978788448222673,Partial Season Contributor,Rotational backup or special teams contributor; limited starts.,nan,Single Season Contributor,Late bloomer or one-year starter; limited career longevity.,nan,Partial Season Contributor,Rotational backup or special teams contributor; limited starts.,nan,SPEC
201703656,Kyle O'Connor,2017,LS,0.7667,38.2701,53.53487777709961,54.014498048292246,54.014498048292246,Partial Season Contributor,Rotational backup or special teams contributor; limited starts.,nan,Multi-Year Starter,Consistent career presence; reliable rotational player or specialist.,nan,Multi-Year Starter,Consistent career presence; reliable rotational player or specialist.,nan,SPEC
201703886,Will Harrison,2017,K,0.7611,43.9475,60.99726104736328,61.02410457468267,61.02410457468267,Single Season Contributor,Late bloomer or one-year starter; limited career longevity.,nan,Meaningful G5 Contributor,Standout starter at the Group of 5 level; high-end depth in Power 4.,Potential Day 3 Pick,Meaningful G5 Contributor,Standout starter at the Group of 5 level; high-end depth in Power 4.,Potential Day 3 Pick,SPEC
201703922,Brad Robbins,2017,P,0.7594,58.3426,53.216796875,53.72774524339397,53.72774524339397,Multi-Year Starter,Consistent career presence; reliable rotational player or specialist.,nan,Multi-Year Starter,Consistent career presence; reliable rotational player or specialist.,nan,Multi-Year Starter,Consistent career presence; reliable rotational player or specialist.,nan,SPEC
201703923,Adam Higuera,2017,LS,0.7585,53.9993,45.86823654174805,37.14615136512324,37.14615136512324,Multi-Year Starter,Consistent career presence; reliable rotational player or specialist.,nan,Single Season Contributor,Late bloomer or one-year starter; limited career longevity.,nan,Partial Season Contributor,Rotational backup or special teams contributor; limited starts.,nan,SPEC
201704004,Matt Ference,2017,P,0.7578,58.468,50.126461029052734,48.1362487654255,48.1362487654255,Multi-Year Starter,Consistent career presence; reliable rotational player or specialist.,nan,Multi-Year Starter,Consistent career presence; reliable rotational player or specialist.,nan,Single Season Contributor,Late bloomer or one-year starter; limited career longevity.,nan,SPEC
201704005,Jesse Kelly,2017,K,0.7578,46.6209,54.114051818847656,54.58836539155277,54.58836539155277,Single Season Contributor,Late bloomer or one-year starter; limited career longevity.,nan,Multi-Year Starter,Consistent career presence; reliable rotational player or specialist.,nan,Multi-Year Starter,Consistent career presence; reliable rotational player or specialist.,nan,SPEC
201704014,Brady Buell,2017,K,0.7544,42.4601,55.70760726928711,56.53504925573938,56.53504925573938,Single Season Contributor,Late bloomer or one-year starter; limited career longevity.,nan,Multi-Year Starter,Consistent career presence; reliable rotational player or specialist.,nan,Multi-Year Starter,Consistent career presence; reliable rotational player or specialist.,nan,SPEC
201704019,Preston Brady,2017,LS,0.7544,48.1883,50.91297912597656,49.40071148005934,49.40071148005934,Single Season Contributor,Late bloomer or one-year starter; limited career longevity.,nan,Multi-Year Starter,Consistent career presence; reliable rotational player or specialist.,nan,Single Season Contributor,Late bloomer or one-year starter; limited career longevity.,nan,SPEC
201704075,Jackson Hubbard,2017,K,0.7533,49.2828,50.93671417236328,49.44292436872642,49.44292436872642,Single Season Contributor,Late bloomer or one-year starter; limited career longevity.,nan,Multi-Year Starter,Consistent career presence; reliable rotational player or specialist.,nan,Single Season Contributor,Late bloomer or one-year starter; limited career longevity.,nan,SPEC
201704088,Connor Choate,2017,LS,0.7511,27.072,45.984920501708984,37.692074665512465,37.692074665512465,Partial Season Contributor,Rotational backup or special teams contributor; limited starts.,nan,Single Season Contributor,Late bloomer or one-year starter; limited career longevity.,nan,Partial Season Contributor,Rotational backup or special teams contributor; limited starts.,nan,SPEC
201704110,Myles Prosser,2017,K,0.75,43.3796,48.51005554199219,44.18172263518886,44.18172263518886,Single Season Contributor,Late bloomer or one-year starter; limited career longevity.,nan,Single Season Contributor,Late bloomer or one-year starter; limited career longevity.,nan,Single Season Contributor,Late bloomer or one-year starter; limited career longevity.,nan,SPEC
201704115,Blake Hayes,2017,P,0.75,62.9094,44.71084213256836,32.052373815938445,32.052373815938445,Meaningful G5 Contributor,Standout starter at the Group of 5 level; high-end depth in Power 4.,Potential Day 3 Pick,Single Season Contributor,Late bloomer or one-year starter; limited career longevity.,nan,Partial Season Contributor,Rotational backup or special teams contributor; limited starts.,nan,SPEC
201704208,Davan Dyer,2017,P,0.74,43.6908,52.24065017700195,52.31789540226734,52.31789540226734,Single Season Contributor,Late bloomer or one-year starter; limited career longevity.,nan,Multi-Year Starter,Consistent career presence; reliable rotational player or specialist.,nan,Multi-Year Starter,Consistent career presence; reliable rotational player or specialist.,nan,SPEC
201704236,Trenton Gill,2017,K,0.73,53.6533,48.65199279785156,44.34000988510001,44.34000988510001,Multi-Year Starter,Consistent career presence; reliable rotational player or specialist.,nan,Single Season Contributor,Late bloomer or one-year starter; limited career longevity.,nan,Single Season Contributor,Late bloomer or one-year starter; limited career longevity.,nan,SPEC
201704247,Cal Adomitis,2017,LS,0.73,60.104,43.74941635131836,31.13097565585039,31.13097565585039,Meaningful G5 Contributor,Standout starter at the Group of 5 level; high-end depth in Power 4.,Potential Day 3 Pick,Single Season Contributor,Late bloomer or one-year starter; limited career longevity.,nan,Partial Season Contributor,Rotational backup or special teams contributor; limited starts.,nan,SPEC
201704260,Ryan Culbertson,2017,LS,0.72,26.1338,42.462764739990234,27.47951066223249,27.47951066223249,Partial Season Contributor,Rotational backup or special teams contributor; limited starts.,nan,Single Season Contributor,Late bloomer or one-year starter; limited career longevity.,nan,Partial Season Contributor,Rotational backup or special teams contributor; limited starts.,nan,SPEC
201704269,Frankie Onate,2017,K,0.7,44.6886,58.047122955322266,58.43304343322237,58.43304343322237,Single Season Contributor,Late bloomer or one-year starter; limited career longevity.,nan,Multi-Year Starter,Consistent career presence; reliable rotational player or specialist.,nan,Multi-Year Starter,Consistent career presence; reliable rotational player or specialist.,nan,SPEC
201801362,Jake Camarda,2018,P,0.8393,60.5529,55.4486198425293,55.932643152147016,55.932643152147016,Meaningful G5 Contributor,Standout starter at the Group of 5 level; high-end depth in Power 4.,Potential Day 3 Pick,Multi-Year Starter,Consistent career presence; reliable rotational player or specialist.,nan,Multi-Year Starter,Consistent career presence; reliable rotational player or specialist.,nan,SPEC
201801365,Ryan Bujcevski,2018,P,0.839,58.9759,59.50301742553711,59.51419159746188,59.51419159746188,Multi-Year Starter,Consistent career presence; reliable rotational player or specialist.,nan,Multi-Year Starter,Consistent career presence; reliable rotational player or specialist.,nan,Multi-Year Starter,Consistent career presence; reliable rotational player or specialist.,nan,SPEC
201801480,Ryan Wright,2018,P,0.8342,56.5453,56.55341720581055,57.418668568847835,57.418668568847835,Multi-Year Starter,Consistent career presence; reliable rotational player or specialist.,nan,Multi-Year Starter,Consistent career presence; reliable rotational player or specialist.,nan,Multi-Year Starter,Consistent career presence; reliable rotational player or specialist.,nan,SPEC
201801486,Evan McPherson,2018,K,0.8339,80.7275,70.7139663696289,76.9826425070996,76.9826425070996,Elite Power 4,All-Conference/All-American honors.,First round NFL Draft talent,Meaningful P4 Contributor,Reliable multi-year starter at the highest level of competition.,Potential Day 2 Pick,Meaningful P4 Contributor,Reliable multi-year starter at the highest level of competition.,Potential Day 2 Pick,SPEC
201801569,Skyler DeLong,2018,P,0.8305,39.6201,55.93243408203125,56.94137920533441,56.94137920533441,Partial Season Contributor,Rotational backup or special teams contributor; limited starts.,nan,Multi-Year Starter,Consistent career presence; reliable rotational player or specialist.,nan,Multi-Year Starter,Consistent career presence; reliable rotational player or specialist.,nan,SPEC
201801633,BT Potter,2018,K,0.8271,86.3412,69.78732299804688,76.12613460408286,76.12613460408286,Elite Power 4,All-Conference/All-American honors.,First round NFL Draft talent,Meaningful G5 Contributor,Standout starter at the Group of 5 level; high-end depth in Power 4.,Potential Day 3 Pick,Meaningful P4 Contributor,Reliable multi-year starter at the highest level of competition.,Potential Day 2 Pick,SPEC
201801654,Cameron Dicker,2018,K,0.8263,85.6067,65.04865264892578,68.48865610847056,68.48865610847056,Elite Power 4,All-Conference/All-American honors.,First round NFL Draft talent,Meaningful G5 Contributor,Standout starter at the Group of 5 level; high-end depth in Power 4.,Potential Day 3 Pick,Meaningful G5 Contributor,Standout starter at the Group of 5 level; high-end depth in Power 4.,Potential Day 3 Pick,SPEC
201801831,Jake Pinegar,2018,K,0.819,79.8635,58.13949966430664,58.47806931946265,58.47806931946265,Meaningful P4 Contributor,Reliable multi-year starter at the highest level of competition.,Potential Day 2 Pick,Multi-Year Starter,Consistent career presence; reliable rotational player or specialist.,nan,Multi-Year Starter,Consistent career presence; reliable rotational player or specialist.,nan,SPEC
201801834,Barret Pickering,2018,K,0.8183,66.5574,62.83967590332031,63.72376523093735,63.72376523093735,Meaningful G5 Contributor,Standout starter at the Group of 5 level; high-end depth in Power 4.,Potential Day 3 Pick,Meaningful G5 Contributor,Standout starter at the Group of 5 level; high-end depth in Power 4.,Potential Day 3 Pick,Meaningful G5 Contributor,Standout starter at the Group of 5 level; high-end depth in Power 4.,Potential Day 3 Pick,SPEC
201801853,Nick Mihalic,2018,P,0.8174,57.1037,58.487308502197266,58.723275436427144,58.723275436427144,Multi-Year Starter,Consistent career presence; reliable rotational player or specialist.,nan,Multi-Year Starter,Consistent career presence; reliable rotational player or specialist.,nan,Multi-Year Starter,Consistent career presence; reliable rotational player or specialist.,nan,SPEC
201801857,Paxton Brooks,2018,K,0.8171,62.0309,60.51944351196289,60.73694225791765,60.73694225791765,Meaningful G5 Contributor,Standout starter at the Group of 5 level; high-end depth in Power 4.,Potential Day 3 Pick,Meaningful G5 Contributor,Standout starter at the Group of 5 level; high-end depth in Power 4.,Potential Day 3 Pick,Meaningful G5 Contributor,Standout starter at the Group of 5 level; high-end depth in Power 4.,Potential Day 3 Pick,SPEC
201801886,Arryn Siposs,2018,P,0.8161,53.4029,54.818050384521484,55.27853725538498,55.27853725538498,Multi-Year Starter,Consistent career presence; reliable rotational player or specialist.,nan,Multi-Year Starter,Consistent career presence; reliable rotational player or specialist.,nan,Multi-Year Starter,Consistent career presence; reliable rotational player or specialist.,nan,SPEC
201801893,Oscar Shadley,2018,LS,0.8158,50.8441,52.39823913574219,52.69477097445609,52.69477097445609,Multi-Year Starter,Consistent career presence; reliable rotational player or specialist.,nan,Multi-Year Starter,Consistent career presence; reliable rotational player or specialist.,nan,Multi-Year Starter,Consistent career presence; reliable rotational player or specialist.,nan,SPEC
201801940,Charles Campbell,2018,K,0.815,80.1392,58.39900207519531,58.62625713705283,58.62625713705283,Elite Power 4,All-Conference/All-American honors.,First round NFL Draft talent,Multi-Year Starter,Consistent career presence; reliable rotational player or specialist.,nan,Multi-Year Starter,Consistent career presence; reliable rotational player or specialist.,nan,SPEC
201801952,Justin Mader,2018,LS,0.8125,46.9376,64.31300354003906,66.48570889369479,66.48570889369479,Single Season Contributor,Late bloomer or one-year starter; limited career longevity.,nan,Meaningful G5 Contributor,Standout starter at the Group of 5 level; high-end depth in Power 4.,Potential Day 3 Pick,Meaningful G5 Contributor,Standout starter at the Group of 5 level; high-end depth in Power 4.,Potential Day 3 Pick,SPEC
201801953,Joseph Petrino,2018,K,0.8122,72.3649,65.3988265991211,69.60800829778104,69.60800829778104,Meaningful P4 Contributor,Reliable multi-year starter at the highest level of competition.,Potential Day 2 Pick,Meaningful G5 Contributor,Standout starter at the Group of 5 level; high-end depth in Power 4.,Potential Day 3 Pick,Meaningful G5 Contributor,Standout starter at the Group of 5 level; high-end depth in Power 4.,Potential Day 3 Pick,SPEC
201801954,Seth Small,2018,K,0.8116,84.9569,55.0069465637207,55.475901276774835,55.475901276774835,Elite Power 4,All-Conference/All-American honors.,First round NFL Draft talent,Multi-Year Starter,Consistent career presence; reliable rotational player or specialist.,nan,Multi-Year Starter,Consistent career presence; reliable rotational player or specialist.,nan,SPEC
201801955,Brayden Narveson,2018,K,0.8115,73.6867,68.51284790039062,73.91259468790007,73.91259468790007,Meaningful P4 Contributor,Reliable multi-year starter at the highest level of competition.,Potential Day 2 Pick,Meaningful G5 Contributor,Standout starter at the Group of 5 level; high-end depth in Power 4.,Potential Day 3 Pick,Meaningful P4 Contributor,Reliable multi-year starter at the highest level of competition.,Potential Day 2 Pick,SPEC
201802066,Chance Poore,2018,K,0.8087,57.9879,64.6163101196289,67.53720221057293,67.53720221057293,Multi-Year Starter,Consistent career presence; reliable rotational player or specialist.,nan,Meaningful G5 Contributor,Standout starter at the Group of 5 level; high-end depth in Power 4.,Potential Day 3 Pick,Meaningful G5 Contributor,Standout starter at the Group of 5 level; high-end depth in Power 4.,Potential Day 3 Pick,SPEC
201802068,Bubba Baxa,2018,K,0.8083,63.7198,64.45114135742188,66.89605000944294,66.89605000944294,Meaningful G5 Contributor,Standout starter at the Group of 5 level; high-end depth in Power 4.,Potential Day 3 Pick,Meaningful G5 Contributor,Standout starter at the Group of 5 level; high-end depth in Power 4.,Potential Day 3 Pick,Meaningful G5 Contributor,Standout starter at the Group of 5 level; high-end depth in Power 4.,Potential Day 3 Pick,SPEC
201802179,Issac Power,2018,P,0.8034,59.1231,57.13139724731445,57.69189717347999,57.69189717347999,Multi-Year Starter,Consistent career presence; reliable rotational player or specialist.,nan,Multi-Year Starter,Consistent career presence; reliable rotational player or specialist.,nan,Multi-Year Starter,Consistent career presence; reliable rotational player or specialist.,nan,SPEC
201802185,Caleb Griffin,2018,K,0.8028,67.6626,70.23485565185547,76.5488689346374,76.5488689346374,Meaningful G5 Contributor,Standout starter at the Group of 5 level; high-end depth in Power 4.,Potential Day 3 Pick,Meaningful P4 Contributor,Reliable multi-year starter at the highest level of competition.,Potential Day 2 Pick,Meaningful P4 Contributor,Reliable multi-year starter at the highest level of competition.,Potential Day 2 Pick,SPEC
201802318,Slater Zellers,2018,LS,0.7997,54.618,55.34608459472656,55.82367396959207,55.82367396959207,Multi-Year Starter,Consistent career presence; reliable rotational player or specialist.,nan,Multi-Year Starter,Consistent career presence; reliable rotational player or specialist.,nan,Multi-Year Starter,Consistent career presence; reliable rotational player or specialist.,nan,SPEC
201802319,Max Duffy,2018,P,0.7997,69.8631,55.34747314453125,55.82473360504522,55.82473360504522,Meaningful G5 Contributor,Standout starter at the Group of 5 level; high-end depth in Power 4.,Potential Day 3 Pick,Multi-Year Starter,Consistent career presence; reliable rotational player or specialist.,nan,Multi-Year Starter,Consistent career presence; reliable rotational player or specialist.,nan,SPEC
201802430,John Richardson,2018,K,0.7939,70.4307,69.21952819824219,74.94106731459517,74.94106731459517,Meaningful P4 Contributor,Reliable multi-year starter at the highest level of competition.,Potential Day 2 Pick,Meaningful G5 Contributor,Standout starter at the Group of 5 level; high-end depth in Power 4.,Potential Day 3 Pick,Meaningful P4 Contributor,Reliable multi-year starter at the highest level of competition.,Potential Day 2 Pick,SPEC
201802431,John Tessitore,2018,K,0.7932,27.0106,28.711362838745117,22.132029932406,22.132029932406,Partial Season Contributor,Rotational backup or special teams contributor; limited starts.,nan,Partial Season Contributor,Rotational backup or special teams contributor; limited starts.,nan,Partial Season Contributor,Rotational backup or special teams contributor; limited starts.,nan,SPEC
201802564,Justen Smith,2018,K,0.7898,32.2928,49.43952560424805,46.310038764968375,46.310038764968375,Partial Season Contributor,Rotational backup or special teams contributor; limited starts.,nan,Single Season Contributor,Late bloomer or one-year starter; limited career longevity.,nan,Single Season Contributor,Late bloomer or one-year starter; limited career longevity.,nan,SPEC
201802608,Matt Araiza,2018,K,0.7886,81.2061,60.16470718383789,60.08256524549209,60.08256524549209,Elite Power 4,All-Conference/All-American honors.,First round NFL Draft talent,Meaningful G5 Contributor,Standout starter at the Group of 5 level; high-end depth in Power 4.,Potential Day 3 Pick,Meaningful G5 Contributor,Standout starter at the Group of 5 level; high-end depth in Power 4.,Potential Day 3 Pick,SPEC
201802609,Adam Korsak,2018,P,0.7885,70.2652,49.6806640625,47.02211081881967,47.02211081881967,Meaningful P4 Contributor,Reliable multi-year starter at the highest level of competition.,Potential Day 2 Pick,Single Season Contributor,Late bloomer or one-year starter; limited career longevity.,nan,Single Season Contributor,Late bloomer or one-year starter; limited career longevity.,nan,SPEC
201802692,Chris Kessler,2018,K,0.7844,18.9071,63.232421875,64.38545901733588,64.38545901733588,Minimal D1 Impact,Roster filler; medical DQ; or transferred to lower levels.,nan,Meaningful G5 Contributor,Standout starter at the Group of 5 level; high-end depth in Power 4.,Potential Day 3 Pick,Meaningful G5 Contributor,Standout starter at the Group of 5 level; high-end depth in Power 4.,Potential Day 3 Pick,SPEC
201802921,Jonathan Cruz,2018,K,0.7752,68.7072,57.42616271972656,57.87902467421741,57.87902467421741,Meaningful G5 Contributor,Standout starter at the Group of 5 level; high-end depth in Power 4.,Potential Day 3 Pick,Multi-Year Starter,Consistent career presence; reliable rotational player or specialist.,nan,Multi-Year Starter,Consistent career presence; reliable rotational player or specialist.,nan,SPEC
201802999,Karsten Battles,2018,LS,0.7727,54.6659,51.68168640136719,51.727615953871556,51.727615953871556,Multi-Year Starter,Consistent career presence; reliable rotational player or specialist.,nan,Multi-Year Starter,Consistent career presence; reliable rotational player or specialist.,nan,Multi-Year Starter,Consistent career presence; reliable rotational player or specialist.,nan,SPEC
201803000,Jesse Hooper,2018,LS,0.7707,18.5142,49.280086517333984,45.824931429103984,45.824931429103984,Minimal D1 Impact,Roster filler; medical DQ; or transferred to lower levels.,nan,Single Season Contributor,Late bloomer or one-year starter; limited career longevity.,nan,Single Season Contributor,Late bloomer or one-year starter; limited career longevity.,nan,SPEC
201803361,Cash Peterman,2018,K,0.758,40.1887,58.121952056884766,58.46819314612627,58.46819314612627,Single Season Contributor,Late bloomer or one-year starter; limited career longevity.,nan,Multi-Year Starter,Consistent career presence; reliable rotational player or specialist.,nan,Multi-Year Starter,Consistent career presence; reliable rotational player or specialist.,nan,SPEC
201803551,Danny Jones,2018,P,0.7497,40.8574,49.50043487548828,46.60620714524575,46.60620714524575,Single Season Contributor,Late bloomer or one-year starter; limited career longevity.,nan,Single Season Contributor,Late bloomer or one-year starter; limited career longevity.,nan,Single Season Contributor,Late bloomer or one-year starter; limited career longevity.,nan,SPEC
201803571,George Georgopoulos,2018,P,0.7497,56.6798,43.44219207763672,30.0900728635382,30.0900728635382,Multi-Year Starter,Consistent career presence; reliable rotational player or specialist.,nan,Single Season Contributor,Late bloomer or one-year starter; limited career longevity.,nan,Partial Season Contributor,Rotational backup or special teams contributor; limited starts.,nan,SPEC
201803576,Cole Talley,2018,K,0.748,51.242,53.98365783691406,54.48198357439029,54.48198357439029,Multi-Year Starter,Consistent career presence; reliable rotational player or specialist.,nan,Multi-Year Starter,Consistent career presence; reliable rotational player or specialist.,nan,Multi-Year Starter,Consistent career presence; reliable rotational player or specialist.,nan,SPEC
201803579,Massimo Biscardi,2018,K,0.748,69.103,47.24755096435547,40.86020621660115,40.86020621660115,Meaningful G5 Contributor,Standout starter at the Group of 5 level; high-end depth in Power 4.,Potential Day 3 Pick,Single Season Contributor,Late bloomer or one-year starter; limited career longevity.,nan,Single Season Contributor,Late bloomer or one-year starter; limited career longevity.,nan,SPEC
201803582,Ross Reiter,2018,LS,0.743,50.0488,51.40317153930664,51.080306757399164,51.080306757399164,Multi-Year Starter,Consistent career presence; reliable rotational player or specialist.,nan,Multi-Year Starter,Consistent career presence; reliable rotational player or specialist.,nan,Multi-Year Starter,Consistent career presence; reliable rotational player or specialist.,nan,SPEC
201803584,Evan Deckers,2018,LS,0.743,47.6595,36.159889221191406,25.9338099526702,25.9338099526702,Single Season Contributor,Late bloomer or one-year starter; limited career longevity.,nan,Partial Season Contributor,Rotational backup or special teams contributor; limited starts.,nan,Partial Season Contributor,Rotational backup or special teams contributor; limited starts.,nan,SPEC
201803585,Gavin Baechle,2018,K,0.7397,64.2772,54.752967834472656,55.21107413790557,55.21107413790557,Meaningful G5 Contributor,Standout starter at the Group of 5 level; high-end depth in Power 4.,Potential Day 3 Pick,Multi-Year Starter,Consistent career presence; reliable rotational player or specialist.,nan,Multi-Year Starter,Consistent career presence; reliable rotational player or specialist.,nan,SPEC
201803650,Alex Stadthaus,2018,K,0.7397,57.7249,58.38363265991211,58.615936449669036,58.615936449669036,Multi-Year Starter,Consistent career presence; reliable rotational player or specialist.,nan,Multi-Year Starter,Consistent career presence; reliable rotational player or specialist.,nan,Multi-Year Starter,Consistent career presence; reliable rotational player or specialist.,nan,SPEC
201803655,T.J. Harvey,2018,LS,0.7397,48.2192,53.04664993286133,53.53906355406971,53.53906355406971,Single Season Contributor,Late bloomer or one-year starter; limited career longevity.,nan,Multi-Year Starter,Consistent career presence; reliable rotational player or specialist.,nan,Multi-Year Starter,Consistent career presence; reliable rotational player or specialist.,nan,SPEC
201803679,Maddie Golden,2018,LS,0.7397,32.5374,42.778377532958984,28.136135164519878,28.136135164519878,Partial Season Contributor,Rotational backup or special teams contributor; limited starts.,nan,Single Season Contributor,Late bloomer or one-year starter; limited career longevity.,nan,Partial Season Contributor,Rotational backup or special teams contributor; limited starts.,nan,SPEC
201803696,Austin Riggs,2018,LS,0.7297,53.5593,51.34477233886719,50.94565854698053,50.94565854698053,Multi-Year Starter,Consistent career presence; reliable rotational player or specialist.,nan,Multi-Year Starter,Consistent career presence; reliable rotational player or specialist.,nan,Multi-Year Starter,Consistent career presence; reliable rotational player or specialist.,nan,SPEC
201803724,Jac Casasante,2018,LS,0.7197,53.0912,51.66701126098633,51.65150373608729,51.65150373608729,Multi-Year Starter,Consistent career presence; reliable rotational player or specialist.,nan,Multi-Year Starter,Consistent career presence; reliable rotational player or specialist.,nan,Multi-Year Starter,Consistent career presence; reliable rotational player or specialist.,nan,SPEC
201803753,Clayton Stewart,2018,K,0.7197,51.9015,56.5603141784668,57.43383611030834,57.43383611030834,Multi-Year Starter,Consistent career presence; reliable rotational player or specialist.,nan,Multi-Year Starter,Consistent career presence; reliable rotational player or specialist.,nan,Multi-Year Starter,Consistent career presence; reliable rotational player or specialist.,nan,SPEC
201803768,Matthew Trickett,2018,K,0.7097,76.5807,58.93153381347656,59.10218174224323,59.10218174224323,Meaningful P4 Contributor,Reliable multi-year starter at the highest level of competition.,Potential Day 2 Pick,Multi-Year Starter,Consistent career presence; reliable rotational player or specialist.,nan,Multi-Year Starter,Consistent career presence; reliable rotational player or specialist.,nan,SPEC
201901335,Will Reichard,2019,K,0.8456,83.5944,80.76851654052734,91.77748827541554,91.77748827541554,Elite Power 4,All-Conference/All-American honors.,First round NFL Draft talent,Elite Power 4,All-Conference/All-American honors.,First round NFL Draft talent,Elite Power 4,All-Conference/All-American honors.,First round NFL Draft talent,SPEC
201901499,Jay Bramblett,2019,P,0.8378,62.3986,57.85695266723633,58.292758249605754,58.292758249605754,Meaningful G5 Contributor,Standout starter at the Group of 5 level; high-end depth in Power 4.,Potential Day 3 Pick,Multi-Year Starter,Consistent career presence; reliable rotational player or specialist.,nan,Multi-Year Starter,Consistent career presence; reliable rotational player or specialist.,nan,SPEC
201901590,Ryan Sanborn,2019,P,0.8356,67.2516,55.63224792480469,56.396234902242504,56.396234902242504,Meaningful G5 Contributor,Standout starter at the Group of 5 level; high-end depth in Power 4.,Potential Day 3 Pick,Multi-Year Starter,Consistent career presence; reliable rotational player or specialist.,nan,Multi-Year Starter,Consistent career presence; reliable rotational player or specialist.,nan,SPEC
201901591,Caden Davis,2019,K,0.8356,73.1674,71.15109252929688,77.37511336399014,77.37511336399014,Meaningful P4 Contributor,Reliable multi-year starter at the highest level of competition.,Potential Day 2 Pick,Meaningful P4 Contributor,Reliable multi-year starter at the highest level of competition.,Potential Day 2 Pick,Meaningful P4 Contributor,Reliable multi-year starter at the highest level of competition.,Potential Day 2 Pick,SPEC
201901623,Kolton McGhee,2019,K,0.8337,26.5023,76.61470794677734,81.7035241246692,81.7035241246692,Partial Season Contributor,Rotational backup or special teams contributor; limited starts.,nan,Meaningful P4 Contributor,Reliable multi-year starter at the highest level of competition.,Potential Day 2 Pick,Elite Power 4,All-Conference/All-American honors.,First round NFL Draft talent,SPEC
201901665,Austin McNamara,2019,P,0.8326,60.7513,55.756507873535156,56.6236732300314,56.6236732300314,Meaningful G5 Contributor,Standout starter at the Group of 5 level; high-end depth in Power 4.,Potential Day 3 Pick,Multi-Year Starter,Consistent career presence; reliable rotational player or specialist.,nan,Multi-Year Starter,Consistent career presence; reliable rotational player or specialist.,nan,SPEC
201901728,Cade York,2019,K,0.8311,79.7298,65.50202941894531,69.73091134444667,69.73091134444667,Meaningful P4 Contributor,Reliable multi-year starter at the highest level of competition.,Potential Day 2 Pick,Meaningful G5 Contributor,Standout starter at the Group of 5 level; high-end depth in Power 4.,Potential Day 3 Pick,Meaningful G5 Contributor,Standout starter at the Group of 5 level; high-end depth in Power 4.,Potential Day 3 Pick,SPEC
201901778,Aidan Swanson,2019,P,0.83,58.0055,55.63685607910156,56.40682483486458,56.40682483486458,Multi-Year Starter,Consistent career presence; reliable rotational player or specialist.,nan,Multi-Year Starter,Consistent career presence; reliable rotational player or specialist.,nan,Multi-Year Starter,Consistent career presence; reliable rotational player or specialist.,nan,SPEC
201901779,Camden Lewis,2019,K,0.83,79.3437,61.32289123535156,61.70899895058454,61.70899895058454,Meaningful P4 Contributor,Reliable multi-year starter at the highest level of competition.,Potential Day 2 Pick,Meaningful G5 Contributor,Standout starter at the Group of 5 level; high-end depth in Power 4.,Potential Day 3 Pick,Meaningful G5 Contributor,Standout starter at the Group of 5 level; high-end depth in Power 4.,Potential Day 3 Pick,SPEC
201901861,Tim Horn,2019,K,0.8259,54.6339,65.7022705078125,70.05372301830897,70.05372301830897,Multi-Year Starter,Consistent career presence; reliable rotational player or specialist.,nan,Meaningful G5 Contributor,Standout starter at the Group of 5 level; high-end depth in Power 4.,Potential Day 3 Pick,Meaningful P4 Contributor,Reliable multi-year starter at the highest level of competition.,Potential Day 2 Pick,SPEC
201901862,Brooks Cormier,2019,P,0.8259,46.7478,46.037567138671875,37.79941514380066,37.79941514380066,Single Season Contributor,Late bloomer or one-year starter; limited career longevity.,nan,Single Season Contributor,Late bloomer or one-year starter; limited career longevity.,nan,Partial Season Contributor,Rotational backup or special teams contributor; limited starts.,nan,SPEC
201901893,Tom Hutton,2019,P,0.825,57.935,54.45121383666992,54.86288638657152,54.86288638657152,Multi-Year Starter,Consistent career presence; reliable rotational player or specialist.,nan,Multi-Year Starter,Consistent career presence; reliable rotational player or specialist.,nan,Multi-Year Starter,Consistent career presence; reliable rotational player or specialist.,nan,SPEC
201901910,Ivan Mora,2019,K,0.8237,59.4389,61.07719421386719,61.209075825962806,61.209075825962806,Multi-Year Starter,Consistent career presence; reliable rotational player or specialist.,nan,Meaningful G5 Contributor,Standout starter at the Group of 5 level; high-end depth in Power 4.,Potential Day 3 Pick,Meaningful G5 Contributor,Standout starter at the Group of 5 level; high-end depth in Power 4.,Potential Day 3 Pick,SPEC
201902085,Alan Orona,2019,K,0.8167,29.4662,57.91908645629883,58.372900439548516,58.372900439548516,Partial Season Contributor,Rotational backup or special teams contributor; limited starts.,nan,Multi-Year Starter,Consistent career presence; reliable rotational player or specialist.,nan,Multi-Year Starter,Consistent career presence; reliable rotational player or specialist.,nan,SPEC
201902113,Cory Munson,2019,K,0.8159,57.5683,66.1534423828125,70.81258836082314,70.81258836082314,Multi-Year Starter,Consistent career presence; reliable rotational player or specialist.,nan,Meaningful G5 Contributor,Standout starter at the Group of 5 level; high-end depth in Power 4.,Potential Day 3 Pick,Meaningful P4 Contributor,Reliable multi-year starter at the highest level of competition.,Potential Day 2 Pick,SPEC
201902115,Michael Lantz,2019,K,0.8159,70.1835,60.39238739013672,60.585578658326234,60.585578658326234,Meaningful P4 Contributor,Reliable multi-year starter at the highest level of competition.,Potential Day 2 Pick,Meaningful G5 Contributor,Standout starter at the Group of 5 level; high-end depth in Power 4.,Potential Day 3 Pick,Meaningful G5 Contributor,Standout starter at the Group of 5 level; high-end depth in Power 4.,Potential Day 3 Pick,SPEC
201902175,Jack Bouwmeester,2019,P,0.8141,59.2897,45.71818161010742,36.200206550986856,36.200206550986856,Multi-Year Starter,Consistent career presence; reliable rotational player or specialist.,nan,Single Season Contributor,Late bloomer or one-year starter; limited career longevity.,nan,Partial Season Contributor,Rotational backup or special teams contributor; limited starts.,nan,SPEC
201902222,Charlie Ham,2019,K,0.8115,66.3538,59.100826263427734,59.243822617879694,59.243822617879694,Meaningful G5 Contributor,Standout starter at the Group of 5 level; high-end depth in Power 4.,Potential Day 3 Pick,Multi-Year Starter,Consistent career presence; reliable rotational player or specialist.,nan,Multi-Year Starter,Consistent career presence; reliable rotational player or specialist.,nan,SPEC
201902290,Porter Wilson,2019,P,0.8104,57.0014,55.01433181762695,55.485685499299116,55.485685499299116,Multi-Year Starter,Consistent career presence; reliable rotational player or specialist.,nan,Multi-Year Starter,Consistent career presence; reliable rotational player or specialist.,nan,Multi-Year Starter,Consistent career presence; reliable rotational player or specialist.,nan,SPEC
201902362,Ryan Fitzgerald,2019,K,0.8093,78.631,57.13230514526367,57.69208597178062,57.69208597178062,Meaningful P4 Contributor,Reliable multi-year starter at the highest level of competition.,Potential Day 2 Pick,Multi-Year Starter,Consistent career presence; reliable rotational player or specialist.,nan,Multi-Year Starter,Consistent career presence; reliable rotational player or specialist.,nan,SPEC
201902374,Simon Samarzich,2019,LS,0.807,51.7325,55.367759704589844,55.8402147625722,55.8402147625722,Multi-Year Starter,Consistent career presence; reliable rotational player or specialist.,nan,Multi-Year Starter,Consistent career presence; reliable rotational player or specialist.,nan,Multi-Year Starter,Consistent career presence; reliable rotational player or specialist.,nan,SPEC
201902471,Harrison Leonard,2019,K,0.8033,23.5141,47.74362564086914,43.15497350760747,43.15497350760747,Partial Season Contributor,Rotational backup or special teams contributor; limited starts.,nan,Single Season Contributor,Late bloomer or one-year starter; limited career longevity.,nan,Single Season Contributor,Late bloomer or one-year starter; limited career longevity.,nan,SPEC
201902478,Kyle Ostendorp,2019,P,0.8026,56.6966,54.56000900268555,54.94410037483329,54.94410037483329,Multi-Year Starter,Consistent career presence; reliable rotational player or specialist.,nan,Multi-Year Starter,Consistent career presence; reliable rotational player or specialist.,nan,Multi-Year Starter,Consistent career presence; reliable rotational player or specialist.,nan,SPEC
201902504,Daniel Obarski,2019,K,0.8015,62.9999,65.21125030517578,68.87317198514042,68.87317198514042,Meaningful G5 Contributor,Standout starter at the Group of 5 level; high-end depth in Power 4.,Potential Day 3 Pick,Meaningful G5 Contributor,Standout starter at the Group of 5 level; high-end depth in Power 4.,Potential Day 3 Pick,Meaningful G5 Contributor,Standout starter at the Group of 5 level; high-end depth in Power 4.,Potential Day 3 Pick,SPEC
201902650,Ryan Hanson,2019,P,0.8,57.3609,53.88673400878906,54.34110252640459,54.34110252640459,Multi-Year Starter,Consistent career presence; reliable rotational player or specialist.,nan,Multi-Year Starter,Consistent career presence; reliable rotational player or specialist.,nan,Multi-Year Starter,Consistent career presence; reliable rotational player or specialist.,nan,SPEC
201902674,Ben Lennon,2019,P,0.8,45.9007,52.951881408691406,53.36417779726971,53.36417779726971,Single Season Contributor,Late bloomer or one-year starter; limited career longevity.,nan,Multi-Year Starter,Consistent career presence; reliable rotational player or specialist.,nan,Multi-Year Starter,Consistent career presence; reliable rotational player or specialist.,nan,SPEC
201902712,Ben Kiernan,2019,P,0.7974,58.0584,52.91643524169922,53.296682797882305,53.296682797882305,Multi-Year Starter,Consistent career presence; reliable rotational player or specialist.,nan,Multi-Year Starter,Consistent career presence; reliable rotational player or specialist.,nan,Multi-Year Starter,Consistent career presence; reliable rotational player or specialist.,nan,SPEC
201902713,Andrew Stein,2019,K,0.7974,64.9604,65.05449676513672,68.50189003840435,68.50189003840435,Meaningful G5 Contributor,Standout starter at the Group of 5 level; high-end depth in Power 4.,Potential Day 3 Pick,Meaningful G5 Contributor,Standout starter at the Group of 5 level; high-end depth in Power 4.,Potential Day 3 Pick,Meaningful G5 Contributor,Standout starter at the Group of 5 level; high-end depth in Power 4.,Potential Day 3 Pick,SPEC
201902714,Lucas Dean,2019,P,0.7974,58.3963,56.15222930908203,57.17661477550528,57.17661477550528,Multi-Year Starter,Consistent career presence; reliable rotational player or specialist.,nan,Multi-Year Starter,Consistent career presence; reliable rotational player or specialist.,nan,Multi-Year Starter,Consistent career presence; reliable rotational player or specialist.,nan,SPEC
201902750,Evan Davis,2019,K,0.7956,59.1785,65.2930908203125,69.06701708601834,69.06701708601834,Multi-Year Starter,Consistent career presence; reliable rotational player or specialist.,nan,Meaningful G5 Contributor,Standout starter at the Group of 5 level; high-end depth in Power 4.,Potential Day 3 Pick,Meaningful G5 Contributor,Standout starter at the Group of 5 level; high-end depth in Power 4.,Potential Day 3 Pick,SPEC
201902773,Tristian Vandenberg,2019,K,0.7956,54.2839,65.8043441772461,70.27132568600167,70.27132568600167,Multi-Year Starter,Consistent career presence; reliable rotational player or specialist.,nan,Meaningful G5 Contributor,Standout starter at the Group of 5 level; high-end depth in Power 4.,Potential Day 3 Pick,Meaningful P4 Contributor,Reliable multi-year starter at the highest level of competition.,Potential Day 2 Pick,SPEC
201902775,Jacob Barnes,2019,K,0.7952,69.6678,66.76242065429688,71.82186487373325,71.82186487373325,Meaningful G5 Contributor,Standout starter at the Group of 5 level; high-end depth in Power 4.,Potential Day 3 Pick,Meaningful G5 Contributor,Standout starter at the Group of 5 level; high-end depth in Power 4.,Potential Day 3 Pick,Meaningful P4 Contributor,Reliable multi-year starter at the highest level of competition.,Potential Day 2 Pick,SPEC
201902776,Brady Weeks,2019,LS,0.7944,51.4258,53.86323547363281,54.30694685671032,54.30694685671032,Multi-Year Starter,Consistent career presence; reliable rotational player or specialist.,nan,Multi-Year Starter,Consistent career presence; reliable rotational player or specialist.,nan,Multi-Year Starter,Consistent career presence; reliable rotational player or specialist.,nan,SPEC
201902834,Quentin Skinner,2019,LS,0.7922,55.5861,54.29572296142578,54.736411316548725,54.736411316548725,Multi-Year Starter,Consistent career presence; reliable rotational player or specialist.,nan,Multi-Year Starter,Consistent career presence; reliable rotational player or specialist.,nan,Multi-Year Starter,Consistent career presence; reliable rotational player or specialist.,nan,SPEC
201902838,Alex Herrera,2019,K,0.7917,65.9561,63.68025207519531,65.47909607543723,65.47909607543723,Meaningful G5 Contributor,Standout starter at the Group of 5 level; high-end depth in Power 4.,Potential Day 3 Pick,Meaningful G5 Contributor,Standout starter at the Group of 5 level; high-end depth in Power 4.,Potential Day 3 Pick,Meaningful G5 Contributor,Standout starter at the Group of 5 level; high-end depth in Power 4.,Potential Day 3 Pick,SPEC
201903016,Noah Rauschenberg,2019,K,0.7896,56.195,65.38292694091797,69.55688767861957,69.55688767861957,Multi-Year Starter,Consistent career presence; reliable rotational player or specialist.,nan,Meaningful G5 Contributor,Standout starter at the Group of 5 level; high-end depth in Power 4.,Potential Day 3 Pick,Meaningful G5 Contributor,Standout starter at the Group of 5 level; high-end depth in Power 4.,Potential Day 3 Pick,SPEC
201903104,Kyle Romenick,2019,P,0.7878,30.2298,43.538917541503906,30.417787220937505,30.417787220937505,Partial Season Contributor,Rotational backup or special teams contributor; limited starts.,nan,Single Season Contributor,Late bloomer or one-year starter; limited career longevity.,nan,Partial Season Contributor,Rotational backup or special teams contributor; limited starts.,nan,SPEC
201903105,Jared Wheatley,2019,P,0.7867,38.2254,52.038909912109375,51.97180553850351,51.97180553850351,Partial Season Contributor,Rotational backup or special teams contributor; limited starts.,nan,Multi-Year Starter,Consistent career presence; reliable rotational player or specialist.,nan,Multi-Year Starter,Consistent career presence; reliable rotational player or specialist.,nan,SPEC
201903108,Kyle Ramsey,2019,K,0.7867,50.37,45.0850715637207,32.44328973216874,32.44328973216874,Multi-Year Starter,Consistent career presence; reliable rotational player or specialist.,nan,Single Season Contributor,Late bloomer or one-year starter; limited career longevity.,nan,Partial Season Contributor,Rotational backup or special teams contributor; limited starts.,nan,SPEC
201903109,Matt Quinn,2019,K,0.7867,68.6017,55.823997497558594,56.7516041886193,56.7516041886193,Meaningful G5 Contributor,Standout starter at the Group of 5 level; high-end depth in Power 4.,Potential Day 3 Pick,Multi-Year Starter,Consistent career presence; reliable rotational player or specialist.,nan,Multi-Year Starter,Consistent career presence; reliable rotational player or specialist.,nan,SPEC
201903215,Joe Shimko,2019,LS,0.7822,57.6204,49.582786560058594,46.80846507431064,46.80846507431064,Multi-Year Starter,Consistent career presence; reliable rotational player or specialist.,nan,Single Season Contributor,Late bloomer or one-year starter; limited career longevity.,nan,Single Season Contributor,Late bloomer or one-year starter; limited career longevity.,nan,SPEC
201903367,Nicholas Barr-Mira,2019,K,0.78,71.7227,60.41188049316406,60.658736573507824,60.658736573507824,Meaningful P4 Contributor,Reliable multi-year starter at the highest level of competition.,Potential Day 2 Pick,Meaningful G5 Contributor,Standout starter at the Group of 5 level; high-end depth in Power 4.,Potential Day 3 Pick,Meaningful G5 Contributor,Standout starter at the Group of 5 level; high-end depth in Power 4.,Potential Day 3 Pick,SPEC
201903426,Sean Wracher,2019,LS,0.7789,52.8893,52.29446792602539,52.446601087737044,52.446601087737044,Multi-Year Starter,Consistent career presence; reliable rotational player or specialist.,nan,Multi-Year Starter,Consistent career presence; reliable rotational player or specialist.,nan,Multi-Year Starter,Consistent career presence; reliable rotational player or specialist.,nan,SPEC
201903453,Brandon Talton,2019,K,0.7778,70.1024,64.53707885742188,67.24165238642217,67.24165238642217,Meaningful P4 Contributor,Reliable multi-year starter at the highest level of competition.,Potential Day 2 Pick,Meaningful G5 Contributor,Standout starter at the Group of 5 level; high-end depth in Power 4.,Potential Day 3 Pick,Meaningful G5 Contributor,Standout starter at the Group of 5 level; high-end depth in Power 4.,Potential Day 3 Pick,SPEC
201903455,Drew Little,2019,LS,0.7756,59.5891,49.15635299682617,45.68968353139669,45.68968353139669,Multi-Year Starter,Consistent career presence; reliable rotational player or specialist.,nan,Single Season Contributor,Late bloomer or one-year starter; limited career longevity.,nan,Single Season Contributor,Late bloomer or one-year starter; limited career longevity.,nan,SPEC
201903506,Pierce Callister,2019,P,0.7733,25.5291,47.04528045654297,39.95865115297946,39.95865115297946,Partial Season Contributor,Rotational backup or special teams contributor; limited starts.,nan,Single Season Contributor,Late bloomer or one-year starter; limited career longevity.,nan,Partial Season Contributor,Rotational backup or special teams contributor; limited starts.,nan,SPEC
201903580,Charles Bein,2019,P,0.77,38.9905,58.976959228515625,59.14150210659693,59.14150210659693,Partial Season Contributor,Rotational backup or special teams contributor; limited starts.,nan,Multi-Year Starter,Consistent career presence; reliable rotational player or specialist.,nan,Multi-Year Starter,Consistent career presence; reliable rotational player or specialist.,nan,SPEC
201903720,Evan Davis,2019,LS,0.7644,53.6063,51.18479537963867,50.03011710511767,50.03011710511767,Multi-Year Starter,Consistent career presence; reliable rotational player or specialist.,nan,Multi-Year Starter,Consistent career presence; reliable rotational player or specialist.,nan,Multi-Year Starter,Consistent career presence; reliable rotational player or specialist.,nan,SPEC
201903819,Jack Landherr,2019,LS,0.76,52.2863,47.267250061035156,41.0126458271443,41.0126458271443,Multi-Year Starter,Consistent career presence; reliable rotational player or specialist.,nan,Single Season Contributor,Late bloomer or one-year starter; limited career longevity.,nan,Single Season Contributor,Late bloomer or one-year starter; limited career longevity.,nan,SPEC
201903873,Christian Johnstone,2019,LS,0.7583,57.9526,50.241878509521484,48.28854429554341,48.28854429554341,Multi-Year Starter,Consistent career presence; reliable rotational player or specialist.,nan,Multi-Year Starter,Consistent career presence; reliable rotational player or specialist.,nan,Single Season Contributor,Late bloomer or one-year starter; limited career longevity.,nan,SPEC
201903874,Brad George,2019,LS,0.7583,44.3875,53.1102180480957,53.60146041285705,53.60146041285705,Single Season Contributor,Late bloomer or one-year starter; limited career longevity.,nan,Multi-Year Starter,Consistent career presence; reliable rotational player or specialist.,nan,Multi-Year Starter,Consistent career presence; reliable rotational player or specialist.,nan,SPEC
201903877,Luke Elzinga,2019,P,0.7583,58.4859,52.85065460205078,53.2047696890635,53.2047696890635,Multi-Year Starter,Consistent career presence; reliable rotational player or specialist.,nan,Multi-Year Starter,Consistent career presence; reliable rotational player or specialist.,nan,Multi-Year Starter,Consistent career presence; reliable rotational player or specialist.,nan,SPEC
201903883,John Haggerty,2019,P,0.7533,51.9937,53.34696578979492,53.880068390226555,53.880068390226555,Multi-Year Starter,Consistent career presence; reliable rotational player or specialist.,nan,Multi-Year Starter,Consistent career presence; reliable rotational player or specialist.,nan,Multi-Year Starter,Consistent career presence; reliable rotational player or specialist.,nan,SPEC
201903884,Michael Hayes,2019,K,0.7533,61.9455,51.510162353515625,51.22195233487123,51.22195233487123,Meaningful G5 Contributor,Standout starter at the Group of 5 level; high-end depth in Power 4.,Potential Day 3 Pick,Multi-Year Starter,Consistent career presence; reliable rotational player or specialist.,nan,Multi-Year Starter,Consistent career presence; reliable rotational player or specialist.,nan,SPEC
201903960,Jack Brooks,2019,P,0.75,54.4586,47.43107986450195,42.115951553753405,42.115951553753405,Multi-Year Starter,Consistent career presence; reliable rotational player or specialist.,nan,Single Season Contributor,Late bloomer or one-year starter; limited career longevity.,nan,Single Season Contributor,Late bloomer or one-year starter; limited career longevity.,nan,SPEC
201903968,Charlie Mendes,2019,P,0.75,43.2926,46.642818450927734,39.03332831791371,39.03332831791371,Single Season Contributor,Late bloomer or one-year starter; limited career longevity.,nan,Single Season Contributor,Late bloomer or one-year starter; limited career longevity.,nan,Partial Season Contributor,Rotational backup or special teams contributor; limited starts.,nan,SPEC
201903975,Jacob Borcila,2019,K,0.75,70.9886,52.32868576049805,52.528433381376345,52.528433381376345,Meaningful P4 Contributor,Reliable multi-year starter at the highest level of competition.,Potential Day 2 Pick,Multi-Year Starter,Consistent career presence; reliable rotational player or specialist.,nan,Multi-Year Starter,Consistent career presence; reliable rotational player or specialist.,nan,SPEC
201903997,Seth Glausier,2019,LS,0.74,52.6569,54.585975646972656,54.967906781761364,54.967906781761364,Multi-Year Starter,Consistent career presence; reliable rotational player or specialist.,nan,Multi-Year Starter,Consistent career presence; reliable rotational player or specialist.,nan,Multi-Year Starter,Consistent career presence; reliable rotational player or specialist.,nan,SPEC
201904001,Diego Guajardo,2019,K,0.74,67.5346,60.377052307128906,60.52802585616772,60.52802585616772,Meaningful G5 Contributor,Standout starter at the Group of 5 level; high-end depth in Power 4.,Potential Day 3 Pick,Meaningful G5 Contributor,Standout starter at the Group of 5 level; high-end depth in Power 4.,Potential Day 3 Pick,Meaningful G5 Contributor,Standout starter at the Group of 5 level; high-end depth in Power 4.,Potential Day 3 Pick,SPEC
202001330,Joshua Karty,2020,K,0.8467,77.4859,73.48460388183594,79.7538060722393,79.7538060722393,Meaningful P4 Contributor,Reliable multi-year starter at the highest level of competition.,Potential Day 2 Pick,Meaningful P4 Contributor,Reliable multi-year starter at the highest level of competition.,Potential Day 2 Pick,Meaningful P4 Contributor,Reliable multi-year starter at the highest level of competition.,Potential Day 2 Pick,SPEC
202001400,Jake Seibert,2020,K,0.8444,39.9877,76.16346740722656,80.99772473862627,80.99772473862627,Partial Season Contributor,Rotational backup or special teams contributor; limited starts.,nan,Meaningful P4 Contributor,Reliable multi-year starter at the highest level of competition.,Potential Day 2 Pick,Elite Power 4,All-Conference/All-American honors.,First round NFL Draft talent,SPEC
202001695,Luke Akers,2020,K,0.8356,60.1426,72.55604553222656,78.67089655073708,78.67089655073708,Meaningful G5 Contributor,Standout starter at the Group of 5 level; high-end depth in Power 4.,Potential Day 3 Pick,Meaningful P4 Contributor,Reliable multi-year starter at the highest level of competition.,Potential Day 2 Pick,Meaningful P4 Contributor,Reliable multi-year starter at the highest level of competition.,Potential Day 2 Pick,SPEC
202001718,Jack Olsen,2020,K,0.8344,70.022,79.40228271484375,88.85168668948495,88.85168668948495,Meaningful P4 Contributor,Reliable multi-year starter at the highest level of competition.,Potential Day 2 Pick,Meaningful P4 Contributor,Reliable multi-year starter at the highest level of competition.,Potential Day 2 Pick,Elite Power 4,All-Conference/All-American honors.,First round NFL Draft talent,SPEC
202001898,Jared Zirkel,2020,K,0.83,52.595,72.33220672607422,78.45677178822282,78.45677178822282,Multi-Year Starter,Consistent career presence; reliable rotational player or specialist.,nan,Meaningful P4 Contributor,Reliable multi-year starter at the highest level of competition.,Potential Day 2 Pick,Meaningful P4 Contributor,Reliable multi-year starter at the highest level of competition.,Potential Day 2 Pick,SPEC
202002036,Josh Watts,2020,P,0.825,46.6526,57.72245407104492,57.991171766668174,57.991171766668174,Single Season Contributor,Late bloomer or one-year starter; limited career longevity.,nan,Multi-Year Starter,Consistent career presence; reliable rotational player or specialist.,nan,Multi-Year Starter,Consistent career presence; reliable rotational player or specialist.,nan,SPEC
202002064,Brock Travelstead,2020,K,0.8237,71.0329,63.93314743041992,65.9308793089061,65.9308793089061,Meaningful P4 Contributor,Reliable multi-year starter at the highest level of competition.,Potential Day 2 Pick,Meaningful G5 Contributor,Standout starter at the Group of 5 level; high-end depth in Power 4.,Potential Day 3 Pick,Meaningful G5 Contributor,Standout starter at the Group of 5 level; high-end depth in Power 4.,Potential Day 3 Pick,SPEC
202002089,Kai Kroeger,2020,P,0.8226,61.5873,60.72818374633789,60.862392507990556,60.862392507990556,Meaningful G5 Contributor,Standout starter at the Group of 5 level; high-end depth in Power 4.,Potential Day 3 Pick,Meaningful G5 Contributor,Standout starter at the Group of 5 level; high-end depth in Power 4.,Potential Day 3 Pick,Meaningful G5 Contributor,Standout starter at the Group of 5 level; high-end depth in Power 4.,Potential Day 3 Pick,SPEC
202002093,Parker Lewis,2020,K,0.8222,66.6162,73.46006774902344,79.70423438953182,79.70423438953182,Meaningful G5 Contributor,Standout starter at the Group of 5 level; high-end depth in Power 4.,Potential Day 3 Pick,Meaningful P4 Contributor,Reliable multi-year starter at the highest level of competition.,Potential Day 2 Pick,Meaningful P4 Contributor,Reliable multi-year starter at the highest level of competition.,Potential Day 2 Pick,SPEC
202002132,Harrison Mevis,2020,K,0.8211,91.098,67.14684295654297,72.64099888112,72.64099888112,Elite Power 4,All-Conference/All-American honors.,First round NFL Draft talent,Meaningful G5 Contributor,Standout starter at the Group of 5 level; high-end depth in Power 4.,Potential Day 3 Pick,Meaningful P4 Contributor,Reliable multi-year starter at the highest level of competition.,Potential Day 2 Pick,SPEC
202002225,James Williams,2020,K,0.82,33.5605,67.83712768554688,73.30039146099072,73.30039146099072,Partial Season Contributor,Rotational backup or special teams contributor; limited starts.,nan,Meaningful G5 Contributor,Standout starter at the Group of 5 level; high-end depth in Power 4.,Potential Day 3 Pick,Meaningful P4 Contributor,Reliable multi-year starter at the highest level of competition.,Potential Day 2 Pick,SPEC
202002664,Jamieson Sheahan,2020,P,0.807,50.5229,58.069305419921875,58.44346327317629,58.44346327317629,Multi-Year Starter,Consistent career presence; reliable rotational player or specialist.,nan,Multi-Year Starter,Consistent career presence; reliable rotational player or specialist.,nan,Multi-Year Starter,Consistent career presence; reliable rotational player or specialist.,nan,SPEC
202002730,Fabrizio Pinton,2020,K,0.805,57.7423,62.841209411621094,63.73040626035449,63.73040626035449,Multi-Year Starter,Consistent career presence; reliable rotational player or specialist.,nan,Meaningful G5 Contributor,Standout starter at the Group of 5 level; high-end depth in Power 4.,Potential Day 3 Pick,Meaningful G5 Contributor,Standout starter at the Group of 5 level; high-end depth in Power 4.,Potential Day 3 Pick,SPEC
202002731,Mark Crawford,2020,P,0.805,59.6457,49.49018478393555,46.556366571699975,46.556366571699975,Multi-Year Starter,Consistent career presence; reliable rotational player or specialist.,nan,Single Season Contributor,Late bloomer or one-year starter; limited career longevity.,nan,Single Season Contributor,Late bloomer or one-year starter; limited career longevity.,nan,SPEC
202002744,Tyler Loop,2020,K,0.8037,76.9297,44.639102935791016,32.00539527750213,32.00539527750213,Meaningful P4 Contributor,Reliable multi-year starter at the highest level of competition.,Potential Day 2 Pick,Single Season Contributor,Late bloomer or one-year starter; limited career longevity.,nan,Partial Season Contributor,Rotational backup or special teams contributor; limited starts.,nan,SPEC
202002750,Jack Van Dyke,2020,P,0.8033,48.3276,45.02495193481445,32.25806916911948,32.25806916911948,Single Season Contributor,Late bloomer or one-year starter; limited career longevity.,nan,Single Season Contributor,Late bloomer or one-year starter; limited career longevity.,nan,Partial Season Contributor,Rotational backup or special teams contributor; limited starts.,nan,SPEC
202002769,Mitch Jeter,2020,K,0.8022,74.5635,64.02738189697266,66.07949165061287,66.07949165061287,Meaningful P4 Contributor,Reliable multi-year starter at the highest level of competition.,Potential Day 2 Pick,Meaningful G5 Contributor,Standout starter at the Group of 5 level; high-end depth in Power 4.,Potential Day 3 Pick,Meaningful G5 Contributor,Standout starter at the Group of 5 level; high-end depth in Power 4.,Potential Day 3 Pick,SPEC
202002780,Sam Johnson,2020,P,0.8017,25.8903,56.53132247924805,57.38083596858224,57.38083596858224,Partial Season Contributor,Rotational backup or special teams contributor; limited starts.,nan,Multi-Year Starter,Consistent career presence; reliable rotational player or specialist.,nan,Multi-Year Starter,Consistent career presence; reliable rotational player or specialist.,nan,SPEC
202002781,Chase Gabriel,2020,K,0.8015,59.7594,59.47885513305664,59.49937074551093,59.49937074551093,Multi-Year Starter,Consistent career presence; reliable rotational player or specialist.,nan,Multi-Year Starter,Consistent career presence; reliable rotational player or specialist.,nan,Multi-Year Starter,Consistent career presence; reliable rotational player or specialist.,nan,SPEC
202002816,Koby Hathcock,2020,LS,0.8004,51.3339,56.356529235839844,57.286673141288404,57.286673141288404,Multi-Year Starter,Consistent career presence; reliable rotational player or specialist.,nan,Multi-Year Starter,Consistent career presence; reliable rotational player or specialist.,nan,Multi-Year Starter,Consistent career presence; reliable rotational player or specialist.,nan,SPEC
202002900,Dragan Kesich,2020,K,0.8,71.0773,46.95228958129883,39.65336730996856,39.65336730996856,Meaningful P4 Contributor,Reliable multi-year starter at the highest level of competition.,Potential Day 2 Pick,Single Season Contributor,Late bloomer or one-year starter; limited career longevity.,nan,Partial Season Contributor,Rotational backup or special teams contributor; limited starts.,nan,SPEC
202002985,Everett Ornstein,2020,K,0.8,31.897,58.51525115966797,58.753974777345405,58.753974777345405,Partial Season Contributor,Rotational backup or special teams contributor; limited starts.,nan,Multi-Year Starter,Consistent career presence; reliable rotational player or specialist.,nan,Multi-Year Starter,Consistent career presence; reliable rotational player or specialist.,nan,SPEC
202002987,Zach Schmit,2020,K,0.8,74.9696,65.08961486816406,68.58506977172598,68.58506977172598,Meaningful P4 Contributor,Reliable multi-year starter at the highest level of competition.,Potential Day 2 Pick,Meaningful G5 Contributor,Standout starter at the Group of 5 level; high-end depth in Power 4.,Potential Day 3 Pick,Meaningful G5 Contributor,Standout starter at the Group of 5 level; high-end depth in Power 4.,Potential Day 3 Pick,SPEC
202002988,Hunter Renner,2020,P,0.8,53.4967,53.29637145996094,53.841067865988606,53.841067865988606,Multi-Year Starter,Consistent career presence; reliable rotational player or specialist.,nan,Multi-Year Starter,Consistent career presence; reliable rotational player or specialist.,nan,Multi-Year Starter,Consistent career presence; reliable rotational player or specialist.,nan,SPEC
202002990,Ben Sauls,2020,K,0.7996,71.9644,62.88150405883789,63.90143332842931,63.90143332842931,Meaningful P4 Contributor,Reliable multi-year starter at the highest level of competition.,Potential Day 2 Pick,Meaningful G5 Contributor,Standout starter at the Group of 5 level; high-end depth in Power 4.,Potential Day 3 Pick,Meaningful G5 Contributor,Standout starter at the Group of 5 level; high-end depth in Power 4.,Potential Day 3 Pick,SPEC
202003011,Jeremy Crawshaw,2020,P,0.7978,60.3565,57.38801574707031,57.84278608227893,57.84278608227893,Meaningful G5 Contributor,Standout starter at the Group of 5 level; high-end depth in Power 4.,Potential Day 3 Pick,Multi-Year Starter,Consistent career presence; reliable rotational player or specialist.,nan,Multi-Year Starter,Consistent career presence; reliable rotational player or specialist.,nan,SPEC
202003059,Luke Larsen,2020,P,0.7956,54.602,59.0129508972168,59.172656594141195,59.172656594141195,Multi-Year Starter,Consistent career presence; reliable rotational player or specialist.,nan,Multi-Year Starter,Consistent career presence; reliable rotational player or specialist.,nan,Multi-Year Starter,Consistent career presence; reliable rotational player or specialist.,nan,SPEC
202003061,Chris Freeman,2020,K,0.795,69.1766,63.28492736816406,64.45788055403088,64.45788055403088,Meaningful G5 Contributor,Standout starter at the Group of 5 level; high-end depth in Power 4.,Potential Day 3 Pick,Meaningful G5 Contributor,Standout starter at the Group of 5 level; high-end depth in Power 4.,Potential Day 3 Pick,Meaningful G5 Contributor,Standout starter at the Group of 5 level; high-end depth in Power 4.,Potential Day 3 Pick,SPEC
202003062,Cameron Guess,2020,P,0.795,41.8215,56.78775405883789,57.62043622341955,57.62043622341955,Single Season Contributor,Late bloomer or one-year starter; limited career longevity.,nan,Multi-Year Starter,Consistent career presence; reliable rotational player or specialist.,nan,Multi-Year Starter,Consistent career presence; reliable rotational player or specialist.,nan,SPEC
202003091,Alex Mastromanno,2020,P,0.7922,69.5907,52.51081848144531,52.80672697320147,52.80672697320147,Meaningful G5 Contributor,Standout starter at the Group of 5 level; high-end depth in Power 4.,Potential Day 3 Pick,Multi-Year Starter,Consistent career presence; reliable rotational player or specialist.,nan,Multi-Year Starter,Consistent career presence; reliable rotational player or specialist.,nan,SPEC
202003113,Jaden Green,2020,LS,0.7904,56.3948,49.57642364501953,46.79347324123316,46.79347324123316,Multi-Year Starter,Consistent career presence; reliable rotational player or specialist.,nan,Single Season Contributor,Late bloomer or one-year starter; limited career longevity.,nan,Single Season Contributor,Late bloomer or one-year starter; limited career longevity.,nan,SPEC
202003140,Blake Glessner,2020,K,0.79,45.086,46.92425537109375,39.59719953943124,39.59719953943124,Single Season Contributor,Late bloomer or one-year starter; limited career longevity.,nan,Single Season Contributor,Late bloomer or one-year starter; limited career longevity.,nan,Partial Season Contributor,Rotational backup or special teams contributor; limited starts.,nan,SPEC
202003250,Matthew Shipley,2020,P,0.79,73.0009,51.26771545410156,50.573462604585906,50.573462604585906,Meaningful P4 Contributor,Reliable multi-year starter at the highest level of competition.,Potential Day 2 Pick,Multi-Year Starter,Consistent career presence; reliable rotational player or specialist.,nan,Multi-Year Starter,Consistent career presence; reliable rotational player or specialist.,nan,SPEC
202003284,Gavin Meyers,2020,P,0.79,43.1001,46.638160705566406,39.02395681343689,39.02395681343689,Single Season Contributor,Late bloomer or one-year starter; limited career longevity.,nan,Single Season Contributor,Late bloomer or one-year starter; limited career longevity.,nan,Partial Season Contributor,Rotational backup or special teams contributor; limited starts.,nan,SPEC
202003297,RJ Lopez,2020,K,0.79,56.6293,58.536407470703125,58.77460294884162,58.77460294884162,Multi-Year Starter,Consistent career presence; reliable rotational player or specialist.,nan,Multi-Year Starter,Consistent career presence; reliable rotational player or specialist.,nan,Multi-Year Starter,Consistent career presence; reliable rotational player or specialist.,nan,SPEC
202003299,Ryan Marks,2020,P,0.79,42.1156,33.91154098510742,25.035864934755985,25.035864934755985,Single Season Contributor,Late bloomer or one-year starter; limited career longevity.,nan,Partial Season Contributor,Rotational backup or special teams contributor; limited starts.,nan,Partial Season Contributor,Rotational backup or special teams contributor; limited starts.,nan,SPEC
202003352,Kameron Hawkins,2020,LS,0.787,44.3034,50.69466018676758,48.77702989095022,48.77702989095022,Single Season Contributor,Late bloomer or one-year starter; limited career longevity.,nan,Multi-Year Starter,Consistent career presence; reliable rotational player or specialist.,nan,Single Season Contributor,Late bloomer or one-year starter; limited career longevity.,nan,SPEC
202003375,Jacob Zuhr,2020,LS,0.7837,48.6212,49.98335266113281,47.72024353754383,47.72024353754383,Single Season Contributor,Late bloomer or one-year starter; limited career longevity.,nan,Single Season Contributor,Late bloomer or one-year starter; limited career longevity.,nan,Single Season Contributor,Late bloomer or one-year starter; limited career longevity.,nan,SPEC
202003388,Bailey Parsons,2020,LS,0.7833,51.3492,48.81300354003906,45.065221796114926,45.065221796114926,Multi-Year Starter,Consistent career presence; reliable rotational player or specialist.,nan,Single Season Contributor,Late bloomer or one-year starter; limited career longevity.,nan,Single Season Contributor,Late bloomer or one-year starter; limited career longevity.,nan,SPEC
202003595,Jacob Garcia,2020,LS,0.7717,52.8272,47.42435836791992,42.093606722885234,42.093606722885234,Multi-Year Starter,Consistent career presence; reliable rotational player or specialist.,nan,Single Season Contributor,Late bloomer or one-year starter; limited career longevity.,nan,Single Season Contributor,Late bloomer or one-year starter; limited career longevity.,nan,SPEC
202003686,Reis Vernon,2020,P,0.77,54.2522,50.439002990722656,48.47518766682037,48.47518766682037,Multi-Year Starter,Consistent career presence; reliable rotational player or specialist.,nan,Multi-Year Starter,Consistent career presence; reliable rotational player or specialist.,nan,Single Season Contributor,Late bloomer or one-year starter; limited career longevity.,nan,SPEC
202003699,Wesley Schelling,2020,LS,0.77,52.7343,49.32809066772461,45.87740274322251,45.87740274322251,Multi-Year Starter,Consistent career presence; reliable rotational player or specialist.,nan,Single Season Contributor,Late bloomer or one-year starter; limited career longevity.,nan,Single Season Contributor,Late bloomer or one-year starter; limited career longevity.,nan,SPEC
202003753,Kellen Grave de Peralta,2020,K,0.7606,31.4476,49.94637680053711,47.612757500655725,47.612757500655725,Partial Season Contributor,Rotational backup or special teams contributor; limited starts.,nan,Single Season Contributor,Late bloomer or one-year starter; limited career longevity.,nan,Single Season Contributor,Late bloomer or one-year starter; limited career longevity.,nan,SPEC
202003829,Nick Barcelos,2020,LS,0.7594,55.7989,49.13139724731445,45.662405453125594,45.662405453125594,Multi-Year Starter,Consistent career presence; reliable rotational player or specialist.,nan,Single Season Contributor,Late bloomer or one-year starter; limited career longevity.,nan,Single Season Contributor,Late bloomer or one-year starter; limited career longevity.,nan,SPEC
202003836,Stephen Kotsanlee,2020,P,0.7533,55.6841,48.85722351074219,45.25537652074003,45.25537652074003,Multi-Year Starter,Consistent career presence; reliable rotational player or specialist.,nan,Single Season Contributor,Late bloomer or one-year starter; limited career longevity.,nan,Single Season Contributor,Late bloomer or one-year starter; limited career longevity.,nan,SPEC
202003866,Charlton Butt,2020,P,0.75,28.1624,52.153629302978516,52.11662111782428,52.11662111782428,Partial Season Contributor,Rotational backup or special teams contributor; limited starts.,nan,Multi-Year Starter,Consistent career presence; reliable rotational player or specialist.,nan,Multi-Year Starter,Consistent career presence; reliable rotational player or specialist.,nan,SPEC
202003870,Dylan Lewis,2020,K,0.75,33.8413,54.019256591796875,54.519560411016776,54.519560411016776,Partial Season Contributor,Rotational backup or special teams contributor; limited starts.,nan,Multi-Year Starter,Consistent career presence; reliable rotational player or specialist.,nan,Multi-Year Starter,Consistent career presence; reliable rotational player or specialist.,nan,SPEC
202003880,Tyler Tipton,2020,K,0.74,41.2786,55.67938232421875,56.483896374408026,56.483896374408026,Single Season Contributor,Late bloomer or one-year starter; limited career longevity.,nan,Multi-Year Starter,Consistent career presence; reliable rotational player or specialist.,nan,Multi-Year Starter,Consistent career presence; reliable rotational player or specialist.,nan,SPEC
202003881,Jack Wilson,2020,P,0.74,53.8418,53.14684295654297,53.63741049934393,53.63741049934393,Multi-Year Starter,Consistent career presence; reliable rotational player or specialist.,nan,Multi-Year Starter,Consistent career presence; reliable rotational player or specialist.,nan,Multi-Year Starter,Consistent career presence; reliable rotational player or specialist.,nan,SPEC
202003882,Lucas Borrow,2020,P,0.74,52.0399,51.20709991455078,50.24504211941326,50.24504211941326,Multi-Year Starter,Consistent career presence; reliable rotational player or specialist.,nan,Multi-Year Starter,Consistent career presence; reliable rotational player or specialist.,nan,Multi-Year Starter,Consistent career presence; reliable rotational player or specialist.,nan,SPEC
202003887,Josh Smith,2020,P,0.74,55.4557,53.13029861450195,53.62117099042886,53.62117099042886,Multi-Year Starter,Consistent career presence; reliable rotational player or specialist.,nan,Multi-Year Starter,Consistent career presence; reliable rotational player or specialist.,nan,Multi-Year Starter,Consistent career presence; reliable rotational player or specialist.,nan,SPEC
202003889,Angelo Tejada,2020,LS,0.74,45.9329,53.45937728881836,53.96033499880387,53.96033499880387,Single Season Contributor,Late bloomer or one-year starter; limited career longevity.,nan,Multi-Year Starter,Consistent career presence; reliable rotational player or specialist.,nan,Multi-Year Starter,Consistent career presence; reliable rotational player or specialist.,nan,SPEC
202003892,Ethan Duane,2020,P,0.73,55.5371,51.68143081665039,51.72647180869672,51.72647180869672,Multi-Year Starter,Consistent career presence; reliable rotational player or specialist.,nan,Multi-Year Starter,Consistent career presence; reliable rotational player or specialist.,nan,Multi-Year Starter,Consistent career presence; reliable rotational player or specialist.,nan,SPEC
202101505,Peyton Todd,2021,P,0.8389,45.658,56.007102966308594,57.05765139617804,57.05765139617804,Single Season Contributor,Late bloomer or one-year starter; limited career longevity.,nan,Multi-Year Starter,Consistent career presence; reliable rotational player or specialist.,nan,Multi-Year Starter,Consistent career presence; reliable rotational player or specialist.,nan,SPEC
202101533,Cam Little,2021,K,0.8378,78.519,80.67305755615234,91.62877539146864,91.62877539146864,Meaningful P4 Contributor,Reliable multi-year starter at the highest level of competition.,Potential Day 2 Pick,Elite Power 4,All-Conference/All-American honors.,First round NFL Draft talent,Elite Power 4,All-Conference/All-American honors.,First round NFL Draft talent,SPEC
202101605,Tommy Doman,2021,P,0.8356,58.4142,57.67723846435547,57.97747090609234,57.97747090609234,Multi-Year Starter,Consistent career presence; reliable rotational player or specialist.,nan,Multi-Year Starter,Consistent career presence; reliable rotational player or specialist.,nan,Multi-Year Starter,Consistent career presence; reliable rotational player or specialist.,nan,SPEC
202101626,Sander Sahaydak,2021,K,0.8344,48.5286,76.24337005615234,81.12270296113076,81.12270296113076,Single Season Contributor,Late bloomer or one-year starter; limited career longevity.,nan,Meaningful P4 Contributor,Reliable multi-year starter at the highest level of competition.,Potential Day 2 Pick,Elite Power 4,All-Conference/All-American honors.,First round NFL Draft talent,SPEC
202101669,Andres Borregales,2021,K,0.8333,81.0426,77.26436614990234,83.06000362253468,83.06000362253468,Elite Power 4,All-Conference/All-American honors.,First round NFL Draft talent,Meaningful P4 Contributor,Reliable multi-year starter at the highest level of competition.,Potential Day 2 Pick,Elite Power 4,All-Conference/All-American honors.,First round NFL Draft talent,SPEC
202101887,Joe McFadden,2021,K,0.8256,65.5976,59.769752502441406,59.70112395074786,59.70112395074786,Meaningful G5 Contributor,Standout starter at the Group of 5 level; high-end depth in Power 4.,Potential Day 3 Pick,Multi-Year Starter,Consistent career presence; reliable rotational player or specialist.,nan,Multi-Year Starter,Consistent career presence; reliable rotational player or specialist.,nan,SPEC
202101888,Connor Lytton,2021,K,0.8256,63.5778,65.916259765625,70.51252695086272,70.51252695086272,Meaningful G5 Contributor,Standout starter at the Group of 5 level; high-end depth in Power 4.,Potential Day 3 Pick,Meaningful G5 Contributor,Standout starter at the Group of 5 level; high-end depth in Power 4.,Potential Day 3 Pick,Meaningful P4 Contributor,Reliable multi-year starter at the highest level of competition.,Potential Day 2 Pick,SPEC
202101892,Mason Fletcher,2021,P,0.825,57.603,46.98855209350586,39.72602084469816,39.72602084469816,Multi-Year Starter,Consistent career presence; reliable rotational player or specialist.,nan,Single Season Contributor,Late bloomer or one-year starter; limited career longevity.,nan,Partial Season Contributor,Rotational backup or special teams contributor; limited starts.,nan,SPEC
202101952,Connor Weselman,2021,P,0.8226,56.3614,53.64924240112305,54.11134645880923,54.11134645880923,Multi-Year Starter,Consistent career presence; reliable rotational player or specialist.,nan,Multi-Year Starter,Consistent career presence; reliable rotational player or specialist.,nan,Multi-Year Starter,Consistent career presence; reliable rotational player or specialist.,nan,SPEC
202101978,Caden Costa,2021,K,0.8211,62.2679,77.1913070678711,82.90664546346898,82.90664546346898,Meaningful G5 Contributor,Standout starter at the Group of 5 level; high-end depth in Power 4.,Potential Day 3 Pick,Meaningful P4 Contributor,Reliable multi-year starter at the highest level of competition.,Potential Day 2 Pick,Elite Power 4,All-Conference/All-American honors.,First round NFL Draft talent,SPEC
202102011,Jesse Mirco,2021,P,0.8204,60.2202,54.84551239013672,55.30390915902677,55.30390915902677,Meaningful G5 Contributor,Standout starter at the Group of 5 level; high-end depth in Power 4.,Potential Day 3 Pick,Multi-Year Starter,Consistent career presence; reliable rotational player or specialist.,nan,Multi-Year Starter,Consistent career presence; reliable rotational player or specialist.,nan,SPEC
202102012,Isaac Pearson,2021,P,0.8204,45.6418,58.26723861694336,58.550206241274125,58.550206241274125,Single Season Contributor,Late bloomer or one-year starter; limited career longevity.,nan,Multi-Year Starter,Consistent career presence; reliable rotational player or specialist.,nan,Multi-Year Starter,Consistent career presence; reliable rotational player or specialist.,nan,SPEC
202102014,David Kemp,2021,K,0.8204,53.6377,68.33029174804688,73.69464836159976,73.69464836159976,Multi-Year Starter,Consistent career presence; reliable rotational player or specialist.,nan,Meaningful G5 Contributor,Standout starter at the Group of 5 level; high-end depth in Power 4.,Potential Day 3 Pick,Meaningful P4 Contributor,Reliable multi-year starter at the highest level of competition.,Potential Day 2 Pick,SPEC
202102021,Mark Vassett,2021,P,0.82,58.8662,53.7638053894043,54.208362851892815,54.208362851892815,Multi-Year Starter,Consistent career presence; reliable rotational player or specialist.,nan,Multi-Year Starter,Consistent career presence; reliable rotational player or specialist.,nan,Multi-Year Starter,Consistent career presence; reliable rotational player or specialist.,nan,SPEC
202102083,David Shanahan,2021,P,0.817,58.8115,52.046295166015625,51.976853924260716,51.976853924260716,Multi-Year Starter,Consistent career presence; reliable rotational player or specialist.,nan,Multi-Year Starter,Consistent career presence; reliable rotational player or specialist.,nan,Multi-Year Starter,Consistent career presence; reliable rotational player or specialist.,nan,SPEC
202102126,Kriston Esnard,2021,K,0.8152,54.0782,60.349945068359375,60.42629197255122,60.42629197255122,Multi-Year Starter,Consistent career presence; reliable rotational player or specialist.,nan,Meaningful G5 Contributor,Standout starter at the Group of 5 level; high-end depth in Power 4.,Potential Day 3 Pick,Meaningful G5 Contributor,Standout starter at the Group of 5 level; high-end depth in Power 4.,Potential Day 3 Pick,SPEC
202102135,Brendan Hall,2021,K,0.8148,39.1394,64.1220474243164,66.22363079172985,66.22363079172985,Partial Season Contributor,Rotational backup or special teams contributor; limited starts.,nan,Meaningful G5 Contributor,Standout starter at the Group of 5 level; high-end depth in Power 4.,Potential Day 3 Pick,Meaningful G5 Contributor,Standout starter at the Group of 5 level; high-end depth in Power 4.,Potential Day 3 Pick,SPEC
202102173,Brenden Segovia,2021,P,0.8133,27.4314,54.775760650634766,55.239466144984526,55.239466144984526,Partial Season Contributor,Rotational backup or special teams contributor; limited starts.,nan,Multi-Year Starter,Consistent career presence; reliable rotational player or specialist.,nan,Multi-Year Starter,Consistent career presence; reliable rotational player or specialist.,nan,SPEC
202102183,Cole Becker,2021,K,0.813,76.1658,58.737857818603516,58.936634452188855,58.936634452188855,Meaningful P4 Contributor,Reliable multi-year starter at the highest level of competition.,Potential Day 2 Pick,Multi-Year Starter,Consistent career presence; reliable rotational player or specialist.,nan,Multi-Year Starter,Consistent career presence; reliable rotational player or specialist.,nan,SPEC
202102312,Eddie Czaplicki,2021,K,0.8067,61.629,64.3676528930664,66.56071250727803,66.56071250727803,Meaningful G5 Contributor,Standout starter at the Group of 5 level; high-end depth in Power 4.,Potential Day 3 Pick,Meaningful G5 Contributor,Standout starter at the Group of 5 level; high-end depth in Power 4.,Potential Day 3 Pick,Meaningful G5 Contributor,Standout starter at the Group of 5 level; high-end depth in Power 4.,Potential Day 3 Pick,SPEC
202102334,Andrew Stokes,2021,P,0.8063,54.874,54.75616455078125,55.21572906856275,55.21572906856275,Multi-Year Starter,Consistent career presence; reliable rotational player or specialist.,nan,Multi-Year Starter,Consistent career presence; reliable rotational player or specialist.,nan,Multi-Year Starter,Consistent career presence; reliable rotational player or specialist.,nan,SPEC
202102400,Matthew Dennis,2021,K,0.8022,71.212,67.13968658447266,72.62941337030605,72.62941337030605,Meaningful P4 Contributor,Reliable multi-year starter at the highest level of competition.,Potential Day 2 Pick,Meaningful G5 Contributor,Standout starter at the Group of 5 level; high-end depth in Power 4.,Potential Day 3 Pick,Meaningful P4 Contributor,Reliable multi-year starter at the highest level of competition.,Potential Day 2 Pick,SPEC
202102403,Nick Haberer,2021,P,0.8022,58.6301,56.01383972167969,57.06418295440885,57.06418295440885,Multi-Year Starter,Consistent career presence; reliable rotational player or specialist.,nan,Multi-Year Starter,Consistent career presence; reliable rotational player or specialist.,nan,Multi-Year Starter,Consistent career presence; reliable rotational player or specialist.,nan,SPEC
202102404,Wilson Berry,2021,P,0.8022,54.7298,55.57998275756836,56.24381288166853,56.24381288166853,Multi-Year Starter,Consistent career presence; reliable rotational player or specialist.,nan,Multi-Year Starter,Consistent career presence; reliable rotational player or specialist.,nan,Multi-Year Starter,Consistent career presence; reliable rotational player or specialist.,nan,SPEC
202102411,Hank Pepper,2021,LS,0.8019,57.0184,49.63194274902344,46.92167568681375,46.92167568681375,Multi-Year Starter,Consistent career presence; reliable rotational player or specialist.,nan,Single Season Contributor,Late bloomer or one-year starter; limited career longevity.,nan,Single Season Contributor,Late bloomer or one-year starter; limited career longevity.,nan,SPEC
202102445,Ashton Logan,2021,P,0.8,39.723,52.920188903808594,53.30246442713239,53.30246442713239,Partial Season Contributor,Rotational backup or special teams contributor; limited starts.,nan,Multi-Year Starter,Consistent career presence; reliable rotational player or specialist.,nan,Multi-Year Starter,Consistent career presence; reliable rotational player or specialist.,nan,SPEC
202102464,James Evans,2021,P,0.7989,59.197,57.4616584777832,57.91214763487644,57.91214763487644,Multi-Year Starter,Consistent career presence; reliable rotational player or specialist.,nan,Multi-Year Starter,Consistent career presence; reliable rotational player or specialist.,nan,Multi-Year Starter,Consistent career presence; reliable rotational player or specialist.,nan,SPEC
202102475,Mitchell Tomasek,2021,K,0.7983,53.3249,67.39436340332031,73.00845996328384,73.00845996328384,Multi-Year Starter,Consistent career presence; reliable rotational player or specialist.,nan,Meaningful G5 Contributor,Standout starter at the Group of 5 level; high-end depth in Power 4.,Potential Day 3 Pick,Meaningful P4 Contributor,Reliable multi-year starter at the highest level of competition.,Potential Day 2 Pick,SPEC
202102524,John McConnell,2021,P,0.7944,49.037,56.60879898071289,57.540461913385265,57.540461913385265,Single Season Contributor,Late bloomer or one-year starter; limited career longevity.,nan,Multi-Year Starter,Consistent career presence; reliable rotational player or specialist.,nan,Multi-Year Starter,Consistent career presence; reliable rotational player or specialist.,nan,SPEC
202102547,Michael Hughes,2021,K,0.7933,65.0123,64.08706665039062,66.17361741259901,66.17361741259901,Meaningful G5 Contributor,Standout starter at the Group of 5 level; high-end depth in Power 4.,Potential Day 3 Pick,Meaningful G5 Contributor,Standout starter at the Group of 5 level; high-end depth in Power 4.,Potential Day 3 Pick,Meaningful G5 Contributor,Standout starter at the Group of 5 level; high-end depth in Power 4.,Potential Day 3 Pick,SPEC
202102710,Benjamin Lisk,2021,LS,0.7633,49.4286,54.22428512573242,54.67406065229515,54.67406065229515,Single Season Contributor,Late bloomer or one-year starter; limited career longevity.,nan,Multi-Year Starter,Consistent career presence; reliable rotational player or specialist.,nan,Multi-Year Starter,Consistent career presence; reliable rotational player or specialist.,nan,SPEC
202102716,Britton Williams,2021,K,0.7533,47.7998,43.60335159301758,30.63609544032667,30.63609544032667,Single Season Contributor,Late bloomer or one-year starter; limited career longevity.,nan,Single Season Contributor,Late bloomer or one-year starter; limited career longevity.,nan,Partial Season Contributor,Rotational backup or special teams contributor; limited starts.,nan,SPEC
202201537,Alex McPherson,2022,K,0.8378,73.8065,83.31096649169922,95.7383,95.7383,Meaningful P4 Contributor,Reliable multi-year starter at the highest level of competition.,Potential Day 2 Pick,Elite Power 4,All-Conference/All-American honors.,First round NFL Draft talent,Elite Power 4,All-Conference/All-American honors.,First round NFL Draft talent,SPEC
202201615,Ethan Moczulski,2022,K,0.8356,53.0757,65.38819885253906,69.5867822823041,69.5867822823041,Multi-Year Starter,Consistent career presence; reliable rotational player or specialist.,nan,Meaningful G5 Contributor,Standout starter at the Group of 5 level; high-end depth in Power 4.,Potential Day 3 Pick,Meaningful G5 Contributor,Standout starter at the Group of 5 level; high-end depth in Power 4.,Potential Day 3 Pick,SPEC
202201724,Will Stone,2022,K,0.83,58.4321,65.61194610595703,69.86323891049567,69.86323891049567,Multi-Year Starter,Consistent career presence; reliable rotational player or specialist.,nan,Meaningful G5 Contributor,Standout starter at the Group of 5 level; high-end depth in Power 4.,Potential Day 3 Pick,Meaningful G5 Contributor,Standout starter at the Group of 5 level; high-end depth in Power 4.,Potential Day 3 Pick,SPEC
202201725,Will Bettridge,2022,K,0.83,79.47,68.94554138183594,74.51590473120925,74.51590473120925,Meaningful P4 Contributor,Reliable multi-year starter at the highest level of competition.,Potential Day 2 Pick,Meaningful G5 Contributor,Standout starter at the Group of 5 level; high-end depth in Power 4.,Potential Day 3 Pick,Meaningful P4 Contributor,Reliable multi-year starter at the highest level of competition.,Potential Day 2 Pick,SPEC
202201731,Brett Thorson,2022,P,0.8293,60.2396,51.14106369018555,49.80636092176512,49.80636092176512,Meaningful G5 Contributor,Standout starter at the Group of 5 level; high-end depth in Power 4.,Potential Day 3 Pick,Multi-Year Starter,Consistent career presence; reliable rotational player or specialist.,nan,Single Season Contributor,Late bloomer or one-year starter; limited career longevity.,nan,SPEC
202201746,Evan Crenshaw,2022,P,0.8283,54.9222,59.90849304199219,59.82665878614776,59.82665878614776,Multi-Year Starter,Consistent career presence; reliable rotational player or specialist.,nan,Multi-Year Starter,Consistent career presence; reliable rotational player or specialist.,nan,Multi-Year Starter,Consistent career presence; reliable rotational player or specialist.,nan,SPEC
202201765,Jack Stone,2022,K,0.8267,44.1683,65.32926177978516,69.25257705297996,69.25257705297996,Single Season Contributor,Late bloomer or one-year starter; limited career longevity.,nan,Meaningful G5 Contributor,Standout starter at the Group of 5 level; high-end depth in Power 4.,Potential Day 3 Pick,Meaningful G5 Contributor,Standout starter at the Group of 5 level; high-end depth in Power 4.,Potential Day 3 Pick,SPEC
202201766,Nathan Dibert,2022,K,0.8267,54.0151,69.54010772705078,75.59331374716619,75.59331374716619,Multi-Year Starter,Consistent career presence; reliable rotational player or specialist.,nan,Meaningful G5 Contributor,Standout starter at the Group of 5 level; high-end depth in Power 4.,Potential Day 3 Pick,Meaningful P4 Contributor,Reliable multi-year starter at the highest level of competition.,Potential Day 2 Pick,SPEC
202201799,Alex Bacchetta,2022,P,0.8259,49.4286,59.082542419433594,59.22914252164401,59.22914252164401,Single Season Contributor,Late bloomer or one-year starter; limited career longevity.,nan,Multi-Year Starter,Consistent career presence; reliable rotational player or specialist.,nan,Multi-Year Starter,Consistent career presence; reliable rotational player or specialist.,nan,SPEC
202201827,Carter Brown,2022,K,0.8244,66.5281,66.97594451904297,72.35722174651886,72.35722174651886,Meaningful G5 Contributor,Standout starter at the Group of 5 level; high-end depth in Power 4.,Potential Day 3 Pick,Meaningful G5 Contributor,Standout starter at the Group of 5 level; high-end depth in Power 4.,Potential Day 3 Pick,Meaningful P4 Contributor,Reliable multi-year starter at the highest level of competition.,Potential Day 2 Pick,SPEC
202201842,Oliver Straw,2022,P,0.8226,58.6844,57.82925796508789,58.22344719499583,58.22344719499583,Multi-Year Starter,Consistent career presence; reliable rotational player or specialist.,nan,Multi-Year Starter,Consistent career presence; reliable rotational player or specialist.,nan,Multi-Year Starter,Consistent career presence; reliable rotational player or specialist.,nan,SPEC
202201843,Trey Smack,2022,K,0.8226,80.8831,67.42778015136719,73.03049290879778,73.03049290879778,Elite Power 4,All-Conference/All-American honors.,First round NFL Draft talent,Meaningful G5 Contributor,Standout starter at the Group of 5 level; high-end depth in Power 4.,Potential Day 3 Pick,Meaningful P4 Contributor,Reliable multi-year starter at the highest level of competition.,Potential Day 2 Pick,SPEC
202201849,Buck Buchanan,2022,K,0.8222,55.3744,66.42472076416016,71.06484453513697,71.06484453513697,Multi-Year Starter,Consistent career presence; reliable rotational player or specialist.,nan,Meaningful G5 Contributor,Standout starter at the Group of 5 level; high-end depth in Power 4.,Potential Day 3 Pick,Meaningful P4 Contributor,Reliable multi-year starter at the highest level of competition.,Potential Day 2 Pick,SPEC
202201850,Aidan Birr,2022,K,0.8222,77.8815,65.57302856445312,69.81546340715609,69.81546340715609,Meaningful P4 Contributor,Reliable multi-year starter at the highest level of competition.,Potential Day 2 Pick,Meaningful G5 Contributor,Standout starter at the Group of 5 level; high-end depth in Power 4.,Potential Day 3 Pick,Meaningful G5 Contributor,Standout starter at the Group of 5 level; high-end depth in Power 4.,Potential Day 3 Pick,SPEC
202201857,Sam Candotti,2022,P,0.8217,51.6405,64.2086410522461,66.34247638912895,66.34247638912895,Multi-Year Starter,Consistent career presence; reliable rotational player or specialist.,nan,Meaningful G5 Contributor,Standout starter at the Group of 5 level; high-end depth in Power 4.,Potential Day 3 Pick,Meaningful G5 Contributor,Standout starter at the Group of 5 level; high-end depth in Power 4.,Potential Day 3 Pick,SPEC
202201900,Max Fletcher,2022,P,0.8196,54.5701,54.983543395996094,55.44489600550083,55.44489600550083,Multi-Year Starter,Consistent career presence; reliable rotational player or specialist.,nan,Multi-Year Starter,Consistent career presence; reliable rotational player or specialist.,nan,Multi-Year Starter,Consistent career presence; reliable rotational player or specialist.,nan,SPEC
202201912,John Love,2022,K,0.8181,77.5828,68.5832290649414,73.996619882656,73.996619882656,Meaningful P4 Contributor,Reliable multi-year starter at the highest level of competition.,Potential Day 2 Pick,Meaningful G5 Contributor,Standout starter at the Group of 5 level; high-end depth in Power 4.,Potential Day 3 Pick,Meaningful P4 Contributor,Reliable multi-year starter at the highest level of competition.,Potential Day 2 Pick,SPEC
202201937,Tyler Perkins,2022,P,0.8163,59.16,55.51112365722656,56.07050197545294,56.07050197545294,Multi-Year Starter,Consistent career presence; reliable rotational player or specialist.,nan,Multi-Year Starter,Consistent career presence; reliable rotational player or specialist.,nan,Multi-Year Starter,Consistent career presence; reliable rotational player or specialist.,nan,SPEC
202201959,Bryce McFerson,2022,P,0.8144,55.342,47.35164260864258,41.66570963505407,41.66570963505407,Multi-Year Starter,Consistent career presence; reliable rotational player or specialist.,nan,Single Season Contributor,Late bloomer or one-year starter; limited career longevity.,nan,Single Season Contributor,Late bloomer or one-year starter; limited career longevity.,nan,SPEC
202201979,Tom Ellard,2022,P,0.8126,45.8038,66.04104614257812,70.70807341411809,70.70807341411809,Single Season Contributor,Late bloomer or one-year starter; limited career longevity.,nan,Meaningful G5 Contributor,Standout starter at the Group of 5 level; high-end depth in Power 4.,Potential Day 3 Pick,Meaningful P4 Contributor,Reliable multi-year starter at the highest level of competition.,Potential Day 2 Pick,SPEC
202202089,James Ferguson-Reynolds,2022,P,0.8033,57.9175,56.550376892089844,57.41198243469737,57.41198243469737,Multi-Year Starter,Consistent career presence; reliable rotational player or specialist.,nan,Multi-Year Starter,Consistent career presence; reliable rotational player or specialist.,nan,Multi-Year Starter,Consistent career presence; reliable rotational player or specialist.,nan,SPEC
202202090,Sam Vander Haar,2022,P,0.8033,55.7005,57.45877456665039,57.91000504646563,57.91000504646563,Multi-Year Starter,Consistent career presence; reliable rotational player or specialist.,nan,Multi-Year Starter,Consistent career presence; reliable rotational player or specialist.,nan,Multi-Year Starter,Consistent career presence; reliable rotational player or specialist.,nan,SPEC
202202118,Braeden McAlister,2022,K,0.7989,52.3017,65.00867462158203,68.40067667695749,68.40067667695749,Multi-Year Starter,Consistent career presence; reliable rotational player or specialist.,nan,Meaningful G5 Contributor,Standout starter at the Group of 5 level; high-end depth in Power 4.,Potential Day 3 Pick,Meaningful G5 Contributor,Standout starter at the Group of 5 level; high-end depth in Power 4.,Potential Day 3 Pick,SPEC
202202157,Eli Stein,2022,LS,0.7911,55.1477,45.215240478515625,33.187781299703936,33.187781299703936,Multi-Year Starter,Consistent career presence; reliable rotational player or specialist.,nan,Single Season Contributor,Late bloomer or one-year starter; limited career longevity.,nan,Partial Season Contributor,Rotational backup or special teams contributor; limited starts.,nan,SPEC
202202158,Lance St. Louis,2022,LS,0.7911,46.4777,53.24298858642578,53.765045009776266,53.765045009776266,Single Season Contributor,Late bloomer or one-year starter; limited career longevity.,nan,Multi-Year Starter,Consistent career presence; reliable rotational player or specialist.,nan,Multi-Year Starter,Consistent career presence; reliable rotational player or specialist.,nan,SPEC
202202170,Jackson Ross,2022,P,0.7894,55.7415,54.39677810668945,54.822250916287665,54.822250916287665,Multi-Year Starter,Consistent career presence; reliable rotational player or specialist.,nan,Multi-Year Starter,Consistent career presence; reliable rotational player or specialist.,nan,Multi-Year Starter,Consistent career presence; reliable rotational player or specialist.,nan,SPEC
202202187,Rino Monteforte,2022,LS,0.7844,42.9416,49.81952667236328,47.308365099690285,47.308365099690285,Single Season Contributor,Late bloomer or one-year starter; limited career longevity.,nan,Single Season Contributor,Late bloomer or one-year starter; limited career longevity.,nan,Single Season Contributor,Late bloomer or one-year starter; limited career longevity.,nan,SPEC
202202223,Nate Merchant,2022,LS,0.7633,39.4856,34.224788665771484,25.210785784372177,25.210785784372177,Partial Season Contributor,Rotational backup or special teams contributor; limited starts.,nan,Partial Season Contributor,Rotational backup or special teams contributor; limited starts.,nan,Partial Season Contributor,Rotational backup or special teams contributor; limited starts.,nan,SPEC
