player_id,name,year,position,rating,position_group,y_pred_score_raw,y_pred_score_calibrated,predictive_score_0_100,contrib_tier_raw,contrib_tier_raw_college_outlook,contrib_tier_raw_professional_outlook
202300005,Zachariah Branch,2023,WR,0.9961,WR,81.555984,99.93370067131787,99.93370067131787,Elite Power 4,All-Conference/All-American honors.,First round NFL Draft talent
202300022,Jurrion Dickey,2023,WR,0.9857,WR,67.72938,78.2432012002528,78.2432012002528,Meaningful P4 Contributor,Reliable multi-year starter at the highest level of competition.,Potential Day 2 Pick
202300030,Hykeem Williams,2023,WR,0.9838,WR,62.71104,71.2750789208953,71.2750789208953,Meaningful P4 Contributor,Reliable multi-year starter at the highest level of competition.,Potential Day 2 Pick
202300031,Johntay Cook,2023,WR,0.9834,WR,67.46042,77.86040267685125,77.86040267685125,Meaningful P4 Contributor,Reliable multi-year starter at the highest level of competition.,Potential Day 2 Pick
202300038,Brandon Inniss,2023,WR,0.9815,WR,61.051384,68.73535704962008,68.73535704962008,Meaningful G5 Contributor,Standout starter at the Group of 5 level; high-end depth in Power 4.,Potential Day 3 Pick
202300041,Jalen Hale,2023,WR,0.9802,WR,66.62165,76.73619807341666,76.73619807341666,Meaningful P4 Contributor,Reliable multi-year starter at the highest level of competition.,Potential Day 2 Pick
202300042,Makai Lemon,2023,WR,0.9773,WR,66.72518,76.86151109435178,76.86151109435178,Meaningful P4 Contributor,Reliable multi-year starter at the highest level of competition.,Potential Day 2 Pick
202300052,Noah Rogers,2023,WR,0.9715,WR,64.874756,74.40661660685058,74.40661660685058,Meaningful P4 Contributor,Reliable multi-year starter at the highest level of competition.,Potential Day 2 Pick
202300058,Carnell Tate,2023,WR,0.9699,WR,64.48488,73.97522797147984,73.97522797147984,Meaningful P4 Contributor,Reliable multi-year starter at the highest level of competition.,Potential Day 2 Pick
202300064,Ryan Niblett,2023,WR,0.9664,WR,65.31299,74.83929642616486,74.83929642616486,Meaningful P4 Contributor,Reliable multi-year starter at the highest level of competition.,Potential Day 2 Pick
202300067,Malachi Coleman,2023,WR,0.9653,WR,68.13478,79.09323234644503,79.09323234644503,Meaningful P4 Contributor,Reliable multi-year starter at the highest level of competition.,Potential Day 2 Pick
202300071,Jalen Brown,2023,WR,0.964,WR,68.6613,80.00701886282556,80.00701886282556,Elite Power 4,All-Conference/All-American honors.,First round NFL Draft talent
202300076,Nathan Leacock,2023,WR,0.9618,WR,67.91371,78.61424464062114,78.61424464062114,Meaningful P4 Contributor,Reliable multi-year starter at the highest level of competition.,Potential Day 2 Pick
202300078,Shelton Sampson Jr.,2023,WR,0.961,WR,69.43895,80.72292426376379,80.72292426376379,Elite Power 4,All-Conference/All-American honors.,First round NFL Draft talent
202300081,Jaquaize Pettaway,2023,WR,0.9594,WR,65.31299,74.83929642616486,74.83929642616486,Meaningful P4 Contributor,Reliable multi-year starter at the highest level of competition.,Potential Day 2 Pick
202300082,Ayden Williams,2023,WR,0.9593,WR,66.271095,76.31188836922159,76.31188836922159,Meaningful P4 Contributor,Reliable multi-year starter at the highest level of competition.,Potential Day 2 Pick
202300095,Tyler Williams,2023,WR,0.9532,WR,60.081448,67.27640580711468,67.27640580711468,Meaningful G5 Contributor,Standout starter at the Group of 5 level; high-end depth in Power 4.,Potential Day 3 Pick
202300098,Aidan Mizell,2023,WR,0.9528,WR,63.403126,72.06844246808018,72.06844246808018,Meaningful P4 Contributor,Reliable multi-year starter at the highest level of competition.,Potential Day 2 Pick
202300103,Cordale Russell,2023,WR,0.9505,WR,62.726414,71.29433081355413,71.29433081355413,Meaningful P4 Contributor,Reliable multi-year starter at the highest level of competition.,Potential Day 2 Pick
202300105,DeAndre Moore Jr.,2023,WR,0.9498,WR,61.425407,69.38775014149122,69.38775014149122,Meaningful G5 Contributor,Standout starter at the Group of 5 level; high-end depth in Power 4.,Potential Day 3 Pick
202300109,Eugene Wilson III,2023,WR,0.9478,WR,63.868866,73.00996660837025,73.00996660837025,Meaningful P4 Contributor,Reliable multi-year starter at the highest level of competition.,Potential Day 2 Pick
202300134,Jaden Greathouse,2023,WR,0.9407,WR,66.97956,77.17601716258496,77.17601716258496,Meaningful P4 Contributor,Reliable multi-year starter at the highest level of competition.,Potential Day 2 Pick
202300135,Ray Ray Joseph,2023,WR,0.9406,WR,60.829517,68.30725118970304,68.30725118970304,Meaningful G5 Contributor,Standout starter at the Group of 5 level; high-end depth in Power 4.,Potential Day 3 Pick
202300142,Braylon James,2023,WR,0.9395,WR,61.782192,69.91704482367878,69.91704482367878,Meaningful G5 Contributor,Standout starter at the Group of 5 level; high-end depth in Power 4.,Potential Day 3 Pick
202300160,Chris Culliver,2023,WR,0.9343,WR,66.83087,76.9894374966373,76.9894374966373,Meaningful P4 Contributor,Reliable multi-year starter at the highest level of competition.,Potential Day 2 Pick
202300188,Karmello English,2023,WR,0.9265,WR,64.077805,73.45260859227594,73.45260859227594,Meaningful P4 Contributor,Reliable multi-year starter at the highest level of competition.,Potential Day 2 Pick
202300195,Anthony Evans III,2023,WR,0.9246,WR,64.98448,74.51495228166566,74.51495228166566,Meaningful P4 Contributor,Reliable multi-year starter at the highest level of competition.,Potential Day 2 Pick
202300200,Zeed Haynes,2023,WR,0.9238,WR,72.42802,83.63508552958194,83.63508552958194,Elite Power 4,All-Conference/All-American honors.,First round NFL Draft talent
202300208,Robby Washington,2023,WR,0.9223,WR,56.952114,60.1372051182353,60.1372051182353,Meaningful G5 Contributor,Standout starter at the Group of 5 level; high-end depth in Power 4.,Potential Day 3 Pick
202300214,Ashton Cozart,2023,WR,0.9205,WR,64.53115,74.03463434629938,74.03463434629938,Meaningful P4 Contributor,Reliable multi-year starter at the highest level of competition.,Potential Day 2 Pick
202300216,Taeshaun Lyons,2023,WR,0.9192,WR,67.56536,78.00976283596928,78.00976283596928,Meaningful P4 Contributor,Reliable multi-year starter at the highest level of competition.,Potential Day 2 Pick
202300218,Raymond Cottrell Jr.,2023,WR,0.919,WR,56.97942,60.263042007146595,60.263042007146595,Meaningful G5 Contributor,Standout starter at the Group of 5 level; high-end depth in Power 4.,Potential Day 3 Pick
202300228,Rico Flores Jr.,2023,WR,0.917,WR,62.128605,70.44136196546644,70.44136196546644,Meaningful P4 Contributor,Reliable multi-year starter at the highest level of competition.,Potential Day 2 Pick
202300229,Malik Elzy,2023,WR,0.9167,WR,60.941257,68.50374097525997,68.50374097525997,Meaningful G5 Contributor,Standout starter at the Group of 5 level; high-end depth in Power 4.,Potential Day 3 Pick
202300238,Jaren Hamilton,2023,WR,0.9159,WR,56.94676,60.112522945556975,60.112522945556975,Meaningful G5 Contributor,Standout starter at the Group of 5 level; high-end depth in Power 4.,Potential Day 3 Pick
202300267,Adam Hopkins IV,2023,WR,0.9105,WR,60.154594,67.42118925811332,67.42118925811332,Meaningful G5 Contributor,Standout starter at the Group of 5 level; high-end depth in Power 4.,Potential Day 3 Pick
202300271,Joshua Manning,2023,WR,0.9099,WR,52.659973,51.384408734400886,51.384408734400886,Multi-Year Starter,Consistent career presence; reliable rotational player or specialist.,nan
202300274,Omarion Miller,2023,WR,0.9096,WR,63.80215,72.86330249536405,72.86330249536405,Meaningful P4 Contributor,Reliable multi-year starter at the highest level of competition.,Potential Day 2 Pick
202300275,Mikey Matthews,2023,WR,0.9095,WR,61.569973,69.60886768525516,69.60886768525516,Meaningful G5 Contributor,Standout starter at the Group of 5 level; high-end depth in Power 4.,Potential Day 3 Pick
202300293,Jonah Wilson,2023,WR,0.9058,WR,57.851955,62.53742233918645,62.53742233918645,Meaningful G5 Contributor,Standout starter at the Group of 5 level; high-end depth in Power 4.,Potential Day 3 Pick
202300298,Shamar Porter,2023,WR,0.905,WR,65.44499,75.01168523272557,75.01168523272557,Meaningful P4 Contributor,Reliable multi-year starter at the highest level of competition.,Potential Day 2 Pick
202300300,Vandrevius Jacobs,2023,WR,0.9048,WR,56.507988,58.55729654835035,58.55729654835035,Multi-Year Starter,Consistent career presence; reliable rotational player or specialist.,nan
202300303,Cole Adams,2023,WR,0.9042,WR,61.365543,69.29618622840346,69.29618622840346,Meaningful G5 Contributor,Standout starter at the Group of 5 level; high-end depth in Power 4.,Potential Day 3 Pick
202300312,Rodney Gallagher III,2023,WR,0.9025,WR,61.297184,69.19162844324237,69.19162844324237,Meaningful G5 Contributor,Standout starter at the Group of 5 level; high-end depth in Power 4.,Potential Day 3 Pick
202300316,Jerry McClure,2023,WR,0.9025,WR,57.277157,61.180788695390724,61.180788695390724,Meaningful G5 Contributor,Standout starter at the Group of 5 level; high-end depth in Power 4.,Potential Day 3 Pick
202300322,Rashid Williams,2023,WR,0.9016,WR,57.698658,62.1282768710166,62.1282768710166,Meaningful G5 Contributor,Standout starter at the Group of 5 level; high-end depth in Power 4.,Potential Day 3 Pick
202300330,Kyle Parker,2023,WR,0.9002,WR,59.38307,66.12814113879396,66.12814113879396,Meaningful G5 Contributor,Standout starter at the Group of 5 level; high-end depth in Power 4.,Potential Day 3 Pick
202300346,Ja'Kobi Lane,2023,WR,0.8991,WR,60.169476,67.43970500223841,67.43970500223841,Meaningful G5 Contributor,Standout starter at the Group of 5 level; high-end depth in Power 4.,Potential Day 3 Pick
202300352,Carmelo Taylor,2023,WR,0.8982,WR,60.41017,67.7391892132255,67.7391892132255,Meaningful G5 Contributor,Standout starter at the Group of 5 level; high-end depth in Power 4.,Potential Day 3 Pick
202300353,Keyon Brown,2023,WR,0.8982,WR,56.89301,59.864822224020216,59.864822224020216,Multi-Year Starter,Consistent career presence; reliable rotational player or specialist.,nan
202300362,Christian Hamilton,2023,WR,0.8975,WR,58.88937,65.27278470220493,65.27278470220493,Meaningful G5 Contributor,Standout starter at the Group of 5 level; high-end depth in Power 4.,Potential Day 3 Pick
202300363,Bryson Rodgers,2023,WR,0.8975,WR,57.999,62.99273551709988,62.99273551709988,Meaningful G5 Contributor,Standout starter at the Group of 5 level; high-end depth in Power 4.,Potential Day 3 Pick
202300364,Davion Dozier,2023,WR,0.8975,WR,59.56988,66.38858481723234,66.38858481723234,Meaningful G5 Contributor,Standout starter at the Group of 5 level; high-end depth in Power 4.,Potential Day 3 Pick
202300366,Traylon Ray,2023,WR,0.8971,WR,55.349056,56.07228292095692,56.07228292095692,Multi-Year Starter,Consistent career presence; reliable rotational player or specialist.,nan
202300369,Grant Gray,2023,WR,0.8969,WR,59.794872,66.70024583114952,66.70024583114952,Meaningful G5 Contributor,Standout starter at the Group of 5 level; high-end depth in Power 4.,Potential Day 3 Pick
202300377,Micah Mays Jr.,2023,WR,0.8961,WR,58.719803,64.91770933198858,64.91770933198858,Meaningful G5 Contributor,Standout starter at the Group of 5 level; high-end depth in Power 4.,Potential Day 3 Pick
202300381,Andy Jean,2023,WR,0.8958,WR,58.960377,65.42147366176056,65.42147366176056,Meaningful G5 Contributor,Standout starter at the Group of 5 level; high-end depth in Power 4.,Potential Day 3 Pick
202300384,Noble Johnson,2023,WR,0.8958,WR,57.747692,62.256028427293984,62.256028427293984,Meaningful G5 Contributor,Standout starter at the Group of 5 level; high-end depth in Power 4.,Potential Day 3 Pick
202300401,Nyziah Hunter,2023,WR,0.8939,WR,56.933685,60.05227664515198,60.05227664515198,Meaningful G5 Contributor,Standout starter at the Group of 5 level; high-end depth in Power 4.,Potential Day 3 Pick
202300441,Chance Fitzgerald,2023,WR,0.8908,WR,61.461514,69.44297555647726,69.44297555647726,Meaningful G5 Contributor,Standout starter at the Group of 5 level; high-end depth in Power 4.,Potential Day 3 Pick
202300452,Anthony Brown-Stephens,2023,WR,0.89,WR,56.112144,57.55409072157205,57.55409072157205,Multi-Year Starter,Consistent career presence; reliable rotational player or specialist.,nan
202300456,Ahmari Borden,2023,WR,0.89,WR,59.53347,66.33814730658739,66.33814730658739,Meaningful G5 Contributor,Standout starter at the Group of 5 level; high-end depth in Power 4.,Potential Day 3 Pick
202300473,Daquayvious Sorey,2023,WR,0.8886,WR,55.463425,56.322742972081684,56.322742972081684,Multi-Year Starter,Consistent career presence; reliable rotational player or specialist.,nan
202300476,Cayden Lee,2023,WR,0.8883,WR,60.975624,68.57602020952199,68.57602020952199,Meaningful G5 Contributor,Standout starter at the Group of 5 level; high-end depth in Power 4.,Potential Day 3 Pick
202300478,Marquis Johnson,2023,WR,0.8882,WR,60.23152,67.51690535553104,67.51690535553104,Meaningful G5 Contributor,Standout starter at the Group of 5 level; high-end depth in Power 4.,Potential Day 3 Pick
202300488,London Humphreys,2023,WR,0.8876,WR,64.53632,74.04127532274252,74.04127532274252,Meaningful P4 Contributor,Reliable multi-year starter at the highest level of competition.,Potential Day 2 Pick
202300489,Tiger Bachmeier,2023,WR,0.8875,WR,65.21226,74.73984183608118,74.73984183608118,Meaningful P4 Contributor,Reliable multi-year starter at the highest level of competition.,Potential Day 2 Pick
202300491,Trech Kekahuna,2023,WR,0.8875,WR,76.02305,89.08751636011719,89.08751636011719,Elite Power 4,All-Conference/All-American honors.,First round NFL Draft talent
202300496,Goldie Lawrence,2023,WR,0.8869,WR,61.328094,69.23890699978033,69.23890699978033,Meaningful G5 Contributor,Standout starter at the Group of 5 level; high-end depth in Power 4.,Potential Day 3 Pick
202300502,Semaj Morgan,2023,WR,0.8867,WR,57.80969,62.417551555706936,62.417551555706936,Meaningful G5 Contributor,Standout starter at the Group of 5 level; high-end depth in Power 4.,Potential Day 3 Pick
202300504,T.J. West,2023,WR,0.8867,WR,56.08066,57.53048051197156,57.53048051197156,Multi-Year Starter,Consistent career presence; reliable rotational player or specialist.,nan
202300522,Fredrick Moore,2023,WR,0.885,WR,52.72344,51.48606722406984,51.48606722406984,Multi-Year Starter,Consistent career presence; reliable rotational player or specialist.,nan
202300525,Nate Branch,2023,WR,0.885,WR,60.01747,67.1417894827565,67.1417894827565,Meaningful G5 Contributor,Standout starter at the Group of 5 level; high-end depth in Power 4.,Potential Day 3 Pick
202300527,Daz James,2023,WR,0.885,WR,56.47873,58.359999203086986,58.359999203086986,Multi-Year Starter,Consistent career presence; reliable rotational player or specialist.,nan
202300532,William Fowles,2023,WR,0.8847,WR,53.067623,52.16892739195399,52.16892739195399,Multi-Year Starter,Consistent career presence; reliable rotational player or specialist.,nan
202300535,Ejani Shakir,2023,WR,0.8844,WR,58.165485,63.42213476492894,63.42213476492894,Meaningful G5 Contributor,Standout starter at the Group of 5 level; high-end depth in Power 4.,Potential Day 3 Pick
202300538,Deric English,2023,WR,0.8844,WR,56.10136,57.54600323065474,57.54600323065474,Multi-Year Starter,Consistent career presence; reliable rotational player or specialist.,nan
202300545,Micah Gifford,2023,WR,0.8836,WR,56.392597,58.040291700815324,58.040291700815324,Multi-Year Starter,Consistent career presence; reliable rotational player or specialist.,nan
202300548,Tre Spivey III,2023,WR,0.8836,WR,54.467583,54.69518468045678,54.69518468045678,Multi-Year Starter,Consistent career presence; reliable rotational player or specialist.,nan
202300549,KK Smith,2023,WR,0.8836,WR,57.476418,61.63685540711455,61.63685540711455,Meaningful G5 Contributor,Standout starter at the Group of 5 level; high-end depth in Power 4.,Potential Day 3 Pick
202300560,Ayden Greene,2023,WR,0.8828,WR,51.39566,48.21930635086229,48.21930635086229,Single Season Contributor,Late bloomer or one-year starter; limited career longevity.,nan
202300570,KC Concepcion,2023,WR,0.8825,WR,53.841835,53.606052121594026,53.606052121594026,Multi-Year Starter,Consistent career presence; reliable rotational player or specialist.,nan
202300573,Camron Heard,2023,WR,0.8819,WR,58.12451,63.31794248390962,63.31794248390962,Meaningful G5 Contributor,Standout starter at the Group of 5 level; high-end depth in Power 4.,Potential Day 3 Pick
202300587,Montrel Hatten Jr.,2023,WR,0.8811,WR,57.323433,61.29118254595028,61.29118254595028,Meaningful G5 Contributor,Standout starter at the Group of 5 level; high-end depth in Power 4.,Potential Day 3 Pick
202300590,Justin Brown,2023,WR,0.8811,WR,53.43499,52.84329827136119,52.84329827136119,Multi-Year Starter,Consistent career presence; reliable rotational player or specialist.,nan
202300592,Jaedn Skeete,2023,WR,0.8808,WR,57.765556,62.30257117959265,62.30257117959265,Meaningful G5 Contributor,Standout starter at the Group of 5 level; high-end depth in Power 4.,Potential Day 3 Pick
202300594,Barry Jackson Jr.,2023,WR,0.8808,WR,58.668365,64.8035919618167,64.8035919618167,Meaningful G5 Contributor,Standout starter at the Group of 5 level; high-end depth in Power 4.,Potential Day 3 Pick
202300602,Jahlil McClain,2023,WR,0.8803,WR,57.27265,61.170041424966946,61.170041424966946,Meaningful G5 Contributor,Standout starter at the Group of 5 level; high-end depth in Power 4.,Potential Day 3 Pick
202300607,Ardell Banks,2023,WR,0.8803,WR,34.292645,14.641,14.641,Minimal D1 Impact,Roster filler; medical DQ; or transferred to lower levels.,nan
202300614,Adarius Redmond,2023,WR,0.8794,WR,53.155922,52.34775779091079,52.34775779091079,Multi-Year Starter,Consistent career presence; reliable rotational player or specialist.,nan
202300615,Malachi Riley,2023,WR,0.8794,WR,56.527412,58.68827934914319,58.68827934914319,Multi-Year Starter,Consistent career presence; reliable rotational player or specialist.,nan
202300616,Jaidyn Doss,2023,WR,0.8794,WR,50.1065,44.42514278871454,44.42514278871454,Single Season Contributor,Late bloomer or one-year starter; limited career longevity.,nan
202300623,Elijah Caldwell,2023,WR,0.8794,WR,57.522804,61.73358632310754,61.73358632310754,Meaningful G5 Contributor,Standout starter at the Group of 5 level; high-end depth in Power 4.,Potential Day 3 Pick
202300642,Kelby Valsin,2023,WR,0.8786,WR,57.443375,61.56795053915968,61.56795053915968,Meaningful G5 Contributor,Standout starter at the Group of 5 level; high-end depth in Power 4.,Potential Day 3 Pick
202300644,Donielle Hayes,2023,WR,0.8786,WR,56.20013,57.62007514959038,57.62007514959038,Multi-Year Starter,Consistent career presence; reliable rotational player or specialist.,nan
202300657,Robert Lockhart III,2023,WR,0.8778,WR,58.028778,63.074500580505735,63.074500580505735,Meaningful G5 Contributor,Standout starter at the Group of 5 level; high-end depth in Power 4.,Potential Day 3 Pick
202300662,Daniel Blood,2023,WR,0.8778,WR,58.755295,64.9920298477136,64.9920298477136,Meaningful G5 Contributor,Standout starter at the Group of 5 level; high-end depth in Power 4.,Potential Day 3 Pick
202300671,Korbin Hendrix,2023,WR,0.8772,WR,57.42289,61.52523302115949,61.52523302115949,Meaningful G5 Contributor,Standout starter at the Group of 5 level; high-end depth in Power 4.,Potential Day 3 Pick
202300690,Kenric Lanier II,2023,WR,0.8769,WR,58.400265,64.12007358847859,64.12007358847859,Meaningful G5 Contributor,Standout starter at the Group of 5 level; high-end depth in Power 4.,Potential Day 3 Pick
202300723,D.J. Crest,2023,WR,0.8753,WR,56.261204,57.6746228293247,57.6746228293247,Multi-Year Starter,Consistent career presence; reliable rotational player or specialist.,nan
202300733,Montrell Wade,2023,WR,0.8744,WR,55.77848,57.015067752891,57.015067752891,Multi-Year Starter,Consistent career presence; reliable rotational player or specialist.,nan
202300737,Harvey Broussard III,2023,WR,0.8744,WR,58.520145,64.40492030455657,64.40492030455657,Meaningful G5 Contributor,Standout starter at the Group of 5 level; high-end depth in Power 4.,Potential Day 3 Pick
202300741,Andre Davis,2023,WR,0.8744,WR,54.718758,55.10429771550355,55.10429771550355,Multi-Year Starter,Consistent career presence; reliable rotational player or specialist.,nan
202300742,Kai Black,2023,WR,0.8744,WR,53.872818,53.692279784484846,53.692279784484846,Multi-Year Starter,Consistent career presence; reliable rotational player or specialist.,nan
202300744,Kenny Johnson,2023,WR,0.8744,WR,58.398785,64.11659612894842,64.11659612894842,Meaningful G5 Contributor,Standout starter at the Group of 5 level; high-end depth in Power 4.,Potential Day 3 Pick
202300759,Tyler Brown,2023,WR,0.8737,WR,58.63035,64.70133583683265,64.70133583683265,Meaningful G5 Contributor,Standout starter at the Group of 5 level; high-end depth in Power 4.,Potential Day 3 Pick
202300761,Benjamin Brahmer,2023,WR,0.8736,WR,51.979088,49.58167838054916,49.58167838054916,Single Season Contributor,Late bloomer or one-year starter; limited career longevity.,nan
202300771,Isiah Kendall,2023,WR,0.8731,WR,58.453312,64.24470645504228,64.24470645504228,Meaningful G5 Contributor,Standout starter at the Group of 5 level; high-end depth in Power 4.,Potential Day 3 Pick
202300773,Devin Hyatt,2023,WR,0.8731,WR,52.639786,51.347852732192166,51.347852732192166,Multi-Year Starter,Consistent career presence; reliable rotational player or specialist.,nan
202300790,Arhmad Branch,2023,WR,0.8725,WR,52.460896,50.92234170003241,50.92234170003241,Multi-Year Starter,Consistent career presence; reliable rotational player or specialist.,nan
202300791,Mari Smith,2023,WR,0.8722,WR,57.79195,62.371336779241254,62.371336779241254,Meaningful G5 Contributor,Standout starter at the Group of 5 level; high-end depth in Power 4.,Potential Day 3 Pick
202300800,Eddie Combs,2023,WR,0.8719,WR,58.16386,63.418002383240626,63.418002383240626,Meaningful G5 Contributor,Standout starter at the Group of 5 level; high-end depth in Power 4.,Potential Day 3 Pick
202300814,Jordyn Bailey,2023,WR,0.8714,WR,58.278137,63.76778373700366,63.76778373700366,Meaningful G5 Contributor,Standout starter at the Group of 5 level; high-end depth in Power 4.,Potential Day 3 Pick
202300816,Paul Billups II,2023,WR,0.8714,WR,55.154644,55.724278074854304,55.724278074854304,Multi-Year Starter,Consistent career presence; reliable rotational player or specialist.,nan
202300818,Beni Ngoyi,2023,WR,0.8714,WR,53.396168,52.773862923631945,52.773862923631945,Multi-Year Starter,Consistent career presence; reliable rotational player or specialist.,nan
202300827,Ja'Koby Banks,2023,WR,0.8711,WR,57.904697,62.70073362146084,62.70073362146084,Meaningful G5 Contributor,Standout starter at the Group of 5 level; high-end depth in Power 4.,Potential Day 3 Pick
202300828,Jacob Page,2023,WR,0.8711,WR,53.619858,53.17497278293289,53.17497278293289,Multi-Year Starter,Consistent career presence; reliable rotational player or specialist.,nan
202300830,Collin Dixon,2023,WR,0.8711,WR,54.219055,54.25611441240793,54.25611441240793,Multi-Year Starter,Consistent career presence; reliable rotational player or specialist.,nan
202300832,Michael Parkes,2023,WR,0.8708,WR,53.236828,52.49497689879243,52.49497689879243,Multi-Year Starter,Consistent career presence; reliable rotational player or specialist.,nan
202300846,Javieon Butler,2023,WR,0.87,WR,48.721474,39.57035602383263,39.57035602383263,Partial Season Contributor,Rotational backup or special teams contributor; limited starts.,nan
202300849,Santana Fleming,2023,WR,0.87,WR,58.63588,64.71621355921144,64.71621355921144,Meaningful G5 Contributor,Standout starter at the Group of 5 level; high-end depth in Power 4.,Potential Day 3 Pick
202300862,Jaxson Lavender,2023,WR,0.8689,WR,58.389748,64.09536390826027,64.09536390826027,Meaningful G5 Contributor,Standout starter at the Group of 5 level; high-end depth in Power 4.,Potential Day 3 Pick
202300864,Ricky Ahumaraeze,2023,WR,0.8689,WR,45.707253,30.11024862380313,30.11024862380313,Partial Season Contributor,Rotational backup or special teams contributor; limited starts.,nan
202300865,Krystian Williams,2023,WR,0.8689,WR,56.3622,57.958288723911465,57.958288723911465,Multi-Year Starter,Consistent career presence; reliable rotational player or specialist.,nan
202300869,Nakai Poole,2023,WR,0.8689,WR,54.28819,54.360318273714896,54.360318273714896,Multi-Year Starter,Consistent career presence; reliable rotational player or specialist.,nan
202300870,CJ Adams,2023,WR,0.8689,WR,51.577545,48.586000258815616,48.586000258815616,Single Season Contributor,Late bloomer or one-year starter; limited career longevity.,nan
202300877,Malik Leverett,2023,WR,0.8683,WR,54.33235,54.42647592166457,54.42647592166457,Multi-Year Starter,Consistent career presence; reliable rotational player or specialist.,nan
202300891,Jordan Napier,2023,WR,0.8678,WR,55.164837,55.741263064758215,55.741263064758215,Multi-Year Starter,Consistent career presence; reliable rotational player or specialist.,nan
202300893,Asaad Waseem,2023,WR,0.8678,WR,56.01377,57.47996298604682,57.47996298604682,Multi-Year Starter,Consistent career presence; reliable rotational player or specialist.,nan
202300909,Nick Deloach Jr.,2023,WR,0.8672,WR,57.04217,60.409245022171305,60.409245022171305,Meaningful G5 Contributor,Standout starter at the Group of 5 level; high-end depth in Power 4.,Potential Day 3 Pick
202300941,Taz Reddicks,2023,WR,0.8661,WR,55.22706,55.84494651173527,55.84494651173527,Multi-Year Starter,Consistent career presence; reliable rotational player or specialist.,nan
202300944,Ryne Shackelford,2023,WR,0.8658,WR,56.79065,59.50101289098124,59.50101289098124,Multi-Year Starter,Consistent career presence; reliable rotational player or specialist.,nan
202300952,Marcell Baylor,2023,WR,0.8658,WR,55.819218,57.087971535771004,57.087971535771004,Multi-Year Starter,Consistent career presence; reliable rotational player or specialist.,nan
202300953,Jaelen Smith,2023,WR,0.8658,WR,56.26938,57.697740251150705,57.697740251150705,Multi-Year Starter,Consistent career presence; reliable rotational player or specialist.,nan
202300959,Jarred Sample,2023,WR,0.8656,WR,56.03894,57.499191906325066,57.499191906325066,Multi-Year Starter,Consistent career presence; reliable rotational player or specialist.,nan
202300972,Deuce Alexander,2023,WR,0.8653,WR,58.042614,63.10968402741544,63.10968402741544,Meaningful G5 Contributor,Standout starter at the Group of 5 level; high-end depth in Power 4.,Potential Day 3 Pick
202300978,Tyree Patterson,2023,WR,0.8653,WR,56.377666,58.00001062004202,58.00001062004202,Multi-Year Starter,Consistent career presence; reliable rotational player or specialist.,nan
202300992,Justin Marshall,2023,WR,0.8647,WR,57.10495,60.544289693688,60.544289693688,Meaningful G5 Contributor,Standout starter at the Group of 5 level; high-end depth in Power 4.,Potential Day 3 Pick
202301020,Lamar Seymore,2023,WR,0.8639,WR,53.837784,53.594777339768115,53.594777339768115,Multi-Year Starter,Consistent career presence; reliable rotational player or specialist.,nan
202301026,Famah Toure,2023,WR,0.8633,WR,57.29065,61.21297590579623,61.21297590579623,Meaningful G5 Contributor,Standout starter at the Group of 5 level; high-end depth in Power 4.,Potential Day 3 Pick
202301034,Jesse Ofurie,2023,WR,0.8633,WR,63.098522,71.71223989788315,71.71223989788315,Meaningful P4 Contributor,Reliable multi-year starter at the highest level of competition.,Potential Day 2 Pick
202301050,Lontrell Turner,2023,WR,0.8626,WR,56.688538,59.213438994190106,59.213438994190106,Multi-Year Starter,Consistent career presence; reliable rotational player or specialist.,nan
202301051,Jamel Hardy Jr.,2023,WR,0.8626,WR,55.068745,55.60792257337244,55.60792257337244,Multi-Year Starter,Consistent career presence; reliable rotational player or specialist.,nan
202301057,Dylan Braithwaite,2023,WR,0.8625,WR,43.579433,24.18064907401419,24.18064907401419,Partial Season Contributor,Rotational backup or special teams contributor; limited starts.,nan
202301058,Jamarion Carroll,2023,WR,0.8625,WR,56.354797,57.938312848137066,57.938312848137066,Multi-Year Starter,Consistent career presence; reliable rotational player or specialist.,nan
202301060,Jojo Phillips,2023,WR,0.8622,WR,52.824165,51.626408696018274,51.626408696018274,Multi-Year Starter,Consistent career presence; reliable rotational player or specialist.,nan
202301068,Zion Taylor,2023,WR,0.8622,WR,55.08035,55.621200131693655,55.621200131693655,Multi-Year Starter,Consistent career presence; reliable rotational player or specialist.,nan
202301071,Ezekiel Avit,2023,WR,0.8622,WR,56.376354,57.996470330878495,57.996470330878495,Multi-Year Starter,Consistent career presence; reliable rotational player or specialist.,nan
202301072,Eric Singleton Jr.,2023,WR,0.8619,WR,58.20515,63.53392671527055,63.53392671527055,Meaningful G5 Contributor,Standout starter at the Group of 5 level; high-end depth in Power 4.,Potential Day 3 Pick
202301073,Jaden Gibson,2023,WR,0.8619,WR,55.08035,55.621200131693655,55.621200131693655,Multi-Year Starter,Consistent career presence; reliable rotational player or specialist.,nan
202301074,Clyde Curry,2023,WR,0.8619,WR,59.16889,65.74019096446047,65.74019096446047,Meaningful G5 Contributor,Standout starter at the Group of 5 level; high-end depth in Power 4.,Potential Day 3 Pick
202301076,Dayton Howard,2023,WR,0.8619,WR,40.463486,18.49596885646611,18.49596885646611,Minimal D1 Impact,Roster filler; medical DQ; or transferred to lower levels.,nan
202301081,Jordan Onovughe,2023,WR,0.8617,WR,54.92925,55.44831252975308,55.44831252975308,Multi-Year Starter,Consistent career presence; reliable rotational player or specialist.,nan
202301082,Tyshawn Russell,2023,WR,0.8617,WR,58.499622,64.35351150322889,64.35351150322889,Meaningful G5 Contributor,Standout starter at the Group of 5 level; high-end depth in Power 4.,Potential Day 3 Pick
202301084,Ty Perkins,2023,WR,0.8614,WR,47.24971,33.960332891826035,33.960332891826035,Partial Season Contributor,Rotational backup or special teams contributor; limited starts.,nan
202301101,Zion Fowler-El,2023,WR,0.8608,WR,56.070576,57.52291654805739,57.52291654805739,Multi-Year Starter,Consistent career presence; reliable rotational player or specialist.,nan
202301104,Ismael Cisse,2023,WR,0.8606,WR,55.443153,56.276404570535334,56.276404570535334,Multi-Year Starter,Consistent career presence; reliable rotational player or specialist.,nan
202301105,Lavon Brown,2023,WR,0.8606,WR,56.23348,57.64508429200252,57.64508429200252,Multi-Year Starter,Consistent career presence; reliable rotational player or specialist.,nan
202301106,Amare Thomas,2023,WR,0.8606,WR,56.424213,58.125587969964315,58.125587969964315,Multi-Year Starter,Consistent career presence; reliable rotational player or specialist.,nan
202301111,Chase Hendricks,2023,WR,0.86,WR,53.611847,53.16057305556778,53.16057305556778,Multi-Year Starter,Consistent career presence; reliable rotational player or specialist.,nan
202301123,Derrick Bohler,2023,WR,0.8597,WR,52.697544,51.4499892876341,51.4499892876341,Multi-Year Starter,Consistent career presence; reliable rotational player or specialist.,nan
202301124,Isaiah Hardge,2023,WR,0.8597,WR,58.17087,63.435831767144684,63.435831767144684,Meaningful G5 Contributor,Standout starter at the Group of 5 level; high-end depth in Power 4.,Potential Day 3 Pick
202301142,Jackson Holman,2023,WR,0.8592,WR,57.805885,62.40764271008623,62.40764271008623,Meaningful G5 Contributor,Standout starter at the Group of 5 level; high-end depth in Power 4.,Potential Day 3 Pick
202301144,Terrence McWilliams Jr.,2023,WR,0.8592,WR,57.0314,60.38607153050435,60.38607153050435,Meaningful G5 Contributor,Standout starter at the Group of 5 level; high-end depth in Power 4.,Potential Day 3 Pick
202301152,TJ Johnson,2023,WR,0.8589,WR,56.14054,57.57538654130621,57.57538654130621,Multi-Year Starter,Consistent career presence; reliable rotational player or specialist.,nan
202301153,Paul Davis,2023,WR,0.8589,WR,55.167065,55.74497535297075,55.74497535297075,Multi-Year Starter,Consistent career presence; reliable rotational player or specialist.,nan
202301161,Jeremiah Shack,2023,WR,0.8585,WR,54.269638,54.33252828995578,54.33252828995578,Multi-Year Starter,Consistent career presence; reliable rotational player or specialist.,nan
202301162,Jevell Fugerson,2023,WR,0.8585,WR,55.36572,56.10653301410626,56.10653301410626,Multi-Year Starter,Consistent career presence; reliable rotational player or specialist.,nan
202301165,Ryan Mooney,2023,WR,0.8585,WR,49.5461,42.354463201199785,42.354463201199785,Single Season Contributor,Late bloomer or one-year starter; limited career longevity.,nan
202301178,Sean Williams,2023,WR,0.8583,WR,58.54533,64.47266011362184,64.47266011362184,Meaningful G5 Contributor,Standout starter at the Group of 5 level; high-end depth in Power 4.,Potential Day 3 Pick
202301179,Ryan Manning,2023,WR,0.8583,WR,56.04301,57.50224438344172,57.50224438344172,Multi-Year Starter,Consistent career presence; reliable rotational player or specialist.,nan
202301185,Lonnie Adkism,2023,WR,0.8581,WR,56.960182,60.17438659630842,60.17438659630842,Meaningful G5 Contributor,Standout starter at the Group of 5 level; high-end depth in Power 4.,Potential Day 3 Pick
202301189,Duran Parish,2023,WR,0.8581,WR,53.669518,53.264408526212634,53.264408526212634,Multi-Year Starter,Consistent career presence; reliable rotational player or specialist.,nan
202301201,Carlos Hernandez,2023,WR,0.8575,WR,56.053303,57.50996283073387,57.50996283073387,Multi-Year Starter,Consistent career presence; reliable rotational player or specialist.,nan
202301207,Jaron Tibbs,2023,WR,0.8575,WR,58.823383,65.13460797380732,65.13460797380732,Meaningful G5 Contributor,Standout starter at the Group of 5 level; high-end depth in Power 4.,Potential Day 3 Pick
202301215,Richard Dandridge,2023,WR,0.8567,WR,59.06574,65.58324727858142,65.58324727858142,Meaningful G5 Contributor,Standout starter at the Group of 5 level; high-end depth in Power 4.,Potential Day 3 Pick
202301232,Ja'Ryan Wallace,2023,WR,0.8561,WR,58.237434,63.63736747076772,63.63736747076772,Meaningful G5 Contributor,Standout starter at the Group of 5 level; high-end depth in Power 4.,Potential Day 3 Pick
202301235,Ernest Thomas,2023,WR,0.8559,WR,57.82859,62.4667976239623,62.4667976239623,Meaningful G5 Contributor,Standout starter at the Group of 5 level; high-end depth in Power 4.,Potential Day 3 Pick
202301239,DeAndra Burns Jr.,2023,WR,0.8558,WR,59.10338,65.64051451531707,65.64051451531707,Meaningful G5 Contributor,Standout starter at the Group of 5 level; high-end depth in Power 4.,Potential Day 3 Pick
202301244,Keith Reynolds,2023,WR,0.8558,WR,58.723072,64.92455506306945,64.92455506306945,Meaningful G5 Contributor,Standout starter at the Group of 5 level; high-end depth in Power 4.,Potential Day 3 Pick
202301252,Bryce Dopson,2023,WR,0.8558,WR,58.269844,63.741211575541904,63.741211575541904,Meaningful G5 Contributor,Standout starter at the Group of 5 level; high-end depth in Power 4.,Potential Day 3 Pick
202301262,Demitrius Carter Jr.,2023,WR,0.8552,WR,58.40206,64.12429493754745,64.12429493754745,Meaningful G5 Contributor,Standout starter at the Group of 5 level; high-end depth in Power 4.,Potential Day 3 Pick
202301272,Derrick Rogers Jr.,2023,WR,0.855,WR,57.02144,60.36464589780519,60.36464589780519,Meaningful G5 Contributor,Standout starter at the Group of 5 level; high-end depth in Power 4.,Potential Day 3 Pick
202301285,Jeremiah Charles,2023,WR,0.8544,WR,56.433723,58.15124477486157,58.15124477486157,Multi-Year Starter,Consistent career presence; reliable rotational player or specialist.,nan
202301290,Junior Sherrill,2023,WR,0.8542,WR,54.18161,54.18627949832675,54.18627949832675,Multi-Year Starter,Consistent career presence; reliable rotational player or specialist.,nan
202301298,Keaton Kubecka,2023,WR,0.8539,WR,52.646904,51.36074266040862,51.36074266040862,Multi-Year Starter,Consistent career presence; reliable rotational player or specialist.,nan
202301305,Zachary Card,2023,WR,0.8536,WR,57.095848,60.5247103908844,60.5247103908844,Meaningful G5 Contributor,Standout starter at the Group of 5 level; high-end depth in Power 4.,Potential Day 3 Pick
202301311,Orlando Greenlow,2023,WR,0.8533,WR,51.8665,49.37382744557315,49.37382744557315,Single Season Contributor,Late bloomer or one-year starter; limited career longevity.,nan
202301313,Edward Schultz,2023,WR,0.8533,WR,54.14783,54.12328151908991,54.12328151908991,Multi-Year Starter,Consistent career presence; reliable rotational player or specialist.,nan
202301330,Jarriett Buie,2023,WR,0.8525,WR,52.352093,50.48846997046401,50.48846997046401,Multi-Year Starter,Consistent career presence; reliable rotational player or specialist.,nan
202301337,Justin Stevenson,2023,WR,0.8519,WR,55.49021,56.39114311036197,56.39114311036197,Multi-Year Starter,Consistent career presence; reliable rotational player or specialist.,nan
202301339,Sage Clawges,2023,WR,0.8519,WR,51.823692,49.28871993494944,49.28871993494944,Single Season Contributor,Late bloomer or one-year starter; limited career longevity.,nan
202301355,Jakob Dixon,2023,WR,0.8517,WR,52.08622,49.73774232304175,49.73774232304175,Single Season Contributor,Late bloomer or one-year starter; limited career longevity.,nan
202301361,Makhail Wood,2023,WR,0.8514,WR,53.80877,53.516281028657616,53.516281028657616,Multi-Year Starter,Consistent career presence; reliable rotational player or specialist.,nan
202301364,Baylin Brooks,2023,WR,0.8511,WR,53.702442,53.32396122094753,53.32396122094753,Multi-Year Starter,Consistent career presence; reliable rotational player or specialist.,nan
202301375,Daidren Zipperer,2023,WR,0.8508,WR,52.992977,51.98732274942324,51.98732274942324,Multi-Year Starter,Consistent career presence; reliable rotational player or specialist.,nan
202301388,Zackary Drawdy,2023,WR,0.8506,WR,53.261612,52.53816974753495,52.53816974753495,Multi-Year Starter,Consistent career presence; reliable rotational player or specialist.,nan
202301389,Anthony Eager,2023,WR,0.8504,WR,53.41327,52.804449409223984,52.804449409223984,Multi-Year Starter,Consistent career presence; reliable rotational player or specialist.,nan
202301391,Isaiah Spencer,2023,WR,0.8503,WR,53.047546,52.128266209523886,52.128266209523886,Multi-Year Starter,Consistent career presence; reliable rotational player or specialist.,nan
202301392,Brandon Hills Jr.,2023,WR,0.8503,WR,49.79439,43.196679078568344,43.196679078568344,Single Season Contributor,Late bloomer or one-year starter; limited career longevity.,nan
202301393,Shaborne Demps,2023,WR,0.8503,WR,47.975445,36.70056545643033,36.70056545643033,Partial Season Contributor,Rotational backup or special teams contributor; limited starts.,nan
202301394,Drayden Dickmann,2023,WR,0.8503,WR,52.757835,51.53399220239058,51.53399220239058,Multi-Year Starter,Consistent career presence; reliable rotational player or specialist.,nan
202301404,Jackson Thomas,2023,WR,0.85,WR,53.235832,52.493241738946075,52.493241738946075,Multi-Year Starter,Consistent career presence; reliable rotational player or specialist.,nan
202301406,Que'Sean Brown,2023,WR,0.85,WR,46.72233,32.71945099536809,32.71945099536809,Partial Season Contributor,Rotational backup or special teams contributor; limited starts.,nan
202301417,Tennel Bryant,2023,WR,0.85,WR,53.306656,52.616670772308176,52.616670772308176,Multi-Year Starter,Consistent career presence; reliable rotational player or specialist.,nan
202301418,Jayce Brown,2023,WR,0.85,WR,51.86376,49.368382142362684,49.368382142362684,Single Season Contributor,Late bloomer or one-year starter; limited career longevity.,nan
202301419,Jalen Pope,2023,WR,0.85,WR,53.95762,53.84655110429071,53.84655110429071,Multi-Year Starter,Consistent career presence; reliable rotational player or specialist.,nan
202301426,Titus Ivy,2023,WR,0.85,WR,51.965508,49.56189531420271,49.56189531420271,Single Season Contributor,Late bloomer or one-year starter; limited career longevity.,nan
202301427,Nate Spillman,2023,WR,0.8497,WR,50.43631,45.274196425099554,45.274196425099554,Single Season Contributor,Late bloomer or one-year starter; limited career longevity.,nan
202301428,Joseph Walker Jr.,2023,WR,0.8497,WR,55.414806,56.21160580089082,56.21160580089082,Multi-Year Starter,Consistent career presence; reliable rotational player or specialist.,nan
202301439,Chris Dawn Jr.,2023,WR,0.8492,WR,57.0337,60.391019694624454,60.391019694624454,Meaningful G5 Contributor,Standout starter at the Group of 5 level; high-end depth in Power 4.,Potential Day 3 Pick
202301441,Quentin Thomas,2023,WR,0.8492,WR,50.717323,46.085773765040386,46.085773765040386,Single Season Contributor,Late bloomer or one-year starter; limited career longevity.,nan
202301442,Spencer Jones,2023,WR,0.8492,WR,54.04613,53.96136131936963,53.96136131936963,Multi-Year Starter,Consistent career presence; reliable rotational player or specialist.,nan
202301444,Josh Richards,2023,WR,0.8492,WR,57.135223,60.609411800582116,60.609411800582116,Meaningful G5 Contributor,Standout starter at the Group of 5 level; high-end depth in Power 4.,Potential Day 3 Pick
202301448,Kainoa Carvalho,2023,WR,0.8489,WR,56.77283,59.45084361525734,59.45084361525734,Multi-Year Starter,Consistent career presence; reliable rotational player or specialist.,nan
202301466,Apollos Cook,2023,WR,0.8483,WR,52.900787,51.733164946938786,51.733164946938786,Multi-Year Starter,Consistent career presence; reliable rotational player or specialist.,nan
202301473,Vincent Drolet,2023,WR,0.8483,WR,49.974598,43.803202540555986,43.803202540555986,Single Season Contributor,Late bloomer or one-year starter; limited career longevity.,nan
202301488,Bryson Vowell,2023,WR,0.8478,WR,50.12841,44.46469779707107,44.46469779707107,Single Season Contributor,Late bloomer or one-year starter; limited career longevity.,nan
202301494,Cataurus Hicks,2023,WR,0.8478,WR,54.73135,55.11848403991971,55.11848403991971,Multi-Year Starter,Consistent career presence; reliable rotational player or specialist.,nan
202301496,Chris Palfreeman,2023,WR,0.8475,WR,56.76262,59.422091067384756,59.422091067384756,Multi-Year Starter,Consistent career presence; reliable rotational player or specialist.,nan
202301498,Chris Lawson Jr.,2023,WR,0.8475,WR,55.456383,56.30664574038154,56.30664574038154,Multi-Year Starter,Consistent career presence; reliable rotational player or specialist.,nan
202301509,Arthur Jenkins,2023,WR,0.8475,WR,51.231075,47.582571397680454,47.582571397680454,Single Season Contributor,Late bloomer or one-year starter; limited career longevity.,nan
202301516,Shatavious Hogan,2023,WR,0.847,WR,52.46973,50.96923546818646,50.96923546818646,Multi-Year Starter,Consistent career presence; reliable rotational player or specialist.,nan
202301520,Lonnie Johnson,2023,WR,0.8469,WR,55.54349,56.54526555711969,56.54526555711969,Multi-Year Starter,Consistent career presence; reliable rotational player or specialist.,nan
202301541,Kyle McNeal,2023,WR,0.8463,WR,52.39053,50.604838736594715,50.604838736594715,Multi-Year Starter,Consistent career presence; reliable rotational player or specialist.,nan
202301560,Wesley Watson,2023,WR,0.845,WR,51.96391,49.55956691397822,49.55956691397822,Single Season Contributor,Late bloomer or one-year starter; limited career longevity.,nan
202301562,Javien Brownlee,2023,WR,0.845,WR,53.009075,52.03250895650088,52.03250895650088,Multi-Year Starter,Consistent career presence; reliable rotational player or specialist.,nan
202301570,Robert Luckas,2023,WR,0.845,WR,52.417473,50.691861664239006,50.691861664239006,Multi-Year Starter,Consistent career presence; reliable rotational player or specialist.,nan
202301574,Logan Lester,2023,WR,0.8447,WR,53.662422,53.25157478594999,53.25157478594999,Multi-Year Starter,Consistent career presence; reliable rotational player or specialist.,nan
202301578,Bryce Cohoon,2023,WR,0.8444,WR,53.798584,53.4978584015064,53.4978584015064,Multi-Year Starter,Consistent career presence; reliable rotational player or specialist.,nan
202301589,Kaleb Black,2023,WR,0.8442,WR,56.147686,57.5807448258793,57.5807448258793,Multi-Year Starter,Consistent career presence; reliable rotational player or specialist.,nan
202301590,Randy Reece,2023,WR,0.8442,WR,56.039196,57.49938358014589,57.49938358014589,Multi-Year Starter,Consistent career presence; reliable rotational player or specialist.,nan
202301595,Shawn Thigpen,2023,WR,0.8439,WR,37.744087,14.641,14.641,Minimal D1 Impact,Roster filler; medical DQ; or transferred to lower levels.,nan
202301613,Takare Lipscomb,2023,WR,0.8433,WR,56.80606,59.54440485713934,59.54440485713934,Multi-Year Starter,Consistent career presence; reliable rotational player or specialist.,nan
202301614,Javorian Wimberly,2023,WR,0.8433,WR,52.52289,51.13617054555494,51.13617054555494,Multi-Year Starter,Consistent career presence; reliable rotational player or specialist.,nan
202301616,DeAndre Buchannon,2023,WR,0.8433,WR,55.12333,55.672096270168225,55.672096270168225,Multi-Year Starter,Consistent career presence; reliable rotational player or specialist.,nan
202301620,Jaylen Gardner,2023,WR,0.8431,WR,52.770256,51.55129770637331,51.55129770637331,Multi-Year Starter,Consistent career presence; reliable rotational player or specialist.,nan
202301622,David Wells Jr.,2023,WR,0.8428,WR,53.450138,52.87039149783587,52.87039149783587,Multi-Year Starter,Consistent career presence; reliable rotational player or specialist.,nan
202301626,Stephon Daily,2023,WR,0.8428,WR,56.184734,57.60852894748841,57.60852894748841,Multi-Year Starter,Consistent career presence; reliable rotational player or specialist.,nan
202301627,Bailey Stockton,2023,WR,0.8428,WR,56.80606,59.54440485713934,59.54440485713934,Multi-Year Starter,Consistent career presence; reliable rotational player or specialist.,nan
202301633,Lenox Lawson,2023,WR,0.8425,WR,63.733795,72.71303236894411,72.71303236894411,Meaningful P4 Contributor,Reliable multi-year starter at the highest level of competition.,Potential Day 2 Pick
202301638,AJ Jayroe,2023,WR,0.8417,WR,53.903103,53.77583814546242,53.77583814546242,Multi-Year Starter,Consistent career presence; reliable rotational player or specialist.,nan
202301639,Lamar Patterson,2023,WR,0.8417,WR,54.397408,54.54906073142348,54.54906073142348,Multi-Year Starter,Consistent career presence; reliable rotational player or specialist.,nan
202301644,Delano Franklin,2023,WR,0.8417,WR,55.71632,56.9155344397899,56.9155344397899,Multi-Year Starter,Consistent career presence; reliable rotational player or specialist.,nan
202301647,Nathan Stewart,2023,WR,0.8417,WR,47.717896,35.62562488435934,35.62562488435934,Partial Season Contributor,Rotational backup or special teams contributor; limited starts.,nan
202301666,Luby Maurice,2023,WR,0.8411,WR,51.744858,49.10933721111266,49.10933721111266,Single Season Contributor,Late bloomer or one-year starter; limited career longevity.,nan
202301673,Tykie Andrews,2023,WR,0.8406,WR,54.11282,54.05798558984815,54.05798558984815,Multi-Year Starter,Consistent career presence; reliable rotational player or specialist.,nan
202301675,Ethan Crite,2023,WR,0.8404,WR,53.754616,53.418330611040126,53.418330611040126,Multi-Year Starter,Consistent career presence; reliable rotational player or specialist.,nan
202301705,Koron Hayward,2023,WR,0.8386,WR,50.672752,45.98572364617451,45.98572364617451,Single Season Contributor,Late bloomer or one-year starter; limited career longevity.,nan
202301721,Delanie Majors,2023,WR,0.8378,WR,52.02909,49.654520075400065,49.654520075400065,Single Season Contributor,Late bloomer or one-year starter; limited career longevity.,nan
202301722,Hunter Summers,2023,WR,0.8378,WR,54.91257,55.42849477111845,55.42849477111845,Multi-Year Starter,Consistent career presence; reliable rotational player or specialist.,nan
202301733,Jabari Smith Jr.,2023,WR,0.837,WR,54.15595,54.13842095441639,54.13842095441639,Multi-Year Starter,Consistent career presence; reliable rotational player or specialist.,nan
202301736,Jamari Person,2023,WR,0.837,WR,49.987354,43.86658858414295,43.86658858414295,Single Season Contributor,Late bloomer or one-year starter; limited career longevity.,nan
202301739,Dedrick Latulas,2023,WR,0.837,WR,49.176697,41.32704598375955,41.32704598375955,Single Season Contributor,Late bloomer or one-year starter; limited career longevity.,nan
202301741,Caleb Goodie,2023,WR,0.837,WR,53.481724,52.926884047624426,52.926884047624426,Multi-Year Starter,Consistent career presence; reliable rotational player or specialist.,nan
202301748,Antwaan Mays,2023,WR,0.8367,WR,53.261063,52.53721241796455,52.53721241796455,Multi-Year Starter,Consistent career presence; reliable rotational player or specialist.,nan
202301781,Job Kralik,2023,WR,0.835,WR,54.042995,53.95729400062659,53.95729400062659,Multi-Year Starter,Consistent career presence; reliable rotational player or specialist.,nan
202301789,Anthony Wenson,2023,WR,0.835,WR,48.55977,38.9793393049467,38.9793393049467,Partial Season Contributor,Rotational backup or special teams contributor; limited starts.,nan
202301798,Julian Allen,2023,WR,0.8344,WR,49.946938,43.69318733907972,43.69318733907972,Single Season Contributor,Late bloomer or one-year starter; limited career longevity.,nan
202301809,Aiden Meeks,2023,WR,0.8337,WR,54.956676,55.479695055831165,55.479695055831165,Multi-Year Starter,Consistent career presence; reliable rotational player or specialist.,nan
202301830,Silas Evans,2023,WR,0.8328,WR,52.426857,50.741671107096934,50.741671107096934,Multi-Year Starter,Consistent career presence; reliable rotational player or specialist.,nan
202301853,Ryan Sims,2023,WR,0.8311,WR,50.599354,45.82096291893228,45.82096291893228,Single Season Contributor,Late bloomer or one-year starter; limited career longevity.,nan
202301860,Landon Sides,2023,WR,0.8306,WR,53.561634,53.07031419304065,53.07031419304065,Multi-Year Starter,Consistent career presence; reliable rotational player or specialist.,nan
202301869,Niko Lopez,2023,WR,0.8304,WR,57.77443,62.32568850648709,62.32568850648709,Meaningful G5 Contributor,Standout starter at the Group of 5 level; high-end depth in Power 4.,Potential Day 3 Pick
202301877,Dakota Williams,2023,WR,0.8304,WR,58.69453,64.86478871540665,64.86478871540665,Meaningful G5 Contributor,Standout starter at the Group of 5 level; high-end depth in Power 4.,Potential Day 3 Pick
202301891,Cam'ron Lacy,2023,WR,0.8304,WR,52.00114,49.6138036351977,49.6138036351977,Single Season Contributor,Late bloomer or one-year starter; limited career longevity.,nan
202301898,Matthew Nixon,2023,WR,0.83,WR,52.59279,51.26274881170624,51.26274881170624,Multi-Year Starter,Consistent career presence; reliable rotational player or specialist.,nan
202301900,Myles Libman,2023,WR,0.83,WR,59.19682,65.78976100569088,65.78976100569088,Meaningful G5 Contributor,Standout starter at the Group of 5 level; high-end depth in Power 4.,Potential Day 3 Pick
202301915,Dan Smith,2023,WR,0.8293,WR,51.96853,49.566296490760685,49.566296490760685,Single Season Contributor,Late bloomer or one-year starter; limited career longevity.,nan
202301937,Sam Smith Jr.,2023,WR,0.827,WR,48.865906,40.1732650735561,40.1732650735561,Single Season Contributor,Late bloomer or one-year starter; limited career longevity.,nan
202301952,Dakotah Mayo,2023,WR,0.8267,WR,63.073875,71.68543591291484,71.68543591291484,Meaningful P4 Contributor,Reliable multi-year starter at the highest level of competition.,Potential Day 2 Pick
202301959,David Amador II,2023,WR,0.8263,WR,55.457832,56.30995936337507,56.30995936337507,Multi-Year Starter,Consistent career presence; reliable rotational player or specialist.,nan
202301960,Kollin Lewis,2023,WR,0.8263,WR,54.789352,55.20591436526663,55.20591436526663,Multi-Year Starter,Consistent career presence; reliable rotational player or specialist.,nan
202301963,Marshaun Brown,2023,WR,0.8263,WR,57.70431,62.14300596751599,62.14300596751599,Meaningful G5 Contributor,Standout starter at the Group of 5 level; high-end depth in Power 4.,Potential Day 3 Pick
202301967,Lester Miller,2023,WR,0.8256,WR,50.815323,46.33393843692969,46.33393843692969,Single Season Contributor,Late bloomer or one-year starter; limited career longevity.,nan
202301979,Duane Thomas Jr.,2023,WR,0.8256,WR,51.472637,48.36789122017044,48.36789122017044,Single Season Contributor,Late bloomer or one-year starter; limited career longevity.,nan
202301986,Keshon Singleton,2023,WR,0.825,WR,54.612717,54.98483347856917,54.98483347856917,Multi-Year Starter,Consistent career presence; reliable rotational player or specialist.,nan
202301989,Eric Denham,2023,WR,0.825,WR,51.43488,48.29500886542481,48.29500886542481,Single Season Contributor,Late bloomer or one-year starter; limited career longevity.,nan
202302006,Rashad Davis,2023,WR,0.8244,WR,52.833427,51.63931341459016,51.63931341459016,Multi-Year Starter,Consistent career presence; reliable rotational player or specialist.,nan
202302008,Evan Boyd,2023,WR,0.8237,WR,49.716484,42.93176114276832,42.93176114276832,Single Season Contributor,Late bloomer or one-year starter; limited career longevity.,nan
202302033,Mason Muaau,2023,WR,0.8222,WR,51.836346,49.31387602234374,49.31387602234374,Single Season Contributor,Late bloomer or one-year starter; limited career longevity.,nan
202302054,Ashton Schumann,2023,WR,0.8204,WR,52.40958,50.66251495910928,50.66251495910928,Multi-Year Starter,Consistent career presence; reliable rotational player or specialist.,nan
202302058,Desmond Duffy,2023,WR,0.8204,WR,48.17477,37.61508601936443,37.61508601936443,Partial Season Contributor,Rotational backup or special teams contributor; limited starts.,nan
202302060,Landon Ransom-Goelz,2023,WR,0.8204,WR,51.79538,49.2324315778073,49.2324315778073,Single Season Contributor,Late bloomer or one-year starter; limited career longevity.,nan
202302073,Isaiah Thacker,2023,WR,0.8203,WR,49.34883,41.762632975220306,41.762632975220306,Single Season Contributor,Late bloomer or one-year starter; limited career longevity.,nan
202302085,Keynan Higgins,2023,WR,0.8196,WR,61.80074,69.94360558748473,69.94360558748473,Meaningful G5 Contributor,Standout starter at the Group of 5 level; high-end depth in Power 4.,Potential Day 3 Pick
202302089,Lynel Billups-Williams,2023,WR,0.8196,WR,57.243813,61.076515176669034,61.076515176669034,Meaningful G5 Contributor,Standout starter at the Group of 5 level; high-end depth in Power 4.,Potential Day 3 Pick
202302093,Kamaehu Kopa-Kaawalauole,2023,WR,0.8189,WR,57.675148,62.06702489954177,62.06702489954177,Meaningful G5 Contributor,Standout starter at the Group of 5 level; high-end depth in Power 4.,Potential Day 3 Pick
202302109,Chauncy Cobb,2023,WR,0.817,WR,46.77976,32.849064496557276,32.849064496557276,Partial Season Contributor,Rotational backup or special teams contributor; limited starts.,nan
202302126,Jahrid Hughes,2023,WR,0.8163,WR,51.28732,47.73990401857522,47.73990401857522,Single Season Contributor,Late bloomer or one-year starter; limited career longevity.,nan
202302128,Preston Everhart,2023,WR,0.8163,WR,49.6824,42.81086400279786,42.81086400279786,Single Season Contributor,Late bloomer or one-year starter; limited career longevity.,nan
202302136,Jackson Olsen,2023,WR,0.8156,WR,54.459255,54.67784457495886,54.67784457495886,Multi-Year Starter,Consistent career presence; reliable rotational player or specialist.,nan
202302139,Corey Washington,2023,WR,0.8156,WR,53.10944,52.253618230220916,52.253618230220916,Multi-Year Starter,Consistent career presence; reliable rotational player or specialist.,nan
202302150,MarShawn Ferguson Jr.,2023,WR,0.815,WR,52.607582,51.289537204859194,51.289537204859194,Multi-Year Starter,Consistent career presence; reliable rotational player or specialist.,nan
202302175,Omaree Walker,2023,WR,0.8117,WR,52.32424,50.404149966343304,50.404149966343304,Multi-Year Starter,Consistent career presence; reliable rotational player or specialist.,nan
202302220,KD Dorsey,2023,WR,0.807,WR,47.798965,35.94880007353886,35.94880007353886,Partial Season Contributor,Rotational backup or special teams contributor; limited starts.,nan
202302248,Matthew Ogunrin,2023,WR,0.803,WR,51.12087,47.33449010387107,47.33449010387107,Single Season Contributor,Late bloomer or one-year starter; limited career longevity.,nan
202302260,Jackson Grier,2023,WR,0.8004,WR,51.214355,47.54493414220221,47.54493414220221,Single Season Contributor,Late bloomer or one-year starter; limited career longevity.,nan
202302268,Tyson Berry,2023,WR,0.7989,WR,48.507484,38.76178678811601,38.76178678811601,Partial Season Contributor,Rotational backup or special teams contributor; limited starts.,nan
202302306,Jacob Harris,2023,WR,0.7844,WR,41.31912,19.914742069411133,19.914742069411133,Minimal D1 Impact,Roster filler; medical DQ; or transferred to lower levels.,nan
202400001,Jeremiah Smith,2024,WR,0.9997,WR,67.25501,77.56805636177054,77.56805636177054,Meaningful P4 Contributor,Reliable multi-year starter at the highest level of competition.,Potential Day 2 Pick
202400003,Cam Coleman,2024,WR,0.9985,WR,71.9569,83.14998908538665,83.14998908538665,Elite Power 4,All-Conference/All-American honors.,First round NFL Draft talent
202400004,Ryan Williams,2024,WR,0.9982,WR,78.44032,93.82608626800342,93.82608626800342,Elite Power 4,All-Conference/All-American honors.,First round NFL Draft talent
202400016,Micah Hudson,2024,WR,0.9934,WR,74.26274,85.63679558212453,85.63679558212453,Elite Power 4,All-Conference/All-American honors.,First round NFL Draft talent
202400023,T.J. Moore,2024,WR,0.9887,WR,62.406162,70.89327997174416,70.89327997174416,Meaningful P4 Contributor,Reliable multi-year starter at the highest level of competition.,Potential Day 2 Pick
202400024,Mike Matthews,2024,WR,0.9882,WR,71.29787,82.4713961146007,82.4713961146007,Elite Power 4,All-Conference/All-American honors.,First round NFL Draft talent
202400033,Mylan Graham,2024,WR,0.9845,WR,70.48457,81.68552793507476,81.68552793507476,Elite Power 4,All-Conference/All-American honors.,First round NFL Draft talent
202400039,Ryan Wingo,2024,WR,0.9819,WR,53.277256,52.56543369592545,52.56543369592545,Multi-Year Starter,Consistent career presence; reliable rotational player or specialist.,nan
202400042,Joshisa Trader,2024,WR,0.9803,WR,67.96425,78.72374265840749,78.72374265840749,Meaningful P4 Contributor,Reliable multi-year starter at the highest level of competition.,Potential Day 2 Pick
202400043,Gatlin Bair,2024,WR,0.98,WR,64.91443,74.4457867854793,74.4457867854793,Meaningful P4 Contributor,Reliable multi-year starter at the highest level of competition.,Potential Day 2 Pick
202400044,Perry Thompson,2024,WR,0.9799,WR,69.117744,80.42722206922548,80.42722206922548,Elite Power 4,All-Conference/All-American honors.,First round NFL Draft talent
202400047,Cam Williams,2024,WR,0.9783,WR,64.67725,74.21161691181943,74.21161691181943,Meaningful P4 Contributor,Reliable multi-year starter at the highest level of competition.,Potential Day 2 Pick
202400048,Bryant Wesco Jr.,2024,WR,0.9782,WR,67.58396,78.03623612335059,78.03623612335059,Meaningful P4 Contributor,Reliable multi-year starter at the highest level of competition.,Potential Day 2 Pick
202400065,Jeremiah McClellan,2024,WR,0.9687,WR,51.280796,47.70897251359519,47.70897251359519,Single Season Contributor,Late bloomer or one-year starter; limited career longevity.,nan
202400067,Ny Carr,2024,WR,0.9686,WR,63.7253,72.6943565738921,72.6943565738921,Meaningful P4 Contributor,Reliable multi-year starter at the highest level of competition.,Potential Day 2 Pick
202400084,DJ Jordan,2024,WR,0.9573,WR,69.82387,81.0772808614419,81.0772808614419,Elite Power 4,All-Conference/All-American honors.,First round NFL Draft talent
202400091,Zion Kearney,2024,WR,0.9548,WR,63.683964,72.60348503586617,72.60348503586617,Meaningful P4 Contributor,Reliable multi-year starter at the highest level of competition.,Potential Day 2 Pick
202400100,Courtney Crutchfield,2024,WR,0.9518,WR,71.210304,82.3812349503897,82.3812349503897,Elite Power 4,All-Conference/All-American honors.,First round NFL Draft talent
202400101,Dre'lon Miller,2024,WR,0.9516,WR,63.02652,71.6339354223721,71.6339354223721,Meaningful P4 Contributor,Reliable multi-year starter at the highest level of competition.,Potential Day 2 Pick
202400102,Nitro Tuggle,2024,WR,0.951,WR,65.909836,75.7877405889586,75.7877405889586,Meaningful P4 Contributor,Reliable multi-year starter at the highest level of competition.,Potential Day 2 Pick
202400106,Braylon Staley,2024,WR,0.9501,WR,65.22802,74.75540444935945,74.75540444935945,Meaningful P4 Contributor,Reliable multi-year starter at the highest level of competition.,Potential Day 2 Pick
202400118,Jordan Shipp,2024,WR,0.947,WR,60.834934,68.31482118435126,68.31482118435126,Meaningful G5 Contributor,Standout starter at the Group of 5 level; high-end depth in Power 4.,Potential Day 3 Pick
202400134,Terrell Anderson,2024,WR,0.94,WR,63.966545,73.22470051411884,73.22470051411884,Meaningful P4 Contributor,Reliable multi-year starter at the highest level of competition.,Potential Day 2 Pick
202400138,Aaron Butler,2024,WR,0.9389,WR,61.77456,69.90611350151183,69.90611350151183,Meaningful G5 Contributor,Standout starter at the Group of 5 level; high-end depth in Power 4.,Potential Day 3 Pick
202400139,Kylan Billiot,2024,WR,0.9386,WR,64.39721,73.86267419521415,73.86267419521415,Meaningful P4 Contributor,Reliable multi-year starter at the highest level of competition.,Potential Day 2 Pick
202400145,Ryan Pellum,2024,WR,0.9367,WR,63.562546,72.37058719533181,72.37058719533181,Meaningful P4 Contributor,Reliable multi-year starter at the highest level of competition.,Potential Day 2 Pick
202400162,Gekyle Baker,2024,WR,0.9304,WR,65.34458,74.87048944726132,74.87048944726132,Meaningful P4 Contributor,Reliable multi-year starter at the highest level of competition.,Potential Day 2 Pick
202400167,Jelani Watkins,2024,WR,0.9291,WR,67.675255,78.1661702319661,78.1661702319661,Meaningful P4 Contributor,Reliable multi-year starter at the highest level of competition.,Potential Day 2 Pick
202400172,Elijah Moore,2024,WR,0.9285,WR,67.487434,77.89885300934394,77.89885300934394,Meaningful P4 Contributor,Reliable multi-year starter at the highest level of competition.,Potential Day 2 Pick
202400176,Nick Marsh,2024,WR,0.928,WR,62.747154,71.32030414863752,71.32030414863752,Meaningful P4 Contributor,Reliable multi-year starter at the highest level of competition.,Potential Day 2 Pick
202400181,Chance Robinson,2024,WR,0.926,WR,56.64639,59.09288915656235,59.09288915656235,Multi-Year Starter,Consistent career presence; reliable rotational player or specialist.,nan
202400192,Bryce Cain,2024,WR,0.9237,WR,62.090286,70.37590142276606,70.37590142276606,Meaningful P4 Contributor,Reliable multi-year starter at the highest level of competition.,Potential Day 2 Pick
202400194,Isiah Canion,2024,WR,0.9234,WR,60.27208,67.56736918314907,67.56736918314907,Meaningful G5 Contributor,Standout starter at the Group of 5 level; high-end depth in Power 4.,Potential Day 3 Pick
202400196,Dillon Gresham,2024,WR,0.9226,WR,63.475235,72.20510925708349,72.20510925708349,Meaningful P4 Contributor,Reliable multi-year starter at the highest level of competition.,Potential Day 2 Pick
202400212,Amari Jefferson,2024,WR,0.9183,WR,66.49674,76.58500980674386,76.58500980674386,Meaningful P4 Contributor,Reliable multi-year starter at the highest level of competition.,Potential Day 2 Pick
202400217,JJ Harrell,2024,WR,0.9181,WR,60.89916,68.41519911386408,68.41519911386408,Meaningful G5 Contributor,Standout starter at the Group of 5 level; high-end depth in Power 4.,Potential Day 3 Pick
202400222,Keylen Adams,2024,WR,0.9178,WR,64.586975,74.10630399915257,74.10630399915257,Meaningful P4 Contributor,Reliable multi-year starter at the highest level of competition.,Potential Day 2 Pick
202400229,Ashton Bethel-Roman,2024,WR,0.9167,WR,61.2125,69.06210398605538,69.06210398605538,Meaningful G5 Contributor,Standout starter at the Group of 5 level; high-end depth in Power 4.,Potential Day 3 Pick
202400230,Malcolm Simmons,2024,WR,0.9166,WR,63.854,72.97728606354865,72.97728606354865,Meaningful P4 Contributor,Reliable multi-year starter at the highest level of competition.,Potential Day 2 Pick
202400237,Kwazi Gilmer,2024,WR,0.915,WR,63.208996,71.83238281766062,71.83238281766062,Meaningful P4 Contributor,Reliable multi-year starter at the highest level of competition.,Potential Day 2 Pick
202400245,Micah Gilbert,2024,WR,0.914,WR,63.092537,71.70573077353471,71.70573077353471,Meaningful P4 Contributor,Reliable multi-year starter at the highest level of competition.,Potential Day 2 Pick
202400249,Ivan Carreon,2024,WR,0.913,WR,58.15605,63.3981456101984,63.3981456101984,Meaningful G5 Contributor,Standout starter at the Group of 5 level; high-end depth in Power 4.,Potential Day 3 Pick
202400253,Jordan Anderson,2024,WR,0.9125,WR,61.664238,69.74812557693998,69.74812557693998,Meaningful G5 Contributor,Standout starter at the Group of 5 level; high-end depth in Power 4.,Potential Day 3 Pick
202400265,Emanuel Ross,2024,WR,0.9102,WR,60.370155,67.68939937578071,67.68939937578071,Meaningful G5 Contributor,Standout starter at the Group of 5 level; high-end depth in Power 4.,Potential Day 3 Pick
202400266,Mazeo Bennett Jr.,2024,WR,0.9102,WR,64.544716,74.05204976829924,74.05204976829924,Meaningful P4 Contributor,Reliable multi-year starter at the highest level of competition.,Potential Day 2 Pick
202400270,Parker Livingstone,2024,WR,0.9101,WR,61.364056,69.29391069624872,69.29391069624872,Meaningful G5 Contributor,Standout starter at the Group of 5 level; high-end depth in Power 4.,Potential Day 3 Pick
202400276,Tank Hawkins,2024,WR,0.9093,WR,61.543533,69.56842739457706,69.56842739457706,Meaningful G5 Contributor,Standout starter at the Group of 5 level; high-end depth in Power 4.,Potential Day 3 Pick
202400303,Rico Scott,2024,WR,0.9063,WR,63.794594,72.84668967542778,72.84668967542778,Meaningful P4 Contributor,Reliable multi-year starter at the highest level of competition.,Potential Day 2 Pick
202400309,Mario Craver,2024,WR,0.9056,WR,59.10467,65.64248204275736,65.64248204275736,Meaningful G5 Contributor,Standout starter at the Group of 5 level; high-end depth in Power 4.,Potential Day 3 Pick
202400310,I'Marion Stewart,2024,WR,0.9056,WR,63.337383,71.97200747608709,71.97200747608709,Meaningful P4 Contributor,Reliable multi-year starter at the highest level of competition.,Potential Day 2 Pick
202400315,Izaiah Williams,2024,WR,0.9053,WR,57.523,61.73399202020586,61.73399202020586,Meaningful G5 Contributor,Standout starter at the Group of 5 level; high-end depth in Power 4.,Potential Day 3 Pick
202400317,Hardley Gilmore IV,2024,WR,0.9052,WR,62.240376,70.63230212486128,70.63230212486128,Meaningful P4 Contributor,Reliable multi-year starter at the highest level of competition.,Potential Day 2 Pick
202400319,Zion Ragins,2024,WR,0.9049,WR,66.706505,76.83890488394286,76.83890488394286,Meaningful P4 Contributor,Reliable multi-year starter at the highest level of competition.,Potential Day 2 Pick
202400328,Freddie Dubose,2024,WR,0.9038,WR,58.872513,65.23748565244259,65.23748565244259,Meaningful G5 Contributor,Standout starter at the Group of 5 level; high-end depth in Power 4.,Potential Day 3 Pick
202400333,TJ Abrams,2024,WR,0.9025,WR,58.186844,63.476447452893495,63.476447452893495,Meaningful G5 Contributor,Standout starter at the Group of 5 level; high-end depth in Power 4.,Potential Day 3 Pick
202400340,Justice Williams,2024,WR,0.9019,WR,57.750854,62.26426757776496,62.26426757776496,Meaningful G5 Contributor,Standout starter at the Group of 5 level; high-end depth in Power 4.,Potential Day 3 Pick
202400365,Josiah Brown,2024,WR,0.8998,WR,43.48438,23.901771224983765,23.901771224983765,Partial Season Contributor,Rotational backup or special teams contributor; limited starts.,nan
202400369,Bredell Richardson,2024,WR,0.8991,WR,57.251595,61.111700937701755,61.111700937701755,Meaningful G5 Contributor,Standout starter at the Group of 5 level; high-end depth in Power 4.,Potential Day 3 Pick
202400386,Alex Taylor,2024,WR,0.8978,WR,59.02804,65.52589298310947,65.52589298310947,Meaningful G5 Contributor,Standout starter at the Group of 5 level; high-end depth in Power 4.,Potential Day 3 Pick
202400397,Keonde Henry,2024,WR,0.8967,WR,57.559605,61.81032671345164,61.81032671345164,Meaningful G5 Contributor,Standout starter at the Group of 5 level; high-end depth in Power 4.,Potential Day 3 Pick
202400408,Trae Davis III,2024,WR,0.8953,WR,57.942398,62.817470595474866,62.817470595474866,Meaningful G5 Contributor,Standout starter at the Group of 5 level; high-end depth in Power 4.,Potential Day 3 Pick
202400409,Dae'vonn Hall,2024,WR,0.895,WR,59.555954,66.36929227125384,66.36929227125384,Meaningful G5 Contributor,Standout starter at the Group of 5 level; high-end depth in Power 4.,Potential Day 3 Pick
202400412,Chanz Wiggins,2024,WR,0.895,WR,56.56107,58.848865474022524,58.848865474022524,Multi-Year Starter,Consistent career presence; reliable rotational player or specialist.,nan
202400417,Logan Saldate,2024,WR,0.895,WR,58.09751,63.24928286515393,63.24928286515393,Meaningful G5 Contributor,Standout starter at the Group of 5 level; high-end depth in Power 4.,Potential Day 3 Pick
202400419,Ric'Darious Farmer,2024,WR,0.895,WR,60.7806,68.23889200563669,68.23889200563669,Meaningful G5 Contributor,Standout starter at the Group of 5 level; high-end depth in Power 4.,Potential Day 3 Pick
202400438,Ernest Campbell,2024,WR,0.8933,WR,62.784557,71.36714405124789,71.36714405124789,Meaningful P4 Contributor,Reliable multi-year starter at the highest level of competition.,Potential Day 2 Pick
202400447,James Madison II,2024,WR,0.8925,WR,57.24997,61.10435332289786,61.10435332289786,Meaningful G5 Contributor,Standout starter at the Group of 5 level; high-end depth in Power 4.,Potential Day 3 Pick
202400454,Trevor Rogers,2024,WR,0.8923,WR,59.785233,66.68689270496829,66.68689270496829,Meaningful G5 Contributor,Standout starter at the Group of 5 level; high-end depth in Power 4.,Potential Day 3 Pick
202400482,Jordan Ross,2024,WR,0.89,WR,59.57991,66.40247692990762,66.40247692990762,Meaningful G5 Contributor,Standout starter at the Group of 5 level; high-end depth in Power 4.,Potential Day 3 Pick
202400484,Camdon Frier,2024,WR,0.89,WR,60.94453,68.51062471185635,68.51062471185635,Meaningful G5 Contributor,Standout starter at the Group of 5 level; high-end depth in Power 4.,Potential Day 3 Pick
202400497,Joseph McVay,2024,WR,0.8886,WR,60.443184,67.78026464251505,67.78026464251505,Meaningful G5 Contributor,Standout starter at the Group of 5 level; high-end depth in Power 4.,Potential Day 3 Pick
202400501,Emmett Mosley V,2024,WR,0.8883,WR,59.429596,66.19425904939911,66.19425904939911,Meaningful G5 Contributor,Standout starter at the Group of 5 level; high-end depth in Power 4.,Potential Day 3 Pick
202400502,Jason Robinson Jr.,2024,WR,0.8883,WR,59.589,66.41506913397959,66.41506913397959,Meaningful G5 Contributor,Standout starter at the Group of 5 level; high-end depth in Power 4.,Potential Day 3 Pick
202400516,Jeremiah Melvin,2024,WR,0.8877,WR,57.081917,60.49474240520178,60.49474240520178,Meaningful G5 Contributor,Standout starter at the Group of 5 level; high-end depth in Power 4.,Potential Day 3 Pick
202400529,Tre' Griffiths,2024,WR,0.8869,WR,64.28735,73.72163670287671,73.72163670287671,Meaningful P4 Contributor,Reliable multi-year starter at the highest level of competition.,Potential Day 2 Pick
202400530,Tyseer Denmark,2024,WR,0.8867,WR,62.619617,71.16058987388251,71.16058987388251,Meaningful P4 Contributor,Reliable multi-year starter at the highest level of competition.,Potential Day 2 Pick
202400536,Koby Young,2024,WR,0.8867,WR,57.38265,61.432444085991165,61.432444085991165,Meaningful G5 Contributor,Standout starter at the Group of 5 level; high-end depth in Power 4.,Potential Day 3 Pick
202400540,Javarius Green,2024,WR,0.8861,WR,52.60206,51.2795347310878,51.2795347310878,Multi-Year Starter,Consistent career presence; reliable rotational player or specialist.,nan
202400542,JoJo Stone,2024,WR,0.8858,WR,59.00592,65.49223607565736,65.49223607565736,Meaningful G5 Contributor,Standout starter at the Group of 5 level; high-end depth in Power 4.,Potential Day 3 Pick
202400546,Debron Gatling,2024,WR,0.8858,WR,57.402843,61.48062024993991,61.48062024993991,Meaningful G5 Contributor,Standout starter at the Group of 5 level; high-end depth in Power 4.,Potential Day 3 Pick
202400551,Zycarl Lewis,2024,WR,0.8853,WR,58.50292,64.36125512445074,64.36125512445074,Meaningful G5 Contributor,Standout starter at the Group of 5 level; high-end depth in Power 4.,Potential Day 3 Pick
202400559,Isaiah McMorris,2024,WR,0.8853,WR,55.41424,56.210315231935446,56.210315231935446,Multi-Year Starter,Consistent career presence; reliable rotational player or specialist.,nan
202400581,Channing Goodwin,2024,WR,0.8836,WR,59.55171,66.36341097745103,66.36341097745103,Meaningful G5 Contributor,Standout starter at the Group of 5 level; high-end depth in Power 4.,Potential Day 3 Pick
202400585,Jaylan Hornsby,2024,WR,0.8836,WR,55.706867,56.90039829067271,56.90039829067271,Multi-Year Starter,Consistent career presence; reliable rotational player or specialist.,nan
202400588,Zechariah Sample,2024,WR,0.8836,WR,58.926495,65.35052408946159,65.35052408946159,Meaningful G5 Contributor,Standout starter at the Group of 5 level; high-end depth in Power 4.,Potential Day 3 Pick
202400592,James Randle,2024,WR,0.8833,WR,56.039696,57.49975834537764,57.49975834537764,Multi-Year Starter,Consistent career presence; reliable rotational player or specialist.,nan
202400612,Zacharyus Williams,2024,WR,0.8825,WR,55.38197,56.13993626429311,56.13993626429311,Multi-Year Starter,Consistent career presence; reliable rotational player or specialist.,nan
202400623,KJ Daniels,2024,WR,0.8819,WR,58.348995,63.99482048914356,63.99482048914356,Meaningful G5 Contributor,Standout starter at the Group of 5 level; high-end depth in Power 4.,Potential Day 3 Pick
202400641,Dozie Ezukanma,2024,WR,0.8811,WR,57.42289,61.52523302115949,61.52523302115949,Meaningful G5 Contributor,Standout starter at the Group of 5 level; high-end depth in Power 4.,Potential Day 3 Pick
202400656,Brandon Rehmann,2024,WR,0.88,WR,60.802174,68.26903870967593,68.26903870967593,Meaningful G5 Contributor,Standout starter at the Group of 5 level; high-end depth in Power 4.,Potential Day 3 Pick
202400660,Mekhi Anderson,2024,WR,0.88,WR,55.222565,55.83745836873123,55.83745836873123,Multi-Year Starter,Consistent career presence; reliable rotational player or specialist.,nan
202400666,Jadon Porter,2024,WR,0.8794,WR,56.31205,57.81840823087338,57.81840823087338,Multi-Year Starter,Consistent career presence; reliable rotational player or specialist.,nan
202400679,David Washington,2024,WR,0.8792,WR,65.97145,75.89060664490886,75.89060664490886,Meaningful P4 Contributor,Reliable multi-year starter at the highest level of competition.,Potential Day 2 Pick
202400691,Josh Jackson,2024,WR,0.8786,WR,60.766136,68.21867692133664,68.21867692133664,Meaningful G5 Contributor,Standout starter at the Group of 5 level; high-end depth in Power 4.,Potential Day 3 Pick
202400693,Zy'marion Lang,2024,WR,0.8786,WR,55.886944,57.21308619416359,57.21308619416359,Multi-Year Starter,Consistent career presence; reliable rotational player or specialist.,nan
202400695,Tra'Mar Harris,2024,WR,0.8786,WR,54.24728,54.29903515921094,54.29903515921094,Multi-Year Starter,Consistent career presence; reliable rotational player or specialist.,nan
202400698,Dominic Overby,2024,WR,0.8784,WR,56.5951,58.946197820974945,58.946197820974945,Multi-Year Starter,Consistent career presence; reliable rotational player or specialist.,nan
202400707,Malachi Durant,2024,WR,0.8778,WR,58.401573,64.12314773440347,64.12314773440347,Meaningful G5 Contributor,Standout starter at the Group of 5 level; high-end depth in Power 4.,Potential Day 3 Pick
202400738,Elijah Baesa,2024,WR,0.8761,WR,56.070656,57.5229766249266,57.5229766249266,Multi-Year Starter,Consistent career presence; reliable rotational player or specialist.,nan
202400740,Josiah Martin,2024,WR,0.8761,WR,58.12451,63.31794248390962,63.31794248390962,Meaningful G5 Contributor,Standout starter at the Group of 5 level; high-end depth in Power 4.,Potential Day 3 Pick
202400748,Rahji Dennis,2024,WR,0.8761,WR,57.681114,62.082568966292804,62.082568966292804,Meaningful G5 Contributor,Standout starter at the Group of 5 level; high-end depth in Power 4.,Potential Day 3 Pick
202400753,Keenan Jackson,2024,WR,0.8758,WR,57.637726,61.97323398554213,61.97323398554213,Meaningful G5 Contributor,Standout starter at the Group of 5 level; high-end depth in Power 4.,Potential Day 3 Pick
202400757,CJ Brown,2024,WR,0.8756,WR,58.19794,63.510825802132224,63.510825802132224,Meaningful G5 Contributor,Standout starter at the Group of 5 level; high-end depth in Power 4.,Potential Day 3 Pick
202400766,Shamar Rigby,2024,WR,0.8753,WR,52.865837,51.68446929967533,51.68446929967533,Multi-Year Starter,Consistent career presence; reliable rotational player or specialist.,nan
202400768,Peter Gonzalez,2024,WR,0.875,WR,55.26859,55.914151446272655,55.914151446272655,Multi-Year Starter,Consistent career presence; reliable rotational player or specialist.,nan
202400770,Kyan Berry-Johnson,2024,WR,0.875,WR,59.42758,66.19146900166515,66.19146900166515,Meaningful G5 Contributor,Standout starter at the Group of 5 level; high-end depth in Power 4.,Potential Day 3 Pick
202400774,Jamarquis Johnson,2024,WR,0.875,WR,59.629223,66.47078554175752,66.47078554175752,Meaningful G5 Contributor,Standout starter at the Group of 5 level; high-end depth in Power 4.,Potential Day 3 Pick
202400790,Audric Harris,2024,WR,0.8744,WR,66.86324,77.02861974776683,77.02861974776683,Meaningful P4 Contributor,Reliable multi-year starter at the highest level of competition.,Potential Day 2 Pick
202400806,Sanfrisco Magee,2024,WR,0.8739,WR,56.17543,57.60155144824988,57.60155144824988,Multi-Year Starter,Consistent career presence; reliable rotational player or specialist.,nan
202400812,Jalen Smith,2024,WR,0.8739,WR,51.232468,47.5857056888622,47.5857056888622,Single Season Contributor,Late bloomer or one-year starter; limited career longevity.,nan
202400822,Dorian Williams,2024,WR,0.8736,WR,54.88951,55.386839758785264,55.386839758785264,Multi-Year Starter,Consistent career presence; reliable rotational player or specialist.,nan
202400825,Josh Smith,2024,WR,0.8733,WR,55.408897,56.19809842716194,56.19809842716194,Multi-Year Starter,Consistent career presence; reliable rotational player or specialist.,nan
202400838,Kale Woodburn,2024,WR,0.8731,WR,63.303444,71.93509754662368,71.93509754662368,Meaningful P4 Contributor,Reliable multi-year starter at the highest level of competition.,Potential Day 2 Pick
202400846,Matt Mayfield,2024,WR,0.8728,WR,60.519325,67.87500297954062,67.87500297954062,Meaningful G5 Contributor,Standout starter at the Group of 5 level; high-end depth in Power 4.,Potential Day 3 Pick
202400859,Carlos Orr-Gillespie,2024,WR,0.8722,WR,51.504333,48.42907322517968,48.42907322517968,Single Season Contributor,Late bloomer or one-year starter; limited career longevity.,nan
202400875,Ben Grice,2024,WR,0.8719,WR,57.62758,61.952074097668664,61.952074097668664,Meaningful G5 Contributor,Standout starter at the Group of 5 level; high-end depth in Power 4.,Potential Day 3 Pick
202400876,Alex Green,2024,WR,0.8719,WR,56.600803,58.96250898101236,58.96250898101236,Multi-Year Starter,Consistent career presence; reliable rotational player or specialist.,nan
202400881,Tashi Braceful,2024,WR,0.8714,WR,55.950176,57.34435212614473,57.34435212614473,Multi-Year Starter,Consistent career presence; reliable rotational player or specialist.,nan
202400889,Tank Boston,2024,WR,0.8712,WR,57.98654,62.95415786283196,62.95415786283196,Meaningful G5 Contributor,Standout starter at the Group of 5 level; high-end depth in Power 4.,Potential Day 3 Pick
202400892,Chandlin Myers,2024,WR,0.8711,WR,59.273304,65.9287169026436,65.9287169026436,Meaningful G5 Contributor,Standout starter at the Group of 5 level; high-end depth in Power 4.,Potential Day 3 Pick
202400894,Yannick Smith,2024,WR,0.8711,WR,57.169376,60.73995647322224,60.73995647322224,Meaningful G5 Contributor,Standout starter at the Group of 5 level; high-end depth in Power 4.,Potential Day 3 Pick
202400904,Cameron Monteiro,2024,WR,0.8706,WR,56.4007,58.06215092809241,58.06215092809241,Multi-Year Starter,Consistent career presence; reliable rotational player or specialist.,nan
202400919,Kason Stokes,2024,WR,0.87,WR,56.06257,57.516911721939444,57.516911721939444,Multi-Year Starter,Consistent career presence; reliable rotational player or specialist.,nan
202400925,Joshua Williams,2024,WR,0.87,WR,58.98819,65.46525947523705,65.46525947523705,Meaningful G5 Contributor,Standout starter at the Group of 5 level; high-end depth in Power 4.,Potential Day 3 Pick
202400927,Malachi James,2024,WR,0.87,WR,56.178165,57.603602644212984,57.603602644212984,Multi-Year Starter,Consistent career presence; reliable rotational player or specialist.,nan
202400932,Corey Smith,2024,WR,0.8697,WR,58.142006,63.362428639831286,63.362428639831286,Meaningful G5 Contributor,Standout starter at the Group of 5 level; high-end depth in Power 4.,Potential Day 3 Pick
202400941,David Washington Jr.,2024,WR,0.8694,WR,59.493725,66.28309142147373,66.28309142147373,Meaningful G5 Contributor,Standout starter at the Group of 5 level; high-end depth in Power 4.,Potential Day 3 Pick
202400952,Ta'Ron Haile,2024,WR,0.8689,WR,57.0053,60.329926689857984,60.329926689857984,Meaningful G5 Contributor,Standout starter at the Group of 5 level; high-end depth in Power 4.,Potential Day 3 Pick
202400971,Jamyri Cauley,2024,WR,0.8683,WR,57.10056,60.53484469053337,60.53484469053337,Meaningful G5 Contributor,Standout starter at the Group of 5 level; high-end depth in Power 4.,Potential Day 3 Pick
202400980,Brandon Winton,2024,WR,0.8681,WR,52.273388,50.25018886855763,50.25018886855763,Multi-Year Starter,Consistent career presence; reliable rotational player or specialist.,nan
202400983,Charlie Becker,2024,WR,0.8681,WR,53.332523,52.661751687703436,52.661751687703436,Multi-Year Starter,Consistent career presence; reliable rotational player or specialist.,nan
202400988,Tristen Brown,2024,WR,0.8681,WR,56.82893,59.60879466830713,59.60879466830713,Multi-Year Starter,Consistent career presence; reliable rotational player or specialist.,nan
202401002,Shaun Boykins Jr.,2024,WR,0.8675,WR,56.10579,57.5493246232812,57.5493246232812,Multi-Year Starter,Consistent career presence; reliable rotational player or specialist.,nan
202401011,Jabari Murphy,2024,WR,0.8672,WR,53.607,53.15185779200537,53.15185779200537,Multi-Year Starter,Consistent career presence; reliable rotational player or specialist.,nan
202401012,Reece Vander Zee,2024,WR,0.8672,WR,48.524956,38.84064879321155,38.84064879321155,Partial Season Contributor,Rotational backup or special teams contributor; limited starts.,nan
202401022,Kylen Evans,2024,WR,0.8672,WR,56.933056,60.04937596246542,60.04937596246542,Meaningful G5 Contributor,Standout starter at the Group of 5 level; high-end depth in Power 4.,Potential Day 3 Pick
202401023,Lamar Booker,2024,WR,0.8669,WR,54.83165,55.28231978739242,55.28231978739242,Multi-Year Starter,Consistent career presence; reliable rotational player or specialist.,nan
202401031,Jacob Emmers,2024,WR,0.8667,WR,57.28728,61.20494047837523,61.20494047837523,Meaningful G5 Contributor,Standout starter at the Group of 5 level; high-end depth in Power 4.,Potential Day 3 Pick
202401035,Marshel Sanders,2024,WR,0.8664,WR,55.847904,57.14096591625496,57.14096591625496,Multi-Year Starter,Consistent career presence; reliable rotational player or specialist.,nan
202401045,Brett Eskildsen,2024,WR,0.8664,WR,55.949467,57.34283910233441,57.34283910233441,Multi-Year Starter,Consistent career presence; reliable rotational player or specialist.,nan
202401051,David Dossett,2024,WR,0.8659,WR,49.562378,42.40530969997635,42.40530969997635,Single Season Contributor,Late bloomer or one-year starter; limited career longevity.,nan
202401052,Krosse Johnson,2024,WR,0.8659,WR,57.46041,61.60347687722092,61.60347687722092,Meaningful G5 Contributor,Standout starter at the Group of 5 level; high-end depth in Power 4.,Potential Day 3 Pick
202401055,Chase Farrell,2024,WR,0.8658,WR,57.331627,61.31072965591664,61.31072965591664,Meaningful G5 Contributor,Standout starter at the Group of 5 level; high-end depth in Power 4.,Potential Day 3 Pick
202401058,Syair Torrence,2024,WR,0.8658,WR,38.935112,15.961685766219276,15.961685766219276,Minimal D1 Impact,Roster filler; medical DQ; or transferred to lower levels.,nan
202401064,Jayden Moore,2024,WR,0.8656,WR,58.208004,63.54306929888297,63.54306929888297,Meaningful G5 Contributor,Standout starter at the Group of 5 level; high-end depth in Power 4.,Potential Day 3 Pick
202401075,Tamarcus Gray Jr.,2024,WR,0.8656,WR,59.417263,66.17717529120999,66.17717529120999,Meaningful G5 Contributor,Standout starter at the Group of 5 level; high-end depth in Power 4.,Potential Day 3 Pick
202401098,Plas Johnson,2024,WR,0.8644,WR,61.569744,69.6085176033852,69.6085176033852,Meaningful G5 Contributor,Standout starter at the Group of 5 level; high-end depth in Power 4.,Potential Day 3 Pick
202401102,Isaiah Crumpler,2024,WR,0.8642,WR,56.771584,59.447331443739095,59.447331443739095,Multi-Year Starter,Consistent career presence; reliable rotational player or specialist.,nan
202401109,Dalin Wilkins,2024,WR,0.8639,WR,46.455063,32.11465006377925,32.11465006377925,Partial Season Contributor,Rotational backup or special teams contributor; limited starts.,nan
202401120,Jacques Spradley-Demps,2024,WR,0.8636,WR,55.87915,57.19868891765711,57.19868891765711,Multi-Year Starter,Consistent career presence; reliable rotational player or specialist.,nan
202401122,Dom Collins,2024,WR,0.8633,WR,59.234154,65.85758950262237,65.85758950262237,Meaningful G5 Contributor,Standout starter at the Group of 5 level; high-end depth in Power 4.,Potential Day 3 Pick
202401131,Keyshawn Robinson,2024,WR,0.8633,WR,58.48649,64.32265353116081,64.32265353116081,Meaningful G5 Contributor,Standout starter at the Group of 5 level; high-end depth in Power 4.,Potential Day 3 Pick
202401132,Dakarai Anderson,2024,WR,0.8633,WR,58.742374,64.96497443211165,64.96497443211165,Meaningful G5 Contributor,Standout starter at the Group of 5 level; high-end depth in Power 4.,Potential Day 3 Pick
202401133,Christian Zachary,2024,WR,0.8633,WR,58.26694,63.731910096759755,63.731910096759755,Meaningful G5 Contributor,Standout starter at the Group of 5 level; high-end depth in Power 4.,Potential Day 3 Pick
202401156,Ricky Johnson,2024,WR,0.8625,WR,56.3114,57.81657437099918,57.81657437099918,Multi-Year Starter,Consistent career presence; reliable rotational player or specialist.,nan
202401174,Donovan Hamilton,2024,WR,0.8619,WR,58.15938,63.406614082531505,63.406614082531505,Meaningful G5 Contributor,Standout starter at the Group of 5 level; high-end depth in Power 4.,Potential Day 3 Pick
202401175,Trenton Cloud,2024,WR,0.8617,WR,55.695225,56.881756027918215,56.881756027918215,Multi-Year Starter,Consistent career presence; reliable rotational player or specialist.,nan
202401182,Jaylan Brown,2024,WR,0.8617,WR,55.91708,57.273776886476405,57.273776886476405,Multi-Year Starter,Consistent career presence; reliable rotational player or specialist.,nan
202401235,VanKeith Brown,2024,WR,0.86,WR,54.038784,53.95183132435856,53.95183132435856,Multi-Year Starter,Consistent career presence; reliable rotational player or specialist.,nan
202401245,Ta'Erik Tate,2024,WR,0.86,WR,56.636547,59.06474013121348,59.06474013121348,Multi-Year Starter,Consistent career presence; reliable rotational player or specialist.,nan
202401250,Caleb Groce,2024,WR,0.86,WR,54.68792,55.06955604734838,55.06955604734838,Multi-Year Starter,Consistent career presence; reliable rotational player or specialist.,nan
202401254,Cullen Charles,2024,WR,0.8597,WR,58.753723,64.98873878446352,64.98873878446352,Meaningful G5 Contributor,Standout starter at the Group of 5 level; high-end depth in Power 4.,Potential Day 3 Pick
202401257,Arkese Parks,2024,WR,0.8597,WR,57.75017,62.262488557337576,62.262488557337576,Meaningful G5 Contributor,Standout starter at the Group of 5 level; high-end depth in Power 4.,Potential Day 3 Pick
202401258,Tyrone Jackson,2024,WR,0.8597,WR,56.811493,59.55969945115151,59.55969945115151,Multi-Year Starter,Consistent career presence; reliable rotational player or specialist.,nan
202401259,Jesse Watson,2024,WR,0.8597,WR,62.426136,70.9182931007669,70.9182931007669,Meaningful P4 Contributor,Reliable multi-year starter at the highest level of competition.,Potential Day 2 Pick
202401280,Cameron Bates,2024,WR,0.8592,WR,58.582447,64.5724947610325,64.5724947610325,Meaningful G5 Contributor,Standout starter at the Group of 5 level; high-end depth in Power 4.,Potential Day 3 Pick
202401283,Brandon Phelps,2024,WR,0.8589,WR,56.7172,59.294213654246526,59.294213654246526,Multi-Year Starter,Consistent career presence; reliable rotational player or specialist.,nan
202401292,Dallas Sims,2024,WR,0.8586,WR,53.05295,52.1392137480957,52.1392137480957,Multi-Year Starter,Consistent career presence; reliable rotational player or specialist.,nan
202401296,Dylan Williams,2024,WR,0.8585,WR,54.820625,55.262405314994915,55.262405314994915,Multi-Year Starter,Consistent career presence; reliable rotational player or specialist.,nan
202401298,Triston Ward,2024,WR,0.8583,WR,62.565952,71.09338500392607,71.09338500392607,Meaningful P4 Contributor,Reliable multi-year starter at the highest level of competition.,Potential Day 2 Pick
202401301,Tasean Young-Stieff,2024,WR,0.8583,WR,62.945423,71.54574072860314,71.54574072860314,Meaningful P4 Contributor,Reliable multi-year starter at the highest level of competition.,Potential Day 2 Pick
202401307,Vosky Howard,2024,WR,0.8583,WR,56.890297,59.852322918625426,59.852322918625426,Multi-Year Starter,Consistent career presence; reliable rotational player or specialist.,nan
202401349,Jordyn Bridgewater,2024,WR,0.8575,WR,55.137863,55.696315136760255,55.696315136760255,Multi-Year Starter,Consistent career presence; reliable rotational player or specialist.,nan
202401362,Eric Smith,2024,WR,0.8567,WR,58.398884,64.11682915458704,64.11682915458704,Meaningful G5 Contributor,Standout starter at the Group of 5 level; high-end depth in Power 4.,Potential Day 3 Pick
202401366,Kezion Dia-Johnson,2024,WR,0.8567,WR,60.61496,68.00741009886535,68.00741009886535,Meaningful G5 Contributor,Standout starter at the Group of 5 level; high-end depth in Power 4.,Potential Day 3 Pick
202401372,Jahmari Powell-Wonson,2024,WR,0.8567,WR,56.832638,59.61923451759071,59.61923451759071,Multi-Year Starter,Consistent career presence; reliable rotational player or specialist.,nan
202401380,Tyreek Robinson,2024,WR,0.8567,WR,60.17184,67.4426477762342,67.4426477762342,Meaningful G5 Contributor,Standout starter at the Group of 5 level; high-end depth in Power 4.,Potential Day 3 Pick
202401385,Quinn Clark,2024,WR,0.8564,WR,50.83763,46.39665002662403,46.39665002662403,Single Season Contributor,Late bloomer or one-year starter; limited career longevity.,nan
202401390,Austin Clay,2024,WR,0.8561,WR,58.343666,63.977745369749776,63.977745369749776,Meaningful G5 Contributor,Standout starter at the Group of 5 level; high-end depth in Power 4.,Potential Day 3 Pick
202401393,Jack Ressler,2024,WR,0.8558,WR,57.384212,61.436175145156064,61.436175145156064,Meaningful G5 Contributor,Standout starter at the Group of 5 level; high-end depth in Power 4.,Potential Day 3 Pick
202401460,Patrick Clacks III,2024,WR,0.8544,WR,59.017994,65.51060546901586,65.51060546901586,Meaningful G5 Contributor,Standout starter at the Group of 5 level; high-end depth in Power 4.,Potential Day 3 Pick
202401508,Heath McRee,2024,WR,0.8528,WR,54.621586,54.99482536111009,54.99482536111009,Multi-Year Starter,Consistent career presence; reliable rotational player or specialist.,nan
202401516,Miles Burris,2024,WR,0.8525,WR,51.85219,49.34537232350399,49.34537232350399,Single Season Contributor,Late bloomer or one-year starter; limited career longevity.,nan
202401517,Kory Hall,2024,WR,0.8525,WR,55.133804,55.6895516527566,55.6895516527566,Multi-Year Starter,Consistent career presence; reliable rotational player or specialist.,nan
202401525,Caleb Goodloe,2024,WR,0.8525,WR,53.57395,53.092455488117764,53.092455488117764,Multi-Year Starter,Consistent career presence; reliable rotational player or specialist.,nan
202401540,John Cineas,2024,WR,0.8519,WR,52.166332,49.91129151081455,49.91129151081455,Single Season Contributor,Late bloomer or one-year starter; limited career longevity.,nan
202401548,Keenan Jackson,2024,WR,0.8517,WR,54.853382,55.321576794052824,55.321576794052824,Multi-Year Starter,Consistent career presence; reliable rotational player or specialist.,nan
202401562,Dominic Dorwart,2024,WR,0.8511,WR,54.227356,54.26918792804214,54.26918792804214,Multi-Year Starter,Consistent career presence; reliable rotational player or specialist.,nan
202401565,Tei Nacua,2024,WR,0.8511,WR,56.076878,57.5276425951021,57.5276425951021,Multi-Year Starter,Consistent career presence; reliable rotational player or specialist.,nan
202401570,Isaiah Cobbs,2024,WR,0.8508,WR,54.805244,55.23462152513099,55.23462152513099,Multi-Year Starter,Consistent career presence; reliable rotational player or specialist.,nan
202401578,Jordan Martin,2024,WR,0.8506,WR,56.935787,60.06196316733556,60.06196316733556,Meaningful G5 Contributor,Standout starter at the Group of 5 level; high-end depth in Power 4.,Potential Day 3 Pick
202401579,Leon Washington Jr.,2024,WR,0.8506,WR,51.393402,48.21494725265968,48.21494725265968,Single Season Contributor,Late bloomer or one-year starter; limited career longevity.,nan
202401605,Ayden Gutierrez,2024,WR,0.85,WR,52.618,51.30840236775263,51.30840236775263,Multi-Year Starter,Consistent career presence; reliable rotational player or specialist.,nan
202401607,Jeremy Scott,2024,WR,0.85,WR,49.840813,43.34777085436076,43.34777085436076,Single Season Contributor,Late bloomer or one-year starter; limited career longevity.,nan
202401610,Marcel Williams,2024,WR,0.85,WR,46.81048,32.91839545139463,32.91839545139463,Partial Season Contributor,Rotational backup or special teams contributor; limited starts.,nan
202401612,Jose Leon,2024,WR,0.85,WR,50.30738,44.801164259269406,44.801164259269406,Single Season Contributor,Late bloomer or one-year starter; limited career longevity.,nan
202401628,Juriad Hughes,2024,WR,0.85,WR,44.011257,25.44756345358896,25.44756345358896,Partial Season Contributor,Rotational backup or special teams contributor; limited starts.,nan
202401631,Kayden McGee,2024,WR,0.85,WR,56.05926,57.51443140548196,57.51443140548196,Multi-Year Starter,Consistent career presence; reliable rotational player or specialist.,nan
202401642,Kobe Brown,2024,WR,0.85,WR,57.8502,62.531988866754354,62.531988866754354,Meaningful G5 Contributor,Standout starter at the Group of 5 level; high-end depth in Power 4.,Potential Day 3 Pick
202401676,Edward Louis,2024,WR,0.8486,WR,52.856163,51.67099056561507,51.67099056561507,Multi-Year Starter,Consistent career presence; reliable rotational player or specialist.,nan
202401689,Cameron Flowers,2024,WR,0.8483,WR,56.05985,57.514871969189514,57.514871969189514,Multi-Year Starter,Consistent career presence; reliable rotational player or specialist.,nan
202401707,Jaythn Long,2024,WR,0.8478,WR,54.60949,54.98119772259945,54.98119772259945,Multi-Year Starter,Consistent career presence; reliable rotational player or specialist.,nan
202401708,Mason Arhin,2024,WR,0.8478,WR,62.7291,71.2976939233387,71.2976939233387,Meaningful P4 Contributor,Reliable multi-year starter at the highest level of competition.,Potential Day 2 Pick
202401718,Donte Ferrell,2024,WR,0.8475,WR,55.002106,55.53167481981779,55.53167481981779,Multi-Year Starter,Consistent career presence; reliable rotational player or specialist.,nan
202401722,Elijah Jones,2024,WR,0.8475,WR,60.287647,67.58673928101487,67.58673928101487,Meaningful G5 Contributor,Standout starter at the Group of 5 level; high-end depth in Power 4.,Potential Day 3 Pick
202401741,Brock Montgomery,2024,WR,0.8467,WR,51.560318,48.537137625891624,48.537137625891624,Single Season Contributor,Late bloomer or one-year starter; limited career longevity.,nan
202401751,Jordan Malau'ulu,2024,WR,0.8464,WR,53.943363,53.82806014304648,53.82806014304648,Multi-Year Starter,Consistent career presence; reliable rotational player or specialist.,nan
202401752,Keon Davis,2024,WR,0.8464,WR,51.455116,48.33407139239244,48.33407139239244,Single Season Contributor,Late bloomer or one-year starter; limited career longevity.,nan
202401767,Jaxon Branch,2024,WR,0.8456,WR,55.457428,56.309035036961085,56.309035036961085,Multi-Year Starter,Consistent career presence; reliable rotational player or specialist.,nan
202401773,Tyler Stewart,2024,WR,0.8453,WR,54.198284,54.21737652455422,54.21737652455422,Multi-Year Starter,Consistent career presence; reliable rotational player or specialist.,nan
202401778,Jamar Taylor Jr.,2024,WR,0.845,WR,48.869232,40.18754372438056,40.18754372438056,Single Season Contributor,Late bloomer or one-year starter; limited career longevity.,nan
202401782,Michael Key,2024,WR,0.845,WR,49.242767,41.4942378703853,41.4942378703853,Single Season Contributor,Late bloomer or one-year starter; limited career longevity.,nan
202401798,Elijah Garrick,2024,WR,0.8444,WR,57.89097,62.658222605627955,62.658222605627955,Meaningful G5 Contributor,Standout starter at the Group of 5 level; high-end depth in Power 4.,Potential Day 3 Pick
202401805,Josiah Booker,2024,WR,0.8444,WR,49.26847,41.559280533900555,41.559280533900555,Single Season Contributor,Late bloomer or one-year starter; limited career longevity.,nan
202401808,Cedric Lott Jr.,2024,WR,0.8444,WR,49.580093,42.460648612635914,42.460648612635914,Single Season Contributor,Late bloomer or one-year starter; limited career longevity.,nan
202401816,Axzavian Alexander,2024,WR,0.8442,WR,50.34219,44.930158825409,44.930158825409,Single Season Contributor,Late bloomer or one-year starter; limited career longevity.,nan
202401856,Chris Barnes,2024,WR,0.8419,WR,57.404182,61.48381440059084,61.48381440059084,Meaningful G5 Contributor,Standout starter at the Group of 5 level; high-end depth in Power 4.,Potential Day 3 Pick
202401859,Dakota Taylor,2024,WR,0.8419,WR,42.00929,21.059152542836628,21.059152542836628,Partial Season Contributor,Rotational backup or special teams contributor; limited starts.,nan
202401863,Daijon Calimon,2024,WR,0.8417,WR,54.85757,55.3291429153997,55.3291429153997,Multi-Year Starter,Consistent career presence; reliable rotational player or specialist.,nan
202401871,Dillon Lorick,2024,WR,0.8417,WR,50.728344,46.110512278683274,46.110512278683274,Single Season Contributor,Late bloomer or one-year starter; limited career longevity.,nan
202401878,Jyron Waiters,2024,WR,0.8411,WR,55.513153,56.45750613712512,56.45750613712512,Multi-Year Starter,Consistent career presence; reliable rotational player or specialist.,nan
202401887,Brady Kluse,2024,WR,0.8411,WR,51.447506,48.31938152598331,48.31938152598331,Single Season Contributor,Late bloomer or one-year starter; limited career longevity.,nan
202401889,Adrian Thomas,2024,WR,0.8411,WR,62.948124,71.54867792429383,71.54867792429383,Meaningful P4 Contributor,Reliable multi-year starter at the highest level of competition.,Potential Day 2 Pick
202401894,Jaylen Hampton,2024,WR,0.8411,WR,51.032703,47.02411425177993,47.02411425177993,Single Season Contributor,Late bloomer or one-year starter; limited career longevity.,nan
202401902,Darrion Gilliam,2024,WR,0.8404,WR,46.812103,32.922063027050996,32.922063027050996,Partial Season Contributor,Rotational backup or special teams contributor; limited starts.,nan
202401907,Recordo Tarver,2024,WR,0.8404,WR,54.565857,54.92702059988242,54.92702059988242,Multi-Year Starter,Consistent career presence; reliable rotational player or specialist.,nan
202401916,Kaden Hurst,2024,WR,0.8403,WR,51.820343,49.28206119369765,49.28206119369765,Single Season Contributor,Late bloomer or one-year starter; limited career longevity.,nan
202401919,Jonah Dawson,2024,WR,0.84,WR,55.105804,55.65032608392162,55.65032608392162,Multi-Year Starter,Consistent career presence; reliable rotational player or specialist.,nan
202401924,Cameron Mitchell,2024,WR,0.84,WR,55.460423,56.315880284460874,56.315880284460874,Multi-Year Starter,Consistent career presence; reliable rotational player or specialist.,nan
202401925,Jadus Stubbs,2024,WR,0.84,WR,53.50029,52.960090477554495,52.960090477554495,Multi-Year Starter,Consistent career presence; reliable rotational player or specialist.,nan
202401931,Daulton Beard,2024,WR,0.84,WR,47.1648,33.71805608447032,33.71805608447032,Partial Season Contributor,Rotational backup or special teams contributor; limited starts.,nan
202401932,Ziggy Holloway,2024,WR,0.84,WR,52.97184,51.92799176046183,51.92799176046183,Multi-Year Starter,Consistent career presence; reliable rotational player or specialist.,nan
202401933,Israel Hiraldo,2024,WR,0.84,WR,51.452454,48.32893177998463,48.32893177998463,Single Season Contributor,Late bloomer or one-year starter; limited career longevity.,nan
202401940,Tracy James,2024,WR,0.84,WR,56.072407,57.524289733639385,57.524289733639385,Multi-Year Starter,Consistent career presence; reliable rotational player or specialist.,nan
202401942,Khali Best,2024,WR,0.84,WR,54.305645,54.3864681741224,54.3864681741224,Multi-Year Starter,Consistent career presence; reliable rotational player or specialist.,nan
202401951,Hayden Eligon II,2024,WR,0.84,WR,51.41938,48.26509160867279,48.26509160867279,Single Season Contributor,Late bloomer or one-year starter; limited career longevity.,nan
202401954,Stacy Dobbins,2024,WR,0.84,WR,52.900814,51.73320215164637,51.73320215164637,Multi-Year Starter,Consistent career presence; reliable rotational player or specialist.,nan
202401955,Demarion Jenkins,2024,WR,0.84,WR,55.686623,56.86798201005734,56.86798201005734,Multi-Year Starter,Consistent career presence; reliable rotational player or specialist.,nan
202401958,D'Arious Reed,2024,WR,0.84,WR,50.577484,45.762199584493274,45.762199584493274,Single Season Contributor,Late bloomer or one-year starter; limited career longevity.,nan
202401960,Julius Ellens,2024,WR,0.84,WR,58.797688,65.08080068727209,65.08080068727209,Meaningful G5 Contributor,Standout starter at the Group of 5 level; high-end depth in Power 4.,Potential Day 3 Pick
202401961,Mahki Gray,2024,WR,0.84,WR,54.862137,55.33739122801555,55.33739122801555,Multi-Year Starter,Consistent career presence; reliable rotational player or specialist.,nan
202401962,Zamir Herald,2024,WR,0.84,WR,54.429512,54.615911087754434,54.615911087754434,Multi-Year Starter,Consistent career presence; reliable rotational player or specialist.,nan
202401970,C.J. Jordan,2024,WR,0.84,WR,52.118973,49.78545507799978,49.78545507799978,Single Season Contributor,Late bloomer or one-year starter; limited career longevity.,nan
202401972,Tavaris Coles,2024,WR,0.84,WR,51.701595,48.974016545905165,48.974016545905165,Single Season Contributor,Late bloomer or one-year starter; limited career longevity.,nan
202401974,Kedarius Jones,2024,WR,0.84,WR,51.6687,48.87112702151717,48.87112702151717,Single Season Contributor,Late bloomer or one-year starter; limited career longevity.,nan
202401977,Ben Scolari,2024,WR,0.84,WR,62.398895,70.88417951131859,70.88417951131859,Meaningful P4 Contributor,Reliable multi-year starter at the highest level of competition.,Potential Day 2 Pick
202401985,Daryl Barnett Jr.,2024,WR,0.84,WR,52.37514,50.5582496533701,50.5582496533701,Multi-Year Starter,Consistent career presence; reliable rotational player or specialist.,nan
202401995,Kenyon Miles,2024,WR,0.84,WR,53.998676,53.89980724982769,53.89980724982769,Multi-Year Starter,Consistent career presence; reliable rotational player or specialist.,nan
202402015,Antavious Murphy,2024,WR,0.8389,WR,55.51158,56.45295981736682,56.45295981736682,Multi-Year Starter,Consistent career presence; reliable rotational player or specialist.,nan
202402031,Jamauri Knox,2024,WR,0.8378,WR,54.53053,54.842026694882364,54.842026694882364,Multi-Year Starter,Consistent career presence; reliable rotational player or specialist.,nan
202402033,Terrell Bradshaw,2024,WR,0.8378,WR,55.159786,55.73284684970104,55.73284684970104,Multi-Year Starter,Consistent career presence; reliable rotational player or specialist.,nan
202402039,Bryson Goodwin,2024,WR,0.8378,WR,52.922966,51.790805579163575,51.790805579163575,Multi-Year Starter,Consistent career presence; reliable rotational player or specialist.,nan
202402053,Mason Ferguson,2024,WR,0.837,WR,52.97589,51.9393632656553,51.9393632656553,Multi-Year Starter,Consistent career presence; reliable rotational player or specialist.,nan
202402056,Braylon Littlejohn,2024,WR,0.837,WR,56.893066,59.86508592244627,59.86508592244627,Multi-Year Starter,Consistent career presence; reliable rotational player or specialist.,nan
202402071,Josh Evans,2024,WR,0.8367,WR,54.94387,55.46504260241752,55.46504260241752,Multi-Year Starter,Consistent career presence; reliable rotational player or specialist.,nan
202402073,Avery McFadden,2024,WR,0.8363,WR,57.111477,60.558330006804916,60.558330006804916,Meaningful G5 Contributor,Standout starter at the Group of 5 level; high-end depth in Power 4.,Potential Day 3 Pick
202402097,Glenn Smith III,2024,WR,0.835,WR,55.66962,56.84075770956691,56.84075770956691,Multi-Year Starter,Consistent career presence; reliable rotational player or specialist.,nan
202402116,Joshua Porter,2024,WR,0.8344,WR,53.92156,53.799776938745694,53.799776938745694,Multi-Year Starter,Consistent career presence; reliable rotational player or specialist.,nan
202402123,Kiandre Terry,2024,WR,0.8344,WR,50.924168,46.639914802994774,46.639914802994774,Single Season Contributor,Late bloomer or one-year starter; limited career longevity.,nan
202402136,Miles Coleman,2024,WR,0.8337,WR,62.322212,70.77210551187484,70.77210551187484,Meaningful P4 Contributor,Reliable multi-year starter at the highest level of competition.,Potential Day 2 Pick
202402138,Baron Tipton,2024,WR,0.8337,WR,50.215996,44.622807649415414,44.622807649415414,Single Season Contributor,Late bloomer or one-year starter; limited career longevity.,nan
202402139,TK Keyes,2024,WR,0.8337,WR,53.85343,53.63832644998458,53.63832644998458,Multi-Year Starter,Consistent career presence; reliable rotational player or specialist.,nan
202402141,Xavier Daisy,2024,WR,0.8337,WR,51.00286,46.91337473800545,46.91337473800545,Single Season Contributor,Late bloomer or one-year starter; limited career longevity.,nan
202402144,Frank Abreu,2024,WR,0.8337,WR,56.718655,59.298305817391636,59.298305817391636,Multi-Year Starter,Consistent career presence; reliable rotational player or specialist.,nan
202402149,Kenyon Massey,2024,WR,0.8336,WR,53.604805,53.147915009512545,53.147915009512545,Multi-Year Starter,Consistent career presence; reliable rotational player or specialist.,nan
202402157,Owen Carter,2024,WR,0.833,WR,52.86019,51.67660316150136,51.67660316150136,Multi-Year Starter,Consistent career presence; reliable rotational player or specialist.,nan
202402160,Shaun Nicholas,2024,WR,0.833,WR,52.18524,49.97197562247668,49.97197562247668,Single Season Contributor,Late bloomer or one-year starter; limited career longevity.,nan
202402163,Nicholas Smith Jr.,2024,WR,0.8328,WR,55.266373,55.91045822803382,55.91045822803382,Multi-Year Starter,Consistent career presence; reliable rotational player or specialist.,nan
202402168,Jalen Harris,2024,WR,0.8328,WR,51.614475,48.70151382550936,48.70151382550936,Single Season Contributor,Late bloomer or one-year starter; limited career longevity.,nan
202402200,Wondame Davis Jr.,2024,WR,0.8306,WR,54.88941,55.386653706621,55.386653706621,Multi-Year Starter,Consistent career presence; reliable rotational player or specialist.,nan
202402201,LJ Green,2024,WR,0.8306,WR,54.695366,55.077944931098855,55.077944931098855,Multi-Year Starter,Consistent career presence; reliable rotational player or specialist.,nan
202402215,Bryce Gee,2024,WR,0.8304,WR,50.48901,45.45636686519424,45.45636686519424,Single Season Contributor,Late bloomer or one-year starter; limited career longevity.,nan
202402223,EJ Reid,2024,WR,0.8304,WR,55.343815,56.06150919660088,56.06150919660088,Multi-Year Starter,Consistent career presence; reliable rotational player or specialist.,nan
202402227,Elijah Realzola,2024,WR,0.8304,WR,54.883453,55.37589713519799,55.37589713519799,Multi-Year Starter,Consistent career presence; reliable rotational player or specialist.,nan
202402231,Xavier Bowman,2024,WR,0.83,WR,50.77976,46.2339623509652,46.2339623509652,Single Season Contributor,Late bloomer or one-year starter; limited career longevity.,nan
202402235,Bryson Dedmon,2024,WR,0.83,WR,62.61339,71.15279357392737,71.15279357392737,Meaningful P4 Contributor,Reliable multi-year starter at the highest level of competition.,Potential Day 2 Pick
202402242,Kage Repenn,2024,WR,0.83,WR,52.560905,51.20501353837659,51.20501353837659,Multi-Year Starter,Consistent career presence; reliable rotational player or specialist.,nan
202402245,Snap Reed,2024,WR,0.83,WR,50.285366,44.748035335168105,44.748035335168105,Single Season Contributor,Late bloomer or one-year starter; limited career longevity.,nan
202402254,Marcus Brown,2024,WR,0.83,WR,53.463634,52.894530464158564,52.894530464158564,Multi-Year Starter,Consistent career presence; reliable rotational player or specialist.,nan
202402256,Josiah Lamarque,2024,WR,0.83,WR,53.588108,53.11790186347583,53.11790186347583,Multi-Year Starter,Consistent career presence; reliable rotational player or specialist.,nan
202402260,Albert Haywood,2024,WR,0.83,WR,53.688175,53.29815574321511,53.29815574321511,Multi-Year Starter,Consistent career presence; reliable rotational player or specialist.,nan
202402276,Rick Penick,2024,WR,0.83,WR,55.7915,57.036767125053395,57.036767125053395,Multi-Year Starter,Consistent career presence; reliable rotational player or specialist.,nan
202402277,Mason York,2024,WR,0.83,WR,53.026638,52.08180689426994,52.08180689426994,Multi-Year Starter,Consistent career presence; reliable rotational player or specialist.,nan
202402291,Dequadrion Welch,2024,WR,0.83,WR,53.179996,52.3959331769876,52.3959331769876,Multi-Year Starter,Consistent career presence; reliable rotational player or specialist.,nan
202402292,George Dimopoulos,2024,WR,0.83,WR,57.339977,61.33064987179949,61.33064987179949,Meaningful G5 Contributor,Standout starter at the Group of 5 level; high-end depth in Power 4.,Potential Day 3 Pick
202402295,Mackenzie Alleyne,2024,WR,0.83,WR,52.739548,51.50851229265678,51.50851229265678,Multi-Year Starter,Consistent career presence; reliable rotational player or specialist.,nan
202402299,Lance Beeghley,2024,WR,0.83,WR,51.64224,48.78835482730639,48.78835482730639,Single Season Contributor,Late bloomer or one-year starter; limited career longevity.,nan
202402301,Dylan Gentry,2024,WR,0.83,WR,52.93814,51.833400539295056,51.833400539295056,Multi-Year Starter,Consistent career presence; reliable rotational player or specialist.,nan
202402302,Parker Fulghum,2024,WR,0.83,WR,55.365513,56.10610959262502,56.10610959262502,Multi-Year Starter,Consistent career presence; reliable rotational player or specialist.,nan
202402314,Jordan Woolen,2024,WR,0.8294,WR,52.57719,51.23450287575925,51.23450287575925,Multi-Year Starter,Consistent career presence; reliable rotational player or specialist.,nan
202402338,Christopher Jones,2024,WR,0.827,WR,54.86343,55.33972721630024,55.33972721630024,Multi-Year Starter,Consistent career presence; reliable rotational player or specialist.,nan
202402356,Antonio Floyd,2024,WR,0.8263,WR,56.54582,58.805245395206725,58.805245395206725,Multi-Year Starter,Consistent career presence; reliable rotational player or specialist.,nan
202402357,Junior Thornton,2024,WR,0.8263,WR,54.243057,54.29270912342617,54.29270912342617,Multi-Year Starter,Consistent career presence; reliable rotational player or specialist.,nan
202402365,Jayvion Showers,2024,WR,0.8256,WR,53.52429,53.0031840354671,53.0031840354671,Multi-Year Starter,Consistent career presence; reliable rotational player or specialist.,nan
202402374,Montez Redding,2024,WR,0.8256,WR,54.473637,54.70779061148069,54.70779061148069,Multi-Year Starter,Consistent career presence; reliable rotational player or specialist.,nan
202402379,Rafeald Campbell,2024,WR,0.8256,WR,54.789352,55.20591436526663,55.20591436526663,Multi-Year Starter,Consistent career presence; reliable rotational player or specialist.,nan
202402387,Reggie Witherspoon III,2024,WR,0.825,WR,55.0932,55.63590496206321,55.63590496206321,Multi-Year Starter,Consistent career presence; reliable rotational player or specialist.,nan
202402453,Jeremiah Colbert,2024,WR,0.8219,WR,52.811424,51.608656735544585,51.608656735544585,Multi-Year Starter,Consistent career presence; reliable rotational player or specialist.,nan
202402465,Karson Maynard,2024,WR,0.8206,WR,53.82419,53.55693993635234,53.55693993635234,Multi-Year Starter,Consistent career presence; reliable rotational player or specialist.,nan
202402466,Bryce Dorsey,2024,WR,0.8206,WR,54.725758,55.112183781939066,55.112183781939066,Multi-Year Starter,Consistent career presence; reliable rotational player or specialist.,nan
202402485,Dallen Ponder,2024,WR,0.8204,WR,50.292797,44.76144988187398,44.76144988187398,Single Season Contributor,Late bloomer or one-year starter; limited career longevity.,nan
202402491,Justice Spann,2024,WR,0.82,WR,55.066887,55.60579694191208,55.60579694191208,Multi-Year Starter,Consistent career presence; reliable rotational player or specialist.,nan
202402495,Dylan Karz,2024,WR,0.82,WR,56.72321,59.31113007669678,59.31113007669678,Multi-Year Starter,Consistent career presence; reliable rotational player or specialist.,nan
202402499,Deacon Stanfield,2024,WR,0.82,WR,52.501617,51.09765273219216,51.09765273219216,Multi-Year Starter,Consistent career presence; reliable rotational player or specialist.,nan
202402500,Jabez Woods,2024,WR,0.82,WR,51.593132,48.63475435792838,48.63475435792838,Single Season Contributor,Late bloomer or one-year starter; limited career longevity.,nan
202402501,Jason Harris,2024,WR,0.82,WR,51.79998,49.24157786704381,49.24157786704381,Single Season Contributor,Late bloomer or one-year starter; limited career longevity.,nan
202402509,Bain Eiseman,2024,WR,0.82,WR,51.610027,48.68760112860151,48.68760112860151,Single Season Contributor,Late bloomer or one-year starter; limited career longevity.,nan
202402518,Aris Pittman,2024,WR,0.82,WR,48.864185,40.16588012915033,40.16588012915033,Single Season Contributor,Late bloomer or one-year starter; limited career longevity.,nan
202402533,Reign Broadway,2024,WR,0.82,WR,49.722294,42.952368456050365,42.952368456050365,Single Season Contributor,Late bloomer or one-year starter; limited career longevity.,nan
202402534,Brooks Davis,2024,WR,0.82,WR,50.338093,44.91497634167926,44.91497634167926,Single Season Contributor,Late bloomer or one-year starter; limited career longevity.,nan
202402554,Raydrian Baltrip,2024,WR,0.82,WR,62.029785,70.27254610099125,70.27254610099125,Meaningful P4 Contributor,Reliable multi-year starter at the highest level of competition.,Potential Day 2 Pick
202402555,Jaden Robinson,2024,WR,0.82,WR,47.59361,35.130171711074084,35.130171711074084,Partial Season Contributor,Rotational backup or special teams contributor; limited starts.,nan
202402565,JJ Douglas,2024,WR,0.8196,WR,62.128994,70.44202667182338,70.44202667182338,Meaningful P4 Contributor,Reliable multi-year starter at the highest level of competition.,Potential Day 2 Pick
202402567,Winn Sharp,2024,WR,0.8196,WR,45.793354,30.36978805531608,30.36978805531608,Partial Season Contributor,Rotational backup or special teams contributor; limited starts.,nan
202402572,Zach Taylor,2024,WR,0.8196,WR,51.403164,48.23379004370778,48.23379004370778,Single Season Contributor,Late bloomer or one-year starter; limited career longevity.,nan
202402575,Jonathan Bibbs,2024,WR,0.8194,WR,53.983833,53.880554284828676,53.880554284828676,Multi-Year Starter,Consistent career presence; reliable rotational player or specialist.,nan
202402578,Kevin Beckham,2024,WR,0.8189,WR,50.341995,44.9294378694777,44.9294378694777,Single Season Contributor,Late bloomer or one-year starter; limited career longevity.,nan
202402580,Marcus Field,2024,WR,0.8189,WR,51.29665,47.78414873271623,47.78414873271623,Single Season Contributor,Late bloomer or one-year starter; limited career longevity.,nan
202402608,Jay Simon,2024,WR,0.8163,WR,53.9068,53.78063283142594,53.78063283142594,Multi-Year Starter,Consistent career presence; reliable rotational player or specialist.,nan
202402613,La'Don Bryant,2024,WR,0.8163,WR,53.698463,53.31676466659595,53.31676466659595,Multi-Year Starter,Consistent career presence; reliable rotational player or specialist.,nan
202402625,Nasir Williams,2024,WR,0.8156,WR,52.051605,49.68731773202274,49.68731773202274,Single Season Contributor,Late bloomer or one-year starter; limited career longevity.,nan
202402652,Devon Akers,2024,WR,0.8144,WR,57.11121,60.55775559305963,60.55775559305963,Meaningful G5 Contributor,Standout starter at the Group of 5 level; high-end depth in Power 4.,Potential Day 3 Pick
202402668,Wayne Harris,2024,WR,0.8137,WR,52.414997,50.678914685975656,50.678914685975656,Multi-Year Starter,Consistent career presence; reliable rotational player or specialist.,nan
202402685,Javon Brown,2024,WR,0.8106,WR,51.056343,47.1118367069583,47.1118367069583,Single Season Contributor,Late bloomer or one-year starter; limited career longevity.,nan
202402686,Ivory Aikens,2024,WR,0.8106,WR,56.927475,60.02365657597796,60.02365657597796,Meaningful G5 Contributor,Standout starter at the Group of 5 level; high-end depth in Power 4.,Potential Day 3 Pick
202402698,Tyler Nystrom,2024,WR,0.8104,WR,43.158375,22.964517167032803,22.964517167032803,Partial Season Contributor,Rotational backup or special teams contributor; limited starts.,nan
202402706,Kenen Elder,2024,WR,0.81,WR,54.086555,54.01379608423587,54.01379608423587,Multi-Year Starter,Consistent career presence; reliable rotational player or specialist.,nan
202402708,Tony Harste,2024,WR,0.81,WR,52.581142,51.24165934180011,51.24165934180011,Multi-Year Starter,Consistent career presence; reliable rotational player or specialist.,nan
202402710,Domenic Marconato,2024,WR,0.81,WR,57.332497,61.312804488818095,61.312804488818095,Meaningful G5 Contributor,Standout starter at the Group of 5 level; high-end depth in Power 4.,Potential Day 3 Pick
202402712,Reese Leonard,2024,WR,0.81,WR,50.144825,44.49432962175041,44.49432962175041,Single Season Contributor,Late bloomer or one-year starter; limited career longevity.,nan
202402714,Darius Doyle,2024,WR,0.81,WR,51.527428,48.47365089497459,48.47365089497459,Single Season Contributor,Late bloomer or one-year starter; limited career longevity.,nan
202402716,Paul Kuhner,2024,WR,0.81,WR,50.881687,46.52049683739351,46.52049683739351,Single Season Contributor,Late bloomer or one-year starter; limited career longevity.,nan
202402717,La'akea Kalama,2024,WR,0.81,WR,52.825043,51.62763113641017,51.62763113641017,Multi-Year Starter,Consistent career presence; reliable rotational player or specialist.,nan
202402720,James Diaz,2024,WR,0.81,WR,54.345654,54.44640264865779,54.44640264865779,Multi-Year Starter,Consistent career presence; reliable rotational player or specialist.,nan
202402731,Brian Ray III,2024,WR,0.81,WR,46.62796,32.50605185153677,32.50605185153677,Partial Season Contributor,Rotational backup or special teams contributor; limited starts.,nan
202402734,Noah McNair,2024,WR,0.81,WR,49.97088,43.78472126289531,43.78472126289531,Single Season Contributor,Late bloomer or one-year starter; limited career longevity.,nan
202402758,Khalil Cueva,2024,WR,0.81,WR,49.505432,42.22742440967014,42.22742440967014,Single Season Contributor,Late bloomer or one-year starter; limited career longevity.,nan
202402760,Chris Brown,2024,WR,0.81,WR,53.804028,53.50770450223478,53.50770450223478,Multi-Year Starter,Consistent career presence; reliable rotational player or specialist.,nan
202402761,Jordan Anderson,2024,WR,0.81,WR,51.24187,47.60687288821284,47.60687288821284,Single Season Contributor,Late bloomer or one-year starter; limited career longevity.,nan
202402765,Jordan McCord III,2024,WR,0.81,WR,51.679615,48.905264436485744,48.905264436485744,Single Season Contributor,Late bloomer or one-year starter; limited career longevity.,nan
202402767,Mikael King-Haagen,2024,WR,0.81,WR,50.80482,46.304416377006895,46.304416377006895,Single Season Contributor,Late bloomer or one-year starter; limited career longevity.,nan
202402776,Tate Kjar,2024,WR,0.8096,WR,54.995754,55.524407517186354,55.524407517186354,Multi-Year Starter,Consistent career presence; reliable rotational player or specialist.,nan
202402777,Eric Nelson,2024,WR,0.8096,WR,51.71581,49.01847512967759,49.01847512967759,Single Season Contributor,Late bloomer or one-year starter; limited career longevity.,nan
202402793,Tyrell Simmons Jr.,2024,WR,0.8083,WR,46.15548,31.436458642021503,31.436458642021503,Partial Season Contributor,Rotational backup or special teams contributor; limited starts.,nan
202402812,Brandon Crutchfield,2024,WR,0.8056,WR,48.844223,40.08019184960398,40.08019184960398,Single Season Contributor,Late bloomer or one-year starter; limited career longevity.,nan
202402821,Jackson Voth,2024,WR,0.805,WR,48.751404,39.68176509288282,39.68176509288282,Partial Season Contributor,Rotational backup or special teams contributor; limited starts.,nan
202402824,Jeremiah Watkins,2024,WR,0.8044,WR,48.159267,37.569206340042264,37.569206340042264,Partial Season Contributor,Rotational backup or special teams contributor; limited starts.,nan
202402829,Carmelo Mays,2024,WR,0.8033,WR,50.870163,46.48810085372959,46.48810085372959,Single Season Contributor,Late bloomer or one-year starter; limited career longevity.,nan
202402832,Kyle Koch,2024,WR,0.8033,WR,48.067745,37.13672455869385,37.13672455869385,Partial Season Contributor,Rotational backup or special teams contributor; limited starts.,nan
202402869,Danyel Khan,2024,WR,0.8,WR,44.082775,25.657387753838677,25.657387753838677,Partial Season Contributor,Rotational backup or special teams contributor; limited starts.,nan
202402887,Jayden Chanel,2024,WR,0.8,WR,55.358593,56.09188576731071,56.09188576731071,Multi-Year Starter,Consistent career presence; reliable rotational player or specialist.,nan
202402912,Jack Burke,2024,WR,0.8,WR,51.77348,49.18889190408686,49.18889190408686,Single Season Contributor,Late bloomer or one-year starter; limited career longevity.,nan
202402913,Astin Hange,2024,WR,0.8,WR,51.431236,48.28797687423648,48.28797687423648,Single Season Contributor,Late bloomer or one-year starter; limited career longevity.,nan
202402915,Sammy Dresie,2024,WR,0.8,WR,48.96281,40.574636637654336,40.574636637654336,Single Season Contributor,Late bloomer or one-year starter; limited career longevity.,nan
202402916,Daven Amos,2024,WR,0.8,WR,49.920403,43.60682080177904,43.60682080177904,Single Season Contributor,Late bloomer or one-year starter; limited career longevity.,nan
202402924,Freddie Budwine,2024,WR,0.8,WR,54.605152,54.97631136971814,54.97631136971814,Multi-Year Starter,Consistent career presence; reliable rotational player or specialist.,nan
202402928,Grady Walker,2024,WR,0.8,WR,50.711365,46.07239835544877,46.07239835544877,Single Season Contributor,Late bloomer or one-year starter; limited career longevity.,nan
202402936,Julian Johnson,2024,WR,0.8,WR,47.882767,36.282863340802926,36.282863340802926,Partial Season Contributor,Rotational backup or special teams contributor; limited starts.,nan
202402943,Owen Tomich,2024,WR,0.8,WR,48.16371,37.5844784018432,37.5844784018432,Partial Season Contributor,Rotational backup or special teams contributor; limited starts.,nan
202402955,Kai Hamilton,2024,WR,0.7994,WR,48.7986,39.88435163875468,39.88435163875468,Partial Season Contributor,Rotational backup or special teams contributor; limited starts.,nan
202402962,Ky McNulty,2024,WR,0.7983,WR,52.26511,50.22512731412099,50.22512731412099,Multi-Year Starter,Consistent career presence; reliable rotational player or specialist.,nan
202402979,Wyatt Sonderman,2024,WR,0.7933,WR,52.29476,50.31489849505925,50.31489849505925,Multi-Year Starter,Consistent career presence; reliable rotational player or specialist.,nan
202402984,Ryan Parker,2024,WR,0.79,WR,53.6478,53.22520040338501,53.22520040338501,Multi-Year Starter,Consistent career presence; reliable rotational player or specialist.,nan
202402994,Myles Carson,2024,WR,0.79,WR,49.81115,43.25122309788431,43.25122309788431,Single Season Contributor,Late bloomer or one-year starter; limited career longevity.,nan
202402999,Isiah St. Romain,2024,WR,0.79,WR,50.15313,44.50932113518916,44.50932113518916,Single Season Contributor,Late bloomer or one-year starter; limited career longevity.,nan
202403030,Joseph Harris,2024,WR,0.79,WR,57.78259,62.3469473036613,62.3469473036613,Meaningful G5 Contributor,Standout starter at the Group of 5 level; high-end depth in Power 4.,Potential Day 3 Pick
202403045,Landon Dolhancyk,2024,WR,0.79,WR,48.014076,36.88311559813238,36.88311559813238,Partial Season Contributor,Rotational backup or special teams contributor; limited starts.,nan
202403050,Shawn Irwin,2024,WR,0.79,WR,48.2746,37.89138865838847,37.89138865838847,Partial Season Contributor,Rotational backup or special teams contributor; limited starts.,nan
202403054,TJ Caldwell,2024,WR,0.79,WR,47.597332,35.1450135605301,35.1450135605301,Partial Season Contributor,Rotational backup or special teams contributor; limited starts.,nan
202403064,Trey Olsen,2024,WR,0.79,WR,49.770237,43.118060200737986,43.118060200737986,Single Season Contributor,Late bloomer or one-year starter; limited career longevity.,nan
202403072,Jarvis Heimuli,2024,WR,0.7883,WR,50.937473,46.67731870601356,46.67731870601356,Single Season Contributor,Late bloomer or one-year starter; limited career longevity.,nan
202403073,Armando Lewis Jr.,2024,WR,0.7883,WR,59.421318,66.18279237594709,66.18279237594709,Meaningful G5 Contributor,Standout starter at the Group of 5 level; high-end depth in Power 4.,Potential Day 3 Pick
202403077,Preston Hopperton,2024,WR,0.7844,WR,41.289135,19.865024694595604,19.865024694595604,Minimal D1 Impact,Roster filler; medical DQ; or transferred to lower levels.,nan
202403090,Elijah Vasquez,2024,WR,0.78,WR,43.8606,25.005553590453573,25.005553590453573,Partial Season Contributor,Rotational backup or special teams contributor; limited starts.,nan
202403093,Marcus Angiuli,2024,WR,0.78,WR,53.184326,52.40347879547655,52.40347879547655,Multi-Year Starter,Consistent career presence; reliable rotational player or specialist.,nan
202403118,Pierce Walker,2024,WR,0.78,WR,51.34087,47.99383177700185,47.99383177700185,Single Season Contributor,Late bloomer or one-year starter; limited career longevity.,nan
202403121,Casey Carlesimo,2024,WR,0.78,WR,51.494865,48.41079741143158,48.41079741143158,Single Season Contributor,Late bloomer or one-year starter; limited career longevity.,nan
202403125,Bode Gardner,2024,WR,0.78,WR,48.511017,38.77773137691917,38.77773137691917,Partial Season Contributor,Rotational backup or special teams contributor; limited starts.,nan
202403147,Quinten Johnson,2024,WR,0.78,WR,44.90403,27.909194363663367,27.909194363663367,Partial Season Contributor,Rotational backup or special teams contributor; limited starts.,nan
202403156,Cooper Swasey,2024,WR,0.78,WR,52.043537,49.67556459007815,49.67556459007815,Single Season Contributor,Late bloomer or one-year starter; limited career longevity.,nan
202403168,Donovan Anderson,2024,WR,0.78,WR,52.502552,51.09934513970182,51.09934513970182,Multi-Year Starter,Consistent career presence; reliable rotational player or specialist.,nan
202403170,Drew Wagner,2024,WR,0.78,WR,58.720016,64.91815666097403,64.91815666097403,Meaningful G5 Contributor,Standout starter at the Group of 5 level; high-end depth in Power 4.,Potential Day 3 Pick
202403183,Tommy Poe,2024,WR,0.78,WR,52.026142,49.65022448262315,49.65022448262315,Single Season Contributor,Late bloomer or one-year starter; limited career longevity.,nan
202403193,Rico Bond,2024,WR,0.78,WR,51.96215,49.557005118027185,49.557005118027185,Single Season Contributor,Late bloomer or one-year starter; limited career longevity.,nan
202403201,Isaiah Miller,2024,WR,0.78,WR,52.436783,50.79435572917674,50.79435572917674,Multi-Year Starter,Consistent career presence; reliable rotational player or specialist.,nan
202403215,Benjamin Stevens,2024,WR,0.78,WR,56.93911,60.077275255941565,60.077275255941565,Meaningful G5 Contributor,Standout starter at the Group of 5 level; high-end depth in Power 4.,Potential Day 3 Pick
202403224,Diezel Kamoku,2024,WR,0.78,WR,50.510143,45.52941965116055,45.52941965116055,Single Season Contributor,Late bloomer or one-year starter; limited career longevity.,nan
202403229,Solomon Martin,2024,WR,0.78,WR,41.47138,20.16721271806087,20.16721271806087,Partial Season Contributor,Rotational backup or special teams contributor; limited starts.,nan
202403243,Marcus Torres,2024,WR,0.78,WR,51.22947,47.57895622894755,47.57895622894755,Single Season Contributor,Late bloomer or one-year starter; limited career longevity.,nan
202403272,Miles Dixon,2024,WR,0.77,WR,44.4383,26.700454478767906,26.700454478767906,Partial Season Contributor,Rotational backup or special teams contributor; limited starts.,nan
202403276,Collin Fasse,2024,WR,0.77,WR,47.80822,35.98569180179736,35.98569180179736,Partial Season Contributor,Rotational backup or special teams contributor; limited starts.,nan
202403278,Anthony Lamberth II,2024,WR,0.77,WR,48.723938,39.579362789588714,39.579362789588714,Partial Season Contributor,Rotational backup or special teams contributor; limited starts.,nan
202403296,Cayden Ward,2024,WR,0.77,WR,48.58222,39.06139010444289,39.06139010444289,Partial Season Contributor,Rotational backup or special teams contributor; limited starts.,nan
202403309,Maurice Densmore,2024,WR,0.77,WR,50.73923,46.13495108724568,46.13495108724568,Single Season Contributor,Late bloomer or one-year starter; limited career longevity.,nan
202403312,Matthew Eleweke,2024,WR,0.77,WR,49.799744,43.21409889625564,43.21409889625564,Single Season Contributor,Late bloomer or one-year starter; limited career longevity.,nan
202403319,Trace Hernandez,2024,WR,0.77,WR,43.021183,22.73703171310588,22.73703171310588,Partial Season Contributor,Rotational backup or special teams contributor; limited starts.,nan
202403349,Jack Smith,2024,WR,0.77,WR,48.41332,38.33674124318515,38.33674124318515,Partial Season Contributor,Rotational backup or special teams contributor; limited starts.,nan
202403366,Paxon Kettering,2024,WR,0.77,WR,51.4146,48.25586534170004,48.25586534170004,Single Season Contributor,Late bloomer or one-year starter; limited career longevity.,nan
202403396,Tyson Hoke,2024,WR,0.77,WR,48.852486,40.11565923227116,40.11565923227116,Single Season Contributor,Late bloomer or one-year starter; limited career longevity.,nan
202403403,Jason Auzenne,2024,WR,0.77,WR,48.24968,37.822413299552245,37.822413299552245,Partial Season Contributor,Rotational backup or special teams contributor; limited starts.,nan
202403416,Braxton Young,2024,WR,0.76,WR,53.373672,52.73362903883688,52.73362903883688,Multi-Year Starter,Consistent career presence; reliable rotational player or specialist.,nan
202403420,Conor Croteau,2024,WR,0.76,WR,50.029655,44.07678231540368,44.07678231540368,Single Season Contributor,Late bloomer or one-year starter; limited career longevity.,nan
202403430,Jayden Reyes,2024,WR,0.76,WR,48.924572,40.42509004033296,40.42509004033296,Single Season Contributor,Late bloomer or one-year starter; limited career longevity.,nan
202403431,Kaden Malesis,2024,WR,0.76,WR,49.063725,40.96706332067226,40.96706332067226,Single Season Contributor,Late bloomer or one-year starter; limited career longevity.,nan
202403436,Daniel Rucker,2024,WR,0.76,WR,45.463856,29.376567642558012,29.376567642558012,Partial Season Contributor,Rotational backup or special teams contributor; limited starts.,nan
202403460,Gavin Noonan,2024,WR,0.76,WR,47.08177,33.530673962027116,33.530673962027116,Partial Season Contributor,Rotational backup or special teams contributor; limited starts.,nan
202403492,Mylan Walker,2024,WR,0.75,WR,50.195328,44.585497580600006,44.585497580600006,Single Season Contributor,Late bloomer or one-year starter; limited career longevity.,nan
202403516,Shaun Campbell,2024,WR,0.75,WR,57.05511,60.43707947108573,60.43707947108573,Meaningful G5 Contributor,Standout starter at the Group of 5 level; high-end depth in Power 4.,Potential Day 3 Pick
202403523,Luke Stanton,2024,WR,0.75,WR,50.366173,45.019034314430336,45.019034314430336,Single Season Contributor,Late bloomer or one-year starter; limited career longevity.,nan
202403537,Cole Thome,2024,WR,0.75,WR,52.870556,51.69104390300047,51.69104390300047,Multi-Year Starter,Consistent career presence; reliable rotational player or specialist.,nan
202403542,Jemani Teplasy,2024,WR,0.75,WR,47.63896,35.310965510441456,35.310965510441456,Partial Season Contributor,Rotational backup or special teams contributor; limited starts.,nan
202403543,Mika Roberson,2024,WR,0.75,WR,48.299465,37.96020564735135,37.96020564735135,Partial Season Contributor,Rotational backup or special teams contributor; limited starts.,nan
202403563,Jake Vermaas,2024,WR,0.75,WR,48.708252,39.522031797655266,39.522031797655266,Partial Season Contributor,Rotational backup or special teams contributor; limited starts.,nan
202403565,Tyler Creswick,2024,WR,0.74,WR,51.28442,47.72615668302854,47.72615668302854,Single Season Contributor,Late bloomer or one-year starter; limited career longevity.,nan
202403584,Aiden Wood,2024,WR,0.74,WR,51.897743,49.43594030531367,49.43594030531367,Single Season Contributor,Late bloomer or one-year starter; limited career longevity.,nan
202403602,Ryker Stimpson,2024,WR,0.74,WR,48.33545,38.05979918170037,38.05979918170037,Partial Season Contributor,Rotational backup or special teams contributor; limited starts.,nan
202403625,Caden Negra,2024,WR,0.73,WR,54.698032,55.080948942236965,55.080948942236965,Multi-Year Starter,Consistent career presence; reliable rotational player or specialist.,nan
202403632,Jacob Nemecek,2024,WR,0.73,WR,51.897743,49.43594030531367,49.43594030531367,Single Season Contributor,Late bloomer or one-year starter; limited career longevity.,nan
202403645,Kavon Matthews,2024,WR,0.73,WR,50.083614,44.344903005157775,44.344903005157775,Single Season Contributor,Late bloomer or one-year starter; limited career longevity.,nan
202403649,Andrew Johnson,2024,WR,0.72,WR,49.207832,41.405834677676374,41.405834677676374,Single Season Contributor,Late bloomer or one-year starter; limited career longevity.,nan
202403650,Ryan McKendry,2024,WR,0.72,WR,48.634865,39.25380864035572,39.25380864035572,Partial Season Contributor,Rotational backup or special teams contributor; limited starts.,nan
202403652,Ethan Burkhead,2024,WR,0.72,WR,49.187294,41.35386232677608,41.35386232677608,Single Season Contributor,Late bloomer or one-year starter; limited career longevity.,nan
202403662,Jordan Sengmany,2024,WR,0.72,WR,46.90253,33.12614725459596,33.12614725459596,Partial Season Contributor,Rotational backup or special teams contributor; limited starts.,nan
202403666,Kai Laukkanen,2024,WR,0.72,WR,49.474873,42.13196359371067,42.13196359371067,Single Season Contributor,Late bloomer or one-year starter; limited career longevity.,nan
202403676,Ray Brown,2024,WR,0.71,WR,48.288902,37.93097056873242,37.93097056873242,Partial Season Contributor,Rotational backup or special teams contributor; limited starts.,nan
202403683,Tadhg Brown,2024,WR,0.71,WR,49.337994,41.73520848619584,41.73520848619584,Single Season Contributor,Late bloomer or one-year starter; limited career longevity.,nan
202403685,Marco Turqueza,2024,WR,0.71,WR,45.410538,29.223256073951433,29.223256073951433,Partial Season Contributor,Rotational backup or special teams contributor; limited starts.,nan
202403695,Jayvon Bolds,2024,WR,0.7,WR,45.749035,30.2361949883134,30.2361949883134,Partial Season Contributor,Rotational backup or special teams contributor; limited starts.,nan
202500004,Dakorien Moore,2025,WR,0.9981,WR,71.6213,82.80442758923665,82.80442758923665,Elite Power 4,All-Conference/All-American honors.,First round NFL Draft talent
202500018,Kaliq Lockett,2025,WR,0.9908,WR,72.50769,83.71712378329418,83.71712378329418,Elite Power 4,All-Conference/All-American honors.,First round NFL Draft talent
202500019,Jerome Myles,2025,WR,0.9884,WR,68.284424,79.41746153135772,79.41746153135772,Meaningful P4 Contributor,Reliable multi-year starter at the highest level of competition.,Potential Day 2 Pick
202500020,Talyn Taylor,2025,WR,0.9877,WR,70.548294,81.74418936185283,81.74418936185283,Elite Power 4,All-Conference/All-American honors.,First round NFL Draft talent
202500023,Quincy Porter,2025,WR,0.9873,WR,67.01601,77.2278887351118,77.2278887351118,Meaningful P4 Contributor,Reliable multi-year starter at the highest level of competition.,Potential Day 2 Pick
202500030,Vernell Brown III,2025,WR,0.9852,WR,65.846375,75.68179211776068,75.68179211776068,Meaningful P4 Contributor,Reliable multi-year starter at the highest level of competition.,Potential Day 2 Pick
202500032,Caleb Cunningham,2025,WR,0.984,WR,65.810326,75.6216085969131,75.6216085969131,Meaningful P4 Contributor,Reliable multi-year starter at the highest level of competition.,Potential Day 2 Pick
202500035,Dallas Wilson,2025,WR,0.9827,WR,61.82063,69.97208930251645,69.97208930251645,Meaningful G5 Contributor,Standout starter at the Group of 5 level; high-end depth in Power 4.,Potential Day 3 Pick
202500044,Jaime Ffrench Jr.,2025,WR,0.979,WR,60.421326,67.7530677151024,67.7530677151024,Meaningful G5 Contributor,Standout starter at the Group of 5 level; high-end depth in Power 4.,Potential Day 3 Pick
202500085,Travis Smith Jr.,2025,WR,0.9551,WR,63.64423,72.52540103191478,72.52540103191478,Meaningful P4 Contributor,Reliable multi-year starter at the highest level of competition.,Potential Day 2 Pick
202500091,CJ Wiley,2025,WR,0.953,WR,62.96865,71.57100144125938,71.57100144125938,Meaningful P4 Contributor,Reliable multi-year starter at the highest level of competition.,Potential Day 2 Pick
202500095,Donovan Olugbode,2025,WR,0.9517,WR,56.896847,59.88250759846067,59.88250759846067,Multi-Year Starter,Consistent career presence; reliable rotational player or specialist.,nan
202500103,Daylan McCutcheon,2025,WR,0.9488,WR,64.29081,73.72607381545598,73.72607381545598,Meaningful P4 Contributor,Reliable multi-year starter at the highest level of competition.,Potential Day 2 Pick
202500106,Malik Clark,2025,WR,0.948,WR,64.053055,73.41487998434324,73.41487998434324,Meaningful P4 Contributor,Reliable multi-year starter at the highest level of competition.,Potential Day 2 Pick
202500113,Cortez Mills Jr.,2025,WR,0.9463,WR,64.16134,73.55985350536731,73.55985350536731,Meaningful P4 Contributor,Reliable multi-year starter at the highest level of competition.,Potential Day 2 Pick
202500117,Andrew Marsh,2025,WR,0.9448,WR,64.12068,73.50765621412027,73.50765621412027,Meaningful P4 Contributor,Reliable multi-year starter at the highest level of competition.,Potential Day 2 Pick
202500125,Joshua Moore,2025,WR,0.9435,WR,58.563248,64.52085367363087,64.52085367363087,Meaningful G5 Contributor,Standout starter at the Group of 5 level; high-end depth in Power 4.,Potential Day 3 Pick
202500126,Derek Meadows,2025,WR,0.9434,WR,69.30733,80.60175245643914,80.60175245643914,Elite Power 4,All-Conference/All-American honors.,First round NFL Draft talent
202500154,Jalen Cooper,2025,WR,0.935,WR,69.18568,80.48976054432511,80.48976054432511,Elite Power 4,All-Conference/All-American honors.,First round NFL Draft talent
202500159,Cooper Perry,2025,WR,0.9329,WR,64.111626,73.49602960786952,73.49602960786952,Meaningful P4 Contributor,Reliable multi-year starter at the highest level of competition.,Potential Day 2 Pick
202500160,TaRon Francis,2025,WR,0.9329,WR,65.82228,75.64156787250425,75.64156787250425,Meaningful P4 Contributor,Reliable multi-year starter at the highest level of competition.,Potential Day 2 Pick
202500165,Donovan Murph,2025,WR,0.9316,WR,65.206116,74.73377799112039,74.73377799112039,Meaningful P4 Contributor,Reliable multi-year starter at the highest level of competition.,Potential Day 2 Pick
202500170,Naeshaun Montgomery,2025,WR,0.9304,WR,68.49698,79.85574374190288,79.85574374190288,Meaningful P4 Contributor,Reliable multi-year starter at the highest level of competition.,Potential Day 2 Pick
202500179,Jayvan Boggs,2025,WR,0.9288,WR,57.652863,62.008963238442306,62.008963238442306,Meaningful G5 Contributor,Standout starter at the Group of 5 level; high-end depth in Power 4.,Potential Day 3 Pick
202500185,Lotzeir Brooks,2025,WR,0.9276,WR,62.0055,70.23683926062589,70.23683926062589,Meaningful P4 Contributor,Reliable multi-year starter at the highest level of competition.,Potential Day 2 Pick
202500194,Kelshaun Johnson,2025,WR,0.9257,WR,65.14348,74.67193430524695,74.67193430524695,Meaningful P4 Contributor,Reliable multi-year starter at the highest level of competition.,Potential Day 2 Pick
202500196,JonAnthony Hall,2025,WR,0.9254,WR,66.15592,76.17248340503319,76.17248340503319,Meaningful P4 Contributor,Reliable multi-year starter at the highest level of competition.,Potential Day 2 Pick
202500200,Jacob Washington,2025,WR,0.9251,WR,63.915714,73.11295602868184,73.11295602868184,Meaningful P4 Contributor,Reliable multi-year starter at the highest level of competition.,Potential Day 2 Pick
202500224,Terry Shelton,2025,WR,0.9187,WR,64.73181,74.2654834401606,74.2654834401606,Meaningful P4 Contributor,Reliable multi-year starter at the highest level of competition.,Potential Day 2 Pick
202500225,Jordon Gidron,2025,WR,0.9184,WR,64.50254,73.99790328190149,73.99790328190149,Meaningful P4 Contributor,Reliable multi-year starter at the highest level of competition.,Potential Day 2 Pick
202500249,Thomas Blackshear,2025,WR,0.9137,WR,56.893105,59.86526172139697,59.86526172139697,Multi-Year Starter,Consistent career presence; reliable rotational player or specialist.,nan
202500267,Winston Watkins,2025,WR,0.9113,WR,61.00518,68.63818243696811,68.63818243696811,Meaningful G5 Contributor,Standout starter at the Group of 5 level; high-end depth in Power 4.,Potential Day 3 Pick
202500269,Radarious Jackson,2025,WR,0.9111,WR,65.75954,75.53681670309675,75.53681670309675,Meaningful P4 Contributor,Reliable multi-year starter at the highest level of competition.,Potential Day 2 Pick
202500271,Isaiah Mizell,2025,WR,0.9106,WR,60.58267,67.96228333499405,67.96228333499405,Meaningful G5 Contributor,Standout starter at the Group of 5 level; high-end depth in Power 4.,Potential Day 3 Pick
202500276,Phillip Bell,2025,WR,0.9093,WR,60.642117,68.04536136076726,68.04536136076726,Meaningful G5 Contributor,Standout starter at the Group of 5 level; high-end depth in Power 4.,Potential Day 3 Pick
202500279,Je'rel Bolder,2025,WR,0.9091,WR,60.049767,67.20974379687112,67.20974379687112,Meaningful G5 Contributor,Standout starter at the Group of 5 level; high-end depth in Power 4.,Potential Day 3 Pick
202500300,Quentin Gibson,2025,WR,0.9053,WR,66.117744,76.12627365140317,76.12627365140317,Meaningful P4 Contributor,Reliable multi-year starter at the highest level of competition.,Potential Day 2 Pick
202500302,Shaun Terry II,2025,WR,0.9051,WR,56.463867,58.25978141206403,58.25978141206403,Multi-Year Starter,Consistent career presence; reliable rotational player or specialist.,nan
202500306,Landon Roldan,2025,WR,0.9049,WR,62.405838,70.89287391445484,70.89287391445484,Meaningful P4 Contributor,Reliable multi-year starter at the highest level of competition.,Potential Day 2 Pick
202500308,Adrian Wilson,2025,WR,0.9048,WR,58.74648,64.97356953904631,64.97356953904631,Meaningful G5 Contributor,Standout starter at the Group of 5 level; high-end depth in Power 4.,Potential Day 3 Pick
202500319,Manny Choice,2025,WR,0.9027,WR,54.57265,54.939695954987556,54.939695954987556,Multi-Year Starter,Consistent career presence; reliable rotational player or specialist.,nan
202500320,Isaiah Mozee,2025,WR,0.9026,WR,46.38873,31.96448490432035,31.96448490432035,Partial Season Contributor,Rotational backup or special teams contributor; limited starts.,nan
202500332,Corey Simms,2025,WR,0.9012,WR,51.130146,47.35537392895049,47.35537392895049,Single Season Contributor,Late bloomer or one-year starter; limited career longevity.,nan
202500333,Shamarius Peterkin,2025,WR,0.9011,WR,57.53407,61.757076980585104,61.757076980585104,Meaningful G5 Contributor,Standout starter at the Group of 5 level; high-end depth in Power 4.,Potential Day 3 Pick
202500337,Brian Rowe Jr.,2025,WR,0.9007,WR,54.69429,55.07673301244228,55.07673301244228,Multi-Year Starter,Consistent career presence; reliable rotational player or specialist.,nan
202500347,Daylon Singleton,2025,WR,0.9003,WR,59.832893,66.75340802247416,66.75340802247416,Meaningful G5 Contributor,Standout starter at the Group of 5 level; high-end depth in Power 4.,Potential Day 3 Pick
202500354,Marcus Harris,2025,WR,0.8996,WR,58.438087,64.20893701951404,64.20893701951404,Meaningful G5 Contributor,Standout starter at the Group of 5 level; high-end depth in Power 4.,Potential Day 3 Pick
202500356,Romero Ison,2025,WR,0.8994,WR,57.217304,60.95665936617081,60.95665936617081,Meaningful G5 Contributor,Standout starter at the Group of 5 level; high-end depth in Power 4.,Potential Day 3 Pick
202500359,Malachi Toney,2025,WR,0.8993,WR,56.630642,59.04785071600416,59.04785071600416,Multi-Year Starter,Consistent career presence; reliable rotational player or specialist.,nan
202500367,Tristian Gentry,2025,WR,0.8983,WR,61.178364,69.00241875134942,69.00241875134942,Meaningful G5 Contributor,Standout starter at the Group of 5 level; high-end depth in Power 4.,Potential Day 3 Pick
202500370,De'Zie Jones,2025,WR,0.8981,WR,59.948265,66.99616850866396,66.99616850866396,Meaningful G5 Contributor,Standout starter at the Group of 5 level; high-end depth in Power 4.,Potential Day 3 Pick
202500374,Quanell Farrakhan Jr.,2025,WR,0.8975,WR,58.3384,63.96087803634719,63.96087803634719,Meaningful G5 Contributor,Standout starter at the Group of 5 level; high-end depth in Power 4.,Potential Day 3 Pick
202500379,Michael Thomas III,2025,WR,0.8973,WR,57.495285,61.67620007080709,61.67620007080709,Meaningful G5 Contributor,Standout starter at the Group of 5 level; high-end depth in Power 4.,Potential Day 3 Pick
202500381,Chris Lawson,2025,WR,0.8973,WR,59.364742,66.09484023680604,66.09484023680604,Meaningful G5 Contributor,Standout starter at the Group of 5 level; high-end depth in Power 4.,Potential Day 3 Pick
202500383,Lex Cyrus,2025,WR,0.8972,WR,65.239746,74.76698225023489,74.76698225023489,Meaningful P4 Contributor,Reliable multi-year starter at the highest level of competition.,Potential Day 2 Pick
202500400,Phillip Wright III,2025,WR,0.8954,WR,59.70079,66.56992206739503,66.56992206739503,Meaningful G5 Contributor,Standout starter at the Group of 5 level; high-end depth in Power 4.,Potential Day 3 Pick
202500412,Lyrick Samuel,2025,WR,0.8948,WR,44.945423,28.016583265577356,28.016583265577356,Partial Season Contributor,Rotational backup or special teams contributor; limited starts.,nan
202500424,Jalil Hall,2025,WR,0.8934,WR,60.394733,67.7199804932885,67.7199804932885,Meaningful G5 Contributor,Standout starter at the Group of 5 level; high-end depth in Power 4.,Potential Day 3 Pick
202500426,Tanook Hines,2025,WR,0.8933,WR,57.78274,62.34734485012552,62.34734485012552,Meaningful G5 Contributor,Standout starter at the Group of 5 level; high-end depth in Power 4.,Potential Day 3 Pick
202500431,Michael Dever,2025,WR,0.8931,WR,58.187027,63.47691307336542,63.47691307336542,Meaningful G5 Contributor,Standout starter at the Group of 5 level; high-end depth in Power 4.,Potential Day 3 Pick
202500432,Elijah Burress,2025,WR,0.8929,WR,57.82251,62.450955397363096,62.450955397363096,Meaningful G5 Contributor,Standout starter at the Group of 5 level; high-end depth in Power 4.,Potential Day 3 Pick
202500436,Samari Reed,2025,WR,0.8926,WR,55.738014,56.95027184093172,56.95027184093172,Multi-Year Starter,Consistent career presence; reliable rotational player or specialist.,nan
202500445,Bryson Jones,2025,WR,0.8925,WR,59.565838,66.38298358503918,66.38298358503918,Meaningful G5 Contributor,Standout starter at the Group of 5 level; high-end depth in Power 4.,Potential Day 3 Pick
202500446,Sam Turner,2025,WR,0.8925,WR,56.12209,57.561548835764285,57.561548835764285,Multi-Year Starter,Consistent career presence; reliable rotational player or specialist.,nan
202500457,Tyler J. Williams,2025,WR,0.8917,WR,55.536938,56.52630784511785,56.52630784511785,Multi-Year Starter,Consistent career presence; reliable rotational player or specialist.,nan
202500464,Ed Small,2025,WR,0.8911,WR,58.50238,64.35999140848745,64.35999140848745,Meaningful G5 Contributor,Standout starter at the Group of 5 level; high-end depth in Power 4.,Potential Day 3 Pick
202500475,Daylyn Upshaw,2025,WR,0.8903,WR,59.368076,66.10089746642882,66.10089746642882,Meaningful G5 Contributor,Standout starter at the Group of 5 level; high-end depth in Power 4.,Potential Day 3 Pick
202500477,Koby Howard,2025,WR,0.89,WR,56.444263,58.179680295090655,58.179680295090655,Multi-Year Starter,Consistent career presence; reliable rotational player or specialist.,nan
202500482,Dillon Alfred,2025,WR,0.89,WR,58.80301,65.09194397182029,65.09194397182029,Meaningful G5 Contributor,Standout starter at the Group of 5 level; high-end depth in Power 4.,Potential Day 3 Pick
202500484,Landon Dulaney,2025,WR,0.89,WR,57.361607,61.382247690006785,61.382247690006785,Meaningful G5 Contributor,Standout starter at the Group of 5 level; high-end depth in Power 4.,Potential Day 3 Pick
202500490,Raiden Vines-Bright,2025,WR,0.8894,WR,55.337547,56.04862620597717,56.04862620597717,Multi-Year Starter,Consistent career presence; reliable rotational player or specialist.,nan
202500495,DJ Miller,2025,WR,0.8892,WR,51.451786,48.3276431952119,48.3276431952119,Single Season Contributor,Late bloomer or one-year starter; limited career longevity.,nan
202500507,Eugene Hilton Jr.,2025,WR,0.8883,WR,63.531467,72.31168520464198,72.31168520464198,Meaningful P4 Contributor,Reliable multi-year starter at the highest level of competition.,Potential Day 2 Pick
202500508,Taz Williams Jr.,2025,WR,0.8883,WR,57.435383,61.55128513874806,61.55128513874806,Meaningful G5 Contributor,Standout starter at the Group of 5 level; high-end depth in Power 4.,Potential Day 3 Pick
202500513,Cameron Miller,2025,WR,0.8878,WR,65.9792,75.90354769404773,75.90354769404773,Meaningful P4 Contributor,Reliable multi-year starter at the highest level of competition.,Potential Day 2 Pick
202500515,Brayden Trimble,2025,WR,0.8878,WR,63.325085,71.95863244938258,71.95863244938258,Meaningful P4 Contributor,Reliable multi-year starter at the highest level of competition.,Potential Day 2 Pick
202500517,Jaivon Solomon,2025,WR,0.8875,WR,64.600204,74.12328844333017,74.12328844333017,Meaningful P4 Contributor,Reliable multi-year starter at the highest level of competition.,Potential Day 2 Pick
202500534,Ferzell Shepard,2025,WR,0.8864,WR,58.546547,64.47593321254517,64.47593321254517,Meaningful G5 Contributor,Standout starter at the Group of 5 level; high-end depth in Power 4.,Potential Day 3 Pick
202500536,TK Norman,2025,WR,0.8861,WR,53.00019,52.007570881552105,52.007570881552105,Multi-Year Starter,Consistent career presence; reliable rotational player or specialist.,nan
202500537,Giyahni Kontosis,2025,WR,0.8861,WR,57.84398,62.512723663413574,62.512723663413574,Meaningful G5 Contributor,Standout starter at the Group of 5 level; high-end depth in Power 4.,Potential Day 3 Pick
202500538,Terrence Smith,2025,WR,0.8861,WR,56.115616,57.55669405257126,57.55669405257126,Multi-Year Starter,Consistent career presence; reliable rotational player or specialist.,nan
202500541,Jamar Browder,2025,WR,0.8858,WR,56.028618,57.49145057260655,57.49145057260655,Multi-Year Starter,Consistent career presence; reliable rotational player or specialist.,nan
202500543,Quintin Simmons Jr.,2025,WR,0.8858,WR,57.245632,61.08474243549874,61.08474243549874,Meaningful G5 Contributor,Standout starter at the Group of 5 level; high-end depth in Power 4.,Potential Day 3 Pick
202500547,DaMarion Fowlkes,2025,WR,0.8853,WR,58.054108,63.13891141245512,63.13891141245512,Meaningful G5 Contributor,Standout starter at the Group of 5 level; high-end depth in Power 4.,Potential Day 3 Pick
202500548,Xavier Johnson,2025,WR,0.8852,WR,58.83648,65.16203083821875,65.16203083821875,Meaningful G5 Contributor,Standout starter at the Group of 5 level; high-end depth in Power 4.,Potential Day 3 Pick
202500557,Juju Preston,2025,WR,0.8844,WR,60.124405,67.36679483750032,67.36679483750032,Meaningful G5 Contributor,Standout starter at the Group of 5 level; high-end depth in Power 4.,Potential Day 3 Pick
202500562,Lamason Waller III,2025,WR,0.8842,WR,55.895424,57.22875195318165,57.22875195318165,Multi-Year Starter,Consistent career presence; reliable rotational player or specialist.,nan
202500563,Josiah Abdullah,2025,WR,0.8842,WR,58.82135,65.13035036042797,65.13035036042797,Meaningful G5 Contributor,Standout starter at the Group of 5 level; high-end depth in Power 4.,Potential Day 3 Pick
202500572,Jourdin Houston,2025,WR,0.8836,WR,39.636257,17.124294316915034,17.124294316915034,Minimal D1 Impact,Roster filler; medical DQ; or transferred to lower levels.,nan
202500593,Dane Jones,2025,WR,0.8825,WR,56.070656,57.5229766249266,57.5229766249266,Multi-Year Starter,Consistent career presence; reliable rotational player or specialist.,nan
202500613,Joakim Dodson,2025,WR,0.8817,WR,54.48718,54.73773226270218,54.73773226270218,Multi-Year Starter,Consistent career presence; reliable rotational player or specialist.,nan
202500626,Omar Mims Jr.,2025,WR,0.8811,WR,58.618095,64.66837911663913,64.66837911663913,Meaningful G5 Contributor,Standout starter at the Group of 5 level; high-end depth in Power 4.,Potential Day 3 Pick
202500627,Davion Chandler,2025,WR,0.881,WR,56.22568,57.639236810065846,57.639236810065846,Multi-Year Starter,Consistent career presence; reliable rotational player or specialist.,nan
202500636,Gracen Harris,2025,WR,0.8803,WR,56.070656,57.5229766249266,57.5229766249266,Multi-Year Starter,Consistent career presence; reliable rotational player or specialist.,nan
202500640,Darien Williams,2025,WR,0.8803,WR,43.63161,24.33373083093843,24.33373083093843,Partial Season Contributor,Rotational backup or special teams contributor; limited starts.,nan
202500649,Jaylen Elder,2025,WR,0.88,WR,56.445496,58.18300446195059,58.18300446195059,Multi-Year Starter,Consistent career presence; reliable rotational player or specialist.,nan
202500652,Bryson Baker,2025,WR,0.88,WR,56.42003,58.11429815248646,58.11429815248646,Multi-Year Starter,Consistent career presence; reliable rotational player or specialist.,nan
202500653,Carl Jenkins Jr.,2025,WR,0.88,WR,56.0501,57.507559755965374,57.507559755965374,Multi-Year Starter,Consistent career presence; reliable rotational player or specialist.,nan
202500665,Preston Bowman,2025,WR,0.8794,WR,55.533325,56.51585793052777,56.51585793052777,Multi-Year Starter,Consistent career presence; reliable rotational player or specialist.,nan
202500670,Kamren Flowers,2025,WR,0.8794,WR,55.155933,55.72642662522389,55.72642662522389,Multi-Year Starter,Consistent career presence; reliable rotational player or specialist.,nan
202500679,Gio Richardson,2025,WR,0.8794,WR,58.751762,64.98463294341853,64.98463294341853,Meaningful G5 Contributor,Standout starter at the Group of 5 level; high-end depth in Power 4.,Potential Day 3 Pick
202500698,Jace Brown,2025,WR,0.8786,WR,55.625656,56.748060100328566,56.748060100328566,Multi-Year Starter,Consistent career presence; reliable rotational player or specialist.,nan
202500699,Waden Charles,2025,WR,0.8783,WR,53.832764,53.58080595287273,53.58080595287273,Multi-Year Starter,Consistent career presence; reliable rotational player or specialist.,nan
202500702,Leyton Stone,2025,WR,0.8781,WR,57.42898,61.53793690872863,61.53793690872863,Meaningful G5 Contributor,Standout starter at the Group of 5 level; high-end depth in Power 4.,Potential Day 3 Pick
202500709,Carterrious Brown,2025,WR,0.8778,WR,59.717907,66.59363218895227,66.59363218895227,Meaningful G5 Contributor,Standout starter at the Group of 5 level; high-end depth in Power 4.,Potential Day 3 Pick
202500730,Jayden Anderson,2025,WR,0.8769,WR,57.356316,61.36962578985625,61.36962578985625,Meaningful G5 Contributor,Standout starter at the Group of 5 level; high-end depth in Power 4.,Potential Day 3 Pick
202500740,Jamien Little,2025,WR,0.8767,WR,57.059227,60.44593364867378,60.44593364867378,Meaningful G5 Contributor,Standout starter at the Group of 5 level; high-end depth in Power 4.,Potential Day 3 Pick
202500743,Muizz Tounkara,2025,WR,0.8764,WR,56.23932,57.649464181848444,57.649464181848444,Multi-Year Starter,Consistent career presence; reliable rotational player or specialist.,nan
202500751,Jordan Allen,2025,WR,0.8761,WR,56.9899,60.296799428576286,60.296799428576286,Meaningful G5 Contributor,Standout starter at the Group of 5 level; high-end depth in Power 4.,Potential Day 3 Pick
202500754,Kamare Williams,2025,WR,0.8761,WR,56.16573,57.59427642546858,57.59427642546858,Multi-Year Starter,Consistent career presence; reliable rotational player or specialist.,nan
202500761,Deji Ajose,2025,WR,0.8756,WR,55.74244,56.957357366749285,56.957357366749285,Multi-Year Starter,Consistent career presence; reliable rotational player or specialist.,nan
202500770,Montavin Quisenberry,2025,WR,0.8753,WR,58.132904,63.3392834222061,63.3392834222061,Meaningful G5 Contributor,Standout starter at the Group of 5 level; high-end depth in Power 4.,Potential Day 3 Pick
202500778,Tony Kinsler,2025,WR,0.8753,WR,58.43143,64.19329741415278,64.19329741415278,Meaningful G5 Contributor,Standout starter at the Group of 5 level; high-end depth in Power 4.,Potential Day 3 Pick
202500782,Larry Porter IV,2025,WR,0.875,WR,47.139233,33.66035633787651,33.66035633787651,Partial Season Contributor,Rotational backup or special teams contributor; limited starts.,nan
202500801,Semaj Fleming,2025,WR,0.8744,WR,56.29232,57.76261574105345,57.76261574105345,Multi-Year Starter,Consistent career presence; reliable rotational player or specialist.,nan
202500814,Antwaun Parham,2025,WR,0.8744,WR,54.888584,55.38516528930686,55.38516528930686,Multi-Year Starter,Consistent career presence; reliable rotational player or specialist.,nan
202500819,Justin DeVaughn,2025,WR,0.8742,WR,57.362103,61.38343070876638,61.38343070876638,Meaningful G5 Contributor,Standout starter at the Group of 5 level; high-end depth in Power 4.,Potential Day 3 Pick
202500823,Terrell Wilfong,2025,WR,0.8739,WR,59.9247,66.94658738436841,66.94658738436841,Meaningful G5 Contributor,Standout starter at the Group of 5 level; high-end depth in Power 4.,Potential Day 3 Pick
202500824,Braylon Collier,2025,WR,0.8739,WR,57.083157,60.49740932616203,60.49740932616203,Meaningful G5 Contributor,Standout starter at the Group of 5 level; high-end depth in Power 4.,Potential Day 3 Pick
202500826,Jaden Nickens,2025,WR,0.8739,WR,56.399906,58.060010288133064,58.060010288133064,Multi-Year Starter,Consistent career presence; reliable rotational player or specialist.,nan
202500828,Jacorey Watson,2025,WR,0.8736,WR,57.677452,62.07302785115151,62.07302785115151,Meaningful G5 Contributor,Standout starter at the Group of 5 level; high-end depth in Power 4.,Potential Day 3 Pick
202500833,Jaden Perez,2025,WR,0.8736,WR,58.13613,63.34748998302375,63.34748998302375,Meaningful G5 Contributor,Standout starter at the Group of 5 level; high-end depth in Power 4.,Potential Day 3 Pick
202500835,AJ Lewis Jr.,2025,WR,0.8736,WR,56.196106,57.61705700211328,57.61705700211328,Multi-Year Starter,Consistent career presence; reliable rotational player or specialist.,nan
202500841,Legend Lyons,2025,WR,0.8736,WR,55.52602,56.494726371457034,56.494726371457034,Multi-Year Starter,Consistent career presence; reliable rotational player or specialist.,nan
202500867,Rahim Hutchins Jr.,2025,WR,0.8726,WR,57.68829,62.101263588772795,62.101263588772795,Meaningful G5 Contributor,Standout starter at the Group of 5 level; high-end depth in Power 4.,Potential Day 3 Pick
202500876,Julian McFadden,2025,WR,0.8722,WR,59.83075,66.74994355641046,66.74994355641046,Meaningful G5 Contributor,Standout starter at the Group of 5 level; high-end depth in Power 4.,Potential Day 3 Pick
202500879,Royal Capell,2025,WR,0.8719,WR,56.241814,57.651335147203916,57.651335147203916,Multi-Year Starter,Consistent career presence; reliable rotational player or specialist.,nan
202500883,Adonis Moise,2025,WR,0.8719,WR,55.48606,56.37913729507792,56.37913729507792,Multi-Year Starter,Consistent career presence; reliable rotational player or specialist.,nan
202500888,Jayden Sellers,2025,WR,0.8717,WR,62.11491,70.41796690839384,70.41796690839384,Meaningful P4 Contributor,Reliable multi-year starter at the highest level of competition.,Potential Day 2 Pick
202500902,Jerome Bettis Jr.,2025,WR,0.8714,WR,54.005142,53.908194239206594,53.908194239206594,Multi-Year Starter,Consistent career presence; reliable rotational player or specialist.,nan
202500912,Vernon Allen III,2025,WR,0.8714,WR,54.720608,55.1063820436895,55.1063820436895,Multi-Year Starter,Consistent career presence; reliable rotational player or specialist.,nan
202500938,Isaiah Robinson,2025,WR,0.8703,WR,56.7752,59.457513518966294,59.457513518966294,Multi-Year Starter,Consistent career presence; reliable rotational player or specialist.,nan
202500941,Lebron Hill,2025,WR,0.8703,WR,55.99307,57.435816855839356,57.435816855839356,Multi-Year Starter,Consistent career presence; reliable rotational player or specialist.,nan
202500942,Tavian McNair,2025,WR,0.8703,WR,56.844128,59.65158516166701,59.65158516166701,Multi-Year Starter,Consistent career presence; reliable rotational player or specialist.,nan
202500944,Santonyo Isaac,2025,WR,0.87,WR,58.926083,65.34966138356108,65.34966138356108,Meaningful G5 Contributor,Standout starter at the Group of 5 level; high-end depth in Power 4.,Potential Day 3 Pick
202500950,Jonah Smith,2025,WR,0.87,WR,57.57865,61.850045254862245,61.850045254862245,Meaningful G5 Contributor,Standout starter at the Group of 5 level; high-end depth in Power 4.,Potential Day 3 Pick
202500951,Brodrick Malone,2025,WR,0.87,WR,51.53256,48.48355458937072,48.48355458937072,Single Season Contributor,Late bloomer or one-year starter; limited career longevity.,nan
202500957,Jeremiah Cain,2025,WR,0.87,WR,57.58016,61.853187418663005,61.853187418663005,Meaningful G5 Contributor,Standout starter at the Group of 5 level; high-end depth in Power 4.,Potential Day 3 Pick
202500958,Reggie Jackson,2025,WR,0.87,WR,57.805836,62.407513507485355,62.407513507485355,Meaningful G5 Contributor,Standout starter at the Group of 5 level; high-end depth in Power 4.,Potential Day 3 Pick
202500959,Maurice Gleaton Jr.,2025,WR,0.87,WR,58.27025,63.74250718231051,63.74250718231051,Meaningful G5 Contributor,Standout starter at the Group of 5 level; high-end depth in Power 4.,Potential Day 3 Pick
202500965,Blake Hogshooter,2025,WR,0.87,WR,54.214775,54.248132059759286,54.248132059759286,Multi-Year Starter,Consistent career presence; reliable rotational player or specialist.,nan
202500979,Evan Haynes,2025,WR,0.8694,WR,54.66187,55.04020784697335,55.04020784697335,Multi-Year Starter,Consistent career presence; reliable rotational player or specialist.,nan
202500980,Gabe Daniels,2025,WR,0.8694,WR,57.71588,62.173149928165536,62.173149928165536,Meaningful G5 Contributor,Standout starter at the Group of 5 level; high-end depth in Power 4.,Potential Day 3 Pick
202501014,Lebron Bond,2025,WR,0.8683,WR,58.741966,64.96411971422873,64.96411971422873,Meaningful G5 Contributor,Standout starter at the Group of 5 level; high-end depth in Power 4.,Potential Day 3 Pick
202501029,Chance Ables,2025,WR,0.8681,WR,57.980434,62.935247016388935,62.935247016388935,Meaningful G5 Contributor,Standout starter at the Group of 5 level; high-end depth in Power 4.,Potential Day 3 Pick
202501060,Harry Hassmann,2025,WR,0.8672,WR,56.95354,60.1437799989915,60.1437799989915,Meaningful G5 Contributor,Standout starter at the Group of 5 level; high-end depth in Power 4.,Potential Day 3 Pick
202501062,Dillon Newton-Short,2025,WR,0.8669,WR,54.944313,55.46554891299124,55.46554891299124,Multi-Year Starter,Consistent career presence; reliable rotational player or specialist.,nan
202501066,Gavin Packer,2025,WR,0.8667,WR,57.66038,62.028552340466796,62.028552340466796,Meaningful G5 Contributor,Standout starter at the Group of 5 level; high-end depth in Power 4.,Potential Day 3 Pick
202501067,Kyle Washington,2025,WR,0.8667,WR,57.326866,61.29937267582445,61.29937267582445,Meaningful G5 Contributor,Standout starter at the Group of 5 level; high-end depth in Power 4.,Potential Day 3 Pick
202501068,Harold Mack,2025,WR,0.8667,WR,57.45278,61.58756718709049,61.58756718709049,Meaningful G5 Contributor,Standout starter at the Group of 5 level; high-end depth in Power 4.,Potential Day 3 Pick
202501077,Sah'nye Degraffenreidt,2025,WR,0.8664,WR,57.24393,61.077049862253354,61.077049862253354,Meaningful G5 Contributor,Standout starter at the Group of 5 level; high-end depth in Power 4.,Potential Day 3 Pick
202501109,Bryson Hayes,2025,WR,0.8656,WR,57.106785,60.54823673670918,60.54823673670918,Meaningful G5 Contributor,Standout starter at the Group of 5 level; high-end depth in Power 4.,Potential Day 3 Pick
202501120,Daejawn Smith,2025,WR,0.8652,WR,59.491093,66.27944533636686,66.27944533636686,Meaningful G5 Contributor,Standout starter at the Group of 5 level; high-end depth in Power 4.,Potential Day 3 Pick
202501122,Russell Babineaux,2025,WR,0.865,WR,58.362778,64.03199885960464,64.03199885960464,Meaningful G5 Contributor,Standout starter at the Group of 5 level; high-end depth in Power 4.,Potential Day 3 Pick
202501150,Kayleb Barnett,2025,WR,0.8647,WR,56.06738,57.520519194895485,57.520519194895485,Multi-Year Starter,Consistent career presence; reliable rotational player or specialist.,nan
202501151,Nasir Newkirk,2025,WR,0.8647,WR,55.89553,57.22894927268345,57.22894927268345,Multi-Year Starter,Consistent career presence; reliable rotational player or specialist.,nan
202501161,Dezmen Roebuck,2025,WR,0.8642,WR,58.800304,65.08628046734381,65.08628046734381,Meaningful G5 Contributor,Standout starter at the Group of 5 level; high-end depth in Power 4.,Potential Day 3 Pick
202501174,Tyshawn Dues,2025,WR,0.8639,WR,56.05477,57.51106424000277,57.51106424000277,Multi-Year Starter,Consistent career presence; reliable rotational player or specialist.,nan
202501177,Jaquise Martin,2025,WR,0.8639,WR,57.36754,61.396398414400494,61.396398414400494,Meaningful G5 Contributor,Standout starter at the Group of 5 level; high-end depth in Power 4.,Potential Day 3 Pick
202501185,AJ Johnson,2025,WR,0.8639,WR,54.353848,54.45867755820222,54.45867755820222,Multi-Year Starter,Consistent career presence; reliable rotational player or specialist.,nan
202501192,Matrail Lopez,2025,WR,0.8639,WR,59.090675,65.6211874758593,65.6211874758593,Meaningful G5 Contributor,Standout starter at the Group of 5 level; high-end depth in Power 4.,Potential Day 3 Pick
202501217,Teriq Mallory,2025,WR,0.8633,WR,48.79545,39.870826219510406,39.870826219510406,Partial Season Contributor,Rotational backup or special teams contributor; limited starts.,nan
202501221,Teddy Hoffmann,2025,WR,0.8633,WR,56.388165,58.02833293335018,58.02833293335018,Multi-Year Starter,Consistent career presence; reliable rotational player or specialist.,nan
202501234,Jeremiah Koger,2025,WR,0.8631,WR,54.665062,55.04380492468808,55.04380492468808,Multi-Year Starter,Consistent career presence; reliable rotational player or specialist.,nan
202501239,Koredell Bartley,2025,WR,0.8628,WR,53.97524,53.86940626885777,53.86940626885777,Multi-Year Starter,Consistent career presence; reliable rotational player or specialist.,nan
202501242,Dylan Vickerson,2025,WR,0.8625,WR,54.91166,55.426847864923644,55.426847864923644,Multi-Year Starter,Consistent career presence; reliable rotational player or specialist.,nan
202501250,DL Hardison,2025,WR,0.8625,WR,54.994686,55.5231853882153,55.5231853882153,Multi-Year Starter,Consistent career presence; reliable rotational player or specialist.,nan
202501254,Deion Deblanc,2025,WR,0.8622,WR,56.688538,59.213438994190106,59.213438994190106,Multi-Year Starter,Consistent career presence; reliable rotational player or specialist.,nan
202501257,Aveion Chenault,2025,WR,0.8622,WR,59.183945,65.76637067390956,65.76637067390956,Meaningful G5 Contributor,Standout starter at the Group of 5 level; high-end depth in Power 4.,Potential Day 3 Pick
202501267,Chase Collier,2025,WR,0.8622,WR,53.760143,53.428328508696346,53.428328508696346,Multi-Year Starter,Consistent career presence; reliable rotational player or specialist.,nan
202501271,Braden Blueitt,2025,WR,0.8619,WR,55.201683,55.80266202339664,55.80266202339664,Multi-Year Starter,Consistent career presence; reliable rotational player or specialist.,nan
202501274,Shane Rosenthal,2025,WR,0.8619,WR,57.496746,61.67924677646707,61.67924677646707,Meaningful G5 Contributor,Standout starter at the Group of 5 level; high-end depth in Power 4.,Potential Day 3 Pick
202501294,Romel Stevens,2025,WR,0.8614,WR,56.159687,57.58974491304799,57.58974491304799,Multi-Year Starter,Consistent career presence; reliable rotational player or specialist.,nan
202501301,Fonzy Smith,2025,WR,0.8611,WR,56.348736,57.92195959383232,57.92195959383232,Multi-Year Starter,Consistent career presence; reliable rotational player or specialist.,nan
202501327,Kamryn Jones,2025,WR,0.86,WR,55.989147,57.42745455219954,57.42745455219954,Multi-Year Starter,Consistent career presence; reliable rotational player or specialist.,nan
202501333,Qumonte Williams Jr.,2025,WR,0.86,WR,48.43001,38.412090617486044,38.412090617486044,Partial Season Contributor,Rotational backup or special teams contributor; limited starts.,nan
202501335,Dwayne White,2025,WR,0.86,WR,57.00581,60.331026281884675,60.331026281884675,Meaningful G5 Contributor,Standout starter at the Group of 5 level; high-end depth in Power 4.,Potential Day 3 Pick
202501358,Landon Kelsey,2025,WR,0.86,WR,54.429592,54.61607789591543,54.61607789591543,Multi-Year Starter,Consistent career presence; reliable rotational player or specialist.,nan
202501367,Royale Shelvy,2025,WR,0.86,WR,56.39305,58.04151639386898,58.04151639386898,Multi-Year Starter,Consistent career presence; reliable rotational player or specialist.,nan
202501375,Jabari Jones,2025,WR,0.86,WR,55.630375,56.75945880978264,56.75945880978264,Multi-Year Starter,Consistent career presence; reliable rotational player or specialist.,nan
202501377,Dylan Stecker,2025,WR,0.86,WR,55.11925,55.665711814717895,55.665711814717895,Multi-Year Starter,Consistent career presence; reliable rotational player or specialist.,nan
202501420,Ryan Matulevich,2025,WR,0.8589,WR,56.17189,57.598896622791344,57.598896622791344,Multi-Year Starter,Consistent career presence; reliable rotational player or specialist.,nan
202501437,Doopah Coleman,2025,WR,0.8585,WR,53.93875,53.822077918763824,53.822077918763824,Multi-Year Starter,Consistent career presence; reliable rotational player or specialist.,nan
202501460,Erick Smith,2025,WR,0.8581,WR,52.99171,51.98376781559629,51.98376781559629,Multi-Year Starter,Consistent career presence; reliable rotational player or specialist.,nan
202501465,Dube Enongene,2025,WR,0.8581,WR,55.02924,55.56272126042883,55.56272126042883,Multi-Year Starter,Consistent career presence; reliable rotational player or specialist.,nan
202501467,Jackson Wiley,2025,WR,0.8578,WR,58.28025,63.77455511577543,63.77455511577543,Meaningful G5 Contributor,Standout starter at the Group of 5 level; high-end depth in Power 4.,Potential Day 3 Pick
202501471,Ti Mims,2025,WR,0.8578,WR,55.213406,55.82219603311772,55.82219603311772,Multi-Year Starter,Consistent career presence; reliable rotational player or specialist.,nan
202501476,Maurice Stephens,2025,WR,0.8575,WR,57.343952,61.340132222164925,61.340132222164925,Meaningful G5 Contributor,Standout starter at the Group of 5 level; high-end depth in Power 4.,Potential Day 3 Pick
202501487,Ashton Ansley,2025,WR,0.8572,WR,54.086784,54.01409296881565,54.01409296881565,Multi-Year Starter,Consistent career presence; reliable rotational player or specialist.,nan
202501502,Phillip Folmar,2025,WR,0.8567,WR,58.562286,64.51826802808642,64.51826802808642,Meaningful G5 Contributor,Standout starter at the Group of 5 level; high-end depth in Power 4.,Potential Day 3 Pick
202501505,Ryder Treadway,2025,WR,0.8567,WR,58.367287,64.0425925636373,64.0425925636373,Meaningful G5 Contributor,Standout starter at the Group of 5 level; high-end depth in Power 4.,Potential Day 3 Pick
202501507,DeShaun Lanier,2025,WR,0.8567,WR,56.146347,57.579740683922466,57.579740683922466,Multi-Year Starter,Consistent career presence; reliable rotational player or specialist.,nan
202501510,Cassidee Miles,2025,WR,0.8567,WR,51.738285,49.08877839741435,49.08877839741435,Single Season Contributor,Late bloomer or one-year starter; limited career longevity.,nan
202501517,Jack Foley,2025,WR,0.8567,WR,55.604263,56.69638349352298,56.69638349352298,Multi-Year Starter,Consistent career presence; reliable rotational player or specialist.,nan
202501524,CJ Simon,2025,WR,0.8564,WR,64.59727,74.11951738738532,74.11951738738532,Meaningful P4 Contributor,Reliable multi-year starter at the highest level of competition.,Potential Day 2 Pick
202501534,Isaiah Dillon,2025,WR,0.8561,WR,58.63404,64.71126799908276,64.71126799908276,Meaningful G5 Contributor,Standout starter at the Group of 5 level; high-end depth in Power 4.,Potential Day 3 Pick
202501537,Marcus Mozer,2025,WR,0.8561,WR,60.06481,67.2414012283462,67.2414012283462,Meaningful G5 Contributor,Standout starter at the Group of 5 level; high-end depth in Power 4.,Potential Day 3 Pick
202501541,Quinton Brown,2025,WR,0.8558,WR,61.882378,70.06051774425381,70.06051774425381,Meaningful P4 Contributor,Reliable multi-year starter at the highest level of competition.,Potential Day 2 Pick
202501544,Alvin Jones III,2025,WR,0.8558,WR,59.45033,66.2229785748423,66.2229785748423,Meaningful G5 Contributor,Standout starter at the Group of 5 level; high-end depth in Power 4.,Potential Day 3 Pick
202501545,Bryce Randolph,2025,WR,0.8558,WR,58.936,65.37043022931398,65.37043022931398,Meaningful G5 Contributor,Standout starter at the Group of 5 level; high-end depth in Power 4.,Potential Day 3 Pick
202501546,Jackson Cook,2025,WR,0.8558,WR,58.514175,64.38886262488569,64.38886262488569,Meaningful G5 Contributor,Standout starter at the Group of 5 level; high-end depth in Power 4.,Potential Day 3 Pick
202501548,Uriah Neloms,2025,WR,0.8558,WR,57.498615,61.683144650549025,61.683144650549025,Meaningful G5 Contributor,Standout starter at the Group of 5 level; high-end depth in Power 4.,Potential Day 3 Pick
202501551,Johnny Williams,2025,WR,0.8556,WR,54.19194,54.205545283507256,54.205545283507256,Multi-Year Starter,Consistent career presence; reliable rotational player or specialist.,nan
202501559,Cam Sapp,2025,WR,0.855,WR,59.009415,65.49755246248718,65.49755246248718,Meaningful G5 Contributor,Standout starter at the Group of 5 level; high-end depth in Power 4.,Potential Day 3 Pick
202501572,Braeden Walton,2025,WR,0.855,WR,59.147125,65.7070738211734,65.7070738211734,Meaningful G5 Contributor,Standout starter at the Group of 5 level; high-end depth in Power 4.,Potential Day 3 Pick
202501587,Keenan Arcega-Whiteside,2025,WR,0.855,WR,60.672623,68.08799322499394,68.08799322499394,Meaningful G5 Contributor,Standout starter at the Group of 5 level; high-end depth in Power 4.,Potential Day 3 Pick
202501595,Jah'Marren Jackson,2025,WR,0.855,WR,51.249844,47.62481992539047,47.62481992539047,Single Season Contributor,Late bloomer or one-year starter; limited career longevity.,nan
202501600,Makih Johnson,2025,WR,0.8547,WR,53.984993,53.88205850003292,53.88205850003292,Multi-Year Starter,Consistent career presence; reliable rotational player or specialist.,nan
202501624,Karon Brookins,2025,WR,0.8536,WR,53.206894,52.44280908532737,52.44280908532737,Multi-Year Starter,Consistent career presence; reliable rotational player or specialist.,nan
202501625,D'ontae Fulton,2025,WR,0.8536,WR,55.87493,57.19089479733593,57.19089479733593,Multi-Year Starter,Consistent career presence; reliable rotational player or specialist.,nan
202501626,Evan Stroman,2025,WR,0.8536,WR,56.1535,57.58510469010215,57.58510469010215,Multi-Year Starter,Consistent career presence; reliable rotational player or specialist.,nan
202501644,Caden Butler,2025,WR,0.8533,WR,56.234623,57.64594253299128,57.64594253299128,Multi-Year Starter,Consistent career presence; reliable rotational player or specialist.,nan
202501649,Kha'leal Sterling,2025,WR,0.8531,WR,56.24542,57.65403860631847,57.65403860631847,Multi-Year Starter,Consistent career presence; reliable rotational player or specialist.,nan
202501650,Andrew Leslie,2025,WR,0.8531,WR,53.307224,52.61766134248867,52.61766134248867,Multi-Year Starter,Consistent career presence; reliable rotational player or specialist.,nan
202501651,Antoine Martin Jr.,2025,WR,0.8528,WR,57.097446,60.52814866744547,60.52814866744547,Meaningful G5 Contributor,Standout starter at the Group of 5 level; high-end depth in Power 4.,Potential Day 3 Pick
202501672,Michael Scott,2025,WR,0.8517,WR,58.319206,63.899373382954565,63.899373382954565,Meaningful G5 Contributor,Standout starter at the Group of 5 level; high-end depth in Power 4.,Potential Day 3 Pick
202501679,Bryce Kania,2025,WR,0.8517,WR,52.83548,51.642172862115565,51.642172862115565,Multi-Year Starter,Consistent career presence; reliable rotational player or specialist.,nan
202501683,Charles Taplin,2025,WR,0.8517,WR,55.914764,57.26883922275134,57.26883922275134,Multi-Year Starter,Consistent career presence; reliable rotational player or specialist.,nan
202501686,Kingston Jones,2025,WR,0.8517,WR,55.20241,55.8038761450552,55.8038761450552,Multi-Year Starter,Consistent career presence; reliable rotational player or specialist.,nan
202501697,Cameron Begalle,2025,WR,0.8514,WR,44.536457,26.95557972706523,26.95557972706523,Partial Season Contributor,Rotational backup or special teams contributor; limited starts.,nan
202501710,Kaleb Mitchell,2025,WR,0.8508,WR,49.150555,41.26089321245203,41.26089321245203,Single Season Contributor,Late bloomer or one-year starter; limited career longevity.,nan
202501714,Arrion Concepcion,2025,WR,0.8508,WR,52.022236,49.644534072527996,49.644534072527996,Single Season Contributor,Late bloomer or one-year starter; limited career longevity.,nan
202501717,Dilon Tallie,2025,WR,0.8508,WR,54.159573,54.145179630901424,54.145179630901424,Multi-Year Starter,Consistent career presence; reliable rotational player or specialist.,nan
202501721,Noah LaPorte,2025,WR,0.8508,WR,50.689484,46.02328097425956,46.02328097425956,Single Season Contributor,Late bloomer or one-year starter; limited career longevity.,nan
202501729,Branden Hoch,2025,WR,0.8506,WR,51.47778,48.37781700459124,48.37781700459124,Single Season Contributor,Late bloomer or one-year starter; limited career longevity.,nan
202501732,Ryland Bradford,2025,WR,0.8504,WR,53.61444,53.16523582442886,53.16523582442886,Multi-Year Starter,Consistent career presence; reliable rotational player or specialist.,nan
202501768,Ray Gilbert,2025,WR,0.85,WR,53.566414,53.0789060303685,53.0789060303685,Multi-Year Starter,Consistent career presence; reliable rotational player or specialist.,nan
202501776,Malakai Alofipo,2025,WR,0.85,WR,55.474762,56.348658991915286,56.348658991915286,Multi-Year Starter,Consistent career presence; reliable rotational player or specialist.,nan
202501777,Denver Harper,2025,WR,0.85,WR,52.278522,50.26573396177041,50.26573396177041,Multi-Year Starter,Consistent career presence; reliable rotational player or specialist.,nan
202501842,Gabe Glover,2025,WR,0.85,WR,49.70779,42.90092459190176,42.90092459190176,Single Season Contributor,Late bloomer or one-year starter; limited career longevity.,nan
202501850,Jacobe Hayes,2025,WR,0.8494,WR,54.23992,54.28801174184073,54.28801174184073,Multi-Year Starter,Consistent career presence; reliable rotational player or specialist.,nan
202501851,Terrence Lewis,2025,WR,0.8494,WR,55.079445,55.62016568681459,55.62016568681459,Multi-Year Starter,Consistent career presence; reliable rotational player or specialist.,nan
202501861,Alex Sanchez,2025,WR,0.8492,WR,50.527905,45.590815638788555,45.590815638788555,Single Season Contributor,Late bloomer or one-year starter; limited career longevity.,nan
202501890,Josh Rodriguez,2025,WR,0.8483,WR,52.751293,51.52487704903358,51.52487704903358,Multi-Year Starter,Consistent career presence; reliable rotational player or specialist.,nan
202501895,Kory Pettigrew,2025,WR,0.8483,WR,54.00415,53.90690773936086,53.90690773936086,Multi-Year Starter,Consistent career presence; reliable rotational player or specialist.,nan
202501903,Elisha Durham,2025,WR,0.8478,WR,50.53085,45.600995557699385,45.600995557699385,Single Season Contributor,Late bloomer or one-year starter; limited career longevity.,nan
202501910,Kayin Booker,2025,WR,0.8478,WR,55.6978,56.88587907095861,56.88587907095861,Multi-Year Starter,Consistent career presence; reliable rotational player or specialist.,nan
202501912,Ty Olsen,2025,WR,0.8478,WR,52.440434,50.81373281731293,50.81373281731293,Multi-Year Starter,Consistent career presence; reliable rotational player or specialist.,nan
202501913,Xylan Williams,2025,WR,0.8478,WR,55.51617,56.466234629670794,56.466234629670794,Multi-Year Starter,Consistent career presence; reliable rotational player or specialist.,nan
202501915,Sean Embree Jr.,2025,WR,0.8475,WR,55.126385,55.67718795314466,55.67718795314466,Multi-Year Starter,Consistent career presence; reliable rotational player or specialist.,nan
202501923,Nik Henry,2025,WR,0.847,WR,56.93079,60.03893350479382,60.03893350479382,Meaningful G5 Contributor,Standout starter at the Group of 5 level; high-end depth in Power 4.,Potential Day 3 Pick
202501933,Dwayne Early Jr.,2025,WR,0.8469,WR,59.344738,66.05849685906938,66.05849685906938,Meaningful G5 Contributor,Standout starter at the Group of 5 level; high-end depth in Power 4.,Potential Day 3 Pick
202501956,Shamar Fowles,2025,WR,0.8458,WR,52.72706,51.49111111942599,51.49111111942599,Multi-Year Starter,Consistent career presence; reliable rotational player or specialist.,nan
202501959,Jase Nix,2025,WR,0.8456,WR,55.094063,55.6368913947327,55.6368913947327,Multi-Year Starter,Consistent career presence; reliable rotational player or specialist.,nan
202501961,Jeremiah Ware,2025,WR,0.8456,WR,52.004078,49.618082556851284,49.618082556851284,Single Season Contributor,Late bloomer or one-year starter; limited career longevity.,nan
202501973,Louden Grimsley,2025,WR,0.845,WR,54.40818,54.57149245745468,54.57149245745468,Multi-Year Starter,Consistent career presence; reliable rotational player or specialist.,nan
202501975,DJ Vinson,2025,WR,0.845,WR,54.09154,54.02026321999884,54.02026321999884,Multi-Year Starter,Consistent career presence; reliable rotational player or specialist.,nan
202501985,Peyton Plott,2025,WR,0.845,WR,53.49726,52.9546731968139,52.9546731968139,Multi-Year Starter,Consistent career presence; reliable rotational player or specialist.,nan
202501991,Jaylon Hawkins,2025,WR,0.8447,WR,55.77529,57.00996128773282,57.00996128773282,Multi-Year Starter,Consistent career presence; reliable rotational player or specialist.,nan
202501994,Darius Johnson,2025,WR,0.8447,WR,58.496414,64.34597402007198,64.34597402007198,Meaningful G5 Contributor,Standout starter at the Group of 5 level; high-end depth in Power 4.,Potential Day 3 Pick
202502003,Tyson Carter,2025,WR,0.8444,WR,55.03707,55.57168208463443,55.57168208463443,Multi-Year Starter,Consistent career presence; reliable rotational player or specialist.,nan
202502008,Andre Feast,2025,WR,0.8442,WR,55.811104,57.07298230075912,57.07298230075912,Multi-Year Starter,Consistent career presence; reliable rotational player or specialist.,nan
202502016,Mykel Calixte,2025,WR,0.8437,WR,50.793056,46.27134480679189,46.27134480679189,Single Season Contributor,Late bloomer or one-year starter; limited career longevity.,nan
202502019,Zo Hill,2025,WR,0.8436,WR,55.548683,56.56028386098146,56.56028386098146,Multi-Year Starter,Consistent career presence; reliable rotational player or specialist.,nan
202502027,Ahmed Souare,2025,WR,0.8433,WR,50.379288,45.0676352260345,45.0676352260345,Single Season Contributor,Late bloomer or one-year starter; limited career longevity.,nan
202502052,Blake Wallace,2025,WR,0.8419,WR,52.979195,51.94863607497503,51.94863607497503,Multi-Year Starter,Consistent career presence; reliable rotational player or specialist.,nan
202502067,Brock Coffman,2025,WR,0.8417,WR,53.759567,53.42728662978255,53.42728662978255,Multi-Year Starter,Consistent career presence; reliable rotational player or specialist.,nan
202502073,Jalen Mickens,2025,WR,0.8411,WR,54.0117,53.91669998241741,53.91669998241741,Multi-Year Starter,Consistent career presence; reliable rotational player or specialist.,nan
202502077,Dyllan Malone,2025,WR,0.8411,WR,56.465664,58.271897063904845,58.271897063904845,Multi-Year Starter,Consistent career presence; reliable rotational player or specialist.,nan
202502079,Zay Martin,2025,WR,0.8411,WR,54.859863,55.33328429875987,55.33328429875987,Multi-Year Starter,Consistent career presence; reliable rotational player or specialist.,nan
202502084,Antwon Thomas,2025,WR,0.8408,WR,51.973717,49.57385406666832,49.57385406666832,Single Season Contributor,Late bloomer or one-year starter; limited career longevity.,nan
202502087,Tate Nagy,2025,WR,0.8408,WR,52.589306,51.25644200331309,51.25644200331309,Multi-Year Starter,Consistent career presence; reliable rotational player or specialist.,nan
202502092,Kenny Williams,2025,WR,0.8404,WR,55.543983,56.546689040733334,56.546689040733334,Multi-Year Starter,Consistent career presence; reliable rotational player or specialist.,nan
202502109,Khris Norris,2025,WR,0.84,WR,53.13275,52.30083093890994,52.30083093890994,Multi-Year Starter,Consistent career presence; reliable rotational player or specialist.,nan
202502113,C.J. Jones,2025,WR,0.84,WR,52.321075,50.39456421049887,50.39456421049887,Multi-Year Starter,Consistent career presence; reliable rotational player or specialist.,nan
202502117,Shamar Berryhill,2025,WR,0.84,WR,59.19637,65.78894321038712,65.78894321038712,Meaningful G5 Contributor,Standout starter at the Group of 5 level; high-end depth in Power 4.,Potential Day 3 Pick
202502122,Emmanuel Dyson,2025,WR,0.84,WR,56.27468,57.71273475247508,57.71273475247508,Multi-Year Starter,Consistent career presence; reliable rotational player or specialist.,nan
202502130,AJ Campbell,2025,WR,0.84,WR,53.160526,52.35708289963075,52.35708289963075,Multi-Year Starter,Consistent career presence; reliable rotational player or specialist.,nan
202502138,Austin Rowswell,2025,WR,0.84,WR,56.93864,60.07511292884795,60.07511292884795,Meaningful G5 Contributor,Standout starter at the Group of 5 level; high-end depth in Power 4.,Potential Day 3 Pick
202502161,Jay Johnson,2025,WR,0.84,WR,62.078876,70.35640988635821,70.35640988635821,Meaningful P4 Contributor,Reliable multi-year starter at the highest level of competition.,Potential Day 2 Pick
202502180,Jaden George,2025,WR,0.84,WR,55.246887,55.87798841948997,55.87798841948997,Multi-Year Starter,Consistent career presence; reliable rotational player or specialist.,nan
202502182,Jayden Guy,2025,WR,0.84,WR,51.6687,48.87112702151717,48.87112702151717,Single Season Contributor,Late bloomer or one-year starter; limited career longevity.,nan
202502197,Tucker Cusano,2025,WR,0.84,WR,51.840473,49.32208189709823,49.32208189709823,Single Season Contributor,Late bloomer or one-year starter; limited career longevity.,nan
202502214,Jaylen Moore,2025,WR,0.84,WR,53.2763,52.563765017299254,52.563765017299254,Multi-Year Starter,Consistent career presence; reliable rotational player or specialist.,nan
202502216,Mar'Quan Gary,2025,WR,0.84,WR,58.11331,63.28946203171031,63.28946203171031,Meaningful G5 Contributor,Standout starter at the Group of 5 level; high-end depth in Power 4.,Potential Day 3 Pick
202502231,Mack Kump,2025,WR,0.84,WR,63.767006,72.78604156145552,72.78604156145552,Meaningful P4 Contributor,Reliable multi-year starter at the highest level of competition.,Potential Day 2 Pick
202502253,Trenton Chaney,2025,WR,0.8394,WR,54.500053,54.76870671787713,54.76870671787713,Multi-Year Starter,Consistent career presence; reliable rotational player or specialist.,nan
202502259,Anjuan Coleman Jr.,2025,WR,0.8389,WR,55.76894,56.99979111489984,56.99979111489984,Multi-Year Starter,Consistent career presence; reliable rotational player or specialist.,nan
202502267,Oliver Mitchell Jr.,2025,WR,0.8386,WR,55.392715,56.162024751564566,56.162024751564566,Multi-Year Starter,Consistent career presence; reliable rotational player or specialist.,nan
202502272,Teaunn Hunter,2025,WR,0.8383,WR,56.598614,58.95624636839599,58.95624636839599,Multi-Year Starter,Consistent career presence; reliable rotational player or specialist.,nan
202502273,Noah Westbrook,2025,WR,0.8383,WR,55.378784,56.13338891361095,56.13338891361095,Multi-Year Starter,Consistent career presence; reliable rotational player or specialist.,nan
202502292,Keynan Cotton,2025,WR,0.837,WR,52.017582,49.63775448237556,49.63775448237556,Single Season Contributor,Late bloomer or one-year starter; limited career longevity.,nan
202502295,Skylar Lewis,2025,WR,0.837,WR,53.025146,52.07762021015445,52.07762021015445,Multi-Year Starter,Consistent career presence; reliable rotational player or specialist.,nan
202502297,Kolby Thomas,2025,WR,0.837,WR,55.348022,56.07015797241217,56.07015797241217,Multi-Year Starter,Consistent career presence; reliable rotational player or specialist.,nan
202502300,BuddyRow Garrer,2025,WR,0.8369,WR,55.722836,56.925967265735075,56.925967265735075,Multi-Year Starter,Consistent career presence; reliable rotational player or specialist.,nan
202502306,Makhi Smith,2025,WR,0.8367,WR,54.143444,54.11509996334486,54.11509996334486,Multi-Year Starter,Consistent career presence; reliable rotational player or specialist.,nan
202502308,Tana Togafau-Tavui,2025,WR,0.8367,WR,60.600365,67.9870137611723,67.9870137611723,Meaningful G5 Contributor,Standout starter at the Group of 5 level; high-end depth in Power 4.,Potential Day 3 Pick
202502317,Sherone White Jr.,2025,WR,0.8364,WR,53.433342,52.84035083398092,52.84035083398092,Multi-Year Starter,Consistent career presence; reliable rotational player or specialist.,nan
202502335,Tyler Brown,2025,WR,0.8356,WR,54.838577,55.29483351814462,55.29483351814462,Multi-Year Starter,Consistent career presence; reliable rotational player or specialist.,nan
202502346,Ke'Lyn Washom,2025,WR,0.835,WR,50.757545,46.17606206128497,46.17606206128497,Single Season Contributor,Late bloomer or one-year starter; limited career longevity.,nan
202502353,Colton Foster,2025,WR,0.835,WR,50.516407,45.55107175848125,45.55107175848125,Single Season Contributor,Late bloomer or one-year starter; limited career longevity.,nan
202502365,Zay Prince,2025,WR,0.8344,WR,53.778217,53.461020047064316,53.461020047064316,Multi-Year Starter,Consistent career presence; reliable rotational player or specialist.,nan
202502374,Ben Hubbard,2025,WR,0.8337,WR,52.828987,51.6331268032155,51.6331268032155,Multi-Year Starter,Consistent career presence; reliable rotational player or specialist.,nan
202502378,Jaylin Carter,2025,WR,0.8337,WR,52.556828,51.19762911540585,51.19762911540585,Multi-Year Starter,Consistent career presence; reliable rotational player or specialist.,nan
202502391,Johnnie Thiel IV,2025,WR,0.8336,WR,55.37691,56.129538914587066,56.129538914587066,Multi-Year Starter,Consistent career presence; reliable rotational player or specialist.,nan
202502405,AJ Jones,2025,WR,0.8328,WR,53.62316,53.180910956217744,53.180910956217744,Multi-Year Starter,Consistent career presence; reliable rotational player or specialist.,nan
202502413,Quinn Morris,2025,WR,0.8317,WR,58.429893,64.18968551675417,64.18968551675417,Meaningful G5 Contributor,Standout starter at the Group of 5 level; high-end depth in Power 4.,Potential Day 3 Pick
202502443,Shanard Clower,2025,WR,0.8306,WR,59.75822,66.64947541708176,66.64947541708176,Meaningful G5 Contributor,Standout starter at the Group of 5 level; high-end depth in Power 4.,Potential Day 3 Pick
202502447,Derion Talbert,2025,WR,0.8304,WR,53.586704,53.11537848268042,53.11537848268042,Multi-Year Starter,Consistent career presence; reliable rotational player or specialist.,nan
202502450,Titan Lacaden,2025,WR,0.8304,WR,60.221855,67.50487795342569,67.50487795342569,Meaningful G5 Contributor,Standout starter at the Group of 5 level; high-end depth in Power 4.,Potential Day 3 Pick
202502456,Jamari Miller,2025,WR,0.8304,WR,53.688175,53.29815574321511,53.29815574321511,Multi-Year Starter,Consistent career presence; reliable rotational player or specialist.,nan
202502459,Donnell Gee Jr.,2025,WR,0.8304,WR,54.88941,55.386653706621,55.386653706621,Multi-Year Starter,Consistent career presence; reliable rotational player or specialist.,nan
202502469,Jordan Rechel,2025,WR,0.83,WR,55.13459,55.69086112428362,55.69086112428362,Multi-Year Starter,Consistent career presence; reliable rotational player or specialist.,nan
202502491,Colin Charles,2025,WR,0.83,WR,51.362442,48.09612280662877,48.09612280662877,Single Season Contributor,Late bloomer or one-year starter; limited career longevity.,nan
202502511,Braylen Naves,2025,WR,0.83,WR,51.846703,49.33446654910754,49.33446654910754,Single Season Contributor,Late bloomer or one-year starter; limited career longevity.,nan
202502514,Jaden Barnes,2025,WR,0.83,WR,54.789547,55.206265797132474,55.206265797132474,Multi-Year Starter,Consistent career presence; reliable rotational player or specialist.,nan
202502516,Nare Means,2025,WR,0.83,WR,51.990833,49.59878851012239,49.59878851012239,Single Season Contributor,Late bloomer or one-year starter; limited career longevity.,nan
202502519,Jacques Carter,2025,WR,0.83,WR,57.629025,61.95508898394838,61.95508898394838,Meaningful G5 Contributor,Standout starter at the Group of 5 level; high-end depth in Power 4.,Potential Day 3 Pick
202502529,Nolan McWilliams,2025,WR,0.83,WR,54.057266,53.97580475417614,53.97580475417614,Multi-Year Starter,Consistent career presence; reliable rotational player or specialist.,nan
202502531,CD Gill,2025,WR,0.83,WR,46.8034,32.90241653022511,32.90241653022511,Partial Season Contributor,Rotational backup or special teams contributor; limited starts.,nan
202502533,Zedekiah Anahu-Ambrosio,2025,WR,0.83,WR,61.30446,69.20275521200924,69.20275521200924,Meaningful G5 Contributor,Standout starter at the Group of 5 level; high-end depth in Power 4.,Potential Day 3 Pick
202502537,Kavon Collins,2025,WR,0.83,WR,52.22797,50.109099434203024,50.109099434203024,Multi-Year Starter,Consistent career presence; reliable rotational player or specialist.,nan
202502549,Clayton Merrill,2025,WR,0.83,WR,52.251446,50.18375842564539,50.18375842564539,Multi-Year Starter,Consistent career presence; reliable rotational player or specialist.,nan
202502556,Carter Pabst,2025,WR,0.83,WR,53.36409,52.71676489739165,52.71676489739165,Multi-Year Starter,Consistent career presence; reliable rotational player or specialist.,nan
202502591,Larry Robinson III,2025,WR,0.83,WR,48.50979,38.77218693027272,38.77218693027272,Partial Season Contributor,Rotational backup or special teams contributor; limited starts.,nan
202502600,Jordan Clark,2025,WR,0.83,WR,54.51159,54.79645982971388,54.79645982971388,Multi-Year Starter,Consistent career presence; reliable rotational player or specialist.,nan
202502614,Trae Stevenson,2025,WR,0.8296,WR,51.260937,47.649791209654836,47.649791209654836,Single Season Contributor,Late bloomer or one-year starter; limited career longevity.,nan
202502615,Jaiden Smith,2025,WR,0.8296,WR,54.10517,54.04372122526657,54.04372122526657,Multi-Year Starter,Consistent career presence; reliable rotational player or specialist.,nan
202502642,Julius Spencer,2025,WR,0.827,WR,52.03158,49.65814882324395,49.65814882324395,Single Season Contributor,Late bloomer or one-year starter; limited career longevity.,nan
202502643,Payton Matthews,2025,WR,0.827,WR,55.24304,55.87157455167071,55.87157455167071,Multi-Year Starter,Consistent career presence; reliable rotational player or specialist.,nan
202502646,Neo Clifton,2025,WR,0.827,WR,49.68904,42.834421016864844,42.834421016864844,Single Season Contributor,Late bloomer or one-year starter; limited career longevity.,nan
202502669,Tyree Barnett,2025,WR,0.8263,WR,52.617146,51.30685502374379,51.30685502374379,Multi-Year Starter,Consistent career presence; reliable rotational player or specialist.,nan
202502674,SJ Green,2025,WR,0.8256,WR,53.804573,53.50869118226573,53.50869118226573,Multi-Year Starter,Consistent career presence; reliable rotational player or specialist.,nan
202502677,Mason Johnson,2025,WR,0.8256,WR,52.117996,49.78403247547599,49.78403247547599,Single Season Contributor,Late bloomer or one-year starter; limited career longevity.,nan
202502689,London Deyon,2025,WR,0.825,WR,51.510044,48.44009614749269,48.44009614749269,Single Season Contributor,Late bloomer or one-year starter; limited career longevity.,nan
202502698,Aidan Wyzard,2025,WR,0.825,WR,57.098732,60.53091405933349,60.53091405933349,Meaningful G5 Contributor,Standout starter at the Group of 5 level; high-end depth in Power 4.,Potential Day 3 Pick
202502721,Amari Isaac,2025,WR,0.8237,WR,50.802517,46.297939324993315,46.297939324993315,Single Season Contributor,Late bloomer or one-year starter; limited career longevity.,nan
202502723,Rameir Hardy,2025,WR,0.8237,WR,52.121193,49.78868927592496,49.78868927592496,Single Season Contributor,Late bloomer or one-year starter; limited career longevity.,nan
202502738,Ronald Towns,2025,WR,0.8228,WR,55.711365,56.907599872516606,56.907599872516606,Multi-Year Starter,Consistent career presence; reliable rotational player or specialist.,nan
202502746,Reed Phillips,2025,WR,0.8217,WR,53.564976,53.07632093645581,53.07632093645581,Multi-Year Starter,Consistent career presence; reliable rotational player or specialist.,nan
202502760,Shane Walker,2025,WR,0.8204,WR,52.745335,51.5165750842851,51.5165750842851,Multi-Year Starter,Consistent career presence; reliable rotational player or specialist.,nan
202502786,Devaughn Slaughter,2025,WR,0.82,WR,49.86306,43.42018167171809,43.42018167171809,Single Season Contributor,Late bloomer or one-year starter; limited career longevity.,nan
202502787,Judah Ofori-Ansah,2025,WR,0.82,WR,51.75743,49.1486650404508,49.1486650404508,Single Season Contributor,Late bloomer or one-year starter; limited career longevity.,nan
202502796,Jami Williams,2025,WR,0.82,WR,50.640934,45.91429964399545,45.91429964399545,Single Season Contributor,Late bloomer or one-year starter; limited career longevity.,nan
202502826,JD DeCausmaker,2025,WR,0.82,WR,54.07402,53.99753670541635,53.99753670541635,Multi-Year Starter,Consistent career presence; reliable rotational player or specialist.,nan
202502827,Onosa'i Salanoa,2025,WR,0.82,WR,56.309162,57.810242160727654,57.810242160727654,Multi-Year Starter,Consistent career presence; reliable rotational player or specialist.,nan
202502829,Jamil Miller,2025,WR,0.82,WR,48.074974,37.17088398582186,37.17088398582186,Partial Season Contributor,Rotational backup or special teams contributor; limited starts.,nan
202502842,Xavier Quintanar,2025,WR,0.82,WR,50.338093,44.91497634167926,44.91497634167926,Single Season Contributor,Late bloomer or one-year starter; limited career longevity.,nan
202502849,Jacob Martin,2025,WR,0.82,WR,48.681576,39.42453286122758,39.42453286122758,Partial Season Contributor,Rotational backup or special teams contributor; limited starts.,nan
202502858,Talan White,2025,WR,0.82,WR,57.40882,61.49488017606528,61.49488017606528,Meaningful G5 Contributor,Standout starter at the Group of 5 level; high-end depth in Power 4.,Potential Day 3 Pick
202502860,Kai Mault,2025,WR,0.82,WR,49.094833,41.08803707133421,41.08803707133421,Single Season Contributor,Late bloomer or one-year starter; limited career longevity.,nan
202502870,Daylin Caamano,2025,WR,0.82,WR,53.414112,52.80595724177269,52.80595724177269,Multi-Year Starter,Consistent career presence; reliable rotational player or specialist.,nan
202502891,Michael Ashford,2025,WR,0.82,WR,59.52639,66.32833986606805,66.32833986606805,Meaningful G5 Contributor,Standout starter at the Group of 5 level; high-end depth in Power 4.,Potential Day 3 Pick
202502893,Omaurie Phillips-Porter,2025,WR,0.82,WR,51.527454,48.4737024383655,48.4737024383655,Single Season Contributor,Late bloomer or one-year starter; limited career longevity.,nan
202502894,Tyree Weatherspoon,2025,WR,0.82,WR,49.890713,43.51018613245597,43.51018613245597,Single Season Contributor,Late bloomer or one-year starter; limited career longevity.,nan
202502902,Braden Peevy,2025,WR,0.82,WR,54.870632,55.352737086157155,55.352737086157155,Multi-Year Starter,Consistent career presence; reliable rotational player or specialist.,nan
202502917,Nate Lyman,2025,WR,0.8196,WR,48.36691,38.146870938063806,38.146870938063806,Partial Season Contributor,Rotational backup or special teams contributor; limited starts.,nan
202502924,Amari Williams,2025,WR,0.8189,WR,52.795788,51.58687072177762,51.58687072177762,Multi-Year Starter,Consistent career presence; reliable rotational player or specialist.,nan
202502926,Jeremiah Hoffman,2025,WR,0.8189,WR,51.10404,47.288824581267676,47.288824581267676,Single Season Contributor,Late bloomer or one-year starter; limited career longevity.,nan
202502946,Eric Slater,2025,WR,0.8167,WR,47.775917,35.85692050959087,35.85692050959087,Partial Season Contributor,Rotational backup or special teams contributor; limited starts.,nan
202502961,Pierre Jackson,2025,WR,0.815,WR,57.06437,60.45699521622585,60.45699521622585,Meaningful G5 Contributor,Standout starter at the Group of 5 level; high-end depth in Power 4.,Potential Day 3 Pick
202502977,Brandon Gaea,2025,WR,0.8125,WR,53.484337,52.931557646248244,52.931557646248244,Multi-Year Starter,Consistent career presence; reliable rotational player or specialist.,nan
202502979,Weston Sturzinger,2025,WR,0.8122,WR,45.3541,29.076834656218736,29.076834656218736,Partial Season Contributor,Rotational backup or special teams contributor; limited starts.,nan
202503040,Ethan Naudin,2025,WR,0.81,WR,48.435116,38.43512934299212,38.43512934299212,Partial Season Contributor,Rotational backup or special teams contributor; limited starts.,nan
202503047,Zayne St. Laurent,2025,WR,0.81,WR,50.169167,44.53827121442503,44.53827121442503,Single Season Contributor,Late bloomer or one-year starter; limited career longevity.,nan
202503086,Kevin Boone,2025,WR,0.81,WR,52.90137,51.73397813554731,51.73397813554731,Multi-Year Starter,Consistent career presence; reliable rotational player or specialist.,nan
202503105,Noah Tucker,2025,WR,0.807,WR,53.943493,53.82822837764169,53.82822837764169,Multi-Year Starter,Consistent career presence; reliable rotational player or specialist.,nan
202503107,Max Macklem,2025,WR,0.8063,WR,48.46878,38.58708506241747,38.58708506241747,Partial Season Contributor,Rotational backup or special teams contributor; limited starts.,nan
202503110,Jermarj Bell,2025,WR,0.8056,WR,61.05136,68.73530891160192,68.73530891160192,Meaningful G5 Contributor,Standout starter at the Group of 5 level; high-end depth in Power 4.,Potential Day 3 Pick
202503115,Chase Ferrell,2025,WR,0.8044,WR,48.874466,40.2100096749897,40.2100096749897,Single Season Contributor,Late bloomer or one-year starter; limited career longevity.,nan
202503125,Stratton Fuller,2025,WR,0.8,WR,48.34183,38.07746270157378,38.07746270157378,Partial Season Contributor,Rotational backup or special teams contributor; limited starts.,nan
202503129,Ian Willis,2025,WR,0.8,WR,54.800797,55.226586827963004,55.226586827963004,Multi-Year Starter,Consistent career presence; reliable rotational player or specialist.,nan
202503133,Deshaun Williams,2025,WR,0.8,WR,49.723415,42.95634649288879,42.95634649288879,Single Season Contributor,Late bloomer or one-year starter; limited career longevity.,nan
202503143,Trenton Jones,2025,WR,0.8,WR,52.30661,50.35077001030359,50.35077001030359,Multi-Year Starter,Consistent career presence; reliable rotational player or specialist.,nan
202503146,Darriel Harper,2025,WR,0.8,WR,55.798153,57.049057311165626,57.049057311165626,Multi-Year Starter,Consistent career presence; reliable rotational player or specialist.,nan
202503159,Jarvis Davis,2025,WR,0.8,WR,52.075047,49.721465749634795,49.721465749634795,Single Season Contributor,Late bloomer or one-year starter; limited career longevity.,nan
202503160,Calondrey Hardy,2025,WR,0.8,WR,49.443413,42.03369055049287,42.03369055049287,Single Season Contributor,Late bloomer or one-year starter; limited career longevity.,nan
202503162,Marquis Bradley,2025,WR,0.8,WR,44.082775,25.657387753838677,25.657387753838677,Partial Season Contributor,Rotational backup or special teams contributor; limited starts.,nan
202503167,Ezekiel Orozco,2025,WR,0.8,WR,47.46514,34.67804502387168,34.67804502387168,Partial Season Contributor,Rotational backup or special teams contributor; limited starts.,nan
202503173,Khalif Brown,2025,WR,0.8,WR,41.477356,20.177124566195214,20.177124566195214,Partial Season Contributor,Rotational backup or special teams contributor; limited starts.,nan
202503183,Terryn Thomas,2025,WR,0.8,WR,36.303932,14.641,14.641,Minimal D1 Impact,Roster filler; medical DQ; or transferred to lower levels.,nan
202503193,Brady Dieffenbach,2025,WR,0.8,WR,47.46514,34.67804502387168,34.67804502387168,Partial Season Contributor,Rotational backup or special teams contributor; limited starts.,nan
202503194,Zayden Sharp,2025,WR,0.8,WR,52.2992,50.328330102344886,50.328330102344886,Multi-Year Starter,Consistent career presence; reliable rotational player or specialist.,nan
202503195,Baron White,2025,WR,0.8,WR,48.320335,38.01796841915497,38.01796841915497,Partial Season Contributor,Rotational backup or special teams contributor; limited starts.,nan
202503198,Seven Bullock,2025,WR,0.8,WR,50.541515,45.63786479769249,45.63786479769249,Single Season Contributor,Late bloomer or one-year starter; limited career longevity.,nan
202503205,Elijah Bechtel,2025,WR,0.8,WR,48.037884,36.99561638161835,36.99561638161835,Partial Season Contributor,Rotational backup or special teams contributor; limited starts.,nan
202503206,Christian O'Neal,2025,WR,0.8,WR,46.735645,32.749506175218734,32.749506175218734,Partial Season Contributor,Rotational backup or special teams contributor; limited starts.,nan
202503218,Gabe Aramboles,2025,WR,0.7996,WR,48.92247,40.41606763597026,40.41606763597026,Single Season Contributor,Late bloomer or one-year starter; limited career longevity.,nan
202503235,Jeremiah Sanders,2025,WR,0.79,WR,43.053024,22.789829541042927,22.789829541042927,Partial Season Contributor,Rotational backup or special teams contributor; limited starts.,nan
202503237,Jace Pina,2025,WR,0.79,WR,56.95821,60.16529779055722,60.16529779055722,Meaningful G5 Contributor,Standout starter at the Group of 5 level; high-end depth in Power 4.,Potential Day 3 Pick
202503240,Nehemiah Brunson,2025,WR,0.79,WR,43.924397,25.19272564066566,25.19272564066566,Partial Season Contributor,Rotational backup or special teams contributor; limited starts.,nan
202503262,Santino Cicarella,2025,WR,0.79,WR,47.108616,33.591257835017366,33.591257835017366,Partial Season Contributor,Rotational backup or special teams contributor; limited starts.,nan
202503265,Jojo Hyer,2025,WR,0.79,WR,51.63945,48.77963254476811,48.77963254476811,Single Season Contributor,Late bloomer or one-year starter; limited career longevity.,nan
202503274,Demond Littles,2025,WR,0.79,WR,44.076588,25.639234616703778,25.639234616703778,Partial Season Contributor,Rotational backup or special teams contributor; limited starts.,nan
202503282,Israel Hiraldo,2025,WR,0.79,WR,48.469063,38.58835925201945,38.58835925201945,Partial Season Contributor,Rotational backup or special teams contributor; limited starts.,nan
202503285,Tyler Hennessy,2025,WR,0.79,WR,48.041874,37.01447166434969,37.01447166434969,Partial Season Contributor,Rotational backup or special teams contributor; limited starts.,nan
202503303,Evan Kludt,2025,WR,0.79,WR,46.805058,32.906161589874216,32.906161589874216,Partial Season Contributor,Rotational backup or special teams contributor; limited starts.,nan
202503305,Jerell Clement,2025,WR,0.79,WR,49.099373,41.105689893319216,41.105689893319216,Single Season Contributor,Late bloomer or one-year starter; limited career longevity.,nan
202503307,Tykell Hammers,2025,WR,0.79,WR,51.906197,49.45274642218608,49.45274642218608,Single Season Contributor,Late bloomer or one-year starter; limited career longevity.,nan
202503323,Connor O'Rourke,2025,WR,0.78,WR,49.20667,41.40289047874907,41.40289047874907,Single Season Contributor,Late bloomer or one-year starter; limited career longevity.,nan
202503331,Damon Stennis,2025,WR,0.78,WR,47.944294,36.55336446332883,36.55336446332883,Partial Season Contributor,Rotational backup or special teams contributor; limited starts.,nan
202503334,Mason Chadwell,2025,WR,0.78,WR,47.11697,33.6101122732508,33.6101122732508,Partial Season Contributor,Rotational backup or special teams contributor; limited starts.,nan
202503343,Simeon Brown,2025,WR,0.78,WR,48.223553,37.75010161538428,37.75010161538428,Partial Season Contributor,Rotational backup or special teams contributor; limited starts.,nan
202503348,Trey Bass,2025,WR,0.78,WR,47.91191,36.400341045445096,36.400341045445096,Partial Season Contributor,Rotational backup or special teams contributor; limited starts.,nan
202503349,Bridger Smith,2025,WR,0.78,WR,49.806664,43.23662173965177,43.23662173965177,Single Season Contributor,Late bloomer or one-year starter; limited career longevity.,nan
202503372,Afy Ibekwe,2025,WR,0.78,WR,40.662308,18.825646919492225,18.825646919492225,Minimal D1 Impact,Roster filler; medical DQ; or transferred to lower levels.,nan
202503384,Truman Brasfield,2025,WR,0.78,WR,49.552666,42.3749710109946,42.3749710109946,Single Season Contributor,Late bloomer or one-year starter; limited career longevity.,nan
202503388,Abram Larner,2025,WR,0.78,WR,47.965607,36.65407618858699,36.65407618858699,Partial Season Contributor,Rotational backup or special teams contributor; limited starts.,nan
202503390,Dionte Thigpen,2025,WR,0.78,WR,50.35279,44.96944385546949,44.96944385546949,Single Season Contributor,Late bloomer or one-year starter; limited career longevity.,nan
202503409,Sean Dillard,2025,WR,0.78,WR,48.920044,40.40565339064416,40.40565339064416,Single Season Contributor,Late bloomer or one-year starter; limited career longevity.,nan
202503426,Carter York,2025,WR,0.78,WR,51.42196,48.27006922756631,48.27006922756631,Single Season Contributor,Late bloomer or one-year starter; limited career longevity.,nan
202503438,Jack Wheeler,2025,WR,0.77,WR,52.232513,50.123679780579785,50.123679780579785,Multi-Year Starter,Consistent career presence; reliable rotational player or specialist.,nan
202503456,Maddox Spencer,2025,WR,0.77,WR,49.89525,43.52494890026082,43.52494890026082,Single Season Contributor,Late bloomer or one-year starter; limited career longevity.,nan
202503458,Donovan Hamlin,2025,WR,0.77,WR,47.438557,34.589477969152234,34.589477969152234,Partial Season Contributor,Rotational backup or special teams contributor; limited starts.,nan
202503468,DeAndre Coates,2025,WR,0.77,WR,49.151157,41.262418404027486,41.262418404027486,Single Season Contributor,Late bloomer or one-year starter; limited career longevity.,nan
202503470,Jake Willis,2025,WR,0.77,WR,48.723938,39.579362789588714,39.579362789588714,Partial Season Contributor,Rotational backup or special teams contributor; limited starts.,nan
202503476,Hudson Giarritta,2025,WR,0.77,WR,47.085293,33.538620375949236,33.538620375949236,Partial Season Contributor,Rotational backup or special teams contributor; limited starts.,nan
202503480,Mstafa Aljanaby,2025,WR,0.77,WR,46.82057,32.94117574526023,32.94117574526023,Partial Season Contributor,Rotational backup or special teams contributor; limited starts.,nan
202503496,Nick Crowley,2025,WR,0.77,WR,49.040398,40.87635155055604,40.87635155055604,Single Season Contributor,Late bloomer or one-year starter; limited career longevity.,nan
202503499,Nick Seng,2025,WR,0.77,WR,50.38735,45.09750541981565,45.09750541981565,Single Season Contributor,Late bloomer or one-year starter; limited career longevity.,nan
202503505,Luke Sivon,2025,WR,0.77,WR,45.019432,28.208588802950256,28.208588802950256,Partial Season Contributor,Rotational backup or special teams contributor; limited starts.,nan
202503509,Matthew Maxey,2025,WR,0.77,WR,43.44181,23.776881670552008,23.776881670552008,Partial Season Contributor,Rotational backup or special teams contributor; limited starts.,nan
202503511,Joseph Lattimore,2025,WR,0.77,WR,46.059456,31.171909898568423,31.171909898568423,Partial Season Contributor,Rotational backup or special teams contributor; limited starts.,nan
202503515,Gavin Vradenburg,2025,WR,0.77,WR,49.964855,43.75479107066331,43.75479107066331,Single Season Contributor,Late bloomer or one-year starter; limited career longevity.,nan
202503529,James Penley,2025,WR,0.76,WR,52.789207,51.57770241883836,51.57770241883836,Multi-Year Starter,Consistent career presence; reliable rotational player or specialist.,nan
202503547,Jaielen Peacock,2025,WR,0.76,WR,52.99617,51.99628503741471,51.99628503741471,Multi-Year Starter,Consistent career presence; reliable rotational player or specialist.,nan
202503576,Conner Temple,2025,WR,0.75,WR,45.34905,29.063731448575744,29.063731448575744,Partial Season Contributor,Rotational backup or special teams contributor; limited starts.,nan
202503585,Jimmie Maxson III,2025,WR,0.75,WR,50.740204,46.137134652832025,46.137134652832025,Single Season Contributor,Late bloomer or one-year starter; limited career longevity.,nan
202503596,Carson Dykstra,2025,WR,0.75,WR,46.504288,32.226084373840656,32.226084373840656,Partial Season Contributor,Rotational backup or special teams contributor; limited starts.,nan
202503597,Braden Rabideau,2025,WR,0.75,WR,47.13812,33.65784241277871,33.65784241277871,Partial Season Contributor,Rotational backup or special teams contributor; limited starts.,nan
202503602,Michael Kelly,2025,WR,0.75,WR,48.944595,40.50380283515148,40.50380283515148,Single Season Contributor,Late bloomer or one-year starter; limited career longevity.,nan
202503604,Kelan McInerney,2025,WR,0.75,WR,48.398743,38.27094829089912,38.27094829089912,Partial Season Contributor,Rotational backup or special teams contributor; limited starts.,nan
202503612,Joseph Kolega,2025,WR,0.75,WR,48.84277,40.07395312716806,40.07395312716806,Single Season Contributor,Late bloomer or one-year starter; limited career longevity.,nan
202503645,Nico Downie,2025,WR,0.72,WR,45.67296,30.006874405146387,30.006874405146387,Partial Season Contributor,Rotational backup or special teams contributor; limited starts.,nan
202600010,Chris Henry Jr.,2026,WR,0.9936,WR,75.05404,87.18797254420987,87.18797254420987,Elite Power 4,All-Conference/All-American honors.,First round NFL Draft talent
202600011,Tristen Keys,2026,WR,0.9936,WR,74.20486,85.52332547007596,85.52332547007596,Elite Power 4,All-Conference/All-American honors.,First round NFL Draft talent
202600022,Jalen Lott,2026,WR,0.988,WR,69.18368,80.48792035110002,80.48792035110002,Elite Power 4,All-Conference/All-American honors.,First round NFL Draft talent
202600039,Ethan Feaster,2026,WR,0.9816,WR,67.06342,77.29537498657808,77.29537498657808,Meaningful P4 Contributor,Reliable multi-year starter at the highest level of competition.,Potential Day 2 Pick
202600040,Cederian Morgan,2026,WR,0.9815,WR,72.40512,83.61151023518468,83.61151023518468,Elite Power 4,All-Conference/All-American honors.,First round NFL Draft talent
202600049,Davian Groce,2026,WR,0.9757,WR,65.32579,74.85193634149928,74.85193634149928,Meaningful P4 Contributor,Reliable multi-year starter at the highest level of competition.,Potential Day 2 Pick
202600059,Somourian Wingo,2026,WR,0.9735,WR,65.040146,74.56991105537243,74.56991105537243,Meaningful P4 Contributor,Reliable multi-year starter at the highest level of competition.,Potential Day 2 Pick
202600061,Naeem Burroughs,2026,WR,0.9729,WR,64.92277,74.454020055718,74.454020055718,Meaningful P4 Contributor,Reliable multi-year starter at the highest level of competition.,Potential Day 2 Pick
202600070,Calvin Russell,2026,WR,0.9699,WR,59.84244,66.77349893296659,66.77349893296659,Meaningful G5 Contributor,Standout starter at the Group of 5 level; high-end depth in Power 4.,Potential Day 3 Pick
202600084,Aaron Gregory,2026,WR,0.9606,WR,69.279594,80.57622153135074,80.57622153135074,Elite Power 4,All-Conference/All-American honors.,First round NFL Draft talent
202600092,Craig Dandridge,2026,WR,0.9583,WR,65.04575,74.57544760946706,74.57544760946706,Meaningful P4 Contributor,Reliable multi-year starter at the highest level of competition.,Potential Day 2 Pick
202600094,Chase Campbell,2026,WR,0.9576,WR,65.32496,74.85111527429342,74.85111527429342,Meaningful P4 Contributor,Reliable multi-year starter at the highest level of competition.,Potential Day 2 Pick
202600095,Jase Mathews,2026,WR,0.9575,WR,64.92656,74.45776382086771,74.45776382086771,Meaningful P4 Contributor,Reliable multi-year starter at the highest level of competition.,Potential Day 2 Pick
202600107,Travis Johnson,2026,WR,0.9516,WR,62.09051,70.37628590977644,70.37628590977644,Meaningful P4 Contributor,Reliable multi-year starter at the highest level of competition.,Potential Day 2 Pick
202600108,Tyreek King,2026,WR,0.9516,WR,66.372375,76.43447719404942,76.43447719404942,Meaningful P4 Contributor,Reliable multi-year starter at the highest level of competition.,Potential Day 2 Pick
202600125,Milan Parris,2026,WR,0.946,WR,54.807842,55.23931417416307,55.23931417416307,Multi-Year Starter,Consistent career presence; reliable rotational player or specialist.,nan
202600128,Jabari Mack,2026,WR,0.9448,WR,62.481335,70.98741838284464,70.98741838284464,Meaningful P4 Contributor,Reliable multi-year starter at the highest level of competition.,Potential Day 2 Pick
202600129,Kaydon Finley,2026,WR,0.9444,WR,61.004284,68.63629703125699,68.63629703125699,Meaningful G5 Contributor,Standout starter at the Group of 5 level; high-end depth in Power 4.,Potential Day 3 Pick
202600133,Messiah Hampton,2026,WR,0.9425,WR,56.671562,59.16488738070078,59.16488738070078,Multi-Year Starter,Consistent career presence; reliable rotational player or specialist.,nan
202600134,Brady Marchese,2026,WR,0.9423,WR,61.804623,69.94916684983653,69.94916684983653,Meaningful G5 Contributor,Standout starter at the Group of 5 level; high-end depth in Power 4.,Potential Day 3 Pick
202600135,Kayden Dixon-Wyatt,2026,WR,0.942,WR,61.77171,69.90203269308668,69.90203269308668,Meaningful G5 Contributor,Standout starter at the Group of 5 level; high-end depth in Power 4.,Potential Day 3 Pick
202600137,Jerquaden Guilford,2026,WR,0.9416,WR,68.20178,79.2384031786008,79.2384031786008,Meaningful P4 Contributor,Reliable multi-year starter at the highest level of competition.,Potential Day 2 Pick
202600166,Gordon Sellars,2026,WR,0.9314,WR,64.3172,73.7599545492566,73.7599545492566,Meaningful P4 Contributor,Reliable multi-year starter at the highest level of competition.,Potential Day 2 Pick
202600167,Jayden Petit,2026,WR,0.9313,WR,59.381886,66.12598576303574,66.12598576303574,Meaningful G5 Contributor,Standout starter at the Group of 5 level; high-end depth in Power 4.,Potential Day 3 Pick
202600169,Corey Barber,2026,WR,0.9308,WR,65.545364,75.17925653437017,75.17925653437017,Meaningful P4 Contributor,Reliable multi-year starter at the highest level of competition.,Potential Day 2 Pick
202600170,Tyren Hornes,2026,WR,0.9302,WR,63.334194,71.96853926196644,71.96853926196644,Meaningful P4 Contributor,Reliable multi-year starter at the highest level of competition.,Potential Day 2 Pick
202600172,Jayden Warren,2026,WR,0.93,WR,61.88005,70.05718535718643,70.05718535718643,Meaningful P4 Contributor,Reliable multi-year starter at the highest level of competition.,Potential Day 2 Pick
202600173,Jordan Clay,2026,WR,0.9298,WR,61.2939,69.18660476840846,69.18660476840846,Meaningful G5 Contributor,Standout starter at the Group of 5 level; high-end depth in Power 4.,Potential Day 3 Pick
202600180,Keeyun Chapman,2026,WR,0.9281,WR,63.761402,72.77372241330491,72.77372241330491,Meaningful P4 Contributor,Reliable multi-year starter at the highest level of competition.,Potential Day 2 Pick
202600182,Zion Robinson,2026,WR,0.9278,WR,63.836124,72.93798890341672,72.93798890341672,Meaningful P4 Contributor,Reliable multi-year starter at the highest level of competition.,Potential Day 2 Pick
202600187,Ryan Mosley,2026,WR,0.9271,WR,60.887295,68.39024757445296,68.39024757445296,Meaningful G5 Contributor,Standout starter at the Group of 5 level; high-end depth in Power 4.,Potential Day 3 Pick
202600190,Connor Salmin,2026,WR,0.926,WR,64.3213,73.76521443767838,73.76521443767838,Meaningful P4 Contributor,Reliable multi-year starter at the highest level of competition.,Potential Day 2 Pick
202600224,Madden Williams,2026,WR,0.9195,WR,59.483868,66.26943709695759,66.26943709695759,Meaningful G5 Contributor,Standout starter at the Group of 5 level; high-end depth in Power 4.,Potential Day 3 Pick
202600226,Vance Spafford,2026,WR,0.919,WR,64.02205,73.3467179447461,73.3467179447461,Meaningful P4 Contributor,Reliable multi-year starter at the highest level of competition.,Potential Day 2 Pick
202600229,Kenny Darby,2026,WR,0.9184,WR,63.71767,72.67758441847941,72.67758441847941,Meaningful P4 Contributor,Reliable multi-year starter at the highest level of competition.,Potential Day 2 Pick
202600232,Devin Carter,2026,WR,0.9183,WR,65.78568,75.58046726943424,75.58046726943424,Meaningful P4 Contributor,Reliable multi-year starter at the highest level of competition.,Potential Day 2 Pick
202600241,Bubba Frazier,2026,WR,0.9156,WR,64.449524,73.92983817083454,73.92983817083454,Meaningful P4 Contributor,Reliable multi-year starter at the highest level of competition.,Potential Day 2 Pick
202600259,Davion Brown,2026,WR,0.9113,WR,60.35681,67.67279643475288,67.67279643475288,Meaningful G5 Contributor,Standout starter at the Group of 5 level; high-end depth in Power 4.,Potential Day 3 Pick
202600263,Jasen Lopez,2026,WR,0.9108,WR,60.877705,68.37459215617938,68.37459215617938,Meaningful G5 Contributor,Standout starter at the Group of 5 level; high-end depth in Power 4.,Potential Day 3 Pick
202600271,Trez Davis,2026,WR,0.9098,WR,64.10556,73.48824262221716,73.48824262221716,Meaningful P4 Contributor,Reliable multi-year starter at the highest level of competition.,Potential Day 2 Pick
202600275,Mason James,2026,WR,0.9094,WR,62.2361,70.62499687166395,70.62499687166395,Meaningful P4 Contributor,Reliable multi-year starter at the highest level of competition.,Potential Day 2 Pick
202600276,Dyzier Carter,2026,WR,0.9094,WR,60.908154,68.4341173549996,68.4341173549996,Meaningful G5 Contributor,Standout starter at the Group of 5 level; high-end depth in Power 4.,Potential Day 3 Pick
202600285,Jahsiear Rogers,2026,WR,0.9088,WR,62.668,71.22117839859516,71.22117839859516,Meaningful P4 Contributor,Reliable multi-year starter at the highest level of competition.,Potential Day 2 Pick
202600290,Trent Mosley,2026,WR,0.9077,WR,59.282368,65.94518369621765,65.94518369621765,Meaningful G5 Contributor,Standout starter at the Group of 5 level; high-end depth in Power 4.,Potential Day 3 Pick
202600299,Luc Weaver,2026,WR,0.9066,WR,62.3185,70.76576473456798,70.76576473456798,Meaningful P4 Contributor,Reliable multi-year starter at the highest level of competition.,Potential Day 2 Pick
202600302,Chris Stewart,2026,WR,0.9062,WR,61.387623,69.32995745945883,69.32995745945883,Meaningful G5 Contributor,Standout starter at the Group of 5 level; high-end depth in Power 4.,Potential Day 3 Pick
202600314,Xavier McDonald,2026,WR,0.9038,WR,58.88272,65.25886158753289,65.25886158753289,Meaningful G5 Contributor,Standout starter at the Group of 5 level; high-end depth in Power 4.,Potential Day 3 Pick
202600321,Jaron Pula,2026,WR,0.9031,WR,60.92015,68.45934969951664,68.45934969951664,Meaningful G5 Contributor,Standout starter at the Group of 5 level; high-end depth in Power 4.,Potential Day 3 Pick
202600324,Marquez Daniel,2026,WR,0.9028,WR,56.56368,58.856328238882455,58.856328238882455,Multi-Year Starter,Consistent career presence; reliable rotational player or specialist.,nan
202600329,Jaden McDuffie,2026,WR,0.9027,WR,60.895638,68.407793882071,68.407793882071,Meaningful G5 Contributor,Standout starter at the Group of 5 level; high-end depth in Power 4.,Potential Day 3 Pick
202600335,Aljour Miles,2026,WR,0.9021,WR,56.54582,58.805245395206725,58.805245395206725,Multi-Year Starter,Consistent career presence; reliable rotational player or specialist.,nan
202600336,Julius Miles,2026,WR,0.902,WR,57.512817,61.71276053872681,61.71276053872681,Meaningful G5 Contributor,Standout starter at the Group of 5 level; high-end depth in Power 4.,Potential Day 3 Pick
202600340,RJ Mosley,2026,WR,0.9018,WR,57.003933,60.32698897384638,60.32698897384638,Meaningful G5 Contributor,Standout starter at the Group of 5 level; high-end depth in Power 4.,Potential Day 3 Pick
202600371,Brandon Bennett,2026,WR,0.8985,WR,58.63934,64.72551983107181,64.72551983107181,Meaningful G5 Contributor,Standout starter at the Group of 5 level; high-end depth in Power 4.,Potential Day 3 Pick
202600382,Samson Gash,2026,WR,0.8971,WR,57.97761,62.926506212911214,62.926506212911214,Meaningful G5 Contributor,Standout starter at the Group of 5 level; high-end depth in Power 4.,Potential Day 3 Pick
202600398,Devin Fitzgerald,2026,WR,0.8958,WR,62.088295,70.3724996902335,70.3724996902335,Meaningful P4 Contributor,Reliable multi-year starter at the highest level of competition.,Potential Day 2 Pick
202600402,Amare Gough,2026,WR,0.8956,WR,59.73626,66.61905438525535,66.61905438525535,Meaningful G5 Contributor,Standout starter at the Group of 5 level; high-end depth in Power 4.,Potential Day 3 Pick
202600407,Carnell Warren,2026,WR,0.8948,WR,58.712383,64.9021726377619,64.9021726377619,Meaningful G5 Contributor,Standout starter at the Group of 5 level; high-end depth in Power 4.,Potential Day 3 Pick
202600418,Jeffrey Roberts,2026,WR,0.894,WR,59.207596,65.80933957970043,65.80933957970043,Meaningful G5 Contributor,Standout starter at the Group of 5 level; high-end depth in Power 4.,Potential Day 3 Pick
202600421,Brayden Allen,2026,WR,0.8936,WR,58.43117,64.19268796248255,64.19268796248255,Meaningful G5 Contributor,Standout starter at the Group of 5 level; high-end depth in Power 4.,Potential Day 3 Pick
202600424,Daniel Odom,2026,WR,0.8934,WR,58.888115,65.27015664441542,65.27015664441542,Meaningful G5 Contributor,Standout starter at the Group of 5 level; high-end depth in Power 4.,Potential Day 3 Pick
202600426,Brayden Robinson,2026,WR,0.8933,WR,60.79388,68.25744915448914,68.25744915448914,Meaningful G5 Contributor,Standout starter at the Group of 5 level; high-end depth in Power 4.,Potential Day 3 Pick
202600427,Kenneth Moore III,2026,WR,0.8933,WR,60.13188,67.38252723245245,67.38252723245245,Meaningful G5 Contributor,Standout starter at the Group of 5 level; high-end depth in Power 4.,Potential Day 3 Pick
202600428,Jaeden Ricketts,2026,WR,0.8933,WR,57.60575,61.906556474205516,61.906556474205516,Meaningful G5 Contributor,Standout starter at the Group of 5 level; high-end depth in Power 4.,Potential Day 3 Pick
202600443,Jakai Anderson,2026,WR,0.892,WR,59.582664,66.40629210881654,66.40629210881654,Meaningful G5 Contributor,Standout starter at the Group of 5 level; high-end depth in Power 4.,Potential Day 3 Pick
202600451,London Smith,2026,WR,0.8911,WR,59.63069,66.47281995156352,66.47281995156352,Meaningful G5 Contributor,Standout starter at the Group of 5 level; high-end depth in Power 4.,Potential Day 3 Pick
202600474,Payton Cook,2026,WR,0.8889,WR,59.576706,66.39803821760361,66.39803821760361,Meaningful G5 Contributor,Standout starter at the Group of 5 level; high-end depth in Power 4.,Potential Day 3 Pick
202600484,Roderick Tezeno,2026,WR,0.8889,WR,59.53007,66.33343910103635,66.33343910103635,Meaningful G5 Contributor,Standout starter at the Group of 5 level; high-end depth in Power 4.,Potential Day 3 Pick
202600514,Elias Coke,2026,WR,0.8877,WR,65.00707,74.53725668530404,74.53725668530404,Meaningful P4 Contributor,Reliable multi-year starter at the highest level of competition.,Potential Day 2 Pick
202600517,Jabari Brady,2026,WR,0.8867,WR,52.37084,50.545222264704414,50.545222264704414,Multi-Year Starter,Consistent career presence; reliable rotational player or specialist.,nan
202600524,Denairius Gray,2026,WR,0.8867,WR,55.91719,57.27401278803823,57.27401278803823,Multi-Year Starter,Consistent career presence; reliable rotational player or specialist.,nan
202600529,Mike Brown,2026,WR,0.8867,WR,57.689785,62.10515954412216,62.10515954412216,Meaningful G5 Contributor,Standout starter at the Group of 5 level; high-end depth in Power 4.,Potential Day 3 Pick
202600532,Tayveon Wilson,2026,WR,0.8867,WR,57.509182,61.70517957137966,61.70517957137966,Meaningful G5 Contributor,Standout starter at the Group of 5 level; high-end depth in Power 4.,Potential Day 3 Pick
202600540,Maxwell Lovett,2026,WR,0.8867,WR,56.68394,59.200291871885696,59.200291871885696,Multi-Year Starter,Consistent career presence; reliable rotational player or specialist.,nan
202600543,Kohen Brown,2026,WR,0.8862,WR,55.89369,57.22554551127737,57.22554551127737,Multi-Year Starter,Consistent career presence; reliable rotational player or specialist.,nan
202600554,Davon Grant,2026,WR,0.8856,WR,50.390602,45.109563761176425,45.109563761176425,Single Season Contributor,Late bloomer or one-year starter; limited career longevity.,nan
202600577,Henry Harris,2026,WR,0.8844,WR,56.352577,57.93232317286623,57.93232317286623,Multi-Year Starter,Consistent career presence; reliable rotational player or specialist.,nan
202600585,Keeyshawn Tabuteau,2026,WR,0.8844,WR,55.80625,57.064018357677256,57.064018357677256,Multi-Year Starter,Consistent career presence; reliable rotational player or specialist.,nan
202600586,Davion Peters,2026,WR,0.8844,WR,58.277496,63.76573032250248,63.76573032250248,Meaningful G5 Contributor,Standout starter at the Group of 5 level; high-end depth in Power 4.,Potential Day 3 Pick
202600592,Jaydon Dunbar,2026,WR,0.8844,WR,49.834408,43.32692418729235,43.32692418729235,Single Season Contributor,Late bloomer or one-year starter; limited career longevity.,nan
202600595,Dallas Dickerson,2026,WR,0.8844,WR,58.55325,64.49396090786897,64.49396090786897,Meaningful G5 Contributor,Standout starter at the Group of 5 level; high-end depth in Power 4.,Potential Day 3 Pick
202600606,Brock Boyd,2026,WR,0.8833,WR,57.443375,61.56795053915968,61.56795053915968,Meaningful G5 Contributor,Standout starter at the Group of 5 level; high-end depth in Power 4.,Potential Day 3 Pick
202600607,Nalin Scott,2026,WR,0.8833,WR,54.699745,55.082878557402935,55.082878557402935,Multi-Year Starter,Consistent career presence; reliable rotational player or specialist.,nan
202600624,Amiri Acker,2026,WR,0.8833,WR,57.39267,61.45635016507944,61.45635016507944,Meaningful G5 Contributor,Standout starter at the Group of 5 level; high-end depth in Power 4.,Potential Day 3 Pick
202600633,Rico Blassingame,2026,WR,0.8822,WR,58.734562,64.94861497207243,64.94861497207243,Meaningful G5 Contributor,Standout starter at the Group of 5 level; high-end depth in Power 4.,Potential Day 3 Pick
202600635,Xavier Warren,2026,WR,0.8822,WR,57.879883,62.62389723413299,62.62389723413299,Meaningful G5 Contributor,Standout starter at the Group of 5 level; high-end depth in Power 4.,Potential Day 3 Pick
202600636,Zion Crumpton,2026,WR,0.8822,WR,57.45168,61.585268236866646,61.585268236866646,Meaningful G5 Contributor,Standout starter at the Group of 5 level; high-end depth in Power 4.,Potential Day 3 Pick
202600637,Keymian Henderson Jr.,2026,WR,0.8822,WR,56.728348,59.325597645611374,59.325597645611374,Multi-Year Starter,Consistent career presence; reliable rotational player or specialist.,nan
202600639,Jesse Harden,2026,WR,0.8822,WR,56.014416,57.48079980193617,57.48079980193617,Multi-Year Starter,Consistent career presence; reliable rotational player or specialist.,nan
202600643,James Scott,2026,WR,0.8822,WR,53.004974,52.02099825209129,52.02099825209129,Multi-Year Starter,Consistent career presence; reliable rotational player or specialist.,nan
202600650,Kervin Johnson Jr.,2026,WR,0.8822,WR,60.156322,67.4233393816941,67.4233393816941,Meaningful G5 Contributor,Standout starter at the Group of 5 level; high-end depth in Power 4.,Potential Day 3 Pick
202600653,Owen Cabell,2026,WR,0.8822,WR,55.52471,56.49094144991068,56.49094144991068,Multi-Year Starter,Consistent career presence; reliable rotational player or specialist.,nan
202600662,Cynai Thomas,2026,WR,0.8811,WR,60.32683,67.63549440115148,67.63549440115148,Meaningful G5 Contributor,Standout starter at the Group of 5 level; high-end depth in Power 4.,Potential Day 3 Pick
202600683,Larry Miles,2026,WR,0.88,WR,55.222565,55.83745836873123,55.83745836873123,Multi-Year Starter,Consistent career presence; reliable rotational player or specialist.,nan
202600688,Graham Livingston,2026,WR,0.88,WR,58.07155,63.18326176240581,63.18326176240581,Meaningful G5 Contributor,Standout starter at the Group of 5 level; high-end depth in Power 4.,Potential Day 3 Pick
202600706,Tyran Evans,2026,WR,0.88,WR,60.56375,67.93584699452887,67.93584699452887,Meaningful G5 Contributor,Standout starter at the Group of 5 level; high-end depth in Power 4.,Potential Day 3 Pick
202600714,Brody Schaffer,2026,WR,0.88,WR,64.64398,74.17876669085791,74.17876669085791,Meaningful P4 Contributor,Reliable multi-year starter at the highest level of competition.,Potential Day 2 Pick
202600715,EJ Morgan,2026,WR,0.88,WR,61.848698,70.0122855386506,70.0122855386506,Meaningful P4 Contributor,Reliable multi-year starter at the highest level of competition.,Potential Day 2 Pick
202600724,Jameson Powell,2026,WR,0.8789,WR,56.00397,57.4590653614839,57.4590653614839,Multi-Year Starter,Consistent career presence; reliable rotational player or specialist.,nan
202600729,DeShawn Spencer,2026,WR,0.8789,WR,54.76294,55.15820232136341,55.15820232136341,Multi-Year Starter,Consistent career presence; reliable rotational player or specialist.,nan
202600745,Khamill Pruitt,2026,WR,0.8789,WR,59.331528,66.03449664604457,66.03449664604457,Meaningful G5 Contributor,Standout starter at the Group of 5 level; high-end depth in Power 4.,Potential Day 3 Pick
202600757,Christian Ward,2026,WR,0.8778,WR,53.920387,53.798257879312466,53.798257879312466,Multi-Year Starter,Consistent career presence; reliable rotational player or specialist.,nan
202600775,Tyreek Copper,2026,WR,0.8778,WR,56.795498,59.51466417538394,59.51466417538394,Multi-Year Starter,Consistent career presence; reliable rotational player or specialist.,nan
202600785,Kenyon Alston,2026,WR,0.8767,WR,53.832764,53.58080595287273,53.58080595287273,Multi-Year Starter,Consistent career presence; reliable rotational player or specialist.,nan
202600791,Kamauri Austin,2026,WR,0.8767,WR,56.04784,57.50586616041424,57.50586616041424,Multi-Year Starter,Consistent career presence; reliable rotational player or specialist.,nan
202600797,Josiah Teasley,2026,WR,0.8767,WR,48.46767,38.58207439790157,38.58207439790157,Partial Season Contributor,Rotational backup or special teams contributor; limited starts.,nan
202600801,Jonah Winston,2026,WR,0.8767,WR,55.89083,57.22026721460416,57.22026721460416,Multi-Year Starter,Consistent career presence; reliable rotational player or specialist.,nan
202600808,Keavon Roberts,2026,WR,0.8767,WR,54.061398,53.98116352084124,53.98116352084124,Multi-Year Starter,Consistent career presence; reliable rotational player or specialist.,nan
202600811,Lavar Keys,2026,WR,0.8767,WR,57.98169,62.93913313036755,62.93913313036755,Meaningful G5 Contributor,Standout starter at the Group of 5 level; high-end depth in Power 4.,Potential Day 3 Pick
202600819,Dylan Cope,2026,WR,0.8767,WR,54.53956,54.86375011277839,54.86375011277839,Multi-Year Starter,Consistent career presence; reliable rotational player or specialist.,nan
202600825,Quayd Hendryx,2026,WR,0.8767,WR,57.954002,62.853402384906275,62.853402384906275,Meaningful G5 Contributor,Standout starter at the Group of 5 level; high-end depth in Power 4.,Potential Day 3 Pick
202600848,Kavon Conciauro,2026,WR,0.8756,WR,53.863792,53.667161014428245,53.667161014428245,Multi-Year Starter,Consistent career presence; reliable rotational player or specialist.,nan
202600860,BJ Bedgood,2026,WR,0.8756,WR,56.53296,58.725680958010585,58.725680958010585,Multi-Year Starter,Consistent career presence; reliable rotational player or specialist.,nan
202600872,Dylan Faison,2026,WR,0.8744,WR,55.234184,55.85682074868906,55.85682074868906,Multi-Year Starter,Consistent career presence; reliable rotational player or specialist.,nan
202600878,Gavin Howard,2026,WR,0.8744,WR,56.088284,57.53619639695663,57.53619639695663,Multi-Year Starter,Consistent career presence; reliable rotational player or specialist.,nan
202600888,Jeffar Jean-Noel,2026,WR,0.8744,WR,55.234184,55.85682074868906,55.85682074868906,Multi-Year Starter,Consistent career presence; reliable rotational player or specialist.,nan
202600900,Xavier Owens,2026,WR,0.8744,WR,65.26145,74.78841285758081,74.78841285758081,Meaningful P4 Contributor,Reliable multi-year starter at the highest level of competition.,Potential Day 2 Pick
202600902,Kai Meza,2026,WR,0.8744,WR,57.533775,61.75646445751509,61.75646445751509,Meaningful G5 Contributor,Standout starter at the Group of 5 level; high-end depth in Power 4.,Potential Day 3 Pick
202600922,Dveyoun Bonwell-Witte,2026,WR,0.8733,WR,56.103817,57.54784558797726,57.54784558797726,Multi-Year Starter,Consistent career presence; reliable rotational player or specialist.,nan
202600926,Nate Sims,2026,WR,0.8733,WR,57.15497,60.674811071545484,60.674811071545484,Meaningful G5 Contributor,Standout starter at the Group of 5 level; high-end depth in Power 4.,Potential Day 3 Pick
202600932,Josiah Dozier,2026,WR,0.8733,WR,54.079308,54.00439473920937,54.00439473920937,Multi-Year Starter,Consistent career presence; reliable rotational player or specialist.,nan
202600949,Devin Hamilton,2026,WR,0.8733,WR,55.722916,56.92609553818522,56.92609553818522,Multi-Year Starter,Consistent career presence; reliable rotational player or specialist.,nan
202600954,Devyon Hill-Lomax,2026,WR,0.8733,WR,52.725216,51.488543994603,51.488543994603,Multi-Year Starter,Consistent career presence; reliable rotational player or specialist.,nan
202600959,Jayden Kitchens,2026,WR,0.8733,WR,55.258133,55.89672784697377,55.89672784697377,Multi-Year Starter,Consistent career presence; reliable rotational player or specialist.,nan
202600960,Jude Hall,2026,WR,0.8733,WR,59.102905,65.63979482976369,65.63979482976369,Meaningful G5 Contributor,Standout starter at the Group of 5 level; high-end depth in Power 4.,Potential Day 3 Pick
202600963,Kymistrii Young,2026,WR,0.8733,WR,53.585953,53.11402765111331,53.11402765111331,Multi-Year Starter,Consistent career presence; reliable rotational player or specialist.,nan
202600977,Brody Keefe,2026,WR,0.8722,WR,57.07432,60.47840443710372,60.47840443710372,Meaningful G5 Contributor,Standout starter at the Group of 5 level; high-end depth in Power 4.,Potential Day 3 Pick
202600978,Jaborree Riggins,2026,WR,0.8722,WR,53.545933,53.042090727405025,53.042090727405025,Multi-Year Starter,Consistent career presence; reliable rotational player or specialist.,nan
202600980,Rasean Jones,2026,WR,0.8722,WR,55.59914,56.68400801511002,56.68400801511002,Multi-Year Starter,Consistent career presence; reliable rotational player or specialist.,nan
202600987,Kahden Smith,2026,WR,0.8722,WR,55.146965,55.71148212250529,55.71148212250529,Multi-Year Starter,Consistent career presence; reliable rotational player or specialist.,nan
202601001,Deion Thomas,2026,WR,0.8722,WR,53.741413,53.3944501943471,53.3944501943471,Multi-Year Starter,Consistent career presence; reliable rotational player or specialist.,nan
202601012,Tatum Bell Jr.,2026,WR,0.8711,WR,55.683815,56.863486366090335,56.863486366090335,Multi-Year Starter,Consistent career presence; reliable rotational player or specialist.,nan
202601039,Jaire Richburg,2026,WR,0.8711,WR,57.37431,61.41255117054123,61.41255117054123,Meaningful G5 Contributor,Standout starter at the Group of 5 level; high-end depth in Power 4.,Potential Day 3 Pick
202601046,Davis McCray,2026,WR,0.8711,WR,55.15852,55.73073643927885,55.73073643927885,Multi-Year Starter,Consistent career presence; reliable rotational player or specialist.,nan
202601047,Jeremiah Bushnell,2026,WR,0.8711,WR,59.378677,66.12015723887927,66.12015723887927,Meaningful G5 Contributor,Standout starter at the Group of 5 level; high-end depth in Power 4.,Potential Day 3 Pick
202601054,Alex Voss,2026,WR,0.8711,WR,56.599384,58.958450284334155,58.958450284334155,Multi-Year Starter,Consistent career presence; reliable rotational player or specialist.,nan
202601062,Caleb Smith,2026,WR,0.87,WR,58.384674,64.08344375059238,64.08344375059238,Meaningful G5 Contributor,Standout starter at the Group of 5 level; high-end depth in Power 4.,Potential Day 3 Pick
202601071,Khayden Reed,2026,WR,0.87,WR,56.807365,59.54807813744283,59.54807813744283,Multi-Year Starter,Consistent career presence; reliable rotational player or specialist.,nan
202601075,Blaise LaVista,2026,WR,0.87,WR,56.17028,57.597689363800505,57.597689363800505,Multi-Year Starter,Consistent career presence; reliable rotational player or specialist.,nan
202601094,Christian Dupree,2026,WR,0.87,WR,58.871964,65.23633537790857,65.23633537790857,Meaningful G5 Contributor,Standout starter at the Group of 5 level; high-end depth in Power 4.,Potential Day 3 Pick
202601095,Coen Logan,2026,WR,0.87,WR,58.14458,63.368976427717705,63.368976427717705,Meaningful G5 Contributor,Standout starter at the Group of 5 level; high-end depth in Power 4.,Potential Day 3 Pick
202601115,Cooper Reid,2026,WR,0.87,WR,58.366917,64.04172319875477,64.04172319875477,Meaningful G5 Contributor,Standout starter at the Group of 5 level; high-end depth in Power 4.,Potential Day 3 Pick
202601116,Brian Williams Jr.,2026,WR,0.87,WR,52.217064,50.07409925763614,50.07409925763614,Multi-Year Starter,Consistent career presence; reliable rotational player or specialist.,nan
202601120,Darrion Kirksey,2026,WR,0.87,WR,54.099678,54.03347649459452,54.03347649459452,Multi-Year Starter,Consistent career presence; reliable rotational player or specialist.,nan
202601125,Diondre Smith,2026,WR,0.87,WR,54.848534,55.31281856069047,55.31281856069047,Multi-Year Starter,Consistent career presence; reliable rotational player or specialist.,nan
202601129,Robert Oliver,2026,WR,0.87,WR,54.080605,54.00607708516148,54.00607708516148,Multi-Year Starter,Consistent career presence; reliable rotational player or specialist.,nan
202601137,Kentrell Davis,2026,WR,0.8689,WR,57.181633,60.79537404684877,60.79537404684877,Meaningful G5 Contributor,Standout starter at the Group of 5 level; high-end depth in Power 4.,Potential Day 3 Pick
202601154,Camden Capehart,2026,WR,0.8689,WR,58.842598,65.17484361844477,65.17484361844477,Meaningful G5 Contributor,Standout starter at the Group of 5 level; high-end depth in Power 4.,Potential Day 3 Pick
202601159,Caden Ramsey,2026,WR,0.8689,WR,52.21317,50.06160006901258,50.06160006901258,Multi-Year Starter,Consistent career presence; reliable rotational player or specialist.,nan
202601165,Nyqir Helton,2026,WR,0.8678,WR,56.539127,58.76727545700548,58.76727545700548,Multi-Year Starter,Consistent career presence; reliable rotational player or specialist.,nan
202601176,Hayden Moore,2026,WR,0.8678,WR,53.360054,52.70973118429798,52.70973118429798,Multi-Year Starter,Consistent career presence; reliable rotational player or specialist.,nan
202601177,Elijah West,2026,WR,0.8678,WR,53.598366,53.136340371516205,53.136340371516205,Multi-Year Starter,Consistent career presence; reliable rotational player or specialist.,nan
202601185,Robert Haynes IV,2026,WR,0.8678,WR,55.976093,57.39961816790436,57.39961816790436,Multi-Year Starter,Consistent career presence; reliable rotational player or specialist.,nan
202601188,Demetrice McCray,2026,WR,0.8678,WR,55.766045,56.995154982058864,56.995154982058864,Multi-Year Starter,Consistent career presence; reliable rotational player or specialist.,nan
202601193,Maurice Purify II,2026,WR,0.8678,WR,57.83257,62.47739428070833,62.47739428070833,Meaningful G5 Contributor,Standout starter at the Group of 5 level; high-end depth in Power 4.,Potential Day 3 Pick
202601195,Dawson Quarterman,2026,WR,0.8678,WR,54.1627,54.151013435867455,54.151013435867455,Multi-Year Starter,Consistent career presence; reliable rotational player or specialist.,nan
202601197,Keyshaun Coleman,2026,WR,0.8678,WR,56.615116,59.00344508299258,59.00344508299258,Multi-Year Starter,Consistent career presence; reliable rotational player or specialist.,nan
202601201,Carson Clark,2026,WR,0.8678,WR,58.21847,63.576608402402314,63.576608402402314,Meaningful G5 Contributor,Standout starter at the Group of 5 level; high-end depth in Power 4.,Potential Day 3 Pick
202601207,Troy Foster,2026,WR,0.8678,WR,55.58374,56.64680786145914,56.64680786145914,Multi-Year Starter,Consistent career presence; reliable rotational player or specialist.,nan
202601208,Gavin Waddell,2026,WR,0.8678,WR,57.033302,60.390166279917175,60.390166279917175,Meaningful G5 Contributor,Standout starter at the Group of 5 level; high-end depth in Power 4.,Potential Day 3 Pick
202601211,Jaylin Taylor,2026,WR,0.8678,WR,55.47929,56.35955060194446,56.35955060194446,Multi-Year Starter,Consistent career presence; reliable rotational player or specialist.,nan
202601216,Bryan Hamilton,2026,WR,0.8678,WR,58.036045,63.09297989298519,63.09297989298519,Meaningful G5 Contributor,Standout starter at the Group of 5 level; high-end depth in Power 4.,Potential Day 3 Pick
202601217,Jacob Butler,2026,WR,0.8678,WR,44.734413,27.469148272547002,27.469148272547002,Partial Season Contributor,Rotational backup or special teams contributor; limited starts.,nan
202601224,Derek Stevenson,2026,WR,0.8678,WR,55.46861,56.334593534313804,56.334593534313804,Multi-Year Starter,Consistent career presence; reliable rotational player or specialist.,nan
202601227,Jakobe Dejesus,2026,WR,0.8678,WR,54.56986,54.93655012358112,54.93655012358112,Multi-Year Starter,Consistent career presence; reliable rotational player or specialist.,nan
202601236,Jaylen Pile,2026,WR,0.8667,WR,55.599834,56.68568510898281,56.68568510898281,Multi-Year Starter,Consistent career presence; reliable rotational player or specialist.,nan
202601293,Zikhere Leaks,2026,WR,0.8656,WR,58.02675,63.06933995360858,63.06933995360858,Meaningful G5 Contributor,Standout starter at the Group of 5 level; high-end depth in Power 4.,Potential Day 3 Pick
202601309,Aiden Knox,2026,WR,0.865,WR,56.641247,59.078181836341315,59.078181836341315,Multi-Year Starter,Consistent career presence; reliable rotational player or specialist.,nan
202601315,Will Pressley,2026,WR,0.865,WR,52.8095,51.60597799659885,51.60597799659885,Multi-Year Starter,Consistent career presence; reliable rotational player or specialist.,nan
202601316,Brandon Brown Jr.,2026,WR,0.865,WR,59.297928,65.97345307794684,65.97345307794684,Meaningful G5 Contributor,Standout starter at the Group of 5 level; high-end depth in Power 4.,Potential Day 3 Pick
202601336,Keaton Reinke,2026,WR,0.8644,WR,53.00943,52.03350476627771,52.03350476627771,Multi-Year Starter,Consistent career presence; reliable rotational player or specialist.,nan
202601337,Kei'Maurii Miles,2026,WR,0.8644,WR,59.17571,65.7514077920382,65.7514077920382,Meaningful G5 Contributor,Standout starter at the Group of 5 level; high-end depth in Power 4.,Potential Day 3 Pick
202601339,Jabarie Thornton,2026,WR,0.8644,WR,57.714375,62.169224156831355,62.169224156831355,Meaningful G5 Contributor,Standout starter at the Group of 5 level; high-end depth in Power 4.,Potential Day 3 Pick
202601347,DJ Broughton,2026,WR,0.8644,WR,52.501484,51.09741095969078,51.09741095969078,Multi-Year Starter,Consistent career presence; reliable rotational player or specialist.,nan
202601353,Corbin Glasco,2026,WR,0.8644,WR,57.830933,62.47289996218809,62.47289996218809,Meaningful G5 Contributor,Standout starter at the Group of 5 level; high-end depth in Power 4.,Potential Day 3 Pick
202601355,Hudson Lewis,2026,WR,0.8644,WR,62.443195,70.93965649133025,70.93965649133025,Meaningful P4 Contributor,Reliable multi-year starter at the highest level of competition.,Potential Day 2 Pick
202601370,Lathon Latiolais,2026,WR,0.8644,WR,56.119198,57.55938034686604,57.55938034686604,Multi-Year Starter,Consistent career presence; reliable rotational player or specialist.,nan
202601387,Imari Jehiel,2026,WR,0.8644,WR,56.51294,58.59068532985646,58.59068532985646,Multi-Year Starter,Consistent career presence; reliable rotational player or specialist.,nan
202601393,Kelvin Brown,2026,WR,0.8644,WR,57.98301,62.943220046588216,62.943220046588216,Meaningful G5 Contributor,Standout starter at the Group of 5 level; high-end depth in Power 4.,Potential Day 3 Pick
202601394,Kobe Adeleke-Hokes,2026,WR,0.8644,WR,56.213615,57.63018808924114,57.63018808924114,Multi-Year Starter,Consistent career presence; reliable rotational player or specialist.,nan
202601411,Jeremy Winston,2026,WR,0.8633,WR,59.820736,66.73607258046043,66.73607258046043,Meaningful G5 Contributor,Standout starter at the Group of 5 level; high-end depth in Power 4.,Potential Day 3 Pick
202601419,Atticus Joseph,2026,WR,0.8633,WR,58.615334,64.66095051594795,64.66095051594795,Meaningful G5 Contributor,Standout starter at the Group of 5 level; high-end depth in Power 4.,Potential Day 3 Pick
202601431,Dadrien Waller,2026,WR,0.8622,WR,51.709236,48.99791631597928,48.99791631597928,Single Season Contributor,Late bloomer or one-year starter; limited career longevity.,nan
202601436,Blake McLane,2026,WR,0.8622,WR,55.19977,55.79947733778966,55.79947733778966,Multi-Year Starter,Consistent career presence; reliable rotational player or specialist.,nan
202601441,Heij Jackson,2026,WR,0.8622,WR,58.40097,64.12173165552262,64.12173165552262,Meaningful G5 Contributor,Standout starter at the Group of 5 level; high-end depth in Power 4.,Potential Day 3 Pick
202601445,Jonathan Stafford Jr.,2026,WR,0.8622,WR,56.3286,57.8652148073097,57.8652148073097,Multi-Year Starter,Consistent career presence; reliable rotational player or specialist.,nan
202601451,Kamarie Smith,2026,WR,0.8622,WR,58.28141,63.77827081820614,63.77827081820614,Meaningful G5 Contributor,Standout starter at the Group of 5 level; high-end depth in Power 4.,Potential Day 3 Pick
202601464,Devin Goldston,2026,WR,0.8622,WR,58.441906,64.21790850660092,64.21790850660092,Meaningful G5 Contributor,Standout starter at the Group of 5 level; high-end depth in Power 4.,Potential Day 3 Pick
202601480,Dmari Roberts,2026,WR,0.8611,WR,60.336998,67.64814358292368,67.64814358292368,Meaningful G5 Contributor,Standout starter at the Group of 5 level; high-end depth in Power 4.,Potential Day 3 Pick
202601483,Zamaurious Robertson,2026,WR,0.8611,WR,61.853283,70.01885198005225,70.01885198005225,Meaningful P4 Contributor,Reliable multi-year starter at the highest level of competition.,Potential Day 2 Pick
202601502,Phoenix Henriquez,2026,WR,0.8611,WR,63.685333,72.60649563776275,72.60649563776275,Meaningful P4 Contributor,Reliable multi-year starter at the highest level of competition.,Potential Day 2 Pick
202601549,Kai Owens,2026,WR,0.86,WR,57.08502,60.501413810557736,60.501413810557736,Meaningful G5 Contributor,Standout starter at the Group of 5 level; high-end depth in Power 4.,Potential Day 3 Pick
202601566,Jeremiah Tabb,2026,WR,0.86,WR,53.412865,52.80372619542234,52.80372619542234,Multi-Year Starter,Consistent career presence; reliable rotational player or specialist.,nan
202601568,DJ Darling,2026,WR,0.86,WR,57.08379,60.49877150732942,60.49877150732942,Meaningful G5 Contributor,Standout starter at the Group of 5 level; high-end depth in Power 4.,Potential Day 3 Pick
202601582,Dominic White,2026,WR,0.86,WR,56.23002,57.642489543413205,57.642489543413205,Multi-Year Starter,Consistent career presence; reliable rotational player or specialist.,nan
202601584,Rai'shawn Elmore,2026,WR,0.86,WR,55.49828,56.41448162077169,56.41448162077169,Multi-Year Starter,Consistent career presence; reliable rotational player or specialist.,nan
202601585,JaDarius Sanders,2026,WR,0.86,WR,58.88715,65.26813567596332,65.26813567596332,Meaningful G5 Contributor,Standout starter at the Group of 5 level; high-end depth in Power 4.,Potential Day 3 Pick
202601587,Hunter Watson,2026,WR,0.86,WR,55.758385,56.982889692540176,56.982889692540176,Multi-Year Starter,Consistent career presence; reliable rotational player or specialist.,nan
202601593,Kaden Page,2026,WR,0.86,WR,53.440453,52.85306848045506,52.85306848045506,Multi-Year Starter,Consistent career presence; reliable rotational player or specialist.,nan
202601598,Jojo Johnson,2026,WR,0.86,WR,53.916103,53.79270118959417,53.79270118959417,Multi-Year Starter,Consistent career presence; reliable rotational player or specialist.,nan
202601604,Chris Guidry,2026,WR,0.86,WR,57.209824,60.92283619098201,60.92283619098201,Meaningful G5 Contributor,Standout starter at the Group of 5 level; high-end depth in Power 4.,Potential Day 3 Pick
202601606,Braiden Stevens,2026,WR,0.86,WR,64.35635,73.81022223525395,73.81022223525395,Meaningful P4 Contributor,Reliable multi-year starter at the highest level of competition.,Potential Day 2 Pick
202601610,Julius Wilson,2026,WR,0.86,WR,52.690334,51.43938780121481,51.43938780121481,Multi-Year Starter,Consistent career presence; reliable rotational player or specialist.,nan
202601615,Tristan Reed,2026,WR,0.86,WR,56.57255,58.8817060035962,58.8817060035962,Multi-Year Starter,Consistent career presence; reliable rotational player or specialist.,nan
202601620,Devin Olmande,2026,WR,0.8589,WR,55.989147,57.42745455219954,57.42745455219954,Multi-Year Starter,Consistent career presence; reliable rotational player or specialist.,nan
202601625,Ty'lan Fortune,2026,WR,0.8589,WR,55.76435,56.992442935970075,56.992442935970075,Multi-Year Starter,Consistent career presence; reliable rotational player or specialist.,nan
202601628,Seth Elchert,2026,WR,0.8589,WR,47.43433,34.575396709770814,34.575396709770814,Partial Season Contributor,Rotational backup or special teams contributor; limited starts.,nan
202601630,Kortez Rupert,2026,WR,0.8589,WR,59.901714,66.89821829662276,66.89821829662276,Meaningful G5 Contributor,Standout starter at the Group of 5 level; high-end depth in Power 4.,Potential Day 3 Pick
202601643,Major Pride,2026,WR,0.8589,WR,56.811493,59.55969945115151,59.55969945115151,Multi-Year Starter,Consistent career presence; reliable rotational player or specialist.,nan
202601651,Romeo Carter,2026,WR,0.8589,WR,55.989147,57.42745455219954,57.42745455219954,Multi-Year Starter,Consistent career presence; reliable rotational player or specialist.,nan
202601656,Trace Burney,2026,WR,0.8589,WR,57.323,61.29015422964385,61.29015422964385,Meaningful G5 Contributor,Standout starter at the Group of 5 level; high-end depth in Power 4.,Potential Day 3 Pick
202601658,Case Thomas,2026,WR,0.8583,WR,56.876354,59.788068402144454,59.788068402144454,Multi-Year Starter,Consistent career presence; reliable rotational player or specialist.,nan
202601668,Santana Carlos,2026,WR,0.8578,WR,55.281097,55.934994927520755,55.934994927520755,Multi-Year Starter,Consistent career presence; reliable rotational player or specialist.,nan
202601672,Kristion Brooks,2026,WR,0.8578,WR,58.57525,64.5531332009437,64.5531332009437,Meaningful G5 Contributor,Standout starter at the Group of 5 level; high-end depth in Power 4.,Potential Day 3 Pick
202601677,Jiwaun Brock,2026,WR,0.8578,WR,57.96605,62.890704354342304,62.890704354342304,Meaningful G5 Contributor,Standout starter at the Group of 5 level; high-end depth in Power 4.,Potential Day 3 Pick
202601702,Isaac Obrokta,2026,WR,0.8567,WR,59.0585,65.57223144648206,65.57223144648206,Meaningful G5 Contributor,Standout starter at the Group of 5 level; high-end depth in Power 4.,Potential Day 3 Pick
202601703,Malik Penson,2026,WR,0.8567,WR,58.368008,64.04428648077959,64.04428648077959,Meaningful G5 Contributor,Standout starter at the Group of 5 level; high-end depth in Power 4.,Potential Day 3 Pick
202601704,Joshua Joseph,2026,WR,0.8567,WR,55.957825,57.36066187205701,57.36066187205701,Multi-Year Starter,Consistent career presence; reliable rotational player or specialist.,nan
202601724,Blake Hamilton,2026,WR,0.8567,WR,59.85142,66.79239386037338,66.79239386037338,Meaningful G5 Contributor,Standout starter at the Group of 5 level; high-end depth in Power 4.,Potential Day 3 Pick
202601730,Justen Hodge,2026,WR,0.8556,WR,54.050793,53.96740786864457,53.96740786864457,Multi-Year Starter,Consistent career presence; reliable rotational player or specialist.,nan
202601741,Kabran Paul,2026,WR,0.8556,WR,55.069798,55.609127243358195,55.609127243358195,Multi-Year Starter,Consistent career presence; reliable rotational player or specialist.,nan
202601751,Malachi Thompson,2026,WR,0.8556,WR,57.474766,61.63341095920131,61.63341095920131,Meaningful G5 Contributor,Standout starter at the Group of 5 level; high-end depth in Power 4.,Potential Day 3 Pick
202601764,Ash Roberts,2026,WR,0.855,WR,58.79468,65.07450612940544,65.07450612940544,Meaningful G5 Contributor,Standout starter at the Group of 5 level; high-end depth in Power 4.,Potential Day 3 Pick
202601765,Amarean Porter,2026,WR,0.855,WR,58.74455,64.96952760214208,64.96952760214208,Meaningful G5 Contributor,Standout starter at the Group of 5 level; high-end depth in Power 4.,Potential Day 3 Pick
202601769,Khatori Marion,2026,WR,0.855,WR,56.970947,60.223997060196055,60.223997060196055,Meaningful G5 Contributor,Standout starter at the Group of 5 level; high-end depth in Power 4.,Potential Day 3 Pick
202601770,Kena Rego,2026,WR,0.855,WR,57.242096,61.068753611735346,61.068753611735346,Meaningful G5 Contributor,Standout starter at the Group of 5 level; high-end depth in Power 4.,Potential Day 3 Pick
202601788,Nicsaint Joseph Jr.,2026,WR,0.855,WR,60.384212,67.70688989541694,67.70688989541694,Meaningful G5 Contributor,Standout starter at the Group of 5 level; high-end depth in Power 4.,Potential Day 3 Pick
202601800,Kadarus Hainsworth,2026,WR,0.855,WR,61.85632,70.0232004720287,70.0232004720287,Meaningful P4 Contributor,Reliable multi-year starter at the highest level of competition.,Potential Day 2 Pick
202601801,Mark Hanniford,2026,WR,0.855,WR,55.785156,57.02575712373647,57.02575712373647,Multi-Year Starter,Consistent career presence; reliable rotational player or specialist.,nan
202601805,Carson Griffin,2026,WR,0.855,WR,57.719677,62.18303889646303,62.18303889646303,Meaningful G5 Contributor,Standout starter at the Group of 5 level; high-end depth in Power 4.,Potential Day 3 Pick
202601813,Zion Hudson,2026,WR,0.855,WR,56.126717,57.56501899016212,57.56501899016212,Multi-Year Starter,Consistent career presence; reliable rotational player or specialist.,nan
202601814,Brennan Chambers,2026,WR,0.855,WR,59.59515,66.42358723425824,66.42358723425824,Meaningful G5 Contributor,Standout starter at the Group of 5 level; high-end depth in Power 4.,Potential Day 3 Pick
202601817,Zymir Reed,2026,WR,0.855,WR,56.10752,57.550623427977506,57.550623427977506,Multi-Year Starter,Consistent career presence; reliable rotational player or specialist.,nan
202601837,Ethan Sherman,2026,WR,0.8544,WR,55.29926,55.96992469843598,55.96992469843598,Multi-Year Starter,Consistent career presence; reliable rotational player or specialist.,nan
202601840,Greg Wilfred,2026,WR,0.8533,WR,59.820297,66.7354648996093,66.7354648996093,Meaningful G5 Contributor,Standout starter at the Group of 5 level; high-end depth in Power 4.,Potential Day 3 Pick
202601848,Blair Irvin III,2026,WR,0.8533,WR,57.281338,61.19076245354861,61.19076245354861,Meaningful G5 Contributor,Standout starter at the Group of 5 level; high-end depth in Power 4.,Potential Day 3 Pick
202601857,Harper Hughes,2026,WR,0.8533,WR,64.632744,74.16506390723872,74.16506390723872,Meaningful P4 Contributor,Reliable multi-year starter at the highest level of competition.,Potential Day 2 Pick
202601864,Charlie Hanafin,2026,WR,0.8533,WR,62.142773,70.46556509693376,70.46556509693376,Meaningful P4 Contributor,Reliable multi-year starter at the highest level of competition.,Potential Day 2 Pick
202601867,David Aboya,2026,WR,0.8533,WR,54.2471,54.29876657413245,54.29876657413245,Multi-Year Starter,Consistent career presence; reliable rotational player or specialist.,nan
202601869,Barrett Schulz,2026,WR,0.8533,WR,49.975677,43.80856684986673,43.80856684986673,Single Season Contributor,Late bloomer or one-year starter; limited career longevity.,nan
202601870,Jack Rhodes,2026,WR,0.8533,WR,55.88101,57.20212086756345,57.20212086756345,Multi-Year Starter,Consistent career presence; reliable rotational player or specialist.,nan
202601874,AJ Logan,2026,WR,0.8522,WR,55.434483,56.25658387299772,56.25658387299772,Multi-Year Starter,Consistent career presence; reliable rotational player or specialist.,nan
202601876,Isaiah Williams,2026,WR,0.8522,WR,54.426422,54.60947705868741,54.60947705868741,Multi-Year Starter,Consistent career presence; reliable rotational player or specialist.,nan
202601877,Markus Kier,2026,WR,0.8522,WR,54.534473,54.85151635018633,54.85151635018633,Multi-Year Starter,Consistent career presence; reliable rotational player or specialist.,nan
202601887,Dameon Crowe,2026,WR,0.8522,WR,64.34062,73.79002504731035,73.79002504731035,Meaningful P4 Contributor,Reliable multi-year starter at the highest level of competition.,Potential Day 2 Pick
202601900,Darius Pope,2026,WR,0.8522,WR,53.89586,53.75640377905029,53.75640377905029,Multi-Year Starter,Consistent career presence; reliable rotational player or specialist.,nan
202601914,Elijah Otieno,2026,WR,0.8511,WR,57.225418,60.99334569642404,60.99334569642404,Meaningful G5 Contributor,Standout starter at the Group of 5 level; high-end depth in Power 4.,Potential Day 3 Pick
202601926,Carl Jean-Bart,2026,WR,0.8511,WR,53.384186,52.752432597679544,52.752432597679544,Multi-Year Starter,Consistent career presence; reliable rotational player or specialist.,nan
202601928,Ronald Lunz,2026,WR,0.85,WR,53.60892,53.155313726573,53.155313726573,Multi-Year Starter,Consistent career presence; reliable rotational player or specialist.,nan
202601945,Aubrey Walker,2026,WR,0.85,WR,51.90692,49.45418737986016,49.45418737986016,Single Season Contributor,Late bloomer or one-year starter; limited career longevity.,nan
202601947,Trenton Walker,2026,WR,0.85,WR,53.07353,52.18088701771911,52.18088701771911,Multi-Year Starter,Consistent career presence; reliable rotational player or specialist.,nan
202601949,Daveon Singleton,2026,WR,0.85,WR,56.38567,58.021602267324184,58.021602267324184,Multi-Year Starter,Consistent career presence; reliable rotational player or specialist.,nan
202601951,Kaina Watson,2026,WR,0.85,WR,64.06069,73.43063851829073,73.43063851829073,Meaningful P4 Contributor,Reliable multi-year starter at the highest level of competition.,Potential Day 2 Pick
202601961,Oliver Bender,2026,WR,0.85,WR,51.212135,47.539936450509686,47.539936450509686,Single Season Contributor,Late bloomer or one-year starter; limited career longevity.,nan
202601963,Jyran Evans,2026,WR,0.85,WR,54.710785,55.095315765176444,55.095315765176444,Multi-Year Starter,Consistent career presence; reliable rotational player or specialist.,nan
202601973,Kash Brock,2026,WR,0.85,WR,61.21944,69.07271730141296,69.07271730141296,Meaningful G5 Contributor,Standout starter at the Group of 5 level; high-end depth in Power 4.,Potential Day 3 Pick
202601976,John Austin Sterling,2026,WR,0.85,WR,54.639183,55.01465011558805,55.01465011558805,Multi-Year Starter,Consistent career presence; reliable rotational player or specialist.,nan
202601990,Eric Paul Jr.,2026,WR,0.85,WR,53.821335,53.5489987529194,53.5489987529194,Multi-Year Starter,Consistent career presence; reliable rotational player or specialist.,nan
202601998,Jaidon VanPelt,2026,WR,0.85,WR,52.061073,49.70111030805417,49.70111030805417,Single Season Contributor,Late bloomer or one-year starter; limited career longevity.,nan
202602001,Jewellz Parm,2026,WR,0.85,WR,66.8038,76.95667326684526,76.95667326684526,Meaningful P4 Contributor,Reliable multi-year starter at the highest level of competition.,Potential Day 2 Pick
202602005,Jayden Moore,2026,WR,0.85,WR,42.287968,21.521245812527916,21.521245812527916,Partial Season Contributor,Rotational backup or special teams contributor; limited starts.,nan
202602009,Mouhamadou Mane,2026,WR,0.85,WR,53.220905,52.467227637494716,52.467227637494716,Multi-Year Starter,Consistent career presence; reliable rotational player or specialist.,nan
202602015,Jamari Burnett,2026,WR,0.85,WR,52.313328,50.371107981438584,50.371107981438584,Multi-Year Starter,Consistent career presence; reliable rotational player or specialist.,nan
202602022,Jhalil Anderson,2026,WR,0.85,WR,54.810436,55.243999932374244,55.243999932374244,Multi-Year Starter,Consistent career presence; reliable rotational player or specialist.,nan
202602023,Angelo Chapman,2026,WR,0.85,WR,50.264656,44.710649516858986,44.710649516858986,Single Season Contributor,Late bloomer or one-year starter; limited career longevity.,nan
202602032,Daniel Berry,2026,WR,0.85,WR,55.738224,56.95060779258686,56.95060779258686,Multi-Year Starter,Consistent career presence; reliable rotational player or specialist.,nan
202602048,Dorian Patterson,2026,WR,0.85,WR,55.276123,55.92670584562154,55.92670584562154,Multi-Year Starter,Consistent career presence; reliable rotational player or specialist.,nan
202602049,Jordan Styles,2026,WR,0.85,WR,52.740158,51.50936268597289,51.50936268597289,Multi-Year Starter,Consistent career presence; reliable rotational player or specialist.,nan
202602050,Joseph Saffold,2026,WR,0.85,WR,55.342552,56.05891377974364,56.05891377974364,Multi-Year Starter,Consistent career presence; reliable rotational player or specialist.,nan
202602051,Jalen Ross,2026,WR,0.85,WR,56.646267,59.09254002136422,59.09254002136422,Multi-Year Starter,Consistent career presence; reliable rotational player or specialist.,nan
202602052,Josiah Warrior-Benson,2026,WR,0.85,WR,53.842194,53.607050077800835,53.607050077800835,Multi-Year Starter,Consistent career presence; reliable rotational player or specialist.,nan
202602055,Kaden Cole,2026,WR,0.85,WR,53.02159,52.06764069712214,52.06764069712214,Multi-Year Starter,Consistent career presence; reliable rotational player or specialist.,nan
202602068,Ty Crethers,2026,WR,0.85,WR,52.359863,50.51199549414486,50.51199549414486,Multi-Year Starter,Consistent career presence; reliable rotational player or specialist.,nan
202602071,Vincent Carner,2026,WR,0.85,WR,55.111496,55.656838285438795,55.656838285438795,Multi-Year Starter,Consistent career presence; reliable rotational player or specialist.,nan
202602074,Dallas Boozer,2026,WR,0.85,WR,52.12933,49.800542444609505,49.800542444609505,Single Season Contributor,Late bloomer or one-year starter; limited career longevity.,nan
202602098,Brendyn Smith,2026,WR,0.85,WR,56.155598,57.58667813191485,57.58667813191485,Multi-Year Starter,Consistent career presence; reliable rotational player or specialist.,nan
202602099,CJ Lewis,2026,WR,0.85,WR,53.373146,52.732687496340404,52.732687496340404,Multi-Year Starter,Consistent career presence; reliable rotational player or specialist.,nan
202602100,Logan Barnes,2026,WR,0.85,WR,51.40022,48.22810554402464,48.22810554402464,Single Season Contributor,Late bloomer or one-year starter; limited career longevity.,nan
202602101,Bryce Coleman,2026,WR,0.85,WR,53.067898,52.16948365361748,52.16948365361748,Multi-Year Starter,Consistent career presence; reliable rotational player or specialist.,nan
202602112,Brandon Goliday,2026,WR,0.85,WR,50.221916,44.6334952143474,44.6334952143474,Single Season Contributor,Late bloomer or one-year starter; limited career longevity.,nan
202602115,Jayden Padgett,2026,WR,0.85,WR,50.990906,46.86901098545921,46.86901098545921,Single Season Contributor,Late bloomer or one-year starter; limited career longevity.,nan
202602125,Brandon Kinsey,2026,WR,0.8489,WR,53.469383,52.90481238113095,52.90481238113095,Multi-Year Starter,Consistent career presence; reliable rotational player or specialist.,nan
202602139,Isaiah Harris,2026,WR,0.8478,WR,53.155945,52.34780414604941,52.34780414604941,Multi-Year Starter,Consistent career presence; reliable rotational player or specialist.,nan
202602149,Mason Williams,2026,WR,0.8467,WR,56.83887,59.636784634596246,59.636784634596246,Multi-Year Starter,Consistent career presence; reliable rotational player or specialist.,nan
202602151,Joshua Rushing,2026,WR,0.8467,WR,53.742462,53.39634765594507,53.39634765594507,Multi-Year Starter,Consistent career presence; reliable rotational player or specialist.,nan
202602175,Scoop Smith,2026,WR,0.8456,WR,50.662086,45.96178149174547,45.96178149174547,Single Season Contributor,Late bloomer or one-year starter; limited career longevity.,nan
202602184,Cam Blivens,2026,WR,0.845,WR,51.24467,47.61317581897283,47.61317581897283,Single Season Contributor,Late bloomer or one-year starter; limited career longevity.,nan
202602194,Franklin Lockard,2026,WR,0.845,WR,53.623775,53.182014935315735,53.182014935315735,Multi-Year Starter,Consistent career presence; reliable rotational player or specialist.,nan
202602203,Brody Jones,2026,WR,0.845,WR,55.33937,56.05237427020001,56.05237427020001,Multi-Year Starter,Consistent career presence; reliable rotational player or specialist.,nan
202602214,Daishaun Davis,2026,WR,0.845,WR,56.651997,59.108927554726236,59.108927554726236,Multi-Year Starter,Consistent career presence; reliable rotational player or specialist.,nan
202602243,CJ Harkins,2026,WR,0.845,WR,56.526493,58.68208004533504,58.68208004533504,Multi-Year Starter,Consistent career presence; reliable rotational player or specialist.,nan
202602247,Zaire McKinney,2026,WR,0.845,WR,55.70558,56.898339823258475,56.898339823258475,Multi-Year Starter,Consistent career presence; reliable rotational player or specialist.,nan
202602248,Bacori Minner,2026,WR,0.845,WR,54.134583,54.09857322073987,54.09857322073987,Multi-Year Starter,Consistent career presence; reliable rotational player or specialist.,nan
202602250,Jermaine Green,2026,WR,0.845,WR,52.606476,51.287533946990614,51.287533946990614,Multi-Year Starter,Consistent career presence; reliable rotational player or specialist.,nan
202602265,Jarvis Mathurin,2026,WR,0.845,WR,53.87448,53.696908602635595,53.696908602635595,Multi-Year Starter,Consistent career presence; reliable rotational player or specialist.,nan
202602280,Aaron Clark,2026,WR,0.845,WR,55.19661,55.794207668392076,55.794207668392076,Multi-Year Starter,Consistent career presence; reliable rotational player or specialist.,nan
202602281,Zach Stair,2026,WR,0.845,WR,49.490097,42.17952121654106,42.17952121654106,Single Season Contributor,Late bloomer or one-year starter; limited career longevity.,nan
202602282,Jacob Maldonado,2026,WR,0.845,WR,51.406673,48.24056431794156,48.24056431794156,Single Season Contributor,Late bloomer or one-year starter; limited career longevity.,nan
202602283,Darion Jiles,2026,WR,0.845,WR,52.484356,51.04686530717723,51.04686530717723,Multi-Year Starter,Consistent career presence; reliable rotational player or specialist.,nan
202602293,Zach Hackleman,2026,WR,0.8444,WR,56.283234,57.73692012799253,57.73692012799253,Multi-Year Starter,Consistent career presence; reliable rotational player or specialist.,nan
202602294,Cameron Vasquez,2026,WR,0.8433,WR,51.855793,49.352539191935584,49.352539191935584,Single Season Contributor,Late bloomer or one-year starter; limited career longevity.,nan
202602297,Peyton Zachary,2026,WR,0.8433,WR,53.906998,53.78089013139508,53.78089013139508,Multi-Year Starter,Consistent career presence; reliable rotational player or specialist.,nan
202602298,Jamar Denson,2026,WR,0.8433,WR,51.887417,49.415410450451944,49.415410450451944,Single Season Contributor,Late bloomer or one-year starter; limited career longevity.,nan
202602303,Tae'Sean Robinson,2026,WR,0.8433,WR,50.505493,45.51334540096327,45.51334540096327,Single Season Contributor,Late bloomer or one-year starter; limited career longevity.,nan
202602314,CJ Miller,2026,WR,0.8411,WR,55.31994,56.01243151046953,56.01243151046953,Multi-Year Starter,Consistent career presence; reliable rotational player or specialist.,nan
202602331,Aaron McFarland,2026,WR,0.84,WR,56.266113,57.68850622731353,57.68850622731353,Multi-Year Starter,Consistent career presence; reliable rotational player or specialist.,nan
202602333,Shawn Fishwick,2026,WR,0.84,WR,51.645725,48.79926066347601,48.79926066347601,Single Season Contributor,Late bloomer or one-year starter; limited career longevity.,nan
202602335,Keidric Osunde-Brown,2026,WR,0.84,WR,53.396946,52.77525476906152,52.77525476906152,Multi-Year Starter,Consistent career presence; reliable rotational player or specialist.,nan
202602348,Aaron Igwebe,2026,WR,0.84,WR,54.665474,55.04426906374805,55.04426906374805,Multi-Year Starter,Consistent career presence; reliable rotational player or specialist.,nan
202602350,Elijah Lucas,2026,WR,0.84,WR,49.112705,41.15753578646005,41.15753578646005,Single Season Contributor,Late bloomer or one-year starter; limited career longevity.,nan
202602358,Amari Nash,2026,WR,0.84,WR,61.7221,69.83098729339592,69.83098729339592,Meaningful G5 Contributor,Standout starter at the Group of 5 level; high-end depth in Power 4.,Potential Day 3 Pick
202602369,Michael Clark,2026,WR,0.84,WR,56.96183,60.181981110978676,60.181981110978676,Meaningful G5 Contributor,Standout starter at the Group of 5 level; high-end depth in Power 4.,Potential Day 3 Pick
202602370,Jamari Brown,2026,WR,0.84,WR,58.797688,65.08080068727209,65.08080068727209,Meaningful G5 Contributor,Standout starter at the Group of 5 level; high-end depth in Power 4.,Potential Day 3 Pick
202602372,Tristan Armstrong,2026,WR,0.84,WR,57.314175,61.26909649572292,61.26909649572292,Meaningful G5 Contributor,Standout starter at the Group of 5 level; high-end depth in Power 4.,Potential Day 3 Pick
202602373,Pryce Lewis,2026,WR,0.84,WR,51.18663,47.48252310573954,47.48252310573954,Single Season Contributor,Late bloomer or one-year starter; limited career longevity.,nan
202602374,Zeb White,2026,WR,0.84,WR,51.41938,48.26509160867279,48.26509160867279,Single Season Contributor,Late bloomer or one-year starter; limited career longevity.,nan
202602378,DJ Wilkins,2026,WR,0.84,WR,55.538326,56.53032449655479,56.53032449655479,Multi-Year Starter,Consistent career presence; reliable rotational player or specialist.,nan
202602384,Gabe Legrand,2026,WR,0.84,WR,50.291344,44.758826194864255,44.758826194864255,Single Season Contributor,Late bloomer or one-year starter; limited career longevity.,nan
202602391,David Brewer,2026,WR,0.84,WR,54.89106,55.389637432070174,55.389637432070174,Multi-Year Starter,Consistent career presence; reliable rotational player or specialist.,nan
202602399,Isaiah Hayward,2026,WR,0.84,WR,56.427364,58.13408878057207,58.13408878057207,Multi-Year Starter,Consistent career presence; reliable rotational player or specialist.,nan
202602400,Pauly Sadler,2026,WR,0.84,WR,56.266113,57.68850622731353,57.68850622731353,Multi-Year Starter,Consistent career presence; reliable rotational player or specialist.,nan
202602408,Brayden Carroll,2026,WR,0.84,WR,49.975956,43.80995057629671,43.80995057629671,Single Season Contributor,Late bloomer or one-year starter; limited career longevity.,nan
202602409,Kaiden Dewey,2026,WR,0.84,WR,50.652626,45.94054524604302,45.94054524604302,Single Season Contributor,Late bloomer or one-year starter; limited career longevity.,nan
202602427,Luke VanAntwerp,2026,WR,0.84,WR,57.013622,60.34783198688961,60.34783198688961,Meaningful G5 Contributor,Standout starter at the Group of 5 level; high-end depth in Power 4.,Potential Day 3 Pick
202602428,Jarvis Washington,2026,WR,0.84,WR,52.186893,49.9772764536951,49.9772764536951,Single Season Contributor,Late bloomer or one-year starter; limited career longevity.,nan
202602439,Cade McCall,2026,WR,0.84,WR,54.89106,55.389637432070174,55.389637432070174,Multi-Year Starter,Consistent career presence; reliable rotational player or specialist.,nan
202602441,Jai Jacobs-Ford,2026,WR,0.84,WR,55.8388,57.124144428726346,57.124144428726346,Multi-Year Starter,Consistent career presence; reliable rotational player or specialist.,nan
202602442,Cameron James,2026,WR,0.84,WR,51.87503,49.39078524220072,49.39078524220072,Single Season Contributor,Late bloomer or one-year starter; limited career longevity.,nan
202602451,Christian Davis,2026,WR,0.84,WR,53.209484,52.44732316017671,52.44732316017671,Multi-Year Starter,Consistent career presence; reliable rotational player or specialist.,nan
202602459,Merrik Bloomgren,2026,WR,0.84,WR,53.39315,52.76846611120649,52.76846611120649,Multi-Year Starter,Consistent career presence; reliable rotational player or specialist.,nan
202602465,Ziyon Butler,2026,WR,0.84,WR,55.76894,56.99979111489984,56.99979111489984,Multi-Year Starter,Consistent career presence; reliable rotational player or specialist.,nan
202602487,Chavel Williams Jr.,2026,WR,0.84,WR,51.54438,48.506373584860384,48.506373584860384,Single Season Contributor,Late bloomer or one-year starter; limited career longevity.,nan
202602503,Philip Johnson,2026,WR,0.84,WR,38.21986,14.775686012970358,14.775686012970358,Minimal D1 Impact,Roster filler; medical DQ; or transferred to lower levels.,nan
202602504,Jerrick Martin,2026,WR,0.84,WR,53.51154,52.98026789791748,52.98026789791748,Multi-Year Starter,Consistent career presence; reliable rotational player or specialist.,nan
202602520,Prince Hall,2026,WR,0.8378,WR,52.850445,51.66302344323481,51.66302344323481,Multi-Year Starter,Consistent career presence; reliable rotational player or specialist.,nan
202602523,Parris Vernon,2026,WR,0.8356,WR,55.431427,56.249599104529786,56.249599104529786,Multi-Year Starter,Consistent career presence; reliable rotational player or specialist.,nan
202602524,Maxwell Young,2026,WR,0.8356,WR,51.14846,47.396600591864264,47.396600591864264,Single Season Contributor,Late bloomer or one-year starter; limited career longevity.,nan
202602526,Caleb Tucker,2026,WR,0.8356,WR,53.85953,53.655302322055796,53.655302322055796,Multi-Year Starter,Consistent career presence; reliable rotational player or specialist.,nan
202602551,Treyshaun Jackson,2026,WR,0.835,WR,55.539883,56.53482667728631,56.53482667728631,Multi-Year Starter,Consistent career presence; reliable rotational player or specialist.,nan
202602552,Johnny Casey Jr.,2026,WR,0.835,WR,58.62199,64.67885508529342,64.67885508529342,Meaningful G5 Contributor,Standout starter at the Group of 5 level; high-end depth in Power 4.,Potential Day 3 Pick
202602561,Carson Diehl,2026,WR,0.835,WR,52.22797,50.109099434203024,50.109099434203024,Multi-Year Starter,Consistent career presence; reliable rotational player or specialist.,nan
202602570,Zavier Hilliard,2026,WR,0.835,WR,51.551888,48.52086464104743,48.52086464104743,Single Season Contributor,Late bloomer or one-year starter; limited career longevity.,nan
202602598,Avin Robinson,2026,WR,0.835,WR,55.00789,55.53829177524677,55.53829177524677,Multi-Year Starter,Consistent career presence; reliable rotational player or specialist.,nan
202602600,Jayden Johnson,2026,WR,0.835,WR,55.328785,56.030615110747306,56.030615110747306,Multi-Year Starter,Consistent career presence; reliable rotational player or specialist.,nan
202602606,TaySean Jones,2026,WR,0.835,WR,57.000263,60.31909488780403,60.31909488780403,Meaningful G5 Contributor,Standout starter at the Group of 5 level; high-end depth in Power 4.,Potential Day 3 Pick
202602607,Donte Nicholson,2026,WR,0.835,WR,54.47257,54.705566502667395,54.705566502667395,Multi-Year Starter,Consistent career presence; reliable rotational player or specialist.,nan
202602631,Daryll Hill,2026,WR,0.83,WR,53.289898,52.5874655722888,52.5874655722888,Multi-Year Starter,Consistent career presence; reliable rotational player or specialist.,nan
202602652,Devonte Taylor,2026,WR,0.83,WR,51.243523,47.61059110213529,47.61059110213529,Single Season Contributor,Late bloomer or one-year starter; limited career longevity.,nan
202602654,Andrew Bjornson,2026,WR,0.83,WR,53.05126,52.135791193693926,52.135791193693926,Multi-Year Starter,Consistent career presence; reliable rotational player or specialist.,nan
202602671,Jarod Sersansie,2026,WR,0.83,WR,57.406097,61.488382673031765,61.488382673031765,Meaningful G5 Contributor,Standout starter at the Group of 5 level; high-end depth in Power 4.,Potential Day 3 Pick
202602672,Dezmyn Hardy,2026,WR,0.83,WR,46.594383,32.4300409404115,32.4300409404115,Partial Season Contributor,Rotational backup or special teams contributor; limited starts.,nan
202602684,Cash Spence,2026,WR,0.83,WR,53.597816,53.13535296163974,53.13535296163974,Multi-Year Starter,Consistent career presence; reliable rotational player or specialist.,nan
202602686,Chaz Gilbreath,2026,WR,0.83,WR,52.739548,51.50851229265678,51.50851229265678,Multi-Year Starter,Consistent career presence; reliable rotational player or specialist.,nan
202602708,Brian Shepard,2026,WR,0.83,WR,54.283176,54.35280932066956,54.35280932066956,Multi-Year Starter,Consistent career presence; reliable rotational player or specialist.,nan
202602711,Jayden Pauling,2026,WR,0.83,WR,53.026638,52.08180689426994,52.08180689426994,Multi-Year Starter,Consistent career presence; reliable rotational player or specialist.,nan
202602714,Quinn Martinez,2026,WR,0.83,WR,53.463634,52.894530464158564,52.894530464158564,Multi-Year Starter,Consistent career presence; reliable rotational player or specialist.,nan
202602727,AJ Rangel,2026,WR,0.83,WR,55.663193,56.8304653724957,56.8304653724957,Multi-Year Starter,Consistent career presence; reliable rotational player or specialist.,nan
202602746,Cade Frier,2026,WR,0.83,WR,51.136047,47.36865817130158,47.36865817130158,Single Season Contributor,Late bloomer or one-year starter; limited career longevity.,nan
202602747,Nicholas Hampton,2026,WR,0.83,WR,56.707962,59.26819995572303,59.26819995572303,Multi-Year Starter,Consistent career presence; reliable rotational player or specialist.,nan
202602756,Myles Juniel,2026,WR,0.83,WR,64.38297,73.84439681756976,73.84439681756976,Meaningful P4 Contributor,Reliable multi-year starter at the highest level of competition.,Potential Day 2 Pick
202602760,Gerritt Holcombe,2026,WR,0.83,WR,52.758354,51.534715036709265,51.534715036709265,Multi-Year Starter,Consistent career presence; reliable rotational player or specialist.,nan
202602764,Oliver Luebkert,2026,WR,0.83,WR,54.066177,53.987363460482406,53.987363460482406,Multi-Year Starter,Consistent career presence; reliable rotational player or specialist.,nan
202602771,Bailen George,2026,WR,0.83,WR,54.883453,55.37589713519799,55.37589713519799,Multi-Year Starter,Consistent career presence; reliable rotational player or specialist.,nan
202602780,Rollie Pinto,2026,WR,0.83,WR,50.62058,45.86860746372599,45.86860746372599,Single Season Contributor,Late bloomer or one-year starter; limited career longevity.,nan
202602788,Hiki Kim Choy Keb Ah Lo,2026,WR,0.83,WR,60.598713,67.9847054459028,67.9847054459028,Meaningful G5 Contributor,Standout starter at the Group of 5 level; high-end depth in Power 4.,Potential Day 3 Pick
202602796,Preston Jackson,2026,WR,0.83,WR,55.402275,56.182960402117814,56.182960402117814,Multi-Year Starter,Consistent career presence; reliable rotational player or specialist.,nan
202602802,Tripp Palmer,2026,WR,0.83,WR,55.666985,56.836536935135925,56.836536935135925,Multi-Year Starter,Consistent career presence; reliable rotational player or specialist.,nan
202602819,Dillon Booth,2026,WR,0.825,WR,53.81967,53.54436993476865,53.54436993476865,Multi-Year Starter,Consistent career presence; reliable rotational player or specialist.,nan
202602820,Brayden Stevenson,2026,WR,0.825,WR,53.310898,52.624063483990746,52.624063483990746,Multi-Year Starter,Consistent career presence; reliable rotational player or specialist.,nan
202602843,Cade Brooks,2026,WR,0.825,WR,49.60738,42.54588531424098,42.54588531424098,Single Season Contributor,Late bloomer or one-year starter; limited career longevity.,nan
202602855,Jayden Williams,2026,WR,0.82,WR,58.620045,64.67362223121538,64.67362223121538,Meaningful G5 Contributor,Standout starter at the Group of 5 level; high-end depth in Power 4.,Potential Day 3 Pick
202602859,Beau Smigiel,2026,WR,0.82,WR,49.163456,41.29354003465574,41.29354003465574,Single Season Contributor,Late bloomer or one-year starter; limited career longevity.,nan
202602860,Caleb Clark,2026,WR,0.82,WR,50.897507,46.56496759020856,46.56496759020856,Single Season Contributor,Late bloomer or one-year starter; limited career longevity.,nan
202602866,Jordan Nunuha,2026,WR,0.82,WR,58.801445,65.0886688846054,65.0886688846054,Meaningful G5 Contributor,Standout starter at the Group of 5 level; high-end depth in Power 4.,Potential Day 3 Pick
202602870,Kobe Dooley,2026,WR,0.82,WR,51.804897,49.251353627264265,49.251353627264265,Single Season Contributor,Late bloomer or one-year starter; limited career longevity.,nan
202602880,Keith Donald,2026,WR,0.82,WR,51.910114,49.46053517761386,49.46053517761386,Single Season Contributor,Late bloomer or one-year starter; limited career longevity.,nan
202602883,Bryson Holt,2026,WR,0.82,WR,51.956528,49.548814039433175,49.548814039433175,Single Season Contributor,Late bloomer or one-year starter; limited career longevity.,nan
202602886,Wesley Ehret,2026,WR,0.82,WR,50.04179,44.137078668468924,44.137078668468924,Single Season Contributor,Late bloomer or one-year starter; limited career longevity.,nan
202602889,Andrew Powell,2026,WR,0.82,WR,51.69542,48.95469865886073,48.95469865886073,Single Season Contributor,Late bloomer or one-year starter; limited career longevity.,nan
202602891,Greyson Stevens,2026,WR,0.82,WR,53.292805,52.59253144126553,52.59253144126553,Multi-Year Starter,Consistent career presence; reliable rotational player or specialist.,nan
202602904,Isaiah Morris,2026,WR,0.82,WR,54.480255,54.721572142877335,54.721572142877335,Multi-Year Starter,Consistent career presence; reliable rotational player or specialist.,nan
202602905,Isaiah Owens,2026,WR,0.82,WR,49.458717,42.08149841388438,42.08149841388438,Single Season Contributor,Late bloomer or one-year starter; limited career longevity.,nan
202602912,Rasharee Demery,2026,WR,0.82,WR,51.847607,49.33626395420626,49.33626395420626,Single Season Contributor,Late bloomer or one-year starter; limited career longevity.,nan
202602924,Jackson Fay,2026,WR,0.82,WR,51.610027,48.68760112860151,48.68760112860151,Single Season Contributor,Late bloomer or one-year starter; limited career longevity.,nan
202602926,Josiah Andrews,2026,WR,0.82,WR,51.527454,48.4737024383655,48.4737024383655,Single Season Contributor,Late bloomer or one-year starter; limited career longevity.,nan
202602955,Tazein Sykes,2026,WR,0.82,WR,53.76474,53.43664284042564,53.43664284042564,Multi-Year Starter,Consistent career presence; reliable rotational player or specialist.,nan
202602962,Ryan Nero,2026,WR,0.82,WR,51.610027,48.68760112860151,48.68760112860151,Single Season Contributor,Late bloomer or one-year starter; limited career longevity.,nan
202602985,Davien Potts,2026,WR,0.81,WR,51.728367,49.05775523106751,49.05775523106751,Single Season Contributor,Late bloomer or one-year starter; limited career longevity.,nan
202603022,Emery Speight,2026,WR,0.81,WR,51.265007,47.65895364442447,47.65895364442447,Single Season Contributor,Late bloomer or one-year starter; limited career longevity.,nan
202603042,Kevin Davis III,2026,WR,0.81,WR,52.094376,49.749623276931835,49.749623276931835,Single Season Contributor,Late bloomer or one-year starter; limited career longevity.,nan
202603060,Dorsett Stecker,2026,WR,0.8,WR,47.149376,33.68324855306495,33.68324855306495,Partial Season Contributor,Rotational backup or special teams contributor; limited starts.,nan
202603062,Tyler George,2026,WR,0.8,WR,48.49645,38.711972862189945,38.711972862189945,Partial Season Contributor,Rotational backup or special teams contributor; limited starts.,nan
202603069,Sebastian Moreno,2026,WR,0.8,WR,57.058765,60.444940733485495,60.444940733485495,Meaningful G5 Contributor,Standout starter at the Group of 5 level; high-end depth in Power 4.,Potential Day 3 Pick
202603071,Omari Smith,2026,WR,0.8,WR,48.86659,40.17619612687901,40.17619612687901,Single Season Contributor,Late bloomer or one-year starter; limited career longevity.,nan
202603073,Nikolas Blocker,2026,WR,0.8,WR,43.241997,23.19065397442015,23.19065397442015,Partial Season Contributor,Rotational backup or special teams contributor; limited starts.,nan
202603079,Trevy Barber,2026,WR,0.8,WR,50.681232,46.004759200286024,46.004759200286024,Single Season Contributor,Late bloomer or one-year starter; limited career longevity.,nan
202603111,Dominic Wolthuis,2026,WR,0.78,WR,50.304855,44.791805968553305,44.791805968553305,Single Season Contributor,Late bloomer or one-year starter; limited career longevity.,nan
202700006,Jamier Brown,2027,WR,0.9972,WR,69.69943,80.96272532136163,80.96272532136163,Elite Power 4,All-Conference/All-American honors.,First round NFL Draft talent
202700009,Monshun Sales,2027,WR,0.9968,WR,74.17387,85.4625747655628,85.4625747655628,Elite Power 4,All-Conference/All-American honors.,First round NFL Draft talent
202700012,Easton Royal,2027,WR,0.9948,WR,75.36752,87.80249388781917,87.80249388781917,Elite Power 4,All-Conference/All-American honors.,First round NFL Draft talent
202700017,Nick Lennear,2027,WR,0.9917,WR,75.50694,88.07579727882688,88.07579727882688,Elite Power 4,All-Conference/All-American honors.,First round NFL Draft talent
202700023,Eric McFarland III,2027,WR,0.9896,WR,71.21871,82.38989205616302,82.38989205616302,Elite Power 4,All-Conference/All-American honors.,First round NFL Draft talent
202700032,Kesean Bowman,2027,WR,0.9849,WR,68.92556,80.25029662136392,80.25029662136392,Elite Power 4,All-Conference/All-American honors.,First round NFL Draft talent
202700045,Osani Gayles,2027,WR,0.9795,WR,67.25562,77.5689250504459,77.5689250504459,Meaningful P4 Contributor,Reliable multi-year starter at the highest level of competition.,Potential Day 2 Pick
202700049,Dakota Guerrant,2027,WR,0.9788,WR,63.91069,73.10191156434259,73.10191156434259,Meaningful P4 Contributor,Reliable multi-year starter at the highest level of competition.,Potential Day 2 Pick
202700050,Quentin Burrell,2027,WR,0.9788,WR,66.13492,76.14706065288621,76.14706065288621,Meaningful P4 Contributor,Reliable multi-year starter at the highest level of competition.,Potential Day 2 Pick
202700051,Quentin Hale,2027,WR,0.9782,WR,67.84158,78.45796531390734,78.45796531390734,Meaningful P4 Contributor,Reliable multi-year starter at the highest level of competition.,Potential Day 2 Pick
202700058,Julius Jones,2027,WR,0.9757,WR,65.42719,74.98196922126793,74.98196922126793,Meaningful P4 Contributor,Reliable multi-year starter at the highest level of competition.,Potential Day 2 Pick
202700059,Julian Caldwell,2027,WR,0.9755,WR,65.16603,74.69420104525206,74.69420104525206,Meaningful P4 Contributor,Reliable multi-year starter at the highest level of competition.,Potential Day 2 Pick
202700064,Matthew Gregory,2027,WR,0.9716,WR,76.02976,89.10067751717568,89.10067751717568,Elite Power 4,All-Conference/All-American honors.,First round NFL Draft talent
202700065,Khalil Taylor,2027,WR,0.9714,WR,78.107346,93.17335270134363,93.17335270134363,Elite Power 4,All-Conference/All-American honors.,First round NFL Draft talent
202700079,Jaden Upshaw,2027,WR,0.9671,WR,63.547977,72.34297620939287,72.34297620939287,Meaningful P4 Contributor,Reliable multi-year starter at the highest level of competition.,Potential Day 2 Pick
202700097,Demare Dezeurn,2027,WR,0.9582,WR,64.563194,74.07577313842503,74.07577313842503,Meaningful P4 Contributor,Reliable multi-year starter at the highest level of competition.,Potential Day 2 Pick
202700113,Myles McAfee,2027,WR,0.951,WR,63.38387,72.0319459357367,72.0319459357367,Meaningful P4 Contributor,Reliable multi-year starter at the highest level of competition.,Potential Day 2 Pick
202700126,Tre Moore,2027,WR,0.9465,WR,63.8694,73.01114065924914,73.01114065924914,Meaningful P4 Contributor,Reliable multi-year starter at the highest level of competition.,Potential Day 2 Pick
202700127,Jamarin Simmons,2027,WR,0.9462,WR,64.134254,73.52508143107063,73.52508143107063,Meaningful P4 Contributor,Reliable multi-year starter at the highest level of competition.,Potential Day 2 Pick
202700136,Benny Easter Jr.,2027,WR,0.9445,WR,61.88478,70.06395938991358,70.06395938991358,Meaningful P4 Contributor,Reliable multi-year starter at the highest level of competition.,Potential Day 2 Pick
202700143,Zion White,2027,WR,0.9415,WR,62.52093,71.03700514358873,71.03700514358873,Meaningful P4 Contributor,Reliable multi-year starter at the highest level of competition.,Potential Day 2 Pick
202700152,Alvin Mosley,2027,WR,0.937,WR,62.79486,71.38004711875944,71.38004711875944,Meaningful P4 Contributor,Reliable multi-year starter at the highest level of competition.,Potential Day 2 Pick
202700164,Nico Bland,2027,WR,0.9341,WR,62.725452,71.29312697311988,71.29312697311988,Meaningful P4 Contributor,Reliable multi-year starter at the highest level of competition.,Potential Day 2 Pick
202700173,Tyler Fryman,2027,WR,0.9319,WR,67.49973,77.91635708615225,77.91635708615225,Meaningful P4 Contributor,Reliable multi-year starter at the highest level of competition.,Potential Day 2 Pick
202700176,Miguel Whitley,2027,WR,0.9313,WR,65.42055,74.97087507382703,74.97087507382703,Meaningful P4 Contributor,Reliable multi-year starter at the highest level of competition.,Potential Day 2 Pick
202700191,Trey Haralson,2027,WR,0.9277,WR,63.1506,71.76887633230311,71.76887633230311,Meaningful P4 Contributor,Reliable multi-year starter at the highest level of competition.,Potential Day 2 Pick
202700193,Braylon Pope,2027,WR,0.9269,WR,62.55371,71.07805514696771,71.07805514696771,Meaningful P4 Contributor,Reliable multi-year starter at the highest level of competition.,Potential Day 2 Pick
202700204,Jabari Watkins,2027,WR,0.9242,WR,64.49325,73.98597303218504,73.98597303218504,Meaningful P4 Contributor,Reliable multi-year starter at the highest level of competition.,Potential Day 2 Pick
202700213,Anthony Jennings,2027,WR,0.923,WR,63.6426,72.52231386485641,72.52231386485641,Meaningful P4 Contributor,Reliable multi-year starter at the highest level of competition.,Potential Day 2 Pick
202700220,Cam Wade,2027,WR,0.9216,WR,69.96145,81.20393813025046,81.20393813025046,Elite Power 4,All-Conference/All-American honors.,First round NFL Draft talent
202700224,Trenton Yancey,2027,WR,0.921,WR,67.579834,78.03036161618353,78.03036161618353,Meaningful P4 Contributor,Reliable multi-year starter at the highest level of competition.,Potential Day 2 Pick
202700229,Dontay Tyson,2027,WR,0.9203,WR,66.36087,76.4205514729315,76.4205514729315,Meaningful P4 Contributor,Reliable multi-year starter at the highest level of competition.,Potential Day 2 Pick
202700246,Ethan Kimmie,2027,WR,0.9179,WR,63.96149,73.21358896115792,73.21358896115792,Meaningful P4 Contributor,Reliable multi-year starter at the highest level of competition.,Potential Day 2 Pick
202700256,Damani Warren,2027,WR,0.9165,WR,75.9258,88.89687400895295,88.89687400895295,Elite Power 4,All-Conference/All-American honors.,First round NFL Draft talent
202700258,Ah'Mari Stevens,2027,WR,0.9155,WR,63.044632,71.65363288725827,71.65363288725827,Meaningful P4 Contributor,Reliable multi-year starter at the highest level of competition.,Potential Day 2 Pick
202700267,Kyren Caldwell,2027,WR,0.9134,WR,57.471077,61.62571862402325,61.62571862402325,Meaningful G5 Contributor,Standout starter at the Group of 5 level; high-end depth in Power 4.,Potential Day 3 Pick
202700276,Chuck Alexander,2027,WR,0.9116,WR,55.152496,55.72069927645764,55.72069927645764,Multi-Year Starter,Consistent career presence; reliable rotational player or specialist.,nan
202700279,Javien Robinson,2027,WR,0.9111,WR,63.824657,72.91278035383147,72.91278035383147,Meaningful P4 Contributor,Reliable multi-year starter at the highest level of competition.,Potential Day 2 Pick
202700287,Sean Green,2027,WR,0.9092,WR,61.69885,69.79769073737015,69.79769073737015,Meaningful G5 Contributor,Standout starter at the Group of 5 level; high-end depth in Power 4.,Potential Day 3 Pick
202700293,Iveon Lewis,2027,WR,0.9073,WR,59.41108,66.16860963329951,66.16860963329951,Meaningful G5 Contributor,Standout starter at the Group of 5 level; high-end depth in Power 4.,Potential Day 3 Pick
202700298,Chanin Harris,2027,WR,0.9063,WR,62.994587,71.5992076467693,71.5992076467693,Meaningful P4 Contributor,Reliable multi-year starter at the highest level of competition.,Potential Day 2 Pick
202700306,Ty Johnson,2027,WR,0.9039,WR,60.635838,68.0365865641539,68.0365865641539,Meaningful G5 Contributor,Standout starter at the Group of 5 level; high-end depth in Power 4.,Potential Day 3 Pick
202700336,Javon Vital,2027,WR,0.8977,WR,62.021076,70.25914440225891,70.25914440225891,Meaningful P4 Contributor,Reliable multi-year starter at the highest level of competition.,Potential Day 2 Pick
202700341,Demarcus Brown,2027,WR,0.897,WR,60.272457,67.56783907770647,67.56783907770647,Meaningful G5 Contributor,Standout starter at the Group of 5 level; high-end depth in Power 4.,Potential Day 3 Pick
202700345,Blake Wong,2027,WR,0.895,WR,58.10314,63.26360069466557,63.26360069466557,Meaningful G5 Contributor,Standout starter at the Group of 5 level; high-end depth in Power 4.,Potential Day 3 Pick
202700346,Zerek Sidney,2027,WR,0.895,WR,64.07247,73.44576192187218,73.44576192187218,Meaningful P4 Contributor,Reliable multi-year starter at the highest level of competition.,Potential Day 2 Pick
202700347,Trey Wimbley,2027,WR,0.895,WR,60.920734,68.46057721897962,68.46057721897962,Meaningful G5 Contributor,Standout starter at the Group of 5 level; high-end depth in Power 4.,Potential Day 3 Pick
202700350,Deshawn Dillon,2027,WR,0.8943,WR,56.37056,57.98083748425237,57.98083748425237,Multi-Year Starter,Consistent career presence; reliable rotational player or specialist.,nan
202700351,Khristian Jackson,2027,WR,0.8942,WR,60.98206,68.589555015627,68.589555015627,Meaningful G5 Contributor,Standout starter at the Group of 5 level; high-end depth in Power 4.,Potential Day 3 Pick
202700361,Ja'Hyde Brown,2027,WR,0.8917,WR,58.390686,64.0975686893026,64.0975686893026,Meaningful G5 Contributor,Standout starter at the Group of 5 level; high-end depth in Power 4.,Potential Day 3 Pick
202700365,Anthony Roberts,2027,WR,0.8908,WR,57.6163,61.92855162081083,61.92855162081083,Meaningful G5 Contributor,Standout starter at the Group of 5 level; high-end depth in Power 4.,Potential Day 3 Pick
202700373,Jaiden Kelly-Murray,2027,WR,0.89,WR,61.198475,69.04064980212472,69.04064980212472,Meaningful G5 Contributor,Standout starter at the Group of 5 level; high-end depth in Power 4.,Potential Day 3 Pick
202700404,Amare Patterson,2027,WR,0.8888,WR,59.20215,65.79944287043118,65.79944287043118,Meaningful G5 Contributor,Standout starter at the Group of 5 level; high-end depth in Power 4.,Potential Day 3 Pick
202700409,Antayvious Ellis,2027,WR,0.8878,WR,64.48389,73.97395462791405,73.97395462791405,Meaningful P4 Contributor,Reliable multi-year starter at the highest level of competition.,Potential Day 2 Pick
202700421,Demaje Riley,2027,WR,0.885,WR,59.583626,66.40762372250775,66.40762372250775,Meaningful G5 Contributor,Standout starter at the Group of 5 level; high-end depth in Power 4.,Potential Day 3 Pick
202700423,Jordan Christie,2027,WR,0.885,WR,55.430588,56.24768069121774,56.24768069121774,Multi-Year Starter,Consistent career presence; reliable rotational player or specialist.,nan
202700424,Jacob Thomas,2027,WR,0.885,WR,58.50292,64.36125512445074,64.36125512445074,Meaningful G5 Contributor,Standout starter at the Group of 5 level; high-end depth in Power 4.,Potential Day 3 Pick
202700455,Jonathan Dillon,2027,WR,0.88,WR,57.059227,60.44593364867378,60.44593364867378,Meaningful G5 Contributor,Standout starter at the Group of 5 level; high-end depth in Power 4.,Potential Day 3 Pick
202700459,Sheldon Isaac,2027,WR,0.88,WR,54.354107,54.4590661493796,54.4590661493796,Multi-Year Starter,Consistent career presence; reliable rotational player or specialist.,nan
202700460,James Branch,2027,WR,0.88,WR,58.518173,64.39961562699116,64.39961562699116,Meaningful G5 Contributor,Standout starter at the Group of 5 level; high-end depth in Power 4.,Potential Day 3 Pick
202700469,Bryan Porter,2027,WR,0.88,WR,56.73094,59.33290124387561,59.33290124387561,Multi-Year Starter,Consistent career presence; reliable rotational player or specialist.,nan
202700473,Damani Porras,2027,WR,0.88,WR,62.67054,71.22435997688567,71.22435997688567,Meaningful P4 Contributor,Reliable multi-year starter at the highest level of competition.,Potential Day 2 Pick
202700477,Briceson Thrower,2027,WR,0.88,WR,58.049538,63.12729030151004,63.12729030151004,Meaningful G5 Contributor,Standout starter at the Group of 5 level; high-end depth in Power 4.,Potential Day 3 Pick
202700527,Joshua Douthard,2027,WR,0.88,WR,55.45819,56.310779049062944,56.310779049062944,Multi-Year Starter,Consistent career presence; reliable rotational player or specialist.,nan
202700532,Delontay Williams,2027,WR,0.8778,WR,57.24837,61.09712644354849,61.09712644354849,Meaningful G5 Contributor,Standout starter at the Group of 5 level; high-end depth in Power 4.,Potential Day 3 Pick
202700550,Jeremiah Douglas,2027,WR,0.875,WR,56.082275,57.5316906317657,57.5316906317657,Multi-Year Starter,Consistent career presence; reliable rotational player or specialist.,nan
202700559,Khamarian Young,2027,WR,0.875,WR,56.001358,57.453493203902894,57.453493203902894,Multi-Year Starter,Consistent career presence; reliable rotational player or specialist.,nan
202700580,Javarious Griffin Jr.,2027,WR,0.875,WR,56.43512,58.15501147786694,58.15501147786694,Multi-Year Starter,Consistent career presence; reliable rotational player or specialist.,nan
202700583,Gavin Honore,2027,WR,0.875,WR,65.559,75.20201800564098,75.20201800564098,Meaningful P4 Contributor,Reliable multi-year starter at the highest level of competition.,Potential Day 2 Pick
202700586,Chad Willis,2027,WR,0.87,WR,55.842995,57.13189626629714,57.13189626629714,Multi-Year Starter,Consistent career presence; reliable rotational player or specialist.,nan
202700588,Jaden Baldwin,2027,WR,0.87,WR,62.569412,71.09771787406045,71.09771787406045,Meaningful P4 Contributor,Reliable multi-year starter at the highest level of competition.,Potential Day 2 Pick
202700597,Laron Baker Jr.,2027,WR,0.87,WR,59.198578,65.7929559517505,65.7929559517505,Meaningful G5 Contributor,Standout starter at the Group of 5 level; high-end depth in Power 4.,Potential Day 3 Pick
202700603,Isaiah Alvarez,2027,WR,0.87,WR,58.686977,64.84897244056405,64.84897244056405,Meaningful G5 Contributor,Standout starter at the Group of 5 level; high-end depth in Power 4.,Potential Day 3 Pick
202700608,Braylon Kasper,2027,WR,0.87,WR,62.569412,71.09771787406045,71.09771787406045,Meaningful P4 Contributor,Reliable multi-year starter at the highest level of competition.,Potential Day 2 Pick
202700611,Gianni Haynes,2027,WR,0.87,WR,57.029842,60.3827235189604,60.3827235189604,Meaningful G5 Contributor,Standout starter at the Group of 5 level; high-end depth in Power 4.,Potential Day 3 Pick
202700613,Ray'Quan Williams,2027,WR,0.87,WR,61.81162,69.95918586275717,69.95918586275717,Meaningful G5 Contributor,Standout starter at the Group of 5 level; high-end depth in Power 4.,Potential Day 3 Pick
202700617,Trey Smith,2027,WR,0.87,WR,60.983624,68.5928444468677,68.5928444468677,Meaningful G5 Contributor,Standout starter at the Group of 5 level; high-end depth in Power 4.,Potential Day 3 Pick
202700618,Donovan McNabb Jr.,2027,WR,0.87,WR,60.525772,67.88302441188397,67.88302441188397,Meaningful G5 Contributor,Standout starter at the Group of 5 level; high-end depth in Power 4.,Potential Day 3 Pick
202700621,Charles Davis,2027,WR,0.87,WR,52.39267,50.611317783617274,50.611317783617274,Multi-Year Starter,Consistent career presence; reliable rotational player or specialist.,nan
202700622,Jackson Coleman,2027,WR,0.87,WR,56.8668,59.74403076499402,59.74403076499402,Multi-Year Starter,Consistent career presence; reliable rotational player or specialist.,nan
202700627,Austin Coles,2027,WR,0.87,WR,53.33151,52.659983287246995,52.659983287246995,Multi-Year Starter,Consistent career presence; reliable rotational player or specialist.,nan
202700628,Branden Sharpe,2027,WR,0.87,WR,57.64989,62.001221021051606,62.001221021051606,Meaningful G5 Contributor,Standout starter at the Group of 5 level; high-end depth in Power 4.,Potential Day 3 Pick
202700651,Sean Thompson,2027,WR,0.87,WR,56.06257,57.516911721939444,57.516911721939444,Multi-Year Starter,Consistent career presence; reliable rotational player or specialist.,nan
202700661,Maleek Miller,2027,WR,0.87,WR,60.36219,67.67948887238845,67.67948887238845,Meaningful G5 Contributor,Standout starter at the Group of 5 level; high-end depth in Power 4.,Potential Day 3 Pick
202700664,Brylan Oduor,2027,WR,0.87,WR,52.59681,51.27002961789067,51.27002961789067,Multi-Year Starter,Consistent career presence; reliable rotational player or specialist.,nan
202700680,Carter Davis,2027,WR,0.87,WR,56.741127,59.36157860764842,59.36157860764842,Multi-Year Starter,Consistent career presence; reliable rotational player or specialist.,nan
202700707,Charles Britton,2027,WR,0.865,WR,57.95869,62.86791920581726,62.86791920581726,Meaningful G5 Contributor,Standout starter at the Group of 5 level; high-end depth in Power 4.,Potential Day 3 Pick
202700714,Brody Knowles,2027,WR,0.865,WR,54.21278,54.244411230494364,54.244411230494364,Multi-Year Starter,Consistent career presence; reliable rotational player or specialist.,nan
202700715,Eisa Nealy,2027,WR,0.865,WR,62.86434,71.45756262916011,71.45756262916011,Meaningful P4 Contributor,Reliable multi-year starter at the highest level of competition.,Potential Day 2 Pick
202700718,Tra'Von Hall,2027,WR,0.865,WR,56.84785,59.662067973293325,59.662067973293325,Multi-Year Starter,Consistent career presence; reliable rotational player or specialist.,nan
202700726,Chris Flores,2027,WR,0.86,WR,58.38087,64.07450811360374,64.07450811360374,Meaningful G5 Contributor,Standout starter at the Group of 5 level; high-end depth in Power 4.,Potential Day 3 Pick
202700727,Jayden Coley,2027,WR,0.86,WR,57.173656,60.759308641790234,60.759308641790234,Meaningful G5 Contributor,Standout starter at the Group of 5 level; high-end depth in Power 4.,Potential Day 3 Pick
202700743,Eli Ferguson,2027,WR,0.86,WR,54.370693,54.49343418135389,54.49343418135389,Multi-Year Starter,Consistent career presence; reliable rotational player or specialist.,nan
202700751,Julian Cromartie,2027,WR,0.86,WR,56.616062,59.00615088077805,59.00615088077805,Multi-Year Starter,Consistent career presence; reliable rotational player or specialist.,nan
202700761,Jaylan Ash,2027,WR,0.86,WR,58.499077,64.35222986221648,64.35222986221648,Meaningful G5 Contributor,Standout starter at the Group of 5 level; high-end depth in Power 4.,Potential Day 3 Pick
202700765,Michael Farinas,2027,WR,0.86,WR,58.091846,63.234877731803806,63.234877731803806,Meaningful G5 Contributor,Standout starter at the Group of 5 level; high-end depth in Power 4.,Potential Day 3 Pick
202700779,Jamar Taylor,2027,WR,0.86,WR,55.26713,55.91172320295556,55.91172320295556,Multi-Year Starter,Consistent career presence; reliable rotational player or specialist.,nan
202700800,James Bethea,2027,WR,0.86,WR,55.899174,57.235679277119914,57.235679277119914,Multi-Year Starter,Consistent career presence; reliable rotational player or specialist.,nan
202700803,Sean Roebuck,2027,WR,0.86,WR,59.36089,66.08784046344333,66.08784046344333,Meaningful G5 Contributor,Standout starter at the Group of 5 level; high-end depth in Power 4.,Potential Day 3 Pick
202700808,Aden Starling,2027,WR,0.855,WR,59.223583,65.83838517392132,65.83838517392132,Meaningful G5 Contributor,Standout starter at the Group of 5 level; high-end depth in Power 4.,Potential Day 3 Pick
202700830,Koby Shabazz,2027,WR,0.85,WR,52.730026,51.495246156925546,51.495246156925546,Multi-Year Starter,Consistent career presence; reliable rotational player or specialist.,nan
202700832,Clark Cokley,2027,WR,0.85,WR,52.841488,51.650543921320974,51.650543921320974,Multi-Year Starter,Consistent career presence; reliable rotational player or specialist.,nan
202700836,Luke Frith,2027,WR,0.85,WR,52.468197,50.9610958763048,50.9610958763048,Multi-Year Starter,Consistent career presence; reliable rotational player or specialist.,nan
202700847,Keyon Standifer,2027,WR,0.85,WR,53.821335,53.5489987529194,53.5489987529194,Multi-Year Starter,Consistent career presence; reliable rotational player or specialist.,nan
202700855,Kamden Tillis,2027,WR,0.85,WR,53.057617,52.14866247051866,52.14866247051866,Multi-Year Starter,Consistent career presence; reliable rotational player or specialist.,nan
202700860,Travon Garrison,2027,WR,0.85,WR,52.192467,49.9951621682681,49.9951621682681,Single Season Contributor,Late bloomer or one-year starter; limited career longevity.,nan
202700867,Kye Wehby,2027,WR,0.85,WR,53.77086,53.44771021643709,53.44771021643709,Multi-Year Starter,Consistent career presence; reliable rotational player or specialist.,nan
202700868,Trysten Shaw,2027,WR,0.85,WR,54.835182,55.2887006875447,55.2887006875447,Multi-Year Starter,Consistent career presence; reliable rotational player or specialist.,nan
202700881,Dallas Crescenzo,2027,WR,0.845,WR,51.797573,49.23679237076832,49.23679237076832,Single Season Contributor,Late bloomer or one-year starter; limited career longevity.,nan
202700891,Alijah Landrum-Hamilton,2027,WR,0.84,WR,54.484787,54.7319778972519,54.7319778972519,Multi-Year Starter,Consistent career presence; reliable rotational player or specialist.,nan
202700895,Kaiden Drinkwater,2027,WR,0.84,WR,59.181698,65.76228862785943,65.76228862785943,Meaningful G5 Contributor,Standout starter at the Group of 5 level; high-end depth in Power 4.,Potential Day 3 Pick
202700900,Kingston Parks,2027,WR,0.84,WR,52.97589,51.9393632656553,51.9393632656553,Multi-Year Starter,Consistent career presence; reliable rotational player or specialist.,nan
202700909,Jack Junker,2027,WR,0.84,WR,53.50029,52.960090477554495,52.960090477554495,Multi-Year Starter,Consistent career presence; reliable rotational player or specialist.,nan
202700919,Jesse Wilhite,2027,WR,0.84,WR,53.994827,53.89481464081098,53.89481464081098,Multi-Year Starter,Consistent career presence; reliable rotational player or specialist.,nan
202700920,Jay Williams,2027,WR,0.84,WR,55.33522,56.04384311146684,56.04384311146684,Multi-Year Starter,Consistent career presence; reliable rotational player or specialist.,nan
202700931,Jasiah Agnimel,2027,WR,0.84,WR,54.64865,55.025316718799466,55.025316718799466,Multi-Year Starter,Consistent career presence; reliable rotational player or specialist.,nan
202700939,Relando Jefferson,2027,WR,0.84,WR,54.838055,55.29388947568149,55.29388947568149,Multi-Year Starter,Consistent career presence; reliable rotational player or specialist.,nan
202700941,Landon White,2027,WR,0.84,WR,52.694447,51.44567354155486,51.44567354155486,Multi-Year Starter,Consistent career presence; reliable rotational player or specialist.,nan
202700950,Kase Betz,2027,WR,0.83,WR,55.67464,56.8487961164427,56.8487961164427,Multi-Year Starter,Consistent career presence; reliable rotational player or specialist.,nan
202700973,Seth Price,2027,WR,0.83,WR,52.979183,51.948603952079,51.948603952079,Multi-Year Starter,Consistent career presence; reliable rotational player or specialist.,nan
202700975,Trayvis Hunter,2027,WR,0.825,WR,62.758106,71.33401933072771,71.33401933072771,Meaningful P4 Contributor,Reliable multi-year starter at the highest level of competition.,Potential Day 2 Pick
202700978,Antonio Spann,2027,WR,0.82,WR,51.847607,49.33626395420626,49.33626395420626,Single Season Contributor,Late bloomer or one-year starter; limited career longevity.,nan
202700983,Troy Roberts,2027,WR,0.82,WR,50.338093,44.91497634167926,44.91497634167926,Single Season Contributor,Late bloomer or one-year starter; limited career longevity.,nan
202700985,RJ Gory,2027,WR,0.82,WR,59.933144,66.9643505425465,66.9643505425465,Meaningful G5 Contributor,Standout starter at the Group of 5 level; high-end depth in Power 4.,Potential Day 3 Pick
202700992,Karson McKenzie,2027,WR,0.82,WR,52.457294,50.90322783252921,50.90322783252921,Multi-Year Starter,Consistent career presence; reliable rotational player or specialist.,nan
202700993,Shaison Kupukaa,2027,WR,0.82,WR,56.399643,58.05930017199271,58.05930017199271,Multi-Year Starter,Consistent career presence; reliable rotational player or specialist.,nan
202700994,Malachi Garlington,2027,WR,0.82,WR,51.73745,49.08616529224898,49.08616529224898,Single Season Contributor,Late bloomer or one-year starter; limited career longevity.,nan
202700998,Dillon Sykes,2027,WR,0.81,WR,48.56919,39.01377693871996,39.01377693871996,Partial Season Contributor,Rotational backup or special teams contributor; limited starts.,nan
202701006,Chase Bonta,2027,WR,0.8,WR,45.29831,28.93209567451271,28.93209567451271,Partial Season Contributor,Rotational backup or special teams contributor; limited starts.,nan
202800001,Brysen Wright,2028,WR,0.9994,WR,65.7264,75.48149881292933,75.48149881292933,Meaningful P4 Contributor,Reliable multi-year starter at the highest level of competition.,Potential Day 2 Pick
202800005,Deandre Bidden,2028,WR,0.9962,WR,72.355354,83.56026676788937,83.56026676788937,Elite Power 4,All-Conference/All-American honors.,First round NFL Draft talent
202800009,Jett Harrison,2028,WR,0.9941,WR,82.83569,100.0,100.0,Elite Power 4,All-Conference/All-American honors.,First round NFL Draft talent
202800013,Braylon Clark,2028,WR,0.9927,WR,70.91563,82.08235647333322,82.08235647333322,Elite Power 4,All-Conference/All-American honors.,First round NFL Draft talent
202800034,Tromon Isaac Jr.,2028,WR,0.981,WR,65.846375,75.68179211776068,75.68179211776068,Meaningful P4 Contributor,Reliable multi-year starter at the highest level of competition.,Potential Day 2 Pick
202800038,Damarion Mays,2028,WR,0.9795,WR,66.80848,76.96233405401057,76.96233405401057,Meaningful P4 Contributor,Reliable multi-year starter at the highest level of competition.,Potential Day 2 Pick
202800044,Tyree Mannings Jr.,2028,WR,0.9781,WR,64.28123,73.7137713576203,73.7137713576203,Meaningful P4 Contributor,Reliable multi-year starter at the highest level of competition.,Potential Day 2 Pick
202800050,Baron Marshall,2028,WR,0.9739,WR,67.50329,77.92141719768617,77.92141719768617,Meaningful P4 Contributor,Reliable multi-year starter at the highest level of competition.,Potential Day 2 Pick
202800051,Roye Oliver III,2028,WR,0.972,WR,71.53895,82.71963194521004,82.71963194521004,Elite Power 4,All-Conference/All-American honors.,First round NFL Draft talent
202800059,Lorenzo McMullen Jr.,2028,WR,0.9422,WR,63.205135,71.82818445319879,71.82818445319879,Meaningful P4 Contributor,Reliable multi-year starter at the highest level of competition.,Potential Day 2 Pick
202800067,Jaylen Addai,2028,WR,0.9392,WR,63.86817,73.0084403422277,73.0084403422277,Meaningful P4 Contributor,Reliable multi-year starter at the highest level of competition.,Potential Day 2 Pick
202800069,Jordan Gorham,2028,WR,0.9386,WR,66.43978,76.51606455882185,76.51606455882185,Meaningful P4 Contributor,Reliable multi-year starter at the highest level of competition.,Potential Day 2 Pick
202800071,Derrell Hines Jr.,2028,WR,0.937,WR,63.131348,71.74793844155322,71.74793844155322,Meaningful P4 Contributor,Reliable multi-year starter at the highest level of competition.,Potential Day 2 Pick
202800075,Brendyn Jackson,2028,WR,0.9361,WR,64.16871,73.56931542755622,73.56931542755622,Meaningful P4 Contributor,Reliable multi-year starter at the highest level of competition.,Potential Day 2 Pick
202800077,Dennis Tua'one,2028,WR,0.9348,WR,64.07577,73.4499933404908,73.4499933404908,Meaningful P4 Contributor,Reliable multi-year starter at the highest level of competition.,Potential Day 2 Pick
202800078,Jaden Hurndon,2028,WR,0.9346,WR,63.017998,71.62466749133678,71.62466749133678,Meaningful P4 Contributor,Reliable multi-year starter at the highest level of competition.,Potential Day 2 Pick
202800083,Carter St. Junious,2028,WR,0.9336,WR,63.404087,72.07026440273758,72.07026440273758,Meaningful P4 Contributor,Reliable multi-year starter at the highest level of competition.,Potential Day 2 Pick
202800097,Dedrick Kimbrough,2028,WR,0.9306,WR,67.42959,77.81652304013761,77.81652304013761,Meaningful P4 Contributor,Reliable multi-year starter at the highest level of competition.,Potential Day 2 Pick
202800106,Dillon Mitchell,2028,WR,0.9288,WR,69.71304,80.97525549202399,80.97525549202399,Elite Power 4,All-Conference/All-American honors.,First round NFL Draft talent
202800120,Jacolby Campbell,2028,WR,0.9259,WR,62.459827,70.9604848417006,70.9604848417006,Meaningful P4 Contributor,Reliable multi-year starter at the highest level of competition.,Potential Day 2 Pick
202800125,Zyon Robinson,2028,WR,0.9246,WR,65.17266,74.70074698471905,74.70074698471905,Meaningful P4 Contributor,Reliable multi-year starter at the highest level of competition.,Potential Day 2 Pick
202800128,Calvin Ursin,2028,WR,0.9229,WR,63.599644,72.44089796732871,72.44089796732871,Meaningful P4 Contributor,Reliable multi-year starter at the highest level of competition.,Potential Day 2 Pick
202800132,Marshaun Thornton,2028,WR,0.89,WR,59.360962,66.08797214234818,66.08797214234818,Meaningful G5 Contributor,Standout starter at the Group of 5 level; high-end depth in Power 4.,Potential Day 3 Pick
202800134,Jamir Lee,2028,WR,0.89,WR,59.270443,65.92351905113665,65.92351905113665,Meaningful G5 Contributor,Standout starter at the Group of 5 level; high-end depth in Power 4.,Potential Day 3 Pick
202800141,Mylan Griggs,2028,WR,0.885,WR,55.646896,56.79936811507419,56.79936811507419,Multi-Year Starter,Consistent career presence; reliable rotational player or specialist.,nan
202800142,Seven Rashad,2028,WR,0.885,WR,49.244823,41.49944089734207,41.49944089734207,Single Season Contributor,Late bloomer or one-year starter; limited career longevity.,nan
202800147,David Forster,2028,WR,0.885,WR,55.315228,56.00274770437076,56.00274770437076,Multi-Year Starter,Consistent career presence; reliable rotational player or specialist.,nan
202800151,Emiere Lemons,2028,WR,0.88,WR,45.750072,30.23932266211481,30.23932266211481,Partial Season Contributor,Rotational backup or special teams contributor; limited starts.,nan
202800157,John Matthews,2028,WR,0.88,WR,58.377403,64.06636117877659,64.06636117877659,Meaningful G5 Contributor,Standout starter at the Group of 5 level; high-end depth in Power 4.,Potential Day 3 Pick
202800169,Samir Edwards,2028,WR,0.88,WR,59.613197,66.44858669605617,66.44858669605617,Meaningful G5 Contributor,Standout starter at the Group of 5 level; high-end depth in Power 4.,Potential Day 3 Pick
202800176,Maddox Weil,2028,WR,0.875,WR,57.41766,61.51432692857508,61.51432692857508,Meaningful G5 Contributor,Standout starter at the Group of 5 level; high-end depth in Power 4.,Potential Day 3 Pick
202800181,JD Edwards,2028,WR,0.875,WR,61.29285,69.18500022650448,69.18500022650448,Meaningful G5 Contributor,Standout starter at the Group of 5 level; high-end depth in Power 4.,Potential Day 3 Pick
202800196,Brandon Jefferson,2028,WR,0.875,WR,56.933743,60.05254034357802,60.05254034357802,Meaningful G5 Contributor,Standout starter at the Group of 5 level; high-end depth in Power 4.,Potential Day 3 Pick
202800198,Amos Augustine,2028,WR,0.87,WR,59.712505,66.58614978821123,66.58614978821123,Meaningful G5 Contributor,Standout starter at the Group of 5 level; high-end depth in Power 4.,Potential Day 3 Pick
202800199,Darren Tubbs,2028,WR,0.87,WR,57.869614,62.59209960850861,62.59209960850861,Meaningful G5 Contributor,Standout starter at the Group of 5 level; high-end depth in Power 4.,Potential Day 3 Pick
202800212,Tano Wooten,2028,WR,0.87,WR,57.43291,61.5461303991458,61.5461303991458,Meaningful G5 Contributor,Standout starter at the Group of 5 level; high-end depth in Power 4.,Potential Day 3 Pick
202800216,Hayden Koo,2028,WR,0.87,WR,56.493042,58.456512845776444,58.456512845776444,Multi-Year Starter,Consistent career presence; reliable rotational player or specialist.,nan
202800223,Xander Odenyo,2028,WR,0.86,WR,64.948586,74.47951080273332,74.47951080273332,Meaningful P4 Contributor,Reliable multi-year starter at the highest level of competition.,Potential Day 2 Pick
202800224,Jaelynn Brown,2028,WR,0.86,WR,56.943756,60.09868756813686,60.09868756813686,Meaningful G5 Contributor,Standout starter at the Group of 5 level; high-end depth in Power 4.,Potential Day 3 Pick
