player_id,name,year,position,rating,position_group,contrib_prob_ge20_raw,contrib_odds_ge20_raw,contrib_prob_ge50_raw,contrib_odds_ge50_raw,contrib_prob_ge80_raw,contrib_odds_ge80_raw,contrib_prob_raw,contrib_odds_raw
202300007,Caleb Downs,2023,S,0.9953,DB,0.99044037,103.606544,0.9556876,21.567038,0.44718054,0.80890876,0.99044037,103.606544
202300014,Cormani McClain,2023,CB,0.9884,DB,0.9688053,31.056742,0.846882,5.53091,0.049997173,0.052628446,0.9688053,31.056742
202300021,Peyton Bowen,2023,S,0.9864,DB,0.9885225,86.12721,0.9596366,23.774937,0.008939679,0.009020317,0.9885225,86.12721
202300027,Dezz Ricks,2023,CB,0.9846,DB,0.9883476,84.81915,0.9583246,22.994978,0.060682535,0.0646028,0.9883476,84.81915
202300037,Joenel Aguero,2023,S,0.982,DB,0.9931479,144.94087,0.97367936,36.993004,0.003102436,0.003112091,0.9931479,144.94087
202300039,A.J. Harris,2023,CB,0.9808,DB,0.9933925,150.3438,0.98230445,55.511395,0.06561205,0.07021928,0.9933925,150.3438
202300043,Malik Muhammad,2023,CB,0.977,DB,0.9933629,149.66829,0.9523169,19.971783,0.009225666,0.009311571,0.9933629,149.66829
202300047,Jermaine Mathews Jr.,2023,CB,0.9754,DB,0.9907402,106.99346,0.93934035,15.485424,0.005659221,0.00569143,0.9907402,106.99346
202300049,Jahlil Hurley,2023,CB,0.974,DB,0.9893757,93.12394,0.9794093,47.565563,0.22900653,0.29702786,0.9893757,93.12394
202300050,Derek Williams Jr.,2023,S,0.9734,DB,0.98427755,62.603306,0.9370733,14.891503,0.020240946,0.020659106,0.98427755,62.603306
202300053,Ja'Keem Jackson,2023,CB,0.9715,DB,0.9877902,80.9016,0.8986161,8.863497,0.019243399,0.019620974,0.9877902,80.9016
202300059,Javien Toviano,2023,S,0.9695,DB,0.9914164,115.50116,0.9243255,12.214496,0.011947097,0.012091557,0.9914164,115.50116
202300063,Calvin Simpson-Hunt,2023,CB,0.9674,DB,0.99365133,156.51332,0.9241183,12.178405,0.020129653,0.02054318,0.99365133,156.51332
202300073,Makari Vickers,2023,S,0.9629,DB,0.9877198,80.431725,0.86191034,6.241672,0.00066336914,0.0006638095,0.9877198,80.431725
202300090,Rodrick Pleasant,2023,CB,0.9553,DB,0.99004817,99.48403,0.9304174,13.371413,0.006459874,0.0065018754,0.99004817,99.48403
202300091,King Mack,2023,S,0.9547,DB,0.98676634,74.56487,0.89036417,8.121106,0.0011458397,0.0011471541,0.98676634,74.56487
202300099,Bravion Rogers,2023,CB,0.9526,DB,0.9832479,58.693924,0.9400257,15.673805,0.04864144,0.0511284,0.9832479,58.693924
202300101,Christian Gray,2023,CB,0.9514,DB,0.9893422,92.82811,0.90056276,9.056595,0.0029448646,0.0029535624,0.9893422,92.82811
202300107,Dijon Johnson,2023,S,0.948,DB,0.9709772,33.455654,0.8889972,8.008781,0.001190555,0.0011919742,0.9709772,33.455654
202300114,Tony Mitchell,2023,S,0.9464,DB,0.9848535,65.02188,0.97479886,38.68074,0.004517697,0.004538199,0.9848535,65.02188
202300121,Daylen Austin,2023,CB,0.9445,DB,0.9844636,63.36486,0.9278562,12.861206,0.013601027,0.013788566,0.9844636,63.36486
202300124,Jayvon Thomas,2023,CB,0.9441,DB,0.96920085,31.468428,0.90216434,9.221222,0.021239446,0.02170035,0.96920085,31.468428
202300131,Jacobe Johnson,2023,CB,0.9426,DB,0.959448,23.659683,0.8653702,6.427777,0.012497243,0.0126554,0.959448,23.659683
202300136,Jordan Matthews,2023,CB,0.9405,DB,0.9409094,15.9231615,0.8337738,5.0158987,0.006550482,0.006593674,0.9409094,15.9231615
202300138,Isaac Smith,2023,S,0.9399,DB,0.9657737,28.217299,0.64275044,1.7991637,0.0026135624,0.0026204109,0.9657737,28.217299
202300140,Jaylon Braxton,2023,CB,0.9397,DB,0.8868297,7.8362384,0.8045897,4.1174374,0.0112035265,0.011330468,0.8868297,7.8362384
202300144,Kayin Lee,2023,CB,0.9391,DB,0.96642613,28.785072,0.8760703,7.0690923,0.01029122,0.0103982305,0.96642613,28.785072
202300148,Robert Stafford III,2023,CB,0.9378,DB,0.9551021,21.272749,0.8507975,5.7022996,0.0022743056,0.0022794898,0.9551021,21.272749
202300158,Daniel Harris,2023,CB,0.9347,DB,0.9412022,16.007446,0.81901866,4.5254316,0.013903634,0.014099671,0.9412022,16.007446
202300161,Malik Hartford,2023,S,0.934,DB,0.94525117,17.26523,0.81921715,4.531498,0.02231759,0.022827035,0.94525117,17.26523
202300166,Jyaire Hill,2023,CB,0.9333,DB,0.84680414,5.5275917,0.7093023,2.4399998,0.033426996,0.034583002,0.84680414,5.5275917
202300171,Elliot Washington II,2023,S,0.9314,DB,0.95026386,19.106104,0.83668333,5.1230736,0.00052421447,0.00052448944,0.95026386,19.106104
202300173,Chris Peal,2023,CB,0.9308,DB,0.96202415,25.332525,0.86050004,6.168461,0.0030559713,0.003065339,0.96202415,25.332525
202300174,Damari Brown,2023,CB,0.9306,DB,0.93671054,14.800418,0.8590419,6.0943084,0.0064556925,0.006497639,0.93671054,14.800418
202300176,DaKaari Nelson,2023,S,0.9302,DB,0.9662193,28.602707,0.88539684,7.725763,0.0023956217,0.0024013745,0.9662193,28.602707
202300189,Aaron Williams,2023,CB,0.9265,DB,0.9325339,13.822263,0.81972194,4.5469866,0.0041261115,0.004143207,0.9325339,13.822263
202300193,Conrad Hussey,2023,S,0.9252,DB,0.935014,14.387932,0.803718,4.09471,0.00065931195,0.00065974693,0.935014,14.387932
202300210,Kylin Jackson,2023,S,0.9219,DB,0.85751104,6.018088,0.34925064,0.53669,0.015624048,0.015872033,0.85751104,6.018088
202300212,Jordan Castell,2023,S,0.9215,DB,0.8936094,8.399327,0.64659786,1.8296376,0.0066122347,0.0066562477,0.8936094,8.399327
202300215,Caleb Presley,2023,CB,0.9201,DB,0.9395099,15.531638,0.72876316,2.6868148,0.009585557,0.009678328,0.9395099,15.531638
202300217,Cole Martin,2023,CB,0.9191,DB,0.96178734,25.16934,0.810945,4.2894654,0.016059387,0.0163215,0.96178734,25.16934
202300223,Sharif Denson,2023,CB,0.9183,DB,0.8837545,7.602483,0.835727,5.0874267,0.0027305696,0.002738046,0.8837545,7.602483
202300225,Braxton Myers,2023,S,0.9181,DB,0.9283303,12.952898,0.74938846,2.9902391,0.045109592,0.047240596,0.9283303,12.952898
202300235,Randon Fontenette,2023,S,0.9163,DB,0.92716736,12.730107,0.67383647,2.0659468,0.039527003,0.041153684,0.92716736,12.730107
202300237,Micah Bell,2023,CB,0.916,DB,0.85263246,5.785755,0.8520236,5.7578344,0.07184852,0.07741034,0.85263246,5.785755
202300239,Ryan Yaites,2023,S,0.9158,DB,0.9304454,13.377189,0.76206785,3.202879,0.009399159,0.009488341,0.9304454,13.377189
202300240,Sylvester Smith,2023,S,0.9156,DB,0.95856243,23.132692,0.80061454,4.015411,0.010692955,0.01080853,0.95856243,23.132692
202300244,Avieon Terrell,2023,CB,0.9149,DB,0.8594063,6.112694,0.81801593,4.4949865,0.010229476,0.0103352,0.8594063,6.112694
202300248,CJ Blocker,2023,CB,0.9142,DB,0.86080414,6.1841216,0.7952852,3.8848453,0.022477962,0.02299484,0.86080414,6.1841216
202300249,Antione Jackson,2023,S,0.914,DB,0.8608888,6.188493,0.8028121,4.0713053,0.0017540667,0.0017571488,0.8608888,6.188493
202300257,Curley Reed III,2023,CB,0.9126,DB,0.9143424,10.674388,0.78702,3.6952772,0.06951207,0.07470497,0.9143424,10.674388
202300259,Jordan Sanford,2023,S,0.9124,DB,0.91787595,11.176701,0.73018456,2.706237,0.017218174,0.017519834,0.91787595,11.176701
202300263,Warren Roberson,2023,S,0.912,DB,0.92631555,12.571383,0.77585757,3.461449,0.03220683,0.03327863,0.92631555,12.571383
202300277,Jayden Bonsu,2023,S,0.9093,DB,0.83163285,4.939401,0.6644713,1.9803712,0.0047373134,0.0047598626,0.83163285,4.939401
202300278,Jalon Kilgore,2023,S,0.9089,DB,0.93870986,15.315837,0.7275922,2.6709664,0.026350783,0.02706394,0.93870986,15.315837
202300284,Terrance Love,2023,S,0.9081,DB,0.9217185,11.774406,0.5914869,1.4479017,0.013822547,0.014016288,0.9217185,11.774406
202300289,Rickey Gibson III,2023,CB,0.9065,DB,0.96621233,28.596598,0.9308716,13.465836,0.029744238,0.03065608,0.96621233,28.596598
202300310,Daemon Fagan,2023,S,0.9027,DB,0.93242174,13.797659,0.81187093,4.3155,0.021827064,0.022314116,0.93242174,13.797659
202300315,Ben Minich,2023,S,0.9025,DB,0.89947236,8.947513,0.7569171,3.1138232,0.0069121732,0.006960284,0.89947236,8.947513
202300318,Adon Shuler,2023,S,0.9023,DB,0.9374192,14.979336,0.7674835,3.3007696,0.019152237,0.019526208,0.9374192,14.979336
202300319,Jasiah Wagoner,2023,CB,0.9021,DB,0.84434533,5.424478,0.772645,3.3984077,0.0493154,0.051873565,0.84434533,5.424478
202300320,Avery Stuart,2023,S,0.9017,DB,0.96610796,28.505457,0.90545154,9.576587,0.15222625,0.17956,0.96610796,28.505457
202300321,Tyler Scott,2023,CB,0.9017,DB,0.9267298,12.648113,0.6599297,1.9405684,0.015691405,0.015941551,0.9267298,12.648113
202300326,Brenden Jordan,2023,S,0.9009,DB,0.93158674,13.61705,0.59668976,1.4794809,0.18760383,0.23092653,0.93158674,13.61705
202300327,Marvin Burks Jr.,2023,S,0.9009,DB,0.944801,17.11626,0.7470293,2.953027,0.014707702,0.014927248,0.944801,17.11626
202300332,Smith Snowden,2023,CB,0.9,DB,0.93724155,14.934111,0.7475406,2.9610329,0.037948173,0.03944504,0.93724155,14.934111
202300335,LeVar Thornton Jr.,2023,CB,0.8997,DB,0.8863499,7.798938,0.75998074,3.1663322,0.15235141,0.17973416,0.8863499,7.798938
202300339,Maliki Crawford,2023,CB,0.8994,DB,0.9483476,18.360195,0.8326943,4.9770823,0.030681062,0.031652186,0.9483476,18.360195
202300348,Saboor Karriem,2023,S,0.8987,DB,0.9386634,15.303486,0.7640483,3.2381551,0.064451784,0.068891995,0.9386634,15.303486
202300360,Tyler Turner,2023,S,0.8976,DB,0.93179435,13.661541,0.7989738,3.9744759,0.07414015,0.080077074,0.93179435,13.661541
202300361,Cedrick Hawkins Jr.,2023,S,0.8975,DB,0.9478989,18.193462,0.83278847,4.9804487,0.0041645137,0.0041819294,0.9478989,18.193462
202300365,Branden Strozier,2023,CB,0.8972,DB,0.934109,14.176573,0.748452,2.9753845,0.04561833,0.047798835,0.934109,14.176573
202300373,Kelley Jones,2023,S,0.8967,DB,0.9506832,19.277056,0.84919137,5.63092,0.08880357,0.097458206,0.9506832,19.277056
202300375,Colton Hood,2023,CB,0.8963,DB,0.9101875,10.134305,0.78660536,3.6861532,0.03187298,0.032922313,0.9101875,10.134305
202300376,Justyn Rhett,2023,CB,0.8963,DB,0.70023805,2.3359804,0.7024469,2.3607445,0.016011558,0.0162721,0.70023805,2.3359804
202300383,MarJayvious Moss,2023,CB,0.8958,DB,0.88118786,7.416648,0.8289489,4.8462067,0.058637176,0.062289666,0.88118786,7.416648
202300394,Kodi DeCambra,2023,S,0.8944,DB,0.8746023,6.974629,0.7535659,3.0578802,0.010777066,0.010894476,0.8746023,6.974629
202300397,Cam Calhoun,2023,CB,0.8942,DB,0.81313854,4.351558,0.81547683,4.419374,0.021696856,0.02217805,0.81313854,4.351558
202300400,Martel Hight,2023,CB,0.8941,DB,0.862359,6.2652764,0.76001227,3.1668797,0.012156174,0.0123057645,0.862359,6.2652764
202300410,Bryce Thornton,2023,S,0.8933,DB,0.9176455,11.14263,0.76010036,3.1684098,0.060574375,0.06448022,0.9176455,11.14263
202300412,Jaremiah Anglin Jr.,2023,S,0.893,DB,0.903697,9.383894,0.7839287,3.6281018,0.001002542,0.001003548,0.903697,9.383894
202300421,Jshawn Frausto-Ramos,2023,CB,0.8925,DB,0.8719315,6.808321,0.7175228,2.5401087,0.007880997,0.0079436,0.8719315,6.808321
202300424,Daeh McCullough,2023,S,0.8925,DB,0.93757814,15.020029,0.44940972,0.81623256,0.0029687916,0.0029776315,0.93757814,15.020029
202300426,Christian Pierce,2023,S,0.8923,DB,0.8373098,5.146651,0.6373423,1.7574209,0.0068694553,0.006916971,0.8373098,5.146651
202300430,AJ Brown,2023,S,0.8919,DB,0.87931186,7.285818,0.691409,2.240535,0.008314929,0.008384647,0.87931186,7.285818
202300433,Rob Billings,2023,S,0.8917,DB,0.8855643,7.738534,0.66674525,2.0007074,0.003301275,0.0033122094,0.8855643,7.738534
202300435,Javeon Wilcox,2023,S,0.8917,DB,0.87351334,6.905972,0.6609009,1.9489903,0.011341668,0.011471777,0.87351334,6.905972
202300445,Zion Tracy,2023,CB,0.8906,DB,0.8910993,8.182675,0.72302836,2.610478,0.02513356,0.025781542,0.8910993,8.182675
202300446,Amare Snowden,2023,CB,0.8905,DB,0.8274843,4.796574,0.78175443,3.5819945,0.0017441348,0.0017471822,0.8274843,4.796574
202300454,Tay'Shawn Wilson,2023,CB,0.89,DB,0.9475623,18.07024,0.84884596,5.6157675,0.09757879,0.10812998,0.9475623,18.07024
202300455,R.J. Jones,2023,S,0.89,DB,0.8146641,4.3956094,0.6383814,1.7653446,0.002640849,0.0026478416,0.8146641,4.3956094
202300459,Jamel Johnson,2023,S,0.8894,DB,0.8626691,6.281683,0.6405138,1.7817478,0.015543902,0.01578933,0.8626691,6.281683
202300463,Chance Rucker,2023,CB,0.8894,DB,0.84217495,5.3361297,0.6436906,1.8065494,0.06465692,0.06912642,0.84217495,5.3361297
202300471,Brice Pollock,2023,CB,0.8886,DB,0.89345646,8.385834,0.67751646,2.1009336,0.013330666,0.013510774,0.89345646,8.385834
202300477,Braeden Marshall,2023,CB,0.8883,DB,0.8997535,8.975411,0.738287,2.820979,0.0014179994,0.0014200129,0.8997535,8.975411
202300480,Ethan Nation,2023,CB,0.888,DB,0.87576956,7.0495567,0.77885574,3.5219352,0.01796002,0.01828848,0.87576956,7.0495567
202300499,Jayden Davis,2023,S,0.8869,DB,0.8657117,6.4466643,0.63934755,1.7727525,0.011889904,0.0120329745,0.8657117,6.4466643
202300505,Brandon Cisse,2023,CB,0.8866,DB,0.80146974,4.0370154,0.7361618,2.7902021,0.018724518,0.019081816,0.80146974,4.0370154
202300509,Donovan McIntosh,2023,CB,0.8861,DB,0.85300106,5.80277,0.66045046,1.9450784,0.03197381,0.033029903,0.85300106,5.80277
202300512,Genesis Smith,2023,S,0.8858,DB,0.8608067,6.184254,0.59937704,1.4961126,0.0023095158,0.002314862,0.8608067,6.184254
202300519,K.J. Kirkland,2023,S,0.8853,DB,0.8701194,6.699379,0.5978568,1.4866765,0.0009773555,0.0009783116,0.8701194,6.699379
202300526,Antonio Robinson,2023,CB,0.885,DB,0.92906207,13.09683,0.8099697,4.2623196,0.07875227,0.08548436,0.92906207,13.09683
202300529,Josiah Jackson,2023,CB,0.8847,DB,0.80812967,4.211853,0.64008886,1.7784636,0.021382911,0.021850131,0.80812967,4.211853
202300534,Jeremiah Hughes,2023,CB,0.8844,DB,0.89428407,8.459312,0.7081265,2.4261417,0.0191921,0.019567644,0.89428407,8.459312
202300539,Damon Walters,2023,S,0.8844,DB,0.89092577,8.168068,0.5217402,1.0909138,0.008717877,0.008794547,0.89092577,8.168068
202300543,TJ Metcalf,2023,S,0.8842,DB,0.92784953,12.859923,0.85390663,5.844938,0.005160169,0.0051869345,0.92784953,12.859923
202300553,Michael Daugherty,2023,S,0.8833,DB,0.9267521,12.6522665,0.71787596,2.5445402,0.07153365,0.07704496,0.9267521,12.6522665
202300561,Dallas Young,2023,CB,0.8828,DB,0.9527769,20.17608,0.8235041,4.6658535,0.0059477445,0.005983332,0.9527769,20.17608
202300567,Cristian Conyer,2023,CB,0.8825,DB,0.87236774,6.8350096,0.70784485,2.422839,0.02414681,0.024744306,0.87236774,6.8350096
202300576,Kevis Thomas,2023,CB,0.8819,DB,0.8987734,8.878823,0.7390086,2.831544,0.025796814,0.026479911,0.8987734,8.878823
202300579,Amare Ferrell,2023,S,0.8817,DB,0.88716197,7.8622603,0.6381461,1.7635463,0.0009943263,0.000995316,0.88716197,7.8622603
202300588,Ty Lee,2023,S,0.8811,DB,0.8098641,4.259396,0.65658545,1.9119326,0.0009003917,0.00090120314,0.8098641,4.259396
202300589,Brock Fonoimoana,2023,S,0.8811,DB,0.89454156,8.482409,0.6272181,1.6825339,0.0022016629,0.0022065209,0.89454156,8.482409
202300600,Carl Williams IV,2023,CB,0.8803,DB,0.85653293,5.9702406,0.7683923,3.3176463,0.033738475,0.034916505,0.85653293,5.9702406
202300605,John Slaughter,2023,S,0.8803,DB,0.8961004,8.624677,0.56671077,1.3079273,0.0014407316,0.0014428103,0.8961004,8.624677
202300608,Lamont Payne Jr.,2023,CB,0.88,DB,0.85729927,6.0076723,0.66423243,1.9782507,0.032802735,0.033915248,0.85729927,6.0076723
202300617,Jordan Shaw,2023,CB,0.8794,DB,0.7476717,2.9630914,0.5421827,1.1842774,0.013037346,0.013209564,0.7476717,2.9630914
202300620,Kahlil Tate,2023,S,0.8794,DB,0.84589887,5.489245,0.4872367,0.95021766,0.0020296383,0.0020337661,0.84589887,5.489245
202300627,Leroy Bryant,2023,CB,0.8789,DB,0.799832,3.995803,0.4963704,0.9855863,0.00842792,0.008499553,0.799832,3.995803
202300631,Ashton Stamps,2023,CB,0.8789,DB,0.8126963,4.338922,0.70905524,2.4370787,0.034243442,0.035457633,0.8126963,4.338922
202300635,C.J. Johnson,2023,S,0.8786,DB,0.836145,5.1029563,0.619211,1.6261264,0.0052807676,0.0053088022,0.836145,5.1029563
202300640,Zahbari Sandy,2023,S,0.8786,DB,0.88151425,7.4398336,0.5485853,1.2152579,0.0033419472,0.0033531534,0.88151425,7.4398336
202300646,Luke Evans,2023,CB,0.8786,DB,0.868261,6.5907655,0.59770805,1.4857569,0.008165002,0.008232218,0.868261,6.5907655
202300650,Macho Stevenson,2023,CB,0.8781,DB,0.8200039,4.555677,0.7186838,2.5547185,0.06499226,0.06950986,0.8200039,4.555677
202300660,Jonas Duclona,2023,CB,0.8778,DB,0.9036122,9.374757,0.6817043,2.1417325,0.043685135,0.0456807,0.9036122,9.374757
202300663,Antonio Cotman Jr.,2023,CB,0.8775,DB,0.8302619,4.891429,0.5977219,1.4858423,0.0051862234,0.0052132607,0.8302619,4.891429
202300667,Shawn Battle,2023,CB,0.8772,DB,0.90854394,9.934213,0.6734053,2.061899,0.0611824,0.06516963,0.90854394,9.934213
202300674,Rahmir Stewart,2023,S,0.8769,DB,0.92252964,11.908162,0.6730867,2.0589151,0.015764365,0.01601686,0.92252964,11.908162
202300689,Christian Ford,2023,S,0.8769,DB,0.87831616,7.2180185,0.57604355,1.3587328,0.018318132,0.018659947,0.87831616,7.2180185
202300695,Shelton Lewis,2023,CB,0.8764,DB,0.91459036,10.70828,0.6459959,1.8248261,0.075897485,0.08213102,0.91459036,10.70828
202300698,Ja'Bril Rawls,2023,CB,0.8764,DB,0.83490086,5.056967,0.6455286,1.8211021,0.021762252,0.022246383,0.83490086,5.056967
202300705,JC Hart,2023,CB,0.8761,DB,0.93045866,13.379937,0.7493466,2.989573,0.12548903,0.14349623,0.93045866,13.379937
202300707,Tre Miller,2023,CB,0.8761,DB,0.8883112,7.9534497,0.8174133,4.476849,0.046544146,0.048816256,0.8883112,7.9534497
202300708,DJ Waller Jr.,2023,CB,0.8759,DB,0.74601644,2.9372628,0.6423485,1.7960181,0.0077298125,0.007790028,0.74601644,2.9372628
202300728,Kahlil Ali,2023,S,0.8747,DB,0.8301327,4.886949,0.7042821,2.3816013,0.0038998781,0.003915147,0.8301327,4.886949
202300736,Carter Stoutmire,2023,CB,0.8744,DB,0.8499305,5.6635804,0.68727994,2.1977482,0.06064988,0.064565785,0.8499305,5.6635804
202300747,Shadarian Harrison,2023,CB,0.8744,DB,0.81934595,4.535442,0.66265845,1.9643548,0.021551441,0.022026137,0.81934595,4.535442
202300752,Jace Arnold,2023,CB,0.8739,DB,0.8954267,8.56267,0.7750564,3.4455593,0.0040299757,0.0040462823,0.8954267,8.56267
202300756,Jaylen Aborom,2023,CB,0.8739,DB,0.79825604,3.9567778,0.6182884,1.6197789,0.0056917467,0.005724328,0.79825604,3.9567778
202300768,Kaleb Cost,2023,CB,0.8733,DB,0.91295606,10.48845,0.71391183,2.495426,0.012638057,0.012799821,0.91295606,10.48845
202300769,Za'Quan Bryan,2023,CB,0.8733,DB,0.9452675,17.27068,0.80893457,4.233809,0.02601039,0.026704999,0.9452675,17.27068
202300780,Cory Huff Jr.,2023,S,0.8728,DB,0.7898981,3.7595952,0.5795933,1.3786491,0.0065592416,0.0066025495,0.7898981,3.7595952
202300782,Chapman Lewis,2023,S,0.8728,DB,0.72343975,2.6158488,0.54215163,1.1841292,0.0042830193,0.0043014423,0.72343975,2.6158488
202300795,Ty Adams,2023,CB,0.8722,DB,0.9274706,12.787517,0.72037756,2.576251,0.0048497687,0.004873404,0.9274706,12.787517
202300799,AJ Tisdell,2023,CB,0.8719,DB,0.9192819,11.388795,0.76489305,3.2533834,0.035743024,0.037067942,0.9192819,11.388795
202300801,Ryan Robinson Jr.,2023,CB,0.8719,DB,0.9086978,9.952637,0.6941606,2.2696898,0.0058430093,0.0058773505,0.9086978,9.952637
202300804,Canyon Moses,2023,CB,0.8719,DB,0.95465046,21.050941,0.85550946,5.9208684,0.047669776,0.05005593,0.95465046,21.050941
202300823,Daniel Demery,2023,S,0.8711,DB,0.9306905,13.428042,0.7960403,3.9029293,0.015126884,0.015359221,0.9306905,13.428042
202300833,John Nestor,2023,S,0.8708,DB,0.899101,8.910903,0.6283015,1.6903526,0.0007650739,0.00076565973,0.899101,8.910903
202300836,Emmanuel Karnley,2023,CB,0.8706,DB,0.8269884,4.779959,0.6644937,1.9805698,0.00033709884,0.00033721252,0.8269884,4.779959
202300838,DJ Coleman,2023,S,0.8706,DB,0.9102759,10.145275,0.73681915,2.7996686,0.0030270307,0.0030362215,0.9102759,10.145275
202300839,Chase Davis,2023,S,0.8706,DB,0.8604919,6.168041,0.6750599,2.0774903,0.004464496,0.004484517,0.8604919,6.168041
202300845,Bo Mascoe,2023,CB,0.87,DB,0.92597,12.50804,0.83403283,5.025288,0.0013857795,0.0013877025,0.92597,12.50804
202300851,Taylor Starling,2023,CB,0.8697,DB,0.88257015,7.5157223,0.76330423,3.2248325,0.005173925,0.0052008335,0.88257015,7.5157223
202300853,Rushaun Tongue,2023,S,0.8697,DB,0.9134706,10.556769,0.69347835,2.2624123,0.002871295,0.002879563,0.9134706,10.556769
202300859,Ayden Duncanson,2023,S,0.8692,DB,0.83150446,4.9348755,0.66970605,2.0276062,0.0011701722,0.0011715431,0.83150446,4.9348755
202300873,Shawn Russ,2023,S,0.8686,DB,0.83557606,5.0818396,0.6426652,1.798496,0.009213853,0.009299537,0.83557606,5.0818396
202300874,Jameel Croft Jr.,2023,S,0.8686,DB,0.84651065,5.51511,0.71081513,2.4579957,0.0007396836,0.00074023113,0.84651065,5.51511
202300881,Jacoby Davis,2023,CB,0.8681,DB,0.94214803,16.285496,0.8150333,4.406379,0.01269034,0.012853455,0.94214803,16.285496
202300886,Dante Lovett,2023,S,0.8681,DB,0.9054748,9.579187,0.57564896,1.3565396,0.0007650739,0.00076565973,0.9054748,9.579187
202300887,Michael Patterson,2023,CB,0.8681,DB,0.9081002,9.881415,0.74352986,2.8990893,0.0039035324,0.0039188294,0.9081002,9.881415
202300889,Deldrick Madison,2023,S,0.8678,DB,0.907222,9.778414,0.6999451,2.3327234,0.0038192696,0.0038339123,0.907222,9.778414
202300892,Dylan Smith,2023,CB,0.8678,DB,0.8857495,7.7526984,0.7335227,2.752665,0.005055034,0.005080717,0.8857495,7.7526984
202300894,Eddie Pleasant III,2023,CB,0.8678,DB,0.88258743,7.516976,0.72045153,2.5771973,0.0024482824,0.002454291,0.88258743,7.516976
202300896,Rayquan Adkins,2023,CB,0.8678,DB,0.87456375,6.9721775,0.7428426,2.8886693,0.014414133,0.014624938,0.87456375,6.9721775
202300897,Cam Upshaw Jr.,2023,S,0.8675,DB,0.86644816,6.4877295,0.698434,2.3160236,0.00041185808,0.0004120278,0.86644816,6.4877295
202300911,Arian Parish,2023,S,0.8669,DB,0.893299,8.371982,0.73061025,2.7120938,0.0031771634,0.00318729,0.893299,8.371982
202300914,Vernon Glover Jr.,2023,CB,0.8669,DB,0.90685636,9.736106,0.7417053,2.8715467,0.005055034,0.005080717,0.90685636,9.736106
202300920,Moussa Kane,2023,S,0.8667,DB,0.9139759,10.624649,0.7684448,3.3186243,0.00075169234,0.00075225777,0.9139759,10.624649
202300923,Caleb Woodson,2023,S,0.8667,DB,0.85455835,5.8756094,0.42346346,0.73449546,0.0008936789,0.0008944783,0.85455835,5.8756094
202300927,Misun Kelley,2023,CB,0.8664,DB,0.88339055,7.575634,0.7370108,2.802437,0.006788054,0.006834447,0.88339055,7.575634
202300930,Kerry Brown,2023,S,0.8664,DB,0.90642,9.686043,0.68958664,2.221511,0.0013462706,0.0013480855,0.90642,9.686043
202300936,Jai Eugene Jr.,2023,S,0.8661,DB,0.89605373,8.620355,0.58842146,1.42967,0.0012999214,0.0013016134,0.89605373,8.620355
202300958,Marcus Ratcliffe,2023,S,0.8656,DB,0.8441023,5.414464,0.6650905,1.9858813,0.00033699922,0.00033711284,0.8441023,5.414464
202300969,Jarvis Lee,2023,CB,0.8656,DB,0.9166625,10.999402,0.74704933,2.95334,0.0046002436,0.0046215034,0.9166625,10.999402
202300973,Jack Luttrell,2023,S,0.8653,DB,0.91194576,10.356637,0.6696787,2.0273554,0.0012758578,0.0012774876,0.91194576,10.356637
202300976,Jack Tchienchou,2023,CB,0.8653,DB,0.90504277,9.531056,0.75419235,3.0682216,0.0066125076,0.006656524,0.90504277,9.531056
202300979,Keontez Bradley,2023,CB,0.8653,DB,0.78236175,3.5947804,0.6162904,1.6061375,0.00524357,0.0052712103,0.78236175,3.5947804
202300983,Cruce Brookins,2023,S,0.865,DB,0.89656955,8.668333,0.6525356,1.8779929,0.0027501567,0.002757741,0.89656955,8.668333
202300984,Sean Brown,2023,CB,0.865,DB,0.8223115,4.6278267,0.6460887,1.8255669,0.00066128734,0.00066172495,0.8223115,4.6278267
202300989,Dillon Thieneman,2023,S,0.8647,DB,0.97430044,37.91118,0.61508465,1.5979738,0.00048529246,0.0004855281,0.97430044,37.91118
202300990,Zachary Tobe,2023,S,0.8647,DB,0.901543,9.15672,0.67520535,2.0788684,0.0028350332,0.0028430936,0.901543,9.15672
202300993,Kimari Robinson,2023,CB,0.8647,DB,0.91367465,10.584084,0.7424478,2.8827078,0.004472229,0.00449232,0.91367465,10.584084
202300996,Cam Fleming,2023,CB,0.8647,DB,0.9188088,11.316608,0.65077686,1.8634987,0.0006313993,0.0006317982,0.9188088,11.316608
202300998,Tamarcus Cooley,2023,S,0.8647,DB,0.88103414,7.4057727,0.731389,2.7228556,0.0014679967,0.001470155,0.88103414,7.4057727
202301004,Quentin Ajiero,2023,CB,0.8644,DB,0.9090918,10.000104,0.7489753,2.9836714,0.0066125076,0.006656524,0.9090918,10.000104
202301008,Josiah Cox,2023,S,0.8642,DB,0.84672433,5.524193,0.54742664,1.2095865,0.0017297914,0.0017327887,0.84672433,5.524193
202301010,Shamar McNeil,2023,CB,0.8642,DB,0.8615836,6.224577,0.7383557,2.8219826,0.004049479,0.004065944,0.8615836,6.224577
202301017,Ethon Cole,2023,S,0.8639,DB,0.8678578,6.567606,0.68686306,2.193491,0.0007458914,0.0007464482,0.8678578,6.567606
202301032,Winston Berglund,2023,S,0.8633,DB,0.97310793,36.185688,0.62713987,1.6819708,0.000578205,0.0005785395,0.97310793,36.185688
202301039,Braylon Johnson,2023,S,0.8631,DB,0.92576915,12.471488,0.6735754,2.0634947,0.0033601406,0.0033714692,0.92576915,12.471488
202301042,Jordan Lester,2023,S,0.8631,DB,0.8552772,5.9097605,0.69575703,2.2868466,0.008881398,0.008960984,0.8552772,5.9097605
202301045,Montana Warren,2023,S,0.8631,DB,0.8552772,5.9097605,0.6680289,2.0123103,0.008548868,0.008622581,0.8552772,5.9097605
202301046,Che Ojarikre,2023,S,0.8631,DB,0.86396956,6.351296,0.6628321,1.9658812,0.004904277,0.004928448,0.86396956,6.351296
202301053,Andre Jordan Jr.,2023,CB,0.8625,DB,0.86183995,6.2379823,0.6149272,1.5969113,0.0058076396,0.0058415653,0.86183995,6.2379823
202301059,Tywon Wray Jr.,2023,S,0.8625,DB,0.86444527,6.3770943,0.7122416,2.4751375,0.0054321215,0.0054617906,0.86444527,6.3770943
202301070,Dwight Bootle II,2023,CB,0.8622,DB,0.9112872,10.272329,0.78425163,3.6350293,0.0030701272,0.003079582,0.9112872,10.272329
202301080,RJ Lester Jr.,2023,S,0.8617,DB,0.8782359,7.2125998,0.666387,1.9974853,0.0040492043,0.004065667,0.8782359,7.2125998
202301083,Mac Resetich,2023,S,0.8617,DB,0.714962,2.508304,0.3293665,0.49112743,0.0024091639,0.0024149818,0.714962,2.508304
202301086,Diesel Gordon,2023,CB,0.8614,DB,0.89573103,8.590581,0.7123618,2.47659,0.006442994,0.0064847753,0.89573103,8.590581
202301088,Collin Dunn,2023,S,0.8614,DB,0.9083151,9.906924,0.77714264,3.4871752,0.003001806,0.003010844,0.9083151,9.906924
202301093,Adrian Wilson,2023,S,0.8611,DB,0.8750853,7.0054626,0.6010304,1.5064567,0.006203026,0.006241744,0.8750853,7.0054626
202301094,Jalen Gilbert,2023,S,0.8611,DB,0.87097377,6.750362,0.58492124,1.4091814,0.008654923,0.008730485,0.87097377,6.750362
202301095,D.J. Porter,2023,CB,0.8608,DB,0.7892661,3.7453213,0.65540713,1.9019753,0.0032638393,0.0032745267,0.7892661,3.7453213
202301108,Caden Jenkins,2023,CB,0.8606,DB,0.86091954,6.1900826,0.6002334,1.5014595,0.007970135,0.008034169,0.86091954,6.1900826
202301112,Warren Smith Jr.,2023,CB,0.86,DB,0.80380327,4.096925,0.51907855,1.0793417,0.0028825388,0.0028908718,0.80380327,4.096925
202301119,Nick Hawthorne,2023,CB,0.86,DB,0.83167297,4.9408164,0.6259644,1.6735424,0.008247659,0.008316249,0.83167297,4.9408164
202301122,Jamarie Wiggins,2023,S,0.8597,DB,0.8672192,6.53121,0.5336027,1.1440948,0.012608583,0.012769589,0.8672192,6.53121
202301128,Travon West,2023,CB,0.8597,DB,0.86357725,6.3301554,0.68284494,2.1530318,0.00485167,0.0048753237,0.86357725,6.3301554
202301133,Carter Davis,2023,S,0.8597,DB,0.88939404,8.041104,0.676572,2.0918784,0.0060505695,0.006087402,0.88939404,8.041104
202301138,Jonathan Akins,2023,CB,0.8594,DB,0.91171545,10.32701,0.71101034,2.4603314,0.0037566915,0.0037708574,0.91171545,10.32701
202301147,Philipp Davis,2023,S,0.8592,DB,0.88660157,7.818464,0.6018802,1.5118067,0.0032977453,0.0033086564,0.88660157,7.818464
202301151,Jamaal Shaw,2023,S,0.8589,DB,0.8672192,6.53121,0.5336027,1.1440948,0.012608583,0.012769589,0.8672192,6.53121
202301155,Phillip Roche,2023,S,0.8589,DB,0.97037166,32.751472,0.54460585,1.1959,0.0010656554,0.0010667922,0.97037166,32.751472
202301157,Jonah Lewis,2023,CB,0.8589,DB,0.80062455,4.0156627,0.49565384,0.9827652,0.0026514274,0.0026584761,0.80062455,4.0156627
202301181,DaShawn Stone,2023,S,0.8583,DB,0.8269962,4.78022,0.703393,2.3714645,0.00081434374,0.0008150074,0.8269962,4.78022
202301195,Ian Strong,2023,S,0.8578,DB,0.94794875,18.211836,0.7720151,3.3862553,0.0011973389,0.0011987742,0.94794875,18.211836
202301214,Nasir Addison,2023,CB,0.8567,DB,0.7702205,3.3519986,0.6411013,1.7863015,0.0017137529,0.0017166949,0.7702205,3.3519986
202301220,Josh Fussell,2023,CB,0.8567,DB,0.61143214,1.573553,0.47220507,0.89467525,0.0070803664,0.0071308557,0.61143214,1.573553
202301227,Johnsley Barbas,2023,S,0.8564,DB,0.71777487,2.5432706,0.67463917,2.0735106,0.0017986285,0.0018018694,0.71777487,2.5432706
202301228,Sai Vadrawale III,2023,CB,0.8564,DB,0.735232,2.7768915,0.46878585,0.88248,0.003140157,0.0031500487,0.735232,2.7768915
202301230,Davaughn Patterson,2023,S,0.8564,DB,0.7590138,3.1496148,0.5876685,1.425233,0.0021545538,0.0021592057,0.7590138,3.1496148
202301245,Harlem Howard,2023,S,0.8558,DB,0.80840695,4.219396,0.68211406,2.1457825,0.0031758784,0.0031859968,0.80840695,4.219396
202301258,Nico Dowdell,2023,S,0.8553,DB,0.7827008,3.6019492,0.5740469,1.3476764,0.0076795034,0.007738935,0.7827008,3.6019492
202301268,Collin Gill,2023,CB,0.855,DB,0.8091075,4.23855,0.44418886,0.7991723,0.011263354,0.011391662,0.8091075,4.23855
202301277,Jeremiah Moses,2023,CB,0.855,DB,0.76399636,3.237223,0.6036751,1.5231825,0.007194929,0.0072470712,0.76399636,3.237223
202301284,Joshua Bledsoe,2023,CB,0.8544,DB,0.85479975,5.88704,0.7509238,3.0148358,0.004859478,0.0048832083,0.85479975,5.88704
202301286,KP Price,2023,S,0.8542,DB,0.82257015,4.63603,0.63698554,1.7547112,0.006818838,0.0068656537,0.82257015,4.63603
202301293,Ta'Shawn James,2023,S,0.8542,DB,0.80924743,4.2423935,0.64337337,1.8040531,0.003139808,0.0031496976,0.80924743,4.2423935
202301296,Mose Phillips III,2023,S,0.8542,DB,0.5682529,1.3161708,0.4958532,0.9835492,0.0010553217,0.0010564366,0.5682529,1.3161708
202301307,Devin Clark,2023,S,0.8536,DB,0.787262,3.7006183,0.6161421,1.6051307,0.0045893653,0.004610525,0.787262,3.7006183
202301314,Dre Walker,2023,CB,0.8533,DB,0.74423647,2.9098616,0.7147945,2.506244,0.014579893,0.014795612,0.74423647,2.9098616
202301317,River Hanson,2023,S,0.8531,DB,0.7650656,3.2565076,0.48396423,0.9378501,0.01093546,0.011056367,0.7650656,3.2565076
202301319,Syncere Safeeullah,2023,CB,0.8531,DB,0.8189055,4.521978,0.59186566,1.4501736,0.01584163,0.016096625,0.8189055,4.521978
202301320,Evan Jackson,2023,S,0.8528,DB,0.7939583,3.8533866,0.692768,2.254869,0.010588332,0.010701645,0.7939583,3.8533866
202301327,Tracy Revels,2023,S,0.8525,DB,0.7187824,2.5559654,0.53559,1.1532696,0.014999982,0.015228407,0.7187824,2.5559654
202301333,Brandon Ramirez,2023,S,0.8519,DB,0.86704373,6.5212703,0.4556084,0.83691293,0.022400716,0.022914007,0.86704373,6.5212703
202301340,La'Modrick Spencer,2023,CB,0.8517,DB,0.7457438,2.9330409,0.531774,1.1357207,0.018308071,0.018649507,0.7457438,2.9330409
202301342,Taylor Davis,2023,S,0.8517,DB,0.7926125,3.8218913,0.5729305,1.3415394,0.02767335,0.02846096,0.7926125,3.8218913
202301345,Jalyn Stanford,2023,S,0.8517,DB,0.87140876,6.7765794,0.6663141,1.9968305,0.0022850393,0.0022902726,0.87140876,6.7765794
202301349,Juice Clarke,2023,S,0.8517,DB,0.8154608,4.418903,0.6761875,2.088207,0.006213588,0.0062524383,0.8154608,4.418903
202301353,LJ Green,2023,CB,0.8517,DB,0.9188339,11.320416,0.7856723,3.6657526,0.046195094,0.048432436,0.9188339,11.320416
202301368,Antonio Smith,2023,S,0.8511,DB,0.81354994,4.363366,0.6691955,2.0229332,0.002128664,0.0021332048,0.81354994,4.363366
202301370,Jayden Sheppard,2023,S,0.8511,DB,0.8257469,4.7387786,0.63319844,1.7262697,0.013387709,0.013569372,0.8257469,4.7387786
202301371,Hunter Wiggins,2023,S,0.8511,DB,0.8472566,5.546928,0.5520159,1.2322221,0.0013696293,0.0013715078,0.8472566,5.546928
202301380,Justin Johnson,2023,S,0.8508,DB,0.82895356,4.8463655,0.5442708,1.1942856,0.0016336606,0.0016363339,0.82895356,4.8463655
202301383,Jalen O'Neal,2023,S,0.8508,DB,0.741745,2.8721418,0.5012194,1.0048895,0.018694766,0.019050919,0.741745,2.8721418
202301397,Jaden Milliner-Jones,2023,S,0.85,DB,0.8489205,5.619033,0.64177024,1.7915046,0.014014409,0.014213604,0.8489205,5.619033
202301398,Gabe Tahir,2023,CB,0.85,DB,0.75033855,3.0054243,0.51066417,1.0435863,0.012207322,0.012358182,0.75033855,3.0054243
202301405,Ahmere Foster,2023,S,0.85,DB,0.7209095,2.583067,0.7098173,2.4461048,0.032489322,0.03358032,0.7209095,2.583067
202301410,Landon Danley,2023,S,0.85,DB,0.8329183,4.9850955,0.73423624,2.7627404,0.0026368683,0.0026438397,0.8329183,4.9850955
202301423,Chantson Prox,2023,CB,0.85,DB,0.80410343,4.104735,0.65233815,1.8763582,0.011295916,0.011424971,0.80410343,4.104735
202301431,Derrick Maxey III,2023,S,0.8497,DB,0.85319376,5.8116994,0.6794924,2.120051,0.020747637,0.021187223,0.85319376,5.8116994
202301432,Kam Sallis,2023,S,0.8497,DB,0.80611044,4.157575,0.606118,1.5388316,0.017990042,0.018319612,0.80611044,4.157575
202301443,Tawfiq Byard,2023,S,0.8492,DB,0.8862209,7.788958,0.51518995,1.0626634,0.0017584631,0.0017615607,0.8862209,7.788958
202301446,Zion Gunn,2023,CB,0.8492,DB,0.8082837,4.21604,0.6461172,1.8257943,0.028749077,0.02960005,0.8082837,4.21604
202301458,Jermod McCoy,2023,CB,0.8486,DB,0.82995415,4.880767,0.6806779,2.131634,0.011364709,0.01149535,0.82995415,4.880767
202301459,Aaron Morris,2023,CB,0.8486,DB,0.8706551,6.7312684,0.6113921,1.5732877,0.002542806,0.0025492883,0.8706551,6.7312684
202301479,Jamal Miles,2023,CB,0.8478,DB,0.9118188,10.340286,0.7323596,2.7363565,0.057065416,0.060518958,0.9118188,10.340286
202301487,Caleb Hardy,2023,S,0.8478,DB,0.79171574,3.801131,0.66224086,1.9606897,0.015396547,0.015637306,0.79171574,3.801131
202301491,Trent Baker-Booker,2023,S,0.8478,DB,0.93468845,14.311227,0.53295726,1.1411316,0.010181693,0.010286426,0.93468845,14.311227
202301495,Nireek Sharpe,2023,CB,0.8478,DB,0.78325605,3.613739,0.5606843,1.2762675,0.015474118,0.015717331,0.78325605,3.613739
202301497,Cole Shivers,2023,CB,0.8475,DB,0.8923628,8.290466,0.6714556,2.0437288,0.0044904877,0.004510743,0.8923628,8.290466
202301507,J.J. Lewis,2023,S,0.8475,DB,0.85101986,5.712304,0.5072754,1.0295314,0.0014804009,0.0014825957,0.85101986,5.712304
202301510,Chris Pearson,2023,S,0.8475,DB,0.8319832,4.951786,0.7167971,2.5310376,0.006033062,0.0060696807,0.8319832,4.951786
202301522,Jamari Holliman,2023,S,0.8469,DB,0.83321553,4.9957623,0.5686483,1.3182938,0.012099554,0.012247746,0.83321553,4.9957623
202301526,Tayvon Nelson,2023,CB,0.8467,DB,0.8849167,7.6893597,0.64168215,1.7908182,0.019434208,0.019819383,0.8849167,7.6893597
202301529,Jacob Fields,2023,CB,0.8467,DB,0.8334455,5.0040402,0.6770721,2.0966666,0.015630512,0.015878703,0.8334455,5.0040402
202301544,Christian Bodnar,2023,S,0.8461,DB,0.8323888,4.966189,0.67771345,2.102829,0.0019800994,0.001984028,0.8323888,4.966189
202301546,Deaubry Hood,2023,CB,0.8461,DB,0.9112928,10.273041,0.78659856,3.6860042,0.013530812,0.013716406,0.9112928,10.273041
202301547,Abdul Muhammad,2023,S,0.8458,DB,0.9089262,9.980104,0.75797004,3.1317198,0.07292225,0.07865818,0.9089262,9.980104
202301557,Makhi Connor,2023,S,0.8452,DB,0.7739821,3.4244285,0.46108592,0.85558337,0.0048500863,0.004873724,0.7739821,3.4244285
202301572,Kody Jackson,2023,S,0.845,DB,0.7525359,3.0409899,0.48991975,0.96047586,0.0075174333,0.0075743734,0.7525359,3.0409899
202301586,Kevin Adams,2023,S,0.8444,DB,0.8050078,4.128411,0.6763656,2.0899065,0.002265693,0.002270838,0.8050078,4.128411
202301587,Dante Scott,2023,S,0.8444,DB,0.77961665,3.537548,0.555002,1.247201,0.0022123577,0.002217263,0.77961665,3.537548
202301599,Will James,2023,CB,0.8437,DB,0.8748745,6.9919744,0.71257323,2.479147,0.046577357,0.04885279,0.8748745,6.9919744
202301605,Caleb Komolafe,2023,S,0.8436,DB,0.8554834,5.919621,0.6215329,1.6422377,0.025711648,0.026390184,0.8554834,5.919621
202301606,Elijah Palmer,2023,CB,0.8436,DB,0.8520492,5.759002,0.6975373,2.3061929,0.010604571,0.010718233,0.8520492,5.759002
202301608,Garrison Monroe,2023,S,0.8436,DB,0.8145962,4.393632,0.6610264,1.9500824,0.004596328,0.004617552,0.8145962,4.393632
202301629,Jeremiah Vessel,2023,CB,0.8428,DB,0.56960297,1.3234361,0.48461297,0.9402894,0.0019576428,0.0019614827,0.56960297,1.3234361
202301631,Steven Jones Jr.,2023,CB,0.8428,DB,0.85105693,5.713975,0.71408635,2.4975595,0.009861014,0.009959222,0.85105693,5.713975
202301640,Jonathan Landry,2023,CB,0.8417,DB,0.7868926,3.6924694,0.56287915,1.2876968,0.0020601617,0.0020644148,0.7868926,3.6924694
202301649,Brian Nelson II,2023,CB,0.8417,DB,0.78725225,3.7004023,0.6077562,1.5494348,0.01155083,0.011685811,0.78725225,3.7004023
202301655,TJ Crandall,2023,CB,0.8411,DB,0.7815212,3.5771031,0.5116098,1.047543,0.0014667609,0.0014689154,0.7815212,3.5771031
202301658,Tristen Sion,2023,CB,0.8411,DB,0.81582546,4.429632,0.728862,2.6881585,0.0034106649,0.0034223371,0.81582546,4.429632
202301659,Dylan Hasz,2023,S,0.8411,DB,0.854712,5.882881,0.63846844,1.7660103,0.0020063263,0.00201036,0.854712,5.882881
202301662,Caimon Mathis,2023,CB,0.8411,DB,0.8554777,5.919347,0.6826139,2.1507366,0.027002888,0.027752278,0.8554777,5.919347
202301665,Javion Clark,2023,S,0.8411,DB,0.83456016,5.044493,0.5723566,1.3383968,0.006586988,0.0066306638,0.83456016,5.044493
202301682,Jack Fabris,2023,S,0.8403,DB,0.78525233,3.656628,0.3737151,0.5967174,0.004785785,0.004808799,0.78525233,3.656628
202301685,Demarcus Houston,2023,CB,0.84,DB,0.73595387,2.787217,0.43329757,0.76459455,0.001521862,0.0015241816,0.73595387,2.787217
202301688,Davin Martin,2023,CB,0.84,DB,0.86023706,6.1549726,0.602748,1.5172937,0.0040713884,0.0040880325,0.86023706,6.1549726
202301711,Camani Cobbs,2023,CB,0.8383,DB,0.8230079,4.649969,0.57684207,1.3631839,0.004249233,0.0042673657,0.8230079,4.649969
202301724,Nazir Ward,2023,CB,0.8378,DB,0.82929087,4.8579173,0.65641373,1.9104772,0.023493731,0.024058966,0.82929087,4.8579173
202301729,Traveon Wright,2023,CB,0.8378,DB,0.82964814,4.870203,0.6081217,1.5518126,0.008466092,0.008538378,0.82964814,4.870203
202301730,Kiwaun Davis,2023,CB,0.8375,DB,0.73361707,2.7539942,0.5097889,1.0399374,0.0059962585,0.0060324306,0.73361707,2.7539942
202301735,Evan Haynie,2023,CB,0.837,DB,0.7904684,3.7725496,0.47557077,0.906835,0.0027389263,0.0027464486,0.7904684,3.7725496
202301738,Anthony Baxter,2023,S,0.837,DB,0.9264766,12.601111,0.64837337,1.8439256,0.0016072096,0.0016097969,0.9264766,12.601111
202301742,Karon Weary,2023,S,0.837,DB,0.8842735,7.6410656,0.6131632,1.5850693,0.0086680455,0.0087438375,0.8842735,7.6410656
202301745,David Jester,2023,S,0.8367,DB,0.8219396,4.616071,0.6662646,1.9963857,0.006024978,0.0060614985,0.8219396,4.616071
202301746,Rashawn Carr,2023,S,0.8367,DB,0.76872253,3.3238108,0.5317371,1.1355524,0.0009072363,0.0009080601,0.76872253,3.3238108
202301750,Jelani McLaughlin,2023,S,0.8367,DB,0.8122488,4.3261986,0.47851416,0.91759765,0.002521838,0.0025282137,0.8122488,4.3261986
202301766,Sentario Willis,2023,S,0.8356,DB,0.9054898,9.580869,0.59423375,1.4644731,0.0012879395,0.0012896004,0.9054898,9.580869
202301767,Wildrekus Johnson,2023,CB,0.8356,DB,0.88934803,8.037345,0.6023787,1.514956,0.009595807,0.009688779,0.88934803,8.037345
202301768,Tre Webb,2023,CB,0.8356,DB,0.8212337,4.593895,0.55351824,1.2397331,0.0029107884,0.0029192858,0.8212337,4.593895
202301771,Landon Hale,2023,S,0.8353,DB,0.86030257,6.1583276,0.5269523,1.1139518,0.00097009336,0.00097103533,0.86030257,6.1583276
202301775,Alex Moore,2023,S,0.8353,DB,0.8576864,6.0267353,0.56347114,1.2907993,0.0086680455,0.0087438375,0.8576864,6.0267353
202301793,Jalen Lewis,2023,CB,0.8344,DB,0.8237722,4.6744733,0.62278473,1.6510062,0.024131984,0.024728738,0.8237722,4.6744733
202301803,Daiquan White,2023,CB,0.8342,DB,0.82083887,4.581568,0.5664046,1.3062974,0.0041068783,0.0041238144,0.82083887,4.581568
202301804,Kamaurri McKinley,2023,S,0.8337,DB,0.77149135,3.3762019,0.51206243,1.0494425,0.002191271,0.002196083,0.77149135,3.3762019
202301808,Zyeir Gamble,2023,S,0.8337,DB,0.73350763,2.7524526,0.47656685,0.91046363,0.0053605214,0.0053894115,0.73350763,2.7524526
202301813,Fabian Scott,2023,S,0.8337,DB,0.77015036,3.3506703,0.60960644,1.5615177,0.008676617,0.008752559,0.77015036,3.3506703
202301819,Chauncey Carter,2023,CB,0.8337,DB,0.7496708,2.9947398,0.49163726,0.96709925,0.00508238,0.0051083425,0.7496708,2.9947398
202301820,Dontay Joyner,2023,S,0.8336,DB,0.78732103,3.7019224,0.5574637,1.2597016,0.0010095956,0.0010106158,0.78732103,3.7019224
202301824,Lorenzo Williams Jr.,2023,CB,0.8336,DB,0.82895994,4.846584,0.5971888,1.4825524,0.006791363,0.006837801,0.82895994,4.846584
202301828,Mark-Allen Gay,2023,S,0.8333,DB,0.7914846,3.7958088,0.5193894,1.0806865,0.010083896,0.010186617,0.7914846,3.7958088
202301831,Jamarion Clark,2023,CB,0.8319,DB,0.6863166,2.1879277,0.47464544,0.90347636,0.009153966,0.009238535,0.6863166,2.1879277
202301839,Michael Richard,2023,S,0.8317,DB,0.74115014,2.8632433,0.44362855,0.79736036,0.0081591,0.008226219,0.74115014,2.8632433
202301843,Jailen Duffie,2023,CB,0.8317,DB,0.6684158,2.015825,0.39164078,0.6437657,0.012470846,0.012628332,0.6684158,2.015825
202301846,Marlon McClendon,2023,CB,0.8317,DB,0.85427326,5.862159,0.59774834,1.4860059,0.0017705618,0.0017737022,0.85427326,5.862159
202301849,Cam Hill,2023,S,0.8311,DB,0.7377059,2.812514,0.55997276,1.2725866,0.010227439,0.010333121,0.7377059,2.812514
202301852,Kyle Chen,2023,CB,0.8311,DB,0.7397424,2.842347,0.4620227,0.8588144,0.021644333,0.022123175,0.7397424,2.842347
202301854,Trevor Walton,2023,CB,0.8311,DB,0.8470146,5.5365715,0.47888327,0.91895586,0.01482703,0.015050179,0.8470146,5.5365715
202301857,Torian Roberts,2023,CB,0.8306,DB,0.7244916,2.6296535,0.66056734,1.9460925,0.0040676277,0.0040842406,0.7244916,2.6296535
202301861,Mister Clark,2023,S,0.8306,DB,0.73112935,2.7192605,0.47756353,0.9141083,0.0025844073,0.0025911038,0.73112935,2.7192605
202301873,Cam Chadwick,2023,CB,0.8304,DB,0.7250713,2.637307,0.4811291,0.9272617,0.0063115167,0.006351605,0.7250713,2.637307
202301903,Alan Young,2023,CB,0.83,DB,0.818583,4.512163,0.32347432,0.47814047,0.0017440395,0.0017470864,0.818583,4.512163
202301907,AJ Stephens,2023,CB,0.83,DB,0.7550226,3.0820088,0.47649312,0.9101946,0.0051210606,0.005147421,0.7550226,3.0820088
202301914,Greg Turner,2023,S,0.8294,DB,0.71945995,2.5645535,0.48605803,0.9457449,0.0067279264,0.006773498,0.71945995,2.5645535
202301917,Christian LeBrun,2023,S,0.8286,DB,0.5497694,1.221084,0.24121659,0.31789914,0.01341155,0.013593865,0.5497694,1.221084
202301918,Caleb Clark-Glover,2023,CB,0.8286,DB,0.7547057,3.076736,0.5299311,1.1273478,0.0058660447,0.005900658,0.7547057,3.076736
202301921,TJ Horton,2023,CB,0.8283,DB,0.8268439,4.7751365,0.53731763,1.16131,0.022610381,0.023133436,0.8268439,4.7751365
202301926,Trevaughn Martinez,2023,S,0.8278,DB,0.7367137,2.7981467,0.50966877,1.0394377,0.04749189,0.04985983,0.7367137,2.7981467
202301934,Preston Thompson,2023,S,0.827,DB,0.7468301,2.9499168,0.5028267,1.011371,0.0016355406,0.00163822,0.7468301,2.9499168
202301942,Chris Tooley,2023,CB,0.827,DB,0.718216,2.5488176,0.61624014,1.6057962,0.008001541,0.008066082,0.718216,2.5488176
202301950,Nicholas Thompson,2023,CB,0.8269,DB,0.9281374,12.915448,0.3816123,0.61710846,0.0015997605,0.0016023238,0.9281374,12.915448
202301955,Kaden Willerford,2023,S,0.8267,DB,0.6582405,1.9260342,0.47333738,0.8987488,0.0018233393,0.0018266699,0.6582405,1.9260342
202301957,Justin Bostic,2023,S,0.8267,DB,0.77601093,3.4645035,0.50624716,1.0253048,0.008132101,0.008198774,0.77601093,3.4645035
202301965,Amarion Atwood,2023,CB,0.8261,DB,0.74028754,2.8504121,0.5063855,1.0258725,0.0070293304,0.007079092,0.74028754,2.8504121
202301966,D’Angelo Ponds,2023,CB,0.8256,DB,0.7262874,2.6534674,0.43082502,0.7569289,0.042159367,0.044015013,0.7262874,2.6534674
202301969,Daylyn Diston,2023,S,0.8256,DB,0.72300786,2.6102107,0.5186311,1.0774088,0.00217736,0.0021821111,0.72300786,2.6102107
202301971,Naz Hill,2023,CB,0.8256,DB,0.6904625,2.2306266,0.43045408,0.7557847,0.0015128476,0.0015151397,0.6904625,2.2306266
202301976,Elijah Davis,2023,S,0.8256,DB,0.9378556,15.091555,0.39626327,0.6563511,0.0055300356,0.005560787,0.9378556,15.091555
202301988,Devin Jordan,2023,S,0.825,DB,0.7680165,3.3106518,0.6315384,1.713987,0.0015007184,0.001502974,0.7680165,3.3106518
202301994,Brandon Greil,2023,S,0.825,DB,0.738611,2.8257155,0.5637005,1.2920035,0.0020105182,0.0020145685,0.738611,2.8257155
202301996,Kendall Bannister,2023,CB,0.825,DB,0.88052976,7.3702855,0.6203579,1.6340597,0.0027063128,0.0027136568,0.88052976,7.3702855
202301998,Max Tucker,2023,CB,0.8247,DB,0.84417146,5.4173098,0.72086006,2.5824325,0.0018140873,0.0018173842,0.84417146,5.4173098
202302010,Twan Wilson,2023,S,0.8237,DB,0.78598756,3.6726255,0.48802164,0.9532075,0.0007198094,0.00072032784,0.78598756,3.6726255
202302013,Chris Bracy,2023,S,0.8237,DB,0.9030971,9.319608,0.71012884,2.4498086,0.003072246,0.0030817138,0.9030971,9.319608
202302015,Zyil Powell,2023,S,0.8237,DB,0.74871147,2.979489,0.44487315,0.8013901,0.0055300356,0.005560787,0.74871147,2.979489
202302018,Victor Evans III,2023,CB,0.8237,DB,0.74227697,2.8801343,0.65393203,1.8896058,0.007862373,0.007924681,0.74227697,2.8801343
202302019,Isaac Paul,2023,CB,0.8237,DB,0.804657,4.1192,0.607705,1.5491021,0.0025668056,0.002573411,0.804657,4.1192
202302021,Adonis Garcia,2023,CB,0.8237,DB,0.74038684,2.8518848,0.5009916,1.0039742,0.017073903,0.017370485,0.74038684,2.8518848
202302022,Kaleb Barnett,2023,CB,0.8237,DB,0.7955525,3.891231,0.5086307,1.0351292,0.001344959,0.0013467704,0.7955525,3.891231
202302025,D'Marea Weaver,2023,S,0.8237,DB,0.78872496,3.7331667,0.47109354,0.8906935,0.0073328726,0.0073870406,0.78872496,3.7331667
202302030,Devin Robinson,2023,S,0.823,DB,0.7738015,3.4208958,0.54610366,1.2031462,0.0020105182,0.0020145685,0.7738015,3.4208958
202302032,Caleb Dobbs,2023,S,0.8228,DB,0.65099204,1.8652642,0.5308591,1.1315558,0.025306318,0.025963355,0.65099204,1.8652642
202302047,Kadiyon Sweat,2023,S,0.8206,DB,0.76173186,3.1969523,0.5318111,1.1358901,0.00350963,0.003521991,0.76173186,3.1969523
202302048,Cam Marshall,2023,S,0.8206,DB,0.7752798,3.4499786,0.5038718,1.0156081,0.023886312,0.02447083,0.7752798,3.4499786
202302049,Keddrick Harper,2023,CB,0.8206,DB,0.67706406,2.0965893,0.5071154,1.0288726,0.038936187,0.040513635,0.67706406,2.0965893
202302055,Kaden Kelly,2023,S,0.8204,DB,0.7226464,2.605506,0.526404,1.1115044,0.017143888,0.017442929,0.7226464,2.605506
202302064,Jaylen Moson,2023,CB,0.8204,DB,0.74827224,2.9725456,0.5301799,1.1284744,0.0387802,0.040344782,0.74827224,2.9725456
202302068,Joshua Moore,2023,S,0.8204,DB,0.7638097,3.2338738,0.46518818,0.8698165,0.035265695,0.036554825,0.7638097,3.2338738
202302070,Darius Owens,2023,S,0.8204,DB,0.77180195,3.3821583,0.50477576,1.0192872,0.033413272,0.034568314,0.77180195,3.3821583
202302079,Joel Boamah,2023,CB,0.82,DB,0.7244191,2.6286988,0.47889656,0.9190048,0.023722822,0.02429927,0.7244191,2.6286988
202302084,Derek Fields,2023,S,0.8197,DB,0.8241931,4.6880593,0.47435635,0.9024295,0.012662333,0.012824724,0.8241931,4.6880593
202302110,Jaden DaCosta,2023,CB,0.817,DB,0.72622883,2.6526856,0.43727735,0.77707434,0.00036669793,0.00036683245,0.72622883,2.6526856
202302119,Hasson Manning Jr.,2023,S,0.8164,DB,0.74948895,2.99184,0.49372745,0.9752206,0.0003851057,0.00038525407,0.74948895,2.99184
202302143,Dax Horany,2023,S,0.815,DB,0.7513462,3.0216553,0.4870764,0.9496081,0.0046051266,0.004626432,0.7513462,3.0216553
202302156,Miles Jones,2023,S,0.8144,DB,0.8772449,7.1463003,0.42441928,0.7373758,0.000327594,0.00032770136,0.8772449,7.1463003
202302190,Jaylen Jones,2023,S,0.8104,DB,0.7432619,2.8950195,0.47446272,0.9028146,0.0003448292,0.00034494814,0.7432619,2.8950195
202302192,Mike Williams,2023,CB,0.81,DB,0.7716059,3.378397,0.5303825,1.1293926,0.0048521166,0.0048757745,0.7716059,3.378397
202302207,Colton Phares,2023,S,0.8096,DB,0.82894486,4.8460684,0.61526674,1.5992035,0.0003448292,0.00034494814,0.82894486,4.8460684
202302209,Ian Bell,2023,CB,0.8094,DB,0.72552234,2.6432838,0.3883984,0.6350513,0.001241147,0.0012426894,0.72552234,2.6432838
202302211,Hunter Nowell,2023,S,0.8089,DB,0.72397,2.6227946,0.49570176,0.9829536,0.00046526073,0.0004654773,0.72397,2.6227946
202302219,Anthony Leadford,2023,S,0.807,DB,0.94495785,17.167896,0.5117928,1.0483105,0.00043018558,0.0004303707,0.94495785,17.167896
202302226,Charles McCartherens,2023,CB,0.8063,DB,0.78669584,3.688141,0.51352304,1.0555959,0.002056337,0.0020605742,0.78669584,3.688141
202302227,Imari Conley,2023,CB,0.8056,DB,0.78491074,3.6492326,0.4448929,0.8014542,0.0005895484,0.00058989617,0.78491074,3.6492326
202302228,Santana Banner,2023,S,0.8056,DB,0.7808586,3.5632632,0.50114226,1.0045795,0.0006248406,0.0006252313,0.7808586,3.5632632
202302237,Ah'Marion Ashley,2023,CB,0.8044,DB,0.80434674,4.1110826,0.35950562,0.56129396,0.0013598696,0.0013617214,0.80434674,4.1110826
202302243,Zayden Laing-Taylor,2023,S,0.8037,DB,0.798886,3.9723043,0.36893278,0.58461726,0.00025869955,0.0002587665,0.798886,3.9723043
202302256,Rayjohn White,2023,CB,0.8006,DB,0.78272104,3.6023786,0.42674923,0.7444373,0.0038242387,0.0038389196,0.78272104,3.6023786
202302261,Tyson Wilkerson,2023,S,0.8,DB,0.8030909,4.0784845,0.30169487,0.43203875,0.00047774732,0.00047797567,0.8030909,4.0784845
202302262,Ethan Beard,2023,S,0.8,DB,0.77659655,3.4762065,0.51993936,1.0830702,0.0012924204,0.001294093,0.77659655,3.4762065
202302269,Greco Carrillo,2023,S,0.7989,DB,0.7238986,2.6218576,0.44985175,0.81769186,0.000872856,0.0008736185,0.7238986,2.6218576
202302274,Scooter Jackson,2023,CB,0.7983,DB,0.7411493,2.863231,0.4051205,0.6810127,0.003971689,0.003987526,0.7411493,2.863231
202302277,Jaivian Norman,2023,S,0.7963,DB,0.7487206,2.9796336,0.5006758,1.0027069,0.0007808968,0.00078150706,0.7487206,2.9796336
202302308,Ezekiel Rodrigues,2023,S,0.7833,DB,0.88669646,7.8258495,0.43202442,0.7606391,0.0001920791,0.000192116,0.88669646,7.8258495
202302309,DeAndre Beasley Jr.,2023,CB,0.78,DB,0.87921697,7.279309,0.50414926,1.0167359,0.001565478,0.0015679325,0.87921697,7.279309
202400002,Ellis Robinson IV,2024,CB,0.9994,DB,0.9805125,50.314945,0.94310564,16.576433,0.686951,2.194388,0.9805125,50.314945
202400012,Jaylen Mbakwe,2024,CB,0.9943,DB,0.99235874,129.86855,0.9865145,73.15377,0.43964535,0.7845841,0.99235874,129.86855
202400013,KJ Bolden,2024,S,0.994,DB,0.9850519,65.898,0.97048473,32.88077,0.6745856,2.0730045,0.9850519,65.898
202400027,Zavier Mincey,2024,CB,0.9876,DB,0.97807765,44.615547,0.9006627,9.066714,0.0074964794,0.007553101,0.97807765,44.615547
202400030,Zabien Brown,2024,CB,0.9864,DB,0.9919029,122.500824,0.97700614,42.489864,0.012900542,0.013069141,0.9919029,122.500824
202400034,Kobe Black,2024,CB,0.9841,DB,0.98767567,80.14029,0.9515443,19.6374,0.011224824,0.011352251,0.98767567,80.14029
202400036,Aaron Scott Jr.,2024,CB,0.9835,DB,0.9762408,41.088985,0.9360089,14.627166,0.010118378,0.010221806,0.9762408,41.088985
202400037,Xavier Filsaime,2024,S,0.9835,DB,0.9897222,96.29701,0.96015334,24.096207,0.04537256,0.047529075,0.9897222,96.29701
202400050,Demello Jones,2024,S,0.9763,DB,0.98952895,94.50144,0.93048966,13.386349,0.011092473,0.011216896,0.98952895,94.50144
202400052,Ify Obidegwu,2024,CB,0.9753,DB,0.9840157,61.5614,0.8700881,6.697524,0.037189208,0.038625665,0.9840157,61.5614
202400054,Charles Lester III,2024,CB,0.9748,DB,0.98675877,74.521675,0.9082265,9.896391,0.016047794,0.016309526,0.98675877,74.521675
202400060,Aaron Flowers,2024,S,0.9717,DB,0.9930688,143.27545,0.96025765,24.162075,0.053186096,0.05617376,0.9930688,143.27545
202400064,Bryce West,2024,CB,0.969,DB,0.9932288,146.68416,0.9063818,9.681682,0.041156597,0.042923167,0.9932288,146.68416
202400070,Koi Perich,2024,S,0.9673,DB,0.99277955,137.49557,0.9403521,15.765044,0.020265443,0.020684626,0.99277955,137.49557
202400077,Tarrion Grant,2024,CB,0.9612,DB,0.95151687,19.62573,0.84879124,5.6133738,0.02452769,0.025144424,0.95151687,19.62573
202400080,Corian Gipson,2024,CB,0.9596,DB,0.9599069,23.941933,0.92052287,11.582235,0.012685478,0.012848467,0.9599069,23.941933
202400085,Ondre Evans,2024,CB,0.9566,DB,0.96796095,30.211916,0.9452085,17.251003,0.009669427,0.009763838,0.96796095,30.211916
202400090,Dakoda Fields,2024,CB,0.9549,DB,0.97849965,45.51087,0.91288173,10.478649,0.0019366707,0.0019404287,0.97849965,45.51087
202400092,Cai Bates,2024,CB,0.9547,DB,0.97501636,39.026184,0.847509,5.557765,0.009000268,0.009082008,0.97501636,39.026184
202400093,Zaquan Patterson,2024,S,0.954,DB,0.9762956,41.186245,0.9232692,12.032578,0.0034697868,0.0034818682,0.9762956,41.186245
202400096,Dashawn Spears,2024,S,0.9528,DB,0.96007264,24.04548,0.85322565,5.8131795,0.0047622165,0.0047850036,0.96007264,24.04548
202400110,Jamari Howard,2024,CB,0.9495,DB,0.9812515,52.33754,0.9305912,13.4074,0.0063124774,0.006352578,0.9812515,52.33754
202400116,Peyton Woodyard,2024,S,0.9476,DB,0.9781902,44.850914,0.9084007,9.917116,0.026875883,0.027618144,0.9781902,44.850914
202400127,Koy Beasley,2024,S,0.9419,DB,0.92197174,11.815869,0.8584427,6.064278,0.01028734,0.01039427,0.92197174,11.815869
202400128,Jon Mitchell,2024,CB,0.9419,DB,0.9565016,21.989353,0.80006975,4.0017443,0.002874558,0.002882845,0.9565016,21.989353
202400137,Selman Bridges,2024,CB,0.9396,DB,0.89871997,8.873614,0.7527054,3.0437598,0.4522898,0.8257831,0.89871997,8.873614
202400148,Marcelles Williams,2024,CB,0.9357,DB,0.9684687,30.714544,0.91175336,10.331876,0.011125779,0.011250955,0.9684687,30.714544
202400149,Wardell Mack,2024,CB,0.9354,DB,0.9139098,10.615723,0.8702925,6.7096534,0.010955096,0.01107644,0.9139098,10.615723
202400153,Ricardo Jones,2024,S,0.9343,DB,0.8633722,6.319155,0.42794108,0.7480717,0.0037734215,0.0037877143,0.8633722,6.319155
202400158,Jo'Ziah Edmond,2024,CB,0.9309,DB,0.9808622,51.25261,0.865794,6.451232,0.012046871,0.012193767,0.9808622,51.25261
202400159,Kaleb Beasley,2024,CB,0.9306,DB,0.90177,9.180189,0.80574584,4.147895,0.0005465575,0.0005468564,0.90177,9.180189
202400164,Jamroc Grimsley,2024,CB,0.9296,DB,0.91753966,11.127042,0.8613649,6.2131805,0.0016998936,0.0017027882,0.91753966,11.127042
202400166,Dontae Carter,2024,S,0.9292,DB,0.9570469,22.281221,0.8316822,4.9411426,0.024725059,0.025351886,0.9570469,22.281221
202400175,Trajen Greco,2024,S,0.928,DB,0.9405415,15.818455,0.88636744,7.8002944,0.01381716,0.014010749,0.9405415,15.818455
202400182,Terhyon Nichols,2024,CB,0.9257,DB,0.9246552,12.272316,0.83198345,4.9517946,0.01298592,0.013156773,0.9246552,12.272316
202400187,Reggie Powers III,2024,S,0.9246,DB,0.81997657,4.5548325,0.42959514,0.7531407,0.012349109,0.012503517,0.81997657,4.5548325
202400189,Malcolm Ziglar,2024,S,0.9239,DB,0.87071496,6.734847,0.6792691,2.1178784,0.008286088,0.00835532,0.87071496,6.734847
202400198,Tae Johnson,2024,S,0.9221,DB,0.96584964,28.282267,0.84086186,5.283849,0.10530422,0.11769836,0.96584964,28.282267
202400206,Jordon Johnson-Rubell,2024,S,0.9203,DB,0.9497424,18.897478,0.8892446,8.028907,0.009428208,0.009517944,0.9497424,18.897478
202400208,Kingston Lopa,2024,S,0.9201,DB,0.98243296,55.92479,0.8319522,4.9506884,0.003585672,0.0035985755,0.98243296,55.92479
202400218,Peyton Morgan,2024,S,0.9181,DB,0.9454799,17.34187,0.76176864,3.1976001,0.052236497,0.05511554,0.9454799,17.34187
202400228,Jordan Pride,2024,S,0.9168,DB,0.9450639,17.202963,0.79618627,3.9064407,0.0070610866,0.0071113,0.9450639,17.202963
202400231,Peyton Waters,2024,S,0.9162,DB,0.9082163,9.895181,0.84020823,5.258145,0.020365898,0.02078929,0.9082163,9.895181
202400232,Jaylen Heyward,2024,S,0.916,DB,0.9305842,13.405941,0.810817,4.2858872,0.0013971425,0.0013990973,0.9305842,13.405941
202400242,Jay Crawford,2024,CB,0.9147,DB,0.9370276,14.879966,0.80709875,4.1839995,0.008722361,0.008799111,0.9370276,14.879966
202400255,Jaydan Hardy,2024,S,0.9117,DB,0.84080076,5.281437,0.78047127,3.5552123,0.016254373,0.016522942,0.84080076,5.281437
202400259,TJ Banks,2024,S,0.9111,DB,0.9656781,28.135912,0.83454686,5.0440073,0.012806436,0.012972568,0.9656781,28.135912
202400260,Joel Rogers,2024,S,0.9111,DB,0.9254669,12.416857,0.8135754,4.3640985,0.01063753,0.010751904,0.9254669,12.416857
202400275,Tavoy Feagin,2024,CB,0.9094,DB,0.894656,8.49271,0.8385939,5.195553,0.0018154606,0.0018187625,0.894656,8.49271
202400278,Santana Wilson,2024,CB,0.9093,DB,0.9401493,15.708244,0.7919766,3.8071508,0.006895712,0.0069435933,0.9401493,15.708244
202400288,Jaiden Patterson,2024,S,0.9084,DB,0.8940787,8.440969,0.826628,4.767945,0.031859666,0.032908108,0.8940787,8.440969
202400290,Noah Dixon,2024,S,0.9083,DB,0.9156879,10.860697,0.73136765,2.72256,0.010886615,0.011006438,0.9156879,10.860697
202400293,Jacob Oden,2024,S,0.9076,DB,0.9207345,11.615833,0.8029595,4.075099,0.005717503,0.005750381,0.9207345,11.615833
202400294,Red Morgan,2024,S,0.9075,DB,0.9719453,34.644634,0.9065346,9.699148,0.013196082,0.013372548,0.9719453,34.644634
202400301,Myles Davis,2024,S,0.9067,DB,0.9275506,12.802739,0.7638964,3.235429,0.041211523,0.042982917,0.9275506,12.802739
202400318,Marcellus Barnes Jr.,2024,CB,0.905,DB,0.7593475,3.1553693,0.7389956,2.8313532,0.0059844074,0.006020436,0.7593475,3.1553693
202400321,Brandon Jacob Jr.,2024,S,0.9044,DB,0.8792838,7.283891,0.7992701,3.9818187,0.03450576,0.03573896,0.8792838,7.283891
202400325,Dejuan Lane,2024,S,0.9041,DB,0.91964084,11.444132,0.5838563,1.403016,0.011965415,0.01211032,0.91964084,11.444132
202400331,Ryan Mack,2024,CB,0.9035,DB,0.8925032,8.302603,0.8286017,4.8343644,0.0041765957,0.004194113,0.8925032,8.302603
202400346,Kevyn Humes,2024,CB,0.9013,DB,0.92213815,11.843261,0.666522,1.9986988,0.0047593066,0.0047820657,0.92213815,11.843261
202400356,Ju'Juan Johnson,2024,S,0.9002,DB,0.9024426,9.250373,0.76758444,3.302638,0.013569168,0.013755823,0.9024426,9.250373
202400359,Austin Alexander,2024,CB,0.9,DB,0.85372055,5.8362303,0.6406743,1.7829905,0.047886755,0.05029523,0.85372055,5.8362303
202400366,Kelvin Hunter,2024,S,0.8996,DB,0.9299375,13.272967,0.8309825,4.9165473,0.023878053,0.024462162,0.9299375,13.272967
202400367,Antonio White Jr.,2024,S,0.8992,DB,0.892276,8.282982,0.74916065,2.9866152,0.096337974,0.10660841,0.892276,8.282982
202400374,Xavier Lucas,2024,S,0.8988,DB,0.9335812,14.055972,0.81069344,4.2824373,0.0030991165,0.003108751,0.9335812,14.055972
202400375,Jaylen McClain,2024,S,0.8988,DB,0.9336849,14.079518,0.8253968,4.727271,0.0026941192,0.002701397,0.9336849,14.079518
202400378,Vaboue Toure,2024,S,0.8986,DB,0.9426057,16.423325,0.7723698,3.3930902,0.011220708,0.011348041,0.9426057,16.423325
202400379,Marquis Gallegos,2024,S,0.8985,DB,0.9433409,16.649414,0.84312075,5.3743296,0.017407957,0.017716363,0.9433409,16.649414
202400395,Mario Buford,2024,CB,0.8967,DB,0.85282236,5.7945104,0.8072644,4.1884546,0.055826098,0.05912692,0.85282236,5.7945104
202400396,A'mon Lane-Ganus,2024,CB,0.8967,DB,0.94816864,18.293337,0.9136498,10.580749,0.2587111,0.3490017,0.94816864,18.293337
202400401,Jeremiah Newcombe,2024,CB,0.896,DB,0.9113672,10.282502,0.7331747,2.7477703,0.034364346,0.03558728,0.9113672,10.282502
202400403,Miles Lockhart,2024,CB,0.8958,DB,0.87994814,7.3297334,0.7716591,3.3794165,0.030643608,0.03161232,0.87994814,7.3297334
202400407,Braydon Lee,2024,CB,0.8954,DB,0.9058164,9.617558,0.80654037,4.169037,0.019121768,0.019494537,0.9058164,9.617558
202400413,Troy Stevenson IV,2024,CB,0.895,DB,0.85395914,5.8473988,0.83527315,5.070656,0.013275086,0.013453685,0.85395914,5.8473988
202400423,Omillio Agard,2024,CB,0.8947,DB,0.91258585,10.439796,0.9038982,9.40563,0.06403291,0.06841364,0.91258585,10.439796
202400426,Ty White,2024,S,0.8944,DB,0.89221084,8.27737,0.76413816,3.2397702,0.019219724,0.01959636,0.89221084,8.27737
202400430,Jakob Gude,2024,S,0.8942,DB,0.8909997,8.174285,0.795745,3.8958414,0.02193563,0.022427594,0.8909997,8.174285
202400432,Leonard Moore,2024,CB,0.894,DB,0.8611643,6.202757,0.68866557,2.21198,0.10908733,0.12244447,0.8611643,6.202757
202400437,Kaj Sanders,2024,S,0.8933,DB,0.8919432,8.254394,0.7581342,3.1345239,0.007883148,0.007945786,0.8919432,8.254394
202400442,Quentin Reddish,2024,S,0.8933,DB,0.8402074,5.258112,0.7295456,2.697481,0.007153168,0.007204704,0.8402074,5.258112
202400443,Zion Ferguson,2024,CB,0.8933,DB,0.8830561,7.551109,0.73572314,2.7839105,0.01101913,0.011141904,0.8830561,7.551109
202400449,Isaiah Rubin,2024,CB,0.8925,DB,0.79513973,3.881376,0.6736525,2.0642185,0.011994245,0.012139854,0.79513973,3.881376
202400456,Jayden Lewis,2024,CB,0.8919,DB,0.9639786,26.761267,0.8762973,7.0838976,0.072411165,0.07806386,0.9639786,26.761267
202400460,Kensley Louidor-Faustin,2024,S,0.8917,DB,0.84534264,5.465906,0.7832473,3.6135526,0.0031533048,0.0031632797,0.84534264,5.465906
202400472,Devon Jordan,2024,CB,0.8908,DB,0.77438474,3.4323242,0.76012367,3.168815,0.017018845,0.0173135,0.77438474,3.4323242
202400483,Eli Bowen,2024,CB,0.89,DB,0.9282897,12.945001,0.87309223,6.8797383,0.059697337,0.063487366,0.9282897,12.945001
202400490,Paul Mencke Jr.,2024,S,0.8896,DB,0.82011366,4.559066,0.63733476,1.7573638,0.047879286,0.05028699,0.82011366,4.559066
202400493,Cam Pruitt,2024,S,0.8894,DB,0.90969896,10.07407,0.8881817,7.943079,0.0044049495,0.004424439,0.90969896,10.07407
202400499,Devondre McGee,2024,CB,0.8885,DB,0.8494922,5.6441736,0.6436906,1.8065494,0.06465692,0.06912642,0.8494922,5.6441736
202400506,PJ Woodland,2024,CB,0.888,DB,0.8293633,4.8604035,0.6278445,1.6870489,0.00994936,0.010049345,0.8293633,4.8604035
202400514,Josh Lair,2024,S,0.8878,DB,0.8654079,6.429856,0.6405138,1.7817478,0.015543902,0.01578933,0.8654079,6.429856
202400522,Jalen Todd,2024,CB,0.8875,DB,0.8819797,7.473119,0.7389051,2.8300247,0.011878391,0.012021183,0.8819797,7.473119
202400524,Daniel James,2024,CB,0.8873,DB,0.9289024,13.06517,0.7290126,2.6902087,0.023295444,0.023851065,0.9289024,13.06517
202400527,Jamir Benjamin,2024,CB,0.8869,DB,0.86323917,6.312035,0.7519598,3.0316045,0.057290457,0.060772117,0.86323917,6.312035
202400528,Josh Philostin,2024,CB,0.8869,DB,0.89841455,8.843929,0.81956184,4.542065,0.005114775,0.0051410706,0.89841455,8.843929
202400534,Jarvis Boatwright Jr.,2024,S,0.8867,DB,0.8141464,4.380579,0.6934559,2.2621732,0.004494363,0.0045146537,0.8141464,4.380579
202400537,Cameron Keys,2024,CB,0.8864,DB,0.84125626,5.299461,0.7175128,2.5399833,0.0024152477,0.0024210953,0.84125626,5.299461
202400539,Marcus Goree Jr.,2024,CB,0.8861,DB,0.8101187,4.2664475,0.66897917,2.020958,0.019684225,0.020079473,0.8101187,4.2664475
202400541,Oliver Miles III,2024,S,0.8861,DB,0.883565,7.5884833,0.61831427,1.6199565,0.017480312,0.01779131,0.883565,7.5884833
202400552,Fred Gaskin,2024,S,0.8853,DB,0.89692956,8.702103,0.77644235,3.473119,0.008920397,0.009000686,0.89692956,8.702103
202400553,Jason Mitchell,2024,S,0.8853,DB,0.80489224,4.125373,0.62467945,1.6643891,0.00084728556,0.00084800407,0.80489224,4.125373
202400560,Josiah Davis,2024,S,0.8853,DB,0.8851431,7.706486,0.66674525,2.0007074,0.0032108752,0.0032212182,0.8851431,7.706486
202400569,Malik Esquerra,2024,S,0.8844,DB,0.8299193,4.879561,0.6907784,2.2339265,0.008459827,0.008532006,0.8299193,4.879561
202400574,Kenny Woseley Jr.,2024,CB,0.8842,DB,0.8483361,5.593527,0.74411637,2.9080265,0.027298087,0.028064186,0.8483361,5.593527
202400589,Chris Johnson II,2024,CB,0.8836,DB,0.8417857,5.3205423,0.6333934,1.7277197,0.06007214,0.06391144,0.8417857,5.3205423
202400593,Asaad Brown Jr.,2024,CB,0.8833,DB,0.9140657,10.6368,0.7596087,3.159884,0.038182765,0.039698564,0.9140657,10.6368
202400594,Edrees Farooq,2024,S,0.8833,DB,0.9099234,10.101659,0.5681068,1.3153871,0.0012345545,0.0012360804,0.9099234,10.101659
202400596,Braylon Conley,2024,CB,0.8833,DB,0.78691703,3.6930077,0.6810553,2.1353397,0.024215141,0.024816066,0.78691703,3.6930077
202400598,Tony-Louis Nkuba,2024,CB,0.8833,DB,0.78691703,3.6930077,0.6810553,2.1353397,0.024215141,0.024816066,0.78691703,3.6930077
202400605,Ka'Davion Dotson-Walker,2024,S,0.8828,DB,0.8176596,4.4842486,0.70502687,2.3901393,0.020084891,0.020496564,0.8176596,4.4842486
202400607,Damani Maxson,2024,S,0.8828,DB,0.86526275,6.4218526,0.6625615,1.9635028,0.024420086,0.025031354,0.86526275,6.4218526
202400615,Isaiah Thomas,2024,S,0.8825,DB,0.78710043,3.6970503,0.5965563,1.4786606,0.0012665524,0.0012681586,0.78710043,3.6970503
202400622,Christian Peterson,2024,S,0.8819,DB,0.94699365,17.865664,0.85357916,5.829629,0.039915428,0.04157491,0.94699365,17.865664
202400625,Jaren Sensabaugh,2024,CB,0.8819,DB,0.74820036,2.9714115,0.63762003,1.7595345,0.021503234,0.021975784,0.74820036,2.9714115
202400629,Ashton Hampton,2024,S,0.8817,DB,0.8330078,4.988304,0.68349576,2.1595154,0.0015695789,0.0015720463,0.8330078,4.988304
202400632,Jalon Thompson,2024,S,0.8811,DB,0.91790175,11.180529,0.69718295,2.302324,0.0033409754,0.0033521748,0.91790175,11.180529
202400633,Landyn Cleveland,2024,S,0.8811,DB,0.88931614,8.034741,0.65001035,1.8572273,0.009586231,0.009679016,0.88931614,8.034741
202400634,Karson Hobbs,2024,CB,0.8811,DB,0.79317653,3.8350413,0.63324225,1.7265954,0.03121637,0.03222223,0.79317653,3.8350413
202400635,Rodney Bimage Jr.,2024,CB,0.8811,DB,0.8180838,4.4970374,0.6639888,1.9760915,0.027034082,0.02778523,0.8180838,4.4970374
202400643,Kennedy Urlacher,2024,S,0.8808,DB,0.9249574,12.325764,0.64371455,1.8067383,0.0026754313,0.0026826083,0.9249574,12.325764
202400654,Brayshon Williams,2024,S,0.88,DB,0.83603626,5.0989094,0.6773074,2.0989246,0.0023868028,0.0023925132,0.83603626,5.0989094
202400662,Davis Andrews,2024,S,0.8797,DB,0.7826152,3.6001372,0.28875685,0.40598893,0.0016853837,0.001688229,0.7826152,3.6001372
202400668,Kaleb Harris,2024,S,0.8794,DB,0.9239392,12.147382,0.87524265,7.0155597,0.009981803,0.010082444,0.9239392,12.147382
202400673,Marqavious Saboor,2024,S,0.8794,DB,0.8011654,4.029306,0.649889,1.8562369,0.00922594,0.009311851,0.8011654,4.029306
202400682,D'Mon Marable,2024,S,0.8789,DB,0.7790568,3.5260499,0.45277697,0.8274085,0.0020614022,0.0020656604,0.7790568,3.5260499
202400685,Earl Kulp,2024,CB,0.8786,DB,0.89220196,8.276607,0.65235364,1.8764863,0.0051777647,0.0052047134,0.89220196,8.276607
202400692,Jeilani Davis,2024,S,0.8786,DB,0.8428929,5.365084,0.57623947,1.3598233,0.0010910498,0.0010922415,0.8428929,5.365084
202400706,CJ Heard,2024,S,0.8778,DB,0.9242793,12.206424,0.6717505,2.046463,0.008143933,0.008210801,0.9242793,12.206424
202400716,Mykel Patterson-McDonald,2024,S,0.8775,DB,0.9271525,12.72731,0.78614795,3.67613,0.045085885,0.047214597,0.9271525,12.72731
202400724,Antoine Belgrave-Shorter,2024,CB,0.8769,DB,0.89110625,8.183264,0.64722544,1.8346715,0.011176945,0.0113032805,0.89110625,8.183264
202400727,Jay Harper,2024,CB,0.8769,DB,0.95801115,22.815847,0.84516746,5.4585905,0.08269081,0.09014498,0.95801115,22.815847
202400729,LaVonte Johnson,2024,S,0.8769,DB,0.8364934,5.11596,0.55288655,1.2365688,0.06080835,0.06474541,0.8364934,5.11596
202400730,Dylan Day,2024,S,0.8769,DB,0.8244958,4.6978693,0.76185226,3.199074,0.011301578,0.011430764,0.8244958,4.6978693
202400731,Kris Wokomah,2024,S,0.8769,DB,0.90180933,9.184267,0.61458004,1.5945724,0.06521698,0.06976697,0.90180933,9.184267
202400734,Kyan McDonald,2024,S,0.8764,DB,0.8615339,6.2219834,0.52978987,1.1267087,0.013762966,0.013955028,0.8615339,6.2219834
202400736,Kahmir Prescott,2024,S,0.8764,DB,0.89909506,8.910317,0.63594055,1.7468041,0.004082994,0.004099733,0.89909506,8.910317
202400737,Quay'sheed Scott,2024,S,0.8762,DB,0.899409,8.941247,0.7392517,2.8351157,0.0047554257,0.004778148,0.899409,8.941247
202400745,Christian Peterson,2024,CB,0.8761,DB,0.96884334,31.095867,0.6190962,1.625335,0.037321154,0.03876802,0.96884334,31.095867
202400751,Khristian Dunbar-Hawkins,2024,S,0.8758,DB,0.7757207,3.4587266,0.52886057,1.1225139,0.016507681,0.01678476,0.7757207,3.4587266
202400752,Damian Thompson,2024,S,0.8758,DB,0.90247035,9.253292,0.837235,5.143826,0.05507902,0.058289554,0.90247035,9.253292
202400759,Jaylin Lackey,2024,CB,0.8756,DB,0.8933268,8.374428,0.6486997,1.8465675,0.0054393704,0.0054691187,0.8933268,8.374428
202400765,Bernard Causey III,2024,CB,0.8753,DB,0.82413095,4.686049,0.736185,2.7905352,0.025556674,0.026226949,0.82413095,4.686049
202400779,Raphael Dunn,2024,S,0.8747,DB,0.8851181,7.7045937,0.38283315,0.6203073,0.002932136,0.0029407586,0.8851181,7.7045937
202400781,Ashton Hampton,2024,S,0.8747,DB,0.657519,1.9198699,0.5594925,1.270109,0.0050721187,0.0050979764,0.657519,1.9198699
202400783,Justin Denson Jr.,2024,CB,0.8747,DB,0.87392956,6.9320736,0.6828296,2.1528795,0.0034650038,0.0034770519,0.87392956,6.9320736
202400784,Wallace Foster IV,2024,CB,0.8744,DB,0.8901066,8.09973,0.80222857,4.056342,0.03128503,0.03229539,0.8901066,8.09973
202400785,Smiley Bradford,2024,S,0.8744,DB,0.84120196,5.297307,0.5897454,1.4375107,0.0025205752,0.0025269445,0.84120196,5.297307
202400786,Isaiah Buxton,2024,S,0.8744,DB,0.6889809,2.2152364,0.54965556,1.2205225,0.005404175,0.0054335385,0.6889809,2.2152364
202400788,Kyren Condoll,2024,CB,0.8744,DB,0.74947536,2.9916234,0.4869231,0.9490256,0.022886017,0.023422055,0.74947536,2.9916234
202400794,OJ Frederique Jr.,2024,CB,0.8744,DB,0.87991095,7.3271537,0.67944366,2.1195765,0.012142965,0.012292229,0.87991095,7.3271537
202400798,Teddy Foster,2024,CB,0.8744,DB,0.8330916,4.9913106,0.72100353,2.5842748,0.017246656,0.017549323,0.8330916,4.9913106
202400799,Devyn Hidrogo,2024,S,0.8744,DB,0.8495706,5.6476355,0.64927167,1.8512096,0.024001462,0.0245917,0.8495706,5.6476355
202400802,Brooklyn Cheek,2024,S,0.8739,DB,0.76416975,3.240338,0.48743102,0.950957,0.0018733348,0.0018768507,0.76416975,3.240338
202400814,Katrevrick Banks,2024,S,0.8739,DB,0.7960511,3.9031887,0.62564325,1.6712488,0.006840006,0.0068871137,0.7960511,3.9031887
202400817,Jaden Allen,2024,CB,0.8736,DB,0.8456028,5.476802,0.7402002,2.849118,0.035077482,0.036352642,0.8456028,5.476802
202400819,Tevis Metcalf,2024,CB,0.8736,DB,0.95875084,23.24292,0.7232171,2.6129403,0.10262304,0.114358895,0.95875084,23.24292
202400826,Kenyan Kelly,2024,S,0.8731,DB,0.780367,3.5530503,0.5498174,1.2213207,0.009097916,0.009181448,0.780367,3.5530503
202400828,Turran Williams,2024,S,0.8731,DB,0.6642735,1.978615,0.5741306,1.3481377,0.00036500685,0.00036514015,0.6642735,1.978615
202400829,Dayday Aupiu,2024,S,0.8731,DB,0.6755254,2.0819056,0.5536556,1.2404225,0.0019371972,0.0019409573,0.6755254,2.0819056
202400845,Amare Sanders,2024,CB,0.8728,DB,0.75345093,3.0559878,0.5996517,1.497825,0.0063749207,0.0064158207,0.75345093,3.0559878
202400848,Leroy Roker III,2024,S,0.8728,DB,0.748487,2.9759376,0.63102597,1.7102178,0.0030912373,0.0031008227,0.748487,2.9759376
202400854,Brody Barnhardt,2024,S,0.8722,DB,0.9112394,10.266258,0.67380345,2.0656364,0.004111362,0.004128335,0.9112394,10.266258
202400858,Jason Cross Jr.,2024,S,0.8722,DB,0.8490182,5.6233153,0.7071789,2.4150543,0.003977297,0.0039931787,0.8490182,5.6233153
202400870,Dre Kirkpatrick Jr.,2024,S,0.8719,DB,0.92194134,11.810879,0.8587837,6.0813365,0.0013727198,0.0013746066,0.92194134,11.810879
202400873,Willie Nelson,2024,S,0.8719,DB,0.9345427,14.277139,0.8439541,5.4083705,0.00865546,0.008731031,0.9345427,14.277139
202400880,Hudauri Hines,2024,CB,0.8714,DB,0.96192485,25.26385,0.74314004,2.893172,0.00076959067,0.0007701834,0.96192485,25.26385
202400896,Andy Jaffe,2024,S,0.8708,DB,0.89597684,8.613244,0.73483986,2.7713058,0.0013462706,0.0013480855,0.89597684,8.613244
202400898,David Coffey,2024,CB,0.8708,DB,0.8468144,5.5280285,0.6078273,1.5498971,0.0008300004,0.00083068985,0.8468144,5.5280285
202400912,Marquawn McCraney,2024,S,0.8703,DB,0.8734032,6.899093,0.6860589,2.1853106,0.0027501567,0.002757741,0.8734032,6.899093
202400914,Pat Broomfield,2024,CB,0.8703,DB,0.79159117,3.7982612,0.66882706,2.0195704,0.0047432748,0.0047658808,0.79159117,3.7982612
202400922,Marcus Dawson Jr.,2024,S,0.87,DB,0.8537254,5.836456,0.55207705,1.2325269,0.001273161,0.001274784,0.8537254,5.836456
202400923,Larry Tarver Jr.,2024,CB,0.87,DB,0.92331105,12.039689,0.816316,4.444133,0.0014756458,0.0014778265,0.92331105,12.039689
202400926,Jhase McMillan,2024,CB,0.87,DB,0.9380687,15.146921,0.7931982,3.8355484,0.006780513,0.006826802,0.9380687,15.146921
202400937,Willie Goodwyn,2024,S,0.8697,DB,0.8761382,7.073515,0.7211807,2.586552,0.009302565,0.0093899155,0.8761382,7.073515
202400939,Jaylen Thompson,2024,CB,0.8694,DB,0.803513,4.089395,0.681548,2.1401906,0.0057379184,0.005771032,0.803513,4.089395
202400942,Camren Campbell,2024,CB,0.8694,DB,0.86470085,6.39103,0.69757104,2.3065617,0.0045673214,0.0045882775,0.86470085,6.39103
202400957,William Nettles,2024,CB,0.8689,DB,0.8747268,6.9825516,0.7335227,2.752665,0.005055034,0.005080717,0.8747268,6.9825516
202400961,Elijah Green,2024,S,0.8689,DB,0.7137672,2.4936593,0.71488154,2.5073142,0.0028710547,0.0028793213,0.7137672,2.4936593
202400974,Sammie Hunter,2024,CB,0.8683,DB,0.9025614,9.262876,0.58765614,1.4251604,0.006454408,0.006496338,0.9025614,9.262876
202400975,Tate Hamby,2024,S,0.8683,DB,0.8494885,5.6440105,0.58707976,1.4217752,0.001273161,0.001274784,0.8494885,5.6440105
202400982,Jathan Hatch,2024,S,0.8681,DB,0.86998326,6.691317,0.6712235,2.0415802,0.00070373865,0.00070423423,0.86998326,6.691317
202400992,Foster Slaughter,2024,S,0.8678,DB,0.67373323,2.0649767,0.47406977,0.9013929,0.00073435064,0.0007348903,0.67373323,2.0649767
202400996,Israel Boyce,2024,CB,0.8678,DB,0.9192592,11.38531,0.71539587,2.5136523,0.0069289817,0.0069773276,0.9192592,11.38531
202400997,DK Gilley,2024,S,0.8678,DB,0.8267222,4.77108,0.6816789,2.1414819,0.0007458914,0.0007464482,0.8267222,4.77108
202400998,Rashad Godfrey Jr.,2024,CB,0.8678,DB,0.8230956,4.6527715,0.67145437,2.0437171,0.0008156846,0.0008163505,0.8230956,4.6527715
202400999,LaDainian Fields,2024,CB,0.8678,DB,0.8857823,7.7552104,0.7077086,2.4212432,0.0047654267,0.004788245,0.8857823,7.7552104
202401001,Jay'Quan Bostic,2024,S,0.8678,DB,0.79536664,3.8867888,0.66271615,1.9648618,0.0029475118,0.0029562253,0.79536664,3.8867888
202401010,Casey Etienne Jr.,2024,S,0.8672,DB,0.88859737,7.9764485,0.70357114,2.3734908,0.004090002,0.0041067987,0.88859737,7.9764485
202401020,Allen Bryant,2024,S,0.8672,DB,0.88182706,7.462174,0.7272267,2.6660476,0.00285464,0.0028628123,0.88182706,7.462174
202401024,Kumaro Brown,2024,CB,0.8669,DB,0.81501234,4.405766,0.6693395,2.0242498,0.0032808976,0.0032916972,0.81501234,4.405766
202401034,Zahir Rainer,2024,S,0.8664,DB,0.9366506,14.785462,0.65543336,1.9021962,0.0026841087,0.0026913325,0.9366506,14.785462
202401037,Tomauri Johnson,2024,S,0.8664,DB,0.9532482,20.389551,0.75000316,3.0000505,0.0050200517,0.0050453795,0.9532482,20.389551
202401041,Therrian Alexander III,2024,CB,0.8664,DB,0.8626979,6.28321,0.70548815,2.3954492,0.0028212226,0.0028292043,0.8626979,6.28321
202401042,Mike Gerald,2024,CB,0.8664,DB,0.9035764,9.370902,0.73745406,2.8088572,0.005055034,0.005080717,0.9035764,9.370902
202401044,Julian Knox,2024,CB,0.8664,DB,0.85828024,6.056179,0.70317775,2.3690197,0.003542483,0.003555077,0.85828024,6.056179
202401047,Quimari Shemwell,2024,CB,0.8663,DB,0.8383622,5.186672,0.5711581,1.3318617,0.0019603018,0.001964152,0.8383622,5.186672
202401056,Kayo Patu,2024,S,0.8658,DB,0.7937765,3.8491082,0.57193375,1.336087,0.0014122839,0.0014142812,0.7937765,3.8491082
202401062,Isaiah Collins,2024,CB,0.8658,DB,0.8708816,6.7448306,0.7185679,2.553255,0.0030643868,0.0030738062,0.8708816,6.7448306
202401070,Adrian Laing,2024,CB,0.8656,DB,0.89083725,8.160634,0.66168445,1.9558204,0.005873129,0.005907826,0.89083725,8.160634
202401078,Jivan Baly,2024,CB,0.8653,DB,0.8840034,7.6209426,0.70577943,2.3988106,0.0036227782,0.0036359504,0.8840034,7.6209426
202401081,Tyjai Hopper,2024,S,0.8652,DB,0.9123308,10.406515,0.7609467,3.1831675,0.008563896,0.00863787,0.9123308,10.406515
202401083,Marcus Neal Jr.,2024,S,0.865,DB,0.92638534,12.584251,0.65641683,1.9105035,0.00082171615,0.00082239194,0.92638534,12.584251
202401095,Kevon Gray,2024,CB,0.8647,DB,0.90205353,9.209659,0.7124664,2.4778547,0.0016061455,0.0016087294,0.90205353,9.209659
202401096,Fredrick Dotie,2024,S,0.8647,DB,0.9011895,9.120382,0.6899089,2.224859,0.003330994,0.0033421265,0.9011895,9.120382
202401111,Keion Dunlap,2024,S,0.8639,DB,0.9197114,11.4550705,0.8080251,4.209015,0.0021186238,0.0021231219,0.9197114,11.4550705
202401119,Judah Jenkins,2024,CB,0.8636,DB,0.9487131,18.498165,0.73704094,2.8028734,0.0045983577,0.0046196003,0.9487131,18.498165
202401123,Aundre Gibson,2024,CB,0.8633,DB,0.9244616,12.2383,0.56336516,1.2902433,0.0045983577,0.0046196003,0.9244616,12.2383
202401125,Tyson Weaver,2024,CB,0.8633,DB,0.87423223,6.951163,0.59381557,1.4619358,0.00094716274,0.0009480607,0.87423223,6.951163
202401127,Rahim Wright II,2024,S,0.8633,DB,0.8297387,4.8733244,0.53820294,1.1654534,0.001081196,0.0010823662,0.8297387,4.8733244
202401134,Samuel Madu,2024,CB,0.8633,DB,0.9382082,15.183383,0.7151055,2.510071,0.005873129,0.005907826,0.9382082,15.183383
202401138,Boogie Johnson,2024,CB,0.8633,DB,0.8503161,5.6807456,0.6489782,1.8488257,0.011898915,0.012042205,0.8503161,5.6807456
202401140,Jayden Coleman,2024,CB,0.8631,DB,0.8900106,8.0917845,0.6705539,2.035398,0.04461252,0.046695735,0.8900106,8.0917845
202401157,Kyler Beaty,2024,CB,0.8625,DB,0.8596623,6.1256685,0.70112914,2.3459268,0.0064094155,0.006450761,0.8596623,6.1256685
202401162,Chasen Johnson,2024,CB,0.8622,DB,0.8648725,6.4004188,0.69726545,2.3032238,0.0061612874,0.006199484,0.8648725,6.4004188
202401165,E'Zaiah Shine,2024,CB,0.8622,DB,0.8756489,7.0417476,0.76919556,3.332672,0.0010551382,0.0010562526,0.8756489,7.0417476
202401166,Tayshaun Burney,2024,CB,0.8622,DB,0.93384373,14.1157255,0.7803085,3.5518372,0.047182936,0.049519405,0.93384373,14.1157255
202401169,Nehemiah Chandler,2024,CB,0.8622,DB,0.89190865,8.251433,0.7354813,2.7804513,0.0049272683,0.0049516666,0.89190865,8.251433
202401171,JD Crisp,2024,S,0.8622,DB,0.8837445,7.601742,0.6924124,2.251106,0.0050094714,0.0050346926,0.8837445,7.601742
202401173,Armani Cargo,2024,S,0.8619,DB,0.89129305,8.199044,0.68613076,2.1860402,0.0042171776,0.0042350376,0.89129305,8.199044
202401178,Ty Hudkins,2024,S,0.8617,DB,0.8601929,6.1527123,0.6678521,2.010707,0.0037666857,0.0037809273,0.8601929,6.1527123
202401179,Elias Johnson,2024,CB,0.8617,DB,0.72650087,2.6563187,0.4994281,0.997715,0.004710105,0.0047323946,0.72650087,2.6563187
202401184,Jeremiah Lowe,2024,CB,0.8614,DB,0.9328557,13.893303,0.8144281,4.3887467,0.0052284594,0.00525594,0.9328557,13.893303
202401187,Zach Williams,2024,CB,0.8614,DB,0.8596623,6.1256685,0.67940646,2.1192145,0.005598782,0.005630305,0.8596623,6.1256685
202401194,Loyall Mouzon,2024,CB,0.8611,DB,0.72000885,2.5715415,0.47647557,0.91013056,0.0021844588,0.0021892411,0.72000885,2.5715415
202401195,Khari Reid,2024,CB,0.8611,DB,0.9100274,10.114493,0.6987542,2.3195484,0.0037886833,0.003803092,0.9100274,10.114493
202401196,Elijah Cannon,2024,CB,0.8611,DB,0.90121,9.122483,0.71628404,2.5246518,0.004960056,0.0049847807,0.90121,9.122483
202401201,Treyvon Tolmaire,2024,CB,0.8608,DB,0.82524717,4.722368,0.6483079,1.8433964,0.0015430402,0.0015454248,0.82524717,4.722368
202401210,Lloyd Irvin III,2024,CB,0.8608,DB,0.90988326,10.096718,0.73609865,2.7892947,0.0044693793,0.004489444,0.90988326,10.096718
202401212,Quentin Taylor Jr.,2024,S,0.8606,DB,0.88373333,7.6009173,0.6888023,2.2133913,0.0018997515,0.0019033675,0.88373333,7.6009173
202401215,Davion Pritchard,2024,CB,0.8606,DB,0.84648985,5.514227,0.7151637,2.5107887,0.005881264,0.0059160576,0.84648985,5.514227
202401222,Nikko Klemm,2024,CB,0.86,DB,0.80724126,4.1878324,0.53813565,1.1651379,0.0041638273,0.004181237,0.80724126,4.1878324
202401228,Shae Terry,2024,CB,0.86,DB,0.935488,14.500989,0.67904365,2.1156886,0.014980457,0.015208283,0.935488,14.500989
202401236,Kameron Franklin,2024,CB,0.86,DB,0.85240585,5.7753363,0.6267848,1.6794193,0.0053390027,0.005367661,0.85240585,5.7753363
202401238,Cam Boone,2024,CB,0.86,DB,0.75476205,3.0776725,0.62931424,1.6977028,0.0042925305,0.004311036,0.75476205,3.0776725
202401242,Markie Grant,2024,CB,0.86,DB,0.8755194,7.03338,0.6626356,1.9641541,0.0022272088,0.0022321802,0.8755194,7.03338
202401248,Ibn McDaniels,2024,CB,0.86,DB,0.8598205,6.13371,0.7000546,2.33394,0.0016351934,0.0016378716,0.8598205,6.13371
202401252,Donavan Philord,2024,CB,0.8597,DB,0.9075739,9.819452,0.6915269,2.2417736,0.0057835877,0.005817232,0.9075739,9.819452
202401264,Dedaunte Scott,2024,CB,0.8594,DB,0.7651807,3.2585938,0.48539022,0.9432199,0.0019779361,0.001981856,0.7651807,3.2585938
202401273,Keke Adams,2024,S,0.8592,DB,0.89669955,8.6805,0.7038637,2.3768232,0.0006880636,0.0006885374,0.89669955,8.6805
202401281,Nigel Maynard,2024,CB,0.8589,DB,0.8154225,4.4177775,0.61501396,1.5974967,0.0028659075,0.0028741446,0.8154225,4.4177775
202401285,Shemar Welch,2024,CB,0.8589,DB,0.9608458,24.540062,0.80911905,4.2388673,0.02089509,0.02134101,0.9608458,24.540062
202401286,Tito Williams Jr.,2024,S,0.8589,DB,0.79125494,3.7905326,0.5218823,1.0915352,0.0050445213,0.0050700973,0.79125494,3.7905326
202401293,La'khi Roland,2024,CB,0.8585,DB,0.8832677,7.5666094,0.5973674,1.4836539,0.0058214525,0.0058555403,0.8832677,7.5666094
202401303,Dajon Doss,2024,S,0.8583,DB,0.84071845,5.278191,0.51924646,1.0800679,0.0005508439,0.0005511475,0.84071845,5.278191
202401305,Kaden McFadden,2024,S,0.8583,DB,0.87352407,6.906643,0.56157047,1.2808683,0.0075416816,0.0075989906,0.87352407,6.906643
202401319,Ashton McShane,2024,CB,0.8581,DB,0.8895071,8.050357,0.69518346,2.2806618,0.003862024,0.0038769972,0.8895071,8.050357
202401320,Alexander Rodgers,2024,CB,0.8581,DB,0.94284445,16.496115,0.76938576,3.3362455,0.0092463875,0.009332681,0.94284445,16.496115
202401321,Devin Collier,2024,S,0.8581,DB,0.83890855,5.207654,0.647638,1.8379906,0.033826303,0.03501058,0.83890855,5.207654
202401322,Zach Cody,2024,CB,0.8581,DB,0.84848595,5.600048,0.6052872,1.5334876,0.010428396,0.010538293,0.84848595,5.600048
202401327,Hunter Haines,2024,S,0.8578,DB,0.7643005,3.2426908,0.3855082,0.627361,0.0016726514,0.0016754537,0.7643005,3.2426908
202401328,Jah Jah Boyd,2024,S,0.8578,DB,0.86404717,6.355492,0.57912505,1.3760027,0.005323149,0.0053516366,0.86404717,6.355492
202401335,Milt Ferguson,2024,CB,0.8575,DB,0.88371676,7.599692,0.5576713,1.2607622,0.0033924745,0.0034040224,0.88371676,7.599692
202401347,Darrius Davis,2024,S,0.8575,DB,0.80745834,4.1936812,0.4869296,0.94905025,0.001322858,0.0013246103,0.80745834,4.1936812
202401367,Deylen Platt,2024,CB,0.8567,DB,0.701132,2.3459587,0.6674022,2.0066345,0.0064096614,0.0064510102,0.701132,2.3459587
202401369,Jiquan Sanks,2024,CB,0.8567,DB,0.9064778,9.69265,0.6711035,2.04047,0.017915256,0.018242067,0.9064778,9.69265
202401387,Chris Henry,2024,S,0.8564,DB,0.757539,3.1243742,0.5540696,1.2425023,0.0006400168,0.0006404267,0.757539,3.1243742
202401388,Callen Barta,2024,S,0.8561,DB,0.6003232,1.5020217,0.6198191,1.6303267,0.006847337,0.006894546,0.6003232,1.5020217
202401398,Cedric Franklin,2024,S,0.8558,DB,0.79407775,3.856202,0.58503914,1.4098659,0.0076795034,0.007738935,0.79407775,3.856202
202401405,Shamaar Darden,2024,S,0.8558,DB,0.7224078,2.602407,0.6233037,1.6546584,0.0033143563,0.0033253778,0.7224078,2.602407
202401416,Sam Neely III,2024,CB,0.8553,DB,0.80013293,4.0033255,0.6564637,1.9109004,0.006138412,0.0061763246,0.80013293,4.0033255
202401422,Martell Hughes,2024,S,0.855,DB,0.8040213,4.1025953,0.6096101,1.5615416,0.0030759985,0.0030854896,0.8040213,4.1025953
202401430,Emiril Gant,2024,S,0.855,DB,0.6468161,1.831386,0.7360555,2.788675,0.001112787,0.0011140266,0.6468161,1.831386
202401440,Tony Mathis,2024,S,0.855,DB,0.75212044,3.0342171,0.587562,1.424607,0.0061048144,0.006142312,0.75212044,3.0342171
202401445,Jacob Cosby-Mosley,2024,S,0.855,DB,0.79789305,3.9478753,0.58699924,1.421303,0.0006400168,0.0006404267,0.79789305,3.9478753
202401455,Deuce Walker,2024,CB,0.8547,DB,0.7890374,3.740177,0.6192411,1.626334,0.005305978,0.005334282,0.7890374,3.740177
202401458,Cam Richardson,2024,S,0.8547,DB,0.7945345,3.8669972,0.6500012,1.8571529,0.0022326855,0.0022376815,0.7945345,3.8669972
202401459,Christian Pritchett,2024,S,0.8547,DB,0.716247,2.524192,0.61404675,1.5909874,0.0077698976,0.007830742,0.716247,2.524192
202401463,Jayshaun Johnson,2024,S,0.8544,DB,0.7276631,2.6719224,0.5631261,1.2889899,0.004401778,0.0044212393,0.7276631,2.6719224
202401464,Quinton Price,2024,S,0.8542,DB,0.6392198,1.7717708,0.63020456,1.7041978,0.005978397,0.006014353,0.6392198,1.7717708
202401469,Zay Johnson,2024,S,0.8542,DB,0.7739229,3.4232702,0.6772377,2.0982552,0.008057611,0.0081230635,0.7739229,3.4232702
202401472,Michael Matthews-Canty,2024,S,0.8542,DB,0.76711553,3.2939746,0.40178266,0.67163324,0.002139012,0.0021435972,0.76711553,3.2939746
202401473,Devin Cook,2024,CB,0.8542,DB,0.86683667,6.509575,0.7141237,2.4980168,0.0483011,0.050752502,0.86683667,6.509575
202401484,Brandon Jones,2024,S,0.8536,DB,0.77380115,3.420889,0.703999,2.3783667,0.010622285,0.0107363295,0.77380115,3.420889
202401487,Corey Myrick,2024,CB,0.8533,DB,0.8277389,4.8051405,0.7250766,2.637377,0.017823128,0.018146556,0.8277389,4.8051405
202401493,Carson Van Dinter,2024,S,0.8533,DB,0.7658127,3.2700863,0.66423297,1.9782555,0.0032991937,0.0033101144,0.7658127,3.2700863
202401495,Zach Jackson,2024,CB,0.8533,DB,0.8215769,4.6046553,0.67891544,2.1144445,0.01591049,0.016167726,0.8215769,4.6046553
202401496,Alvin Williamson Jr.,2024,CB,0.8533,DB,0.7562263,3.1021652,0.6036766,1.523192,0.06713976,0.07197194,0.7562263,3.1021652
202401497,KJ Flowe,2024,S,0.8533,DB,0.6516489,1.8706669,0.683184,2.1564064,0.0053809425,0.005410054,0.6516489,1.8706669
202401500,Jaden Pettway,2024,S,0.8533,DB,0.78405964,3.6309083,0.5399427,1.1736422,0.020179266,0.020594856,0.78405964,3.6309083
202401506,Najiib Anderson,2024,S,0.853,DB,0.79242253,3.8174787,0.6161421,1.6051307,0.004846272,0.0048698727,0.79242253,3.8174787
202401518,Jaylen'Dai Sumlin,2024,S,0.8525,DB,0.812547,4.3346715,0.54956603,1.2200812,0.0011977324,0.0011991687,0.812547,4.3346715
202401523,Chase Green,2024,S,0.8525,DB,0.8369689,5.133799,0.6540006,1.8901782,0.004116664,0.0041336813,0.8369689,5.133799
202401532,Cameron Powell,2024,S,0.8522,DB,0.84549165,5.472142,0.6345992,1.7367209,0.0015209798,0.0015232967,0.84549165,5.472142
202401535,Joseph Bey,2024,S,0.8519,DB,0.83831984,5.1850505,0.57198596,1.3363719,0.0021898295,0.0021946353,0.83831984,5.1850505
202401550,Keyon Washington,2024,CB,0.8517,DB,0.8808552,7.393149,0.6179729,1.6176155,0.017179793,0.017480098,0.8808552,7.393149
202401555,Bryce Rowe,2024,CB,0.8517,DB,0.81458825,4.3934016,0.7179323,2.545248,0.006997533,0.0070468434,0.81458825,4.3934016
202401557,Mike Wright III,2024,S,0.8514,DB,0.8135608,4.3636785,0.66163605,1.9553976,0.0070165377,0.0070661176,0.8135608,4.3636785
202401560,Hyajah Miller,2024,CB,0.8511,DB,0.82639784,4.760297,0.6682843,2.0146296,0.022490129,0.023007572,0.82639784,4.760297
202401561,Rex Guthrie,2024,S,0.8511,DB,0.8499212,5.6631675,0.3757491,0.60192,0.007071662,0.0071220268,0.8499212,5.6631675
202401575,Timi Oke,2024,CB,0.8508,DB,0.82626593,4.7559233,0.6715091,2.0442243,0.021785617,0.0222708,0.82626593,4.7559233
202401580,Tanner Heckel,2024,S,0.8506,DB,0.6725216,2.0536366,0.6573539,1.9184629,0.005243886,0.0052715293,0.6725216,2.0536366
202401588,Myles Turpin,2024,S,0.8503,DB,0.8994072,8.941071,0.6269516,1.6806171,0.0050551416,0.0050808256,0.8994072,8.941071
202401589,LaTristan Thompson,2024,CB,0.8503,DB,0.6845467,2.1700413,0.62642074,1.6768081,0.008299463,0.0083689215,0.6845467,2.1700413
202401609,Donovan Aidoo,2024,S,0.85,DB,0.8186612,4.51454,0.48417774,0.9386522,0.015151939,0.015385052,0.8186612,4.51454
202401617,Tayshawn Banks,2024,CB,0.85,DB,0.8144035,4.388032,0.6736107,2.0638258,0.013414339,0.01359673,0.8144035,4.388032
202401618,Ambrose Marsh,2024,CB,0.85,DB,0.7768816,3.4819248,0.54001415,1.1739799,0.013240646,0.013418312,0.7768816,3.4819248
202401625,Braylon Vincent,2024,S,0.85,DB,0.8317635,4.9440136,0.66382205,1.9746151,0.0044951867,0.004515485,0.8317635,4.9440136
202401643,Christian Farrow,2024,CB,0.85,DB,0.86783504,6.5663023,0.7694132,3.3367612,0.006951994,0.0070006624,0.86783504,6.5663023
202401646,Cam Cole,2024,S,0.85,DB,0.77522165,3.448827,0.75520045,3.0849748,0.0048576477,0.0048813596,0.77522165,3.448827
202401650,Ameyr Adams,2024,S,0.85,DB,0.87769294,7.1761427,0.70175296,2.352925,0.0063580764,0.0063987602,0.87769294,7.1761427
202401651,Kaleb Jones,2024,CB,0.85,DB,0.8305941,4.9029827,0.6682843,2.0146296,0.022263525,0.022770476,0.8305941,4.9029827
202401654,Eric Lee,2024,S,0.8497,DB,0.8433615,5.384126,0.6706898,2.0366507,0.0023313477,0.0023367957,0.8433615,5.384126
202401668,Kemori Dixon,2024,S,0.8492,DB,0.81355214,4.36343,0.36128417,0.56564146,0.0066839457,0.0067289216,0.81355214,4.36343
202401670,Hasaan Sykes,2024,CB,0.8492,DB,0.87904954,7.267848,0.7806938,3.5598352,0.0037989682,0.0038134553,0.87904954,7.267848
202401672,Shamar McIntosh,2024,S,0.8492,DB,0.8590497,6.0946984,0.6673024,2.0057328,0.0022569643,0.0022620698,0.8590497,6.0946984
202401674,Ashton Williams,2024,S,0.8489,DB,0.82407886,4.6843653,0.53659755,1.1579515,0.030231811,0.031174267,0.82407886,4.6843653
202401675,Michael-Arinze Ezirim,2024,CB,0.8486,DB,0.7016693,2.3519847,0.5216304,1.0904338,0.003667383,0.003680882,0.7016693,2.3519847
202401681,Nijrell Eason II,2024,CB,0.8483,DB,0.87722063,7.144691,0.5535543,1.2399141,0.008262263,0.008331097,0.87722063,7.144691
202401686,Terrion Curry-Hicks,2024,CB,0.8483,DB,0.9049168,9.517108,0.79607904,3.9038608,0.008262263,0.008331097,0.9049168,9.517108
202401691,Ben Bouzi,2024,CB,0.8483,DB,0.8288115,4.8415146,0.6015767,1.5098933,0.21219666,0.26935232,0.8288115,4.8415146
202401692,Amar Reynolds,2024,CB,0.8483,DB,0.8132067,4.3535104,0.60071486,1.5044758,0.013635803,0.013824308,0.8132067,4.3535104
202401693,Tice Williams,2024,S,0.8483,DB,0.80323416,4.082183,0.5601039,1.273264,0.020290434,0.020710662,0.80323416,4.082183
202401698,Jermaine Dalias,2024,S,0.8483,DB,0.8374274,5.1510973,0.61744684,1.6140158,0.007400699,0.0074558775,0.8374274,5.1510973
202401706,Phoenix Rose,2024,CB,0.8478,DB,0.7728109,3.4016192,0.6450128,1.8170029,0.007747277,0.007807766,0.7728109,3.4016192
202401713,Javion White,2024,CB,0.8478,DB,0.84217405,5.336094,0.6504515,1.8608332,0.008358083,0.008428529,0.84217405,5.336094
202401714,Micheal Graham Jr.,2024,CB,0.8478,DB,0.82927406,4.857341,0.6330585,1.72523,0.011806186,0.011947238,0.82927406,4.857341
202401715,Keshawn Williams,2024,CB,0.8478,DB,0.6671766,2.0045965,0.5804703,1.3836216,0.06433618,0.06875993,0.6671766,2.0045965
202401716,Maurice Hayes,2024,CB,0.8478,DB,0.8379511,5.1709776,0.67785764,2.1042175,0.0100100925,0.010111308,0.8379511,5.1709776
202401725,Ja'Marley Riddle,2024,S,0.8472,DB,0.8229599,4.648438,0.5607987,1.2768604,0.016568555,0.016847696,0.8229599,4.648438
202401727,Damion Miller,2024,S,0.847,DB,0.8778225,7.1848145,0.6377408,1.7604543,0.0058767013,0.005911441,0.8778225,7.1848145
202401739,Jakyre Horton,2024,S,0.8467,DB,0.82499987,4.7142816,0.5932099,1.4582704,0.02067822,0.021114837,0.82499987,4.7142816
202401748,Brandon Barnes Jr.,2024,CB,0.8467,DB,0.81824774,4.5019946,0.6098953,1.5634143,0.016300904,0.016571026,0.81824774,4.5019946
202401750,Khamani Hudson,2024,CB,0.8467,DB,0.77763426,3.4970956,0.5637997,1.2925247,0.022146981,0.022648579,0.77763426,3.4970956
202401757,Gabe Stroud,2024,S,0.8461,DB,0.8052019,4.13352,0.5913759,1.4472369,0.032033868,0.033093996,0.8052019,4.13352
202401768,Prince Williams,2024,CB,0.8453,DB,0.7088559,2.4347255,0.622101,1.6462097,0.0056089833,0.0056406213,0.7088559,2.4347255
202401774,Dravon Wilson,2024,S,0.8453,DB,0.81574756,4.4273367,0.565302,1.3004477,0.013464619,0.01364839,0.81574756,4.4273367
202401786,Matthew McKenzie,2024,CB,0.845,DB,0.74275976,2.8874168,0.631621,1.7145956,0.0031635722,0.003173612,0.74275976,2.8874168
202401788,Deondre Shepherd,2024,S,0.845,DB,0.7981125,3.953254,0.5983131,1.4895011,0.029146066,0.030021062,0.7981125,3.953254
202401789,Tyderick Brown,2024,CB,0.845,DB,0.7881755,3.7208898,0.6712445,2.0417743,0.0063997693,0.00644099,0.7881755,3.7208898
202401801,Trey Ridley,2024,S,0.8444,DB,0.5827572,1.396686,0.5194174,1.0808078,0.0023858289,0.0023915346,0.5827572,1.396686
202401802,Donald DeFrand Jr.,2024,CB,0.8444,DB,0.7698905,3.3457568,0.59244037,1.4536287,0.013674028,0.013863599,0.7698905,3.3457568
202401810,Jeremy Cook Jr.,2024,S,0.8444,DB,0.7852589,3.6567702,0.76576084,3.269141,0.0052019376,0.0052291392,0.7852589,3.6567702
202401812,Xavion Griffin,2024,S,0.8444,DB,0.7748189,3.44087,0.5351133,1.1510617,0.004114145,0.004131141,0.7748189,3.44087
202401818,Lawrence Johnson,2024,CB,0.8442,DB,0.7730482,3.4062223,0.6534012,1.8851802,0.0066665155,0.006711256,0.7730482,3.4062223
202401819,Kyle Boylston,2024,S,0.8439,DB,0.80538476,4.138344,0.7279233,2.6754339,0.0009993679,0.0010003677,0.80538476,4.138344
202401831,Mike Smith,2024,CB,0.8433,DB,0.8858517,7.760532,0.6981831,2.3132672,0.1833123,0.22445826,0.8858517,7.760532
202401833,Dax Collins,2024,S,0.8433,DB,0.7835624,3.6202698,0.568161,1.3156779,0.006813763,0.006860509,0.7835624,3.6202698
202401837,Tre Fulton,2024,S,0.8428,DB,0.7070823,2.4139278,0.6293612,1.6980447,0.0048042345,0.0048274267,0.7070823,2.4139278
202401839,Tayten Beyer,2024,CB,0.8428,DB,0.8043946,4.1123333,0.6339405,1.7317965,0.003517321,0.0035297363,0.8043946,4.1123333
202401843,Denzel Chavis,2024,CB,0.8428,DB,0.82053834,4.572221,0.6314622,1.713426,0.008939818,0.009020459,0.82053834,4.572221
202401849,Ronnell Davis,2024,S,0.8425,DB,0.8130419,4.3487926,0.5884583,1.4298874,0.0013726092,0.0013744958,0.8130419,4.3487926
202401854,Kemari Nix,2024,S,0.8419,DB,0.82465357,4.702996,0.59778357,1.4862236,0.0030703812,0.0030798374,0.82465357,4.702996
202401861,Jaylen Moses,2024,S,0.8417,DB,0.79426324,3.8605802,0.68913865,2.2168682,0.0018699603,0.0018734636,0.79426324,3.8605802
202401868,James Chenault,2024,CB,0.8417,DB,0.80550796,4.1415987,0.6208394,1.6374049,0.0046587107,0.0046805157,0.80550796,4.1415987
202401872,Zachary Rogers,2024,CB,0.8414,DB,0.8603654,6.161548,0.69070834,2.233194,0.0034915179,0.0035037512,0.8603654,6.161548
202401883,Austin Stull,2024,S,0.8411,DB,0.8346003,5.0459614,0.6442671,1.8110977,0.0011182304,0.0011194822,0.8346003,5.0459614
202401888,Jameson Young,2024,CB,0.8411,DB,0.76644605,3.281666,0.6369549,1.7544787,0.088297,0.09684843,0.76644605,3.281666
202401906,Caleb Turner,2024,S,0.8404,DB,0.83718127,5.1417994,0.65980566,1.9394963,0.00095875614,0.0009596762,0.83718127,5.1417994
202401915,Amarion Fortenberry,2024,S,0.8403,DB,0.8572033,6.002963,0.5669706,1.309312,0.0019331651,0.0019369095,0.8572033,6.002963
202401920,Frankie Edwards III,2024,CB,0.84,DB,0.83741456,5.1506124,0.68430585,2.1676228,0.0009729489,0.0009738964,0.83741456,5.1506124
202401926,Devin Rutherford,2024,CB,0.84,DB,0.790733,3.7785838,0.55864227,1.2657357,0.0020670414,0.0020713229,0.790733,3.7785838
202401927,Jakobi Spence,2024,CB,0.84,DB,0.8329612,4.9866333,0.5594309,1.2697915,0.003226124,0.0032365655,0.8329612,4.9866333
202401941,Elyjah Gordon,2024,S,0.84,DB,0.803652,4.092998,0.66430897,1.9789298,0.006841296,0.0068884217,0.803652,4.092998
202401943,Ronald Moore,2024,S,0.84,DB,0.8530664,5.8057947,0.6256329,1.6711748,0.0014036789,0.001405652,0.8530664,5.8057947
202401948,Asaad Chapman,2024,CB,0.84,DB,0.74112654,2.8628912,0.6034589,1.5218066,0.0025238155,0.0025302013,0.74112654,2.8628912
202401949,Ahamad Chapman,2024,S,0.84,DB,0.73293406,2.7443936,0.5803218,1.3827779,0.0029690203,0.0029778616,0.73293406,2.7443936
202401952,Marco Coleman,2024,CB,0.84,DB,0.81307745,4.349809,0.6429872,1.8010199,0.0021168313,0.0021213219,0.81307745,4.349809
202401959,Luke Bryant,2024,S,0.84,DB,0.7891696,3.7431493,0.45659128,0.8402354,0.002082828,0.0020871751,0.7891696,3.7431493
202401967,Cameron Gherardi,2024,S,0.84,DB,0.7983831,3.959902,0.58883935,1.4321394,0.0034034678,0.003415091,0.7983831,3.959902
202401971,Ian Crim-Davis,2024,CB,0.84,DB,0.93539464,14.478593,0.7233759,2.6150143,0.009695081,0.009789996,0.93539464,14.478593
202401973,Rashayd Mcgruder,2024,CB,0.84,DB,0.8959148,8.607513,0.66583633,1.9925456,0.0033768162,0.0033882577,0.8959148,8.607513
202401976,Skylar Husband,2024,S,0.84,DB,0.8508223,5.7034163,0.5679785,1.3146996,0.003517104,0.0035295177,0.8508223,5.7034163
202401978,Buddha Garrett,2024,S,0.84,DB,0.8725859,6.8484244,0.64392203,1.8083737,0.0151330875,0.015365616,0.8725859,6.8484244
202401987,Drew Jackson,2024,CB,0.84,DB,0.8248228,4.7085047,0.64399517,1.8089507,0.0030344836,0.0030437198,0.8248228,4.7085047
202402011,Joe Wilkinson,2024,S,0.8392,DB,0.8538541,5.8424783,0.56677836,1.3082873,0.0015623153,0.0015647599,0.8538541,5.8424783
202402012,Chris Gant Jr.,2024,S,0.8392,DB,0.9102543,10.142595,0.7752704,3.4497921,0.10033708,0.11152742,0.9102543,10.142595
202402017,Tommy Prassas,2024,S,0.8386,DB,0.861257,6.2075715,0.52467614,1.1038288,0.0012236235,0.0012251226,0.861257,6.2075715
202402018,Kyle Williams,2024,S,0.8386,DB,0.80498546,4.127823,0.59123033,1.4463655,0.0019526911,0.0019565115,0.80498546,4.127823
202402025,Bailey Fletcher,2024,CB,0.8385,DB,0.8206962,4.577126,0.5652728,1.3002932,0.015101857,0.01533342,0.8206962,4.577126
202402026,Elijah Lee,2024,CB,0.8383,DB,0.8414091,5.3055315,0.6334783,1.7283514,0.0035174147,0.0035298304,0.8414091,5.3055315
202402028,Cyrus Reyes,2024,S,0.8383,DB,0.85199976,5.756746,0.5765746,1.3616912,0.005518033,0.005548651,0.85199976,5.756746
202402030,Kelvin Hill,2024,CB,0.8381,DB,0.8599998,6.1428456,0.7370973,2.803689,0.0018002396,0.0018034863,0.8599998,6.1428456
202402038,Austin McGee,2024,CB,0.8378,DB,0.88892156,8.002647,0.6935768,2.2634606,0.009184759,0.009269902,0.88892156,8.002647
202402047,Fatu Mukuba,2024,S,0.8372,DB,0.80936396,4.245598,0.7029398,2.366321,0.0010589623,0.0010600849,0.80936396,4.245598
202402059,Devin Ross,2024,CB,0.837,DB,0.86347723,6.324785,0.6692906,2.0238028,0.0015767601,0.0015792502,0.86347723,6.324785
202402062,Cornell Allen,2024,S,0.8369,DB,0.8973113,8.738167,0.7219366,2.596302,0.00063517434,0.000635578,0.8973113,8.738167
202402067,Tareq Council,2024,CB,0.8367,DB,0.80290323,4.07365,0.515538,1.0641453,0.013867476,0.0140624875,0.80290323,4.07365
202402072,Braden Jackson,2024,CB,0.8363,DB,0.9404614,15.795826,0.7354197,2.7795708,0.023378499,0.023938136,0.9404614,15.795826
202402075,Nick Taylor,2024,S,0.8361,DB,0.82863367,4.835452,0.571204,1.3321114,0.003843871,0.0038587032,0.82863367,4.835452
202402076,Cube Gurley,2024,CB,0.8361,DB,0.8531536,5.809836,0.60506284,1.5320485,0.006615211,0.0066592633,0.8531536,5.809836
202402079,Jaire Rawlison,2024,CB,0.8358,DB,0.85580194,5.934906,0.56594455,1.3038532,0.008073653,0.008139367,0.85580194,5.934906
202402082,Zashon Rich,2024,CB,0.8356,DB,0.8229581,4.6483808,0.65330106,1.8843468,0.013867476,0.0140624875,0.8229581,4.6483808
202402093,Stephen Ellison,2024,S,0.8352,DB,0.9030867,9.318503,0.41303742,0.7036861,0.0005362447,0.00053653243,0.9030867,9.318503
202402095,James Robinson,2024,CB,0.835,DB,0.8107966,4.285318,0.6100268,1.5642786,0.0019355908,0.0019393446,0.8107966,4.285318
202402107,Tre Brown,2024,S,0.835,DB,0.737068,2.8032646,0.5778016,1.3685546,0.0010500652,0.0010511689,0.737068,2.8032646
202402111,Kiontre Harris,2024,CB,0.8347,DB,0.75634074,3.104092,0.524319,1.1022491,0.0057744235,0.0058079613,0.75634074,3.104092
202402115,Tysen Campbell,2024,S,0.8344,DB,0.7585237,3.1411932,0.5553414,1.2489165,0.002402381,0.0024081664,0.7585237,3.1411932
202402122,Railyn Adams,2024,CB,0.8344,DB,0.8470776,5.5392647,0.64482754,1.8155336,0.0029229315,0.0029315,0.8470776,5.5392647
202402130,Jordan Pierro,2024,CB,0.8337,DB,0.8104468,4.2755637,0.5055896,1.0226111,0.059266854,0.06300071,0.8104468,4.2755637
202402140,Jordan Toney,2024,CB,0.8337,DB,0.7637003,3.231914,0.5465634,1.20538,0.0113241,0.011453805,0.7637003,3.231914
202402143,Daevon Iles,2024,S,0.8337,DB,0.7664275,3.2813263,0.51295817,1.0532117,0.0025231254,0.0025295077,0.7664275,3.2813263
202402145,Gerayas Grimes,2024,S,0.8337,DB,0.7958992,3.8995402,0.43199074,0.7605347,0.0020422079,0.0020463872,0.7958992,3.8995402
202402151,Jaheim Miller,2024,CB,0.8336,DB,0.7593538,3.1554782,0.5690981,1.3207139,0.0045847455,0.0046058623,0.7593538,3.1554782
202402155,Dagan Myers,2024,S,0.8333,DB,0.8663246,6.4808083,0.48635408,0.9468665,0.00090949127,0.0009103192,0.8663246,6.4808083
202402159,Elijah Newell,2024,S,0.833,DB,0.82455647,4.6998396,0.5515214,1.2297609,0.0030769461,0.003086443,0.82455647,4.6998396
202402162,D'Mari Jenkins,2024,S,0.8328,DB,0.81415707,4.380888,0.44602963,0.80515075,0.003130583,0.0031404144,0.81415707,4.380888
202402169,Elijah McDowell,2024,CB,0.8325,DB,0.75218326,3.03524,0.49266192,0.9710723,0.018697565,0.019053826,0.75218326,3.03524
202402172,Avery Demery,2024,CB,0.8319,DB,0.78599143,3.6727102,0.45317948,0.8287536,0.008348749,0.008419038,0.78599143,3.6727102
202402181,Kerry Williams II,2024,CB,0.8314,DB,0.83620477,5.1051836,0.54280484,1.1872498,0.004295707,0.00431424,0.83620477,5.1051836
202402187,CJ Miles Jr.,2024,CB,0.8311,DB,0.7957337,3.8955698,0.36965236,0.5864262,0.0032605212,0.003271187,0.7957337,3.8955698
202402189,MaLik Caswell,2024,S,0.8311,DB,0.7907335,3.7785962,0.49397394,0.9761829,0.009099468,0.009183029,0.7907335,3.7785962
202402191,Chase Jackson,2024,S,0.8308,DB,0.90334314,9.345878,0.665413,1.9887595,0.02283954,0.023373378,0.90334314,9.345878
202402194,Nacari Johnson,2024,CB,0.8306,DB,0.75154036,3.0247986,0.5447353,1.1965244,0.015493463,0.015737288,0.75154036,3.0247986
202402209,Toney Coleman Jr.,2024,S,0.8304,DB,0.8818311,7.4624643,0.75579345,3.0948944,0.0048628347,0.0048865974,0.8818311,7.4624643
202402219,Kam Kynard,2024,S,0.8304,DB,0.89229137,8.284307,0.68571544,2.18183,0.03912739,0.040720686,0.89229137,8.284307
202402228,O'Marion Lewis,2024,S,0.8303,DB,0.78216463,3.590623,0.5854752,1.412401,0.0025925534,0.0025992922,0.78216463,3.590623
202402241,RJ Whitten,2024,S,0.83,DB,0.67032564,2.033296,0.4590294,0.84852934,0.0019641772,0.0019680427,0.67032564,2.033296
202402247,Jamil Watkins,2024,CB,0.83,DB,0.7840792,3.6313276,0.54396975,1.192837,0.009019892,0.009101991,0.7840792,3.6313276
202402249,Anthony Rogers,2024,CB,0.83,DB,0.8366457,5.121664,0.50893676,1.0363976,0.005162052,0.005188837,0.8366457,5.121664
202402255,Tamal Johnson,2024,S,0.83,DB,0.64140177,1.7886362,0.44245133,0.79356545,0.0035859018,0.0035988067,0.64140177,1.7886362
202402259,Roman Martin,2024,CB,0.83,DB,0.590475,1.4418535,0.32853544,0.48928186,0.013985788,0.014184166,0.590475,1.4418535
202402261,Guy Edmond,2024,CB,0.83,DB,0.7474362,2.959396,0.5305333,1.1300766,0.0035630998,0.003575841,0.7474362,2.959396
202402262,Jakwon Morris,2024,CB,0.83,DB,0.8048569,4.1244445,0.4841442,0.9385263,0.009026859,0.009109085,0.8048569,4.1244445
202402268,Elijah Brown,2024,CB,0.83,DB,0.68457854,2.1703613,0.5008734,1.0034996,0.0018859413,0.0018895047,0.68457854,2.1703613
202402287,Jakobe Freeman,2024,CB,0.83,DB,0.7751189,3.446794,0.3462676,0.52967787,0.014459046,0.014671178,0.7751189,3.446794
202402288,Tenerrean Jackson,2024,CB,0.83,DB,0.82727194,4.7894473,0.5210903,1.0880765,0.010314037,0.010421525,0.82727194,4.7894473
202402304,Ja'Corian Norris,2024,S,0.83,DB,0.72080034,2.5816662,0.44302467,0.7954116,0.0027746665,0.0027823867,0.72080034,2.5816662
202402307,Issac Covington,2024,S,0.83,DB,0.8210917,4.589456,0.5128831,1.0528954,0.001230636,0.0012321523,0.8210917,4.589456
202402313,Justin Content,2024,CB,0.8294,DB,0.722314,2.6011899,0.48643684,0.9471802,0.006447357,0.0064891954,0.722314,2.6011899
202402316,La'Varis Stanford,2024,CB,0.8292,DB,0.75861704,3.1427946,0.5561672,1.2531006,0.005488384,0.0055186725,0.75861704,3.1427946
202402317,DeMarius Hines,2024,S,0.8292,DB,0.7921501,3.8111637,0.4700046,0.88680875,0.006899684,0.0069476203,0.7921501,3.8111637
202402320,Trey Lenhardt,2024,S,0.8286,DB,0.7474954,2.960324,0.48819956,0.9538866,0.00674846,0.0067943106,0.7474954,2.960324
202402329,Kaleb Neal,2024,S,0.8278,DB,0.77448577,3.43431,0.4654328,0.8706721,0.0023338022,0.0023392616,0.77448577,3.43431
202402330,Jaylyn Monds,2024,CB,0.8278,DB,0.7222273,2.6000655,0.43150175,0.7590203,0.09413058,0.10391187,0.7222273,2.6000655
202402336,Tyler McKinstry,2024,S,0.827,DB,0.74680245,2.9494853,0.5331762,1.1421357,0.0025250006,0.0025313923,0.74680245,2.9494853
202402345,Chauncey Davis,2024,CB,0.8269,DB,0.6789082,2.1143744,0.46956107,0.8852312,0.004618323,0.004639751,0.6789082,2.1143744
202402349,Jaylen Jones,2024,S,0.8267,DB,0.79692286,3.9242373,0.40853572,0.6907192,0.0012246474,0.001226149,0.79692286,3.9242373
202402359,Jaquari Brown,2024,S,0.8263,DB,0.69063824,2.2324617,0.5067181,1.0272384,0.0036833705,0.0036969879,0.69063824,2.2324617
202402362,Phillip Harris,2024,S,0.8258,DB,0.7739034,3.4228888,0.62063545,1.6359869,0.007989132,0.008053472,0.7739034,3.4228888
202402370,Marc Woods,2024,S,0.8256,DB,0.88839513,7.9601827,0.7973326,3.9341924,0.0028175884,0.0028255496,0.88839513,7.9601827
202402381,Jordan Davis,2024,CB,0.8256,DB,0.7509128,3.014658,0.40298668,0.6750045,0.009291168,0.009378304,0.7509128,3.014658
202402398,Wendell Smith,2024,CB,0.8244,DB,0.7561889,3.1015365,0.6478691,1.839853,0.012439076,0.012595755,0.7561889,3.1015365
202402407,David Moore,2024,CB,0.8237,DB,0.7992517,3.9813616,0.5446388,1.1960589,0.0041310326,0.004148169,0.7992517,3.9813616
202402409,Keyveon Johnson,2024,CB,0.8237,DB,0.741095,2.8624206,0.54953074,1.2199073,0.010393777,0.010502943,0.741095,2.8624206
202402420,Landen Delich,2024,S,0.8236,DB,0.9398133,15.614971,0.50468796,1.0189294,0.0011875355,0.0011889475,0.9398133,15.614971
202402424,AJ Noland,2024,S,0.8233,DB,0.6925487,2.2525475,0.3401574,0.51551294,0.0012664492,0.001268055,0.6925487,2.2525475
202402426,Jaden Williams,2024,S,0.8233,DB,0.789557,3.7518802,0.60199815,1.5125512,0.0035834168,0.003596304,0.789557,3.7518802
202402430,Tyshawn Sanders,2024,CB,0.823,DB,0.7390628,2.8323395,0.5580273,1.2625834,0.007612862,0.0076712626,0.7390628,2.8323395
202402432,D'kyah Banks,2024,S,0.823,DB,0.8259451,4.745313,0.62087303,1.6376388,0.013888136,0.014083732,0.8259451,4.745313
202402437,Chase Regan,2024,S,0.8228,DB,0.8090933,4.2381606,0.4802486,0.9239967,0.0010045724,0.0010055825,0.8090933,4.2381606
202402438,Xavier McIntyre,2024,S,0.8228,DB,0.82545143,4.7290645,0.49739167,0.98962086,0.0008866239,0.0008874107,0.82545143,4.7290645
202402440,Curtis Janvier,2024,S,0.8225,DB,0.7791743,3.528459,0.54731816,1.209057,0.0011460339,0.0011473488,0.7791743,3.528459
202402444,Kela Moore,2024,S,0.8222,DB,0.7768494,3.4812784,0.46275747,0.86135674,0.0030354029,0.0030446446,0.7768494,3.4812784
202402447,Jaylen Allen,2024,CB,0.8219,DB,0.68101525,2.134946,0.4797833,0.92227584,0.008330853,0.008400839,0.68101525,2.134946
202402450,Dontrae Henderson,2024,S,0.8219,DB,0.7749535,3.4435258,0.48368025,0.9367843,0.0056870687,0.0057195965,0.7749535,3.4435258
202402452,Rondell Carter,2024,CB,0.8219,DB,0.7939548,3.8533037,0.6068746,1.5437175,0.030359862,0.031310443,0.7939548,3.8533037
202402454,Semaj Jackson,2024,S,0.8217,DB,0.85371065,5.8357677,0.58527833,1.4112557,0.052956417,0.055917613,0.85371065,5.8357677
202402477,Rodrick Hunter,2024,S,0.8204,DB,0.7578791,3.1301677,0.56372434,1.2921288,0.01173232,0.011871602,0.7578791,3.1301677
202402478,Josh Stone,2024,S,0.8204,DB,0.7421774,2.8786364,0.5342021,1.1468538,0.02326002,0.023813931,0.7421774,2.8786364
202402483,Raheim Sexil,2024,CB,0.8204,DB,0.77998704,3.5451868,0.63930225,1.7724043,0.009062956,0.009145845,0.77998704,3.5451868
202402487,Ephraim Dotson,2024,CB,0.8204,DB,0.7128769,2.482827,0.44212526,0.79251707,0.020823713,0.021266563,0.7128769,2.482827
202402497,Omari Gayles,2024,CB,0.82,DB,0.73799247,2.8166842,0.4830694,0.9344957,0.06004558,0.063881375,0.73799247,2.8166842
202402498,Elijah Bradley,2024,CB,0.82,DB,0.7692862,3.3343747,0.58187205,1.3916124,0.08527803,0.093228355,0.7692862,3.3343747
202402506,Jaden Eddy,2024,S,0.82,DB,0.77084315,3.3638232,0.45512843,0.8352949,0.0026487266,0.0026557609,0.77084315,3.3638232
202402511,Nokoi Maddox,2024,S,0.82,DB,0.7538145,3.0619779,0.5430154,1.1882577,0.03551349,0.036821138,0.7538145,3.0619779
202402516,Keyvon Thomas,2024,CB,0.82,DB,0.8098059,4.2577877,0.44522727,0.80253994,0.024697173,0.02532257,0.8098059,4.2577877
202402532,Bryson Ross,2024,CB,0.82,DB,0.6882097,2.207284,0.5695458,1.3231275,0.034815397,0.03607123,0.6882097,2.207284
202402546,Jake Gillespie,2024,S,0.82,DB,0.7712178,3.3709698,0.50583035,1.0235965,0.043564025,0.045548294,0.7712178,3.3709698
202402551,Anthony Irons,2024,S,0.82,DB,0.78135467,3.573617,0.5023623,1.0094941,0.0025980102,0.0026047775,0.78135467,3.573617
202402568,Javion Randall,2024,CB,0.8196,DB,0.86288124,6.2929482,0.49406338,0.97653216,0.020828132,0.021271171,0.86288124,6.2929482
202402570,Shamir Sterlin,2024,S,0.8196,DB,0.78615206,3.67622,0.57220656,1.3375767,0.0042918967,0.0043103965,0.78615206,3.67622
202402582,Damyrion Darby,2024,CB,0.8189,DB,0.8606574,6.176556,0.5537781,1.2410375,0.0150690675,0.015299618,0.8606574,6.176556
202402583,Joe Lott,2024,S,0.8189,DB,0.8916547,8.229747,0.7792209,3.5294137,0.024967114,0.025606433,0.8916547,8.229747
202402584,Phillip Gladney,2024,CB,0.8189,DB,0.8024043,4.0608387,0.5912981,1.4467711,0.01649109,0.016767608,0.8024043,4.0608387
202402591,Jackson Barton,2024,CB,0.817,DB,0.7650998,3.2571275,0.38759425,0.6329043,0.0020791297,0.0020834615,0.7650998,3.2571275
202402594,John Keough,2024,S,0.817,DB,0.6627018,1.9647355,0.43103153,0.75756663,0.0004053067,0.00040547104,0.6627018,1.9647355
202402596,Caden Vanderbush,2024,S,0.817,DB,0.94670933,17.765013,0.28139865,0.39159217,0.000545122,0.00054541935,0.94670933,17.765013
202402597,Tyrell Marshall,2024,CB,0.817,DB,0.8274679,4.7960234,0.57010674,1.3261589,0.0007036528,0.00070414826,0.8274679,4.7960234
202402598,Jordan Suggs,2024,CB,0.817,DB,0.6583086,1.9266176,0.31353566,0.45673993,0.0038692274,0.0038842566,0.6583086,1.9266176
202402602,Kai Fernandes,2024,S,0.817,DB,0.7940101,3.854607,0.6665291,1.9987626,0.0026101486,0.0026169794,0.7940101,3.854607
202402621,Kal-El Pascal,2024,S,0.8156,DB,0.7541349,3.067271,0.4341544,0.7672665,0.00056967844,0.0005700032,0.7541349,3.067271
202402635,Jakobe Campbell,2024,CB,0.8156,DB,0.7640286,3.2378018,0.4292611,0.75211465,0.003041701,0.003050981,0.7640286,3.2378018
202402647,Renzo Jennings,2024,CB,0.815,DB,0.8106026,4.279904,0.4872417,0.95023656,0.0015062505,0.0015085227,0.8106026,4.279904
202402649,Nick Pace,2024,S,0.8144,DB,0.7920546,3.8089545,0.4318491,0.7600958,0.0007730438,0.00077364186,0.7920546,3.8089545
202402670,Jon Morris,2024,S,0.8137,DB,0.765476,3.2639558,0.578166,1.3706008,0.00043018558,0.0004303707,0.765476,3.2639558
202402674,Ray Hester,2024,S,0.8122,DB,0.8059469,4.1532283,0.48901737,0.95701367,0.00054434297,0.0005446395,0.8059469,4.1532283
202402693,Sadonnie Gay,2024,S,0.8104,DB,0.7208699,2.5825589,0.43825337,0.78016204,0.0011109901,0.0011122257,0.7208699,2.5825589
202402699,Jaion Jackson,2024,CB,0.8104,DB,0.696101,2.290567,0.34794724,0.5336182,0.0056442553,0.0056762937,0.696101,2.290567
202402700,Braden Steely,2024,S,0.8104,DB,0.92853355,12.99258,0.36111486,0.56522655,0.00033796317,0.00033807743,0.92853355,12.99258
202402736,Brilan Reynolds,2024,S,0.81,DB,0.6890146,2.2155852,0.5100103,1.0408592,0.00023305119,0.00023310551,0.6890146,2.2155852
202402738,Gio Kafentzis,2024,S,0.81,DB,0.6991044,2.3234122,0.5680357,1.3150063,0.0014202812,0.0014223013,0.6991044,2.3234122
202402743,Brandon Ervin,2024,CB,0.81,DB,0.72804177,2.6770353,0.44242248,0.79347265,0.012944291,0.0131140435,0.72804177,2.6770353
202402744,Tyler Brown,2024,S,0.81,DB,0.7665142,3.2829154,0.50734985,1.029838,0.0011327313,0.0011340159,0.7665142,3.2829154
202402756,Jacob Asbeck,2024,S,0.81,DB,0.53978866,1.1729147,0.40744507,0.6876073,0.0019081533,0.0019118014,0.53978866,1.1729147
202402762,Billy Eastep,2024,S,0.81,DB,0.6044952,1.5284145,0.2388717,0.31383893,0.00076062896,0.00076120795,0.6044952,1.5284145
202402768,Bukari Miles Jr.,2024,CB,0.81,DB,0.6038445,1.5242615,0.43458724,0.7686194,0.000708346,0.0007088481,0.6038445,1.5242615
202402773,Isaiah Menefee,2024,S,0.81,DB,0.7230125,2.6102712,0.41779345,0.7176035,0.0029911094,0.003000083,0.7230125,2.6102712
202402785,Eric McClain,2024,CB,0.8094,DB,0.75710434,3.1169941,0.3305141,0.49368343,0.0020791297,0.0020834615,0.75710434,3.1169941
202402786,Jackson Lowe,2024,S,0.8094,DB,0.84935725,5.6382217,0.3336547,0.5007234,0.0003448292,0.00034494814,0.84935725,5.6382217
202402796,Matthias Leach,2024,S,0.8083,DB,0.7494912,2.991876,0.43230495,0.7615091,0.00080428825,0.00080493564,0.7494912,2.991876
202402797,Jerome Carter III,2024,S,0.8083,DB,0.761235,3.1882186,0.4506719,0.8204057,0.00075295306,0.0007535204,0.761235,3.1882186
202402808,DJ Morton,2024,S,0.8056,DB,0.9367614,14.813122,0.3859829,0.62861913,0.0010635362,0.0010646684,0.9367614,14.813122
202402809,Alex Nash-Lally,2024,CB,0.8056,DB,0.7953476,3.8863335,0.4934097,0.97398174,0.0018563344,0.0018597868,0.7953476,3.8863335
202402810,Franck Elokan,2024,CB,0.8056,DB,0.80742127,4.1926813,0.5350626,1.1508273,0.00045547826,0.00045568583,0.80742127,4.1926813
202402820,Graham Eben,2024,S,0.805,DB,0.80333287,4.0847335,0.380867,0.61516184,0.0004427913,0.00044298745,0.80333287,4.0847335
202402830,Kam Herring,2024,CB,0.8033,DB,0.8188765,4.521095,0.29430795,0.4170487,0.0023252643,0.0023306836,0.8188765,4.521095
202402838,Anthony Carter,2024,CB,0.803,DB,0.77749854,3.4943526,0.43592376,0.77281,0.0025319685,0.0025383956,0.77749854,3.4943526
202402846,Micah Lillard,2024,S,0.8006,DB,0.93981034,15.614148,0.4344042,0.76804703,0.00226251,0.0022676405,0.93981034,15.614148
202402847,Dev'ion Reynolds,2024,CB,0.8006,DB,0.7605848,3.1768436,0.30375147,0.43626875,0.0020239805,0.0020280853,0.7605848,3.1768436
202402851,Timmy Mitchell,2024,CB,0.8,DB,0.7839618,3.6288104,0.3494002,0.53704315,0.08415994,0.09189371,0.7839618,3.6288104
202402857,Ruben Gamboa,2024,S,0.8,DB,0.73449093,2.7663498,0.42973676,0.7535761,0.0006518513,0.00065227645,0.73449093,2.7663498
202402874,Jayden Robertson,2024,CB,0.8,DB,0.66356874,1.9723754,0.3799035,0.6126522,0.0029454036,0.0029541047,0.66356874,1.9723754
202402876,Kenneth Latu,2024,CB,0.8,DB,0.7859597,3.6720178,0.55640036,1.254285,0.0011994502,0.0012008906,0.7859597,3.6720178
202402889,Diontaye Moorman,2024,S,0.8,DB,0.75723034,3.1191308,0.44007826,0.7859639,0.0018134596,0.0018167542,0.75723034,3.1191308
202402891,Diezel Wilkinson,2024,S,0.8,DB,0.7817862,3.5826616,0.45630977,0.8392827,0.00041292288,0.00041309345,0.7817862,3.5826616
202402896,DaShaun Caffee,2024,CB,0.8,DB,0.959219,23.52121,0.71217024,2.4742758,0.012820274,0.012986767,0.959219,23.52121
202402897,Kenyar Hurt,2024,S,0.8,DB,0.81643,4.4475126,0.43453172,0.76844573,0.0012193815,0.0012208702,0.81643,4.4475126
202402898,Lekih Freeman,2024,S,0.8,DB,0.7480046,2.9683266,0.3947925,0.65232587,0.012992577,0.013163606,0.7480046,2.9683266
202402901,Dawson Johnson,2024,S,0.8,DB,0.7269446,2.6622608,0.47784367,0.9151352,0.0005166981,0.0005169652,0.7269446,2.6622608
202402902,Isiah Bivins,2024,CB,0.8,DB,0.736092,2.7891989,0.4176844,0.7172819,0.0038615435,0.0038765129,0.736092,2.7891989
202402907,Jordan Jones,2024,S,0.8,DB,0.78450835,3.640551,0.41699257,0.715244,0.0014416092,0.0014436905,0.78450835,3.640551
202402920,Drew Minich,2024,S,0.8,DB,0.72305113,2.6107748,0.43478587,0.769241,0.00053010514,0.0005303863,0.72305113,2.6107748
202402922,Jackson Mathews,2024,CB,0.8,DB,0.83682555,5.1284103,0.31650954,0.46307823,0.0006397692,0.0006401788,0.83682555,5.1284103
202402930,Will Steil,2024,S,0.8,DB,0.76928914,3.3344295,0.568538,1.3177012,0.0006752148,0.00067567104,0.76928914,3.3344295
202402938,Dillon Rickenbacker,2024,S,0.8,DB,0.6490683,1.8495573,0.26448157,0.35958523,0.00087503856,0.0008758049,0.6490683,1.8495573
202402940,Laejohn Johnson,2024,CB,0.8,DB,0.6780361,2.1059382,0.3814798,0.61676204,0.0023587123,0.002364289,0.6780361,2.1059382
202402960,Will Mitchell,2024,S,0.7983,DB,0.8578335,6.034006,0.57103115,1.3311716,0.0019079344,0.0019115816,0.8578335,6.034006
202402963,Jed Olotu-Judah,2024,S,0.7983,DB,0.7793139,3.5313234,0.4047131,0.67986226,0.0019914052,0.0019953786,0.7793139,3.5313234
202402964,Tyrese Boss,2024,CB,0.7983,DB,0.7834058,3.6169283,0.4649973,0.8691494,0.0014984279,0.0015006765,0.7834058,3.6169283
202402976,Kamani Jackson,2024,CB,0.7937,DB,0.7968571,3.9226437,0.4929773,0.9722982,0.0005492844,0.00054958626,0.7968571,3.9226437
202403000,DaMari Washington,2024,CB,0.79,DB,0.69388765,2.2667744,0.4047341,0.67992157,0.0013423138,0.001344118,0.69388765,2.2667744
202403004,Marcus White,2024,S,0.79,DB,0.81612355,4.438434,0.44953755,0.81665426,0.0002228396,0.00022288928,0.81612355,4.438434
202403019,Thomas Telesco,2024,S,0.79,DB,0.7100166,2.4484735,0.372131,0.5926889,0.0005359682,0.00053625565,0.7100166,2.4484735
202403033,Thomas D'Onofrio,2024,S,0.79,DB,0.82293546,4.6476583,0.3688961,0.58452517,0.0001920791,0.000192116,0.82293546,4.6476583
202403037,Derald Mitchell,2024,S,0.79,DB,0.71849954,2.552392,0.31199655,0.4534811,0.00025986094,0.0002599285,0.71849954,2.552392
202403044,Trey Thomas,2024,CB,0.79,DB,0.6114332,1.5735601,0.42425382,0.7368765,0.00097108935,0.00097203325,0.6114332,1.5735601
202403052,Kandakai Sherman,2024,S,0.79,DB,0.83237165,4.965578,0.46322677,0.8629841,0.0001920791,0.000192116,0.83237165,4.965578
202403053,Andrew Wiggins,2024,S,0.79,DB,0.83637,5.1113486,0.28381306,0.39628348,0.00025182922,0.00025189266,0.83637,5.1113486
202403063,Ty Bowers,2024,CB,0.79,DB,0.7371842,2.8049467,0.47988507,0.92265207,0.00046576082,0.00046597785,0.7371842,2.8049467
202403068,Brodyn Bishop,2024,S,0.7894,DB,0.77814496,3.5074477,0.3393766,0.5137217,0.0005433047,0.00054360006,0.77814496,3.5074477
202403075,Chris Boykins,2024,S,0.7883,DB,0.735291,2.7777333,0.48596233,0.9453827,0.00021680021,0.00021684721,0.735291,2.7777333
202403076,Willizhuan Yates,2024,CB,0.7844,DB,0.8097223,4.255477,0.5375008,1.1621659,0.0014868921,0.0014891062,0.8097223,4.255477
202403083,Jaylan Moore,2024,CB,0.78,DB,0.7666711,3.2857962,0.48263165,0.93285894,0.00035569692,0.0003558235,0.7666711,3.2857962
202403084,Jace Burton,2024,CB,0.78,DB,0.7373009,2.806636,0.38656005,0.63015145,0.0124340635,0.012590616,0.7373009,2.806636
202403100,Will Rosenmeyer,2024,CB,0.78,DB,0.8377031,5.1615477,0.5234136,1.0982554,0.0017780166,0.0017811835,0.8377031,5.1615477
202403105,Zach Jones,2024,S,0.78,DB,0.7588859,3.1474144,0.43257248,0.76233965,0.00021313653,0.00021318198,0.7588859,3.1474144
202403106,Andre Miller,2024,CB,0.78,DB,0.7182795,2.5496173,0.38428923,0.62413925,0.0011343268,0.0011356149,0.7182795,2.5496173
202403108,Jermaine Agee,2024,S,0.78,DB,0.7687507,3.324338,0.450638,0.82029337,0.00055695005,0.0005572604,0.7687507,3.324338
202403109,Isaiah Jennings,2024,S,0.78,DB,0.74032706,2.8509982,0.5278249,1.1178583,0.0006284207,0.00062881585,0.74032706,2.8509982
202403127,Christian Harris,2024,CB,0.78,DB,0.79401433,3.8547068,0.58684343,1.4203899,0.0013792594,0.0013811644,0.79401433,3.8547068
202403145,Thomas Donofrio,2024,S,0.78,DB,0.8371264,5.1397295,0.47473943,0.903817,0.0001920791,0.000192116,0.8371264,5.1397295
202403169,Zayne McCulley,2024,S,0.78,DB,0.73502153,2.7738914,0.4737546,0.90025425,0.00041714392,0.00041731802,0.73502153,2.7738914
202403171,Cordell Killingsworth,2024,CB,0.78,DB,0.809499,4.249317,0.52591306,1.1093178,0.00089275383,0.00089355157,0.809499,4.249317
202403190,Obe Eyafe,2024,S,0.78,DB,0.84689724,5.531561,0.5840959,1.4044005,0.00024742223,0.00024748346,0.84689724,5.531561
202403191,Elijah Parker,2024,S,0.78,DB,0.78233826,3.5942848,0.4749911,0.9047296,0.00029300805,0.00029309394,0.78233826,3.5942848
202403194,Dillon Conway,2024,CB,0.78,DB,0.81671137,4.455876,0.5004417,1.0017682,0.0008195056,0.0008201777,0.81671137,4.455876
202403227,Tywon Christopher,2024,S,0.78,DB,0.74665755,2.9472263,0.35930812,0.56081265,0.003271233,0.003281969,0.74665755,2.9472263
202403236,Eli Limouris,2024,S,0.78,DB,0.8489021,5.618226,0.571533,1.3339021,0.0002802473,0.00028032585,0.8489021,5.618226
202403237,Russell Peterson,2024,S,0.78,DB,0.9636195,26.48723,0.43676245,0.7754498,0.00026044107,0.0002605089,0.9636195,26.48723
202403238,JT Poynton,2024,S,0.78,DB,0.83776134,5.163759,0.44250977,0.7937534,0.00020218611,0.000202227,0.83776134,5.163759
202403249,Joaquin Sandoval,2024,CB,0.7783,DB,0.8567256,5.979613,0.6687803,2.0191443,0.00055380334,0.0005541102,0.8567256,5.979613
202403258,Ugochukwu Odoemelam,2024,S,0.77,DB,0.5903115,1.440879,0.36512455,0.5751121,0.00076158094,0.0007621614,0.5903115,1.440879
202403259,Keaten Fried,2024,S,0.77,DB,0.5229611,1.096265,0.22453001,0.28954056,0.00044252316,0.00044271906,0.5229611,1.096265
202403262,Ayden Martinez,2024,CB,0.77,DB,0.77629846,3.470242,0.58757985,1.4247118,0.0011364131,0.001137706,0.77629846,3.470242
202403270,Kayden Greene,2024,S,0.77,DB,0.611587,1.574579,0.5990365,1.4939927,0.0011712087,0.001172582,0.611587,1.574579
202403292,Alex Hall,2024,S,0.77,DB,0.6649247,1.9844036,0.5606442,1.2760596,0.0005359682,0.00053625565,0.6649247,1.9844036
202403293,Baron Taylor,2024,S,0.77,DB,0.6649247,1.9844036,0.5606442,1.2760596,0.0005359682,0.00053625565,0.6649247,1.9844036
202403305,Martell Buchanan,2024,S,0.77,DB,0.47246337,0.89560294,0.54275197,1.1869968,0.0013795366,0.0013814423,0.47246337,0.89560294
202403315,Grant Patterson,2024,S,0.77,DB,0.7650624,3.2564492,0.66490567,1.9842343,0.00024557146,0.0002456318,0.7650624,3.2564492
202403316,Antone Araujo,2024,S,0.77,DB,0.6344791,1.7358217,0.46305355,0.8623832,0.000308656,0.00030875127,0.6344791,1.7358217
202403318,Kai Brown,2024,CB,0.77,DB,0.7310228,2.7177868,0.62063223,1.6359646,0.0009181718,0.00091901555,0.7310228,2.7177868
202403321,Johnathan Guerrero,2024,CB,0.77,DB,0.7691679,3.332153,0.5848536,1.4087888,0.00039330852,0.0003934633,0.7691679,3.332153
202403331,Seth Newbern,2024,S,0.77,DB,0.6957613,2.2868931,0.5988712,1.4929646,0.00075281924,0.0007533864,0.6957613,2.2868931
202403332,Isaac Davis,2024,S,0.77,DB,0.74194276,2.8751092,0.5456286,1.2008427,0.0005074844,0.0005077421,0.74194276,2.8751092
202403342,Kevin Arnal,2024,S,0.77,DB,0.5729619,1.3417115,0.5134296,1.0552009,0.00081478385,0.0008154483,0.5729619,1.3417115
202403352,Caden McDonald,2024,S,0.77,DB,0.65762025,1.9207335,0.43801114,0.77939475,0.00035206164,0.00035218566,0.65762025,1.9207335
202403364,Cedrick Major,2024,S,0.77,DB,0.757365,3.1214168,0.5362846,1.1564952,0.00063695683,0.00063736277,0.757365,3.1214168
202403365,Joshua Watkins,2024,CB,0.77,DB,0.79806125,3.9519966,0.65382147,1.8886828,0.0008911603,0.00089195516,0.79806125,3.9519966
202403369,Jamire Davis,2024,CB,0.77,DB,0.58689815,1.4207106,0.53197145,1.1366218,0.0008773951,0.0008781656,0.58689815,1.4207106
202403370,William Washington,2024,CB,0.77,DB,0.8252705,4.723131,0.6849666,2.1742668,0.0005186054,0.0005188745,0.8252705,4.723131
202403388,Steven Lee,2024,S,0.77,DB,0.60348636,1.5219814,0.5855909,1.4130744,0.0011688081,0.0011701757,0.60348636,1.5219814
202403389,Cooper Miller,2024,S,0.77,DB,0.8437244,5.398953,0.63743377,1.7581167,0.00018595198,0.00018598657,0.8437244,5.398953
202403395,Toju Maku,2024,S,0.77,DB,0.6649247,1.9844036,0.5606442,1.2760596,0.0005359682,0.00053625565,0.6649247,1.9844036
202403397,Grady Woodward,2024,S,0.77,DB,0.5925845,1.4544966,0.34138647,0.51834106,0.00029300805,0.00029309394,0.5925845,1.4544966
202403409,Drew Robinson,2024,S,0.77,DB,0.7047962,2.3874903,0.5985173,1.4907674,0.00021719479,0.00021724198,0.7047962,2.3874903
202403412,Ramari Taylor,2024,CB,0.7683,DB,0.63391775,1.7316265,0.5018494,1.0074251,0.0008773951,0.0008781656,0.63391775,1.7316265
202403418,Porter Buck Logan,2024,S,0.76,DB,0.56525964,1.3002235,0.33697537,0.50823957,0.00037493804,0.00037507867,0.56525964,1.3002235
202403438,Jaren Bush,2024,CB,0.76,DB,0.8732237,6.887911,0.15517014,0.18367028,0.00034643832,0.00034655837,0.8732237,6.887911
202403443,Anthony Billberry,2024,CB,0.76,DB,0.6227829,1.6509932,0.6019294,1.5121174,0.0019098769,0.0019135315,0.6227829,1.6509932
202403448,Malik Kamara,2024,S,0.76,DB,0.6622552,1.9608157,0.3577436,0.5570106,0.00088779227,0.00088858115,0.6622552,1.9608157
202403449,Marius Aalona,2024,S,0.76,DB,0.5823781,1.3945104,0.19697239,0.24528718,0.0001920791,0.000192116,0.5823781,1.3945104
202403453,Mack Mrowka,2024,S,0.76,DB,0.66502017,1.9852543,0.5579006,1.2619348,0.0006388041,0.00063921243,0.66502017,1.9852543
202403465,Jayden Madison,2024,S,0.76,DB,0.6630426,1.9677342,0.36852664,0.5835981,0.00024557146,0.0002456318,0.6630426,1.9677342
202403478,Chris Flowers,2024,CB,0.76,DB,0.7248129,2.6338916,0.37352115,0.59622306,0.0007580922,0.00075866736,0.7248129,2.6338916
202403487,Niguse Shelp,2024,CB,0.76,DB,0.784228,3.6345222,0.49223107,0.96939975,0.00055380334,0.0005541102,0.784228,3.6345222
202403501,Carson Navarro,2024,S,0.75,DB,0.8277792,4.8064985,0.28648433,0.40151092,0.0002802473,0.00028032585,0.8277792,4.8064985
202403505,Victor Byaundaombe,2024,CB,0.75,DB,0.88760084,7.8968635,0.3047433,0.43831766,0.0023951398,0.0024008902,0.88760084,7.8968635
202403507,A.J. Henderson,2024,S,0.75,DB,0.84576684,5.4836903,0.4070978,0.6866188,0.00058122794,0.00058156595,0.84576684,5.4836903
202403510,Jack Davis,2024,S,0.75,DB,0.8932012,8.363399,0.68292266,2.1538048,0.00049588823,0.0004961343,0.8932012,8.363399
202403512,Keith Stout,2024,CB,0.75,DB,0.8866675,7.8235936,0.42693025,0.74498826,0.0012383726,0.001239908,0.8866675,7.8235936
202403566,Ojani Gray,2024,CB,0.74,DB,0.80768573,4.1998224,0.14676253,0.17200667,0.0008650899,0.0008658389,0.80768573,4.1998224
202403572,Kajon Babcock,2024,CB,0.74,DB,0.71991473,2.5703413,0.14546226,0.17022333,0.00089275383,0.00089355157,0.71991473,2.5703413
202403598,Elisee Kanda,2024,CB,0.74,DB,0.77947783,3.5346916,0.18043596,0.2201609,0.00036274598,0.00036287762,0.77947783,3.5346916
202403600,Harrison Brun,2024,CB,0.74,DB,0.4248294,0.73861456,0.24493024,0.32438096,0.0009357821,0.0009366586,0.4248294,0.73861456
202403614,Emil Burton,2024,CB,0.74,DB,0.7958498,3.8983543,0.37820992,0.60825986,0.0005511183,0.0005514222,0.7958498,3.8983543
202403615,Joseph Stephens,2024,CB,0.74,DB,0.7954318,3.8883452,0.16397588,0.19613774,0.00089275383,0.00089355157,0.7954318,3.8883452
202403670,Charlie Ayres,2024,S,0.72,DB,0.6892864,2.218398,0.4029071,0.6747813,0.0008014209,0.0008020637,0.6892864,2.218398
202403687,Tanner Moriarty,2024,S,0.71,DB,0.7989403,3.973647,0.210826,0.26714766,0.0002023759,0.00020241686,0.7989403,3.973647
202500008,Devin Sanchez,2025,CB,0.9965,DB,0.9860366,70.61579,0.97609884,40.838966,0.39762783,0.66010326,0.9860366,70.61579
202500010,Jonah Williams,2025,S,0.9962,DB,0.98658216,73.52764,0.97212315,34.872055,0.13898943,0.16142593,0.98658216,73.52764
202500011,DJ Pickett,2025,CB,0.9943,DB,0.9923963,130.51483,0.9693205,31.59503,0.30526367,0.43939498,0.9923963,130.51483
202500013,Na'eem Offord,2025,CB,0.9936,DB,0.99210256,125.62337,0.98744154,78.627594,0.40088987,0.6691422,0.99210256,125.62337
202500014,Dijon Lee Jr.,2025,CB,0.9926,DB,0.9945838,183.6308,0.9740941,37.601234,0.019965587,0.020372333,0.9945838,183.6308
202500027,Kade Phillips,2025,CB,0.9864,DB,0.9879507,81.992256,0.96959835,31.892954,0.042120703,0.043972872,0.9879507,81.992256
202500031,Trey McNutt,2025,S,0.9843,DB,0.98821634,83.86328,0.95582837,21.638964,0.0027849067,0.0027926841,0.98821634,83.86328
202500040,Brandon Finney Jr.,2025,CB,0.9799,DB,0.9823002,55.497883,0.9090068,9.989829,0.004356324,0.0043753847,0.9823002,55.497883
202500049,Tae Harris,2025,S,0.977,DB,0.9865426,73.308464,0.91805357,11.203094,0.19041488,0.23520057,0.9865426,73.308464
202500051,Chuck McDonald III,2025,CB,0.9745,DB,0.99181503,121.17516,0.9569742,22.241873,0.008259746,0.008328538,0.99181503,121.17516
202500054,Drake Stubbs,2025,S,0.9723,DB,0.9835954,59.958405,0.870464,6.7198634,0.004012126,0.0040282877,0.9835954,59.958405
202500055,Faheem Delane,2025,S,0.9716,DB,0.98923814,91.92077,0.8970661,8.714974,0.011192255,0.011318939,0.98923814,91.92077
202500059,Ben Hanks III,2025,CB,0.9695,DB,0.9811553,52.06525,0.9024448,9.250605,0.028505886,0.029342314,0.9811553,52.06525
202500062,Ivan Taylor,2025,S,0.9681,DB,0.9918628,121.892,0.90136194,9.138075,0.0019227574,0.0019264616,0.9918628,121.892
202500063,AnQuon Fegans,2025,S,0.9674,DB,0.99433714,175.58926,0.96873647,30.98615,0.055823304,0.05912379,0.99433714,175.58926
202500064,Dorian Brew,2025,CB,0.9674,DB,0.9925303,132.87395,0.93866426,15.303707,0.079680026,0.086578615,0.9925303,132.87395
202500065,Graceson Littleton,2025,CB,0.9672,DB,0.99011445,100.15775,0.9170716,11.058593,0.0039885524,0.0040045246,0.99011445,100.15775
202500078,Adonyss Currie,2025,CB,0.9601,DB,0.9736284,36.919582,0.9145386,10.701192,0.019254928,0.01963296,0.9736284,36.919582
202500079,Lagonza Hayward,2025,S,0.9599,DB,0.961826,25.195858,0.82880163,4.841177,0.0055346237,0.0055654263,0.961826,25.195858
202500082,J'Vari Flowers,2025,CB,0.9568,DB,0.97236925,35.191566,0.8776125,7.1707673,0.004709646,0.0047319317,0.97236925,35.191566
202500083,Eric Winters,2025,S,0.9566,DB,0.98802894,82.53481,0.9588252,23.286682,0.004235165,0.004253178,0.98802894,82.53481
202500088,Shamari Earls,2025,CB,0.9544,DB,0.9794806,47.734425,0.90064263,9.064679,0.0403612,0.042058744,0.9794806,47.734425
202500096,Kainoa Winston,2025,S,0.9508,DB,0.98609424,70.91263,0.9424736,16.38332,0.0080256825,0.008090615,0.98609424,70.91263
202500105,RJ Sermons,2025,CB,0.9483,DB,0.98405844,61.72912,0.93496937,14.377368,0.000621153,0.0006215391,0.98405844,61.72912
202500107,Jamar Beal-Goines,2025,CB,0.9475,DB,0.95679945,22.147852,0.86922985,6.647005,0.0065742293,0.0066177356,0.95679945,22.147852
202500112,Daryus Dixson,2025,CB,0.9466,DB,0.9868531,75.06369,0.93737876,14.969024,0.0042645778,0.0042828424,0.9868531,75.06369
202500116,Blake Woodby,2025,CB,0.9452,DB,0.9899267,98.27229,0.93666273,14.788493,0.012211997,0.012362974,0.9899267,98.27229
202500131,Elijah Dotson,2025,S,0.9417,DB,0.9431354,16.585627,0.78926843,3.7453735,0.03143765,0.032458056,0.9431354,16.585627
202500138,Bryce Fitzgerald,2025,S,0.9391,DB,0.9585567,23.12936,0.81534374,4.4154677,0.0037226388,0.0037365488,0.9585567,23.12936
202500141,Trystan Haynes,2025,CB,0.938,DB,0.96056694,24.35943,0.7694991,3.3383782,0.029520037,0.030417977,0.96056694,24.35943
202500155,JaDon Blair,2025,S,0.9349,DB,0.9652191,27.751396,0.8526089,5.784671,0.0037053034,0.0037190837,0.9652191,27.751396
202500171,Maison Dunn,2025,CB,0.9303,DB,0.9352114,14.434819,0.8680944,6.581178,0.030191822,0.031131746,0.9352114,14.434819
202500177,Rylon Dillard-Allen,2025,S,0.9296,DB,0.9225405,11.90997,0.82506603,4.7164426,0.0026719589,0.0026791173,0.9225405,11.90997
202500181,Mark Zackery IV,2025,CB,0.9285,DB,0.97839534,45.286316,0.8933566,8.377048,0.009668304,0.009762692,0.97839534,45.286316
202500184,Ja'Boree Antoine,2025,CB,0.9277,DB,0.8991615,8.916849,0.8687542,6.619292,0.067543805,0.07243644,0.8991615,8.916849
202500199,Donovan Starr,2025,CB,0.9252,DB,0.87228286,6.829803,0.82358825,4.6685567,0.009216931,0.009302673,0.87228286,6.829803
202500210,Aidan Anding,2025,CB,0.9216,DB,0.9159227,10.893817,0.8396821,5.2376065,0.020220987,0.020638315,0.9159227,10.893817
202500222,Rashad Johnson Jr.,2025,S,0.9191,DB,0.91830957,11.241336,0.486897,0.9489264,0.0028568737,0.0028650586,0.91830957,11.241336
202500229,Jayden Sanders,2025,CB,0.9176,DB,0.9306765,13.425127,0.7870785,3.6965666,0.12889402,0.14796594,0.9306765,13.425127
202500230,Jontae Gilbert,2025,S,0.9175,DB,0.935374,14.473654,0.7761756,3.4677885,0.008270656,0.00833963,0.935374,14.473654
202500237,Trestin Castro,2025,CB,0.9166,DB,0.9418406,16.194122,0.8247046,4.7046556,0.0514302,0.05421868,0.9418406,16.194122
202500241,Zelus Hicks,2025,S,0.9156,DB,0.89958465,8.958637,0.6469652,1.832582,0.112858795,0.12721626,0.89958465,8.958637
202500242,Chris Ewald Jr.,2025,CB,0.9153,DB,0.8874958,7.8885584,0.8502537,5.6779613,0.0025898102,0.0025965348,0.8874958,7.8885584
202500244,Demetres Samuel Jr.,2025,S,0.9149,DB,0.9313802,13.573056,0.7830429,3.6092062,0.0004478227,0.00044802335,0.9313802,13.573056
202500248,Jahmir Joseph,2025,CB,0.914,DB,0.9238966,12.140019,0.8282368,4.8219695,0.0009719928,0.00097293843,0.9238966,12.140019
202500255,Cobey Sellers,2025,CB,0.9127,DB,0.9206544,11.603096,0.7576823,3.1268141,0.015668552,0.015917964,0.9206544,11.603096
202500257,Omarion Robinson,2025,S,0.9125,DB,0.91415566,10.648992,0.83888984,5.206933,0.006100022,0.0061374605,0.91415566,10.648992
202500258,Byron Baldwin Jr.,2025,S,0.9124,DB,0.9367793,14.817609,0.5553891,1.2491577,0.005071703,0.005097556,0.9367793,14.817609
202500260,Martels Carter Jr.,2025,S,0.9123,DB,0.95922494,23.524796,0.81614316,4.4390144,0.004652859,0.0046746093,0.95922494,23.524796
202500262,Cortez Thomas,2025,S,0.9115,DB,0.9388994,15.366451,0.80946136,4.248279,0.020226061,0.0206436,0.9388994,15.366451
202500274,Jaylan Morgan,2025,S,0.9103,DB,0.8551252,5.902511,0.77720326,3.4883962,0.0046001608,0.00462142,0.8551252,5.902511
202500283,Ladarian Clardy,2025,S,0.9076,DB,0.9456671,17.40505,0.8563951,5.963552,0.0035706973,0.0035834927,0.9456671,17.40505
202500292,Deyjhon Pettaway,2025,S,0.9067,DB,0.934122,14.179581,0.8245247,4.6988077,0.047613498,0.04999388,0.934122,14.179581
202500301,Andrew Purcell,2025,CB,0.9052,DB,0.96005857,24.03666,0.90074474,9.075032,0.026239604,0.026946675,0.96005857,24.03666
202500304,Jacob Bradford,2025,S,0.905,DB,0.9154349,10.825209,0.7451118,2.923289,0.0029780723,0.0029869678,0.9154349,10.825209
202500309,Tariq Hayer,2025,S,0.9046,DB,0.93977666,15.604857,0.7802932,3.551521,0.0076931347,0.0077527775,0.93977666,15.604857
202500310,Micah Strickland,2025,CB,0.9044,DB,0.9298077,13.246581,0.79018193,3.766034,0.024526676,0.025143359,0.9298077,13.246581
202500314,Messiah Delhomme,2025,S,0.9034,DB,0.93055385,13.399647,0.63153243,1.713943,0.025123004,0.025770435,0.93055385,13.399647
202500318,Kendarius Reddick,2025,S,0.9027,DB,0.8777832,7.18218,0.8167398,4.4567223,0.024919268,0.025556108,0.8777832,7.18218
202500330,Carson Lawrence,2025,S,0.9014,DB,0.85719204,6.002411,0.58692443,1.4208646,0.009354414,0.009442746,0.85719204,6.002411
202500335,CJ Bass III,2025,CB,0.9008,DB,0.92545897,12.41543,0.7342433,2.7628398,0.007553634,0.0076111252,0.92545897,12.41543
202500339,Dawayne Galloway Jr.,2025,CB,0.9006,DB,0.9246718,12.275246,0.76390404,3.235566,0.042925492,0.04485073,0.9246718,12.275246
202500342,Zae Thomas,2025,CB,0.9005,DB,0.90322655,9.333413,0.77686656,3.4816232,0.004081492,0.004098219,0.90322655,9.333413
202500344,Kendall Daniels Jr.,2025,S,0.9004,DB,0.9397926,15.609246,0.75883675,3.1465688,0.011755154,0.011894981,0.9397926,15.609246
202500355,Jhase Thomas,2025,S,0.8995,DB,0.9253921,12.403405,0.8252197,4.7214684,0.06836965,0.0733871,0.9253921,12.403405
202500360,Onis Konanbanny,2025,CB,0.8991,DB,0.92480534,12.298818,0.7896974,3.755053,0.04650702,0.04877542,0.92480534,12.298818
202500363,Rasean Dinkins,2025,S,0.8988,DB,0.95499766,21.221066,0.8531987,5.811929,0.03830917,0.039835226,0.95499766,21.221066
202500364,Noah King,2025,CB,0.8985,DB,0.9042081,9.439299,0.6567549,1.9133701,0.012752108,0.012916825,0.9042081,9.439299
202500369,Devin Williams,2025,CB,0.8982,DB,0.89380294,8.416456,0.85957944,6.1214643,0.028764872,0.029616794,0.89380294,8.416456
202500372,Kyle Johnson,2025,CB,0.8977,DB,0.8879683,7.9260454,0.85682344,5.9843836,0.031169733,0.032172542,0.8879683,7.9260454
202500376,Dominick Kelly,2025,CB,0.8975,DB,0.9400727,15.68689,0.80224645,4.0567994,0.013350311,0.013530953,0.9400727,15.68689
202500380,Deshawn Stewart,2025,S,0.8973,DB,0.9227681,11.94802,0.78003037,3.546082,0.015192822,0.015427204,0.9227681,11.94802
202500387,Marcus Wimberly,2025,S,0.8968,DB,0.8510929,5.7155952,0.5845966,1.4072984,0.02039836,0.020823117,0.8510929,5.7155952
202500393,Courtland Guillory,2025,CB,0.8958,DB,0.89314044,8.358077,0.78932416,3.7466288,0.031588785,0.032619186,0.89314044,8.358077
202500403,Keon Young,2025,S,0.8951,DB,0.8648202,6.397554,0.820331,4.5657897,0.0050156764,0.0050409604,0.8648202,6.397554
202500404,Amari Wallace,2025,S,0.895,DB,0.89160305,8.225352,0.86210036,6.251651,0.012524281,0.012683128,0.89160305,8.225352
202500406,Tre Poteat,2025,CB,0.895,DB,0.90856576,9.936822,0.8003485,4.008728,0.012379988,0.012535173,0.90856576,9.936822
202500410,Tony Williams,2025,S,0.895,DB,0.86749864,6.547092,0.7658374,3.2705362,0.003985434,0.004001381,0.86749864,6.547092
202500418,Alex Graham,2025,CB,0.8942,DB,0.8655875,6.4397826,0.80507314,4.1301293,0.0063635525,0.0064043067,0.8655875,6.4397826
202500423,Mason Alexander,2025,CB,0.8935,DB,0.9736839,36.999542,0.7247687,2.6333077,0.014493986,0.014707152,0.9736839,36.999542
202500430,Shamar Arnoux,2025,CB,0.8932,DB,0.8941514,8.447455,0.64959043,1.8538034,0.013549486,0.013735597,0.8941514,8.447455
202500433,Jae'on Young,2025,CB,0.8928,DB,0.83852965,5.193087,0.778678,3.5183036,0.0060178977,0.0060543325,0.83852965,5.193087
202500435,Bryson Webber,2025,CB,0.8927,DB,0.87844914,7.227009,0.6719504,2.0483196,0.019902634,0.020306792,0.87844914,7.227009
202500440,Jadyn Hudson,2025,S,0.8925,DB,0.87053955,6.7243667,0.6721198,2.0498943,0.0046464154,0.0046681054,0.87053955,6.7243667
202500476,Jahmari DeLoatch,2025,S,0.8903,DB,0.843716,5.3986087,0.6617806,1.9566606,0.006779877,0.006826157,0.843716,5.3986087
202500485,Jakarrion Kenan,2025,S,0.8897,DB,0.8791733,7.2763147,0.72427064,2.6267447,0.014300816,0.014508297,0.8791733,7.2763147
202500494,Cree Thomas,2025,S,0.8892,DB,0.8873662,7.878328,0.60847324,1.5541039,0.010214336,0.010319745,0.8873662,7.878328
202500504,Michael Clayton,2025,CB,0.8886,DB,0.82401407,4.6822724,0.67254966,2.0538983,0.02069001,0.02112713,0.82401407,4.6822724
202500509,Timothy Merritt,2025,CB,0.8883,DB,0.92313063,12.009083,0.8644611,6.377957,0.052694406,0.05562556,0.92313063,12.009083
202500514,Steve Miller,2025,S,0.8878,DB,0.8355725,5.081707,0.59073824,1.443424,0.003459706,0.003471717,0.8355725,5.081707
202500520,Ethan Long,2025,S,0.8875,DB,0.84895366,5.620485,0.7506963,3.011172,0.002126028,0.0021305578,0.84895366,5.620485
202500522,Cody Haddad,2025,S,0.887,DB,0.82320064,4.6561294,0.62826675,1.690101,0.009976734,0.010077273,0.82320064,4.6561294
202500528,TJ Branch,2025,S,0.8869,DB,0.8207054,4.577413,0.70439523,2.3828955,0.0074911383,0.007547679,0.8207054,4.577413
202500532,Rukeem Stroud,2025,CB,0.8867,DB,0.864494,6.3797483,0.7206573,2.579832,0.0031380577,0.0031479362,0.864494,6.3797483
202500568,Kaylib Singleton,2025,CB,0.8842,DB,0.87057275,6.726348,0.7118615,2.4705532,0.010292429,0.0103994645,0.87057275,6.726348
202500570,Demarcus Gardner,2025,CB,0.8839,DB,0.8081307,4.2118807,0.690925,2.2354608,0.015137487,0.015370153,0.8081307,4.2118807
202500586,Fenix Felton,2025,S,0.8831,DB,0.8940488,8.438309,0.7284609,2.682711,0.003349516,0.0033607732,0.8940488,8.438309
202500610,Sheldon Robinson,2025,S,0.8819,DB,0.8919356,8.25374,0.6436222,1.8060111,0.0023647186,0.0023703238,0.8919356,8.25374
202500614,LaRue Zamorano III,2025,CB,0.8817,DB,0.7961073,3.9045403,0.53877085,1.1681197,0.014016451,0.014215705,0.7961073,3.9045403
202500615,Xxavier Thomas,2025,CB,0.8814,DB,0.9243679,12.2219,0.72751415,2.6699152,0.025653852,0.0263293,0.9243679,12.2219
202500621,Jo Pierce,2025,S,0.8811,DB,0.9251918,12.367522,0.86262774,6.2794905,0.005289843,0.0053179744,0.9251918,12.367522
202500630,Jahmare Washington,2025,CB,0.8808,DB,0.71779764,2.5435565,0.42981517,0.75381726,0.032567922,0.033664297,0.71779764,2.5435565
202500633,Brandon Logan,2025,S,0.8807,DB,0.97256845,35.454376,0.6757171,2.0837274,0.0013843488,0.001386268,0.97256845,35.454376
202500643,Jason Stokes Jr.,2025,CB,0.8801,DB,0.8911855,8.189954,0.6095283,1.5610051,0.024437945,0.025050119,0.8911855,8.189954
202500644,Maliek Hawkins,2025,CB,0.88,DB,0.8863888,7.8019476,0.67471635,2.07424,0.05419781,0.057303537,0.8863888,7.8019476
202500645,Jay'len Mosley,2025,S,0.88,DB,0.86702174,6.520026,0.64762676,1.8378999,0.0014060283,0.0014080079,0.86702174,6.520026
202500654,Locke Kennedy,2025,S,0.88,DB,0.7946748,3.8703232,0.5392922,1.1705732,0.0020614022,0.0020656604,0.7946748,3.8703232
202500655,Deon Mays,2025,CB,0.88,DB,0.8911855,8.189954,0.6095283,1.5610051,0.024437945,0.025050119,0.8911855,8.189954
202500657,Daniel Okonkwo,2025,S,0.88,DB,0.904002,9.416884,0.6859661,2.1843693,0.0026881427,0.0026953884,0.904002,9.416884
202500660,Michael Igbinoghene,2025,CB,0.8797,DB,0.9585486,23.124641,0.84985125,5.6600623,0.2546523,0.34165567,0.9585486,23.124641
202500661,Chris McCorkle,2025,CB,0.8797,DB,0.8715495,6.7850995,0.7119384,2.4714794,0.011909853,0.012053407,0.8715495,6.7850995
202500662,Mark Manfred III,2025,CB,0.8797,DB,0.8872391,7.8683224,0.6652822,1.9875913,0.018255722,0.01859519,0.8872391,7.8683224
202500675,Dante Core,2025,CB,0.8794,DB,0.88470346,7.673287,0.7235822,2.617712,0.0029923778,0.003001359,0.88470346,7.673287
202500676,Dyllon Williams,2025,S,0.8794,DB,0.91645974,10.970276,0.8508681,5.705474,0.035080962,0.03635638,0.91645974,10.970276
202500682,Josh Sims,2025,CB,0.8793,DB,0.8249412,4.712367,0.70493627,2.3890984,0.024543233,0.02516076,0.8249412,4.712367
202500688,Damarcus Leach,2025,S,0.8789,DB,0.8413606,5.3036056,0.5869658,1.421107,0.014274974,0.0144817,0.8413606,5.3036056
202500691,Zadian Gentry,2025,CB,0.8786,DB,0.79511064,3.880683,0.61799467,1.6177645,0.027034082,0.02778523,0.79511064,3.880683
202500694,Sidney Walton,2025,S,0.8786,DB,0.9308633,13.464103,0.8138683,4.3725395,0.005775557,0.005809108,0.9308633,13.464103
202500703,Ty Redmond,2025,CB,0.8781,DB,0.8894975,8.04957,0.59393454,1.4626571,0.04352407,0.04550462,0.8894975,8.04957
202500705,Dylan Lewis,2025,CB,0.8778,DB,0.8968764,8.697101,0.61734927,1.6133492,0.005245431,0.0052730907,0.8968764,8.697101
202500711,Logan Bartley,2025,S,0.8778,DB,0.78854454,3.7291281,0.44371915,0.7976531,0.002385308,0.0023910115,0.78854454,3.7291281
202500716,Renick Dorilas,2025,CB,0.8775,DB,0.73353577,2.7528489,0.4907979,0.96385676,0.14058499,0.16358219,0.73353577,2.7528489
202500717,Zyntreacs Otey,2025,CB,0.8775,DB,0.7491484,2.986421,0.5604653,1.2751331,0.020618267,0.021052329,0.7491484,2.986421
202500722,Corey Costner,2025,S,0.8772,DB,0.91186005,10.3455925,0.5004182,1.0016742,0.004020207,0.0040364345,0.91186005,10.3455925
202500727,CJ Spence,2025,CB,0.8769,DB,0.8813983,7.431584,0.6604418,1.9450034,0.044651445,0.046738382,0.8813983,7.431584
202500742,Davin Chandler,2025,S,0.8764,DB,0.87251186,6.8438673,0.61146283,1.5737563,0.028295983,0.029119961,0.87251186,6.8438673
202500745,Aydan West,2025,CB,0.8764,DB,0.9216705,11.766582,0.6466198,1.8298134,0.0038208447,0.0038354995,0.9216705,11.766582
202500749,Deuce Edwards,2025,S,0.8761,DB,0.9080372,9.8739605,0.5314347,1.1341743,0.02196812,0.02246156,0.9080372,9.8739605
202500755,Bo Onu,2025,S,0.8761,DB,0.8855076,7.734203,0.673894,2.0664876,0.05354323,0.056572292,0.8855076,7.734203
202500766,Swayde Griffin,2025,CB,0.8756,DB,0.8568152,5.9839826,0.5065282,1.0264583,0.01898348,0.019350825,0.8568152,5.9839826
202500768,Caden VerMaas,2025,S,0.8753,DB,0.8892476,8.029149,0.6454788,1.8207057,0.0026390988,0.002646082,0.8892476,8.029149
202500772,Braz Thomas,2025,S,0.8753,DB,0.8457225,5.4818263,0.6317256,1.7153666,0.003764527,0.0037787522,0.8457225,5.4818263
202500779,Kuron Jabari Jr.,2025,CB,0.8753,DB,0.8237041,4.672282,0.41682914,0.7147633,0.0020406866,0.0020448596,0.8237041,4.672282
202500780,Micah Rice,2025,S,0.8753,DB,0.90827805,9.902515,0.66055375,1.9459746,0.003764527,0.0037787522,0.90827805,9.902515
202500785,Marcus Upton,2025,S,0.875,DB,0.85697186,5.991631,0.703587,2.373671,0.0027250876,0.002732534,0.85697186,5.991631
202500786,Jett White,2025,CB,0.875,DB,0.77583224,3.4609447,0.67928714,2.118054,0.026622228,0.027350357,0.77583224,3.4609447
202500787,Cole Woodson,2025,S,0.875,DB,0.8422836,5.340495,0.6053288,1.5337547,0.004281659,0.0043000705,0.8422836,5.340495
202500790,Tavares Murray,2025,S,0.875,DB,0.81691295,4.4618826,0.69967884,2.3297687,0.0029878858,0.00299684,0.81691295,4.4618826
202500799,Tywan Cox,2025,S,0.8744,DB,0.84943914,5.641833,0.73336256,2.750411,0.0028012572,0.0028091262,0.84943914,5.641833
202500804,Javion Holiday,2025,CB,0.8744,DB,0.824075,4.68424,0.62083316,1.6373614,0.067855395,0.07279493,0.824075,4.68424
202500805,Kobi Foreman,2025,CB,0.8744,DB,0.8509502,5.709166,0.7202586,2.57473,0.06351867,0.06782695,0.8509502,5.709166
202500811,Cam Strong,2025,CB,0.8744,DB,0.84291047,5.3657966,0.73547363,2.7803414,0.035276167,0.03656608,0.84291047,5.3657966
202500820,Remington Moss,2025,S,0.8739,DB,0.8823646,7.50084,0.52968705,1.1262438,0.0006744469,0.0006749021,0.8823646,7.50084
202500822,Javion Butts,2025,S,0.8739,DB,0.8622915,6.261717,0.62759906,1.6852778,0.0030713344,0.0030807965,0.8622915,6.261717
202500825,Vanzale Hinton,2025,CB,0.8739,DB,0.9103503,10.15453,0.74651855,2.945062,0.0009930567,0.0009940439,0.9103503,10.15453
202500827,James Finley,2025,CB,0.8736,DB,0.949107,18.649065,0.6444715,1.8127142,0.0063583083,0.006398995,0.949107,18.649065
202500829,Kolbe Harmon,2025,CB,0.8736,DB,0.8131847,4.35288,0.65295535,1.8814737,0.0022856342,0.0022908703,0.8131847,4.35288
202500844,Manny Fuller,2025,S,0.8733,DB,0.8451539,5.4580264,0.60376596,1.523761,0.004467818,0.004487869,0.8451539,5.4580264
202500846,Joshua Johnson,2025,CB,0.8733,DB,0.7256969,2.6456025,0.66608745,1.994796,0.00079540885,0.00079604203,0.7256969,2.6456025
202500850,Allen Gant,2025,S,0.8731,DB,0.8174298,4.4773445,0.5417579,1.1822525,0.111611634,0.12563382,0.8174298,4.4773445
202500857,Andre Lovett Jr.,2025,S,0.8728,DB,0.75741667,3.1222947,0.33656618,0.5073094,0.0038575232,0.0038724612,0.75741667,3.1222947
202500863,Josiah Persinger,2025,CB,0.8728,DB,0.91477025,10.732991,0.729009,2.690159,0.0022856342,0.0022908703,0.91477025,10.732991
202500864,Ian Williams,2025,S,0.8728,DB,0.8806798,7.38081,0.6294196,1.6984699,0.0041544996,0.0041718315,0.8806798,7.38081
202500869,Deante Lindsay,2025,CB,0.8725,DB,0.81759214,4.48222,0.6193544,1.6271158,0.0037869434,0.0038013388,0.81759214,4.48222
202500873,Joseph Smith,2025,CB,0.8722,DB,0.85203063,5.758156,0.67609817,2.0873551,0.0035480505,0.003560684,0.85203063,5.758156
202500880,Tyren Polley,2025,S,0.8719,DB,0.9199533,11.492705,0.75287193,3.046485,0.020830087,0.02127321,0.9199533,11.492705
202500881,Jayden Glosten,2025,S,0.8719,DB,0.90429914,9.449227,0.66264963,1.9642771,0.0014623272,0.0014644688,0.90429914,9.449227
202500882,Seaonta Stewart Jr.,2025,CB,0.8719,DB,0.7890513,3.740489,0.7018215,2.3536959,0.0060816575,0.0061188703,0.7890513,3.740489
202500889,Nate Tilmon,2025,S,0.8717,DB,0.89387375,8.42274,0.7294153,2.6957004,0.0041262954,0.004143392,0.89387375,8.42274
202500914,Sael Reyes,2025,S,0.8711,DB,0.89488757,8.513622,0.76273996,3.2147846,0.003330994,0.0033421265,0.89488757,8.513622
202500916,Aiden Manutai,2025,S,0.8708,DB,0.9070408,9.757404,0.7030539,2.3676145,0.0014679967,0.001470155,0.9070408,9.757404
202500917,Tre Fuller,2025,S,0.8708,DB,0.8340894,5.0273423,0.65295225,1.8814479,0.0017380938,0.00174112,0.8340894,5.0273423
202500918,Julien Horton,2025,S,0.8708,DB,0.9294527,13.1748905,0.7446962,2.916902,0.0015808045,0.0015833073,0.9294527,13.1748905
202500919,RJ Collins,2025,CB,0.8708,DB,0.92437667,12.223432,0.76283085,3.2164001,0.0041010566,0.0041179443,0.92437667,12.223432
202500932,Javon Lawrence,2025,CB,0.8706,DB,0.90215105,9.219833,0.7482215,2.9717453,0.0060329274,0.0060695447,0.90215105,9.219833
202500962,Brandon Wilson,2025,S,0.87,DB,0.7943076,3.861628,0.72402,2.623451,0.0016306373,0.0016333007,0.7943076,3.861628
202500968,Taijh Overton,2025,S,0.8697,DB,0.8849622,7.692795,0.82625383,4.7555227,0.0019398513,0.0019436217,0.8849622,7.692795
202500971,Ben Alefaio-Lilii,2025,S,0.8697,DB,0.8312887,4.927285,0.6310538,1.7104223,0.00039879623,0.00039895534,0.8312887,4.927285
202500977,MJ Preston,2025,CB,0.8694,DB,0.88322186,7.5632467,0.71362877,2.4919708,0.0004265499,0.00042673192,0.88322186,7.5632467
202500978,Sekou Smith Jr.,2025,S,0.8694,DB,0.76223445,3.2058237,0.6965019,2.2949138,0.0013340444,0.0013358265,0.76223445,3.2058237
202500985,Brandon Rose,2025,S,0.8689,DB,0.9076887,9.832908,0.70621806,2.4038854,0.0007153299,0.00071584195,0.9076887,9.832908
202500992,Draden Fullbright,2025,CB,0.8689,DB,0.8449113,5.447922,0.64355105,1.8054508,0.0023846375,0.0023903376,0.8449113,5.447922
202500993,Xavier Thompson,2025,CB,0.8689,DB,0.8521491,5.7635717,0.7689281,3.3276575,0.003864129,0.0038791185,0.8521491,5.7635717
202500996,Ramonz Adams Jr.,2025,CB,0.8689,DB,0.7913466,3.792637,0.54497886,1.1977,0.0027997047,0.002807565,0.7913466,3.792637
202500998,Jordan Gibbs,2025,CB,0.8689,DB,0.8856541,7.7453938,0.7239506,2.6225402,0.0060329274,0.0060695447,0.8856541,7.7453938
202501001,Leo Almanza Jr.,2025,CB,0.8689,DB,0.8412982,5.3011265,0.6179218,1.6172655,0.0048136483,0.004836932,0.8412982,5.3011265
202501006,Serious Stinyard,2025,CB,0.8689,DB,0.905816,9.6175165,0.7393066,2.8359241,0.0035527064,0.0035653734,0.905816,9.6175165
202501007,Josh Patterson,2025,S,0.8686,DB,0.8305207,4.9004254,0.72272736,2.6065586,0.00061492453,0.0006153029,0.8305207,4.9004254
202501008,Max Redmon,2025,S,0.8686,DB,0.868113,6.5822473,0.68165857,2.1412814,0.0006215942,0.0006219808,0.868113,6.5822473
202501009,Cayden Daniels,2025,CB,0.8686,DB,0.8417752,5.320121,0.70295364,2.3664777,0.0029967797,0.0030057875,0.8417752,5.320121
202501033,Evan Young,2025,S,0.8681,DB,0.86753005,6.5488815,0.6680313,2.012332,0.0060588224,0.0060957554,0.86753005,6.5488815
202501038,Jaylen Bell,2025,CB,0.8678,DB,0.89238966,8.292787,0.7435028,2.898678,0.0039947173,0.004010739,0.89238966,8.292787
202501039,Joseph Albright,2025,S,0.8678,DB,0.75772053,3.1274648,0.5582132,1.2635351,0.0027230512,0.0027304864,0.75772053,3.1274648
202501041,Jonnie Carter,2025,S,0.8678,DB,0.86940897,6.6574936,0.69776636,2.3086987,0.00061072037,0.0006110936,0.86940897,6.6574936
202501045,Caden Gordon,2025,CB,0.8675,DB,0.8839166,7.614497,0.71666676,2.529413,0.0048450786,0.0048686676,0.8839166,7.614497
202501051,Des Straughton,2025,S,0.8672,DB,0.897446,8.750958,0.7791622,3.5282109,0.0005809543,0.000581292,0.897446,8.750958
202501054,CJ Bell Jr.,2025,CB,0.8672,DB,0.89076555,8.154621,0.702354,2.359696,0.005873129,0.005907826,0.89076555,8.154621
202501055,Patrick Williams,2025,CB,0.8672,DB,0.89736766,8.743517,0.6840016,2.1645732,0.002581782,0.0025884649,0.89736766,8.743517
202501057,Zack Harden,2025,S,0.8672,DB,0.89125377,8.195721,0.706947,2.4123523,0.0011497128,0.0011510362,0.89125377,8.195721
202501061,Armoni Weaver,2025,CB,0.8669,DB,0.8881505,7.9405866,0.74883646,2.9814696,0.006454408,0.006496338,0.8881505,7.9405866
202501063,Zach Ruffin,2025,S,0.8669,DB,0.96240556,25.59968,0.7867182,3.6886325,0.0025468257,0.0025533286,0.96240556,25.59968
202501065,Ja'Bree Bickham,2025,CB,0.8669,DB,0.86985314,6.6836276,0.7208877,2.5827875,0.008455872,0.008527983,0.86985314,6.6836276
202501071,Jayden Barr,2025,S,0.8667,DB,0.87407726,6.9413776,0.5307631,1.1311196,0.009401827,0.00949106,0.87407726,6.9413776
202501072,Omarion Davis,2025,S,0.8667,DB,0.9069844,9.750883,0.7175658,2.5406473,0.0016306373,0.0016333007,0.9069844,9.750883
202501080,Coleman Patmon,2025,S,0.8664,DB,0.87842333,7.2252626,0.7022254,2.3582447,0.0036042454,0.003617283,0.87842333,7.2252626
202501083,Zacharey Smith,2025,CB,0.8664,DB,0.8840034,7.6209426,0.70577943,2.3988106,0.0036227782,0.0036359504,0.8840034,7.6209426
202501084,JoJo Scott,2025,CB,0.8664,DB,0.8964432,8.656535,0.6904691,2.230695,0.0045673214,0.0045882775,0.8964432,8.656535
202501091,D'Aryhian Clemons,2025,S,0.8658,DB,0.84151065,5.309572,0.61616826,1.6053083,0.0018849334,0.0018884932,0.84151065,5.309572
202501095,Gavin Jenkins,2025,CB,0.8658,DB,0.881842,7.4632454,0.72377336,2.6202157,0.0060493737,0.0060861916,0.881842,7.4632454
202501102,Chris Hatfield,2025,S,0.8658,DB,0.77345157,3.4140673,0.49531,0.9814144,0.0010927578,0.0010939531,0.77345157,3.4140673
202501123,Tre' Harrison,2025,S,0.865,DB,0.7477447,2.9642375,0.60249466,1.5156895,0.0006313442,0.00063174305,0.7477447,2.9642375
202501129,Martel Jackson,2025,CB,0.865,DB,0.7475868,2.9617577,0.670474,2.0346618,0.0045321756,0.0045528095,0.7475868,2.9617577
202501130,Blake Thompson,2025,CB,0.865,DB,0.8544505,5.870516,0.64480346,1.8153428,0.0056645954,0.0056968657,0.8544505,5.870516
202501135,Colin Peacock,2025,S,0.8647,DB,0.8946477,8.491963,0.6345504,1.7363554,0.0057620737,0.0057954676,0.8946477,8.491963
202501142,Marquet Dorsey Jr.,2025,CB,0.8647,DB,0.88535243,7.722383,0.6242458,1.6613144,0.005295933,0.0053241295,0.88535243,7.722383
202501146,Elijah Pratt,2025,S,0.8647,DB,0.87403667,6.9388185,0.7343588,2.764476,0.0015575421,0.0015599718,0.87403667,6.9388185
202501147,Josiah Rainey,2025,CB,0.8647,DB,0.88940006,8.041596,0.7397131,2.841914,0.0037192535,0.003733138,0.88940006,8.041596
202501169,Jordyn Woods,2025,CB,0.8642,DB,0.87608695,7.070175,0.6893734,2.219299,0.0030883425,0.00309791,0.87608695,7.070175
202501186,Kaleb Lanier,2025,S,0.8639,DB,0.90381104,9.396203,0.6698251,2.0286977,0.0019160376,0.0019197159,0.90381104,9.396203
202501194,William Wiebush,2025,CB,0.8639,DB,0.8440967,5.414233,0.6125731,1.5811319,0.00094716274,0.0009480607,0.8440967,5.414233
202501198,Jussiah Williams-West,2025,S,0.8637,DB,0.8009899,4.0248713,0.60849035,1.5542154,0.004123099,0.0041401694,0.8009899,4.0248713
202501199,Maliki Wright,2025,S,0.8636,DB,0.9078741,9.854712,0.67517376,2.078569,0.0011902042,0.0011916225,0.9078741,9.854712
202501203,Xavier Skowron,2025,S,0.8633,DB,0.9169557,11.041767,0.7021308,2.3571782,0.011885786,0.0120287575,0.9169557,11.041767
202501208,Jayden Shipps,2025,CB,0.8633,DB,0.92147225,11.734352,0.6662169,1.9959576,0.005295933,0.0053241295,0.92147225,11.734352
202501215,Rayshon Andrews,2025,CB,0.8633,DB,0.8848573,7.684875,0.801866,4.047089,0.003797411,0.0038118863,0.8848573,7.684875
202501219,CJ Jones,2025,CB,0.8633,DB,0.9050114,9.527581,0.5785945,1.3730114,0.004962989,0.004987743,0.9050114,9.527581
202501226,George Mullins,2025,CB,0.8631,DB,0.84942263,5.641104,0.7282951,2.6804636,0.0066467645,0.0066912393,0.84942263,5.641104
202501236,Julius Simms,2025,S,0.8631,DB,0.86456305,6.383509,0.706812,2.4107811,0.0036042454,0.003617283,0.86456305,6.383509
202501246,Lonnie McAllister III,2025,CB,0.8625,DB,0.912236,10.39419,0.7420571,2.8768268,0.0059857974,0.006021843,0.912236,10.39419
202501249,Ashton Cunningham,2025,CB,0.8625,DB,0.71320105,2.486763,0.6247215,1.6646879,0.0303763,0.031327926,0.71320105,2.486763
202501255,Omari Gaines,2025,S,0.8622,DB,0.8719299,6.808223,0.66550374,1.98957,0.0053921933,0.0054214266,0.8719299,6.808223
202501258,Knahlij Harrell,2025,CB,0.8622,DB,0.94608283,17.546968,0.7699454,3.346794,0.0029936812,0.0030026704,0.94608283,17.546968
202501262,Darrion Jones,2025,S,0.8622,DB,0.8655501,6.4377146,0.7379897,2.8166442,0.0046612276,0.0046830564,0.8655501,6.4377146
202501264,Tahj Crutchfield,2025,CB,0.8622,DB,0.8328362,4.9821568,0.6008563,1.5053633,0.0039735134,0.003989365,0.8328362,4.9821568
202501279,Naiim Parrish,2025,S,0.8617,DB,0.85269266,5.788528,0.64288414,1.8002117,0.0012932824,0.0012949571,0.85269266,5.788528
202501281,David Kuku,2025,CB,0.8617,DB,0.8495252,5.645632,0.55830413,1.2640013,0.004053302,0.004069798,0.8495252,5.645632
202501282,Grant Grayton,2025,S,0.8617,DB,0.88886636,7.998176,0.4971884,0.98881644,0.00101545,0.0010164821,0.88886636,7.998176
202501283,RJ Jones III,2025,CB,0.8617,DB,0.9011447,9.115794,0.7447438,2.9176328,0.0015294644,0.0015318072,0.9011447,9.115794
202501289,Chase Coleman,2025,CB,0.8617,DB,0.7464828,2.9445055,0.50639975,1.0259309,0.0045687696,0.004589739,0.7464828,2.9445055
202501290,Lo'Kavion Jackson,2025,S,0.8617,DB,0.8525821,5.783437,0.66770416,2.0093668,0.0018005917,0.0018038397,0.8525821,5.783437
202501293,Charleston Coldon,2025,CB,0.8614,DB,0.8509316,5.708329,0.45753092,0.843423,0.007493681,0.00755026,0.8509316,5.708329
202501300,Kason Brown,2025,S,0.8611,DB,0.9492468,18.703201,0.7331631,2.747608,0.0043902537,0.004409613,0.9492468,18.703201
202501305,Michael Henderson III,2025,S,0.8608,DB,0.930287,13.344527,0.767913,3.3087287,0.011743682,0.011883236,0.930287,13.344527
202501306,Dominic Mitchell,2025,S,0.8608,DB,0.85175276,5.745488,0.35615018,0.5531572,0.0016276196,0.0016302731,0.85175276,5.745488
202501326,Donmiel Rogers,2025,CB,0.86,DB,0.91606385,10.913817,0.7671052,3.2937846,0.011336113,0.011466094,0.91606385,10.913817
202501330,Brock Beaner,2025,S,0.86,DB,0.8670505,6.5216546,0.543125,1.1887823,0.0007003136,0.00070080435,0.8670505,6.5216546
202501345,Marquis Williams,2025,CB,0.86,DB,0.9150408,10.770354,0.6609587,1.9494933,0.004053302,0.004069798,0.9150408,10.770354
202501347,Aydden Moody,2025,CB,0.86,DB,0.94750774,18.050426,0.7735225,3.4154496,0.019785909,0.020185294,0.94750774,18.050426
202501348,Cordial Vann,2025,S,0.86,DB,0.8646552,6.3885365,0.6128306,1.5828487,0.00796123,0.00802512,0.8646552,6.3885365
202501349,Tyrone Cotton III,2025,CB,0.86,DB,0.821337,4.5971293,0.44305637,0.7955138,0.0076563046,0.0077153756,0.821337,4.5971293
202501352,Gil Jackson,2025,CB,0.86,DB,0.83717555,5.141584,0.59667206,1.479372,0.0040519875,0.004068473,0.83717555,5.141584
202501372,Devon Smoot,2025,S,0.86,DB,0.88311243,7.5552297,0.59321433,1.458297,0.00449661,0.0045169205,0.88311243,7.5552297
202501374,Derrion Horsley,2025,CB,0.86,DB,0.8470068,5.536238,0.6066935,1.5425464,0.0014411041,0.0014431839,0.8470068,5.536238
202501376,JQ Brooks,2025,CB,0.86,DB,0.9344196,14.248452,0.8264122,4.7607737,0.013385889,0.013567503,0.9344196,14.248452
202501385,Tavius Horne Jr.,2025,CB,0.86,DB,0.84469,5.4387364,0.63293165,1.7242882,0.0023122996,0.0023176586,0.84469,5.4387364
202501394,Zytavien Boddie,2025,CB,0.86,DB,0.9325596,13.827909,0.73326486,2.7490375,0.016541196,0.016819408,0.9325596,13.827909
202501403,Antonio Parker,2025,S,0.8594,DB,0.89557505,8.576255,0.60482514,1.5305253,0.0025347786,0.00254122,0.89557505,8.576255
202501408,Kyle Peterson,2025,S,0.8592,DB,0.8775844,7.1688933,0.5441991,1.1939404,0.006203026,0.006241744,0.8775844,7.1688933
202501409,Ziyyon Bredell,2025,CB,0.8592,DB,0.8734819,6.9040093,0.56324947,1.2896366,0.0065184436,0.0065612122,0.8734819,6.9040093
202501412,Drew MacPherson,2025,S,0.8592,DB,0.8929431,8.340826,0.5484912,1.2147962,0.0010656554,0.0010667922,0.8929431,8.340826
202501430,Sammy Etienne,2025,S,0.8589,DB,0.903971,9.413523,0.65073264,1.863136,0.002836306,0.0028443735,0.903971,9.413523
202501436,Fabo Chaney,2025,CB,0.8586,DB,0.8793864,7.2909408,0.58974475,1.4375069,0.0017710541,0.0017741963,0.8793864,7.2909408
202501453,Tristan Teasdell,2025,S,0.8583,DB,0.9077134,9.835811,0.5085294,1.0347098,0.0040492043,0.004065667,0.9077134,9.835811
202501462,Landon Hammond,2025,CB,0.8581,DB,0.59197694,1.4508419,0.3215393,0.47392473,0.041860085,0.04368891,0.59197694,1.4508419
202501468,Freddie Gillens,2025,CB,0.8578,DB,0.85408175,5.8531523,0.7039264,2.3775384,0.002691636,0.0026989004,0.85408175,5.8531523
202501473,Andrew Pellicciotta,2025,S,0.8578,DB,0.85204285,5.7587137,0.58297044,1.3979115,0.01976958,0.020168297,0.85204285,5.7587137
202501474,Braylon Singleton,2025,CB,0.8578,DB,0.8082979,4.2164264,0.47688758,0.911635,0.0046451916,0.00466687,0.8082979,4.2164264
202501482,Brandon Schmelzle,2025,S,0.8575,DB,0.6286106,1.6925918,0.60849714,1.5542598,0.0022326855,0.0022376815,0.6286106,1.6925918
202501520,Will Felder Jr.,2025,S,0.8567,DB,0.79449815,3.866136,0.60841686,1.5537361,0.0022326855,0.0022376815,0.79449815,3.866136
202501525,Osiris Gilbert,2025,CB,0.8564,DB,0.85134476,5.7269745,0.7922633,3.8137865,0.0067779734,0.006824228,0.85134476,5.7269745
202501526,Axavier Bridges-Brooks,2025,S,0.8564,DB,0.80999047,4.2628937,0.43782225,0.7787968,0.0009520779,0.0009529852,0.80999047,4.2628937
202501530,Joshua Tuchek,2025,CB,0.8564,DB,0.7294456,2.696114,0.4514529,0.82299757,0.0036395367,0.0036528313,0.7294456,2.696114
202501535,Josiah Alanis,2025,S,0.8561,DB,0.7343992,2.765049,0.5940531,1.4633763,0.006847337,0.006894546,0.7343992,2.765049
202501561,TJ Tillman,2025,S,0.855,DB,0.484125,0.9384541,0.5117708,1.0482183,0.004303875,0.004322478,0.484125,0.9384541
202501562,Ma'khi Jones,2025,S,0.855,DB,0.76873845,3.3241084,0.6767682,2.0937548,0.0037726238,0.0037869103,0.76873845,3.3241084
202501569,Bryce Smith,2025,S,0.855,DB,0.54510075,1.1982889,0.49175474,0.9675541,0.0035683366,0.0035811153,0.54510075,1.1982889
202501575,Ayden Webb,2025,CB,0.855,DB,0.65334564,1.8847178,0.4904865,0.96265656,0.0053931316,0.005422375,0.65334564,1.8847178
202501577,Elgin Sessions,2025,S,0.855,DB,0.70913774,2.4380534,0.6649349,1.9844944,0.00385918,0.003874131,0.70913774,2.4380534
202501578,Braylan McDonald,2025,S,0.855,DB,0.77489084,3.4422894,0.5860685,1.4158587,0.011819557,0.01196093,0.77489084,3.4422894
202501580,Marcelous Townsend,2025,S,0.855,DB,0.7506604,3.0105946,0.6370189,1.7549645,0.0046753143,0.004697276,0.7506604,3.0105946
202501596,Tyrell Russell,2025,CB,0.8547,DB,0.6298994,1.701968,0.5423669,1.1851567,0.007534401,0.007591599,0.6298994,1.701968
202501602,David Madison,2025,CB,0.8544,DB,0.6564343,1.9106514,0.5370789,1.1601955,0.0032822092,0.0032930174,0.6564343,1.9106514
202501604,Braxton Winston III,2025,CB,0.8542,DB,0.8733681,6.8969035,0.7958287,3.8978481,0.023008669,0.023550535,0.8733681,6.8969035
202501609,JT Alvis,2025,CB,0.8542,DB,0.9058871,9.625539,0.7721312,3.3884902,0.01565646,0.015905485,0.9058871,9.625539
202501612,Njita Sinkala,2025,CB,0.8542,DB,0.7816326,3.5794382,0.74097234,2.8605917,0.007293699,0.0073472876,0.7816326,3.5794382
202501616,Charger Doty,2025,S,0.8539,DB,0.8087464,4.2286596,0.49073428,0.9636114,0.007490997,0.007547536,0.8087464,4.2286596
202501619,Courtney Patterson,2025,CB,0.8539,DB,0.8282201,4.821404,0.7406677,2.8560565,0.008057196,0.008122642,0.8282201,4.821404
202501628,Zah Jackson,2025,CB,0.8533,DB,0.77054334,3.3581214,0.657828,1.9225066,0.041801136,0.0436247,0.77054334,3.3581214
202501656,Alijah Jones,2025,S,0.8525,DB,0.8316163,4.9388165,0.62416035,1.6607091,0.008933229,0.0090137515,0.8316163,4.9388165
202501663,Rae Sykes Jr.,2025,S,0.8525,DB,0.79828924,3.9575937,0.6161421,1.6051307,0.0044110827,0.0044306265,0.79828924,3.9575937
202501665,John Peters,2025,CB,0.8522,DB,0.9259687,12.507801,0.5661679,1.3050392,0.01198226,0.012127576,0.9259687,12.507801
202501677,Tobias Gary,2025,S,0.8517,DB,0.8235297,4.6666765,0.6184192,1.6206768,0.034616567,0.035857845,0.8235297,4.6666765
202501680,Ishmael Gibbs,2025,CB,0.8517,DB,0.75630367,3.1034677,0.6419812,1.7931492,0.004537766,0.004558451,0.75630367,3.1034677
202501688,Clayton Lakatos,2025,S,0.8517,DB,0.80586547,4.1510673,0.4183973,0.7193868,0.009036859,0.009119268,0.80586547,4.1510673
202501689,DJ Kelly,2025,CB,0.8517,DB,0.8808552,7.393149,0.6179729,1.6176155,0.017179793,0.017480098,0.8808552,7.393149
202501704,Sean Craig,2025,S,0.8511,DB,0.57143515,1.3333691,0.65026414,1.8593007,0.010819244,0.010937581,0.57143515,1.3333691
202501705,Chris Garland,2025,CB,0.8511,DB,0.8059634,4.153667,0.5774137,1.3663805,0.022444328,0.022959642,0.8059634,4.153667
202501707,Durante Speer,2025,S,0.8511,DB,0.81017876,4.268114,0.58054686,1.3840566,0.022089556,0.022588527,0.81017876,4.268114
202501713,Kohl Bradley,2025,S,0.8508,DB,0.8297004,4.872005,0.60489345,1.5309628,0.012554056,0.012713664,0.8297004,4.872005
202501716,Donte Utu,2025,S,0.8508,DB,0.8019035,4.048044,0.54728264,1.2088836,0.01638358,0.016656473,0.8019035,4.048044
202501730,Chandler Jordan,2025,S,0.8504,DB,0.7323715,2.736523,0.4651863,0.86981,0.0037236502,0.0037375675,0.7323715,2.736523
202501731,Demarcus Baker,2025,CB,0.8504,DB,0.892993,8.3451805,0.57903016,1.3754671,0.0027267972,0.002734253,0.892993,8.3451805
202501753,Ahmyri McGee-Hall,2025,CB,0.85,DB,0.8530759,5.8062363,0.66987514,2.029157,0.0046121744,0.004633545,0.8530759,5.8062363
202501758,Seth Gathers,2025,S,0.85,DB,0.8605831,6.172733,0.4415886,0.79079443,0.002051012,0.002055227,0.8605831,6.172733
202501778,Amari Colon,2025,S,0.85,DB,0.83221895,4.9601483,0.5706432,1.3290652,0.010599808,0.010713368,0.83221895,4.9601483
202501803,Isaac Brown,2025,CB,0.85,DB,0.8481362,5.584847,0.7337892,2.7564216,0.015691198,0.015941337,0.8481362,5.584847
202501805,Herlin Perry Jr.,2025,CB,0.85,DB,0.89400154,8.434099,0.7860733,3.6744988,0.0027313149,0.0027387955,0.89400154,8.434099
202501807,Jayden Bradley,2025,S,0.85,DB,0.7932337,3.8363779,0.5676939,1.3131757,0.022949494,0.023488546,0.7932337,3.8363779
202501808,Jonathan Cravin,2025,CB,0.85,DB,0.8530759,5.8062363,0.66987514,2.029157,0.0046121744,0.004633545,0.8530759,5.8062363
202501810,Christofer Noble,2025,S,0.85,DB,0.8006202,4.015553,0.6604921,1.9454397,0.00347473,0.0034868459,0.8006202,4.015553
202501818,Carter Byrd,2025,S,0.85,DB,0.858938,6.0890803,0.65930116,1.9351436,0.02484873,0.025481923,0.858938,6.0890803
202501819,Elijah Ffrench,2025,S,0.85,DB,0.8381779,5.1796265,0.5729227,1.3414966,0.0038220284,0.0038366923,0.8381779,5.1796265
202501830,Luke Reynolds,2025,S,0.85,DB,0.8155691,4.422085,0.7172657,2.5368898,0.0063343523,0.006374732,0.8155691,4.422085
202501831,Aiden Walker,2025,CB,0.85,DB,0.814482,4.3903117,0.62682134,1.6796817,0.040233072,0.041919626,0.814482,4.3903117
202501834,Je'Hahj Sherrill,2025,S,0.85,DB,0.8392828,5.22211,0.6761051,2.0874212,0.0063454243,0.006385946,0.8392828,5.22211
202501836,Jordyn Criss,2025,CB,0.85,DB,0.80185163,4.0467234,0.6502464,1.8591555,0.014867448,0.015091825,0.80185163,4.0467234
202501844,Brycen Dowdell,2025,CB,0.85,DB,0.8980458,8.808324,0.7752733,3.44985,0.04783355,0.05023654,0.8980458,8.808324
202501846,Latrell Noel,2025,CB,0.85,DB,0.79668117,3.9183836,0.6936234,2.263957,0.0037056329,0.0037194155,0.79668117,3.9183836
202501855,Cam Riley,2025,CB,0.8494,DB,0.8742595,6.952885,0.74890363,2.9825346,0.006886536,0.006934289,0.8742595,6.952885
202501862,Xanai Scott,2025,S,0.8492,DB,0.8517882,5.7471023,0.65702724,1.9156835,0.008601577,0.008676207,0.8517882,5.7471023
202501867,Tylan Boykin,2025,CB,0.8489,DB,0.8144035,4.388032,0.6471909,1.8343942,0.016898032,0.017188484,0.8144035,4.388032
202501870,Zion Paret,2025,CB,0.8489,DB,0.88913006,8.019577,0.78029996,3.5516605,0.0037417605,0.0037558137,0.88913006,8.019577
202501872,Joseph Holt,2025,S,0.8489,DB,0.85954094,6.119512,0.77227956,3.3913493,0.0051964778,0.005223622,0.85954094,6.119512
202501875,Braylen Wortham,2025,S,0.8486,DB,0.7501006,3.0016105,0.34583163,0.52865845,0.13001949,0.14945103,0.7501006,3.0016105
202501880,Kaden Cook,2025,S,0.8483,DB,0.82080877,4.5806303,0.5730257,1.3420614,0.030231811,0.031174267,0.82080877,4.5806303
202501887,Ja'Torian Mack,2025,S,0.8483,DB,0.8344993,5.0422707,0.5727006,1.3402796,0.007400699,0.0074558775,0.8344993,5.0422707
202501891,Braylon Cardwell,2025,CB,0.8483,DB,0.7988177,3.970616,0.5930891,1.4575405,0.009513931,0.0096053155,0.7988177,3.970616
202501892,Aiden Knapke,2025,S,0.8483,DB,0.8864538,7.8069882,0.5693488,1.3220649,0.002215151,0.0022200688,0.8864538,7.8069882
202501900,Grant Stewart,2025,S,0.8478,DB,0.82080877,4.5806303,0.56366897,1.2918379,0.030231811,0.031174267,0.82080877,4.5806303
202501908,Angelo Ross,2025,CB,0.8478,DB,0.88816667,7.941878,0.6399462,1.777363,0.015279993,0.015517095,0.88816667,7.941878
202501919,John Wetzel,2025,S,0.8475,DB,0.8234592,4.6644135,0.3290596,0.49044535,0.007714481,0.0077744573,0.8234592,4.6644135
202501922,Jojo Crim,2025,CB,0.847,DB,0.79318345,3.835203,0.60572004,1.536269,0.019434208,0.019819383,0.79318345,3.835203
202501924,Antonious Steele,2025,S,0.847,DB,0.8319832,4.951786,0.7167971,2.5310376,0.01026425,0.010370698,0.8319832,4.951786
202501925,Trevionn Morton,2025,S,0.847,DB,0.9036961,9.383798,0.53571814,1.153864,0.008130575,0.008197223,0.9036961,9.383798
202501926,Jayden Price,2025,S,0.847,DB,0.8381204,5.1774306,0.63934344,1.7727209,0.0036494094,0.0036627764,0.8381204,5.1774306
202501927,Camron Nti,2025,S,0.847,DB,0.84720194,5.5445857,0.60153294,1.5096177,0.022234881,0.022740513,0.84720194,5.5445857
202501932,Jaylen Lewis,2025,CB,0.8469,DB,0.83503926,5.0620484,0.6531028,1.8826985,0.018344367,0.01868717,0.83503926,5.0620484
202501938,Dominik Calhoun,2025,S,0.8467,DB,0.8630163,6.300139,0.5413094,1.1801189,0.0075582713,0.007615834,0.8630163,6.300139
202501944,Tyron Steed,2025,S,0.8464,DB,0.8524564,5.777657,0.6716014,2.0450802,0.014411052,0.014621766,0.8524564,5.777657
202501945,Jerron Blackwell,2025,S,0.8464,DB,0.8397052,5.238507,0.6566266,1.9122814,0.0028882117,0.0028965776,0.8397052,5.238507
202501960,Jacob Wallace,2025,S,0.8456,DB,0.84008473,5.2533116,0.6867764,2.1926074,0.0027112581,0.002718629,0.84008473,5.2533116
202501962,Jackson Small,2025,CB,0.8456,DB,0.81074804,4.2839613,0.3997699,0.6660277,0.002237079,0.0022420946,0.81074804,4.2839613
202501969,Michael Gilliam,2025,CB,0.8452,DB,0.58667356,1.4193952,0.43980512,0.7850931,0.065350644,0.06991996,0.58667356,1.4193952
202501974,Karvon Jefferson,2025,S,0.845,DB,0.83737504,5.149118,0.51844937,1.0766249,0.0013252805,0.0013270392,0.83737504,5.149118
202501976,Mason McKnight,2025,S,0.845,DB,0.776956,3.4834208,0.58782935,1.4261795,0.005226644,0.0052541057,0.776956,3.4834208
202501993,Robert Santiago,2025,S,0.8447,DB,0.6955463,2.284572,0.5134915,1.0554626,0.0072555994,0.007308628,0.6955463,2.284572
202502005,Jamarey Smith,2025,S,0.8444,DB,0.7659041,3.271754,0.48452616,0.9399626,0.008807233,0.008885489,0.7659041,3.271754
202502007,Jamari Johnson,2025,CB,0.8444,DB,0.87070787,6.7344227,0.7362531,2.7915134,0.1906809,0.23560658,0.87070787,6.7344227
202502009,Jabari Smith,2025,CB,0.8442,DB,0.84307456,5.372453,0.789054,3.740549,0.034401335,0.03562695,0.84307456,5.372453
202502010,Seth Carethers,2025,CB,0.8442,DB,0.86176974,6.234306,0.7262224,2.6525998,0.0033800867,0.0033915504,0.86176974,6.234306
202502015,Davion Kerr,2025,CB,0.8437,DB,0.74546045,2.9286625,0.6391677,1.7713708,0.02346799,0.024031973,0.74546045,2.9286625
202502039,Max Phenicie,2025,S,0.8428,DB,0.9253635,12.398267,0.37023774,0.58790076,0.003841279,0.0038560913,0.9253635,12.398267
202502045,Jerome Smith,2025,S,0.8425,DB,0.94524896,17.264494,0.5034783,1.0140107,0.0092334,0.009319451,0.94524896,17.264494
202502046,Jeremiah Jones,2025,S,0.8425,DB,0.8317919,4.945016,0.5768661,1.3633181,0.0009101051,0.0009109342,0.8317919,4.945016
202502051,Myke Gunn,2025,CB,0.8419,DB,0.8495345,5.6460423,0.78340495,3.6169107,0.022570206,0.023091383,0.8495345,5.6460423
202502063,Joel Cordoba,2025,S,0.8417,DB,0.80774224,4.2013507,0.6154571,1.6004902,0.0013726092,0.0013744958,0.80774224,4.2013507
202502070,Carmaro Mayo,2025,CB,0.8414,DB,0.877156,7.140407,0.71778935,2.5434525,0.0076598627,0.007718989,0.877156,7.140407
202502081,DeVenchi Arnold II,2025,CB,0.8411,DB,0.8253782,4.726661,0.6090651,1.5579708,0.014766901,0.01498823,0.8253782,4.726661
202502096,John Smith,2025,S,0.8404,DB,0.83177584,4.9444494,0.6131861,1.5852226,0.006055593,0.0060924864,0.83177584,4.9444494
202502099,Malekhi Weedon,2025,S,0.8404,DB,0.8480382,5.580601,0.5720773,1.3368706,0.0016283575,0.0016310134,0.8480382,5.580601
202502114,Tre Darden,2025,S,0.84,DB,0.9182259,11.228808,0.7386639,2.8264902,0.002510489,0.0025168073,0.9182259,11.228808
202502115,Le’Roi Lewis,2025,CB,0.84,DB,0.795749,3.895937,0.5169184,1.0700437,0.0033848237,0.0033963197,0.795749,3.895937
202502116,Gaylon McNeal,2025,S,0.84,DB,0.8390401,5.2127275,0.60997134,1.5639142,0.0015333353,0.00153569,0.8390401,5.2127275
202502124,Trevor Brooks,2025,S,0.84,DB,0.86337566,6.31934,0.6026037,1.5163796,0.011243432,0.011371284,0.86337566,6.31934
202502129,Mason Goree,2025,CB,0.84,DB,0.73906565,2.8323815,0.3085066,0.44614542,0.031499576,0.03252407,0.73906565,2.8323815
202502131,Jahvion Jarmon,2025,CB,0.84,DB,0.8324601,4.9687276,0.7266648,2.6585114,0.0065395744,0.006582622,0.8324601,4.9687276
202502133,Devontae Ward-Grant,2025,S,0.84,DB,0.84658366,5.518211,0.6499545,1.8567715,0.0010396953,0.0010407774,0.84658366,5.518211
202502142,Demauriah Brown,2025,CB,0.84,DB,0.8937345,8.410393,0.7621459,3.2042575,0.0020670414,0.0020713229,0.8937345,8.410393
202502147,Gionni McBride,2025,CB,0.84,DB,0.9022739,9.23268,0.66771215,2.009439,0.008997934,0.009079631,0.9022739,9.23268
202502155,Braylon Henry,2025,S,0.84,DB,0.89581484,8.598295,0.75900567,3.149475,0.010036613,0.010138367,0.89581484,8.598295
202502159,Jaron Hodson,2025,S,0.84,DB,0.78560275,3.664239,0.58038473,1.3831354,0.0009072363,0.0009080601,0.78560275,3.664239
202502165,Chris Joe,2025,S,0.84,DB,0.80103475,4.0260034,0.61510026,1.5980792,0.0005892456,0.000589593,0.80103475,4.0260034
202502168,Omar Jah,2025,CB,0.84,DB,0.7846515,3.6436362,0.51835907,1.0762355,0.0050967513,0.005122861,0.7846515,3.6436362
202502184,Junior Coughlin,2025,S,0.84,DB,0.7996303,3.9907742,0.40362626,0.67680085,0.0010108694,0.0010118923,0.7996303,3.9907742
202502199,Bernard Lackey Jr.,2025,S,0.84,DB,0.8098503,4.2590137,0.5458527,1.2019289,0.005491092,0.00552141,0.8098503,4.2590137
202502201,Christopher Williams,2025,CB,0.84,DB,0.7762475,3.4692237,0.57405275,1.3477086,0.0020230995,0.0020272008,0.7762475,3.4692237
202502206,Stacy Gentle,2025,CB,0.84,DB,0.7762475,3.4692237,0.57405275,1.3477086,0.0020230995,0.0020272008,0.7762475,3.4692237
202502215,Rico Clay,2025,CB,0.84,DB,0.79194355,3.806388,0.5471431,1.2082031,0.0012049874,0.0012064411,0.79194355,3.806388
202502219,Greg Gipson Jr.,2025,CB,0.84,DB,0.8095555,4.2508726,0.5921477,1.451868,0.0029600454,0.002968833,0.8095555,4.2508726
202502223,JJ Moultrie,2025,CB,0.84,DB,0.9704071,32.791924,0.85860205,6.072238,0.016722312,0.017006705,0.9704071,32.791924
202502236,Dorian Mallary Jr.,2025,CB,0.84,DB,0.8274254,4.794596,0.6099697,1.5639032,0.004574948,0.0045959745,0.8274254,4.794596
202502240,Khalil Foster,2025,S,0.84,DB,0.9199556,11.493068,0.7747457,3.439427,0.0025613238,0.002567901,0.9199556,11.493068
202502248,Tavarez Edwards,2025,S,0.8396,DB,0.8187797,4.518146,0.5178431,1.0740138,0.00091984635,0.0009206932,0.8187797,4.518146
202502252,Manny Watkins,2025,S,0.8394,DB,0.8406704,5.276298,0.5830792,1.3985372,0.0018524165,0.0018558543,0.8406704,5.276298
202502258,Cairo Skanes,2025,CB,0.8389,DB,0.8641255,6.359732,0.6988414,2.3205094,0.001280507,0.0012821488,0.8641255,6.359732
202502265,Mark Rayson III,2025,S,0.8386,DB,0.82242554,4.6314406,0.4704112,0.88825744,0.036673844,0.03807002,0.82242554,4.6314406
202502269,LaMarcus Hicks II,2025,CB,0.8386,DB,0.71075004,2.4572175,0.40205103,0.67238355,0.009044394,0.009126942,0.71075004,2.4572175
202502274,JT Taylor,2025,CB,0.8383,DB,0.7917078,3.8009481,0.5606407,1.2760415,0.0026669505,0.002674082,0.7917078,3.8009481
202502281,Juan Berchal,2025,S,0.8378,DB,0.89674985,8.685216,0.7135903,2.491502,0.0013977102,0.0013996665,0.89674985,8.685216
202502287,Decari Prater,2025,S,0.8378,DB,0.8328528,4.98275,0.67558825,2.0825024,0.0086680455,0.0087438375,0.8328528,4.98275
202502296,Brent Gordon Jr.,2025,S,0.837,DB,0.80901915,4.236127,0.5949411,1.4687766,0.0009869199,0.0009878948,0.80901915,4.236127
202502301,Kelvin Reyes,2025,S,0.8367,DB,0.8351463,5.0659847,0.6337768,1.7305751,0.00062400085,0.0006243905,0.8351463,5.0659847
202502305,Nevada Miller,2025,S,0.8367,DB,0.764029,3.2378094,0.6753576,2.0803123,0.00081332633,0.0008139883,0.764029,3.2378094
202502314,CJ Solis-Lumar,2025,CB,0.8367,DB,0.7409655,2.8604894,0.50240695,1.0096744,0.0035114633,0.0035238373,0.7409655,2.8604894
202502328,Uriah Points,2025,CB,0.8358,DB,0.87555796,7.0358696,0.6871456,2.196375,0.0021666237,0.0021713283,0.87555796,7.0358696
202502333,Abe Jager,2025,CB,0.8356,DB,0.7688109,3.325464,0.47144917,0.89196557,0.009044394,0.009126942,0.7688109,3.325464
202502337,Haydon Caston,2025,S,0.8353,DB,0.84695154,5.5338783,0.5544661,1.2444983,0.0067004827,0.0067456816,0.84695154,5.5338783
202502339,Chase Sutton,2025,CB,0.8352,DB,0.8519804,5.7558618,0.49652064,0.98617876,0.0048586875,0.0048824097,0.8519804,5.7558618
202502354,Jamarion Bennett,2025,S,0.835,DB,0.90079844,9.080486,0.73930514,2.8359022,0.004054829,0.0040713376,0.90079844,9.080486
202502359,Arthur de Boachie,2025,S,0.8348,DB,0.8295193,4.8657656,0.5280826,1.119015,0.00054730265,0.00054760237,0.8295193,4.8657656
202502360,Antonio Cromartie Jr.,2025,CB,0.8344,DB,0.82083887,4.581568,0.60739547,1.5470923,0.0041068783,0.0041238144,0.82083887,4.581568
202502367,Jordan Bergeron,2025,CB,0.8344,DB,0.7848731,3.6484199,0.5586267,1.2656559,0.01336833,0.013549464,0.7848731,3.6484199
202502372,Nizhan Feagin,2025,S,0.8342,DB,0.83218205,4.958838,0.48311463,0.9346649,0.00065073214,0.00065115583,0.83218205,4.958838
202502373,Desmon Yharbrough,2025,S,0.8339,DB,0.7732203,3.4095657,0.61420757,1.5920675,0.0015538632,0.0015562813,0.7732203,3.4095657
202502376,Taylor Lawrence,2025,CB,0.8337,DB,0.79942673,3.9857094,0.3397512,0.5145806,0.0028108065,0.0028187295,0.79942673,3.9857094
202502377,Jamarcus Pierre,2025,CB,0.8337,DB,0.87000924,6.692855,0.655975,1.9067653,0.0045456197,0.0045663766,0.87000924,6.692855
202502381,Tairan Davis Jr.,2025,S,0.8337,DB,0.7585237,3.1411932,0.51327085,1.0545307,0.002402381,0.0024081664,0.7585237,3.1411932
202502383,Cordarian Powell,2025,CB,0.8337,DB,0.80716294,4.185725,0.48617977,0.946206,0.008436376,0.008508154,0.80716294,4.185725
202502393,Davion Dean,2025,S,0.8336,DB,0.8188541,4.520412,0.48112056,0.92723,0.0014065827,0.0014085639,0.8188541,4.520412
202502402,DeMaje Williams,2025,CB,0.8328,DB,0.75597125,3.097878,0.41654384,0.7139248,0.0039317175,0.003947237,0.75597125,3.097878
202502407,Vi'Naz Cobb,2025,S,0.8325,DB,0.862147,6.2541027,0.45252168,0.8265563,0.0016283528,0.0016310086,0.862147,6.2541027
202502421,Zah'eed Pierre,2025,CB,0.8317,DB,0.8509995,5.7113857,0.6059579,1.5378001,0.0032215165,0.0032319282,0.8509995,5.7113857
202502423,Christian Barrett,2025,CB,0.8317,DB,0.77872,3.5191617,0.57458764,1.3506604,0.0020662546,0.0020705329,0.77872,3.5191617
202502430,DJ Watkins,2025,CB,0.8311,DB,0.8807038,7.3824973,0.5148232,1.0611043,0.0056923563,0.0057249446,0.8807038,7.3824973
202502432,Zephen Walker,2025,S,0.8311,DB,0.81925666,4.532707,0.4382466,0.7801406,0.011385423,0.011516544,0.81925666,4.532707
202502445,Michael Amey III,2025,S,0.8304,DB,0.79473007,3.871634,0.44128996,0.7898372,0.009949431,0.010049417,0.79473007,3.871634
202502470,KJ Sejour,2025,CB,0.83,DB,0.85870945,6.0776143,0.6177301,1.6159526,0.0038745312,0.0038896017,0.85870945,6.0776143
202502480,Rasaan Thomas,2025,S,0.83,DB,0.85944116,6.114458,0.59606624,1.4756534,0.0019495887,0.001953397,0.85944116,6.114458
202502492,Xair Stevenson,2025,CB,0.83,DB,0.70471275,2.386533,0.40600935,0.6835281,0.010314037,0.010421525,0.70471275,2.386533
202502499,Trey Cotton,2025,S,0.83,DB,0.84650934,5.515054,0.5102693,1.0419385,0.009525401,0.009617006,0.84650934,5.515054
202502500,RJ Harrison,2025,S,0.83,DB,0.808354,4.2179546,0.4860086,0.94555795,0.0023982136,0.0024039787,0.808354,4.2179546
202502506,Jamarion Kolagbodi,2025,CB,0.83,DB,0.9355596,14.5182085,0.37714273,0.6055043,0.0072893263,0.007342851,0.9355596,14.5182085
202502517,Kam Totton,2025,S,0.83,DB,0.656071,1.9075769,0.46534312,0.8703584,0.0020513458,0.0020555626,0.656071,1.9075769
202502522,Kevin Malone,2025,CB,0.83,DB,0.9618285,25.197535,0.6627505,1.9651636,0.026537398,0.02726083,0.9618285,25.197535
202502524,Jacob Holmes,2025,S,0.83,DB,0.6549435,1.8980763,0.43262953,0.7625168,0.003396727,0.0034083042,0.6549435,1.8980763
202502525,Messiah Washington,2025,S,0.83,DB,0.67032564,2.033296,0.4590294,0.84852934,0.0019641772,0.0019680427,0.67032564,2.033296
202502536,Tanner Caudle,2025,S,0.83,DB,0.8664385,6.487188,0.6166132,1.6083319,0.02663256,0.02736126,0.8664385,6.487188
202502560,Caleb Holmes,2025,CB,0.83,DB,0.75153077,3.0246432,0.40874442,0.691316,0.19838092,0.2474753,0.75153077,3.0246432
202502562,Hayden Gunlock,2025,S,0.83,DB,0.7164432,2.5266302,0.49125117,0.9656065,0.010777849,0.010895276,0.7164432,2.5266302
202502567,Howard Daniels,2025,CB,0.83,DB,0.93010616,13.307413,0.7152604,2.5119805,0.036361024,0.037733037,0.93010616,13.307413
202502568,Zanden Willis,2025,CB,0.83,DB,0.77627605,3.4697943,0.4559885,0.83819646,0.004793977,0.00481707,0.77627605,3.4697943
202502573,Yusuf Thomas,2025,CB,0.83,DB,0.74028754,2.8504121,0.49536553,0.9816323,0.008335853,0.008405923,0.74028754,2.8504121
202502582,Justin Hawkins,2025,CB,0.83,DB,0.7275034,2.6697707,0.3830681,0.6209245,0.026311938,0.027022963,0.7275034,2.6697707
202502583,Troy Temple,2025,S,0.83,DB,0.6308842,1.7091767,0.60912,1.5583299,0.011905033,0.012048471,0.6308842,1.7091767
202502599,Jamal Olford,2025,CB,0.83,DB,0.8748724,6.991841,0.59483534,1.4681324,0.009119663,0.009203597,0.8748724,6.991841
202502607,Logan Miller,2025,CB,0.83,DB,0.79407454,3.856126,0.3194441,0.46938697,0.026311938,0.027022963,0.79407454,3.856126
202502620,Chase Shumate,2025,S,0.8292,DB,0.7890068,3.7394898,0.40474504,0.6799524,0.00406627,0.004082872,0.7890068,3.7394898
202502625,Derrick Jackson,2025,S,0.8286,DB,0.77074033,3.3618662,0.47899157,0.91935474,0.0014156927,0.0014176997,0.77074033,3.3618662
202502626,Sean Martin,2025,S,0.8286,DB,0.73457366,2.7675235,0.49857944,0.99433386,0.0018495752,0.0018530025,0.73457366,2.7675235
202502633,CJ Floyd,2025,S,0.8278,DB,0.72300786,2.6102107,0.48741403,0.9508922,0.0022161251,0.0022210472,0.72300786,2.6102107
202502635,Jonathan Rousseau,2025,S,0.8278,DB,0.7670466,3.2927034,0.4786183,0.91798055,0.0047573196,0.00478006,0.7670466,3.2927034
202502640,Isaiah Rollins,2025,S,0.8272,DB,0.9277253,12.836103,0.3841987,0.6239004,0.0039636083,0.0039793807,0.9277253,12.836103
202502652,Monterrius Echols,2025,CB,0.827,DB,0.9290216,13.088793,0.7562275,3.1021852,0.03150635,0.03253129,0.9290216,13.088793
202502655,Khory Moss,2025,CB,0.827,DB,0.7854652,3.661248,0.51842284,1.0765104,0.013003741,0.013175067,0.7854652,3.661248
202502679,Roddrey McWilliams,2025,CB,0.8256,DB,0.8246405,4.7025714,0.46850002,0.8814676,0.0066035925,0.00664749,0.8246405,4.7025714
202502684,Bryce Garza,2025,CB,0.8256,DB,0.71930015,2.562524,0.47157902,0.89243054,0.00808516,0.008151062,0.71930015,2.562524
202502688,Tobi Adewoyin,2025,S,0.825,DB,0.774467,3.4339406,0.49260628,0.9708561,0.0022929835,0.0022982534,0.774467,3.4339406
202502691,Mykel Ford,2025,S,0.825,DB,0.51901585,1.0790706,0.50740373,1.03006,0.0013807932,0.0013827024,0.51901585,1.0790706
202502694,Kareem Williams,2025,S,0.825,DB,0.759545,3.1587827,0.5811242,1.3873425,0.006741023,0.006786773,0.759545,3.1587827
202502695,Rico Garcia,2025,S,0.825,DB,0.7345526,2.767225,0.5363456,1.1567788,0.0014615782,0.0014637175,0.7345526,2.767225
202502707,Steven Ranel II,2025,S,0.8244,DB,0.7009845,2.344308,0.5313652,1.1338578,0.0058372566,0.00587153,0.7009845,2.344308
202502709,Tyson Long,2025,CB,0.8241,DB,0.73375934,2.7560003,0.5551098,1.2477456,0.008718412,0.008795092,0.73375934,2.7560003
202502716,Damon Allen,2025,S,0.8237,DB,0.7893082,3.746269,0.49421585,0.97712797,0.001027222,0.0010282783,0.7893082,3.746269
202502725,Darien Fantroy,2025,CB,0.8237,DB,0.72500324,2.6364064,0.4263963,0.743364,0.0053371494,0.0053657875,0.72500324,2.6364064
202502726,Gavin Harris,2025,CB,0.8237,DB,0.7682718,3.3154006,0.5081261,1.0330414,0.012316421,0.012470006,0.7682718,3.3154006
202502741,Donovan Lanier,2025,CB,0.8222,DB,0.7466493,2.9470983,0.5752409,1.3542757,0.0049783164,0.005003224,0.7466493,2.9470983
202502747,Eric Harris,2025,S,0.8217,DB,0.55044603,1.224427,0.50238,1.0095656,0.013980692,0.014178923,0.55044603,1.224427
202502753,D'Angelo Hagans Jr.,2025,S,0.8206,DB,0.5199867,1.0832756,0.5471411,1.2081932,0.004166626,0.0041840593,0.5199867,1.0832756
202502757,Erion Wilkins,2025,CB,0.8204,DB,0.7616148,3.1948912,0.52983344,1.1269058,0.031368613,0.03238447,0.7616148,3.1948912
202502759,RJ McIntosh,2025,S,0.8204,DB,0.7822922,3.5933125,0.5165391,1.0684196,0.018376978,0.018721014,0.7822922,3.5933125
202502766,Gabriel White,2025,CB,0.8204,DB,0.7616148,3.1948912,0.52983344,1.1269058,0.031368613,0.03238447,0.7616148,3.1948912
202502794,Jayden Gray,2025,CB,0.82,DB,0.76554,3.26512,0.47525078,0.9056722,0.0046254485,0.0046469425,0.76554,3.26512
202502800,Jakai Clardy,2025,CB,0.82,DB,0.7231091,2.611531,0.4977554,0.99106175,0.033076424,0.0342079,0.7231091,2.611531
202502804,Juan-Milleon Aguilar,2025,S,0.82,DB,0.7692364,3.3334389,0.5266564,1.1126301,0.008019672,0.008084507,0.7692364,3.3334389
202502807,Ryder Keplar,2025,CB,0.82,DB,0.69722223,2.3027525,0.50224316,1.009013,0.005836075,0.005870335,0.69722223,2.3027525
202502810,Kesler Jenkins,2025,CB,0.82,DB,0.88589567,7.7639093,0.5734016,1.3441249,0.01863603,0.018989926,0.88589567,7.7639093
202502813,Devon St. Clair,2025,S,0.82,DB,0.7973224,3.9339442,0.53273475,1.140112,0.0028862334,0.0028945878,0.7973224,3.9339442
202502828,Jayden Mayberry,2025,S,0.82,DB,0.6896861,2.2225435,0.5485165,1.2149204,0.010843701,0.010962576,0.6896861,2.2225435
202502830,Josiah Young,2025,CB,0.82,DB,0.7881966,3.72136,0.63120043,1.7114999,0.042434286,0.04431475,0.7881966,3.72136
202502831,Cam'Ren-Chance Brooks,2025,S,0.82,DB,0.7788657,3.5221386,0.50559676,1.0226405,0.014222159,0.014427347,0.7788657,3.5221386
202502837,Tre Meadows,2025,S,0.82,DB,0.67138153,2.0430427,0.38389853,0.6231092,0.013128974,0.013303637,0.67138153,2.0430427
202502838,Jermaine Barrett,2025,CB,0.82,DB,0.73905027,2.8321557,0.49695927,0.98791057,0.02829859,0.029122723,0.73905027,2.8321557
202502852,RJ Rainer,2025,CB,0.82,DB,0.8169371,4.462603,0.52139413,1.0894018,0.020045478,0.020455519,0.8169371,4.462603
202502854,Devontae Roberts,2025,CB,0.82,DB,0.79031366,3.769028,0.6294508,1.698697,0.012518025,0.012676713,0.79031366,3.769028
202502866,Temarion Foster,2025,CB,0.82,DB,0.8167269,4.456339,0.64051044,1.781722,0.012127297,0.012276174,0.8167269,4.456339
202502868,Jaiden Melton,2025,CB,0.82,DB,0.797006,3.9262543,0.5782265,1.3709408,0.033684902,0.03485913,0.797006,3.9262543
202502873,Tsiyown Lowery,2025,S,0.82,DB,0.73783875,2.8144462,0.5055123,1.022295,0.0031184517,0.0031282068,0.73783875,2.8144462
202502875,Brandon Jones,2025,S,0.82,DB,0.83789134,5.168702,0.6306736,1.707632,0.020188605,0.020604584,0.83789134,5.168702
202502876,Jermaine Dukes,2025,CB,0.82,DB,0.7362031,2.7907948,0.5189822,1.078925,0.036570687,0.037958868,0.7362031,2.7907948
202502877,Marion Moore,2025,CB,0.82,DB,0.7730997,3.4072225,0.52234817,1.0935751,0.01863603,0.018989926,0.7730997,3.4072225
202502881,Kendrick Carter,2025,CB,0.82,DB,0.7871946,3.699129,0.5755843,1.3561804,0.017169626,0.017469574,0.7871946,3.699129
202502882,Timothy Wallace,2025,CB,0.82,DB,0.78916353,3.7430124,0.4884679,0.9549116,0.028288202,0.02911172,0.78916353,3.7430124
202502884,Cordai Fisher,2025,CB,0.82,DB,0.7302169,2.7066817,0.41642654,0.7135803,0.015204835,0.015439591,0.7302169,2.7066817
202502888,Isaiah Davis,2025,S,0.82,DB,0.80072635,4.018225,0.3806029,0.61447316,0.008149362,0.008216321,0.80072635,4.018225
202502889,Braylon James,2025,S,0.82,DB,0.82162225,4.6060805,0.5974734,1.4843078,0.00539013,0.005419341,0.82162225,4.6060805
202502896,Landan Goff,2025,S,0.82,DB,0.7134668,2.4899971,0.60691905,1.5440053,0.0029244758,0.0029330535,0.7134668,2.4899971
202502900,Tyson Deen,2025,CB,0.82,DB,0.80759627,4.1974044,0.56877685,1.318985,0.009047933,0.009130545,0.80759627,4.1974044
202502903,Zavien Bryant,2025,CB,0.82,DB,0.7449728,2.9211507,0.5156919,1.0648012,0.053861346,0.05692754,0.7449728,2.9211507
202502911,Ryan Humphrey II,2025,S,0.82,DB,0.76989245,3.345794,0.55073166,1.2258413,0.02086684,0.021311544,0.76989245,3.345794
202502920,DaJhon Hall,2025,S,0.8196,DB,0.7028121,2.3648744,0.4700129,0.8868384,0.00946792,0.009558419,0.7028121,2.3648744
202502943,Camari Hall,2025,S,0.8169,DB,0.641116,1.7864158,0.50673056,1.0272896,0.0011313775,0.0011326589,0.641116,1.7864158
202502947,Lava Vailahi,2025,CB,0.8167,DB,0.80995464,4.261902,0.5413104,1.1801237,0.0010929415,0.0010941373,0.80995464,4.261902
202502960,Max Mustell,2025,S,0.815,DB,0.73274285,2.7417147,0.47366536,0.89993197,0.0008035563,0.0008042025,0.73274285,2.7417147
202502980,Tajean Stallworth,2025,CB,0.8122,DB,0.72819763,2.679144,0.41567725,0.711383,0.026960898,0.027707929,0.72819763,2.679144
202502986,Zion Jones,2025,S,0.8106,DB,0.7392042,2.834418,0.49323875,0.97331583,0.0010288218,0.0010298814,0.7392042,2.834418
202502987,Josiah Jones,2025,S,0.8106,DB,0.7636193,3.230464,0.40883455,0.69157386,0.0015239082,0.0015262341,0.7636193,3.230464
202502994,Chase Davis,2025,CB,0.81,DB,0.7823173,3.593842,0.5823507,1.3943532,0.090995826,0.100104965,0.7823173,3.593842
202503001,Tavian Edwards,2025,S,0.81,DB,0.65105855,1.8658103,0.5031755,1.0127832,0.0015668642,0.0015693231,0.65105855,1.8658103
202503007,Landen Kahai,2025,CB,0.81,DB,0.68127143,2.137466,0.5402934,1.1753005,0.0048109554,0.0048342124,0.68127143,2.137466
202503009,Sean Jones,2025,S,0.81,DB,0.71083206,2.458198,0.40914375,0.69245905,0.0003135154,0.0003136137,0.71083206,2.458198
202503011,Sage Salopek,2025,CB,0.81,DB,0.7038295,2.3764338,0.44408888,0.7988487,0.0021669567,0.0021716626,0.7038295,2.3764338
202503028,Ryan Kiwanuka,2025,CB,0.81,DB,0.7058677,2.3998308,0.4259911,0.7421332,0.0005189852,0.0005192547,0.7058677,2.3998308
202503048,Zion Johnson,2025,CB,0.81,DB,0.6232088,1.6539899,0.40714315,0.6867478,0.0016885003,0.0016913561,0.6232088,1.6539899
202503051,Xzavier Mcgruder,2025,CB,0.81,DB,0.67011964,2.031402,0.31125888,0.45192438,0.0006121569,0.00061253185,0.67011964,2.031402
202503056,James Rose,2025,S,0.81,DB,0.6208349,1.6373734,0.4147369,0.70863324,0.0004424888,0.0004426847,0.6208349,1.6373734
202503064,Owen Barry-Wilson,2025,S,0.81,DB,0.40612918,0.6838679,0.25825796,0.3481776,0.00085525785,0.0008559899,0.40612918,0.6838679
202503067,Trillion Sorrell,2025,CB,0.81,DB,0.71518135,2.511006,0.63359493,1.7292199,0.0048521166,0.0048757745,0.71518135,2.511006
202503069,Brody Miller,2025,S,0.81,DB,0.67836374,2.1091022,0.5654437,1.3011978,0.0012420678,0.0012436124,0.67836374,2.1091022
202503072,Elvin Ampofo,2025,S,0.81,DB,0.72342414,2.6156445,0.509421,1.0384077,0.0012420678,0.0012436124,0.72342414,2.6156445
202503073,Jaden Brown,2025,S,0.81,DB,0.7653548,3.2617538,0.5139256,1.0572983,0.0009432282,0.0009441187,0.7653548,3.2617538
202503101,Ja'Lyen Judson,2025,CB,0.8089,DB,0.8498662,5.6607256,0.47059435,0.8889107,0.0067022312,0.0067474544,0.8498662,5.6607256
202503104,Devin Brown,2025,CB,0.807,DB,0.83195055,4.950629,0.5501424,1.2229257,0.00064489554,0.0006453117,0.83195055,4.950629
202503116,Preston EstoEsta,2025,S,0.8044,DB,0.7391287,2.833308,0.28837863,0.40524164,0.0018848359,0.0018883952,0.7391287,2.833308
202503122,Le'Javier Payne,2025,CB,0.8017,DB,0.8190856,4.527476,0.4148109,0.7088493,0.003372228,0.0033836386,0.8190856,4.527476
202503134,Christian Watson,2025,CB,0.8,DB,0.871974,6.810913,0.60467505,1.5295646,0.024619635,0.02524106,0.871974,6.810913
202503139,Airriss Rosemond,2025,CB,0.8,DB,0.808846,4.231384,0.52252823,1.0943646,0.00420845,0.004226236,0.808846,4.231384
202503140,Teddy Chung,2025,S,0.8,DB,0.78745645,3.7049181,0.41086623,0.6974074,0.00034214972,0.00034226684,0.78745645,3.7049181
202503158,Davyne Jones,2025,CB,0.8,DB,0.8741029,6.942994,0.519738,1.0821968,0.0017527929,0.0017558705,0.8741029,6.942994
202503168,Cade Paterson,2025,S,0.8,DB,0.7574073,3.1221356,0.4222802,0.7309429,0.00031784285,0.00031794392,0.7574073,3.1221356
202503169,Justice Croffie,2025,S,0.8,DB,0.7594012,3.1562967,0.39951733,0.66532695,0.0002547719,0.00025483684,0.7594012,3.1562967
202503171,Terry Lee,2025,CB,0.8,DB,0.77451897,3.4349627,0.36536807,0.5757165,0.0022692753,0.0022744366,0.77451897,3.4349627
202503174,Chase Menefee,2025,CB,0.8,DB,0.71447045,2.5022645,0.41393116,0.70628417,0.024030354,0.024622029,0.71447045,2.5022645
202503186,Ahmad Grayer,2025,CB,0.8,DB,0.7446961,2.9169004,0.39364165,0.6491898,0.0017527929,0.0017558705,0.7446961,2.9169004
202503197,David Konan,2025,CB,0.8,DB,0.8644397,6.3767924,0.5875493,1.4245324,0.002352972,0.0023585216,0.8644397,6.3767924
202503202,Lono Solomon,2025,S,0.8,DB,0.6768669,2.0946999,0.43154886,0.7591661,0.0007792469,0.00077985466,0.6768669,2.0946999
202503213,Ryan-Jalen Tillman,2025,S,0.8,DB,0.7126361,2.4799085,0.51694834,1.070172,0.0007993273,0.0007999667,0.7126361,2.4799085
202503219,Mikhail Benner,2025,CB,0.7983,DB,0.81516194,4.4101415,0.48664922,0.9479857,0.0023341097,0.0023395706,0.81516194,4.4101415
202503227,Justin Wyatt Jr.,2025,S,0.7933,DB,0.7454115,2.9279075,0.4561964,0.83889925,0.00058090064,0.0005812383,0.7454115,2.9279075
202503232,Jack Lockhart,2025,S,0.79,DB,0.9116432,10.317749,0.16327052,0.1951294,0.0016284783,0.0016311345,0.9116432,10.317749
202503243,Wesley Valgardson,2025,CB,0.79,DB,0.6248812,1.6658221,0.47060534,0.88895,0.0016896679,0.0016925278,0.6248812,1.6658221
202503249,Joseph Kramlich,2025,CB,0.79,DB,0.72770494,2.6724868,0.43252355,0.76218766,0.0011364131,0.001137706,0.72770494,2.6724868
202503266,James Schlendorf,2025,CB,0.79,DB,0.73072314,2.71365,0.5155744,1.0643004,0.0005186054,0.0005188745,0.73072314,2.71365
202503268,Justin Kabera,2025,CB,0.79,DB,0.79378784,3.8493745,0.45313415,0.8286021,0.0013423138,0.001344118,0.79378784,3.8493745
202503271,Caisen Thome,2025,S,0.79,DB,0.8204741,4.5702267,0.4871178,0.9497654,0.00027048407,0.00027055727,0.8204741,4.5702267
202503273,Ethan Moore,2025,S,0.79,DB,0.86307913,6.3034887,0.4172502,0.7160022,0.00026044107,0.0002605089,0.86307913,6.3034887
202503286,DonPaul Keith,2025,CB,0.79,DB,0.83356076,5.0081987,0.555749,1.2509798,0.0016896679,0.0016925278,0.83356076,5.0081987
202503289,Kims Pierre,2025,CB,0.79,DB,0.77774835,3.4994042,0.39330983,0.6482878,0.001658613,0.0016613685,0.77774835,3.4994042
202503296,Jeremiah Polk,2025,CB,0.79,DB,0.76488495,3.2532368,0.27544397,0.3801555,0.0010192537,0.0010202937,0.76488495,3.2532368
202503306,Charlie Prior,2025,S,0.79,DB,0.7351479,2.775692,0.2445939,0.3237913,0.00029300805,0.00029309394,0.7351479,2.775692
202503329,Gavin Hagan,2025,S,0.78,DB,0.8395004,5.230546,0.47995514,0.92291105,0.0001920791,0.000192116,0.8395004,5.230546
202503344,Ashton Rees,2025,S,0.78,DB,0.7344887,2.7663183,0.48653263,0.94754344,0.00041874757,0.00041892298,0.7344887,2.7663183
202503345,Elijah Dawkins,2025,CB,0.78,DB,0.80061156,4.0153356,0.708801,2.4340775,0.0003951497,0.00039530592,0.80061156,4.0153356
202503357,Dylan Vokal,2025,S,0.78,DB,0.81391317,4.3738356,0.5669806,1.3093654,0.0003652707,0.00036540418,0.81391317,4.3738356
202503371,Mylek Lee,2025,S,0.78,DB,0.793335,3.8387492,0.6320207,1.7175442,0.0006007971,0.0006011583,0.793335,3.8387492
202503377,Alex Perez,2025,S,0.78,DB,0.51948506,1.0811007,0.41967735,0.72317934,0.000308656,0.00030875127,0.51948506,1.0811007
202503382,Jake Bushelman,2025,S,0.78,DB,0.7588859,3.1474144,0.43257248,0.76233965,0.00021313653,0.00021318198,0.7588859,3.1474144
202503392,Tristan Johnson,2025,CB,0.78,DB,0.9516203,19.669819,0.43474373,0.76910913,0.0013423138,0.001344118,0.9516203,19.669819
202503398,Javien Jackson,2025,S,0.78,DB,0.8091963,4.2409883,0.47275573,0.89665407,0.00028899082,0.00028907435,0.8091963,4.2409883
202503406,Wyatt Mueller,2025,S,0.78,DB,0.8165514,4.451118,0.48882157,0.9562641,0.0003652707,0.00036540418,0.8165514,4.451118
202503407,Nigel Grisby,2025,CB,0.78,DB,0.75214833,3.0346713,0.4678841,0.87928975,0.0010253071,0.0010263595,0.75214833,3.0346713
202503410,Samuel Etienne,2025,CB,0.78,DB,0.7790113,3.5251184,0.5005403,1.0021636,0.001179593,0.0011809861,0.7790113,3.5251184
202503411,Isaac Poot,2025,S,0.78,DB,0.8113202,4.299984,0.5165284,1.0683739,0.0009587713,0.0009596915,0.8113202,4.299984
202503416,Lincoln Creager,2025,S,0.78,DB,0.6213193,1.6407472,0.3200165,0.47062394,0.00035658732,0.00035671453,0.6213193,1.6407472
202503428,Seanje Finister,2025,CB,0.77,DB,0.57242984,1.3387975,0.575149,1.3537663,0.0016896679,0.0016925278,0.57242984,1.3387975
202503439,Jerimyah Mitchell,2025,CB,0.77,DB,0.57776266,1.3683363,0.5694951,1.3228538,0.0011343268,0.0011356149,0.57776266,1.3683363
202503443,Landin Hoeppner,2025,S,0.77,DB,0.9339523,14.140566,0.4003252,0.6675705,0.00023456506,0.00023462009,0.9339523,14.140566
202503452,Chris Little,2025,CB,0.77,DB,0.88158154,7.4446297,0.60647595,1.5411408,0.025882198,0.026569884,0.88158154,7.4446297
202503454,Randy Kweyete,2025,S,0.77,DB,0.6467402,1.8307778,0.6509759,1.8651315,0.0011688081,0.0011701757,0.6467402,1.8307778
202503469,Zach Coleman,2025,CB,0.77,DB,0.58478457,1.4083884,0.4320117,0.7605997,0.0008773951,0.0008781656,0.58478457,1.4083884
202503471,Tyon Spiller,2025,S,0.77,DB,0.68876016,2.2129562,0.5774453,1.3665577,0.00021001301,0.00021005711,0.68876016,2.2129562
202503472,Charles Smith,2025,S,0.77,DB,0.7260869,2.650793,0.49338183,0.9738732,0.0001920791,0.000192116,0.7260869,2.650793
202503475,Darryle Geter,2025,CB,0.77,DB,0.8070509,4.1827135,0.6252165,1.668207,0.0011364131,0.001137706,0.8070509,4.1827135
202503485,Daylan Pringle,2025,CB,0.77,DB,0.8021771,4.0550256,0.64343673,1.8045514,0.0014868921,0.0014891062,0.8021771,4.0550256
202503487,Zakiese Smith,2025,CB,0.77,DB,0.856647,5.9757876,0.63224995,1.7192383,0.0007580922,0.00075866736,0.856647,5.9757876
202503510,Quintin Kirby,2025,CB,0.77,DB,0.7883351,3.7244484,0.4488808,0.8144895,0.001565478,0.0015679325,0.7883351,3.7244484
202503544,Tray Haido,2025,S,0.76,DB,0.60844123,1.5538951,0.4592597,0.84931654,0.0003652707,0.00036540418,0.60844123,1.5538951
202503607,Noah Hart,2025,CB,0.75,DB,0.86280644,6.288972,0.49194264,0.9682817,0.0017654139,0.0017685362,0.86280644,6.288972
202503637,Julien Bey,2025,CB,0.73,DB,0.6493786,1.8520792,0.32006392,0.4707265,0.00055380334,0.0005541102,0.6493786,1.8520792
202600024,Khary Adams,2026,CB,0.9878,DB,0.9885069,86.00883,0.9608549,24.545973,0.046860404,0.04916426,0.9885069,86.00883
202600025,Jorden Edmonds,2026,CB,0.9877,DB,0.9862948,71.965034,0.9559242,21.688194,0.2700343,0.3699274,0.9862948,71.965034
202600030,Bralan Womack,2026,S,0.9867,DB,0.99128187,113.70346,0.934652,14.30268,0.0076914537,0.0077510704,0.99128187,113.70346
202600031,Joey O'Brien,2026,S,0.9865,DB,0.9856985,68.92284,0.97478414,38.657574,0.008292477,0.008361817,0.9856985,68.92284
202600032,Jireh Edwards,2026,S,0.9845,DB,0.9735405,36.793587,0.90250576,9.257016,0.009881333,0.009979948,0.9735405,36.793587
202600036,Jett Washington,2026,S,0.9824,DB,0.97882575,46.22717,0.92302924,11.991947,0.009982595,0.010083253,0.97882575,46.22717
202600041,Chauncey Kennon,2026,CB,0.9806,DB,0.98916864,91.32455,0.9032429,9.335157,0.010666737,0.010781744,0.98916864,91.32455
202600046,Elbert Hill,2026,CB,0.9778,DB,0.9930068,141.99657,0.95478076,21.11448,0.025598347,0.026270837,0.9930068,141.99657
202600047,Davon Benjamin,2026,S,0.9768,DB,0.99361444,155.60323,0.96050215,24.317833,0.0021946933,0.0021995206,0.99361444,155.60323
202600056,Zyan Gibson,2026,CB,0.9744,DB,0.99661106,294.0774,0.9748966,38.83526,0.033033673,0.034162175,0.99661106,294.0774
202600058,Justice Fitzpatrick,2026,CB,0.9737,DB,0.9868841,75.24344,0.93839526,15.232517,0.0054059126,0.0054352954,0.9868841,75.24344
202600063,Devin Jackson,2026,S,0.9714,DB,0.98596746,70.262924,0.86682546,6.508943,0.0031612169,0.0031712418,0.98596746,70.262924
202600064,Jay Timmons,2026,CB,0.9713,DB,0.993093,143.78094,0.91018814,10.134387,0.0034414008,0.003453285,0.993093,143.78094
202600071,Blaine Bradford,2026,S,0.9691,DB,0.98433477,62.83563,0.9475609,18.069742,0.014039118,0.014239021,0.98433477,62.83563
202600075,Caden Harris,2026,CB,0.9647,DB,0.9498888,18.95563,0.6940598,2.2686126,0.0030577658,0.0030671444,0.9498888,18.95563
202600081,Ayden Pouncey,2026,S,0.9621,DB,0.93218344,13.745662,0.7058984,2.4001856,0.007509387,0.0075662048,0.93218344,13.745662
202600082,J'Zavien Currence,2026,S,0.961,DB,0.9692295,31.49868,0.9556498,21.54781,0.0071780714,0.0072299684,0.9692295,31.49868
202600085,Kentavion Anderson,2026,S,0.9595,DB,0.9714698,34.050602,0.92052925,11.583245,0.0039482657,0.003963916,0.9714698,34.050602
202600088,Jordan Smith,2026,S,0.9587,DB,0.96986616,32.18528,0.79556036,3.8914194,0.004591614,0.004612794,0.96986616,32.18528
202600093,Havon Finney,2026,CB,0.9582,DB,0.9748027,38.68675,0.88714844,7.861198,0.018334053,0.01867647,0.9748027,38.68675
202600100,Victor Singleton,2026,CB,0.9536,DB,0.96044356,24.28033,0.65349114,1.8859291,0.004709407,0.004731691,0.96044356,24.28033
202600102,Samari Matthews,2026,CB,0.9535,DB,0.97643673,41.43894,0.929059,13.096227,0.00292156,0.0029301206,0.97643673,41.43894
202600110,CJ Bronaugh,2026,CB,0.9513,DB,0.9615559,25.011793,0.8266758,4.7695336,0.010611902,0.010725723,0.9615559,25.011793
202600116,Brandon Lockhart,2026,CB,0.9485,DB,0.966816,29.135012,0.88152194,7.4403815,0.037143238,0.038576078,0.966816,29.135012
202600122,Danny Odem,2026,CB,0.9473,DB,0.9655605,28.036423,0.8842526,7.6395035,0.0014354324,0.0014374958,0.9655605,28.036423
202600123,Jordan Thomas,2026,CB,0.9472,DB,0.9760612,40.77323,0.9477428,18.136126,0.0006613463,0.00066178397,0.9760612,40.77323
202600124,Nick Hankins,2026,CB,0.9463,DB,0.9763234,41.23584,0.8994625,8.94654,0.0006886766,0.00068915123,0.9763234,41.23584
202600127,Kenton Dopson,2026,CB,0.9454,DB,0.97163355,34.25292,0.8965769,8.669018,0.0013669365,0.0013688075,0.97163355,34.25292
202600136,Camren Hamiel,2026,S,0.9418,DB,0.96659666,28.937128,0.78885275,3.7360313,0.0021108636,0.0021153288,0.96659666,28.937128
202600142,Jakob Weatherspoon,2026,S,0.9405,DB,0.9699739,32.304382,0.8348742,5.0559893,0.007231134,0.007283804,0.9699739,32.304382
202600145,Jaelen Waters,2026,CB,0.9393,DB,0.9224576,11.896167,0.7216119,2.5921078,0.14792119,0.17360036,0.9224576,11.896167
202600149,JJ Dunnigan,2026,S,0.9375,DB,0.84435815,5.425007,0.80285156,4.07232,0.020636095,0.021070916,0.84435815,5.425007
202600155,Lasiah Jackson,2026,S,0.9358,DB,0.9357615,14.566992,0.7862523,3.6784134,0.024020424,0.024611605,0.9357615,14.566992
202600159,Rahsjon Duncan,2026,CB,0.9326,DB,0.95403504,20.755705,0.85349524,5.825717,0.0016318044,0.0016344715,0.95403504,20.755705
202600168,Jamarion Vincent,2026,CB,0.9312,DB,0.9121252,10.379823,0.81512684,4.409114,0.10188044,0.1134375,0.9121252,10.379823
202600179,Matt Sieg,2026,S,0.9283,DB,0.9560387,21.747288,0.85408723,5.85341,0.0005047707,0.0005050257,0.9560387,21.747288
202600191,Zech Fort,2026,S,0.9259,DB,0.95245886,20.034412,0.8367566,5.1258216,0.015893253,0.016149929,0.95245886,20.034412
202600195,Aiden Hall,2026,S,0.925,DB,0.8869393,7.8448052,0.5391687,1.1699916,0.01836212,0.018705593,0.8869393,7.8448052
202600206,Gavin Day,2026,S,0.9232,DB,0.82414323,4.6864457,0.7677236,3.305216,0.009430092,0.009519865,0.82414323,4.6864457
202600207,Dylan Purter,2026,S,0.9229,DB,0.94818705,18.300196,0.9113185,10.276306,0.0862896,0.09443867,0.94818705,18.300196
202600213,Andre Clarke Jr.,2026,CB,0.9222,DB,0.96308154,26.08672,0.78519094,3.655297,0.045210816,0.04735162,0.96308154,26.08672
202600216,Chaston Smith,2026,CB,0.9207,DB,0.8881424,7.9399385,0.76216066,3.2045188,0.030094588,0.031028373,0.8881424,7.9399385
202600217,Tylan Wilson,2026,S,0.9207,DB,0.9411603,15.995334,0.7772701,3.4897425,0.007587151,0.007645156,0.9411603,15.995334
202600220,Preston Ashley,2026,S,0.92,DB,0.89726025,8.733331,0.80508137,4.130346,0.015350495,0.015589807,0.89726025,8.733331
202600225,Traeviss Stevenson,2026,S,0.9195,DB,0.94615805,17.57288,0.845575,5.4756346,0.030696515,0.031668633,0.94615805,17.57288
202600233,Craig Tutt,2026,S,0.9178,DB,0.8847272,7.6750717,0.7763993,3.472258,0.0063479384,0.0063884924,0.8847272,7.6750717
202600246,Kaiden Hall,2026,S,0.9146,DB,0.9104984,10.172982,0.6726167,2.0545237,0.0040740343,0.0040907,0.9104984,10.172982
202600251,Camdin Portis,2026,CB,0.9124,DB,0.8654757,6.433602,0.7776413,3.497238,0.0053937817,0.0054230327,0.8654757,6.433602
202600258,Chance Collins,2026,S,0.9113,DB,0.91822875,11.229237,0.78881335,3.735148,0.043988932,0.046012994,0.91822875,11.229237
202600264,Dorian Barney,2026,CB,0.9106,DB,0.9261028,12.532315,0.78107107,3.5676923,0.03369267,0.034867447,0.9261028,12.532315
202600266,Darion Jones,2026,CB,0.9105,DB,0.89097196,8.171952,0.794187,3.85878,0.043077648,0.04501687,0.89097196,8.171952
202600268,Jaydin Broadnax,2026,CB,0.9104,DB,0.9078696,9.854177,0.78548664,3.6617143,0.0018978737,0.0019014825,0.9078696,9.854177
202600292,Brody Jennings,2026,CB,0.9072,DB,0.9388389,15.350262,0.80888754,4.232521,0.009448591,0.0095387185,0.9388389,15.350262
202600301,Jontavius Wyman,2026,CB,0.9062,DB,0.8763462,7.087093,0.8206555,4.575862,0.011259229,0.011387443,0.8763462,7.087093
202600308,Chace Calicut,2026,S,0.9047,DB,0.92112225,11.677847,0.77048886,3.357087,0.04725831,0.049602438,0.92112225,11.677847
202600313,Kosci Barnes,2026,CB,0.9039,DB,0.8878571,7.9171925,0.76926446,3.333966,0.0075278967,0.0075849956,0.8878571,7.9171925
202600323,Hayward Howard Jr.,2026,CB,0.903,DB,0.92461616,12.265442,0.80802435,4.208994,0.12966421,0.14898182,0.92461616,12.265442
202600325,Isaiah Washington,2026,S,0.9028,DB,0.884521,7.6595836,0.81930655,4.534235,0.22880529,0.2966894,0.884521,7.6595836
202600334,Peyton Dyer,2026,CB,0.9024,DB,0.8818631,7.464757,0.7049503,2.389259,0.0018866165,0.0018901825,0.8818631,7.464757
202600356,Cortez Redding,2026,S,0.9,DB,0.9525088,20.056536,0.8039943,4.1018925,0.010512006,0.010623681,0.9525088,20.056536
202600360,Jordan Deck,2026,S,0.8998,DB,0.92139727,11.722204,0.6087243,1.5557426,0.07089047,0.07629937,0.92139727,11.722204
202600370,S'Vioarean Martin,2026,CB,0.8986,DB,0.89851624,8.853793,0.6173582,1.6134104,0.112991765,0.12738524,0.89851624,8.853793
202600374,Darryl Bell III,2026,S,0.8978,DB,0.9410478,15.962892,0.7893259,3.7466679,0.0012549583,0.0012565353,0.9410478,15.962892
202600381,Tamarion Watkins,2026,S,0.8972,DB,0.92488396,12.3127365,0.51172805,1.048039,0.020183224,0.020598978,0.92488396,12.3127365
202600387,Xavier Lherisse,2026,S,0.8967,DB,0.8759607,7.0619617,0.83008415,4.885266,0.01254661,0.012706027,0.8759607,7.0619617
202600393,Tedarius Hughes,2026,CB,0.8967,DB,0.8428249,5.36233,0.8200697,4.557707,0.015721112,0.015972214,0.8428249,5.36233
202600394,Messiah Tilson,2026,S,0.8967,DB,0.8009715,4.0244064,0.5885229,1.430269,0.081685126,0.08895111,0.8009715,4.0244064
202600396,Khmari Bing,2026,S,0.896,DB,0.9113832,10.284543,0.69561607,2.2853246,0.0034004706,0.0034120732,0.9113832,10.284543
202600399,Jaxson Gates,2026,CB,0.8957,DB,0.85338527,5.820597,0.82838243,4.826909,0.02824841,0.02906958,0.85338527,5.820597
202600405,Derrick Johnson II,2026,CB,0.895,DB,0.8252717,4.723172,0.8090149,4.236011,0.037543423,0.039007913,0.8252717,4.723172
202600408,CJ Hester,2026,S,0.8946,DB,0.8511896,5.719961,0.7300755,2.7047393,0.011375508,0.011506399,0.8511896,5.719961
202600409,Jason Bradford,2026,S,0.8944,DB,0.83592176,5.0946536,0.6620028,1.9586045,0.09790864,0.10853516,0.83592176,5.0946536
202600429,Jeron Jones,2026,CB,0.8933,DB,0.85813725,6.049067,0.7780107,3.504722,0.0071792165,0.0072311303,0.85813725,6.049067
202600437,Xaier Hiler,2026,CB,0.8926,DB,0.94333017,16.646074,0.72634715,2.654265,0.050299596,0.052963644,0.94333017,16.646074
202600444,Jaedyn Terry,2026,CB,0.8918,DB,0.85739964,6.012605,0.6393158,1.7725084,0.010450824,0.010561198,0.85739964,6.012605
202600458,Donovan Webb,2026,S,0.8911,DB,0.86893356,6.6297183,0.704151,2.3801024,0.032906316,0.034025986,0.86893356,6.6297183
202600460,Kasmir Hicks,2026,CB,0.891,DB,0.9440982,16.888504,0.73854876,2.8248048,0.023390554,0.023950776,0.9440982,16.888504
202600468,Jordan Crutchfield,2026,S,0.89,DB,0.7636542,3.231088,0.49943772,0.9977533,0.0013823747,0.0013842882,0.7636542,3.231088
202600469,Iverson McCoy,2026,S,0.89,DB,0.8886416,7.980014,0.6137257,1.588834,0.0058438187,0.0058781696,0.8886416,7.980014
202600470,Blake Stewart,2026,S,0.89,DB,0.90354437,9.367461,0.6829064,2.153643,0.00538643,0.0054156007,0.90354437,9.367461
202600471,Chris Hewitt Jr.,2026,S,0.89,DB,0.93093854,13.4798565,0.6589687,1.9322821,0.0032708957,0.0032816296,0.93093854,13.4798565
202600482,Justin Hopkins,2026,S,0.8889,DB,0.8187851,4.518309,0.75190336,3.0306873,0.030800799,0.03177964,0.8187851,4.518309
202600488,Vincent Smith,2026,CB,0.8889,DB,0.794034,3.8551705,0.49003962,0.9609366,0.0036375278,0.0036508078,0.794034,3.8551705
202600498,KJ Johnson,2026,CB,0.8878,DB,0.9330605,13.9388685,0.82706827,4.7826285,0.04360719,0.045595482,0.9330605,13.9388685
202600510,Zachary Taylor,2026,CB,0.8878,DB,0.8661744,6.4724116,0.7176533,2.5417447,0.03288491,0.034003098,0.8661744,6.4724116
202600552,Kaden Gebhardt,2026,S,0.8856,DB,0.6572791,1.9178259,0.37984487,0.6124998,0.0031469513,0.003156886,0.6572791,1.9178259
202600562,Almirian Thomas,2026,CB,0.8856,DB,0.86898315,6.632606,0.71020985,2.4507728,0.007293513,0.0073470995,0.86898315,6.632606
202600566,Kealan Jones,2026,S,0.8856,DB,0.8851431,7.706486,0.66674525,2.0007074,0.0032108752,0.0032212182,0.8851431,7.706486
202600567,Rihyael Kelley,2026,S,0.8856,DB,0.7905889,3.7752964,0.6797867,2.1229181,0.011381463,0.011512492,0.7905889,3.7752964
202600579,Keenan Harris,2026,S,0.8844,DB,0.7973483,3.9345753,0.5238485,1.1001718,0.0036991546,0.0037128893,0.7973483,3.9345753
202600589,Chase Geter,2026,CB,0.8844,DB,0.90510637,9.538115,0.6981195,2.3125694,0.02410729,0.024702808,0.90510637,9.538115
202600596,Collin Flanigan,2026,CB,0.8844,DB,0.7602332,3.1707196,0.6471976,1.8344479,0.03048169,0.031440035,0.7602332,3.1707196
202600608,Nascar McCoy,2026,S,0.8833,DB,0.8300873,4.8853755,0.64286345,1.8000494,0.01916503,0.019539505,0.8300873,4.8853755
202600611,Julian Peterson,2026,CB,0.8833,DB,0.8434723,5.3886456,0.6409121,1.7848336,0.019413795,0.019798152,0.8434723,5.3886456
202600615,Javonte Smith,2026,CB,0.8833,DB,0.709315,2.44015,0.63762003,1.7595345,0.017177265,0.01747748,0.709315,2.44015
202600620,Sean Johnson,2026,CB,0.8833,DB,0.92669314,12.641289,0.68455243,2.170099,0.0191921,0.019567644,0.92669314,12.641289
202600621,Amauri Polydor,2026,CB,0.8833,DB,0.8779328,7.192208,0.6796428,2.1215155,0.027954906,0.028758857,0.8779328,7.192208
202600625,Jaziel Hart,2026,CB,0.8833,DB,0.884621,7.6670904,0.6886763,2.2120907,0.017177265,0.01747748,0.884621,7.6670904
202600627,Brandon Murray,2026,CB,0.8833,DB,0.8823683,7.5011115,0.6196181,1.628937,0.024821302,0.02545308,0.8823683,7.5011115
202600658,Jowell Combay,2026,S,0.8822,DB,0.8909856,8.1731,0.68611014,2.1858308,0.0027817886,0.0027895486,0.8909856,8.1731
202600664,Hakim Satterwhite,2026,CB,0.8811,DB,0.87743706,7.159073,0.6735634,2.0633821,0.02784621,0.028643832,0.87743706,7.159073
202600681,KJ McClain,2026,S,0.88,DB,0.8368174,5.1281037,0.61220545,1.578685,0.0038155832,0.0038301977,0.8368174,5.1281037
202600691,Jamarion Richardson,2026,CB,0.88,DB,0.75354105,3.0574708,0.59587425,1.4744773,0.14981045,0.17620829,0.75354105,3.0574708
202600694,Tyrell Chatman,2026,S,0.88,DB,0.8039148,4.0998235,0.63075703,1.7082438,0.018406734,0.018751895,0.8039148,4.0998235
202600696,Alex Dunn,2026,CB,0.88,DB,0.9317786,13.658159,0.678496,2.1103811,0.07096768,0.07638882,0.9317786,13.658159
202600705,Jermaine Santana-Diaz,2026,S,0.88,DB,0.8815249,7.4405937,0.63244414,1.7206749,0.033848338,0.035034187,0.8815249,7.4405937
202600711,Lyrik Pettis,2026,S,0.88,DB,0.90291494,9.300246,0.67419946,2.0693626,0.010264943,0.010371405,0.90291494,9.300246
202600717,Victor Lincoln,2026,CB,0.88,DB,0.86608094,6.467197,0.68733674,2.1983292,0.017783523,0.018105501,0.86608094,6.467197
202600718,Jordyn Best,2026,CB,0.88,DB,0.8987521,8.876747,0.7185304,2.5527818,0.030979745,0.031970173,0.8987521,8.876747
202600726,Kamden Jennings,2026,CB,0.8789,DB,0.885567,7.7387385,0.76388663,3.2352536,0.018866606,0.019229399,0.885567,7.7387385
202600733,Bradley Brown,2026,S,0.8789,DB,0.86509997,6.4128966,0.59649765,1.4783003,0.009567416,0.009659836,0.86509997,6.4128966
202600734,Markell Taylor,2026,S,0.8789,DB,0.89059067,8.139988,0.62773854,1.686284,0.0035172747,0.0035296895,0.89059067,8.139988
202600736,Darrell Carey,2026,S,0.8789,DB,0.86418355,6.3628783,0.47478503,0.9039823,0.0020296383,0.0020337661,0.86418355,6.3628783
202600737,Xavier Jackson,2026,CB,0.8789,DB,0.8668939,6.512803,0.6702103,2.0322354,0.0030880827,0.0030976483,0.8668939,6.512803
202600739,Davis Kinney,2026,S,0.8789,DB,0.87300926,6.8745904,0.58350784,1.4010055,0.009586231,0.009679016,0.87300926,6.8745904
202600744,Keegan Chapman,2026,CB,0.8789,DB,0.94283444,16.49305,0.7971238,3.929114,0.03803639,0.039540365,0.94283444,16.49305
202600746,Damonte Tabb,2026,S,0.8789,DB,0.91444945,10.688996,0.79489475,3.8755457,0.035080962,0.03635638,0.91444945,10.688996
202600754,Madden Riordan,2026,CB,0.8778,DB,0.5667829,1.3083115,0.39224574,0.6454019,0.09655736,0.10687713,0.5667829,1.3083115
202600763,Chauncey Davis,2026,CB,0.8778,DB,0.87516654,7.0106726,0.5886576,1.4310648,0.057709597,0.06124396,0.87516654,7.0106726
202600765,Jaidon Windom,2026,S,0.8778,DB,0.80251765,4.0637436,0.66725457,2.0053005,0.03054054,0.03150265,0.80251765,4.0637436
202600766,Zahir Cobb,2026,S,0.8778,DB,0.8676205,6.5540414,0.6087333,1.5558014,0.028295983,0.029119961,0.8676205,6.5540414
202600769,Matthew Mason,2026,S,0.8778,DB,0.66071695,1.9473916,0.63636386,1.7500017,0.0030490465,0.0030583716,0.66071695,1.9473916
202600778,Zaiden McDonald,2026,S,0.8767,DB,0.88075763,7.386281,0.69279826,2.25519,0.004082994,0.004099733,0.88075763,7.386281
202600783,Isaiah Williams,2026,S,0.8767,DB,0.87945855,7.2959013,0.63245064,1.720723,0.015321339,0.015559734,0.87945855,7.2959013
202600796,Braeden Presley,2026,S,0.8767,DB,0.9109392,10.228287,0.66615295,1.9953837,0.0025447467,0.002551239,0.9109392,10.228287
202600809,Nick Reddish,2026,S,0.8767,DB,0.90771466,9.835958,0.6357197,1.745139,0.0047554257,0.004778148,0.90771466,9.835958
202600812,D'Various Surratt,2026,S,0.8767,DB,0.8883553,7.956987,0.60988224,1.5633285,0.0025984577,0.0026052273,0.8883553,7.956987
202600817,Mason Lewis,2026,CB,0.8767,DB,0.9017824,9.181474,0.57308584,1.3423913,0.013252483,0.01343047,0.9017824,9.181474
202600831,Azel Banag,2026,CB,0.8767,DB,0.8046086,4.1179323,0.6836028,2.1605842,0.03373723,0.03491517,0.8046086,4.1179323
202600832,Tayten Duncan,2026,S,0.8767,DB,0.9196114,11.439574,0.6650892,1.9858695,0.0047554257,0.004778148,0.9196114,11.439574
202600851,Julian Burns,2026,S,0.8756,DB,0.77723134,3.4889617,0.60078245,1.5049,0.011883105,0.012026011,0.77723134,3.4889617
202600852,Ryan Gilbert,2026,CB,0.8756,DB,0.90171486,9.174479,0.6888462,2.2138445,0.21956891,0.2813431,0.90171486,9.174479
202600857,Koby Sarkodie,2026,S,0.8756,DB,0.8004097,4.010263,0.49112,0.9650998,0.0022846903,0.002289922,0.8004097,4.010263
202600859,Carsen Eloms,2026,CB,0.8756,DB,0.97060704,33.021755,0.6515126,1.8695444,0.03384188,0.035027266,0.97060704,33.021755
202600868,Amari Jones,2026,S,0.8744,DB,0.71917903,2.5609877,0.6658846,1.992978,0.0017889087,0.0017921147,0.71917903,2.5609877
202600882,Da'Ron Barksdale,2026,CB,0.8744,DB,0.9001898,9.019018,0.6930966,2.258354,0.07816139,0.084788576,0.9001898,9.019018
202600897,Mahamadou Siby,2026,S,0.8744,DB,0.90529263,9.558841,0.7864276,3.6822534,0.062110778,0.066224,0.90529263,9.558841
202600901,Jayden Crowder,2026,CB,0.8744,DB,0.77972466,3.5397727,0.63026917,1.7046703,0.014822691,0.015045708,0.77972466,3.5397727
202600913,Jalon Copeland,2026,CB,0.8733,DB,0.8540151,5.850024,0.6217457,1.6437241,0.0013532694,0.0013551032,0.8540151,5.850024
202600928,Brayden Thomas,2026,S,0.8733,DB,0.75516725,3.084421,0.53905314,1.1694474,0.0036843682,0.003697993,0.75516725,3.084421
202600930,Rodarion Jones,2026,CB,0.8733,DB,0.8715643,6.785999,0.6695509,2.0261846,0.0025399257,0.0025463933,0.8715643,6.785999
202600939,Jamareis Conyers,2026,CB,0.8733,DB,0.85574377,5.9321094,0.5684124,1.3170269,0.006046605,0.006083389,0.85574377,5.9321094
202600943,Jordan Lampkins,2026,S,0.8733,DB,0.8535366,5.8276443,0.45861405,0.8471111,0.0017659669,0.001769091,0.8535366,5.8276443
202600944,Bryson Williams,2026,S,0.8733,DB,0.9316861,13.63831,0.6629994,1.9673537,0.0028182515,0.0028262164,0.9316861,13.63831
202600953,Donovan Dunmore,2026,CB,0.8733,DB,0.8116603,4.3095546,0.5226263,1.0947949,0.0004567474,0.0004569561,0.8116603,4.3095546
202600955,Raderrion Daniels,2026,CB,0.8733,DB,0.85795087,6.039818,0.6213867,1.6412174,0.004387422,0.0044067563,0.85795087,6.039818
202600964,Isaiah McMillian,2026,CB,0.8733,DB,0.79946464,3.986652,0.57257503,1.3395919,0.005928475,0.005963831,0.79946464,3.986652
202600967,Isaac Nelson,2026,S,0.8733,DB,0.89241534,8.295006,0.38558555,0.62756586,0.0012436286,0.0012451771,0.89241534,8.295006
202600969,Tristen Hill,2026,S,0.8733,DB,0.89778215,8.783027,0.70249313,2.3612669,0.006754455,0.006800388,0.89778215,8.783027
202600970,Jordan Rodriguez,2026,S,0.8733,DB,0.7558505,3.095851,0.48760504,0.9516195,0.0023617833,0.0023673745,0.7558505,3.095851
202600972,David Coleman Jr.,2026,S,0.8733,DB,0.84203553,5.330538,0.70599836,2.4013417,0.0014038808,0.0014058544,0.84203553,5.330538
202600979,Aldarius Johnson Jr.,2026,CB,0.8722,DB,0.8094307,4.2474356,0.67363596,2.064063,0.0058133914,0.0058473847,0.8094307,4.2474356
202600992,Aaron Bradshaw,2026,S,0.8722,DB,0.8604919,6.168041,0.61439496,1.5933272,0.004833874,0.004857354,0.8604919,6.168041
202600993,Jamar Owens,2026,S,0.8722,DB,0.8935296,8.392282,0.67448914,2.0720942,0.0020750042,0.0020793187,0.8935296,8.392282
202600994,Emory Snyder,2026,S,0.8722,DB,0.9312764,13.551038,0.5372977,1.161217,0.0007437493,0.0007443029,0.9312764,13.551038
202601003,Jordan Vann,2026,S,0.8722,DB,0.76263624,3.212943,0.6327702,1.7230904,0.0018306047,0.0018339619,0.76263624,3.212943
202601023,Shmar Akande,2026,CB,0.8711,DB,0.8883675,7.9579625,0.7686751,3.322924,0.0043525905,0.0043716184,0.8883675,7.9579625
202601031,AJ Marks,2026,CB,0.8711,DB,0.94890803,18.572548,0.83731145,5.1467137,0.0037548288,0.0037689807,0.94890803,18.572548
202601034,Gerald Green Jr.,2026,CB,0.8711,DB,0.8704749,6.72051,0.70152956,2.3504155,0.0048136483,0.004836932,0.8704749,6.72051
202601037,DJ Biggins,2026,S,0.8711,DB,0.85636944,5.9623065,0.7176375,2.5415466,0.0033601406,0.0033714692,0.85636944,5.9623065
202601043,KJ Deriso,2026,CB,0.8711,DB,0.8971775,8.725499,0.74621826,2.940394,0.0035737406,0.003586558,0.8971775,8.725499
202601044,Orion Saunders,2026,CB,0.8711,DB,0.90543324,9.57454,0.8806518,7.3788424,0.0032656097,0.003276309,0.90543324,9.57454
202601049,Tyson Sanford,2026,S,0.8711,DB,0.9326748,13.853285,0.7905357,3.774083,0.0036157984,0.0036289198,0.9326748,13.853285
202601052,Nick McClellan,2026,S,0.8711,DB,0.9409339,15.930181,0.7556586,3.0926347,0.0022068373,0.0022117184,0.9409339,15.930181
202601053,Devonte Anderson,2026,CB,0.8711,DB,0.8926618,8.316349,0.76202464,3.2021158,0.000769561,0.00077015365,0.8926618,8.316349
202601079,Dominic Turnbull,2026,CB,0.87,DB,0.84063107,5.274749,0.71322364,2.4870377,0.00588848,0.0059233597,0.84063107,5.274749
202601089,Xavier Myers,2026,CB,0.87,DB,0.8772642,7.147582,0.64652073,1.8290203,0.0008300004,0.00083068985,0.8772642,7.147582
202601093,Ronnie Hill,2026,S,0.87,DB,0.877117,7.1378207,0.8225843,4.636479,0.0014634458,0.0014655907,0.877117,7.1378207
202601107,Madden Soliai,2026,S,0.87,DB,0.9206652,11.60481,0.6846883,2.1714652,0.005500928,0.0055313557,0.9206652,11.60481
202601108,Elijah Durr,2026,CB,0.87,DB,0.83904654,5.212976,0.6456915,1.8223993,0.005873129,0.005907826,0.83904654,5.212976
202601111,Brandon Ford,2026,CB,0.87,DB,0.89494026,8.5183935,0.79015094,3.7653298,0.005173925,0.0052008335,0.89494026,8.5183935
202601114,Kyndrick Williams,2026,S,0.87,DB,0.90212524,9.217138,0.81843925,4.507798,0.0014679967,0.001470155,0.90212524,9.217138
202601148,Eliyjah Caldwell-Hardy,2026,S,0.8689,DB,0.877151,7.140075,0.686726,2.1920936,0.0003460686,0.0003461884,0.877151,7.140075
202601171,Isaac Patterson,2026,S,0.8678,DB,0.7551222,3.0836692,0.6222843,1.6474938,0.0005908056,0.00059115485,0.7551222,3.0836692
202601173,TJ Umenyiora,2026,CB,0.8678,DB,0.8693875,6.6562357,0.6748655,2.07565,0.0012495262,0.0012510895,0.8693875,6.6562357
202601174,Javen Holmes,2026,S,0.8678,DB,0.82112324,4.590441,0.46488982,0.86877406,0.003435868,0.0034477138,0.82112324,4.590441
202601175,Karaijus Hayes,2026,S,0.8678,DB,0.87931806,7.286244,0.74269855,2.886492,0.0014973268,0.0014995721,0.87931806,7.286244
202601184,Sebastian Cruz,2026,S,0.8678,DB,0.9213498,11.71453,0.7202795,2.5749974,0.0024885354,0.0024947436,0.9213498,11.71453
202601189,Garrick Dixon,2026,CB,0.8678,DB,0.917607,11.136954,0.6874429,2.1994154,0.0029612642,0.0029700594,0.917607,11.136954
202601194,Emari Peterson,2026,CB,0.8678,DB,0.8835495,7.5873404,0.7080502,2.4252462,0.00044239996,0.00044259577,0.8835495,7.5873404
202601198,James Henderson III,2026,CB,0.8678,DB,0.83169466,4.941582,0.70197755,2.3554518,0.0042927363,0.004311243,0.83169466,4.941582
202601200,Jarvse Dickerson,2026,S,0.8678,DB,0.8425138,5.349763,0.6365173,1.7511624,0.008548868,0.008622581,0.8425138,5.349763
202601202,Justin Lewis,2026,CB,0.8678,DB,0.8158376,4.429991,0.5774096,1.3663577,0.0020284865,0.0020326094,0.8158376,4.429991
202601203,Lennie Brown,2026,CB,0.8678,DB,0.8328359,4.9821463,0.62844676,1.6914043,0.0013265623,0.0013283243,0.8328359,4.9821463
202601215,Elijah Keys,2026,CB,0.8678,DB,0.83364654,5.0112967,0.67803955,2.1059716,0.00588848,0.0059233597,0.83364654,5.0112967
202601221,Gabe Davis-Ray,2026,S,0.8678,DB,0.77343744,3.413792,0.70095325,2.3439586,0.00067679066,0.00067724905,0.77343744,3.413792
202601223,DaQuwan Dunn,2026,CB,0.8678,DB,0.86303926,6.301362,0.68436426,2.168209,0.003703924,0.003717694,0.86303926,6.301362
202601225,Major Hinchen,2026,CB,0.8678,DB,0.77374667,3.4198244,0.5424699,1.1856487,0.0021609818,0.0021656617,0.77374667,3.4198244
202601226,Dontae Dyson,2026,CB,0.8678,DB,0.8508185,5.7032447,0.6121881,1.5785697,0.004295746,0.004314279,0.8508185,5.7032447
202601255,Brock King,2026,CB,0.8667,DB,0.9585844,23.145508,0.8088041,4.2302375,0.0565482,0.05993756,0.9585844,23.145508
202601256,Logan Hirou,2026,S,0.8667,DB,0.8755428,7.034892,0.58487964,1.4089398,0.00037999937,0.0003801438,0.8755428,7.034892
202601269,Jordan Jackson,2026,CB,0.8667,DB,0.9138144,10.60287,0.7467748,2.949054,0.0032984365,0.0033093523,0.9138144,10.60287
202601272,Davin Hill,2026,CB,0.8667,DB,0.9046396,9.486533,0.7261958,2.652245,0.009037047,0.009119459,0.9046396,9.486533
202601280,Ernest Nunley,2026,CB,0.8656,DB,0.8675386,6.5493674,0.56994164,1.3252658,0.0023133855,0.0023187497,0.8675386,6.5493674
202601281,Zeth Thues,2026,S,0.8656,DB,0.93165326,13.631276,0.6037254,1.5235025,0.0007153299,0.00071584195,0.93165326,13.631276
202601289,Kai Wheaton,2026,CB,0.8656,DB,0.8750537,7.0034385,0.69633925,2.2931488,0.0032766045,0.003287376,0.8750537,7.0034385
202601320,Brady Hummel,2026,S,0.865,DB,0.71027714,2.4515743,0.5441651,1.1937766,0.00049393397,0.0004941781,0.71027714,2.4515743
202601322,AJ Tarvin,2026,CB,0.865,DB,0.8699736,6.690746,0.6270713,1.6814779,0.0037192535,0.003733138,0.8699736,6.690746
202601323,Braylon Edwards,2026,S,0.8644,DB,0.9169557,11.041767,0.7021308,2.3571782,0.011885786,0.0120287575,0.9169557,11.041767
202601325,Jaxon Toala,2026,S,0.8644,DB,0.8386569,5.197972,0.5618972,1.2825694,0.0025468257,0.0025533286,0.8386569,5.197972
202601327,Marcell Gipson,2026,CB,0.8644,DB,0.90768147,9.832061,0.7556925,3.0932019,0.005173925,0.0052008335,0.90768147,9.832061
202601348,Matthew McClain,2026,S,0.8644,DB,0.9011895,9.120382,0.6899089,2.224859,0.003330994,0.0033421265,0.9011895,9.120382
202601352,Marcellous Ryan,2026,CB,0.8644,DB,0.82872015,4.8383985,0.57536,1.354936,0.004786637,0.004809659,0.82872015,4.8383985
202601357,Jeremiah Favorite,2026,CB,0.8644,DB,0.9015069,9.152995,0.7387549,2.8278234,0.0045983577,0.0046196003,0.9015069,9.152995
202601358,Wayne Henry,2026,S,0.8644,DB,0.9558253,21.637407,0.7783634,3.5118904,0.005287066,0.005315168,0.9558253,21.637407
202601359,Tylen Mathews,2026,S,0.8644,DB,0.91765076,11.143403,0.64410985,1.8098557,0.0015808045,0.0015833073,0.91765076,11.143403
202601361,Deacon King,2026,S,0.8644,DB,0.96684587,29.162155,0.64924866,1.8510226,0.004657804,0.0046796007,0.96684587,29.162155
202601366,Luke Hamilton,2026,CB,0.8644,DB,0.9136156,10.576162,0.71032506,2.4521453,0.0061398,0.00617773,0.9136156,10.576162
202601372,Jaden Vaughn,2026,CB,0.8644,DB,0.90424806,9.443652,0.69370955,2.264875,0.010425134,0.010534963,0.90424806,9.443652
202601373,Maddox Quiller,2026,S,0.8644,DB,0.9051455,9.542465,0.720254,2.5746713,0.01158839,0.011724255,0.9051455,9.542465
202601381,Carter Langenderfer,2026,S,0.8644,DB,0.92938167,13.160629,0.71139663,2.464963,0.00048529246,0.0004855281,0.92938167,13.160629
202601386,Kris Brunson,2026,CB,0.8644,DB,0.8592574,6.1051693,0.63486636,1.7387233,0.0059462166,0.0059817857,0.8592574,6.1051693
202601392,Hannibal Carter Navies,2026,S,0.8644,DB,0.87429774,6.9553065,0.6803292,2.1282182,0.0013946733,0.0013966211,0.87429774,6.9553065
202601395,Eric Parks,2026,S,0.8644,DB,0.90697575,9.749885,0.68646157,2.1894016,0.0003400134,0.00034012902,0.90697575,9.749885
202601433,Jalen Williams,2026,CB,0.8622,DB,0.8787762,7.2492046,0.7107905,2.4577012,0.005410907,0.005440344,0.8787762,7.2492046
202601438,Antavius Watts,2026,S,0.8622,DB,0.8920507,8.263607,0.67326885,2.0606203,0.0013973276,0.0013992828,0.8920507,8.263607
202601442,Kah'ni Watts,2026,S,0.8622,DB,0.85361624,5.831359,0.63563555,1.7445049,0.0059069796,0.0059420792,0.85361624,5.831359
202601447,Dkwan Thomas,2026,S,0.8622,DB,0.92371154,12.108142,0.5952564,1.4706999,0.0007003136,0.00070080435,0.92371154,12.108142
202601448,Makhi Boone,2026,CB,0.8622,DB,0.7705799,3.3588154,0.68347394,2.1592975,0.009370893,0.009459537,0.7705799,3.3588154
202601453,Jermaine McCree,2026,CB,0.8622,DB,0.93316007,13.961116,0.74149954,2.8684652,0.10023406,0.11140015,0.93316007,13.961116
202601456,Terrell Johnson Jr.,2026,CB,0.8622,DB,0.8673714,6.5398507,0.7376645,2.811913,0.0074389386,0.0074946913,0.8673714,6.5398507
202601457,DeCorian Thompson,2026,S,0.8622,DB,0.888337,7.955519,0.6858179,2.1828675,0.009514191,0.009605581,0.888337,7.955519
202601459,Tim Sims,2026,S,0.8622,DB,0.8884265,7.9627004,0.66377157,1.9741685,0.001808356,0.0018116321,0.8884265,7.9627004
202601468,Aisa Galea'i,2026,S,0.8611,DB,0.842213,5.3376565,0.45084515,0.82097995,0.0010846205,0.0010857981,0.842213,5.3376565
202601471,Niko Jandreau,2026,S,0.8611,DB,0.8640202,6.354035,0.33782214,0.51016825,0.003089955,0.0030995326,0.8640202,6.354035
202601492,Maliek Bracy,2026,CB,0.8611,DB,0.8642259,6.365176,0.65519863,1.9002205,0.006623222,0.0066673816,0.8642259,6.365176
202601499,Jayden Ballard,2026,S,0.8611,DB,0.90565056,9.598897,0.5631426,1.2890764,0.0038955756,0.0039108107,0.90565056,9.598897
202601500,Javan Allison,2026,CB,0.8611,DB,0.8648725,6.4004188,0.67354715,2.0632296,0.0061612874,0.006199484,0.8648725,6.4004188
202601501,Darius Burwell,2026,S,0.8611,DB,0.9261459,12.540212,0.79699427,3.9259694,0.0026680392,0.0026751766,0.9261459,12.540212
202601535,Braylon Peebles,2026,CB,0.86,DB,0.9033808,9.349911,0.62182647,1.6442888,0.009319883,0.00940756,0.9033808,9.349911
202601539,Da'Jon Green,2026,CB,0.86,DB,0.9130239,10.49741,0.6584809,1.9280938,0.00096542103,0.000966354,0.9130239,10.49741
202601541,Jayden Reed,2026,S,0.86,DB,0.902063,9.210647,0.59122837,1.4463537,0.003454272,0.0034662453,0.902063,9.210647
202601551,Andre Johnson,2026,CB,0.86,DB,0.8592162,6.103091,0.49774683,0.9910277,0.0031930718,0.0032033003,0.8592162,6.103091
202601562,Preston Crump,2026,CB,0.86,DB,0.8809864,7.4024005,0.58112276,1.3873342,0.0076563046,0.0077153756,0.8809864,7.4024005
202601563,Kayden Steptoe,2026,CB,0.86,DB,0.86619973,6.4738264,0.57975537,1.3795664,0.0050684432,0.0050942632,0.86619973,6.4738264
202601564,CJ Cresser,2026,S,0.86,DB,0.8926809,8.318005,0.60703695,1.5447685,0.001687014,0.0016898648,0.8926809,8.318005
202601567,Jaxon Penn,2026,CB,0.86,DB,0.9550863,21.264917,0.7659557,3.272695,0.031931102,0.032984328,0.9550863,21.264917
202601569,Chris Palmer,2026,S,0.86,DB,0.8873028,7.8733363,0.6232927,1.6545808,0.00101545,0.0010164821,0.8873028,7.8733363
202601573,Knight Wilson,2026,S,0.86,DB,0.83709395,5.1385074,0.42848584,0.749738,0.0069336127,0.0069820234,0.83709395,5.1385074
202601588,Dylan Waters,2026,CB,0.86,DB,0.8577906,6.0318832,0.5155769,1.0643111,0.006584286,0.0066279266,0.8577906,6.0318832
202601596,Keynan Farley,2026,CB,0.86,DB,0.9130239,10.49741,0.6584809,1.9280938,0.00096542103,0.000966354,0.9130239,10.49741
202601600,Kane White-Tinsley,2026,S,0.86,DB,0.8944752,8.476447,0.5995239,1.4970279,0.005262552,0.005290393,0.8944752,8.476447
202601602,Teryn Green,2026,S,0.86,DB,0.93818754,15.177968,0.5761486,1.3593177,0.0020805201,0.0020848578,0.93818754,15.177968
202601605,Jamarion McKinney,2026,CB,0.86,DB,0.8845005,7.6580462,0.654857,1.8973496,0.009319883,0.00940756,0.8845005,7.6580462
202601611,Alex Hanks,2026,S,0.86,DB,0.8866334,7.82094,0.68379444,2.1624997,0.0021028155,0.0021072465,0.8866334,7.82094
202601613,KeAndre Gibson,2026,CB,0.86,DB,0.8845496,7.66173,0.6329446,1.7243843,0.013738663,0.013930043,0.8845496,7.66173
202601623,Nathan Green,2026,S,0.8589,DB,0.9017719,9.180387,0.570247,1.326918,0.0057975473,0.0058313548,0.9017719,9.180387
202601634,Tony Arnett,2026,S,0.8589,DB,0.938323,15.213505,0.76273555,3.2147064,0.010416279,0.0105259195,0.938323,15.213505
202601637,Maurice Williams,2026,CB,0.8589,DB,0.90504026,9.530779,0.68170035,2.1416936,0.0069633243,0.007012152,0.90504026,9.530779
202601639,Jayden Covil,2026,CB,0.8589,DB,0.89361185,8.399543,0.58517027,1.4106276,0.0057034516,0.0057361675,0.89361185,8.399543
202601644,Masiyah Limehouse,2026,CB,0.8589,DB,0.89094293,8.169511,0.690324,2.2291815,0.0049843695,0.005009338,0.89094293,8.169511
202601645,Chris Newell Jr.,2026,S,0.8589,DB,0.79859746,3.9651806,0.5011387,1.0045651,0.009555819,0.009648014,0.79859746,3.9651806
202601646,Jackson Williams,2026,S,0.8589,DB,0.85815454,6.049926,0.6244471,1.6627408,0.010254988,0.010361243,0.85815454,6.049926
202601647,Cason Dash,2026,CB,0.8589,DB,0.8764487,7.0938034,0.6086849,1.5554854,0.0010909796,0.0010921711,0.8764487,7.0938034
202601649,Antione Baker,2026,S,0.8589,DB,0.85065144,5.695746,0.54425275,1.1941986,0.0053154766,0.005343882,0.85065144,5.695746
202601652,Noah Lewis,2026,CB,0.8589,DB,0.88762325,7.898638,0.5941548,1.4639935,0.014111889,0.014313884,0.88762325,7.898638
202601654,Antonio Johnson,2026,CB,0.8589,DB,0.85182637,5.7488394,0.62855005,1.6921527,0.012683901,0.01284685,0.85182637,5.7488394
202601662,Ksani Jiles,2026,CB,0.8578,DB,0.83044237,4.8977,0.59954154,1.4971379,0.004738024,0.0047605797,0.83044237,4.8977
202601669,Xavier Starks,2026,S,0.8578,DB,0.9088981,9.976722,0.6782123,2.1076388,0.0033823908,0.0033938703,0.9088981,9.976722
202601670,Ladarrious Crumity,2026,CB,0.8578,DB,0.78867817,3.7321188,0.5756717,1.3566656,0.0021888523,0.002193654,0.78867817,3.7321188
202601674,Josiah Vilmael,2026,CB,0.8578,DB,0.8055117,4.141698,0.5100082,1.0408505,0.013024946,0.013196833,0.8055117,4.141698
202601678,Sean Williams,2026,CB,0.8578,DB,0.8572355,6.004542,0.5914025,1.4473962,0.0052109575,0.0052382536,0.8572355,6.004542
202601680,Yalik Carter,2026,S,0.8578,DB,0.842395,5.344977,0.58561176,1.4131958,0.0028687732,0.0028770268,0.842395,5.344977
202601681,Darien Lewis,2026,S,0.8578,DB,0.86249983,6.2727184,0.62528944,1.6687264,0.038821273,0.040389236,0.86249983,6.2727184
202601684,LaRon Dues,2026,S,0.8578,DB,0.91794866,11.187491,0.64899945,1.8489984,0.021471363,0.021942498,0.91794866,11.187491
202601687,Kyle Bynes,2026,S,0.8578,DB,0.84744346,5.554947,0.6110136,1.5707839,0.0059984247,0.006034623,0.84744346,5.554947
202601692,Atticus Tillman,2026,S,0.8567,DB,0.80392605,4.1001167,0.6065977,1.5419273,0.008057611,0.0081230635,0.80392605,4.1001167
202601694,Macaiden Brown,2026,S,0.8567,DB,0.76240927,3.2089183,0.5659918,1.3041041,0.0021995783,0.0022044273,0.76240927,3.2089183
202601696,Kolby Barrett,2026,S,0.8567,DB,0.5741299,1.3481337,0.4267669,0.744491,0.0013114248,0.0013131469,0.5741299,1.3481337
202601701,Amarion Queen,2026,CB,0.8567,DB,0.76657766,3.28408,0.50219107,1.0088029,0.0012341975,0.0012357226,0.76657766,3.28408
202601709,Ibn Muhammad,2026,S,0.8567,DB,0.7869647,3.6940582,0.5308919,1.1317048,0.003605521,0.003618568,0.7869647,3.6940582
202601710,Mudassir Abdullah,2026,S,0.8567,DB,0.7137216,2.4931028,0.63127106,1.7120193,0.0030320382,0.0030412595,0.7137216,2.4931028
202601712,Jayden Flournoy,2026,CB,0.8567,DB,0.75064206,3.0102994,0.5927805,1.4556779,0.01658253,0.016862147,0.75064206,3.0102994
202601716,Terron Johnson,2026,CB,0.8567,DB,0.856432,5.9653416,0.6771418,2.0973349,0.0026151077,0.0026219643,0.856432,5.9653416
202601720,Josiah Brown,2026,CB,0.8567,DB,0.8125747,4.3354588,0.6328958,1.7240224,0.003977416,0.0039932993,0.8125747,4.3354588
202601725,Deon Jackson,2026,CB,0.8556,DB,0.81287897,4.344135,0.7677423,3.3055618,0.0023192777,0.0023246694,0.81287897,4.344135
202601728,Isaiah Lucero,2026,CB,0.8556,DB,0.79599774,3.9019065,0.5861025,1.416057,0.0041261427,0.004143238,0.79599774,3.9019065
202601733,Jack Duckworth,2026,CB,0.8556,DB,0.8153201,4.4147735,0.6937853,2.2656827,0.0072267675,0.0072793737,0.8153201,4.4147735
202601736,Rickey Giles,2026,S,0.8556,DB,0.7998253,3.9956365,0.5969683,1.4811944,0.011819557,0.01196093,0.7998253,3.9956365
202601737,Ja'Cari Jackson,2026,S,0.8556,DB,0.7564556,3.1060276,0.65363723,1.8871464,0.0030464227,0.0030557318,0.7564556,3.1060276
202601740,Jase Rhodes,2026,CB,0.8556,DB,0.8016664,4.0420094,0.6396552,1.7751197,0.01152746,0.011661892,0.8016664,4.0420094
202601745,Jax Pope,2026,S,0.8556,DB,0.7966151,3.9167864,0.601841,1.5115592,0.005455142,0.005485064,0.7966151,3.9167864
202601746,Trason Richardson,2026,S,0.8556,DB,0.77951,3.5353534,0.5848879,1.408988,0.015772365,0.016025119,0.77951,3.5353534
202601747,Kameron Hurst,2026,CB,0.8556,DB,0.87010443,6.698492,0.65929794,1.9351158,0.005823324,0.0058574337,0.87010443,6.698492
202601750,Amiri Barnes,2026,CB,0.8556,DB,0.7674265,3.2997158,0.6452801,1.8191259,0.009201568,0.009287023,0.7674265,3.2997158
202601752,Larry Warren,2026,CB,0.8556,DB,0.76174146,3.1971214,0.6770527,2.0964801,0.0170592,0.017355267,0.76174146,3.1971214
202601753,James Brewer III,2026,S,0.855,DB,0.737985,2.8165755,0.64828116,1.8431801,0.008995391,0.009077043,0.737985,2.8165755
202601757,Traverse Moore,2026,S,0.855,DB,0.7593808,3.1559446,0.6452825,1.8191448,0.0029303324,0.0029389446,0.7593808,3.1559446
202601779,Corey Warner,2026,CB,0.855,DB,0.828431,4.828559,0.69150347,2.2415276,0.007293699,0.0073472876,0.828431,4.828559
202601782,Lennox Lemon,2026,CB,0.855,DB,0.616922,1.6104345,0.49843138,0.99374515,0.008896782,0.008976645,0.616922,1.6104345
202601783,Kallen Martinez,2026,S,0.855,DB,0.7867451,3.6892233,0.6182252,1.6193453,0.0075400365,0.0075973207,0.7867451,3.6892233
202601786,Colton Benaitis,2026,S,0.855,DB,0.7766315,3.4769065,0.4615772,0.85727644,0.0014743403,0.0014765172,0.7766315,3.4769065
202601791,Grant Blascak,2026,S,0.855,DB,0.4314692,0.75891966,0.45192245,0.8245593,0.0014283776,0.0014304208,0.4314692,0.75891966
202601794,Torrence Sanders,2026,CB,0.855,DB,0.8236478,4.6704707,0.66930974,2.0239778,0.008188874,0.008256486,0.8236478,4.6704707
202601804,Hayden West,2026,S,0.855,DB,0.8632225,6.311143,0.72003996,2.5719383,0.06546343,0.070049085,0.8632225,6.311143
202601807,Troy Garner,2026,S,0.855,DB,0.70299953,2.366998,0.41037682,0.69599843,0.0048306454,0.004854094,0.70299953,2.366998
202601815,Fa'Rel Carter,2026,CB,0.855,DB,0.938177,15.175207,0.5931536,1.4579301,0.0055552064,0.005586239,0.938177,15.175207
202601816,Robert McFarland,2026,S,0.855,DB,0.71723986,2.5365663,0.53154325,1.1346688,0.5741763,1.3483897,0.71723986,2.5365663
202601827,Omari Bledsoe,2026,CB,0.8544,DB,0.7429909,2.890913,0.58053166,1.3839701,0.006482358,0.006524653,0.7429909,2.890913
202601835,Nate Dawson,2026,CB,0.8544,DB,0.76961046,3.3404748,0.651006,1.8653786,0.0105297165,0.010641771,0.76961046,3.3404748
202601839,Amar'e Miller,2026,S,0.8533,DB,0.62947434,1.6988684,0.552851,1.2363911,0.011849798,0.0119919,0.62947434,1.6988684
202601854,Derrick Nichols III,2026,S,0.8533,DB,0.7771882,3.4880922,0.75216067,3.034872,0.0023224112,0.0023278173,0.7771882,3.4880922
202601868,Ja'Kyri Watson,2026,CB,0.8533,DB,0.72768116,2.672166,0.70681596,2.410827,0.006064198,0.0061011966,0.72768116,2.672166
202601875,Justice Brathwaite,2026,CB,0.8522,DB,0.8366554,5.122026,0.5070857,1.0287502,0.002868694,0.0028769472,0.8366554,5.122026
202601883,Dareon Edmonds,2026,CB,0.8522,DB,0.7259272,2.6486652,0.601558,1.5097758,0.007440125,0.0074958955,0.7259272,2.6486652
202601892,Julian Byrd,2026,CB,0.8522,DB,0.8073413,4.1905255,0.60052973,1.5033152,0.0041633095,0.004180715,0.8073413,4.1905255
202601893,Simaj Hill,2026,S,0.8522,DB,0.7775871,3.4961424,0.5439236,1.1926152,0.011173163,0.011299413,0.7775871,3.4961424
202601896,Syncere Berry,2026,CB,0.8522,DB,0.7867951,3.6903234,0.618801,1.6233017,0.018452387,0.018799279,0.7867951,3.6903234
202601903,Jaylen Pollard,2026,S,0.8522,DB,0.744816,2.918741,0.5946884,1.4672376,0.010757812,0.010874801,0.744816,2.918741
202601904,Savion Bandy,2026,S,0.8517,DB,0.7838114,3.6255906,0.5790031,1.3753144,0.0050828336,0.0051088007,0.7838114,3.6255906
202601925,Jaycee Houston,2026,S,0.8511,DB,0.6957399,2.2866619,0.5226113,1.0947292,0.018678179,0.019033695,0.6957399,2.2866619
202601931,Demari Clemons,2026,CB,0.85,DB,0.86382973,6.343747,0.71499103,2.5086615,0.006929861,0.006978219,0.86382973,6.343747
202601936,Tommy Thies,2026,S,0.85,DB,0.850805,5.7026367,0.68074965,2.132338,0.0055670836,0.0055982494,0.850805,5.7026367
202601938,Kindall Brown,2026,CB,0.85,DB,0.8494087,5.640489,0.7334045,2.7510014,0.010983264,0.011105236,0.8494087,5.640489
202601948,Julian Holt,2026,S,0.85,DB,0.8523725,5.773807,0.59988767,1.4992981,0.0019225945,0.001926298,0.8523725,5.773807
202601954,Jasiah Denmark,2026,CB,0.85,DB,0.7280809,2.6775649,0.57989794,1.380374,0.0092229815,0.009308836,0.7280809,2.6775649
202601958,RJ Holland,2026,S,0.85,DB,0.7085045,2.4305847,0.5226113,1.0947292,0.01722132,0.017523091,0.7085045,2.4305847
202601962,Dorian Rutledge,2026,S,0.85,DB,0.82575375,4.7390046,0.5935191,1.4601401,0.018624377,0.018977826,0.82575375,4.7390046
202601969,Tedrick Lee,2026,S,0.85,DB,0.83756894,5.156458,0.6093338,1.55973,0.006514455,0.0065571712,0.83756894,5.156458
202601974,Jamarcus Watkins,2026,CB,0.85,DB,0.5920689,1.4513944,0.55029726,1.2236911,0.008035229,0.008100317,0.5920689,1.4513944
202601982,A'Davion Dale,2026,CB,0.85,DB,0.9253521,12.396223,0.8471739,5.543386,0.003606256,0.0036193084,0.9253521,12.396223
202601984,Josh Hines,2026,S,0.85,DB,0.7903741,3.770403,0.6708635,2.0382533,0.004248059,0.004266182,0.7903741,3.770403
202601995,Cato June Jr.,2026,CB,0.85,DB,0.9573452,22.444014,0.629426,1.6985164,0.009348671,0.009436893,0.9573452,22.444014
202601999,JaJuan Jones,2026,S,0.85,DB,0.84269,5.3568745,0.6761604,2.0879483,0.003827839,0.0038425475,0.84269,5.3568745
202602006,O'Shea Jackson-Webb,2026,CB,0.85,DB,0.82915545,4.853274,0.5184971,1.0768307,0.007676267,0.0077356477,0.82915545,4.853274
202602010,Shondell Harris,2026,S,0.85,DB,0.88552946,7.735872,0.7406389,2.8556285,0.037884414,0.03937616,0.88552946,7.735872
202602011,Hank James,2026,S,0.85,DB,0.8756279,7.0403867,0.75675434,3.1110702,0.00708034,0.007130828,0.8756279,7.0403867
202602034,Brayden Dozier,2026,S,0.85,DB,0.8308137,4.910644,0.76247525,3.2100875,0.004142068,0.004159296,0.8308137,4.910644
202602038,Champ Smith,2026,S,0.85,DB,0.80891484,4.2332687,0.6633791,1.9707006,0.021263061,0.021725,0.80891484,4.2332687
202602041,Dominick Walters,2026,S,0.85,DB,0.8452876,5.463607,0.5957006,1.4734147,0.0041352366,0.004152408,0.8452876,5.463607
202602044,Za'marion West,2026,CB,0.85,DB,0.8393543,5.224878,0.65071285,1.8629739,0.011517999,0.011652209,0.8393543,5.224878
202602045,Brodon Moore,2026,CB,0.85,DB,0.8940623,8.439508,0.80109775,4.027595,0.005257158,0.0052849418,0.8940623,8.439508
202602057,Deon Callins,2026,CB,0.85,DB,0.9212399,11.696786,0.7157424,2.517936,0.03959258,0.041224774,0.9212399,11.696786
202602058,Marrel Davis,2026,CB,0.85,DB,0.79577637,3.8965929,0.62845016,1.6914289,0.016596392,0.01687648,0.79577637,3.8965929
202602061,Kevin White,2026,CB,0.85,DB,0.8209647,4.5854907,0.65135473,1.8682449,0.0087735085,0.008851164,0.8209647,4.5854907
202602064,Kaden Olson,2026,S,0.85,DB,0.7932337,3.8363779,0.5676939,1.3131757,0.022949494,0.023488546,0.7932337,3.8363779
202602087,Caleb Carson,2026,S,0.85,DB,0.8475102,5.5578165,0.61179864,1.5759828,0.003432648,0.0034444716,0.8475102,5.5578165
202602090,Emanual Collins,2026,S,0.85,DB,0.8308394,4.911542,0.69801223,2.3113923,0.0061088745,0.006146422,0.8308394,4.911542
202602092,Rahsaan Isaac,2026,CB,0.85,DB,0.8649828,6.4064627,0.7171159,2.5350163,0.007092062,0.0071427184,0.8649828,6.4064627
202602113,Colt Matlock,2026,S,0.85,DB,0.7817975,3.5828996,0.5444285,1.1950452,0.041412555,0.043201644,0.7817975,3.5828996
202602114,Shaquille Leaks,2026,S,0.85,DB,0.7442104,2.9094634,0.53027093,1.1288868,0.010924573,0.011045238,0.7442104,2.9094634
202602121,Marquis Richardson,2026,S,0.8489,DB,0.82663363,4.7681313,0.5283667,1.1202912,0.013287466,0.013466401,0.82663363,4.7681313
202602123,Tristan Lester,2026,S,0.8489,DB,0.92630315,12.5691,0.7376884,2.8122602,0.029669445,0.030576637,0.92630315,12.5691
202602126,Mark Brown III,2026,S,0.8489,DB,0.7932337,3.8363779,0.49331543,0.9736145,0.026013061,0.026707813,0.7932337,3.8363779
202602128,Taron Essex,2026,S,0.8489,DB,0.92423296,12.198351,0.6458849,1.8239404,0.0036350696,0.0036483314,0.92423296,12.198351
202602129,Alchino Blakely,2026,S,0.8478,DB,0.86544985,6.432173,0.64005095,1.778171,0.014819488,0.015042409,0.86544985,6.432173
202602132,Robert Reddick,2026,S,0.8478,DB,0.9409766,15.942439,0.5301089,1.1281528,0.018716775,0.019073773,0.9409766,15.942439
202602133,Dorrian Medley,2026,S,0.8478,DB,0.79578996,3.8969188,0.6905124,2.2311475,0.0121428,0.012292059,0.79578996,3.8969188
202602135,Griffin Tillis,2026,S,0.8478,DB,0.8352583,5.070109,0.55021656,1.2232921,0.018922802,0.019287782,0.8352583,5.070109
202602140,Bryce Williams,2026,CB,0.8478,DB,0.83664584,5.1216683,0.6698566,2.028987,0.0029231426,0.0029317124,0.83664584,5.1216683
202602142,Dylan Abram,2026,CB,0.8478,DB,0.8070198,4.1818795,0.6149423,1.5970135,0.014401862,0.014612307,0.8070198,4.1818795
202602145,Micah Bright,2026,S,0.8478,DB,0.85291183,5.798643,0.61863285,1.622145,0.002331462,0.0023369105,0.85291183,5.798643
202602146,Leonzay Merzius,2026,CB,0.8478,DB,0.8287684,4.8400426,0.62229484,1.6475677,0.008470898,0.008543267,0.8287684,4.8400426
202602147,Tylen Hockett,2026,CB,0.8478,DB,0.7745382,3.4353416,0.6334258,1.7279605,0.016546486,0.016824879,0.7745382,3.4353416
202602150,Truly Bell,2026,CB,0.8467,DB,0.8142792,4.3844266,0.5172735,1.0715663,0.0024223826,0.0024282648,0.8142792,4.3844266
202602157,Carter Stewart,2026,S,0.8467,DB,0.74388653,2.9045193,0.5561388,1.2529566,0.01736912,0.017676137,0.74388653,2.9045193
202602161,Tyson Stroud,2026,CB,0.8467,DB,0.8859704,7.769654,0.7782423,3.509426,0.00408199,0.004098721,0.8859704,7.769654
202602162,Thomas Cook Jr.,2026,CB,0.8467,DB,0.7566292,3.1089568,0.5834953,1.4009334,0.022884395,0.023420354,0.7566292,3.1089568
202602174,Camen Upshaw,2026,S,0.8456,DB,0.72532094,2.6406124,0.37085384,0.5894558,0.029859016,0.030778017,0.72532094,2.6406124
202602189,Ryan Miller,2026,S,0.845,DB,0.6623627,1.961758,0.4892791,0.9580166,0.0031617486,0.003171777,0.6623627,1.961758
202602191,Easton Jointer,2026,S,0.845,DB,0.54843193,1.2145056,0.15939716,0.18962242,0.0036186858,0.0036318281,0.54843193,1.2145056
202602215,Azari Warren,2026,CB,0.845,DB,0.7532758,3.053109,0.5675832,1.3125836,0.0056099594,0.0056416085,0.7532758,3.053109
202602223,Kydel Stone,2026,CB,0.845,DB,0.75154924,3.0249424,0.47349384,0.899313,0.032458,0.033546865,0.75154924,3.0249424
202602236,Jaleel Parker,2026,S,0.845,DB,0.8574258,6.013892,0.643065,1.8016304,0.0013227535,0.0013245054,0.8574258,6.013892
202602237,Drew Esper,2026,S,0.845,DB,0.7647922,3.2515597,0.55069834,1.2256762,0.0056806793,0.0057131336,0.7647922,3.2515597
202602239,Michael Knight,2026,CB,0.845,DB,0.7775716,3.495829,0.64941245,1.8523546,0.012532551,0.012691609,0.7775716,3.495829
202602249,Horace Glenn III,2026,CB,0.845,DB,0.747189,2.955524,0.56809884,1.3153446,0.03807503,0.039582122,0.747189,2.955524
202602261,Justus Donahoo,2026,S,0.845,DB,0.80494136,4.126663,0.5438703,1.1923587,0.0019675414,0.0019714204,0.80494136,4.126663
202602263,Justin Weatherall,2026,S,0.845,DB,0.86625004,6.476638,0.67275995,2.0558608,0.0041121375,0.004129117,0.86625004,6.476638
202602264,Trakarris Collier,2026,CB,0.845,DB,0.87433577,6.9577136,0.71257323,2.479147,0.046577357,0.04885279,0.87433577,6.9577136
202602272,Zion Allen,2026,S,0.845,DB,0.77706736,3.4856598,0.5328103,1.140458,0.0042007514,0.004218472,0.77706736,3.4856598
202602289,Christian Davis,2026,CB,0.8444,DB,0.76537526,3.262125,0.6110678,1.5711421,0.005827579,0.005861739,0.76537526,3.262125
202602306,Jeremy Garner II,2026,CB,0.8422,DB,0.7187041,2.5549755,0.5851564,1.4105469,0.034490965,0.035723086,0.7187041,2.5549755
202602309,Kennedi Bailey,2026,CB,0.8422,DB,0.8228809,4.6459193,0.6752783,2.0795603,0.0061017945,0.006139255,0.8228809,4.6459193
202602347,Trenton Gummer,2026,CB,0.84,DB,0.8644466,6.3771653,0.71721214,2.5362196,0.0015042524,0.0015065186,0.8644466,6.3771653
202602368,Omar Williams Jr.,2026,CB,0.84,DB,0.94827825,18.334225,0.5895848,1.436557,0.0060273143,0.006063863,0.94827825,18.334225
202602382,Brysen Conner,2026,CB,0.84,DB,0.8324377,4.9679294,0.65789413,1.9230717,0.008073653,0.008139367,0.8324377,4.9679294
202602386,Javari Nash,2026,S,0.84,DB,0.8391139,5.215577,0.564554,1.2964959,0.00055693707,0.00055724743,0.8391139,5.215577
202602392,Tylin Drakeford,2026,CB,0.84,DB,0.8324377,4.9679294,0.65789413,1.9230717,0.008073653,0.008139367,0.8324377,4.9679294
202602393,David Williams,2026,CB,0.84,DB,0.84703475,5.5374327,0.62536955,1.6692972,0.0058910097,0.0059259194,0.84703475,5.5374327
202602411,Jayshaun Manary,2026,CB,0.84,DB,0.76623183,3.2777424,0.562839,1.2874866,0.0048218668,0.00484523,0.76623183,3.2777424
202602418,Kobe Russell,2026,CB,0.84,DB,0.8457423,5.482658,0.5936549,1.4609622,0.0014248061,0.001426839,0.8457423,5.482658
202602440,Eddie Guerra,2026,CB,0.84,DB,0.8264709,4.7627225,0.58919406,1.4342394,0.004249233,0.0042673657,0.8264709,4.7627225
202602447,Savion Lewis,2026,CB,0.84,DB,0.78933287,3.746825,0.53729075,1.1611844,0.0023550394,0.0023605986,0.78933287,3.746825
202602481,Will Phillips,2026,S,0.84,DB,0.9149677,10.76024,0.777248,3.489298,0.0031267772,0.0031365848,0.9149677,10.76024
202602483,Eric Johnson,2026,S,0.84,DB,0.84134394,5.3029423,0.57808787,1.3701618,0.004301252,0.0043198327,0.84134394,5.3029423
202602485,Aaron Kearse,2026,S,0.84,DB,0.80538213,4.138274,0.48498824,0.9417032,0.0039280327,0.003943523,0.80538213,4.138274
202602488,TeJuan Barbour,2026,CB,0.84,DB,0.8054914,4.1411605,0.68694586,2.1943357,0.006859177,0.00690655,0.8054914,4.1411605
202602490,Franklin Morgan Jr.,2026,CB,0.84,DB,0.8330165,4.988616,0.63797927,1.7622727,0.0019337568,0.0019375035,0.8330165,4.988616
202602500,Ry'sheed Fuller,2026,CB,0.84,DB,0.87624884,7.080732,0.680932,2.134128,0.0020622478,0.0020665096,0.87624884,7.080732
202602511,Kevin Moore,2026,S,0.84,DB,0.91988206,11.481599,0.6758956,2.0854254,0.0009603757,0.0009612989,0.91988206,11.481599
202602553,Martece Smith,2026,CB,0.835,DB,0.95315754,20.348154,0.49855497,0.99423647,0.005053528,0.005079196,0.95315754,20.348154
202602558,Chase Usher,2026,CB,0.835,DB,0.7925043,3.8193772,0.61812156,1.6186343,0.0021156652,0.0021201507,0.7925043,3.8193772
202602566,Amare Mack,2026,CB,0.835,DB,0.79040116,3.7710187,0.5907789,1.4436667,0.0016675155,0.0016703007,0.79040116,3.7710187
202602569,Cedarius Christian,2026,CB,0.835,DB,0.80497336,4.127505,0.61247087,1.5804511,0.0047739493,0.004796849,0.80497336,4.127505
202602571,Jahmani Chin-Suer,2026,CB,0.835,DB,0.8657993,6.451526,0.6355083,1.7435467,0.004237229,0.0042552594,0.8657993,6.451526
202602588,Damien Richard II,2026,CB,0.835,DB,0.7893613,3.7474656,0.6231112,1.6533024,0.0019346891,0.0019384394,0.7893613,3.7474656
202602591,Ziiyahn Blair,2026,S,0.835,DB,0.6791216,2.1164455,0.55097353,1.2270402,0.0016735706,0.0016763761,0.6791216,2.1164455
202602592,Na'Cari Gay,2026,CB,0.835,DB,0.8614029,6.21516,0.6776624,2.1023371,0.0016127756,0.0016153809,0.8614029,6.21516
202602604,Bo Gable,2026,S,0.835,DB,0.7977467,3.9442956,0.43305027,0.7638248,0.0031116386,0.0031213511,0.7977467,3.9442956
202602605,Xavier Wimbush,2026,S,0.835,DB,0.86005485,6.1456566,0.5436073,1.1910955,0.0016753911,0.0016782028,0.86005485,6.1456566
202602617,Jakari Johnson,2026,S,0.8322,DB,0.83008647,4.8853464,0.44482684,0.80123985,0.0007095814,0.00071008527,0.83008647,4.8853464
202602619,Damyon Pearson,2026,CB,0.8322,DB,0.7598575,3.1641939,0.48228073,0.9315487,0.008308995,0.008378613,0.7598575,3.1641939
202602626,Jeffery Johnson,2026,CB,0.83,DB,0.70130795,2.3479297,0.4975725,0.990337,0.0046400903,0.004661721,0.70130795,2.3479297
202602639,Keshawn Mills,2026,CB,0.83,DB,0.7775083,3.49455,0.35795754,0.5575294,0.009026859,0.009109085,0.7775083,3.49455
202602678,Larell Parker,2026,CB,0.83,DB,0.73818564,2.8195002,0.529481,1.1253127,0.006385942,0.0064269844,0.73818564,2.8195002
202602679,Chaz Katoanga,2026,S,0.83,DB,0.6595115,1.9369568,0.3482246,0.5342709,0.0025925534,0.0025992922,0.6595115,1.9369568
202602701,Torey Page,2026,CB,0.83,DB,0.9115509,10.305935,0.47036964,0.88810927,0.26042446,0.35212696,0.9115509,10.305935
202602712,Rahmeer Henderson,2026,S,0.83,DB,0.69976956,2.3307748,0.49464887,0.9788222,0.00692217,0.0069704205,0.69976956,2.3307748
202602724,Damarius Lavender,2026,S,0.83,DB,0.8213341,4.5970397,0.5439839,1.192905,0.0013846166,0.0013865364,0.8213341,4.5970397
202602726,Shane Veenhof,2026,S,0.83,DB,0.70973665,2.4451473,0.47241765,0.89543873,0.0032904653,0.0033013283,0.70973665,2.4451473
202602743,Kendall Griffin,2026,CB,0.83,DB,0.60689735,1.5438648,0.30709997,0.44320962,0.014459046,0.014671178,0.60689735,1.5438648
202602750,Marco Beltran,2026,S,0.83,DB,0.7644208,3.244857,0.4563255,0.8393359,0.024169423,0.024768053,0.7644208,3.244857
202602755,Iroc Cordova,2026,CB,0.83,DB,0.67671597,2.0932553,0.4145086,0.707967,0.008341634,0.008411801,0.67671597,2.0932553
202602758,Isaiah Sensabaugh,2026,S,0.83,DB,0.785367,3.659116,0.47556078,0.90679866,0.0010164692,0.0010175034,0.785367,3.659116
202602761,Tre'Von Williams,2026,CB,0.83,DB,0.87148535,6.781214,0.4734314,0.89908785,0.0021728405,0.002177572,0.87148535,6.781214
202602766,Davontey Oliver,2026,S,0.83,DB,0.7318038,2.7286131,0.5313883,1.1339629,0.0062700002,0.006309561,0.7318038,2.7286131
202602776,Avin Houston,2026,CB,0.83,DB,0.70781153,2.4224486,0.44646093,0.80655724,0.050992504,0.053732455,0.70781153,2.4224486
202602782,Jeremiah Deese,2026,S,0.83,DB,0.5846424,1.407564,0.3991895,0.6644183,0.0044378377,0.00445762,0.5846424,1.407564
202602795,Marcus Bourda Jr.,2026,S,0.83,DB,0.7147201,2.505329,0.41198832,0.70064646,0.0056172204,0.0056489515,0.7147201,2.505329
202602800,Rukevwe Eruvwetaghware,2026,S,0.83,DB,0.70303273,2.3673744,0.45262775,0.8269103,0.003815837,0.0038304534,0.70303273,2.3673744
202602813,Elijah Whitaker,2026,S,0.827,DB,0.71907383,2.5596542,0.47430342,0.902238,0.0034126895,0.0034243758,0.71907383,2.5596542
202602834,Kavontae Whipple,2026,S,0.825,DB,0.6312461,1.7118356,0.3922161,0.6453216,0.003177402,0.0031875302,0.6312461,1.7118356
202602836,Kingston Gregory,2026,CB,0.825,DB,0.7849458,3.6499903,0.46564403,0.8714116,0.10820561,0.12133471,0.7849458,3.6499903
202602842,Jabari Monds,2026,CB,0.825,DB,0.7809709,3.5656028,0.62572384,1.671824,0.0024876476,0.0024938514,0.7809709,3.5656028
202602856,Clarence Tucker,2026,CB,0.82,DB,0.7582353,3.1362526,0.5125711,1.0515813,0.016245622,0.0165139,0.7582353,3.1362526
202602861,Jayden Nicholas,2026,CB,0.82,DB,0.73905027,2.8321557,0.49695927,0.98791057,0.02829859,0.029122723,0.73905027,2.8321557
202602864,Ose Enosegbe,2026,S,0.82,DB,0.75833964,3.138039,0.50277555,1.0111642,0.0019791054,0.00198303,0.75833964,3.138039
202602877,Israel Nabors,2026,CB,0.82,DB,0.69559675,2.2851162,0.44886798,0.8144473,0.029268475,0.030150948,0.69559675,2.2851162
202602879,Carlos Young,2026,CB,0.82,DB,0.70173234,2.3526933,0.31688565,0.46388376,0.21081252,0.26712602,0.70173234,2.3526933
202602888,Caden Ward,2026,CB,0.82,DB,0.82263434,4.63807,0.6759304,2.0857568,0.007119504,0.0071705543,0.82263434,4.63807
202602893,Dane Kellner,2026,S,0.82,DB,0.6857534,2.1822143,0.44576532,0.8042898,0.010410633,0.010520154,0.6857534,2.1822143
202602900,AJ Morton,2026,CB,0.82,DB,0.72579205,2.6468673,0.4587959,0.84773177,0.0059911623,0.0060272724,0.72579205,2.6468673
202602913,Kam Washington,2026,CB,0.82,DB,0.71547395,2.5146167,0.5227577,1.0953717,0.023928422,0.024515027,0.71547395,2.5146167
202602919,Jerry Allen III,2026,CB,0.82,DB,0.6873031,2.1979852,0.5066127,1.0268054,0.051509783,0.054307133,0.6873031,2.1979852
202602934,Damian Horace,2026,S,0.82,DB,0.7216629,2.5927656,0.5154755,1.0638791,0.013264104,0.0134424055,0.7216629,2.5927656
202602958,Malachi Igharo,2026,CB,0.82,DB,0.72137535,2.589058,0.4728234,0.89689755,0.072563104,0.07824048,0.72137535,2.589058
202602966,Jeremiah Blakney,2026,CB,0.82,DB,0.8964548,8.657619,0.6001127,1.5007044,0.011954411,0.012099048,0.8964548,8.657619
202602987,Trisshon Wright,2026,S,0.81,DB,0.63270634,1.7226171,0.41395608,0.7063567,0.0007734074,0.00077400607,0.63270634,1.7226171
202602991,Hayaat Asiedu,2026,CB,0.81,DB,0.666521,1.9986897,0.44203874,0.7922392,0.0012725688,0.0012741903,0.666521,1.9986897
202603005,Kingston Spivey,2026,CB,0.81,DB,0.78562975,3.6648264,0.36013994,0.5628417,0.010421298,0.0105310455,0.78562975,3.6648264
202603009,Jermell Green,2026,CB,0.81,DB,0.8311177,4.9212832,0.48554885,0.94381917,0.0012129621,0.0012144351,0.8311177,4.9212832
202603024,Nemo Fungula,2026,S,0.81,DB,0.6833292,2.1578538,0.4817639,0.9296224,0.0004535338,0.0004537396,0.6833292,2.1578538
202603028,JaMichael Hill,2026,CB,0.81,DB,0.71097183,2.4598703,0.46345067,0.86376154,0.003041701,0.003050981,0.71097183,2.4598703
202603068,Elijah Ward,2026,CB,0.8,DB,0.81247413,4.3325977,0.6031231,1.5196731,0.08415994,0.09189371,0.81247413,4.3325977
202603070,Xavier Collins,2026,S,0.8,DB,0.8010752,4.0270257,0.4057725,0.68285716,0.00030876993,0.0003088653,0.8010752,4.0270257
202603075,Xzavier Webber,2026,CB,0.8,DB,0.897144,8.722332,0.572091,1.3369454,0.0017062804,0.0017091968,0.897144,8.722332
202603085,Caleb Jones,2026,S,0.8,DB,0.62388414,1.6587552,0.4365927,0.77491486,0.0015818344,0.0015843406,0.62388414,1.6587552
202603088,Gabriel Lomeli,2026,S,0.8,DB,0.72934735,2.6947725,0.42644325,0.7435066,0.0006465631,0.0006469814,0.72934735,2.6947725
202603106,Blair Otero,2026,S,0.79,DB,0.66982275,2.0286763,0.33767155,0.5098249,0.011149228,0.011274935,0.66982275,2.0286763
202603118,Jai Ewing,2026,CB,0.75,DB,0.83602494,5.0984883,0.35506988,0.5505556,0.0007661442,0.0007667316,0.83602494,5.0984883
202700001,John Meredith III,2027,CB,0.9988,DB,0.98849934,85.95155,0.97011316,32.45954,0.27257884,0.3747194,0.98849934,85.95155
202700003,Joshua Dobson,2027,CB,0.9979,DB,0.9899614,98.61534,0.9716357,34.255585,0.40740654,0.68749756,0.9899614,98.61534
202700016,Honor Fa'alave-Johnson,2027,S,0.9926,DB,0.98961943,95.33386,0.9646906,27.32109,0.01624806,0.01651642,0.98961943,95.33386
202700030,Tory Pittman III,2027,S,0.9875,DB,0.9868123,74.82819,0.9467816,17.790485,0.0031321726,0.003142014,0.9868123,74.82819
202700031,Donte Wright,2027,CB,0.9852,DB,0.98557186,68.309006,0.9596307,23.771317,0.043753326,0.04575527,0.98557186,68.309006
202700033,Chance Gilbert,2027,S,0.9844,DB,0.9699451,32.272415,0.9410433,15.961606,0.004293635,0.0043121497,0.9699451,32.272415
202700037,JayQuan Snell,2027,S,0.9837,DB,0.987756,80.672745,0.95469445,21.072351,0.038697932,0.040255748,0.987756,80.672745
202700039,Xavier Hasan,2027,CB,0.9829,DB,0.9889263,89.303986,0.9482949,18.340445,0.011514562,0.011648691,0.9889263,89.303986
202700041,Duvay Williams,2027,CB,0.9818,DB,0.9540367,20.756495,0.8670719,6.5228653,0.13257053,0.15283148,0.9540367,20.756495
202700042,Kamarui Dorsey,2027,S,0.9811,DB,0.9733945,36.58623,0.8650222,6.4086246,0.0057352395,0.005768322,0.9733945,36.58623
202700046,Hayden Stepp,2027,CB,0.9794,DB,0.9919538,123.28212,0.9682685,30.514439,0.020406762,0.020831874,0.9919538,123.28212
202700047,JuJu Johnson,2027,CB,0.9792,DB,0.98794425,81.94794,0.95317143,20.354486,0.018916368,0.019281097,0.98794425,81.94794
202700061,Raylaun Henry,2027,CB,0.9752,DB,0.9894701,93.96788,0.9491057,18.648558,0.02939055,0.03028051,0.9894701,93.96788
202700071,Ta'Shawn Poole,2027,S,0.9687,DB,0.9832524,58.71007,0.8741402,6.9453487,0.019934587,0.020340057,0.9832524,58.71007
202700083,Aaryn Washington,2027,CB,0.9649,DB,0.9513931,19.573223,0.70825624,2.4276655,0.0064192708,0.006460744,0.9513931,19.573223
202700084,KJ Caldwell,2027,S,0.9643,DB,0.991104,111.41016,0.9045486,9.476534,0.0019728576,0.0019767575,0.991104,111.41016
202700087,Corey Hadley Jr.,2027,S,0.9613,DB,0.97740126,43.250248,0.89071757,8.150601,0.016990509,0.017284175,0.97740126,43.250248
202700103,Karon Eugene,2027,S,0.9559,DB,0.9617959,25.175219,0.92104745,11.665835,0.09990712,0.110996455,0.9617959,25.175219
202700106,Allen Evans,2027,CB,0.9544,DB,0.98273575,56.923176,0.91878265,11.31264,0.013266533,0.0134449,0.98273575,56.923176
202700115,Eli Johnson,2027,S,0.95,DB,0.9766558,41.83716,0.88466597,7.6704674,0.020620048,0.021054186,0.9766558,41.83716
202700116,Jerry Outhouse Jr.,2027,S,0.9492,DB,0.98610353,70.96075,0.9175648,11.130742,0.005761262,0.0057946467,0.98610353,70.96075
202700117,Ace Alston,2027,CB,0.9492,DB,0.98627275,71.84782,0.869786,6.679667,0.0071552577,0.007206824,0.98627275,71.84782
202700122,Davion Jones,2027,S,0.9481,DB,0.96040946,24.25856,0.7095652,2.4431138,0.0032829691,0.0032937825,0.96040946,24.25856
202700124,Jayden Anding,2027,S,0.9471,DB,0.9596757,23.79896,0.83063346,4.904354,0.009781604,0.009878228,0.9596757,23.79896
202700129,Mekhi Williams,2027,S,0.9455,DB,0.92238325,11.883817,0.6655534,1.9900138,0.008078543,0.008144337,0.92238325,11.883817
202700135,Taelyn Mayo,2027,CB,0.9448,DB,0.9760341,40.72596,0.9338559,14.118505,0.018442389,0.0187889,0.9760341,40.72596
202700137,Tavares Harrington,2027,CB,0.9438,DB,0.9789451,46.49483,0.8291648,4.853595,0.026352476,0.027065724,0.9789451,46.49483
202700142,Gavin Williams,2027,S,0.9416,DB,0.9672725,29.555363,0.7989406,3.9736545,0.006838199,0.006885282,0.9672725,29.555363
202700144,Gabriel Osborne Jr.,2027,CB,0.9401,DB,0.94903964,18.623095,0.77704847,3.4852798,0.038215324,0.039733764,0.94903964,18.623095
202700150,Jailen Hill,2027,CB,0.9376,DB,0.9081658,9.889191,0.82092965,4.5843973,0.034315787,0.035535205,0.9081658,9.889191
202700153,Jaylen Scott,2027,S,0.9366,DB,0.9310338,13.499854,0.90613997,9.654162,0.0074605374,0.0075166156,0.9310338,13.499854
202700158,Amare Nugent,2027,CB,0.9348,DB,0.9627694,25.85962,0.84091,5.285751,0.0047509274,0.0047736065,0.9627694,25.85962
202700162,Semaj Stanford,2027,S,0.9344,DB,0.96647906,28.832102,0.85715383,6.000538,0.0030504891,0.003059823,0.96647906,28.832102
202700166,Larry Moon III,2027,S,0.933,DB,0.9450004,17.181953,0.84185326,5.323241,0.000252526,0.0002525898,0.9450004,17.181953
202700169,Blake Jenkins,2027,CB,0.9329,DB,0.93018806,13.324197,0.7618494,3.1990237,0.017073182,0.017369738,0.93018806,13.324197
202700174,Jernard Albright,2027,S,0.9318,DB,0.8028159,4.071403,0.51712716,1.0709386,0.00232718,0.0023326084,0.8028159,4.071403
202700175,Raheem Floyd,2027,CB,0.9316,DB,0.834905,5.05712,0.67917025,2.1169178,0.059604924,0.06338286,0.834905,5.05712
202700189,Danny Lang,2027,CB,0.9279,DB,0.9016807,9.170944,0.8259614,4.745852,0.0024167257,0.0024225805,0.9016807,9.170944
202700195,Josiah Molden,2027,CB,0.9269,DB,0.9236715,12.101263,0.7554259,3.0887399,0.009216931,0.009302673,0.9236715,12.101263
202700199,Marquis Bryant,2027,S,0.9257,DB,0.9550499,21.246878,0.7890082,3.7395208,0.0026386706,0.0026456516,0.9550499,21.246878
202700201,Khalil Terry,2027,S,0.9248,DB,0.9548944,21.170208,0.8501673,5.6741095,0.001257019,0.0012586011,0.9548944,21.170208
202700212,Censere Gaylord,2027,CB,0.9233,DB,0.857092,5.99751,0.8048053,4.1230893,0.0024023342,0.0024081194,0.857092,5.99751
202700214,Kennedy Green,2027,S,0.9229,DB,0.89120954,8.191982,0.5299181,1.1272888,0.019162787,0.019537173,0.89120954,8.191982
202700216,Zayden Gamble,2027,S,0.9224,DB,0.9041806,9.436298,0.8073621,4.191086,0.0022322002,0.002237194,0.9041806,9.436298
202700223,Darius Johnson,2027,CB,0.9212,DB,0.9257337,12.4650545,0.78208554,3.5889566,0.014722263,0.014942247,0.9257337,12.4650545
202700225,Bryce Williams,2027,CB,0.921,DB,0.9413888,16.06158,0.8031764,4.080692,0.020864291,0.021308886,0.9413888,16.06158
202700227,Mikhail McCreary,2027,CB,0.9206,DB,0.86498535,6.4066033,0.817093,4.46726,0.028575035,0.029415587,0.86498535,6.4066033
202700232,Isala Aisa Wily-Ava,2027,S,0.9198,DB,0.9516453,19.68052,0.69297224,2.2570345,0.004914198,0.004938467,0.9516453,19.68052
202700233,Jayden Aparicio-Bailey,2027,S,0.9195,DB,0.96764284,29.905064,0.9203854,11.5605135,0.11383218,0.12845443,0.96764284,29.905064
202700240,Chase Johnson,2027,CB,0.9187,DB,0.8048135,4.1233053,0.77590656,3.4624243,0.08110683,0.088265784,0.8048135,4.1233053
202700241,Montre Jackson,2027,CB,0.9186,DB,0.9417153,16.157162,0.75741285,3.1222298,0.062037665,0.06614089,0.9417153,16.157162
202700242,Dhillon McGee,2027,CB,0.9185,DB,0.9173119,11.093639,0.81590086,4.431856,0.09022565,0.09917366,0.9173119,11.093639
202700243,Adryan Cole,2027,S,0.9185,DB,0.927076,12.712903,0.7009219,2.3436081,0.011853942,0.0119961435,0.927076,12.712903
202700251,Brandon Sherrard,2027,CB,0.9172,DB,0.91603553,10.9098,0.7614864,3.1926332,0.1304421,0.15000968,0.91603553,10.9098
202700261,Gabe Jenkins,2027,S,0.9148,DB,0.9392618,15.464102,0.77826774,3.5099437,0.0010633771,0.0010645092,0.9392618,15.464102
202700264,Evan Mack,2027,CB,0.9144,DB,0.9453514,17.298738,0.84789467,5.5743914,0.020704681,0.021142429,0.9453514,17.298738
202700270,Kaleb Elkins,2027,S,0.9128,DB,0.977944,44.339172,0.79822475,3.9560091,0.0058337073,0.005867939,0.977944,44.339172
202700275,Jaylyn Jones,2027,S,0.912,DB,0.92892647,13.069936,0.809081,4.237824,0.001764195,0.0017673129,0.92892647,13.069936
202700278,Kei'Shjuan Telfair,2027,CB,0.9113,DB,0.8556846,5.9292665,0.7922501,3.81348,0.0062540188,0.006293378,0.8556846,5.9292665
202700290,Jordan Haskins,2027,S,0.9087,DB,0.9554274,21.435312,0.8318461,4.9469337,0.0067316047,0.0067772265,0.9554274,21.435312
202700291,Emerson Lewis,2027,CB,0.9084,DB,0.93170106,13.641517,0.8325175,4.970773,0.012726709,0.012890766,0.93170106,13.641517
202700294,T'ari Miller,2027,CB,0.907,DB,0.96621543,28.599312,0.8598626,6.135855,0.016680073,0.016963016,0.96621543,28.599312
202700303,Trezavant Boyd,2027,CB,0.9047,DB,0.76294637,3.2184546,0.78005403,3.5465713,0.03392356,0.035114776,0.76294637,3.2184546
202700304,Gideon Gash,2027,CB,0.9046,DB,0.9667585,29.082869,0.8702973,6.7099404,0.0050732163,0.0050990847,0.9667585,29.082869
202700315,Aamaury Fountain,2027,CB,0.9022,DB,0.92663795,12.631025,0.81381553,4.3710175,0.04872144,0.051216796,0.92663795,12.631025
202700319,Dolph McDonald,2027,CB,0.9017,DB,0.6602009,1.9429153,0.5003137,1.0012556,0.16547662,0.19828878,0.6602009,1.9429153
202700322,Austin Barrett,2027,CB,0.9014,DB,0.89297426,8.343547,0.7946395,3.8694863,0.062100124,0.06621189,0.89297426,8.343547
202700323,Jarrell Chandler,2027,S,0.901,DB,0.8570605,5.9959664,0.53338,1.1430713,0.014938263,0.015164798,0.8570605,5.9959664
202700327,Myles Baker,2027,S,0.8992,DB,0.9452721,17.272211,0.80893725,4.2338824,0.0042824848,0.004300903,0.9452721,17.272211
202700338,Malakai Taufoou,2027,S,0.8973,DB,0.93045974,13.380158,0.4521713,0.82538813,0.0074252477,0.0074807946,0.93045974,13.380158
202700339,Trae'kerrion Collins,2027,S,0.8972,DB,0.9454575,17.334333,0.79602647,3.902597,0.0720707,0.07766832,0.9454575,17.334333
202700349,Davontrae Kirkland,2027,S,0.8944,DB,0.8700677,6.6963167,0.7491772,2.9868786,0.064783946,0.06927163,0.8700677,6.6963167
202700356,Jaden Carey,2027,CB,0.8925,DB,0.84357786,5.392957,0.75288385,3.0466802,0.0029080661,0.0029165477,0.84357786,5.392957
202700393,MJ Burnett,2027,CB,0.89,DB,0.89295715,8.342053,0.67751646,2.1009336,0.013330666,0.013510774,0.89295715,8.342053
202700405,Alex Patton,2027,CB,0.8887,DB,0.8624972,6.2725797,0.75733596,3.1209238,0.049988125,0.05261842,0.8624972,6.2725797
202700411,Mikyal Davis,2027,CB,0.8878,DB,0.8501615,5.673852,0.6120928,1.5779362,0.023390554,0.023950776,0.8501615,5.673852
202700413,Charles Woodson Jr.,2027,S,0.8874,DB,0.9303231,13.351964,0.83102983,4.9182043,0.009098414,0.009181956,0.9303231,13.351964
202700415,Charles Roberts,2027,S,0.885,DB,0.88094753,7.3996577,0.6933709,2.2612689,0.0019053547,0.0019089921,0.88094753,7.3996577
202700431,Bryson Brown,2027,S,0.8817,DB,0.9295352,13.191484,0.787919,3.7151792,0.015578374,0.015824901,0.9295352,13.191484
202700434,Maurice Williams,2027,CB,0.8811,DB,0.862614,6.278761,0.60308963,1.5194606,0.028046919,0.028856248,0.862614,6.278761
202700447,Rontrae Carter,2027,S,0.88,DB,0.88795906,7.925309,0.6951106,2.2798781,0.010438652,0.010548767,0.88795906,7.925309
202700456,Trenton Blaylock,2027,CB,0.88,DB,0.86608094,6.467197,0.68733674,2.1983292,0.017783523,0.018105501,0.86608094,6.467197
202700457,Jernaro Gilford Jr.,2027,CB,0.88,DB,0.79808563,3.9525945,0.49356216,0.974576,0.032802735,0.033915248,0.79808563,3.9525945
202700461,Dillon Davis,2027,S,0.88,DB,0.85421854,5.859583,0.5509614,1.22698,0.0010057234,0.0010067358,0.85421854,5.859583
202700463,Jackson Tucker,2027,S,0.88,DB,0.90843266,9.920925,0.7999344,3.9983602,0.014274974,0.0144817,0.90843266,9.920925
202700464,Jordan Holman,2027,S,0.88,DB,0.90567505,9.601649,0.72170615,2.5933242,0.0028154228,0.002823372,0.90567505,9.601649
202700465,Otha Thomas IV,2027,CB,0.88,DB,0.848055,5.581329,0.68248314,2.149439,0.011271695,0.011400195,0.848055,5.581329
202700475,Tyler Butler-Simpson,2027,CB,0.88,DB,0.9269132,12.682362,0.7130973,2.485502,0.0038608816,0.0038758458,0.9269132,12.682362
202700476,Jaden Walk-Green,2027,S,0.88,DB,0.84269863,5.357224,0.54830265,1.2138717,0.0069418587,0.006990385,0.84269863,5.357224
202700478,Akedran Crumel,2027,CB,0.88,DB,0.8533769,5.820209,0.64940244,1.8522731,0.032802735,0.033915248,0.8533769,5.820209
202700489,Kamauri Whitfield,2027,CB,0.88,DB,0.9205333,11.583887,0.7435884,2.8999794,0.003150593,0.0031605505,0.9205333,11.583887
202700505,Jacquari Parks,2027,CB,0.88,DB,0.8712332,6.7659783,0.70035833,2.3373196,0.0021244537,0.0021289766,0.8712332,6.7659783
202700506,Samari Howard,2027,S,0.88,DB,0.64733267,1.8355334,0.62363493,1.6569947,0.006429839,0.0064714495,0.64733267,1.8355334
202700507,Cairo Williams,2027,S,0.88,DB,0.8278506,4.808907,0.6618056,1.9568795,0.014274974,0.0144817,0.8278506,4.808907
202700514,Hezikiah Kelley,2027,S,0.88,DB,0.7834757,3.6184192,0.64683145,1.8315092,0.0023013032,0.0023066113,0.7834757,3.6184192
202700515,Robert Geathers III,2027,S,0.88,DB,0.8156458,4.424341,0.6836393,2.1609488,0.0020614022,0.0020656604,0.8156458,4.424341
202700517,Loia Valade,2027,S,0.88,DB,0.8580868,6.046562,0.6758909,2.085381,0.010483777,0.010594851,0.8580868,6.046562
202700519,Wyatt Liebentritt,2027,S,0.88,DB,0.8930825,8.353005,0.65645045,1.9107883,0.011047002,0.011170401,0.8930825,8.353005
202700520,Keland Shelton Jr.,2027,S,0.88,DB,0.88542354,7.7277966,0.6909578,2.2358038,0.0022016629,0.0022065209,0.88542354,7.7277966
202700526,John Catlin IV,2027,CB,0.88,DB,0.89457005,8.484971,0.7086501,2.4322991,0.020620203,0.021054348,0.89457005,8.484971
202700546,Khalid Rainer,2027,CB,0.875,DB,0.9048159,9.505958,0.6709757,2.039289,0.021604031,0.022081072,0.9048159,9.505958
202700547,David Coleman Jr.,2027,CB,0.875,DB,0.8700464,6.695053,0.737856,2.8146968,0.0075319055,0.0075890655,0.8700464,6.695053
202700556,Travis Miles,2027,S,0.875,DB,0.93242043,13.797372,0.7567135,3.1103804,0.0094273975,0.009517119,0.93242043,13.797372
202700572,James Roberson,2027,S,0.875,DB,0.8365249,5.11714,0.67771965,2.1028886,0.056013107,0.059336744,0.8365249,5.11714
202700576,Nash Johnson III,2027,CB,0.875,DB,0.81467354,4.3958836,0.65827006,1.9262874,0.03749695,0.038957745,0.81467354,4.3958836
202700578,Braiden Graves,2027,S,0.875,DB,0.82838947,4.827148,0.6450346,1.8171761,0.016058007,0.016320076,0.82838947,4.827148
202700589,Angelo Smith,2027,S,0.87,DB,0.8847904,7.679834,0.75404185,3.0657322,0.0021300237,0.0021345704,0.8847904,7.679834
202700592,Damari Jerry,2027,S,0.87,DB,0.8526682,5.787402,0.74253,2.8839474,0.0013809457,0.0013828552,0.8526682,5.787402
202700598,Christian Chancellor Jr.,2027,CB,0.87,DB,0.93898135,15.388433,0.85893446,6.0889034,0.005955883,0.005991568,0.93898135,15.388433
202700605,Karnell James,2027,CB,0.87,DB,0.84506,5.454111,0.7333502,2.7502375,0.0042927363,0.004311243,0.84506,5.454111
202700606,Jordan Young,2027,CB,0.87,DB,0.8390756,5.214099,0.71465856,2.5045733,0.005857311,0.0058918213,0.8390756,5.214099
202700616,Faruq Muhammad,2027,S,0.87,DB,0.85707223,5.996541,0.60957605,1.5613183,0.0040299334,0.0040462394,0.85707223,5.996541
202700624,Derek Fisher,2027,S,0.87,DB,0.9203363,11.55277,0.69526964,2.2815897,0.00049393397,0.0004941781,0.9203363,11.55277
202700626,Elijajuan Houston,2027,CB,0.87,DB,0.89129764,8.199432,0.76269716,3.2140245,0.005055034,0.005080717,0.89129764,8.199432
202700630,Jemari Foreman,2027,S,0.87,DB,0.8514051,5.7297053,0.7613328,3.189935,0.0008432121,0.0008439238,0.8514051,5.7297053
202700632,Miles Brown,2027,CB,0.87,DB,0.8954294,8.562915,0.7241211,2.6247787,0.0011071576,0.0011083847,0.8954294,8.562915
202700641,Jaiden Fields,2027,S,0.87,DB,0.88775206,7.9088492,0.7007255,2.341414,0.0041262954,0.004143392,0.88775206,7.9088492
202700644,Zachary Gleason Jr.,2027,CB,0.87,DB,0.8892194,8.026852,0.7745266,3.435113,0.0021959601,0.002200793,0.8892194,8.026852
202700645,Micah Fleming,2027,CB,0.87,DB,0.9643356,27.03918,0.85633475,5.960625,0.022554895,0.023075357,0.9643356,27.03918
202700648,Hudson Fuqua,2027,S,0.87,DB,0.86637056,6.483381,0.73872054,2.8273196,0.0022068373,0.0022117184,0.86637056,6.483381
202700649,Brexton Bell,2027,S,0.87,DB,0.9299602,13.277595,0.7386701,2.826581,0.0038368353,0.0038516133,0.9299602,13.277595
202700652,Patrick Hall,2027,CB,0.87,DB,0.8658192,6.452632,0.6062906,1.5399443,0.0021983406,0.002203184,0.8658192,6.452632
202700660,Marvin Joseph,2027,S,0.87,DB,0.8354713,5.0779657,0.6282374,1.6898888,0.0027745373,0.0027822568,0.8354713,5.0779657
202700663,Keyon Yarber,2027,CB,0.87,DB,0.8670551,6.521914,0.62511617,1.667493,0.0023133855,0.0023187497,0.8670551,6.521914
202700668,Harrison Luke,2027,S,0.87,DB,0.9025309,9.259663,0.71982265,2.5691679,0.0009857434,0.000986716,0.9025309,9.259663
202700670,Jabarri Lofton,2027,S,0.87,DB,0.79600626,3.9021113,0.44732836,0.8093926,0.0008936789,0.0008944783,0.79600626,3.9021113
202700673,Noah Gillespie,2027,CB,0.87,DB,0.9209728,11.653875,0.79089534,3.7822943,0.0045983577,0.0046196003,0.9209728,11.653875
202700675,Brandon Allen Jr.,2027,CB,0.87,DB,0.84869564,5.6091948,0.6896048,2.2216995,0.003918775,0.003934192,0.84869564,5.6091948
202700687,Ziere Alston,2027,CB,0.87,DB,0.81068647,4.282243,0.6844832,2.169403,0.0007552106,0.00075578137,0.81068647,4.282243
202700689,London Goggans,2027,S,0.87,DB,0.9007288,9.073418,0.72141755,2.5896015,0.002836256,0.0028443232,0.9007288,9.073418
202700700,Brennan Drummond,2027,S,0.865,DB,0.9116459,10.318092,0.66168445,1.9558204,0.0009857434,0.000986716,0.9116459,10.318092
202700708,Zayvon Miller,2027,S,0.865,DB,0.91354036,10.566091,0.71806985,2.5469778,0.00058460643,0.0005849484,0.91354036,10.566091
202700711,Julius Fuentes-Bream,2027,S,0.865,DB,0.9023349,9.239075,0.7055982,2.396718,0.00070373865,0.00070423423,0.9023349,9.239075
202700728,Terrell Jackson,2027,CB,0.86,DB,0.82126975,4.5950236,0.61530334,1.5994507,0.0024600355,0.0024661024,0.82126975,4.5950236
202700733,Keilan Davis,2027,S,0.86,DB,0.88062745,7.3771353,0.51835775,1.0762298,0.0018424436,0.0018458444,0.88062745,7.3771353
202700735,Isaiah Chong,2027,S,0.86,DB,0.8591268,6.0985827,0.6425603,1.7976747,0.0012932824,0.0012949571,0.8591268,6.0985827
202700746,Emmanuel Moses,2027,S,0.86,DB,0.89696443,8.705386,0.57974064,1.379483,0.0047046915,0.0047269305,0.89696443,8.705386
202700748,Rilee Drew,2027,CB,0.86,DB,0.86961246,6.669444,0.59721804,1.4827328,0.08932473,0.09808625,0.86961246,6.669444
202700749,Eltonino Hicks,2027,S,0.86,DB,0.8972304,8.730503,0.57943153,1.3777342,0.0010656554,0.0010667922,0.8972304,8.730503
202700750,Amari Oquendo,2027,S,0.86,DB,0.8511456,5.717975,0.6843017,2.1675808,0.0008272873,0.0008279723,0.8511456,5.717975
202700752,Dorian Franklin,2027,CB,0.86,DB,0.82899576,4.8478084,0.52750015,1.1164027,0.0060306466,0.006067236,0.82899576,4.8478084
202700763,Kamil Loud,2027,CB,0.86,DB,0.7246305,2.631484,0.5635435,1.2911791,0.0013426597,0.0013444648,0.7246305,2.631484
202700768,Wesley Ace,2027,CB,0.86,DB,0.83521825,5.068633,0.5164132,1.0678811,0.00693228,0.006980672,0.83521825,5.068633
202700769,Johnny McNeil,2027,CB,0.86,DB,0.7639452,3.2363048,0.47572136,0.90738267,0.0020667324,0.0020710125,0.7639452,3.2363048
202700782,Masiia Acrey,2027,CB,0.86,DB,0.89634,8.646924,0.5932448,1.4584811,0.009319883,0.00940756,0.89634,8.646924
202700783,Romel Koon,2027,CB,0.86,DB,0.6109919,1.5706406,0.4550562,0.8350516,0.023930028,0.024516713,0.6109919,1.5706406
202700788,Kailib Dillard,2027,S,0.86,DB,0.8982029,8.8234625,0.63586485,1.7462331,0.002230492,0.002235478,0.8982029,8.8234625
202700790,Zahir Mitchell,2027,CB,0.86,DB,0.9320309,13.712571,0.78750926,3.7060876,0.006865403,0.0069128624,0.9320309,13.712571
202700795,Dre Otey,2027,CB,0.86,DB,0.7218197,2.594791,0.3717513,0.59172636,0.00461333,0.0046347114,0.7218197,2.594791
202700806,Bosston Johnson,2027,S,0.86,DB,0.8342647,5.0337176,0.59455615,1.4664328,0.0037542346,0.0037683821,0.8342647,5.0337176
202700817,Saniiyn Black,2027,S,0.855,DB,0.7548981,3.0799353,0.7364074,2.7937331,0.0010606818,0.001061808,0.7548981,3.0799353
202700827,Nasim Eason,2027,CB,0.85,DB,0.81644094,4.447838,0.51295686,1.0532062,0.01123213,0.011359724,0.81644094,4.447838
202700834,Tayven Collins,2027,S,0.85,DB,0.7594949,3.157916,0.6863737,2.1885083,0.002539532,0.0025459977,0.7594949,3.157916
202700840,Michael Kori,2027,CB,0.85,DB,0.8176003,4.4824653,0.58512855,1.4103851,0.009031279,0.0091135865,0.8176003,4.4824653
202700850,Ty'ire Clark,2027,S,0.85,DB,0.86783385,6.566234,0.7413315,2.8659523,0.0077475896,0.0078080837,0.86783385,6.566234
202700857,Prince Staten,2027,CB,0.85,DB,0.8206688,4.576275,0.68722105,2.1971462,0.0046036905,0.0046249824,0.8206688,4.576275
202700883,Jalani Culpepper,2027,S,0.845,DB,0.87964416,7.308695,0.7630629,3.2205293,0.009058375,0.009141179,0.87964416,7.308695
202700911,Brett Smith,2027,S,0.84,DB,0.7627778,3.2154572,0.51798326,1.0746168,0.0020717995,0.0020761008,0.7627778,3.2154572
202700917,Dylin Bruce,2027,CB,0.84,DB,0.7979764,3.9499161,0.58098114,1.3865274,0.0027596334,0.00276727,0.7979764,3.9499161
202700922,Xavier St. John,2027,CB,0.84,DB,0.74438864,2.9121892,0.5716783,1.3346937,0.0025102645,0.0025165817,0.74438864,2.9121892
202700936,Grant Moser,2027,S,0.84,DB,0.8951521,8.537624,0.3654118,0.57582504,0.0010741645,0.0010753196,0.8951521,8.537624
202700958,Augus Saunders,2027,CB,0.83,DB,0.6488261,1.8475922,0.4500497,0.81834614,0.012066783,0.012214169,0.6488261,1.8475922
202700960,Noah Clark,2027,CB,0.83,DB,0.66716796,2.0045185,0.4514235,0.8228998,0.003591633,0.0036045793,0.66716796,2.0045185
202700964,Elijah Carothers,2027,S,0.83,DB,0.7655491,3.2652857,0.4015524,0.6709901,0.0055485303,0.0055794884,0.7655491,3.2652857
202700977,Will Rasmussen,2027,CB,0.82,DB,0.75874645,3.1450167,0.59087086,1.444216,0.054945163,0.058139656,0.75874645,3.1450167
202700987,Vernard Scott,2027,CB,0.82,DB,0.7448492,2.919251,0.54952157,1.2198621,0.011630329,0.011767186,0.7448492,2.919251
202700991,Jashaun Shaffer,2027,CB,0.82,DB,0.7285485,2.6838996,0.5015659,1.0062832,0.014843951,0.015067614,0.7285485,2.6838996
202701002,Nathaniel Mensah,2027,CB,0.81,DB,0.63830984,1.7647973,0.402863,0.6746576,0.0024168463,0.0024227016,0.63830984,1.7647973
202800003,A'mir Sears,2028,CB,0.9987,DB,0.97137725,33.93725,0.8817338,7.4554996,0.6974526,2.3052673,0.97137725,33.93725
202800010,Giovanni Tuggle,2028,S,0.9937,DB,0.98975766,96.63391,0.9624457,25.628092,0.05060393,0.053301178,0.98975766,96.63391
202800016,Casey Barner,2028,S,0.9922,DB,0.9892188,91.75381,0.95285374,20.21059,0.014409521,0.0146201905,0.9892188,91.75381
202800021,Langston Pridgeon,2028,CB,0.989,DB,0.9920046,124.0715,0.9698368,32.15295,0.053146813,0.056129944,0.9920046,124.0715
202800029,James Foster III,2028,S,0.9848,DB,0.988791,88.213936,0.9475074,18.050297,0.043614212,0.04560316,0.988791,88.213936
202800033,Amiir Woodward,2028,CB,0.9813,DB,0.982938,57.60975,0.8748659,6.991426,0.011756196,0.011896048,0.982938,57.60975
202800035,Jermaine Cobbins,2028,CB,0.9808,DB,0.9765404,41.62645,0.94358855,16.7269,0.029864091,0.03078341,0.9765404,41.62645
202800048,Quartavius Lyons Jr.,2028,CB,0.9765,DB,0.9783976,45.29117,0.76972747,3.3426805,0.014898041,0.01512335,0.9783976,45.29117
202800054,Pole Moala,2028,S,0.9685,DB,0.9760612,40.77323,0.84366316,5.396445,0.008090921,0.008156918,0.9760612,40.77323
202800062,Phoenix Evans,2028,S,0.9408,DB,0.87727326,7.148184,0.7306546,2.712705,0.0040127663,0.0040289336,0.87727326,7.148184
202800074,Man Robinson,2028,CB,0.9363,DB,0.9564728,21.974148,0.8336529,5.011527,0.00038975137,0.00038990335,0.9564728,21.974148
202800080,Ace Leutele,2028,S,0.9341,DB,0.959357,23.604498,0.8288433,4.842599,0.00221226,0.002217165,0.959357,23.604498
202800081,Nate Dollard,2028,CB,0.9338,DB,0.9152735,10.802681,0.8598863,6.13706,0.058203083,0.061800037,0.9152735,10.802681
202800084,Grayden Reid,2028,S,0.9335,DB,0.96012354,24.077452,0.8654903,6.434409,0.0038339985,0.0038487546,0.96012354,24.077452
202800089,Jalen Flowers,2028,S,0.9325,DB,0.90100604,9.101626,0.79506016,3.8794806,0.0055079157,0.0055384208,0.90100604,9.101626
202800092,Izayah Vickers,2028,CB,0.9319,DB,0.8838342,7.608384,0.8486781,5.6084294,0.0016678983,0.0016706848,0.8838342,7.608384
202800100,Adrian Woodward,2028,CB,0.9302,DB,0.9000048,9.000481,0.83324695,4.9968915,0.0049384283,0.0049629374,0.9000048,9.000481
202800103,Xavier Bowman,2028,CB,0.9295,DB,0.8629003,6.293963,0.7606409,3.1778235,0.004865921,0.004889714,0.8629003,6.293963
202800107,Kylen Johnson,2028,CB,0.9287,DB,0.97021323,32.571957,0.93618613,14.670576,0.0269987,0.027747856,0.97021323,32.571957
202800110,Jaelyn Easterling-Flores,2028,S,0.9281,DB,0.9501267,19.050812,0.8357717,5.0890837,0.032482523,0.03357306,0.9501267,19.050812
202800119,Brandon Nash,2028,S,0.926,DB,0.9393318,15.483108,0.8126406,4.337336,0.0053302003,0.0053587635,0.9393318,15.483108
202800144,Jayden Evans,2028,S,0.885,DB,0.8065073,4.1681533,0.7177361,2.5427842,0.012173525,0.012323546,0.8065073,4.1681533
202800156,Micah Hannah,2028,CB,0.88,DB,0.80784917,4.204245,0.49961478,0.9984603,0.00728348,0.0073369183,0.80784917,4.204245
202800160,Ca'ron Williams,2028,CB,0.88,DB,0.8103892,4.2739615,0.59004706,1.4393044,0.016319294,0.01659003,0.8103892,4.2739615
202800168,Isaiah Taylor,2028,CB,0.88,DB,0.7857653,3.6677778,0.52606845,1.1100093,0.014116473,0.0143186,0.7857653,3.6677778
202800170,Nasir Richardson,2028,CB,0.88,DB,0.87082297,6.741314,0.66185415,1.9573038,0.014318438,0.014526434,0.87082297,6.741314
202800178,Nekhi Lambeth,2028,CB,0.875,DB,0.8892169,8.026648,0.49464083,0.97879064,0.03543697,0.036738884,0.8892169,8.026648
202800184,Jordan Slye Jr,2028,CB,0.875,DB,0.75891256,3.1478727,0.4875686,0.95148075,0.030479202,0.03143739,0.75891256,3.1478727
202800185,Jordan Hicks,2028,CB,0.875,DB,0.79807895,3.9524307,0.5004631,1.0018542,0.025260946,0.025915598,0.79807895,3.9524307
202800194,Damontae Butler,2028,CB,0.875,DB,0.714349,2.500775,0.6547829,1.8967278,0.13741109,0.15930079,0.714349,2.500775
202800217,Kacey Allen,2028,S,0.87,DB,0.9015567,9.158129,0.65174896,1.8714918,0.0027501567,0.002757741,0.9015567,9.158129
