player_id,name,year,position,rating,position_group,contrib_prob_ge20_raw,contrib_odds_ge20_raw,contrib_prob_ge50_raw,contrib_odds_ge50_raw,contrib_prob_ge80_raw,contrib_odds_ge80_raw,contrib_prob_raw,contrib_odds_raw
202300006,DJ Hicks,2023,DL,0.9955,IDL,0.9938751,162.26761,0.9924678,131.7637,0.48966363,0.9594919,0.9938751,162.26761
202300028,James Smith,2023,DL,0.9842,IDL,0.98717505,76.973,0.98045635,50.167522,0.017431505,0.017740753,0.98717505,76.973
202300034,Jordan Hall,2023,DL,0.9824,IDL,0.9919537,123.28027,0.9675165,29.784843,0.025213912,0.025866097,0.9919537,123.28027
202300036,Peter Woods,2023,DL,0.9822,IDL,0.9930982,143.88972,0.97003245,32.36943,0.0041131238,0.0041301115,0.9930982,143.88972
202300045,Kelby Collins,2023,DL,0.9764,IDL,0.9902242,101.293236,0.84732205,5.549734,0.010138601,0.010242445,0.9902242,101.293236
202300051,T.J. Parker,2023,DL,0.9731,IDL,0.989498,94.22013,0.86340785,6.321065,0.008001155,0.00806569,0.989498,94.22013
202300057,Daevin Hobbs,2023,DL,0.9701,IDL,0.995956,246.28015,0.9856103,68.49418,0.021361206,0.021827467,0.995956,246.28015
202300066,Jason Moore,2023,DL,0.9653,IDL,0.997846,463.25415,0.981365,52.662537,0.016082888,0.016345775,0.997846,463.25415
202300068,Vic Burley,2023,DL,0.9652,IDL,0.99529666,211.61473,0.97736084,43.17126,0.0012180518,0.0012195372,0.99529666,211.61473
202300077,Keldric Faulk,2023,DL,0.9616,IDL,0.9934496,151.6631,0.91847855,11.26671,0.0005740632,0.00057439297,0.9934496,151.6631
202300094,John Walker,2023,DL,0.9537,IDL,0.99274534,136.84244,0.9307332,13.436932,0.011368439,0.0114991665,0.99274534,136.84244
202300108,Stephiylan Green,2023,DL,0.948,IDL,0.9916208,118.342834,0.94928205,18.716885,0.0025654486,0.002572047,0.9916208,118.342834
202300129,Enow Etta,2023,DL,0.9434,IDL,0.9970367,336.4611,0.8697925,6.6800504,0.0027668471,0.0027745238,0.9970367,336.4611
202300132,Markis Deal,2023,DL,0.9417,IDL,0.9940507,167.08649,0.95079094,19.321463,0.04036904,0.042067256,0.9940507,167.08649
202300146,Andrew DePaepe,2023,DL,0.9384,IDL,0.7455986,2.9307961,0.51312953,1.0539345,0.0010004734,0.0010014754,0.7455986,2.9307961
202300152,Collins Acheampong,2023,DL,0.9364,IDL,0.6882013,2.2071977,0.7074937,2.41873,0.001662708,0.0016654773,0.6882013,2.2071977
202300181,Edric Hill,2023,DL,0.9287,IDL,0.9570527,22.284355,0.8881962,7.944237,0.04599385,0.048211273,0.9570527,22.284355
202300182,Kamran James,2023,DL,0.9285,IDL,0.91142106,10.289365,0.76465625,3.2491035,0.026215928,0.026921704,0.91142106,10.289365
202300183,Hunter Osborne,2023,DL,0.9281,IDL,0.97259766,35.493233,0.85254025,5.781512,0.016322626,0.016593475,0.97259766,35.493233
202300185,DJ Reed,2023,DL,0.9272,IDL,0.9240968,12.174679,0.6960522,2.2900386,0.013113901,0.013288161,0.9240968,12.174679
202300187,Jamaal Jarrett,2023,DL,0.9266,IDL,0.9025425,9.2608795,0.9651553,27.698772,0.25459048,0.34154445,0.9025425,9.2608795
202300190,Xzavier McLeod,2023,DL,0.9261,IDL,0.9514039,19.57779,0.93206817,13.720639,0.032187298,0.033257775,0.9514039,19.57779
202300197,Will Norman,2023,DL,0.9244,IDL,0.9356781,14.54681,0.8914006,8.208152,0.022717392,0.023245469,0.9356781,14.54681
202300203,Brenan Vernon,2023,DL,0.9236,IDL,0.95051247,19.20711,0.8988777,8.889013,0.0031555044,0.0031654933,0.95051247,19.20711
202300207,Sydir Mitchell,2023,DL,0.9226,IDL,0.90416425,9.43452,0.922197,11.852972,0.11190485,0.12600547,0.90416425,9.43452
202300209,Johnny Bowens III,2023,DL,0.9219,IDL,0.96394545,26.735748,0.64801586,1.841037,0.07624304,0.082535826,0.96394545,26.735748
202300227,Boubacar Traore,2023,DL,0.9174,IDL,0.9000408,9.004082,0.4362159,0.7737286,0.010991897,0.011114062,0.9000408,9.004082
202300234,Devan Houstan,2023,DL,0.9164,IDL,0.9870258,76.07603,0.91296357,10.489442,0.19797346,0.24684153,0.9870258,76.07603
202300236,Jalen Thompson,2023,DL,0.9162,IDL,0.84537715,5.4673495,0.5076973,1.0312705,0.036844473,0.03825392,0.84537715,5.4673495
202300243,Will Smith Jr.,2023,DL,0.9151,IDL,0.949377,18.753866,0.60755515,1.5481287,0.023525145,0.02409191,0.949377,18.753866
202300245,Ashton Porter,2023,DL,0.9146,IDL,0.909807,10.087338,0.48194557,0.9302991,0.04183332,0.04365975,0.909807,10.087338
202300247,KJ Sampson,2023,DL,0.9143,IDL,0.9594043,23.633144,0.8300804,4.885136,0.037608057,0.03907769,0.9594043,23.633144
202300250,T.J. Searcy,2023,DL,0.9138,IDL,0.8403412,5.263357,0.2673454,0.36489967,0.010866741,0.010986124,0.8403412,5.263357
202300252,A'Mauri Washington,2023,DL,0.9133,IDL,0.8979016,8.794473,0.7858496,3.6696148,0.36968347,0.5865045,0.8979016,8.794473
202300253,Terrance Green,2023,DL,0.9133,IDL,0.94912523,18.656109,0.4969353,0.9878159,0.024001539,0.02459178,0.94912523,18.656109
202300254,Derrick LeBlanc,2023,DL,0.9128,IDL,0.9082587,9.900213,0.47752216,0.91395676,0.06324336,0.067513116,0.9082587,9.900213
202300265,Avion Carter,2023,DL,0.9116,IDL,0.9602704,24.170153,0.6318842,1.7165366,0.035876404,0.037211414,0.9602704,24.170153
202300269,Kayden McDonald,2023,DL,0.9103,IDL,0.85439444,5.8678694,0.69341445,2.2617323,0.012253244,0.012405248,0.85439444,5.8678694
202300288,Kelze Howard,2023,DL,0.9067,IDL,0.783036,3.6090593,0.4068533,0.6859236,0.010942997,0.011064071,0.783036,3.6090593
202300301,Tyree Weathersby,2023,DL,0.9047,IDL,0.7936927,3.8471384,0.37694323,0.6049902,0.0061721527,0.006210485,0.7936927,3.8471384
202300306,Gavin Hill,2023,DL,0.9034,IDL,0.8346083,5.046253,0.5418791,1.18283,0.010641747,0.010756212,0.8346083,5.046253
202300309,Joel Starlings,2023,DL,0.9027,IDL,0.8738044,6.924206,0.5234756,1.0985284,0.017560506,0.01787439,0.8738044,6.924206
202300344,Dylan Spencer,2023,DL,0.8993,IDL,0.844551,5.432979,0.40229678,0.67307115,0.017161332,0.017460985,0.844551,5.432979
202300358,Quincy Rhodes Jr.,2023,DL,0.8978,IDL,0.8745387,6.970587,0.45435435,0.8326912,0.012201861,0.012352585,0.8745387,6.970587
202300359,Zach Chapman,2023,DL,0.8977,IDL,0.9046559,9.488323,0.32776526,0.48757556,0.012314547,0.012468086,0.9046559,9.488323
202300385,Kendrick Gilbert,2023,DL,0.8956,IDL,0.8929717,8.343323,0.32652617,0.4848387,0.006540978,0.0065840436,0.8929717,8.343323
202300386,Riley Van Poppel,2023,DL,0.8955,IDL,0.92497414,12.328738,0.559728,1.2713233,0.005369109,0.0053980923,0.92497414,12.328738
202300387,Zavion Hardy,2023,DL,0.8955,IDL,0.8809741,7.4015336,0.42554894,0.7407923,0.0030403694,0.0030496414,0.8809741,7.4015336
202300417,Wilky Denaud,2023,DL,0.8925,IDL,0.91388243,10.612033,0.5585102,1.2650579,0.006425195,0.006466745,0.91388243,10.612033
202300434,Josh Horton,2023,DL,0.8917,IDL,0.9654921,27.978895,0.7256953,2.6455812,0.011919946,0.012063746,0.9654921,27.978895
202300462,Cameron Brandt,2023,DL,0.8894,IDL,0.97246695,35.31998,0.8402048,5.2580094,0.003814949,0.0038295584,0.97246695,35.31998
202300487,Sam Greene,2023,DL,0.8878,IDL,0.98993343,98.338715,0.64699775,1.8328432,0.007531781,0.0075889393,0.98993343,98.338715
202300498,MyKeil Gardner,2023,DL,0.8869,IDL,0.9676695,29.930532,0.68929935,2.218532,0.0015298562,0.0015322003,0.9676695,29.930532
202300508,Woo Spencer,2023,DL,0.8861,IDL,0.96600425,28.415443,0.8053261,4.1367955,0.023558917,0.02412733,0.96600425,28.415443
202300513,Armel Mukam,2023,DL,0.8856,IDL,0.8532664,5.8150725,0.48875093,0.9559938,0.0040624905,0.0040790616,0.8532664,5.8150725
202300516,Micah Carter,2023,DL,0.8853,IDL,0.960673,24.427807,0.59162587,1.4487349,0.0018651942,0.0018686797,0.960673,24.427807
202300523,Isaiah Neal,2023,DL,0.885,IDL,0.84248316,5.348528,0.5130895,1.0537654,0.008910335,0.008990442,0.84248316,5.348528
202300541,Jonathan Davis,2023,DL,0.8844,IDL,0.93405044,14.163104,0.72341514,2.615527,0.0061650495,0.006203293,0.93405044,14.163104
202300546,Ansel Nedore,2023,DL,0.8836,IDL,0.8639789,6.351802,0.52117366,1.0884398,0.006376742,0.0064176656,0.8639789,6.351802
202300559,Anthony James,2023,DL,0.8828,IDL,0.84463924,5.4366317,0.5177361,1.0735534,0.007344029,0.0073983627,0.84463924,5.4366317
202300569,Trey Pierce,2023,DL,0.8825,IDL,0.90769553,9.833712,0.7828404,3.6049075,0.0015129427,0.0015152352,0.90769553,9.833712
202300574,Caleb Bryant,2023,DL,0.8819,IDL,0.77429384,3.4305391,0.5521349,1.232815,0.014279357,0.014486211,0.77429384,3.4305391
202300586,Grant Buckey,2023,DL,0.8811,IDL,0.788683,3.7322268,0.65297306,1.8816206,0.0040722373,0.0040888884,0.788683,3.7322268
202300595,Tavion Gadson,2023,DL,0.8807,IDL,0.79452384,3.8667445,0.5699248,1.3251746,0.0071941284,0.0072462587,0.79452384,3.8667445
202300604,Ashton Sanders,2023,DL,0.8803,IDL,0.91130865,10.275056,0.74462974,2.9158828,0.00077463774,0.00077523827,0.91130865,10.275056
202300613,Trey Wilson,2023,DL,0.8794,IDL,0.7960841,3.9039826,0.4966451,0.98666984,0.023219991,0.023771977,0.7960841,3.9039826
202300634,Justin Benton,2023,DL,0.8786,IDL,0.92070067,11.610447,0.7824265,3.5961475,0.0013362182,0.0013380061,0.92070067,11.610447
202300653,Djibril Abdou Rahman,2023,DL,0.8781,IDL,0.7258416,2.6475263,0.46240517,0.860137,0.00423563,0.004253647,0.7258416,2.6475263
202300656,Jaedon Foreman,2023,DL,0.8778,IDL,0.657971,1.923729,0.4971866,0.98880935,0.04415221,0.046191674,0.657971,1.923729
202300680,Tyler Gant,2023,DL,0.8769,IDL,0.7823123,3.5937362,0.4868879,0.94889194,0.009949215,0.010049196,0.7823123,3.5937362
202300683,Brooks Bahr,2023,DL,0.8769,IDL,0.7330335,2.745788,0.45108852,0.8217874,0.00437106,0.00439025,0.7330335,2.745788
202300691,Emmanuel Waller,2023,DL,0.8767,IDL,0.6196435,1.6291125,0.39049095,0.6406647,0.011836991,0.011978784,0.6196435,1.6291125
202300696,Isaiah Shirley,2023,DL,0.8764,IDL,0.88671356,7.8271823,0.5914998,1.4479792,0.010559288,0.010671976,0.88671356,7.8271823
202300701,Kaleb James,2023,DL,0.8761,IDL,0.8376449,5.1593375,0.369107,0.5850549,0.022203723,0.022707924,0.8376449,5.1593375
202300702,Mason Robinson,2023,DL,0.8761,IDL,0.97336257,36.541153,0.45824245,0.8458441,0.009351693,0.009439972,0.97336257,36.541153
202300703,Saadiq Clements,2023,DL,0.8761,IDL,0.9222408,11.860213,0.57085663,1.3302236,0.003695656,0.0037093647,0.9222408,11.860213
202300715,Rodney Lora,2023,DL,0.8756,IDL,0.6892088,2.2175944,0.26853994,0.3671286,0.0011708579,0.0011722305,0.6892088,2.2175944
202300718,Drake Carlson,2023,DL,0.8753,IDL,0.8905378,8.135573,0.636076,1.7478262,0.0039665727,0.003982369,0.8905378,8.135573
202300720,Tevita Pome'e,2023,DL,0.8753,IDL,0.8547919,5.8866673,0.5730077,1.3419626,0.0040391823,0.0040555634,0.8547919,5.8866673
202300729,Kyran Bourda,2023,DL,0.8747,IDL,0.9007121,9.071718,0.49827376,0.99311876,0.0029688638,0.0029777042,0.9007121,9.071718
202300732,Vincent Carroll-Jackson,2023,DL,0.8747,IDL,0.8616696,6.2290688,0.5620343,1.2832838,0.007659192,0.0077183084,0.8616696,6.2290688
202300735,DK Kalu,2023,DL,0.8744,IDL,0.94054735,15.820107,0.42421934,0.73677254,0.0022062233,0.0022111014,0.94054735,15.820107
202300748,Landen Thomas,2023,DL,0.8744,IDL,0.87460095,6.9745417,0.6242643,1.6614453,0.011032576,0.011155651,0.87460095,6.9745417
202300751,Ty Blanding,2023,DL,0.8742,IDL,0.8515411,5.7358713,0.5674538,1.3118918,0.0028467579,0.002854885,0.8515411,5.7358713
202300779,De'Marion Thomas,2023,DL,0.8728,IDL,0.8660201,6.463805,0.6973358,2.3039916,0.016207676,0.016474694,0.8660201,6.463805
202300789,Jaren Woods,2023,DL,0.8725,IDL,0.862839,6.2907014,0.6618128,1.9569421,0.012601106,0.012761921,0.862839,6.2907014
202300815,Trevor Buhr,2023,DL,0.8714,IDL,0.78385895,3.6266086,0.38093355,0.61533546,0.0014710256,0.0014731927,0.78385895,3.6266086
202300824,Jayden Cofield,2023,DL,0.8711,IDL,0.9260219,12.517509,0.7061951,2.4036193,0.014113818,0.014315871,0.9260219,12.517509
202300831,Andrew Rumph,2023,DL,0.8711,IDL,0.7105808,2.4551961,0.6123872,1.5798941,0.008983471,0.009064906,0.7105808,2.4551961
202300834,Daemian Wimberly,2023,DL,0.8708,IDL,0.7363257,2.7925575,0.5811713,1.3876108,0.023731267,0.02430813,0.7363257,2.7925575
202300854,Gabe Moore,2023,DL,0.8697,IDL,0.7801902,3.5493884,0.6203023,1.6336743,0.014998509,0.015226889,0.7801902,3.5493884
202300867,Braylon Rigsby,2023,DL,0.8689,IDL,0.9808108,51.112705,0.7178729,2.544502,0.002154771,0.0021594241,0.9808108,51.112705
202300878,Deijon Laffitte,2023,DL,0.8683,IDL,0.93352157,14.042473,0.50227696,1.0091496,0.003976564,0.00399244,0.93352157,14.042473
202300884,Jarra Anderson,2023,DL,0.8681,IDL,0.89142376,8.210118,0.56313974,1.2890614,0.0089550475,0.009035965,0.89142376,8.210118
202300890,Samu Taumanupepe,2023,DL,0.8678,IDL,0.9186772,11.296676,0.59078276,1.4436898,0.023562465,0.024131052,0.9186772,11.296676
202300895,Jamarrion Harkless,2023,DL,0.8678,IDL,0.9443796,16.979023,0.6588372,1.9311519,0.0070038885,0.007053289,0.9443796,16.979023
202300902,Martin Owusu,2023,DL,0.8672,IDL,0.8510163,5.712143,0.4658695,0.8722016,0.0024936658,0.0024998998,0.8510163,5.712143
202300903,Semaj Turner,2023,DL,0.8672,IDL,0.70496327,2.3894083,0.33643714,0.5070162,0.024254996,0.024857925,0.70496327,2.3894083
202300906,Chris Marable Jr.,2023,DL,0.8672,IDL,0.71125394,2.4632506,0.4119202,0.70044947,0.010949379,0.011070595,0.71125394,2.4632506
202300916,Brendan Bett,2023,DL,0.8669,IDL,0.8666205,6.497403,0.49413228,0.9768014,0.016334396,0.01660564,0.8666205,6.497403
202300918,Terry Simmons Jr.,2023,DL,0.8669,IDL,0.8535283,5.8272586,0.49879977,0.99521065,0.0013870457,0.0013889723,0.8535283,5.8272586
202300924,Elijah Hughes,2023,DL,0.8667,IDL,0.5873959,1.4236308,0.32891667,0.49012792,0.0058327257,0.005866946,0.5873959,1.4236308
202300942,Elinneus Davis,2023,DL,0.8661,IDL,0.81514955,4.4097786,0.47617167,0.9090224,0.0048950496,0.004919129,0.81514955,4.4097786
202300943,Brian Simms III,2023,DL,0.8661,IDL,0.89829373,8.832236,0.36351317,0.57112443,0.025326425,0.02598452,0.89829373,8.832236
202300986,Vaka Hansen,2023,DL,0.865,IDL,0.9227134,11.938853,0.5910593,1.4453425,0.0022554607,0.0022605592,0.9227134,11.938853
202300995,Jo'Laison Landry,2023,DL,0.8647,IDL,0.6569064,1.9146568,0.3123805,0.45429265,0.03897105,0.040551383,0.6569064,1.9146568
202301015,Tony Terry,2023,DL,0.8639,IDL,0.29379284,0.41601512,0.24318978,0.32133523,0.014554847,0.01476982,0.29379284,0.41601512
202301016,Amier Washington,2023,DL,0.8639,IDL,0.72673506,2.6594522,0.43221688,0.7612359,0.018970838,0.01933769,0.72673506,2.6594522
202301024,Jameian Buxton,2023,DL,0.8633,IDL,0.94400895,16.859997,0.6149606,1.5971369,0.0021151537,0.002119637,0.94400895,16.859997
202301041,Maddux Borcherding-Johnson,2023,DL,0.8631,IDL,0.23868646,0.31351924,0.15978345,0.19016938,0.00035757603,0.00035770395,0.23868646,0.31351924
202301052,Jett Runion,2023,DL,0.8626,IDL,0.78609556,3.6749847,0.36802182,0.58233315,0.002430455,0.0024363764,0.78609556,3.6749847
202301054,Dylan Roberts,2023,DL,0.8625,IDL,0.894868,8.511853,0.47497857,0.9046841,0.00073658716,0.0007371301,0.894868,8.511853
202301079,Shymeik Jones,2023,DL,0.8617,IDL,0.61355746,1.5877068,0.4390045,0.78254557,0.0011117179,0.0011129553,0.61355746,1.5877068
202301085,Eryx Daugherty,2023,DL,0.8614,IDL,0.90258646,9.265513,0.37093824,0.58966905,0.0015604657,0.0015629045,0.90258646,9.265513
202301117,A.J. Fuimaono,2023,DL,0.86,IDL,0.7422036,2.87903,0.47627205,0.90938824,0.0019565169,0.0019603523,0.7422036,2.87903
202301125,Rashard Perry,2023,DL,0.8597,IDL,0.7134907,2.4902885,0.6032471,1.5204605,0.0013920598,0.0013940004,0.7134907,2.4902885
202301137,Sid Kaba,2023,DL,0.8594,IDL,0.89867854,8.869577,0.63588756,1.7464044,0.0006127946,0.0006131703,0.89867854,8.869577
202301149,Kevin Allen,2023,DL,0.8589,IDL,0.7951409,3.8814044,0.46527925,0.87013495,0.0029608982,0.0029696913,0.7951409,3.8814044
202301158,Markus Strong,2023,DL,0.8589,IDL,0.5562662,1.2536033,0.48803362,0.9532533,0.001242399,0.0012439445,0.5562662,1.2536033
202301168,Anthony Little,2023,DL,0.8583,IDL,0.94138527,16.060558,0.47237983,0.8953028,0.0008610262,0.0008617682,0.94138527,16.060558
202301169,Vic Shaw,2023,DL,0.8583,IDL,0.9088436,9.970154,0.62127954,1.6404699,0.0010185539,0.0010195923,0.9088436,9.970154
202301173,Tiumalu Afalava,2023,DL,0.8583,IDL,0.7161772,2.5233254,0.5451223,1.1983932,0.0010415491,0.0010426351,0.7161772,2.5233254
202301175,Miles Greene,2023,DL,0.8583,IDL,0.73786277,2.8147957,0.39929256,0.6647039,0.0013920598,0.0013940004,0.73786277,2.8147957
202301176,Gensley Auguste,2023,DL,0.8583,IDL,0.6312523,1.7118813,0.37948442,0.6115631,0.0011539579,0.0011552911,0.6312523,1.7118813
202301190,Adrian Griffin,2023,DL,0.8581,IDL,0.84586704,5.487905,0.5860522,1.4157634,0.000777079,0.00077768334,0.84586704,5.487905
202301191,Chase Edwards,2023,DL,0.8578,IDL,0.29407677,0.41658464,0.3616301,0.5664899,0.004309148,0.0043277973,0.29407677,0.41658464
202301192,Guerlens Milfort,2023,DL,0.8578,IDL,0.7207244,2.5806923,0.48035267,0.92438203,0.00040145504,0.00040161627,0.7207244,2.5806923
202301204,Chiddi Obiazor,2023,DL,0.8575,IDL,0.8056114,4.144334,0.38883042,0.6362071,0.0016275677,0.001630221,0.8056114,4.144334
202301219,Jamel Howard Jr.,2023,DL,0.8567,IDL,0.9475304,18.058651,0.6177912,1.6163708,0.0012120745,0.0012135454,0.9475304,18.058651
202301237,Tyler Bailey,2023,DL,0.8559,IDL,0.9029096,9.299677,0.54089826,1.1781665,0.00074084057,0.0007413898,0.9029096,9.299677
202301238,Tre Brown,2023,DL,0.8558,IDL,0.8472747,5.5477047,0.39613923,0.6560109,0.0010583154,0.0010594366,0.8472747,5.5477047
202301256,Stanley Raass,2023,DL,0.8553,IDL,0.97205466,34.78414,0.7431966,2.8940296,0.00026795376,0.0002680256,0.97205466,34.78414
202301266,Joseph Mutombo,2023,DL,0.855,IDL,0.75219756,3.0354729,0.33810097,0.5108045,0.0023932287,0.00239897,0.75219756,3.0354729
202301283,Jason Hammond,2023,DL,0.8544,IDL,0.8621454,6.254021,0.46489674,0.8687982,0.0010265816,0.0010276366,0.8621454,6.254021
202301292,Tony Boggs,2023,DL,0.8542,IDL,0.6967645,2.2977672,0.3734092,0.5959379,0.0035394197,0.003551992,0.6967645,2.2977672
202301295,Jojo Johnson,2023,DL,0.8542,IDL,0.75248337,3.0401325,0.5073269,1.0297434,0.0020291342,0.00203326,0.75248337,3.0401325
202301297,Thomas Collins,2023,DL,0.8539,IDL,0.831294,4.9274716,0.5588769,1.2669407,0.00026648727,0.00026655832,0.831294,4.9274716
202301300,Elijah Douglas,2023,DL,0.8539,IDL,0.6258472,1.6727049,0.41422495,0.70714,0.0026552875,0.0026623567,0.6258472,1.6727049
202301303,Connor Knight,2023,DL,0.8539,IDL,0.8432183,5.3782964,0.5234903,1.0985932,0.00026648727,0.00026655832,0.8432183,5.3782964
202301315,Ka'Shawn Thomas,2023,DL,0.8531,IDL,0.86286837,6.2922635,0.53354883,1.1438471,0.00025947596,0.0002595433,0.86286837,6.2922635
202301325,Lavon Johnson,2023,DL,0.8525,IDL,0.7578192,3.129146,0.43490073,0.76960063,0.0009561295,0.00095704454,0.7578192,3.129146
202301332,Siolaa Lolohea,2023,DL,0.8522,IDL,0.7868237,3.6909528,0.47990233,0.9227158,0.003070679,0.003080137,0.7868237,3.6909528
202301343,Jeremiah Warren,2023,DL,0.8517,IDL,0.9122913,10.401376,0.44943404,0.8163128,0.0016865595,0.0016894088,0.9122913,10.401376
202301344,Corey McIntyre Jr.,2023,DL,0.8517,IDL,0.6015118,1.5094844,0.33806345,0.5107188,0.0041673877,0.0041848277,0.6015118,1.5094844
202301347,C.J. Fite,2023,DL,0.8517,IDL,0.9188569,11.32391,0.6948624,2.2772102,0.0012436422,0.0012451907,0.9188569,11.32391
202301351,Braden Marceau-Olayinka,2023,DL,0.8517,IDL,0.7368757,2.8004854,0.40169886,0.67139906,0.0007668403,0.0007674288,0.7368757,2.8004854
202301358,Seven Cloud,2023,DL,0.8514,IDL,0.84789675,5.5744815,0.5087129,1.0354697,0.001229362,0.0012308751,0.84789675,5.5744815
202301360,Sua Lefotu,2023,DL,0.8514,IDL,0.8926261,8.313251,0.46958414,0.8853131,0.0019504869,0.0019542987,0.8926261,8.313251
202301374,Michael Madrie,2023,DL,0.8508,IDL,0.7344375,2.7655923,0.49887943,0.99552774,0.0010688402,0.0010699838,0.7344375,2.7655923
202301385,Ted Gregoire,2023,DL,0.8508,IDL,0.7300527,2.7044268,0.5856541,1.4134424,0.0011238711,0.0011251356,0.7300527,2.7044268
202301390,Lucas Conti,2023,DL,0.8503,IDL,0.89644116,8.656346,0.54938644,1.2191964,0.00081225205,0.0008129123,0.89644116,8.656346
202301401,Mari Lawton,2023,DL,0.85,IDL,0.6551421,1.8997453,0.36384338,0.57193995,0.0011683039,0.0011696704,0.6551421,1.8997453
202301415,Sam Williams,2023,DL,0.85,IDL,0.8267345,4.7714887,0.52652115,1.1120267,0.0003661048,0.00036623888,0.8267345,4.7714887
202301416,Malaki Pegues,2023,DL,0.85,IDL,0.80240667,4.0608997,0.37353945,0.5962697,0.00092092063,0.0009217695,0.80240667,4.0608997
202301422,Marcus Calvin,2023,DL,0.85,IDL,0.9334645,14.029577,0.67189795,2.0478323,0.0003583193,0.00035844772,0.9334645,14.029577
202301437,Kobi Gorman,2023,DL,0.8492,IDL,0.8215165,4.6027594,0.5321858,1.1376008,0.00075523177,0.0007558026,0.8215165,4.6027594
202301440,Stephen Johnson,2023,DL,0.8492,IDL,0.92599887,12.513307,0.5954882,1.4721158,0.0013460745,0.0013478888,0.92599887,12.513307
202301447,Stantavious Smith,2023,DL,0.8489,IDL,0.7406152,2.8552759,0.60505027,1.5319678,0.0003181524,0.00031825365,0.7406152,2.8552759
202301449,Jamerious Jenkins,2023,DL,0.8489,IDL,0.96583164,28.26684,0.7554545,3.0892181,0.00039108266,0.00039123566,0.96583164,28.26684
202301451,Wayne Peart II,2023,DL,0.8489,IDL,0.84107816,5.2924013,0.53548974,1.152805,0.0007541796,0.0007547488,0.84107816,5.2924013
202301467,David Anderson,2023,DL,0.8483,IDL,0.6456009,1.8216777,0.35799056,0.5576095,0.0034998497,0.0035121418,0.6456009,1.8216777
202301486,Laith Shamma,2023,DL,0.8478,IDL,0.85728425,6.006935,0.63939035,1.7730817,0.002768537,0.002776223,0.85728425,6.006935
202301490,Ian Jeffries,2023,DL,0.8478,IDL,0.7852647,3.6568956,0.6445567,1.8133882,0.0009173297,0.00091817195,0.7852647,3.6568956
202301492,Tylen Gonzalez,2023,DL,0.8478,IDL,0.7626023,3.2123413,0.4856107,0.94405293,0.003311637,0.0033226404,0.7626023,3.2123413
202301493,Bryston Dixon,2023,DL,0.8478,IDL,0.8102114,4.269021,0.5085911,1.0349653,0.0023386024,0.0023440842,0.8102114,4.269021
202301521,Mordecai Hines,2023,DL,0.8469,IDL,0.7740568,3.425891,0.6204064,1.6343963,0.0011623834,0.0011637361,0.7740568,3.425891
202301525,Andrew Heinig,2023,DL,0.8467,IDL,0.7074716,2.4184716,0.6045102,1.5285101,0.0019635668,0.0019674299,0.7074716,2.4184716
202301530,Jaden McKinney,2023,DL,0.8467,IDL,0.87704974,7.1333704,0.5084163,1.0342416,0.0016610514,0.0016638151,0.87704974,7.1333704
202301532,Zurich Ashford,2023,DL,0.8467,IDL,0.84478325,5.4426036,0.70093983,2.3438087,0.0007836833,0.00078429794,0.84478325,5.4426036
202301533,Theorin Randle,2023,DL,0.8467,IDL,0.9526916,20.137901,0.8150491,4.406841,0.00069031084,0.0006907877,0.9526916,20.137901
202301537,Anthony Britton,2023,DL,0.8467,IDL,0.6826809,2.151402,0.3637565,0.5717253,0.0005565459,0.0005568558,0.6826809,2.151402
202301545,Cevan Edwards,2023,DL,0.8461,IDL,0.6941,2.2690425,0.42555836,0.7408208,0.0012995006,0.0013011915,0.6941,2.2690425
202301579,Michael Towner,2023,DL,0.8444,IDL,0.8541403,5.8559027,0.66084784,1.9485291,0.0007542979,0.0007548673,0.8541403,5.8559027
202301585,Matthew Scicchitano,2023,DL,0.8444,IDL,0.42091686,0.72686774,0.27980125,0.3885056,0.0034998497,0.0035121418,0.42091686,0.72686774
202301630,Zaimir Hawk,2023,DL,0.8428,IDL,0.92541486,12.407496,0.5976722,1.4855356,0.00038060572,0.00038075066,0.92541486,12.407496
202301635,Dominic Lolesio,2023,DL,0.8425,IDL,0.77715385,3.4874008,0.5423912,1.1852726,0.0010320088,0.0010330749,0.77715385,3.4874008
202301637,JaQuize Buycks,2023,DL,0.8419,IDL,0.83288634,4.983951,0.3400755,0.51532483,0.00024263341,0.0002426923,0.83288634,4.983951
202301648,Talitui Pututau,2023,DL,0.8417,IDL,0.6807867,2.1327019,0.4071572,0.6867878,0.0011372102,0.0011385048,0.6807867,2.1327019
202301651,Ty Gordon,2023,DL,0.8417,IDL,0.8080682,4.2101846,0.38390768,0.62313336,0.00024263341,0.0002426923,0.8080682,4.2101846
202301669,TJ Bush Jr.,2023,DL,0.8408,IDL,0.6269209,1.6803966,0.419701,0.72324955,0.0019587667,0.001962611,0.6269209,1.6803966
202301670,George Steih,2023,DL,0.8408,IDL,0.788925,3.7376523,0.47792074,0.915418,0.0008990018,0.00089981075,0.788925,3.7376523
202301674,Keimar Richardson,2023,DL,0.8404,IDL,0.36304167,0.56996137,0.3115029,0.45243898,0.0026001746,0.0026069533,0.36304167,0.56996137
202301679,Keith Smith Jr.,2023,DL,0.8403,IDL,0.82009315,4.558432,0.5239718,1.1007159,0.0013894049,0.001391338,0.82009315,4.558432
202301687,Anthony Cunningham,2023,DL,0.84,IDL,0.85126907,5.723551,0.5558307,1.2513939,0.00056347175,0.0005637894,0.85126907,5.723551
202301692,AJ Cobb,2023,DL,0.84,IDL,0.65529174,1.9010038,0.49273175,0.9713436,0.001252943,0.0012545148,0.65529174,1.9010038
202301696,Cameron Jackson,2023,DL,0.8392,IDL,0.6488169,1.8475173,0.4660222,0.872737,0.0020584497,0.0020626956,0.6488169,1.8475173
202301701,Jason Maciejczak,2023,DL,0.8392,IDL,0.89264244,8.314668,0.59278387,1.4556984,0.0018481129,0.0018515347,0.89264244,8.314668
202301715,Jaeden Jackson,2023,DL,0.8378,IDL,0.7400134,2.8463523,0.40972123,0.6941148,0.0003412168,0.00034133327,0.7400134,2.8463523
202301725,Donovan Nevils,2023,DL,0.8378,IDL,0.5691286,1.3208779,0.4297624,0.7536549,0.0011823514,0.001183751,0.5691286,1.3208779
202301752,Khalil Laufau,2023,DL,0.8367,IDL,0.81659335,4.452365,0.57595104,1.3582183,0.0011045834,0.0011058048,0.81659335,4.452365
202301754,Blake Herold,2023,DL,0.8367,IDL,0.3243417,0.4800381,0.34219086,0.5201978,0.0013689884,0.0013708652,0.3243417,0.4800381
202301757,Kade Pieper,2023,DL,0.8364,IDL,0.82168746,4.6081305,0.75987446,3.1644883,0.0021476205,0.0021522427,0.82168746,4.6081305
202301760,Josiah Griffin,2023,DL,0.8361,IDL,0.83219445,4.9592786,0.33529782,0.50443316,0.001426876,0.001428915,0.83219445,4.9592786
202301780,Eamon Smalls,2023,DL,0.835,IDL,0.920371,11.558238,0.6941475,2.26955,0.00057195994,0.00057228724,0.920371,11.558238
202301790,Max Stege,2023,DL,0.835,IDL,0.746754,2.9487295,0.3216163,0.474092,0.0033822092,0.0033936873,0.746754,2.9487295
202301791,Howie Iongi,2023,DL,0.8347,IDL,0.9767849,42.075386,0.6754797,2.0814714,0.00046396465,0.00046418002,0.9767849,42.075386
202301797,Stanley Cooks,2023,DL,0.8344,IDL,0.86690867,6.5136375,0.3831851,0.62123185,0.00052545586,0.0005257321,0.86690867,6.5136375
202301799,Asher Tomaszewski,2023,DL,0.8344,IDL,0.82291144,4.646892,0.4552263,0.8356246,0.0005118984,0.0005121606,0.82291144,4.646892
202301825,Rocky Shields,2023,DL,0.8336,IDL,0.8922452,8.280327,0.5430438,1.1883935,0.000683677,0.0006841447,0.8922452,8.280327
202301832,Ansel Din-Mbuh,2023,DL,0.8319,IDL,0.8868184,7.835359,0.5384897,1.1667988,0.0016820022,0.0016848361,0.8868184,7.835359
202301836,Eric Gardner Jr,2023,DL,0.8319,IDL,0.7745941,3.4364417,0.47289646,0.8971605,0.0012065449,0.0012080024,0.7745941,3.4364417
202301862,Mitch Viviano,2023,DL,0.8306,IDL,0.62113464,1.6394601,0.48221886,0.9313179,0.004180886,0.004198439,0.62113464,1.6394601
202301925,Malik Tullis,2023,DL,0.8278,IDL,0.7396972,2.84168,0.6368207,1.7534606,0.0005836077,0.0005839485,0.7396972,2.84168
202301945,Jayden Marable,2023,DL,0.827,IDL,0.77073973,3.3618548,0.5147562,1.0608197,0.0053735645,0.0054025957,0.77073973,3.3618548
202301954,Bruce Williams,2023,DL,0.8267,IDL,0.8433591,5.3840294,0.6615444,1.9545971,0.0051869266,0.005213971,0.8433591,5.3840294
202301974,Motekiai Mounga,2023,DL,0.8256,IDL,0.7689409,3.3278975,0.48527712,0.94279295,0.0031682944,0.0031783644,0.7689409,3.3278975
202301992,Rocco Marcelino,2023,DL,0.825,IDL,0.7108767,2.458732,0.598259,1.4891658,0.0037653404,0.0037795717,0.7108767,2.458732
202302012,Andrew Laurich,2023,DL,0.8237,IDL,0.7988178,3.970619,0.26836538,0.36680245,0.0037653404,0.0037795717,0.7988178,3.970619
202302016,Dalton Gustwiller,2023,DL,0.8237,IDL,0.6713155,2.042431,0.25292677,0.33855686,0.0012609012,0.0012624931,0.6713155,2.042431
202302020,Timothy Gulley,2023,DL,0.8237,IDL,0.8910827,8.181278,0.65699667,1.9154235,0.0006092989,0.00060967036,0.8910827,8.181278
202302024,Kebba Secka,2023,DL,0.8237,IDL,0.6399573,1.7774484,0.38912177,0.63698745,0.0025358929,0.00254234,0.6399573,1.7774484
202302043,Dairo Melendez,2023,DL,0.8211,IDL,0.6420543,1.79372,0.447821,0.81100696,0.00072703883,0.0007275678,0.6420543,1.79372
202302065,Jude Tinor,2023,DL,0.8204,IDL,0.77886915,3.5222094,0.6159308,1.6036974,0.0010607737,0.0010619002,0.77886915,3.5222094
202302067,Rashod Bradley,2023,DL,0.8204,IDL,0.5990579,1.4941258,0.39876765,0.6632505,0.0037402587,0.0037543008,0.5990579,1.4941258
202302072,Lucas Samsula,2023,DL,0.8204,IDL,0.7477259,2.9639425,0.57225716,1.3378533,0.0020727096,0.0020770147,0.7477259,2.9639425
202302080,Brady Phillips,2023,DL,0.82,IDL,0.7111533,2.4620445,0.45586437,0.8377771,0.0034841094,0.0034962909,0.7111533,2.4620445
202302090,Brady Neu,2023,DL,0.8194,IDL,0.6984803,2.316533,0.46246347,0.86033875,0.0007443708,0.0007449253,0.6984803,2.316533
202302106,Marcus Moore Jr.,2023,DL,0.817,IDL,0.72081244,2.5818214,0.37324432,0.595518,0.0014324997,0.0014345547,0.72081244,2.5818214
202302111,Jayden Gaines,2023,DL,0.817,IDL,0.8857715,7.7543836,0.52161896,1.0903839,0.0009487587,0.0009496597,0.8857715,7.7543836
202302122,James Eaglin,2023,DL,0.8163,IDL,0.77574193,3.4591484,0.5285904,1.1212974,0.0037383938,0.0037524218,0.77574193,3.4591484
202302130,Adam Parks,2023,DL,0.8163,IDL,0.6789373,2.1146567,0.33519405,0.5041983,0.0018724264,0.001875939,0.6789373,2.1146567
202302147,Christopher Clark-Jolivet,2023,DL,0.815,IDL,0.8610852,6.1986556,0.49420315,0.9770783,0.0013207223,0.0013224689,0.8610852,6.1986556
202302148,Kaden Beatty,2023,DL,0.815,IDL,0.9122191,10.392001,0.7015504,2.3506498,0.0005220459,0.0005223185,0.9122191,10.392001
202302159,Dayln White,2023,DL,0.8137,IDL,0.8744679,6.9660907,0.6551124,1.8994952,0.0013894406,0.0013913738,0.8744679,6.9660907
202302171,Dante Drake,2023,DL,0.813,IDL,0.86420804,6.3642063,0.5291819,1.1239625,0.0009487587,0.0009496597,0.86420804,6.3642063
202302173,Aiden McComber,2023,DL,0.8117,IDL,0.7522986,3.0371187,0.5715337,1.3339057,0.0006028191,0.0006031827,0.7522986,3.0371187
202302200,Ben Reiland,2023,DL,0.81,IDL,0.6957439,2.286705,0.39554584,0.65438515,0.0023748036,0.0023804568,0.6957439,2.286705
202302210,Caleb Graham,2023,DL,0.8094,IDL,0.68119264,2.1366904,0.42340788,0.73432827,0.00075577357,0.0007563452,0.68119264,2.1366904
202302218,Patrick Kendall,2023,DL,0.807,IDL,0.6999381,2.332646,0.44791424,0.8113128,0.0033553313,0.0033666273,0.6999381,2.332646
202302231,Bruno Dall,2023,DL,0.8056,IDL,0.3632668,0.5705165,0.25509796,0.3424584,0.004996729,0.0050218217,0.3632668,0.5705165
202302236,Sione Tuionetoa,2023,DL,0.8044,IDL,0.77258664,3.397279,0.4663649,0.87393963,0.0004930203,0.0004932635,0.77258664,3.397279
202302242,Mark Hensley,2023,DL,0.8037,IDL,0.84520936,5.460339,0.56457,1.2965804,0.0011467324,0.0011480489,0.84520936,5.460339
202302253,James Thomas,2023,DL,0.8006,IDL,0.63987994,1.7768517,0.40950438,0.6934927,0.0020895635,0.0020939389,0.63987994,1.7768517
202302264,Troy Pikes,2023,DL,0.8,IDL,0.47646853,0.91010493,0.30033857,0.42926273,0.00076795917,0.0007685494,0.47646853,0.91010493
202302265,Ke'Vion Wellington,2023,DL,0.7996,IDL,0.83907014,5.213887,0.64224714,1.7952257,0.00048465456,0.00048488958,0.83907014,5.213887
202302267,Casey Bending,2023,DL,0.7996,IDL,0.85056007,5.691652,0.68068814,2.1317346,0.0016030243,0.0016055981,0.85056007,5.691652
202302284,Kade Steadman,2023,DL,0.795,IDL,0.85805964,6.0452127,0.5556497,1.2504767,0.00085065485,0.0008513791,0.85805964,6.0452127
202302286,Derrick Matlock II,2023,DL,0.795,IDL,0.8103658,4.27331,0.61940444,1.627461,0.0022306363,0.002235623,0.8103658,4.27331
202302294,Junior Poyser,2023,DL,0.7906,IDL,0.5116748,1.0478158,0.2381603,0.3126121,0.00034233622,0.00034245345,0.5116748,1.0478158
202302299,Raymond Macias,2023,DL,0.7894,IDL,0.47598773,0.90835226,0.3242049,0.47973847,0.000446007,0.00044620602,0.47598773,0.90835226
202400008,Williams Nwaneri,2024,DL,0.996,IDL,0.99342656,151.12738,0.88165426,7.4498186,0.04326166,0.045217857,0.99342656,151.12738
202400009,David Stone,2024,DL,0.9952,IDL,0.9913517,114.629974,0.993083,143.57135,0.04368573,0.045681354,0.9913517,114.629974
202400010,Justin Scott,2024,DL,0.9945,IDL,0.9934354,151.3318,0.99181354,121.15293,0.19240029,0.23823719,0.9934354,151.3318
202400014,Dominick McKinley,2024,DL,0.9939,IDL,0.9923569,129.8369,0.9817669,53.84525,0.072101615,0.07770421,0.9923569,129.8369
202400020,LJ McCray,2024,DL,0.9928,IDL,0.99515617,205.44815,0.9898207,97.23876,0.1979745,0.24684316,0.99515617,205.44815
202400025,Joseph Jonah-Ajonye,2024,DL,0.9881,IDL,0.993079,143.48793,0.9907644,107.27643,0.061138436,0.06511976,0.993079,143.48793
202400026,Eddrick Houston,2024,DL,0.9879,IDL,0.9940771,167.83583,0.9769504,42.384712,0.033722218,0.034899093,0.9940771,167.83583
202400028,Armondo Blount,2024,DL,0.9875,IDL,0.9824854,56.09527,0.932443,13.8023205,0.005838358,0.0058726445,0.9824854,56.09527
202400058,Aydin Breland,2024,DL,0.9719,IDL,0.994773,190.31326,0.96574813,28.195488,0.0043032235,0.004321821,0.994773,190.31326
202400066,Kameryn Crawford,2024,DL,0.9687,IDL,0.9914374,115.78662,0.7628593,3.2169056,0.0021747013,0.0021794408,0.9914374,115.78662
202400073,Bryce Young,2024,DL,0.9646,IDL,0.98977906,96.83831,0.84723926,5.5461845,0.0012073001,0.0012087595,0.98977906,96.83831
202400079,Kam Franklin,2024,DL,0.9602,IDL,0.9954568,219.1099,0.87646466,7.09485,0.0011901333,0.0011915513,0.9954568,219.1099
202400081,Jeremiah Beaman,2024,DL,0.9592,IDL,0.9968623,317.704,0.8591848,6.101506,0.0030572934,0.003066669,0.9968623,317.704
202400082,Charlie Collins,2024,DL,0.9582,IDL,0.9916408,118.62876,0.8462296,5.503203,0.007237562,0.007290326,0.9916408,118.62876
202400099,Brian Robinson,2024,DL,0.9519,IDL,0.9919859,123.78034,0.7921127,3.810299,0.00060790236,0.00060827215,0.9919859,123.78034
202400108,Nasir Johnson,2024,DL,0.9496,IDL,0.99112767,111.70996,0.97536916,39.599503,0.02372131,0.024297683,0.99112767,111.70996
202400120,Jordan Thomas,2024,DL,0.9463,IDL,0.9943691,176.59117,0.98467445,64.25053,0.023591468,0.024161473,0.9943691,176.59117
202400125,Liam Andrews,2024,DL,0.9435,IDL,0.9974656,393.57236,0.74338746,2.8969257,0.00054245273,0.00054274715,0.9974656,393.57236
202400135,Will Echoles,2024,DL,0.9397,IDL,0.96855617,30.802736,0.94155,16.108644,0.0029576384,0.0029664119,0.96855617,30.802736
202400143,Nigel Smith II,2024,DL,0.9372,IDL,0.98812675,83.22297,0.7847147,3.644999,0.0008899557,0.00089074846,0.98812675,83.22297
202400155,Dealyn Evans,2024,DL,0.9339,IDL,0.98248243,56.085552,0.8492703,5.634392,0.014083833,0.014285021,0.98248243,56.085552
202400157,Benedict Umeh,2024,DL,0.9334,IDL,0.9689882,31.24577,0.7342058,2.762309,0.0028448447,0.002852961,0.9689882,31.24577
202400161,Jericho Johnson,2024,DL,0.9305,IDL,0.96543837,27.933817,0.96598345,28.397455,0.03609139,0.03744275,0.96543837,27.933817
202400163,Dominic Kirks,2024,DL,0.9297,IDL,0.9211627,11.684355,0.8332201,4.9959273,0.017283743,0.017587725,0.9211627,11.684355
202400171,Darien Mayo,2024,DL,0.9285,IDL,0.89043015,8.126598,0.6187341,1.6228416,0.014939303,0.01516587,0.89043015,8.126598
202400173,Ernest Willor Jr.,2024,DL,0.9283,IDL,0.98469955,64.357544,0.851472,5.732738,0.021120844,0.02157656,0.98469955,64.357544
202400184,Justin Greene,2024,DL,0.9255,IDL,0.91893214,11.335344,0.86921084,6.6458936,0.018387375,0.018731805,0.91893214,11.335344
202400193,Artavius Jones,2024,DL,0.9235,IDL,0.95887196,23.314312,0.8408292,5.282559,0.06754855,0.0724419,0.95887196,23.314312
202400219,Kamron Beavers,2024,DL,0.9181,IDL,0.9388542,15.354358,0.8879621,7.9255514,0.080997884,0.08813678,0.9388542,15.354358
202400224,Gabriel Reliford,2024,DL,0.9176,IDL,0.9185271,11.274024,0.6142799,1.5925537,0.0059894305,0.0060255197,0.9185271,11.274024
202400240,Brandon Davis-Swain,2024,DL,0.9148,IDL,0.90662533,9.709542,0.52354276,1.0988243,0.02818728,0.029004848,0.90662533,9.709542
202400244,Xadavien Sims,2024,DL,0.9141,IDL,0.9171608,11.071581,0.78474987,3.645758,0.019455487,0.019841513,0.9171608,11.071581
202400246,Carlon Jones,2024,DL,0.9136,IDL,0.97237635,35.20086,0.7790606,3.526128,0.011103997,0.01122868,0.97237635,35.20086
202400250,Jeffery Rush,2024,DL,0.913,IDL,0.86449265,6.379674,0.5358543,1.1544958,0.0503864,0.0530599,0.86449265,6.379674
202400261,Elias Williams,2024,DL,0.911,IDL,0.91055775,10.180398,0.5618681,1.2824175,0.024893321,0.025528818,0.91055775,10.180398
202400262,D'Antre Robinson,2024,DL,0.911,IDL,0.94432765,16.962238,0.795621,3.8928702,0.16537836,0.1981477,0.94432765,16.962238
202400282,Jaylen Brown,2024,DL,0.909,IDL,0.95709866,22.309298,0.6318268,1.7161131,0.003320341,0.0033314023,0.95709866,22.309298
202400302,Hevin Brown-Shuler,2024,DL,0.9065,IDL,0.8954693,8.566568,0.8385589,5.19421,0.0029022787,0.0029107265,0.8954693,8.566568
202400316,Kavion Henderson,2024,DL,0.9052,IDL,0.91006875,10.119605,0.5370993,1.1602906,0.004610362,0.004631716,0.91006875,10.119605
202400324,TJ Lindsey,2024,DL,0.9043,IDL,0.9267251,12.647236,0.6688921,2.0201633,0.031246282,0.032254104,0.9267251,12.647236
202400327,Jayden Jackson,2024,DL,0.9039,IDL,0.96318495,26.162806,0.8333227,4.9996176,0.0036174618,0.0036305953,0.96318495,26.162806
202400329,DD Holmes,2024,DL,0.9036,IDL,0.83632666,5.1097302,0.3711776,0.59027416,0.012228516,0.012379903,0.83632666,5.1097302
202400336,Kellen Lindstrom,2024,DL,0.9022,IDL,0.9243981,12.227185,0.26878104,0.36757943,0.004475931,0.004496055,0.9243981,12.227185
202400351,Jide Abasiri,2024,DL,0.9004,IDL,0.9324089,13.794853,0.7402576,2.8499687,0.01581572,0.016069876,0.9324089,13.794853
202400355,Steve Bolo Mboumoua,2024,DL,0.9004,IDL,0.9232564,12.030402,0.6081224,1.5518173,0.0053761927,0.005405253,0.9232564,12.030402
202400422,Tionne Gray,2024,DL,0.8948,IDL,0.9426159,16.426437,0.7315845,2.725567,0.10796244,0.12102903,0.9426159,16.426437
202400429,Kendall Jackson,2024,DL,0.8942,IDL,0.9556373,21.541447,0.6673572,2.0062277,0.004025351,0.0040416196,0.9556373,21.541447
202400435,Ted Hammond,2024,DL,0.8933,IDL,0.94951487,18.807812,0.5903003,1.4408122,0.0035450442,0.0035576562,0.94951487,18.807812
202400439,Malik Blocton,2024,DL,0.8933,IDL,0.88805526,7.932979,0.7495811,2.9933088,0.0040070587,0.00402318,0.88805526,7.932979
202400451,Owen Wafle,2024,DL,0.8925,IDL,0.9686017,30.848862,0.8438043,5.402225,0.0009710371,0.0009719809,0.9686017,30.848862
202400452,Riley Sunram,2024,DL,0.8924,IDL,0.9447926,17.113523,0.7828674,3.6054802,0.0028511714,0.002859324,0.9447926,17.113523
202400468,Omar White,2024,DL,0.8908,IDL,0.9357769,14.570719,0.7018918,2.3544865,0.00831237,0.008382044,0.9357769,14.570719
202400473,Dillan Johnson,2024,DL,0.8908,IDL,0.99038845,103.04153,0.89198995,8.258397,0.0009787701,0.000979729,0.99038845,103.04153
202400477,Alex Foster,2024,DL,0.8904,IDL,0.92585313,12.486747,0.46609107,0.87297857,0.0070749745,0.007125386,0.92585313,12.486747
202400480,Wyatt Gilmore,2024,DL,0.8903,IDL,0.94402385,16.86475,0.54718333,1.2083993,0.006490763,0.0065331683,0.94402385,16.86475
202400485,Champ Thompson,2024,DL,0.89,IDL,0.9515279,19.630423,0.7721249,3.3883686,0.0045781215,0.004599177,0.9515279,19.630423
202400486,Terrance Hibbler Jr.,2024,DL,0.89,IDL,0.9801722,49.43428,0.81538045,4.4165444,0.005882602,0.005917412,0.9801722,49.43428
202400487,Francis Brewu,2024,DL,0.89,IDL,0.9609806,24.628273,0.5639097,1.2931031,0.0014964296,0.0014986722,0.9609806,24.628273
202400496,Alex January,2024,DL,0.8886,IDL,0.9772555,42.966717,0.8967282,8.6831875,0.037849754,0.039338715,0.9772555,42.966717
202400507,Isaia Faga,2024,DL,0.8879,IDL,0.96717167,29.461494,0.8010138,4.025475,0.0015298562,0.0015322003,0.96717167,29.461494
202400511,Eddy Smith,2024,DL,0.8878,IDL,0.9466648,17.749348,0.50352097,1.0141838,0.032070667,0.033133272,0.9466648,17.749348
202400520,Emmett Laws,2024,DL,0.8875,IDL,0.98571265,68.991974,0.6911475,2.2377915,0.0020402768,0.002044448,0.98571265,68.991974
202400535,Sean Sevillano Jr.,2024,DL,0.8867,IDL,0.9808617,51.25131,0.9045992,9.482091,0.0027011635,0.0027084795,0.9808617,51.25131
202400538,Chima Chineke,2024,DL,0.8862,IDL,0.90453804,9.475376,0.49299037,0.97234917,0.017598107,0.017913349,0.90453804,9.475376
202400565,Jahsear Whittington,2024,DL,0.8849,IDL,0.8412734,5.3001423,0.5048031,1.0193988,0.001681755,0.001684588,0.8412734,5.3001423
202400572,Eddie Tuerk,2024,DL,0.8842,IDL,0.89147174,8.2141905,0.70062923,2.3403394,0.008010668,0.0080753565,0.89147174,8.2141905
202400573,Sincere Edwards,2024,DL,0.8842,IDL,0.8846549,7.6696343,0.54394716,1.1927284,0.0037097845,0.0037235983,0.8846549,7.6696343
202400578,De'Myrion Johnson,2024,DL,0.884,IDL,0.9123762,10.412428,0.7040436,2.3788764,0.0006434228,0.0006438371,0.9123762,10.412428
202400603,T.A. Cunningham,2024,DL,0.8828,IDL,0.72695494,2.662399,0.7018261,2.3537476,0.0039350297,0.0039505754,0.72695494,2.662399
202400614,Keona Davis,2024,DL,0.8825,IDL,0.87383306,6.926007,0.39406684,0.650347,0.0049412125,0.0049657496,0.87383306,6.926007
202400617,Eric Brantley Jr.,2024,DL,0.8822,IDL,0.8128244,4.3425775,0.51857805,1.0771799,0.0034208032,0.0034325453,0.8128244,4.3425775
202400627,Jeremias Heard,2024,DL,0.8819,IDL,0.40015632,0.667101,0.5187632,1.077979,0.014890547,0.015115627,0.40015632,0.667101
202400638,Marcus Downs,2024,DL,0.8811,IDL,0.88857883,7.974955,0.7628625,3.2169628,0.01818524,0.018522067,0.88857883,7.974955
202400646,BJ Canady,2024,DL,0.8803,IDL,0.7614363,3.1917522,0.71543986,2.5141957,0.0065388903,0.0065819286,0.7614363,3.1917522
202400677,Herb Gray,2024,DL,0.8793,IDL,0.94549483,17.346884,0.3983548,0.66210914,0.005351364,0.0053801555,0.94549483,17.346884
202400678,Xavier Porter,2024,DL,0.8792,IDL,0.7546059,3.0750775,0.52427953,1.1020747,0.0039687795,0.0039845933,0.7546059,3.0750775
202400690,Melvin Hills III,2024,DL,0.8786,IDL,0.6131041,1.5846746,0.3612823,0.5656369,0.0015896321,0.0015921631,0.6131041,1.5846746
202400718,D'Nas White,2024,DL,0.8772,IDL,0.72883946,2.6878521,0.7696142,3.3405457,0.015138013,0.015370695,0.72883946,2.6878521
202400726,Ahmad Breaux,2024,DL,0.8769,IDL,0.79888654,3.9723175,0.6203167,1.6337739,0.0034262142,0.0034379933,0.79888654,3.9723175
202400732,Deshon Dodson,2024,DL,0.8767,IDL,0.6557647,1.9049897,0.31844354,0.46722987,0.002717016,0.0027244184,0.6557647,1.9049897
202400746,Tyreek'e Robinson,2024,DL,0.8761,IDL,0.92833644,12.954094,0.72975713,2.700375,0.0014055677,0.0014075462,0.92833644,12.954094
202400754,Peter Pesansky,2024,DL,0.8758,IDL,0.7122989,2.47583,0.4788877,0.91897213,0.018949967,0.019316005,0.7122989,2.47583
202400756,Mo Saine,2024,DL,0.8757,IDL,0.8961019,8.624814,0.6271729,1.6822084,0.0039665727,0.003982369,0.8961019,8.624814
202400758,Ratumana Bulabalavu,2024,DL,0.8756,IDL,0.9135513,10.56755,0.74926454,2.9882672,0.004443416,0.004463248,0.9135513,10.56755
202400760,Nnamdi Ogboko,2024,DL,0.8756,IDL,0.8941718,8.449275,0.76330626,3.2248688,0.014650199,0.014868018,0.8941718,8.449275
202400761,Dinellson Exume,2024,DL,0.8753,IDL,0.621287,1.6405219,0.46056512,0.85379183,0.00990113,0.010000142,0.621287,1.6405219
202400767,Michai Boireau,2024,DL,0.8753,IDL,0.930442,13.376487,0.767828,3.3071513,0.024062458,0.024655735,0.930442,13.376487
202400778,Deyvid Palepale,2024,DL,0.8747,IDL,0.72896296,2.6895325,0.36521152,0.5753279,0.0036557731,0.003669187,0.72896296,2.6895325
202400800,Eric Mensah,2024,DL,0.8742,IDL,0.78071487,3.5602727,0.49943286,0.997734,0.0021614907,0.002166173,0.78071487,3.5602727
202400805,Demetrius John,2024,DL,0.8739,IDL,0.83022463,4.890136,0.46217299,0.8593339,0.011836991,0.011978784,0.83022463,4.890136
202400823,Nasir Smith,2024,DL,0.8736,IDL,0.8508392,5.704174,0.61958635,1.6287174,0.0027589158,0.0027665484,0.8508392,5.704174
202400827,Dimitry Nicolas,2024,DL,0.8731,IDL,0.91796494,11.189909,0.65602434,1.9071825,0.0032350728,0.0032455726,0.91796494,11.189909
202400841,Josh Alexander-Felton,2024,DL,0.8728,IDL,0.6620497,1.9590151,0.601814,1.511389,0.022817506,0.0233503,0.6620497,1.9590151
202400853,Jamari Payne,2024,DL,0.8725,IDL,0.92284924,11.961635,0.7266931,2.6588902,0.0039822287,0.00399815,0.92284924,11.961635
202400857,Preston Watson,2024,DL,0.8722,IDL,0.9236549,12.09842,0.7651136,3.2573771,0.0028890315,0.0028974023,0.9236549,12.09842
202400860,Uche Iloh,2024,DL,0.8722,IDL,0.830492,4.8994274,0.6571841,1.9170178,0.021437692,0.021907335,0.830492,4.8994274
202400863,Luke Webb,2024,DL,0.8722,IDL,0.90329343,9.340559,0.63229287,1.7195556,0.018657276,0.019011987,0.90329343,9.340559
202400867,Caleb Irving,2024,DL,0.8719,IDL,0.9042439,9.443197,0.6540576,1.8906548,0.010280269,0.010387051,0.9042439,9.443197
202400869,Landen Marshall,2024,DL,0.8719,IDL,0.8519622,5.755032,0.58656186,1.4187415,0.0023343985,0.0023398607,0.8519622,5.755032
202400888,Charles Anderson Jr.,2024,DL,0.8714,IDL,0.8864738,7.8085375,0.7149374,2.5080013,0.041202847,0.042973477,0.8864738,7.8085375
202400920,De'Andre Cook,2024,DL,0.87,IDL,0.8886794,7.9830623,0.6823359,2.1479795,0.005173942,0.005200851,0.8886794,7.9830623
202400921,Zaiden Wallace,2024,DL,0.87,IDL,0.88809484,7.9361386,0.40358213,0.67667675,0.0025361811,0.0025426296,0.88809484,7.9361386
202400930,Carson Gentle,2024,DL,0.8697,IDL,0.7390648,2.8323693,0.59207636,1.4514393,0.026426766,0.027144097,0.7390648,2.8323693
202400934,Manuel Beigel,2024,DL,0.8697,IDL,0.786977,3.6943285,0.42028758,0.7249933,0.0057989485,0.0058327722,0.786977,3.6943285
202400946,Tyler Simmons,2024,DL,0.8692,IDL,0.84001046,5.2504086,0.6784008,2.1094606,0.006372559,0.006413429,0.84001046,5.2504086
202400964,Jamorie Flagg,2024,DL,0.8686,IDL,0.86255884,6.2758408,0.3781666,0.60814774,0.005810151,0.005844106,0.86255884,6.2758408
202400968,Ashton Murphy,2024,DL,0.8683,IDL,0.7375218,2.8098407,0.6161486,1.6051748,0.012087522,0.012235418,0.7375218,2.8098407
202400985,Jacobi Murray,2024,DL,0.8681,IDL,0.77611244,3.4665277,0.28046316,0.3897829,0.001321841,0.0013235906,0.77611244,3.4665277
202401015,Mikeshun Beeler,2024,DL,0.8672,IDL,0.7528219,3.0456662,0.365119,0.57509834,0.0146027915,0.014819193,0.7528219,3.0456662
202401053,Jace J. Gilbert,2024,DL,0.8658,IDL,0.54877645,1.2161964,0.34084842,0.51710176,0.007424187,0.0074797175,0.54877645,1.2161964
202401061,David McMorris,2024,DL,0.8658,IDL,0.5356011,1.1533211,0.41480327,0.708827,0.0056736944,0.005706069,0.5356011,1.1533211
202401068,Caleb Moore,2024,DL,0.8656,IDL,0.57049227,1.3282468,0.4435488,0.79710275,0.030649176,0.03161825,0.57049227,1.3282468
202401080,Darius Washington,2024,DL,0.8653,IDL,0.7469699,2.9520986,0.3410241,0.5175062,0.031613577,0.032645624,0.7469699,2.9520986
202401084,Kendal Howard,2024,DL,0.865,IDL,0.52663916,1.1125534,0.30164498,0.43193644,0.013685982,0.013875887,0.52663916,1.1125534
202401086,Simeon Boulware,2024,DL,0.865,IDL,0.70966655,2.4443154,0.30337968,0.4355022,0.012672656,0.012835314,0.70966655,2.4443154
202401114,Justin Terrell,2024,DL,0.8639,IDL,0.669082,2.0218966,0.38362274,0.62238306,0.019689212,0.020084662,0.669082,2.0218966
202401117,Devan Kennedy,2024,DL,0.8639,IDL,0.75181466,3.0292468,0.3717687,0.59177047,0.01288847,0.013056751,0.75181466,3.0292468
202401121,Jaylen Carl,2024,DL,0.8633,IDL,0.6045934,1.5290422,0.28505403,0.3987071,0.0152757745,0.015512744,0.6045934,1.5290422
202401177,Jaylin Hicks,2024,DL,0.8617,IDL,0.5897621,1.4376099,0.4189184,0.72092867,0.001693363,0.0016962353,0.5897621,1.4376099
202401180,Leroy Jackson,2024,DL,0.8617,IDL,0.7752549,3.4494853,0.4414805,0.7904478,0.00023782252,0.0002378791,0.7752549,3.4494853
202401186,Hank Weber,2024,DL,0.8614,IDL,0.6043152,1.5272642,0.37629414,0.6033199,0.0005560655,0.0005563749,0.6043152,1.5272642
202401188,Armstrong Nnodim,2024,DL,0.8614,IDL,0.7997445,3.9936204,0.3678102,0.58180344,0.001277784,0.0012794188,0.7997445,3.9936204
202401206,Garrison Butler,2024,DL,0.8608,IDL,0.64428264,1.8112206,0.3074908,0.44402415,0.00043056015,0.00043074563,0.64428264,1.8112206
202401216,Miles Adams,2024,DL,0.8606,IDL,0.52882224,1.1223413,0.19230387,0.23808938,0.00080637407,0.00080702483,0.52882224,1.1223413
202401219,Geordan Guidry,2024,DL,0.8603,IDL,0.6118114,1.5760674,0.40968746,0.6940179,0.00046875258,0.0004689724,0.6118114,1.5760674
202401229,Jake Furtney,2024,DL,0.86,IDL,0.8873008,7.8731766,0.45232862,0.8259125,0.0015680187,0.0015704812,0.8873008,7.8731766
202401232,Kian Payne,2024,DL,0.86,IDL,0.6432433,1.8030308,0.6387062,1.7678306,0.0006623984,0.00066283747,0.6432433,1.8030308
202401240,Alex Lopez,2024,DL,0.86,IDL,0.44970992,0.81722337,0.6837896,2.1624515,0.0014232335,0.0014252621,0.44970992,0.81722337
202401246,Maraad Watson,2024,DL,0.86,IDL,0.8888288,7.9951367,0.57725036,1.3654662,0.00073658716,0.0007371301,0.8888288,7.9951367
202401287,Legend Journey,2024,DL,0.8589,IDL,0.8111927,4.2964053,0.4771696,0.9126662,0.001277784,0.0012794188,0.8111927,4.2964053
202401291,Daylen Russell,2024,DL,0.8586,IDL,0.6902824,2.2287478,0.56949586,1.322858,0.001232243,0.0012337633,0.6902824,2.2287478
202401306,Devyn Zahursky,2024,DL,0.8583,IDL,0.8713272,6.7716517,0.4607751,0.8545138,0.0016275677,0.001630221,0.8713272,6.7716517
202401316,Nate Gabriel,2024,DL,0.8581,IDL,0.85777605,6.031164,0.5353032,1.1519407,0.0009898074,0.0009907881,0.85777605,6.031164
202401317,Aaron Travis,2024,DL,0.8581,IDL,0.7662306,3.2777195,0.66811085,2.0130541,0.0033603006,0.00337163,0.7662306,3.2777195
202401339,Angelo McCullom,2024,DL,0.8575,IDL,0.97081536,33.2646,0.6850006,2.1746092,0.00030932677,0.0003094225,0.97081536,33.2646
202401343,Callen Campbell,2024,DL,0.8575,IDL,0.7867374,3.6890543,0.55215573,1.2329191,0.00093448616,0.00093536027,0.7867374,3.6890543
202401346,Andrew Hanchuk,2024,DL,0.8575,IDL,0.9153539,10.813892,0.47304195,0.8976843,0.0031002362,0.0031098775,0.9153539,10.813892
202401350,Jaedon Langley,2024,DL,0.8575,IDL,0.7897318,3.755831,0.57475126,1.3515649,0.0022359702,0.002240981,0.7897318,3.755831
202401356,Omar Khan,2024,DL,0.8572,IDL,0.8228945,4.6463523,0.34560007,0.52811754,0.00040621086,0.00040637594,0.8228945,4.6463523
202401368,Joe Barna,2024,DL,0.8567,IDL,0.82693523,4.7781835,0.46158168,0.85729194,0.00093448616,0.00093536027,0.82693523,4.7781835
202401370,Ty Yuhas,2024,DL,0.8567,IDL,0.7781767,3.508093,0.5383783,1.166276,0.0006127946,0.0006131703,0.7781767,3.508093
202401377,Kai McClendon,2024,DL,0.8567,IDL,0.9563074,21.887177,0.73582256,2.7853346,0.00038134152,0.000381487,0.9563074,21.887177
202401400,Zechariah Robinson,2024,DL,0.8558,IDL,0.84910166,5.6269784,0.53032243,1.1291202,0.0008184868,0.0008191573,0.84910166,5.6269784
202401404,Troy Regovich,2024,DL,0.8558,IDL,0.7632976,3.2247145,0.41918957,0.7217322,0.0011539579,0.0011552911,0.7632976,3.2247145
202401411,Kevin Norwood,2024,DL,0.8556,IDL,0.80132115,4.0332484,0.4660953,0.87299347,0.0005513292,0.00055163336,0.80132115,4.0332484
202401424,Zeus Venegas,2024,DL,0.855,IDL,0.6009413,1.505897,0.4987518,0.99501956,0.0007309368,0.00073147146,0.6009413,1.505897
202401428,Trashun Griffin,2024,DL,0.855,IDL,0.8525579,5.7823234,0.5165457,1.068448,0.0007371388,0.00073768257,0.8525579,5.7823234
202401437,Ameir Glenn,2024,DL,0.855,IDL,0.8894559,8.0461645,0.55778533,1.2613451,0.00025947596,0.0002595433,0.8894559,8.0461645
202401443,Michael Hershey,2024,DL,0.855,IDL,0.60906535,1.5579723,0.3737068,0.59669626,0.00092480757,0.0009256636,0.60906535,1.5579723
202401446,Edwin Moore Jr.,2024,DL,0.855,IDL,0.8632878,6.3146367,0.598937,1.4933738,0.000718575,0.0007190917,0.8632878,6.3146367
202401453,Kavion Benton,2024,DL,0.8547,IDL,0.71607226,2.522023,0.50950944,1.0387752,0.0013205525,0.0013222987,0.71607226,2.522023
202401457,Martreece Dillard,2024,DL,0.8547,IDL,0.5656226,1.3021457,0.35616967,0.5532043,0.0009266421,0.00092750153,0.5656226,1.3021457
202401474,Ramar Williams,2024,DL,0.8542,IDL,0.6779829,2.1054254,0.37850726,0.60902923,0.0016064034,0.001608988,0.6779829,2.1054254
202401486,Justin Bodford,2024,DL,0.8536,IDL,0.9414739,16.086393,0.68476987,2.1722856,0.0005841127,0.0005844541,0.9414739,16.086393
202401510,Jayden Scott,2024,DL,0.8528,IDL,0.66806823,2.0126674,0.40072474,0.6686823,0.0009180212,0.00091886474,0.66806823,2.0126674
202401511,Marquaze Parker,2024,DL,0.8528,IDL,0.64184684,1.7921015,0.4390712,0.78275746,0.0008859753,0.00088676094,0.64184684,1.7921015
202401515,Cooper Ackerman,2024,DL,0.8525,IDL,0.70004064,2.3337848,0.30076087,0.4301259,0.00092092063,0.0009217695,0.70004064,2.3337848
202401527,Sterlin Brooks,2024,DL,0.8525,IDL,0.88181007,7.4609575,0.5742649,1.3488784,0.0016472121,0.0016499299,0.88181007,7.4609575
202401530,Kaho Tuihalamaka,2024,DL,0.8522,IDL,0.91861266,11.286923,0.44831195,0.81261855,0.0032957648,0.003306663,0.91861266,11.286923
202401574,Mason Fleming,2024,DL,0.8508,IDL,0.8383479,5.186125,0.47134012,0.89157534,0.0012404462,0.0012419869,0.8383479,5.186125
202401584,Chukwunedu Okeke,2024,DL,0.8504,IDL,0.6145035,1.5940573,0.44564658,0.8039034,0.0005689863,0.0005693102,0.6145035,1.5940573
202401585,Jordan Buckley,2024,DL,0.8504,IDL,0.84264743,5.3551555,0.45150623,0.8231748,0.00092092063,0.0009217695,0.84264743,5.3551555
202401608,AJ Tanupo,2024,DL,0.85,IDL,0.78290194,3.6062136,0.501395,1.0055956,0.00077449635,0.00077509665,0.78290194,3.6062136
202401640,Braedyn Male,2024,DL,0.85,IDL,0.8263454,4.758557,0.34151596,0.5186397,0.0016039571,0.001606534,0.8263454,4.758557
202401648,Bennet Lihs,2024,DL,0.85,IDL,0.64844424,1.844499,0.34600365,0.52906054,0.003311637,0.0033226404,0.64844424,1.844499
202401657,Chase Bond,2024,DL,0.8494,IDL,0.750647,3.010379,0.4753223,0.905932,0.00067759445,0.0006780539,0.750647,3.010379
202401663,Dallin Johnson,2024,DL,0.8492,IDL,0.9188624,11.324742,0.6169624,1.6107095,0.0007553959,0.00075596693,0.9188624,11.324742
202401664,Keishawn Mashburn,2024,DL,0.8492,IDL,0.8276999,4.8038273,0.6334362,1.7280381,0.000609068,0.0006094392,0.8276999,4.8038273
202401671,Tristan Johnson,2024,DL,0.8492,IDL,0.94087416,15.913078,0.7057023,2.39792,0.00057529536,0.0005756265,0.94087416,15.913078
202401690,Harper Holloman,2024,DL,0.8483,IDL,0.8596051,6.1227646,0.7017778,2.3532045,0.0003410316,0.00034114797,0.8596051,6.1227646
202401705,TJ Ford,2024,DL,0.8478,IDL,0.9552304,21.336594,0.6504144,1.8605298,0.0004793676,0.00047959748,0.9552304,21.336594
202401711,Terrell Spruill,2024,DL,0.8478,IDL,0.57734066,1.3659717,0.5183836,1.0763414,0.0023968222,0.0024025808,0.57734066,1.3659717
202401720,Greydon Grimes,2024,DL,0.8475,IDL,0.6750823,2.0777028,0.4178177,0.7176751,0.0024861111,0.0024923072,0.6750823,2.0777028
202401736,Kainoa Davis,2024,DL,0.8469,IDL,0.7875546,3.7070923,0.53017426,1.1284487,0.0002726821,0.0002727565,0.7875546,3.7070923
202401755,Jackson Cowgill,2024,DL,0.8461,IDL,0.71503156,2.5091605,0.3112873,0.45198426,0.00054699654,0.0005472959,0.71503156,2.5091605
202401758,Demarcus Johnson,2024,DL,0.8458,IDL,0.31114456,0.4516834,0.367616,0.58131766,0.0050784107,0.0051043327,0.31114456,0.4516834
202401764,Joe Asiain,2024,DL,0.8458,IDL,0.8857426,7.7521687,0.6718464,2.0473533,0.00024749158,0.00024755285,0.8857426,7.7521687
202401772,Chidera Otutu,2024,DL,0.8453,IDL,0.959583,23.742054,0.73023915,2.7069871,0.00067249447,0.00067294703,0.959583,23.742054
202401787,Isaiah Johnson,2024,DL,0.845,IDL,0.73979455,2.843117,0.4787997,0.9186482,0.0014770017,0.0014791865,0.73979455,2.843117
202401821,Ross Liegel,2024,DL,0.8437,IDL,0.3742634,0.5981165,0.11488692,0.12979914,0.002768537,0.002776223,0.3742634,0.5981165
202401823,Carmilo Allen,2024,DL,0.8437,IDL,0.7428429,2.8886738,0.43592757,0.77282196,0.00045504406,0.00045525123,0.7428429,2.8886738
202401824,Carlos Hazelwood,2024,DL,0.8437,IDL,0.75425357,3.069235,0.3984918,0.66248775,0.00067759445,0.0006780539,0.75425357,3.069235
202401832,Chris Stokes,2024,DL,0.8433,IDL,0.6459438,1.8244106,0.36880982,0.58430856,0.0009220207,0.00092287164,0.6459438,1.8244106
202401845,James Giggey,2024,DL,0.8428,IDL,0.7785207,3.5150948,0.49905205,0.99621534,0.0013718617,0.0013737462,0.7785207,3.5150948
202401850,Richard James Jr.,2024,DL,0.8422,IDL,0.8272685,4.7893314,0.39998642,0.6666289,0.0002583259,0.00025839265,0.8272685,4.7893314
202401874,Jacob Bradford,2024,DL,0.8411,IDL,0.8687103,6.6167426,0.7603312,3.1724248,0.00036451744,0.00036465036,0.8687103,6.6167426
202401914,Jack Moran,2024,DL,0.8403,IDL,0.70060766,2.3400989,0.410179,0.6954296,0.0019900922,0.0019940606,0.70060766,2.3400989
202401934,CJ Smith,2024,DL,0.84,IDL,0.6421159,1.7942007,0.6319998,1.7173897,0.0017022159,0.0017051183,0.6421159,1.7942007
202401946,Jacob Henry,2024,DL,0.84,IDL,0.8716219,6.789491,0.674124,2.068652,0.0008122293,0.00081288954,0.8716219,6.789491
202401950,Tre Bates,2024,DL,0.84,IDL,0.81451875,4.3913803,0.5239718,1.1007159,0.0013894049,0.001391338,0.81451875,4.3913803
202401981,Will French,2024,DL,0.84,IDL,0.7373554,2.8074267,0.5756175,1.3563648,0.000457266,0.0004574752,0.7373554,2.8074267
202401991,Tyrese Reid,2024,DL,0.84,IDL,0.7662717,3.2784722,0.5029201,1.011749,0.0034340676,0.003445901,0.7662717,3.2784722
202401999,Jermaine Paramore,2024,DL,0.84,IDL,0.7037528,2.3755596,0.27829215,0.38560224,0.0003011436,0.0003012343,0.7037528,2.3755596
202402004,Farell Gnago,2024,DL,0.8396,IDL,0.622607,1.6497576,0.45413297,0.831948,0.0020705115,0.0020748074,0.622607,1.6497576
202402008,Michael-Anthony Okwura,2024,DL,0.8394,IDL,0.7877031,3.7103844,0.51297146,1.0532677,0.0009529505,0.0009538595,0.7877031,3.7103844
202402034,Kodi Cornelius,2024,DL,0.8378,IDL,0.8120603,4.3208556,0.560545,1.275546,0.0006608441,0.0006612811,0.8120603,4.3208556
202402036,Hayden Hanks,2024,DL,0.8378,IDL,0.51254743,1.0514816,0.27068874,0.3711567,0.00036599557,0.00036612956,0.51254743,1.0514816
202402037,Cameron Gwinn,2024,DL,0.8378,IDL,0.78608286,3.6747074,0.5029904,1.0120337,0.0006146196,0.0006149976,0.78608286,3.6747074
202402051,Braxton Strong,2024,DL,0.837,IDL,0.7182441,2.5491712,0.4421007,0.7924382,0.0012122084,0.0012136796,0.7182441,2.5491712
202402058,Obi Udom,2024,DL,0.837,IDL,0.7192286,2.5616167,0.46619725,0.87335116,0.0019644988,0.0019683656,0.7192286,2.5616167
202402069,Max Mogelson,2024,DL,0.8367,IDL,0.60574967,1.5364594,0.47422192,0.90194315,0.0007951686,0.00079580146,0.60574967,1.5364594
202402074,Zay Lowery,2024,DL,0.8361,IDL,0.79299176,3.8307254,0.70580494,2.3991053,0.0030559858,0.0030653535,0.79299176,3.8307254
202402078,Jahari Grant,2024,DL,0.8358,IDL,0.9387297,15.321122,0.66660774,1.9994698,0.00073393993,0.000734479,0.9387297,15.321122
202402087,Elijah Baldwin,2024,DL,0.8356,IDL,0.2819985,0.39275473,0.10255224,0.114270985,0.0071564163,0.007208,0.2819985,0.39275473
202402092,Alex Martin,2024,DL,0.8353,IDL,0.90088016,9.088798,0.5271347,1.1147672,0.0005539366,0.0005542436,0.90088016,9.088798
202402094,Robert Williams,2024,DL,0.8352,IDL,0.7065851,2.4081433,0.49961513,0.9984617,0.00091517944,0.00091601774,0.7065851,2.4081433
202402098,Andrew Erby,2024,DL,0.835,IDL,0.73544985,2.7800016,0.5144675,1.0595943,0.00057195994,0.00057228724,0.73544985,2.7800016
202402106,Ryan Daly,2024,DL,0.835,IDL,0.73608625,2.7891166,0.4779856,0.915656,0.0012948915,0.0012965704,0.73608625,2.7891166
202402117,Bucci Farmer,2024,DL,0.8344,IDL,0.8111307,4.294667,0.566273,1.3055977,0.0011061239,0.0011073488,0.8111307,4.294667
202402119,Trevor McKenna,2024,DL,0.8344,IDL,0.78878844,3.7345893,0.5235255,1.0987481,0.0035488529,0.003561492,0.78878844,3.7345893
202402124,Garrett Combs,2024,DL,0.8344,IDL,0.9367947,14.821458,0.64617383,1.8262466,0.0018348729,0.0018382458,0.9367947,14.821458
202402125,Nikhil Jefferson,2024,DL,0.8344,IDL,0.9041761,9.435812,0.4791584,0.91996956,0.0008371613,0.0008378627,0.9041761,9.435812
202402128,Javon Williams,2024,DL,0.8342,IDL,0.9330038,13.926216,0.60992825,1.5636309,0.00049467303,0.00049491785,0.9330038,13.926216
202402142,Ashton Coker,2024,DL,0.8337,IDL,0.9519177,19.797678,0.68410105,2.1655693,0.0007247025,0.00072522805,0.9519177,19.797678
202402150,Connor Warkentin,2024,DL,0.8336,IDL,0.71850747,2.5524921,0.32874796,0.4897534,0.0036783095,0.0036918893,0.71850747,2.5524921
202402154,Alijah Carnell,2024,DL,0.8333,IDL,0.8778678,7.18785,0.3689228,0.5845922,0.0041941246,0.0042117895,0.8778678,7.18785
202402164,Hyrum-Benjamin Moors,2024,DL,0.8328,IDL,0.91936016,11.400819,0.42122954,0.72780067,0.0003882273,0.00038837804,0.91936016,11.400819
202402165,Loren Ward,2024,DL,0.8328,IDL,0.82702506,4.781184,0.5678419,1.313968,0.0016293048,0.0016319638,0.82702506,4.781184
202402171,Jalen Owens,2024,DL,0.8319,IDL,0.8654679,6.4331703,0.75890875,3.1478071,0.0013854053,0.0013873273,0.8654679,6.4331703
202402190,Nathan Jennings,2024,DL,0.8308,IDL,0.66368204,1.9733768,0.45630926,0.8392809,0.002013428,0.00201749,0.66368204,1.9733768
202402193,Michael Lunsford,2024,DL,0.8306,IDL,0.64929014,1.8513598,0.46168375,0.8576441,0.0012593367,0.0012609246,0.64929014,1.8513598
202402199,Kyran Duhon,2024,DL,0.8306,IDL,0.7941756,3.858511,0.47317195,0.89815253,0.0020651722,0.002069446,0.7941756,3.858511
202402210,Xavier Dahn,2024,DL,0.8304,IDL,0.6779559,2.105165,0.38860932,0.63561535,0.0025535368,0.002560074,0.6779559,2.105165
202402211,Hunter Kallstrom,2024,DL,0.8304,IDL,0.70692146,2.4120545,0.12807666,0.14688982,0.002013428,0.00201749,0.70692146,2.4120545
202402221,Chris Forbes,2024,DL,0.8304,IDL,0.9427545,16.468624,0.51563096,1.0645416,0.0012223293,0.0012238253,0.9427545,16.468624
202402225,Antavious Elder,2024,DL,0.8304,IDL,0.7693955,3.3364282,0.5872496,1.4227716,0.0012936052,0.0012952808,0.7693955,3.3364282
202402248,Tyler Moore,2024,DL,0.83,IDL,0.7492317,2.9877448,0.61631316,1.6062921,0.00039076997,0.00039092274,0.7492317,2.9877448
202402286,Rodney Hunter,2024,DL,0.83,IDL,0.55642766,1.2544237,0.35327402,0.5462499,0.0006366334,0.000637039,0.55642766,1.2544237
202402308,Lendric Barber,2024,DL,0.8297,IDL,0.56938374,1.3222532,0.38911968,0.63698184,0.00038089865,0.0003810438,0.56938374,1.3222532
202402326,Demetrius Jones,2024,DL,0.8278,IDL,0.8431215,5.374361,0.46342304,0.8636655,0.0007574986,0.0007580729,0.8431215,5.374361
202402335,Elijah Davis,2024,DL,0.827,IDL,0.9450799,17.208277,0.67536926,2.080423,0.0023949177,0.002400667,0.9450799,17.208277
202402385,Ethaniah Steffany,2024,DL,0.825,IDL,0.88627005,7.7927585,0.66019034,1.942824,0.0006962167,0.00069670175,0.88627005,7.7927585
202402389,Germaine Carter,2024,DL,0.825,IDL,0.7078313,2.4226804,0.60743505,1.5473492,0.0010607737,0.0010619002,0.7078313,2.4226804
202402401,Korey Jordan,2024,DL,0.8239,IDL,0.9134818,10.558258,0.42636064,0.7432555,0.0008003913,0.0008010324,0.9134818,10.558258
202402404,Jayland McGlothen,2024,DL,0.8237,IDL,0.80428743,4.109534,0.37955847,0.61175543,0.0004135754,0.00041374654,0.80428743,4.109534
202402441,Jayden Williams,2024,DL,0.8225,IDL,0.9565301,22.004421,0.6614836,1.9540665,0.0005220459,0.0005223185,0.9565301,22.004421
202402442,Javon Thomas,2024,DL,0.8222,IDL,0.7344314,2.7655053,0.4767855,0.9112621,0.001710852,0.0017137841,0.7344314,2.7655053
202402445,Ahmaad Foster,2024,DL,0.8222,IDL,0.8693811,6.655862,0.48394507,0.93777823,0.0018674664,0.0018709603,0.8693811,6.655862
202402479,Josue Cordoba,2024,DL,0.8204,IDL,0.6162796,1.6060642,0.36532688,0.5756142,0.00087744696,0.0008782176,0.6162796,1.6060642
202402510,Andre Taylor,2024,DL,0.82,IDL,0.87292266,6.8692236,0.62914985,1.696507,0.0011995649,0.0012010055,0.87292266,6.8692236
202402528,Zach Vanderpool,2024,DL,0.82,IDL,0.6859003,2.1837022,0.18518935,0.227279,0.0031480691,0.0031580108,0.6859003,2.1837022
202402536,Hudson Wiens,2024,DL,0.82,IDL,0.7436579,2.9010367,0.47116464,0.8909477,0.0020327198,0.0020368602,0.7436579,2.9010367
202402545,Bradyn Smith,2024,DL,0.82,IDL,0.87844807,7.2269363,0.60344726,1.5217327,0.0013533514,0.0013551854,0.87844807,7.2269363
202402556,Jaiden Grimes,2024,DL,0.82,IDL,0.7160333,2.5215394,0.3500176,0.5385032,0.00040936196,0.0004095296,0.7160333,2.5215394
202402561,Charlie Adams,2024,DL,0.82,IDL,0.606061,1.538464,0.47776666,0.9148528,0.000846214,0.00084693066,0.606061,1.538464
202402563,Noah Patterson,2024,DL,0.8196,IDL,0.805852,4.1507096,0.54724234,1.2086871,0.001700045,0.00170294,0.805852,4.1507096
202402581,Kristyane Gregory,2024,DL,0.8189,IDL,0.6116154,1.5747675,0.47057134,0.88882864,0.001342874,0.0013446797,0.6116154,1.5747675
202402587,Matthew Reed,2024,DL,0.8178,IDL,0.6674512,2.0070775,0.38822863,0.6345976,0.0008940928,0.0008948929,0.6674512,2.0070775
202402600,Matthew Bryant,2024,DL,0.817,IDL,0.88815653,7.9410677,0.5290725,1.1234692,0.0009487587,0.0009496597,0.88815653,7.9410677
202402607,Kyle Mosley,2024,DL,0.8167,IDL,0.7701035,3.3497837,0.5423594,1.1851208,0.00106051,0.0010616359,0.7701035,3.3497837
202402627,Josiah Stephens,2024,DL,0.8156,IDL,0.8063747,4.164615,0.5423865,1.18525,0.0009649764,0.00096590846,0.8063747,4.164615
202402630,Lopez Sanusi,2024,DL,0.8156,IDL,0.65303695,1.8821512,0.4487027,0.8139033,0.0034841094,0.0034962909,0.65303695,1.8821512
202402634,Oyeka Alexander,2024,DL,0.8156,IDL,0.83515257,5.066215,0.58725804,1.4228213,0.00040347947,0.00040364233,0.83515257,5.066215
202402641,Shko-Mak Pahmahmie,2024,DL,0.8153,IDL,0.90996164,10.106378,0.5365957,1.1579429,0.00060500024,0.0006053665,0.90996164,10.106378
202402659,Sirmaine Campbell,2024,DL,0.8137,IDL,0.8397916,5.24187,0.520902,1.0872556,0.0026052387,0.0026120436,0.8397916,5.24187
202402664,Mario Landino,2024,DL,0.8137,IDL,0.5751664,1.3538628,0.41498655,0.7093624,0.001710852,0.0017137841,0.5751664,1.3538628
202402665,Cam Chmura,2024,DL,0.8137,IDL,0.5831722,1.3990723,0.4327551,0.762907,0.00089275936,0.0008935571,0.5831722,1.3990723
202402702,Paul Clark,2024,DL,0.8104,IDL,0.83332884,4.9998384,0.5208293,1.0869391,0.001700045,0.00170294,0.83332884,4.9998384
202402726,Jordan Abarca,2024,DL,0.81,IDL,0.8323728,4.9656186,0.56286174,1.2876058,0.0012850252,0.0012866786,0.8323728,4.9656186
202402733,Titus Miller,2024,DL,0.81,IDL,0.8748048,6.9875264,0.6051415,1.532553,0.0006539417,0.0006543696,0.8748048,6.9875264
202402754,Sebastian Fonua,2024,DL,0.81,IDL,0.73800784,2.8169081,0.5665959,1.3073156,0.0019438714,0.0019476574,0.73800784,2.8169081
202402772,Emmanuel Gyamfi,2024,DL,0.81,IDL,0.6753319,2.0800683,0.42697126,0.74511313,0.0007966745,0.00079730974,0.6753319,2.0800683
202402779,Luke Yau Gayle,2024,DL,0.8096,IDL,0.6957439,2.286705,0.39554584,0.65438515,0.0023748036,0.0023804568,0.6957439,2.286705
202402791,Malik Moses,2024,DL,0.8089,IDL,0.66760355,2.0084558,0.45262823,0.8269119,0.0010219335,0.0010229789,0.66760355,2.0084558
202402794,Chris Burge,2024,DL,0.8083,IDL,0.68143654,2.139092,0.47627345,0.9093933,0.0031682944,0.0031783644,0.68143654,2.139092
202402814,Lorenzo McFadden-Pressley,2024,DL,0.8056,IDL,0.7959926,3.9017832,0.5835901,1.4014798,0.00079279824,0.0007934273,0.7959926,3.9017832
202402835,Ashton Wright,2024,DL,0.8033,IDL,0.5319843,1.1366806,0.4197407,0.72336745,0.00089275936,0.0008935571,0.5319843,1.1366806
202402852,Liam Cassidy,2024,DL,0.8,IDL,0.52222174,1.0930212,0.27737856,0.38385046,0.0050910674,0.005117119,0.52222174,1.0930212
202402872,Brandon Nazworth,2024,DL,0.8,IDL,0.54983693,1.2214172,0.53731734,1.1613085,0.0013902334,0.0013921688,0.54983693,1.2214172
202402880,Ashton Jones,2024,DL,0.8,IDL,0.73155063,2.7250972,0.49276578,0.97147584,0.0006797875,0.0006802499,0.73155063,2.7250972
202402881,Jamison Klein,2024,DL,0.8,IDL,0.79457533,3.8679645,0.7464041,2.9432817,0.002343032,0.0023485348,0.79457533,3.8679645
202402895,Isaiah Inge,2024,DL,0.8,IDL,0.7189155,2.5576494,0.55805653,1.2627329,0.00058800937,0.0005883553,0.7189155,2.5576494
202402903,Keenan Carter,2024,DL,0.8,IDL,0.6747182,2.0742574,0.5868234,1.4202726,0.00046518844,0.00046540494,0.6747182,2.0742574
202402904,Ethan Aghakhan,2024,DL,0.8,IDL,0.9178589,11.174173,0.6754515,2.0812037,0.00089357933,0.0008943785,0.9178589,11.174173
202402978,Nathan Murphy,2024,DL,0.7933,IDL,0.73504096,2.7741683,0.5745788,1.3506117,0.0018261637,0.0018295047,0.73504096,2.7741683
202402981,Nick Igbeare,2024,DL,0.7933,IDL,0.7430208,2.891365,0.6328047,1.7233464,0.0004797173,0.00047994754,0.7430208,2.891365
202403008,Jace Miller,2024,DL,0.79,IDL,0.47672573,0.91104364,0.3448004,0.5262525,0.00076420244,0.0007647869,0.47672573,0.91104364
202403009,Joshua Janda,2024,DL,0.79,IDL,0.74265873,2.8858905,0.3834019,0.6218019,0.003526217,0.0035386952,0.74265873,2.8858905
202403010,Mason Burke,2024,DL,0.79,IDL,0.4230522,0.733259,0.29546258,0.41937104,0.00062623626,0.0006266287,0.4230522,0.733259
202403013,Jackson Altwies,2024,DL,0.79,IDL,0.77907056,3.526332,0.5286627,1.1216228,0.0016030243,0.0016055981,0.77907056,3.526332
202403018,Steven Brannon,2024,DL,0.79,IDL,0.7565381,3.1074188,0.44931948,0.81593496,0.0010459013,0.0010469963,0.7565381,3.1074188
202403024,Ian Mariner,2024,DL,0.79,IDL,0.5658034,1.3031042,0.551387,1.2290928,0.00037147253,0.00037161057,0.5658034,1.3031042
202403035,Dane Borene,2024,DL,0.79,IDL,0.7041536,2.3801324,0.36878425,0.5842444,0.0026956252,0.0027029112,0.7041536,2.3801324
202403041,Josh Williams,2024,DL,0.79,IDL,0.58718973,1.4224204,0.25243458,0.3376756,0.00035399635,0.0003541217,0.58718973,1.4224204
202403046,Liam McKenna,2024,DL,0.79,IDL,0.820073,4.55781,0.5283047,1.1200126,0.0016030243,0.0016055981,0.820073,4.55781
202403047,Evan Adams,2024,DL,0.79,IDL,0.38887987,0.6363395,0.3568839,0.5549292,0.0016030243,0.0016055981,0.38887987,0.6363395
202403065,Kaleb Tulloss,2024,DL,0.79,IDL,0.5747783,1.3517145,0.45261192,0.82685745,0.0006572329,0.00065766514,0.5747783,1.3517145
202403067,Quavion Bird,2024,DL,0.7894,IDL,0.53894323,1.1689303,0.46402526,0.86575955,0.0012635684,0.001265167,0.53894323,1.1689303
202403095,Lucas Caron,2024,DL,0.78,IDL,0.78400975,3.6298387,0.33664897,0.50749743,0.0026956252,0.0027029112,0.78400975,3.6298387
202403099,Tono Cornell,2024,DL,0.78,IDL,0.61703825,1.6112268,0.37589532,0.60229534,0.00086147833,0.0008622211,0.61703825,1.6112268
202403101,Sage Lone Bear,2024,DL,0.78,IDL,0.7619023,3.1999562,0.33901054,0.5128834,0.0053790365,0.005408127,0.7619023,3.1999562
202403110,Tyrin Evans,2024,DL,0.78,IDL,0.76217324,3.2047412,0.41878405,0.72053087,0.00064712623,0.00064754527,0.76217324,3.2047412
202403112,Truman Griffith,2024,DL,0.78,IDL,0.85647523,5.9674387,0.6877287,2.2023437,0.0027129515,0.0027203318,0.85647523,5.9674387
202403122,EJ Vailolo,2024,DL,0.78,IDL,0.8135009,4.3619556,0.40164077,0.6712369,0.002983514,0.0029924419,0.8135009,4.3619556
202403129,Timo Poloka,2024,DL,0.78,IDL,0.82228786,4.6270776,0.48108584,0.927101,0.000595945,0.00059630035,0.82228786,4.6270776
202403130,Sonny Aina,2024,DL,0.78,IDL,0.8962009,8.633994,0.49503526,0.98033637,0.0010268736,0.0010279291,0.8962009,8.633994
202403142,Jayden Wells,2024,DL,0.78,IDL,0.76217324,3.2047412,0.41878405,0.72053087,0.00064712623,0.00064754527,0.76217324,3.2047412
202403151,Jahjah Napihaa,2024,DL,0.78,IDL,0.6258576,1.6727791,0.2362475,0.30932468,0.0012746698,0.0012762966,0.6258576,1.6727791
202403160,Samuelu Tofaeono,2024,DL,0.78,IDL,0.7971223,3.9290779,0.46768856,0.87859946,0.0007956951,0.00079632876,0.7971223,3.9290779
202403164,Tre Birch,2024,DL,0.78,IDL,0.8873346,7.8758383,0.8145326,4.3917823,0.00037147253,0.00037161057,0.8873346,7.8758383
202403166,Filip Rolek,2024,DL,0.78,IDL,0.89096826,8.171641,0.66372615,1.9737668,0.0014228014,0.0014248287,0.89096826,8.171641
202403192,Grey Hostetler,2024,DL,0.78,IDL,0.74595505,2.9363112,0.35362294,0.54708457,0.0026956252,0.0027029112,0.74595505,2.9363112
202403218,Markus Hoffmann,2024,DL,0.78,IDL,0.8930238,8.347873,0.5485814,1.2152389,0.0009824141,0.0009833802,0.8930238,8.347873
202403241,Spencer Patton,2024,DL,0.78,IDL,0.82672846,4.7712884,0.37775597,0.60708654,0.0004492893,0.00044949126,0.82672846,4.7712884
202403246,Dion Smith II,2024,DL,0.7783,IDL,0.8124221,4.331118,0.48172197,0.92946637,0.0009816394,0.0009826039,0.8124221,4.331118
202403283,Wyatt Osterbauer,2024,DL,0.77,IDL,0.8557082,5.9304,0.31942755,0.4693513,0.0022306363,0.002235623,0.8557082,5.9304
202403286,Reggie Gardner,2024,DL,0.77,IDL,0.8596179,6.1234145,0.24485348,0.32424632,0.0009056359,0.0009064568,0.8596179,6.1234145
202403308,Landon Lauter,2024,DL,0.77,IDL,0.8334144,5.0029187,0.22413827,0.28888947,0.0032244686,0.0032348994,0.8334144,5.0029187
202403330,Zach Bentler,2024,DL,0.77,IDL,0.8539919,5.848936,0.4499334,0.8179617,0.0016030243,0.0016055981,0.8539919,5.848936
202403381,Santana Roberts,2024,DL,0.77,IDL,0.64989436,1.8562807,0.33314657,0.4995799,0.0006300918,0.0006304891,0.64989436,1.8562807
202403390,Odis Hamer,2024,DL,0.77,IDL,0.8533638,5.819599,0.19438829,0.24129277,0.0010459013,0.0010469963,0.8533638,5.819599
202403391,Trent Cakerice,2024,DL,0.77,IDL,0.51175094,1.048135,0.13709089,0.15887061,0.0026956252,0.0027029112,0.51175094,1.048135
202403393,Antonio Bottiggi,2024,DL,0.77,IDL,0.8793115,7.285794,0.360221,0.5630398,0.0016030243,0.0016055981,0.8793115,7.285794
202403400,Holden Bass,2024,DL,0.77,IDL,0.82951546,4.8656344,0.65271664,1.879493,0.00213963,0.002144218,0.82951546,4.8656344
202403424,Aisake Liu,2024,DL,0.76,IDL,0.7244755,2.6294413,0.120247774,0.13668369,0.0027129515,0.0027203318,0.7244755,2.6294413
202403440,Giovanni Ruiz,2024,DL,0.76,IDL,0.60999215,1.5640509,0.18426162,0.22588323,0.00089531485,0.0008961172,0.60999215,1.5640509
202403454,Nour Elbelisy,2024,DL,0.76,IDL,0.7485996,2.9777184,0.15625206,0.18518807,0.0007956951,0.00079632876,0.7485996,2.9777184
202403457,Benjamin Harman,2024,DL,0.76,IDL,0.7276771,2.6721115,0.10790939,0.12096236,0.0026956252,0.0027029112,0.7276771,2.6721115
202403458,Camren Vansolkema,2024,DL,0.76,IDL,0.60962117,1.5616143,0.12431407,0.14196193,0.0007510934,0.00075165794,0.60962117,1.5616143
202403496,Isaiah Hare,2024,DL,0.75,IDL,0.74345297,2.8979206,0.16341515,0.19533601,0.0022306363,0.002235623,0.74345297,2.8979206
202403534,Ka'Shaun Gresham,2024,DL,0.75,IDL,0.7465973,2.9462876,0.25175208,0.33645543,0.000446007,0.00044620602,0.7465973,2.9462876
202403546,Franz Reisz,2024,DL,0.75,IDL,0.25228566,0.33740914,0.098018095,0.10866969,0.0026956252,0.0027029112,0.25228566,0.33740914
202403548,Sean Mitchell,2024,DL,0.75,IDL,0.96765524,29.91691,0.60844797,1.553939,0.008350671,0.008420993,0.96765524,29.91691
202403611,Connor Trinca,2024,DL,0.74,IDL,0.7878908,3.7145524,0.49565887,0.982785,0.0009171584,0.0009180003,0.7878908,3.7145524
202403636,Gregory Tonga,2024,DL,0.73,IDL,0.9395436,15.540847,0.4003602,0.66766787,0.003964659,0.00398044,0.9395436,15.540847
202403647,Paul Baltazar,2024,DL,0.72,IDL,0.6497143,1.8548124,0.28344244,0.3955613,0.009818654,0.009916016,0.6497143,1.8548124
202403655,Ryan Camello,2024,DL,0.72,IDL,0.80033004,4.0082645,0.33712286,0.5085752,0.0005597552,0.0005600687,0.80033004,4.0082645
202403660,Danny Gonzalez,2024,DL,0.72,IDL,0.7485047,2.9762175,0.140769,0.16383138,0.00077133003,0.00077192544,0.7485047,2.9762175
202403678,Gabe Valeros,2024,DL,0.71,IDL,0.7788723,3.522274,0.34859517,0.5351437,0.0006572329,0.00065766514,0.7788723,3.522274
202403680,Naveer Kaile,2024,DL,0.71,IDL,0.753653,3.0593145,0.117528066,0.13318051,0.00094091165,0.0009417978,0.753653,3.0593145
202403684,Jeremiah Bailey,2024,DL,0.71,IDL,0.7125255,2.4785693,0.12924913,0.1484341,0.0010459013,0.0010469963,0.7125255,2.4785693
202500003,Elijah Griffin,2025,DL,0.9992,IDL,0.9922848,128.61385,0.9916175,118.296165,0.20500489,0.25786936,0.9922848,128.61385
202500012,Justus Terry,2025,DL,0.9939,IDL,0.99361306,155.56961,0.98981875,97.21979,0.03936053,0.04097326,0.99361306,155.56961
202500022,Amare Adams,2025,DL,0.9874,IDL,0.99152386,116.97826,0.9872115,77.19541,0.031389292,0.03240651,0.99152386,116.97826
202500033,Isaiah Campbell,2025,DL,0.9832,IDL,0.99518496,206.68251,0.9925977,134.09312,0.045321032,0.047472537,0.99518496,206.68251
202500034,Jahkeem Stewart,2025,DL,0.9829,IDL,0.9897481,96.54309,0.9572291,22.380371,0.0024185036,0.002424367,0.9897481,96.54309
202500036,Iose Epenesa,2025,DL,0.9822,IDL,0.9920887,125.401085,0.97801536,44.48631,0.0041130492,0.0041300366,0.9920887,125.401085
202500048,Malik Autry,2025,DL,0.9775,IDL,0.98298395,57.768036,0.98554033,68.157875,0.022992196,0.023533277,0.98298395,57.768036
202500070,Christopher Burgess Jr.,2025,DL,0.9654,IDL,0.995465,219.50623,0.8650012,6.4074736,0.008836887,0.008915673,0.995465,219.50623
202500077,Mariyon Dye,2025,DL,0.9605,IDL,0.9959418,245.41574,0.9065779,9.704103,0.0005740632,0.00057439297,0.9959418,245.41574
202500084,Kevin Wynn,2025,DL,0.9566,IDL,0.97772104,43.88539,0.9697898,32.101406,0.008444477,0.008516394,0.97772104,43.88539
202500094,Darren Ikinnagbon,2025,DL,0.9521,IDL,0.9903482,102.607834,0.6663702,1.9973342,0.0006388062,0.00063921453,0.9903482,102.607834
202500098,DJ Sanders,2025,DL,0.9504,IDL,0.9940507,167.08649,0.9760113,40.686253,0.04036904,0.042067256,0.9940507,167.08649
202500115,Myron Charles,2025,DL,0.9453,IDL,0.992258,128.1658,0.9643877,27.080198,0.04066849,0.042392533,0.992258,128.1658
202500139,Jalen Wiggins,2025,DL,0.9389,IDL,0.90984637,10.092176,0.77148783,3.3761346,0.0020890804,0.002093454,0.90984637,10.092176
202500164,Jourdin Crawford,2025,DL,0.9317,IDL,0.9701291,32.477367,0.9194926,11.421219,0.015326816,0.015565383,0.9701291,32.477367
202500173,Christian Garrett,2025,DL,0.9299,IDL,0.961431,24.927576,0.9006052,9.060888,0.025092693,0.025738543,0.961431,24.927576
202500175,Trent Wilson,2025,DL,0.9297,IDL,0.9920282,124.44182,0.8436977,5.3978596,0.015354985,0.015594438,0.9920282,124.44182
202500198,Jarquez Carter,2025,DL,0.9253,IDL,0.97348976,36.721275,0.89804965,8.808697,0.004580099,0.004601173,0.97348976,36.721275
202500218,Josiah Sharma,2025,DL,0.9202,IDL,0.9483596,18.364687,0.9531843,20.36036,0.18505543,0.22707734,0.9483596,18.364687
202500219,Ethan Utley,2025,DL,0.9199,IDL,0.90613997,9.654162,0.6558581,1.905778,0.028020985,0.028828796,0.90613997,9.654162
202500220,Landon Rink,2025,DL,0.9195,IDL,0.9783262,45.13866,0.9067985,9.729439,0.014278478,0.014485306,0.9783262,45.13866
202500223,Tylon Lee,2025,DL,0.9189,IDL,0.8437449,5.39979,0.7065136,2.4073126,0.022262005,0.022768885,0.8437449,5.39979
202500227,Chace Sims,2025,DL,0.9181,IDL,0.9595902,23.74647,0.8789668,7.2621965,0.1711406,0.20647724,0.9595902,23.74647
202500228,Andrew Maddox,2025,DL,0.9177,IDL,0.942422,16.367737,0.7540524,3.0659068,0.088251084,0.09679319,0.942422,16.367737
202500231,Antonio Coleman,2025,DL,0.9174,IDL,0.95848095,23.085333,0.8931553,8.359377,0.006136362,0.0061742496,0.95848095,23.085333
202500254,Joseph Mbatchou,2025,DL,0.9129,IDL,0.90627515,9.669529,0.7152733,2.51214,0.01867564,0.019031057,0.90627515,9.669529
202500264,Jaylen Williams,2025,DL,0.9115,IDL,0.92967385,13.219461,0.555592,1.2501845,0.04490863,0.047020245,0.92967385,13.219461
202500272,Malcolm Simpson,2025,DL,0.9105,IDL,0.91161704,10.314398,0.48194557,0.9302991,0.016216924,0.016484248,0.91161704,10.314398
202500277,Javeon Campbell,2025,DL,0.9092,IDL,0.92004573,11.50715,0.4686791,0.8821017,0.0073604477,0.0074150255,0.92004573,11.50715
202500290,Bryce Jenkins,2025,DL,0.907,IDL,0.9323555,13.783173,0.81340796,4.3592854,0.01717988,0.017480189,0.9323555,13.783173
202500298,Matthew Johnson,2025,DL,0.9057,IDL,0.91539025,10.81897,0.62050664,1.6350923,0.0074305036,0.007486129,0.91539025,10.81897
202500299,Jeremiah McCloud,2025,DL,0.9056,IDL,0.91573894,10.867878,0.6941189,2.2692444,0.029645013,0.030550689,0.91573894,10.867878
202500316,Yvan Kemajou,2025,DL,0.9031,IDL,0.978246,44.968502,0.5970312,1.4815816,0.015890323,0.016146902,0.978246,44.968502
202500327,Kevin Oatis,2025,DL,0.9019,IDL,0.95987934,23.924814,0.8845504,7.661788,0.003682884,0.0036964978,0.95987934,23.924814
202500329,Travis Moten,2025,DL,0.9017,IDL,0.83236635,4.9653893,0.2803268,0.38951963,0.004972566,0.004997416,0.83236635,4.9653893
202500357,Maxwell Roy,2025,DL,0.8994,IDL,0.9077626,9.841588,0.68050295,2.1299193,0.012422411,0.012578668,0.9077626,9.841588
202500361,Zion Williams,2025,DL,0.8991,IDL,0.9167988,11.019053,0.7774803,3.4939842,0.07357238,0.07941514,0.9167988,11.019053
202500362,Benny Patterson,2025,DL,0.8989,IDL,0.8218752,4.614042,0.4333486,0.7647534,0.008661463,0.008737139,0.8218752,4.614042
202500377,Derrick Simmons,2025,DL,0.8974,IDL,0.9108645,10.218871,0.5231323,1.0970178,0.004959693,0.004984414,0.9108645,10.218871
202500385,Kade Pietrzak,2025,DL,0.897,IDL,0.7975926,3.9405303,0.4004373,0.66788226,0.008249258,0.008317874,0.7975926,3.9405303
202500416,Taylor Brown,2025,DL,0.8944,IDL,0.9706439,33.064445,0.5433196,1.1897151,0.017472273,0.017782982,0.9706439,33.064445
202500427,Brandon Brown,2025,DL,0.8933,IDL,0.9810408,51.744774,0.87376666,6.9218373,0.0012860941,0.0012877502,0.9810408,51.744774
202500437,Travis Buhake,2025,DL,0.8925,IDL,0.95684683,22.173271,0.6235811,1.6566148,0.0046442193,0.004665889,0.95684683,22.173271
202500441,Christian Ingram,2025,DL,0.8925,IDL,0.95276845,20.172287,0.75319606,3.0517993,0.04228047,0.044147026,0.95276845,20.172287
202500443,Kalen Edwards,2025,DL,0.8925,IDL,0.9515754,19.65066,0.82012427,4.559394,0.01337493,0.013556244,0.9515754,19.65066
202500447,Charles House III,2025,DL,0.8925,IDL,0.96453995,27.200747,0.8446477,5.4369826,0.004603623,0.0046249144,0.96453995,27.200747
202500452,Christian Hudson,2025,DL,0.8919,IDL,0.9757051,40.16088,0.86373615,6.3387036,0.0040330486,0.00404938,0.9757051,40.16088
202500455,Tyson Terry,2025,DL,0.8917,IDL,0.98217946,55.115032,0.9413784,16.058563,0.0030001483,0.0030091763,0.98217946,55.115032
202500469,Walter Mathis Jr.,2025,DL,0.8908,IDL,0.9712511,33.783905,0.7484708,2.9756813,0.00528182,0.005309866,0.9712511,33.783905
202500470,Bariate Kara,2025,DL,0.8907,IDL,0.9593424,23.59566,0.6022386,1.5140699,0.004826505,0.004849913,0.9593424,23.59566
202500478,Austin Alexander,2025,DL,0.89,IDL,0.8968114,8.690995,0.53435206,1.1475452,0.015573774,0.015820155,0.8968114,8.690995
202500491,Braxton Kyle,2025,DL,0.8894,IDL,0.97148556,34.069946,0.89522046,8.543848,0.020518448,0.020948274,0.97148556,34.069946
202500493,Jason Dowell,2025,DL,0.8892,IDL,0.96745694,29.728516,0.86668456,6.5010066,0.010344582,0.01045271,0.96745694,29.728516
202500496,Derry Norris Jr.,2025,DL,0.8892,IDL,0.9315631,13.611996,0.6412103,1.7871481,0.027978105,0.02878341,0.9315631,13.611996
202500499,Joe Reiff,2025,DL,0.8892,IDL,0.9359007,14.600792,0.46496138,0.869024,0.0063696974,0.006410531,0.9359007,14.600792
202500500,Christian Evans,2025,DL,0.8892,IDL,0.9279056,12.870707,0.6555865,1.9034865,0.0034330117,0.0034448379,0.9279056,12.870707
202500503,Darrion Smith,2025,DL,0.8886,IDL,0.9909183,109.11128,0.6343395,1.7347773,0.0072958744,0.0073494953,0.9909183,109.11128
202500511,Caleb Bell,2025,DL,0.8881,IDL,0.9367337,14.806209,0.5946888,1.4672399,0.004369817,0.0043889964,0.9367337,14.806209
202500516,London Simmons,2025,DL,0.8878,IDL,0.9680863,30.334507,0.8543384,5.8652277,0.012256881,0.012408976,0.9680863,30.334507
202500519,Bobby Kanka,2025,DL,0.8875,IDL,0.9782261,44.926598,0.76709884,3.293667,0.013265703,0.013444048,0.9782261,44.926598
202500524,Trajen Odom,2025,DL,0.8869,IDL,0.97108376,33.58264,0.8789014,7.2577353,0.012697864,0.012861174,0.97108376,33.58264
202500529,Stephon Shivers,2025,DL,0.8869,IDL,0.9446916,17.080435,0.90528774,9.558295,0.109946184,0.12352757,0.9446916,17.080435
202500549,Reginald Vaughn,2025,DL,0.8851,IDL,0.9386141,15.290378,0.7168667,2.531905,0.0012550493,0.0012566263,0.9386141,15.290378
202500558,Michael Riles,2025,DL,0.8844,IDL,0.90148836,9.151085,0.41039333,0.696046,0.023219991,0.023771977,0.90148836,9.151085
202500596,Randy Adirika,2025,DL,0.8825,IDL,0.7297819,2.7007146,0.664125,1.9772984,0.001976599,0.0019805138,0.7297819,2.7007146
202500601,Caleb Williams,2025,DL,0.8822,IDL,0.72066104,2.5798802,0.35564962,0.55195063,0.0076179467,0.0076764254,0.72066104,2.5798802
202500607,Adam Shovlin,2025,DL,0.8819,IDL,0.6227198,1.6505501,0.36337104,0.57077366,0.005114962,0.005141259,0.6227198,1.6505501
202500611,Donta Simpson Jr.,2025,DL,0.8819,IDL,0.8016011,4.040351,0.64102566,1.7857145,0.0019610277,0.001964881,0.8016011,4.040351
202500625,Josh Lewis,2025,DL,0.8811,IDL,0.63285935,1.7237518,0.4229649,0.7329969,0.007147894,0.007199354,0.63285935,1.7237518
202500631,Karson Kaufusi,2025,DL,0.8808,IDL,0.69661695,2.296163,0.47528228,0.90578663,0.002546178,0.0025526776,0.69661695,2.296163
202500635,RyShawn Perry,2025,DL,0.8803,IDL,0.79204583,3.8087518,0.6642511,1.9784162,0.0016141736,0.0016167833,0.79204583,3.8087518
202500639,Floyd Boucard,2025,DL,0.8803,IDL,0.7978878,3.947747,0.5374426,1.161894,0.0029735477,0.002982416,0.7978878,3.947747
202500641,Jay'Quan Stubbs,2025,DL,0.8803,IDL,0.697918,2.3103595,0.55811065,1.26301,0.010795032,0.0109128365,0.697918,2.3103595
202500673,Corey Adams Jr.,2025,DL,0.8794,IDL,0.67942846,2.1194284,0.53032357,1.1291254,0.011764997,0.01190506,0.67942846,2.1194284
202500690,Quante Gillians,2025,DL,0.8789,IDL,0.8362353,5.1063213,0.6494131,1.8523599,0.002018812,0.002022896,0.8362353,5.1063213
202500692,Dilan Battle,2025,DL,0.8786,IDL,0.9316981,13.640878,0.7357433,2.784199,0.0011635582,0.0011649136,0.9316981,13.640878
202500695,Gordy Sulfsted,2025,DL,0.8786,IDL,0.8692478,6.6480546,0.39703193,0.6584626,0.005351364,0.0053801555,0.8692478,6.6480546
202500704,Torin Pettaway,2025,DL,0.8781,IDL,0.7422306,2.8794363,0.4965488,0.9862898,0.003962411,0.003978174,0.7422306,2.8794363
202500708,Kole Briehler,2025,DL,0.8778,IDL,0.8026926,4.0682335,0.5278646,1.1180364,0.0063527944,0.0063934103,0.8026926,4.0682335
202500713,Gus Cordova,2025,DL,0.8778,IDL,0.79462165,3.8690624,0.4857024,0.9443995,0.07045987,0.075800784,0.79462165,3.8690624
202500714,JJ Hanne,2025,DL,0.8778,IDL,0.842967,5.3680873,0.65302134,1.8820215,0.021137748,0.021594202,0.842967,5.3680873
202500726,Jackson Blackwell,2025,DL,0.8772,IDL,0.87393844,6.9326324,0.5958321,1.4742193,0.0014379121,0.0014399827,0.87393844,6.9326324
202500733,Drayden Pavey,2025,DL,0.8769,IDL,0.76877385,3.3247705,0.40650105,0.68492293,0.0036557731,0.003669187,0.76877385,3.3247705
202500739,RJ Johnson Jr.,2025,DL,0.8767,IDL,0.73699725,2.8022416,0.41107142,0.69799876,0.008348002,0.008418278,0.73699725,2.8022416
202500748,Makhi Williams Lee,2025,DL,0.8764,IDL,0.91022253,10.138652,0.72609985,2.6509655,0.0021439674,0.002148574,0.91022253,10.138652
202500788,Aubrey Melvin,2025,DL,0.875,IDL,0.98516995,66.43064,0.6880183,2.2053165,0.0011032168,0.0011044352,0.98516995,66.43064
202500802,Tommy Rupley,2025,DL,0.8744,IDL,0.8098455,4.2588816,0.31089893,0.4511659,0.012984551,0.013155367,0.8098455,4.2588816
202500803,Wilnerson Telemaque,2025,DL,0.8744,IDL,0.8161531,4.4393086,0.6364297,1.7504998,0.010490383,0.010601598,0.8161531,4.4393086
202500818,Davion Dixon,2025,DL,0.8742,IDL,0.9384726,15.252929,0.7829331,3.606875,0.00068490166,0.0006853711,0.9384726,15.252929
202500839,Julius Columbus,2025,DL,0.8736,IDL,0.9693847,31.663376,0.7885725,3.7297535,0.0005322846,0.0005325681,0.9693847,31.663376
202500840,DK Mays,2025,DL,0.8736,IDL,0.6935672,2.2633584,0.42822835,0.74895,0.011836991,0.011978784,0.6935672,2.2633584
202500851,Brandon Caesar,2025,DL,0.8731,IDL,0.8176215,4.4831033,0.59794647,1.487231,0.006143386,0.0061813607,0.8176215,4.4831033
202500854,Floyd Guidry,2025,DL,0.8731,IDL,0.972391,35.220085,0.7432809,2.895308,0.0020950583,0.0020994567,0.972391,35.220085
202500861,Isaiah White,2025,DL,0.8728,IDL,0.8867289,7.828376,0.37215573,0.5927516,0.0029754483,0.002984328,0.8867289,7.828376
202500875,Brad Fitzgibbon,2025,DL,0.8722,IDL,0.8826217,7.5194626,0.6783643,2.1091075,0.012769697,0.012934872,0.8826217,7.5194626
202500878,Evan Powell,2025,DL,0.8722,IDL,0.9555995,21.522263,0.6327994,1.723307,0.033304024,0.034451395,0.9555995,21.522263
202500886,Tim Griffin,2025,DL,0.8719,IDL,0.7659289,3.2722065,0.49951565,0.99806446,0.0062184213,0.006257332,0.7659289,3.2722065
202500905,Carmello Brooks,2025,DL,0.8714,IDL,0.8574128,6.013253,0.6233781,1.6551828,0.007006406,0.007055842,0.8574128,6.013253
202500911,Devon Oliver,2025,DL,0.8714,IDL,0.8225183,4.634383,0.5529599,1.2369359,0.0034716094,0.0034837036,0.8225183,4.634383
202500926,Raedyn Bruens,2025,DL,0.8706,IDL,0.6193021,1.6267546,0.5439489,1.1927366,0.02846999,0.02930428,0.6193021,1.6267546
202500931,Devin Ancrum,2025,DL,0.8706,IDL,0.9037326,9.3877325,0.70388544,2.3770714,0.0021331627,0.002137723,0.9037326,9.3877325
202500933,Dominic Macon,2025,DL,0.8706,IDL,0.8547329,5.8838696,0.41317347,0.70408106,0.007976712,0.008040851,0.8547329,5.8838696
202500935,Amir Leonard-Jean Charles,2025,DL,0.8703,IDL,0.8846181,7.666871,0.53539664,1.1523736,0.0038720644,0.0038871155,0.8846181,7.666871
202500940,Caleb Smith,2025,DL,0.8703,IDL,0.717219,2.5363054,0.52720654,1.1150885,0.015065141,0.015295571,0.717219,2.5363054
202500984,Miron Gurman,2025,DL,0.8692,IDL,0.8090819,4.2378483,0.7301969,2.7064066,0.015378851,0.015619054,0.8090819,4.2378483
202500990,Samuel Cohen,2025,DL,0.8689,IDL,0.7441736,2.9089005,0.5078014,1.0317003,0.025326425,0.02598452,0.7441736,2.9089005
202501005,Kadear Dembele,2025,DL,0.8689,IDL,0.86890423,6.628011,0.4712931,0.8914071,0.00324051,0.003251045,0.86890423,6.628011
202501019,Mason Mayne,2025,DL,0.8683,IDL,0.75231296,3.0373528,0.41710663,0.7155796,0.0025573946,0.0025639515,0.75231296,3.0373528
202501027,Abu Tarawallie,2025,DL,0.8681,IDL,0.7037195,2.37518,0.34814146,0.53407514,0.0025573946,0.0025639515,0.7037195,2.37518
202501034,Kam Cullins,2025,DL,0.8681,IDL,0.52869546,1.1217704,0.28560558,0.39978695,0.0014297678,0.001431815,0.52869546,1.1217704
202501056,Christopher Johnson,2025,DL,0.8672,IDL,0.6308552,1.7089641,0.3149985,0.45985085,0.04786431,0.05027047,0.6308552,1.7089641
202501064,Daeshon Morgan,2025,DL,0.8669,IDL,0.75730217,3.12035,0.39459032,0.65177405,0.02317419,0.023723975,0.75730217,3.12035
202501082,Asaiah-Allan Hamond,2025,DL,0.8664,IDL,0.9347733,14.331151,0.61533904,1.599692,0.0030758874,0.0030853779,0.9347733,14.331151
202501099,Micah Amedee,2025,DL,0.8658,IDL,0.70397687,2.3781145,0.24379535,0.32239336,0.0025573946,0.0025639515,0.70397687,2.3781145
202501104,Cash Jacobsen,2025,DL,0.8658,IDL,0.79052776,3.7739022,0.54791,1.2119489,0.0024936658,0.0024998998,0.79052776,3.7739022
202501108,Jhrevious Hall,2025,DL,0.8656,IDL,0.6417122,1.7910522,0.24173008,0.3187916,0.0013412934,0.001343095,0.6417122,1.7910522
202501111,Alexander McPherson,2025,DL,0.8656,IDL,0.6518199,1.8720767,0.55611783,1.2528502,0.01978201,0.020181235,0.6518199,1.8720767
202501131,James Steel,2025,DL,0.865,IDL,0.5482428,1.2135785,0.2168226,0.27684993,0.0025007164,0.0025069856,0.5482428,1.2135785
202501187,Adrian Farrow,2025,DL,0.8639,IDL,0.5254223,1.1071364,0.3333077,0.4999424,0.028509839,0.029346503,0.5254223,1.1071364
202501201,Nikolas Alston,2025,DL,0.8636,IDL,0.8061713,4.1591945,0.49596652,0.98399526,0.010702523,0.010818307,0.8061713,4.1591945
202501205,Blake Belin,2025,DL,0.8633,IDL,0.8578051,6.0326,0.518194,1.0755242,0.002673123,0.002680288,0.8578051,6.0326
202501210,Keishaun Calhoun,2025,DL,0.8633,IDL,0.7185806,2.5534153,0.40847299,0.6905399,0.012617789,0.012779032,0.7185806,2.5534153
202501211,Josiah Hammond,2025,DL,0.8633,IDL,0.5431466,1.188886,0.39963353,0.6656493,0.026696183,0.027428417,0.5431466,1.188886
202501229,Mays Pese,2025,DL,0.8631,IDL,0.87674,7.112931,0.51936364,1.080575,0.00028769244,0.00028777524,0.87674,7.112931
202501230,Jyon Simon,2025,DL,0.8631,IDL,0.65668386,1.9127673,0.5059698,1.0241679,0.000618043,0.0006184252,0.65668386,1.9127673
202501231,JaQuentin Madison,2025,DL,0.8631,IDL,0.7875549,3.707099,0.450739,0.8206281,0.00023782252,0.0002378791,0.7875549,3.707099
202501244,Cameron Brooks,2025,DL,0.8625,IDL,0.7392176,2.8346143,0.26351035,0.35779232,0.00035757603,0.00035770395,0.7392176,2.8346143
202501252,Jartavius Flounoy,2025,DL,0.8622,IDL,0.88676095,7.830876,0.6095228,1.5609691,0.00039608707,0.000396244,0.88676095,7.830876
202501268,Dante Recker,2025,DL,0.8622,IDL,0.7596746,3.161025,0.4449902,0.8017699,0.0028092419,0.0028171558,0.7596746,3.161025
202501270,Xavier Ukponu,2025,DL,0.8619,IDL,0.9572118,22.370926,0.5837616,1.4024692,0.0004901198,0.00049036014,0.9572118,22.370926
202501275,Jadyn Ramos,2025,DL,0.8619,IDL,0.7261785,2.6520145,0.33593446,0.50587547,0.002430455,0.0024363764,0.7261785,2.6520145
202501280,Trey Verdon,2025,DL,0.8617,IDL,0.86871666,6.6171126,0.44228545,0.7930319,0.0007654105,0.00076599675,0.86871666,6.6171126
202501319,Nic Smith,2025,DL,0.8606,IDL,0.67568195,2.0833929,0.520473,1.0853883,0.0005668589,0.0005671804,0.67568195,2.0833929
202501324,Jordan Clavelle,2025,DL,0.86,IDL,0.78906435,3.7407823,0.24565269,0.32564932,0.002430455,0.0024363764,0.78906435,3.7407823
202501343,Jaylen Doss,2025,DL,0.86,IDL,0.8402471,5.259667,0.48455384,0.9400668,0.00024310256,0.00024316169,0.8402471,5.259667
202501344,CD McFee,2025,DL,0.86,IDL,0.89397144,8.431421,0.40529263,0.68149924,0.0035289978,0.0035414957,0.89397144,8.431421
202501356,Braden Bays,2025,DL,0.86,IDL,0.7578525,3.1297143,0.4172705,0.7160621,0.002719433,0.0027268487,0.7578525,3.1297143
202501357,Josaiah Asuega,2025,DL,0.86,IDL,0.87321246,6.8872104,0.49487317,0.9797008,0.0011363563,0.0011376491,0.87321246,6.8872104
202501359,Ike Okafor,2025,DL,0.86,IDL,0.7376922,2.8123147,0.47266495,0.8963276,0.0022359702,0.002240981,0.7376922,2.8123147
202501379,Bethel Imasuen,2025,DL,0.86,IDL,0.69398886,2.267855,0.58352685,1.4011152,0.00062317005,0.00062355865,0.69398886,2.267855
202501380,Ryan Reese,2025,DL,0.86,IDL,0.81822467,4.5012965,0.43074805,0.7566914,0.0002413262,0.00024138445,0.81822467,4.5012965
202501383,London Seymour,2025,DL,0.86,IDL,0.8558302,5.936265,0.42954516,0.75298715,0.0008754915,0.0008762586,0.8558302,5.936265
202501395,Sione Motuapuaka,2025,DL,0.8597,IDL,0.8826778,7.5235357,0.6545626,1.8948804,0.0007887287,0.0007893513,0.8826778,7.5235357
202501399,Archie Roseman V,2025,DL,0.8597,IDL,0.9331365,13.955848,0.73801076,2.8169508,0.00036476128,0.00036489437,0.9331365,13.955848
202501400,Eric Thomas,2025,DL,0.8597,IDL,0.96131855,24.852186,0.6696052,2.026682,0.0065111415,0.0065538143,0.96131855,24.852186
202501402,Keylan LaGrant,2025,DL,0.8596,IDL,0.88214964,7.485337,0.23664,0.30999792,0.0013920598,0.0013940004,0.88214964,7.485337
202501417,Dillon Smith,2025,DL,0.8589,IDL,0.6212467,1.640241,0.38288125,0.6204337,0.0011421156,0.0011434215,0.6212467,1.640241
202501423,Trevor Sommers,2025,DL,0.8589,IDL,0.618121,1.6186306,0.48364234,0.9366421,0.001999596,0.0020036025,0.618121,1.6186306
202501426,Cal Thrush,2025,DL,0.8589,IDL,0.714377,2.5011184,0.4286616,0.7502762,0.0011421156,0.0011434215,0.714377,2.5011184
202501429,Tyron Winslow,2025,DL,0.8589,IDL,0.7194019,2.563816,0.43343234,0.7650143,0.00027301014,0.00027308468,0.7194019,2.563816
202501432,Sichan John,2025,DL,0.8589,IDL,0.89474016,8.500299,0.68894756,2.214892,0.00021215281,0.00021219782,0.89474016,8.500299
202501455,Kyler Garcia,2025,DL,0.8583,IDL,0.702337,2.3595042,0.3781445,0.60809064,0.0014119416,0.001413938,0.702337,2.3595042
202501469,Christopher Johnson,2025,DL,0.8578,IDL,0.5990989,1.494381,0.4707481,0.8894594,0.000901866,0.0009026801,0.5990989,1.494381
202501475,Bailey Abercrombie,2025,DL,0.8578,IDL,0.79012936,3.76484,0.50956744,1.0390164,0.0009483795,0.00094927975,0.79012936,3.76484
202501498,Robert James III,2025,DL,0.8572,IDL,0.9315616,13.611678,0.6217618,1.6438366,0.0008780257,0.0008787973,0.9315616,13.611678
202501503,Antonio Henley,2025,DL,0.8567,IDL,0.67794603,2.1050696,0.5931308,1.4577925,0.001232243,0.0012337633,0.67794603,2.1050696
202501513,Omarian Abraham,2025,DL,0.8567,IDL,0.9451777,17.240744,0.636977,1.7546465,0.00035025104,0.00035037374,0.9451777,17.240744
202501527,Jordan Covington,2025,DL,0.8564,IDL,0.9088436,9.970154,0.6325439,1.7214137,0.0010185539,0.0010195923,0.9088436,9.970154
202501532,RJ Shamberger,2025,DL,0.8564,IDL,0.5936398,1.4608709,0.30418983,0.43717358,0.006926603,0.0069749155,0.5936398,1.4608709
202501533,Ean Johnson-Kelley,2025,DL,0.8563,IDL,0.6137654,1.5891001,0.28125197,0.39130816,0.00043056015,0.00043074563,0.6137654,1.5891001
202501542,Sterling Sanders,2025,DL,0.8558,IDL,0.88002956,7.3353868,0.61055017,1.5677248,0.0010740458,0.0010752006,0.88002956,7.3353868
202501565,Brody Whatley,2025,DL,0.855,IDL,0.6965398,2.2953253,0.44077364,0.7881846,0.00057720556,0.0005775389,0.6965398,2.2953253
202501584,Dylan Singleton,2025,DL,0.855,IDL,0.8582737,6.055853,0.32870543,0.489659,0.0007823999,0.0007830125,0.8582737,6.055853
202501585,Nathan Nyandoro,2025,DL,0.855,IDL,0.88844895,7.9645057,0.6824453,2.1490636,0.0013501272,0.0013519524,0.88844895,7.9645057
202501588,Tanner Jumpp,2025,DL,0.855,IDL,0.48880547,0.95620245,0.4474939,0.8099348,0.0014301513,0.0014321995,0.48880547,0.95620245
202501592,Nissi Ogbebor,2025,DL,0.855,IDL,0.7484984,2.9761176,0.51530665,1.0631602,0.014191319,0.014395612,0.7484984,2.9761176
202501593,Marcus Williams,2025,DL,0.855,IDL,0.7118602,2.4705374,0.44929484,0.81585366,0.00036567348,0.00036580724,0.7118602,2.4705374
202501599,Jeremiah Ticket,2025,DL,0.8547,IDL,0.76305425,3.2203753,0.5424476,1.1855421,0.0011267548,0.0011280258,0.76305425,3.2203753
202501607,Nicco Maggio,2025,DL,0.8542,IDL,0.7817316,3.5815153,0.39265156,0.6465013,0.00026455143,0.00026462143,0.7817316,3.5815153
202501611,Zeke Chinwike,2025,DL,0.8542,IDL,0.8015176,4.0382304,0.4743629,0.90245324,0.0026651314,0.0026722532,0.8015176,4.0382304
202501618,Caden Branston,2025,DL,0.8539,IDL,0.68858653,2.211165,0.3029591,0.43463606,0.00037086976,0.00037100737,0.68858653,2.211165
202501620,Nahsir Taylor,2025,DL,0.8539,IDL,0.9230865,12.001623,0.4975125,0.99009913,0.0007543568,0.0007549263,0.9230865,12.001623
202501631,Terry Nwabuisi-Ezeala,2025,DL,0.8533,IDL,0.90777487,9.843031,0.48949552,0.9588466,0.0002723802,0.0002724544,0.90777487,9.843031
202501639,Josiah Victor,2025,DL,0.8533,IDL,0.88699687,7.849312,0.62814885,1.6892481,0.0003968108,0.0003969683,0.88699687,7.849312
202501645,Kaleb Bilal-Jones,2025,DL,0.8531,IDL,0.83668035,5.122962,0.34997076,0.5383923,0.00026648727,0.00026655832,0.83668035,5.122962
202501658,Colin Bellomy,2025,DL,0.8525,IDL,0.8446769,5.438193,0.58740246,1.4236693,0.001359243,0.001361093,0.8446769,5.438193
202501671,Tyler Partlow,2025,DL,0.8517,IDL,0.6520684,1.874128,0.5292979,1.1244859,0.00058133877,0.0005816769,0.6520684,1.874128
202501673,Tony Carter Jr.,2025,DL,0.8517,IDL,0.67958146,2.120918,0.51423573,1.0586118,0.0004917188,0.00049196073,0.67958146,2.120918
202501674,Lamar Fairfax Jr.,2025,DL,0.8517,IDL,0.69405323,2.2685425,0.578601,1.3730478,0.0007836833,0.00078429794,0.69405323,2.2685425
202501676,Braheem Battles,2025,DL,0.8517,IDL,0.68172073,2.1418948,0.37768993,0.606916,0.0013977634,0.0013997199,0.68172073,2.1418948
202501682,Sidney Dupuy,2025,DL,0.8517,IDL,0.8974196,8.748448,0.6929773,2.2570882,0.0014876102,0.0014898265,0.8974196,8.748448
202501693,Kaden Ellis,2025,DL,0.8514,IDL,0.69029075,2.2288349,0.52235866,1.0936211,0.00026366633,0.00026373588,0.69029075,2.2288349
202501728,Elijah Crawford,2025,DL,0.8506,IDL,0.9890354,90.20283,0.6620617,1.95912,0.00031036334,0.0003104597,0.9890354,90.20283
202501736,PaLanding Drammeh,2025,DL,0.8503,IDL,0.9345042,14.268157,0.58181864,1.391307,0.00041238256,0.0004125527,0.9345042,14.268157
202501763,Colt Hodges,2025,DL,0.85,IDL,0.72359127,2.6178308,0.42594826,0.74200326,0.0022035523,0.0022084187,0.72359127,2.6178308
202501765,Jacari Gatling,2025,DL,0.85,IDL,0.9454679,17.33782,0.46396378,0.8655455,0.00023457242,0.00023462746,0.9454679,17.33782
202501769,Donovan Fitzmaurice,2025,DL,0.85,IDL,0.90607363,9.646637,0.37653413,0.60393703,0.000591387,0.0005917369,0.90607363,9.646637
202501775,Achilles Anderson,2025,DL,0.85,IDL,0.75531346,3.0868614,0.44721726,0.8090289,0.00067759445,0.0006780539,0.75531346,3.0868614
202501779,Kheaton Kinney,2025,DL,0.85,IDL,0.9235089,12.073414,0.54151535,1.1810981,0.00043438427,0.00043457304,0.9235089,12.073414
202501826,Yasir Smith,2025,DL,0.85,IDL,0.7357293,2.7839985,0.55810994,1.2630063,0.0009407247,0.0009416105,0.7357293,2.7839985
202501832,Chase Howard,2025,DL,0.85,IDL,0.7589142,3.1479003,0.45557925,0.8368147,0.00092092063,0.0009217695,0.7589142,3.1479003
202501837,Carter Zuliani,2025,DL,0.85,IDL,0.8607169,6.1796207,0.5142936,1.058857,0.002768537,0.002776223,0.8607169,6.1796207
202501840,Kamarion Thomas,2025,DL,0.85,IDL,0.79650503,3.9141264,0.4438527,0.79808474,0.0020575281,0.0020617703,0.79650503,3.9141264
202501852,Malijah Tucker,2025,DL,0.8494,IDL,0.86647624,6.4893036,0.55095667,1.2269566,0.0005155853,0.00051585125,0.86647624,6.4893036
202501859,Carmine Orozco,2025,DL,0.8492,IDL,0.7869464,3.693655,0.30546933,0.43982124,0.00028564426,0.00028572587,0.7869464,3.693655
202501863,Colin Hansen,2025,DL,0.8492,IDL,0.8263454,4.758557,0.34151596,0.5186397,0.0016039571,0.001606534,0.8263454,4.758557
202501866,Sekou Peters,2025,DL,0.8489,IDL,0.6628301,1.965864,0.46773738,0.8787718,0.0016172457,0.0016198654,0.6628301,1.965864
202501869,Anthony Smith,2025,DL,0.8489,IDL,0.96594405,28.363445,0.63679135,1.7532384,0.00091876416,0.00091960904,0.96594405,28.363445
202501888,Jadyn Farmer,2025,DL,0.8483,IDL,0.7682019,3.314099,0.57418907,1.3484601,0.0005324287,0.0005327123,0.7682019,3.314099
202501916,Kelepi Latu-Finau,2025,DL,0.8475,IDL,0.69908774,2.323228,0.3417439,0.5191655,0.0020353128,0.0020394637,0.69908774,2.323228
202501921,Semi Taulanga,2025,DL,0.8472,IDL,0.9313898,13.575094,0.5955907,1.4727424,0.00051036273,0.00051062333,0.9313898,13.575094
202501952,Delmar White,2025,DL,0.8458,IDL,0.9921485,126.3645,0.81444377,4.389202,0.00033774396,0.00033785804,0.9921485,126.3645
202501953,Logan Howell,2025,DL,0.8458,IDL,0.86966676,6.6726394,0.4588674,0.84797597,0.0010235807,0.0010246295,0.86966676,6.6726394
202501954,Eli Jones,2025,DL,0.8458,IDL,0.6279761,1.6879995,0.4802447,0.92398226,0.001266296,0.0012679016,0.6279761,1.6879995
202501968,Christopher Climes,2025,DL,0.8452,IDL,0.7646471,3.248939,0.2899103,0.40827277,0.00024931334,0.0002493755,0.7646471,3.248939
202501990,Elijah Fears,2025,DL,0.845,IDL,0.8473278,5.549982,0.49134377,0.96596426,0.00036852955,0.0003686654,0.8473278,5.549982
202501998,Dior Garner,2025,DL,0.8444,IDL,0.8741601,6.9466057,0.41096726,0.6976985,0.0016610514,0.0016638151,0.8741601,6.9466057
202502036,Paxton Naegle,2025,DL,0.8428,IDL,0.7840622,3.6309633,0.46417302,0.86627406,0.00092092063,0.0009217695,0.7840622,3.6309633
202502042,Alex Mullings,2025,DL,0.8428,IDL,0.92887264,13.059288,0.635038,1.7400115,0.00024218619,0.00024224485,0.92887264,13.059288
202502043,Dominick Moody,2025,DL,0.8425,IDL,0.85725677,6.005586,0.64933705,1.8517413,0.0003410316,0.00034114797,0.85725677,6.005586
202502056,Michael Thacker,2025,DL,0.8417,IDL,0.8973974,8.746342,0.584774,1.4083271,0.00034605493,0.00034617473,0.8973974,8.746342
202502075,Caleb Ellis,2025,DL,0.8411,IDL,0.54457074,1.1957307,0.43841892,0.7806868,0.0007502664,0.00075082976,0.54457074,1.1957307
202502095,Antoniyo Smith,2025,DL,0.8404,IDL,0.34971604,0.53778976,0.17432395,0.21112873,0.00064024224,0.0006406524,0.34971604,0.53778976
202502108,Josiah Dwyer,2025,DL,0.8403,IDL,0.53734654,1.161445,0.44416317,0.7990892,0.0008409058,0.0008416135,0.53734654,1.161445
202502128,Jireh Moe,2025,DL,0.84,IDL,0.82995486,4.8807917,0.6715598,2.0446944,0.00038151062,0.00038165622,0.82995486,4.8807917
202502153,Caleb Pitts,2025,DL,0.84,IDL,0.7835966,3.6209989,0.5782136,1.3708681,0.00074945786,0.00075002,0.7835966,3.6209989
202502158,Ledarrion Menter,2025,DL,0.84,IDL,0.8463151,5.5068197,0.5855568,1.4128759,0.00089552946,0.00089633215,0.8463151,5.5068197
202502166,Theo Thomas,2025,DL,0.84,IDL,0.7703254,3.3539865,0.51967883,1.0819403,0.00056347175,0.0005637894,0.7703254,3.3539865
202502178,Connor Sullivan,2025,DL,0.84,IDL,0.77442694,3.4331534,0.44685447,0.8078425,0.0011029257,0.0011041436,0.77442694,3.4331534
202502195,Jaymar Tasi,2025,DL,0.84,IDL,0.7887321,3.733327,0.45825776,0.84589636,0.0004857044,0.00048594043,0.7887321,3.733327
202502196,Porter Patton,2025,DL,0.84,IDL,0.8202249,4.5625052,0.5887187,1.4314259,0.00088888116,0.00088967197,0.8202249,4.5625052
202502204,Blake Robinett,2025,DL,0.84,IDL,0.6785099,2.1105156,0.45745397,0.8431616,0.0015287342,0.0015310749,0.6785099,2.1105156
202502207,Cole Webster,2025,DL,0.84,IDL,0.57927895,1.3768718,0.49108937,0.9649815,0.0023178558,0.0023232407,0.57927895,1.3768718
202502208,Fale Timoteo,2025,DL,0.84,IDL,0.8326408,4.975173,0.53308576,1.1417209,0.0017022159,0.0017051183,0.8326408,4.975173
202502222,Simeon Garner,2025,DL,0.84,IDL,0.61727464,1.6128397,0.46414903,0.8661905,0.002733638,0.0027411312,0.61727464,1.6128397
202502238,Dezmond Barnes,2025,DL,0.84,IDL,0.79130614,3.7917078,0.48872364,0.95588934,0.00051710906,0.0005173766,0.79130614,3.7917078
202502254,Josiah Pratt,2025,DL,0.8392,IDL,0.7858134,3.6688259,0.49951226,0.9980509,0.0005446951,0.000544992,0.7858134,3.6688259
202502277,Nimari Brantley,2025,DL,0.8383,IDL,0.6504275,1.8606371,0.600188,1.5011756,0.0008132992,0.0008139612,0.6504275,1.8606371
202502283,Kal-El Togafau,2025,DL,0.8378,IDL,0.76770747,3.3049166,0.4867028,0.9481891,0.0021070333,0.0021114822,0.76770747,3.3049166
202502290,Darian Blachewicz,2025,DL,0.8378,IDL,0.77097607,3.366356,0.5134533,1.0553012,0.0009837014,0.0009846701,0.77097607,3.366356
202502291,Daylin Page,2025,DL,0.837,IDL,0.67573714,2.0839179,0.6848315,2.172906,0.0012122084,0.0012136796,0.67573714,2.0839179
202502303,Zachary Green,2025,DL,0.8367,IDL,0.7073029,2.4165015,0.59032834,1.4409791,0.00069416454,0.00069464673,0.7073029,2.4165015
202502319,Fawzy Omotoso,2025,DL,0.8363,IDL,0.80976003,4.256519,0.4472523,0.80914366,0.001426876,0.001428915,0.80976003,4.256519
202502331,Javarius Bell,2025,DL,0.8356,IDL,0.9092606,10.020568,0.64053714,1.7819285,0.0009203184,0.00092116615,0.9092606,10.020568
202502348,Jaimion Olverson,2025,DL,0.835,IDL,0.8885136,7.969706,0.30415705,0.43710586,0.0016243112,0.0016269538,0.8885136,7.969706
202502379,E'Mauri Smiley,2025,DL,0.8337,IDL,0.80939734,4.2465167,0.51150256,1.0470936,0.0025069737,0.0025132743,0.80939734,4.2465167
202502386,McCade Wright,2025,DL,0.8337,IDL,0.7033981,2.3715227,0.41538662,0.7105322,0.0020567118,0.0020609505,0.7033981,2.3715227
202502399,Carson Noonan,2025,DL,0.8331,IDL,0.85085046,5.7046804,0.50993496,1.0405455,0.0013438795,0.001345688,0.85085046,5.7046804
202502426,Laderion Williams,2025,DL,0.8311,IDL,0.675077,2.0776525,0.5134859,1.0554389,0.0017227181,0.0017256909,0.675077,2.0776525
202502434,Bryant Weatherspoon Jr.,2025,DL,0.8306,IDL,0.7413478,2.8661954,0.47122517,0.8911641,0.002013428,0.00201749,0.7413478,2.8661954
202502457,Hunter Malecki,2025,DL,0.8304,IDL,0.64080954,1.7840383,0.38172355,0.61739945,0.0036839726,0.0036975946,0.64080954,1.7840383
202502501,Jordan Bellamy,2025,DL,0.83,IDL,0.72527224,2.639967,0.3830764,0.6209463,0.0017872126,0.0017904124,0.72527224,2.639967
202502505,Milan Colvin,2025,DL,0.83,IDL,0.79148865,3.795902,0.7245863,2.6309016,0.0012223293,0.0012238253,0.79148865,3.795902
202502510,Luke Krempges,2025,DL,0.83,IDL,0.6895232,2.2208529,0.39360654,0.6490943,0.002013428,0.00201749,0.6895232,2.2208529
202502548,Bryce Lee,2025,DL,0.83,IDL,0.6788811,2.1141114,0.52311885,1.0969585,0.0018788868,0.0018824236,0.6788811,2.1141114
202502557,Samuel Toniolo,2025,DL,0.83,IDL,0.7931716,3.8349257,0.4617143,0.85774946,0.002013428,0.00201749,0.7931716,3.8349257
202502563,Jackson Rumford,2025,DL,0.83,IDL,0.7382408,2.8203049,0.63287956,1.7239017,0.0058894884,0.00592438,0.7382408,2.8203049
202502571,Tykerrious Patrick,2025,DL,0.83,IDL,0.8783445,7.219931,0.7515071,3.0242598,0.00062933046,0.00062972674,0.8783445,7.219931
202502584,Zach Morrisroe,2025,DL,0.83,IDL,0.9127496,10.461264,0.5705196,1.3283951,0.0013348566,0.0013366408,0.9127496,10.461264
202502589,Ethan Bailey,2025,DL,0.83,IDL,0.6448655,1.8158346,0.42955905,0.7530298,0.0030295542,0.00303876,0.6448655,1.8158346
202502595,Landon Canady,2025,DL,0.83,IDL,0.8718587,6.8038864,0.4809042,0.9264267,0.0006806601,0.0006811237,0.8718587,6.8038864
202502597,Jason Hemphill II,2025,DL,0.83,IDL,0.91850966,11.271394,0.71149385,2.4661307,0.00088143145,0.00088220905,0.91850966,11.271394
202502605,Joshua Green Jr.,2025,DL,0.83,IDL,0.7066683,2.40911,0.32203737,0.47500753,0.0004012312,0.00040139226,0.7066683,2.40911
202502609,Rex Stinchcomb,2025,DL,0.8297,IDL,0.6638114,1.9745207,0.49060535,0.96311444,0.004432614,0.0044523496,0.6638114,1.9745207
202502613,Mason Mudd,2025,DL,0.8296,IDL,0.83752376,5.154746,0.61049783,1.5673798,0.0009931765,0.0009941639,0.83752376,5.154746
202502641,Corey Walls,2025,DL,0.827,IDL,0.9264602,12.59808,0.70660704,2.4083982,0.00375998,0.0037741708,0.9264602,12.59808
202502649,Jaasai Simmons,2025,DL,0.827,IDL,0.73018456,2.706237,0.4434212,0.7966909,0.005028104,0.0050535137,0.73018456,2.706237
202502656,Jaxon Smith,2025,DL,0.827,IDL,0.67862415,2.1116216,0.37742707,0.60623753,0.00991185,0.010011078,0.67862415,2.1116216
202502670,Amari Washington,2025,DL,0.8263,IDL,0.38982403,0.6388715,0.33188444,0.49674708,0.017199125,0.017500112,0.38982403,0.6388715
202502683,King Justice,2025,DL,0.8256,IDL,0.9088564,9.971697,0.64426714,1.8110982,0.00078611675,0.0007867352,0.9088564,9.971697
202502685,Aiden Burgess,2025,DL,0.8253,IDL,0.9717686,34.421574,0.5513842,1.2290789,0.0016305643,0.0016332273,0.9717686,34.421574
202502696,Jackson Murray,2025,DL,0.825,IDL,0.84044033,5.267248,0.31762484,0.4654695,0.00080487126,0.0008055196,0.84044033,5.267248
202502705,Tyler Parker,2025,DL,0.8244,IDL,0.84409434,5.414135,0.55768675,1.2608411,0.00073610473,0.000736647,0.84409434,5.414135
202502717,Blake Isbell,2025,DL,0.8237,IDL,0.7960508,3.9031816,0.4157193,0.71150607,0.0012712253,0.0012728433,0.7960508,3.9031816
202502742,Robert Rooks,2025,DL,0.8222,IDL,0.82453847,4.699255,0.5281509,1.1193217,0.0005248982,0.00052517385,0.82453847,4.699255
202502749,Naim Jackson,2025,DL,0.8206,IDL,0.65979,1.9393609,0.24758355,0.32905123,0.0012609012,0.0012624931,0.65979,1.9393609
202502762,Henry Rehberg,2025,DL,0.8204,IDL,0.7293814,2.6952372,0.74256927,2.88454,0.0026052387,0.0026120436,0.7293814,2.6952372
202502764,Mekhi Lockhart,2025,DL,0.8204,IDL,0.8387657,5.2021537,0.51708597,1.0707619,0.0017079592,0.0017108814,0.8387657,5.2021537
202502772,Ashton Yeager,2025,DL,0.82,IDL,0.70376635,2.3757136,0.362907,0.56962955,0.00087744696,0.0008782176,0.70376635,2.3757136
202502775,Trey Kennedy-Coleman,2025,DL,0.82,IDL,0.8755809,7.0373516,0.56371313,1.2920699,0.00058001484,0.00058035145,0.8755809,7.0373516
202502803,Lincoln Hoefer,2025,DL,0.82,IDL,0.72178733,2.5943727,0.323364,0.4778995,0.0031480691,0.0031580108,0.72178733,2.5943727
202502822,Adeyeye Adebawore,2025,DL,0.82,IDL,0.82736987,4.7927313,0.45857224,0.84696853,0.00075600296,0.00075657497,0.82736987,4.7927313
202502846,Angelo Delucia,2025,DL,0.82,IDL,0.7686933,3.3232648,0.4017688,0.67159456,0.0027717114,0.0027794153,0.7686933,3.3232648
202502898,Brandon Weaver,2025,DL,0.82,IDL,0.8149292,4.403337,0.497625,0.99054486,0.0031682944,0.0031783644,0.8149292,4.403337
202502899,Jackson Saterfield,2025,DL,0.82,IDL,0.84709316,5.53993,0.39658394,0.65723133,0.00051326054,0.0005135241,0.84709316,5.53993
202502913,Gabriel Ikechukwu,2025,DL,0.82,IDL,0.9200854,11.513353,0.7066232,2.4085858,0.00072298106,0.00072350417,0.9200854,11.513353
202502916,Brendon Rice,2025,DL,0.8196,IDL,0.9046338,9.485898,0.66883844,2.019674,0.0014248678,0.0014269009,0.9046338,9.485898
202502919,AJ Brown,2025,DL,0.8196,IDL,0.95039064,19.157486,0.7055917,2.3966432,0.00070524623,0.00070574397,0.95039064,19.157486
202502921,Vann Kavals,2025,DL,0.8196,IDL,0.5833103,1.3998674,0.29153258,0.4114975,0.0031480691,0.0031580108,0.5833103,1.3998674
202502938,Titus Roberson,2025,DL,0.817,IDL,0.8903462,8.119614,0.5827474,1.3966298,0.001027339,0.0010283955,0.8903462,8.119614
202502942,Kai Micatrotto,2025,DL,0.817,IDL,0.7706099,3.3593864,0.4379931,0.7793376,0.0010991624,0.0011003718,0.7706099,3.3593864
202502975,Ty Neubert,2025,DL,0.813,IDL,0.79420114,3.8591132,0.48042122,0.9246359,0.0031682944,0.0031783644,0.79420114,3.8591132
202502990,Eliah Logo,2025,DL,0.8104,IDL,0.8220127,4.618379,0.58661973,1.4190801,0.0005705264,0.0005708521,0.8220127,4.618379
202502993,Theo Greule,2025,DL,0.81,IDL,0.8250215,4.714988,0.48423252,0.9388582,0.0011476371,0.0011489557,0.8250215,4.714988
202503014,Brandon Joseph II,2025,DL,0.81,IDL,0.7928842,3.8282163,0.5799322,1.3805681,0.0006542441,0.0006546724,0.7928842,3.8282163
202503045,Jaice Tupea,2025,DL,0.81,IDL,0.80193037,4.0487294,0.47401482,0.9011943,0.0009937405,0.000994729,0.80193037,4.0487294
202503092,Jaylen Hill,2025,DL,0.81,IDL,0.57374346,1.3460051,0.21321967,0.2710028,0.0012609012,0.0012624931,0.57374346,1.3460051
202503096,Luca Akirtava,2025,DL,0.8094,IDL,0.8686299,6.6120806,0.47687507,0.91158926,0.0013207223,0.0013224689,0.8686299,6.6120806
202503103,Trey Giddens,2025,DL,0.8083,IDL,0.6213244,1.640783,0.49449202,0.9782082,0.00089275936,0.0008935571,0.6213244,1.640783
202503135,Hunter Ho,2025,DL,0.8,IDL,0.82359755,4.6688557,0.3575644,0.55657625,0.00039591602,0.00039607284,0.82359755,4.6688557
202503141,Justin Foster,2025,DL,0.8,IDL,0.78266704,3.601235,0.76022524,3.1705806,0.0005091199,0.00050937926,0.78266704,3.601235
202503149,Beckam Featherstone,2025,DL,0.8,IDL,0.72585624,2.6477213,0.43380564,0.76617795,0.0028313836,0.0028394233,0.72585624,2.6477213
202503172,Will Van Cott,2025,DL,0.8,IDL,0.777131,3.486941,0.626966,1.6807208,0.0016838496,0.0016866897,0.777131,3.486941
202503177,Ivan De Silva,2025,DL,0.8,IDL,0.77471375,3.4387975,0.57436526,1.3494322,0.0030001937,0.003009222,0.77471375,3.4387975
202503234,Jarve Bey,2025,DL,0.79,IDL,0.67085946,2.0382159,0.3191175,0.46868217,0.0007510934,0.00075165794,0.67085946,2.0382159
202503261,Mike Wright,2025,DL,0.79,IDL,0.793053,3.8321545,0.56328803,1.2898388,0.0004757416,0.00047596806,0.793053,3.8321545
202503264,Brody Weir,2025,DL,0.79,IDL,0.8010018,4.025171,0.59662753,1.4790983,0.0016030243,0.0016055981,0.8010018,4.025171
202503294,Reggie Kloehn,2025,DL,0.79,IDL,0.5718617,1.3356938,0.35950255,0.56128645,0.00037413504,0.00037427506,0.5718617,1.3356938
202503309,Montrel Canion,2025,DL,0.79,IDL,0.4921754,0.96918386,0.35111272,0.5410997,0.0011114321,0.0011126688,0.4921754,0.96918386
202503310,Falelua Moalele,2025,DL,0.79,IDL,0.719971,2.5710588,0.17627062,0.21399093,0.0026956252,0.0027029112,0.719971,2.5710588
202503347,Max Coles,2025,DL,0.78,IDL,0.8680076,6.576194,0.50969017,1.0395267,0.0022306363,0.002235623,0.8680076,6.576194
202503352,Martin Geary,2025,DL,0.78,IDL,0.6446538,1.814157,0.33349076,0.5003543,0.0007792944,0.00077990216,0.6446538,1.814157
202503353,Tyler Fortis,2025,DL,0.78,IDL,0.84125483,5.299404,0.5017648,1.0070841,0.0007510934,0.00075165794,0.84125483,5.299404
202503363,Jaden Rogers,2025,DL,0.78,IDL,0.850299,5.679982,0.49006343,0.9610282,0.0016030243,0.0016055981,0.850299,5.679982
202503436,Jayden Lockhart,2025,DL,0.77,IDL,0.5829648,1.397879,0.2977609,0.42401642,0.00049647066,0.0004967172,0.5829648,1.397879
202503481,Thomas Gerke,2025,DL,0.77,IDL,0.6655313,1.9898162,0.17622407,0.21392232,0.00035399635,0.0003541217,0.6655313,1.9898162
202503486,Jordan Watson,2025,DL,0.77,IDL,0.77528983,3.450177,0.2520719,0.33702686,0.0020332674,0.0020374102,0.77528983,3.450177
202503507,Johnathon Collier,2025,DL,0.77,IDL,0.8941024,8.443084,0.39962345,0.66562134,0.0027129515,0.0027203318,0.8941024,8.443084
202503525,Kainoa Hayes,2025,DL,0.76,IDL,0.8080712,4.210265,0.1268938,0.14533605,0.00088379165,0.00088457344,0.8080712,4.210265
202503530,Jacob Tur,2025,DL,0.76,IDL,0.85385656,5.8425927,0.14414018,0.16841565,0.00085065485,0.0008513791,0.85385656,5.8425927
202503542,Michael Reder,2025,DL,0.76,IDL,0.73674035,2.7985313,0.30691844,0.44283164,0.0010401292,0.0010412122,0.73674035,2.7985313
202503543,Jrue Kante,2025,DL,0.76,IDL,0.8062262,4.1606565,0.21914299,0.28064418,0.0003644747,0.00036460758,0.8062262,4.1606565
202503545,Decarion Raney,2025,DL,0.76,IDL,0.78745663,3.7049222,0.22949581,0.29785147,0.0016030243,0.0016055981,0.78745663,3.7049222
202503557,Kato Meissner,2025,DL,0.76,IDL,0.89461774,8.489263,0.14185409,0.165303,0.00085065485,0.0008513791,0.89461774,8.489263
202503573,Boluwatife Jetawo,2025,DL,0.76,IDL,0.89467776,8.494671,0.09237621,0.10177808,0.00094091165,0.0009417978,0.89467776,8.494671
202503615,Jason Gillespie,2025,DL,0.75,IDL,0.8112494,4.2979956,0.12530018,0.14324935,0.00088379165,0.00088457344,0.8112494,4.2979956
202503617,Liam Rooney,2025,DL,0.75,IDL,0.78929615,3.7459977,0.20291385,0.25456953,0.0016030243,0.0016055981,0.78929615,3.7459977
202503623,Syncere Hobson,2025,DL,0.74,IDL,0.85622716,5.9554167,0.42083818,0.72663313,0.0004468477,0.00044704747,0.85622716,5.9554167
202503639,Mikey Drain,2025,DL,0.73,IDL,0.82602286,4.747882,0.1602255,0.19079585,0.0006887518,0.0006892265,0.82602286,4.747882
202600029,Richard Anderson,2026,DL,0.9867,IDL,0.9586815,23.202248,0.968276,30.5219,0.09925732,0.11019498,0.9586815,23.202248
202600042,Khary Wilder,2026,DL,0.9806,IDL,0.9960466,251.947,0.9524472,20.029245,0.004270211,0.004288524,0.9960466,251.947
202600048,Jaimeon Winfield,2026,DL,0.9763,IDL,0.9892782,92.2679,0.96897954,31.236786,0.036217317,0.037578303,0.9892782,92.2679
202600052,Jamarion Matthews,2026,DL,0.9755,IDL,0.9931005,143.93854,0.8496755,5.6522746,0.0035921498,0.0036050999,0.9931005,143.93854
202600053,Nolan Wilson,2026,DL,0.9755,IDL,0.98684365,75.008896,0.85216975,5.7645154,0.0046472885,0.004668987,0.98684365,75.008896
202600054,Deuce Geralds,2026,DL,0.9755,IDL,0.9963297,271.45914,0.98159444,53.331417,0.0018015947,0.0018048463,0.9963297,271.45914
202600057,Tony Cumberland,2026,DL,0.9743,IDL,0.9950541,201.18872,0.9768192,42.139183,0.015673503,0.015923074,0.9950541,201.18872
202600060,Bryce Perry-Wright,2026,DL,0.9734,IDL,0.98984784,97.5012,0.82778686,4.806758,0.0034666127,0.003478672,0.98984784,97.5012
202600087,James Johnson,2026,DL,0.9591,IDL,0.9962572,266.17865,0.97186893,34.547886,0.001385059,0.00138698,0.9962572,266.17865
202600089,Jamarion Carlton,2026,DL,0.9587,IDL,0.9936772,157.15775,0.97859406,45.716015,0.0030044874,0.0030135415,0.9936772,157.15775
202600091,Aiden Harris,2026,DL,0.9584,IDL,0.9949103,195.47522,0.8898342,8.0772295,0.004325501,0.0043442925,0.9949103,195.47522
202600103,Keshawn Stancil,2026,DL,0.9533,IDL,0.9961339,257.66016,0.9677017,29.961357,0.0011795829,0.0011809759,0.9961339,257.66016
202600114,Titan Davis,2026,DL,0.95,IDL,0.99401206,166.00227,0.926216,12.553075,0.00264715,0.0026541762,0.99401206,166.00227
202600117,Tomuhini Topui,2026,DL,0.9485,IDL,0.99533516,213.3697,0.9709882,33.46875,0.022489594,0.023007013,0.99533516,213.3697
202600131,Valdin Sone,2026,DL,0.9439,IDL,0.98030055,49.76283,0.72541904,2.6419132,0.01289444,0.013062879,0.98030055,49.76283
202600154,Elijah Golden,2026,DL,0.9364,IDL,0.9578602,22.730518,0.8117539,4.312196,0.0030132513,0.0030223585,0.9578602,22.730518
202600160,Danny Beale,2026,DL,0.9323,IDL,0.971395,33.958942,0.9575431,22.553284,0.1445977,0.16904058,0.971395,33.958942
202600161,Earnest Rankins,2026,DL,0.9322,IDL,0.943517,16.70445,0.7984653,3.961925,0.047005113,0.049323574,0.943517,16.70445
202600164,Simote Katoanga,2026,DL,0.9319,IDL,0.9281573,12.919305,0.87629306,7.083621,0.011250012,0.011378014,0.9281573,12.919305
202600176,JaReylan McCoy,2026,DL,0.9288,IDL,0.9497884,18.915714,0.85082483,5.7035284,0.0134606995,0.013644362,0.9497884,18.915714
202600181,JD Hill,2026,DL,0.9281,IDL,0.9836073,60.002735,0.9209007,11.642337,0.005679497,0.005711938,0.9836073,60.002735
202600194,Damari Simeon,2026,DL,0.9251,IDL,0.9441338,16.899918,0.879745,7.315663,0.012564867,0.012724752,0.9441338,16.899918
202600199,Dylan Berymon,2026,DL,0.9243,IDL,0.885467,7.7311077,0.8711478,6.7608304,0.031446088,0.03246705,0.885467,7.7311077
202600204,Howie Johnson,2026,DL,0.9235,IDL,0.9061947,9.660377,0.674532,2.0724986,0.016990613,0.017284283,0.9061947,9.660377
202600205,Alister Vallejo,2026,DL,0.9232,IDL,0.9086396,9.9456625,0.8837116,7.599308,0.08684801,0.09510795,0.9086396,9.9456625
202600219,Gabriel Hill,2026,DL,0.9203,IDL,0.97303706,36.087948,0.92597884,12.50965,0.0034913586,0.0035035908,0.97303706,36.087948
202600237,Kendall Guervil,2026,DL,0.9174,IDL,0.94858366,18.449072,0.92089635,11.641642,0.16816188,0.20215698,0.94858366,18.449072
202600243,Vodney Cleveland,2026,DL,0.9149,IDL,0.8932993,8.372008,0.7650966,3.257069,0.12978359,0.14913943,0.8932993,8.372008
202600247,Emanuel Ruffin,2026,DL,0.9139,IDL,0.87185967,6.803944,0.75757873,3.1250505,0.36968347,0.5865045,0.87185967,6.803944
202600270,Malik Morris,2026,DL,0.9102,IDL,0.89881307,8.882699,0.5316719,1.1352551,0.005363469,0.005392391,0.89881307,8.882699
202600280,Corey Wells,2026,DL,0.9092,IDL,0.9549642,21.204567,0.89151424,8.2178,0.06498976,0.069507,0.9549642,21.204567
202600288,Jesse Ford,2026,DL,0.9078,IDL,0.865245,6.420874,0.42379913,0.73550594,0.01573776,0.015989399,0.865245,6.420874
202600293,Anthony Lonon Jr.,2026,DL,0.9071,IDL,0.92404866,12.166325,0.5293713,1.1248174,0.008716142,0.008792781,0.92404866,12.166325
202600295,Noah Clark,2026,DL,0.9069,IDL,0.9224002,11.886627,0.7916157,3.7988267,0.08623726,0.09437598,0.9224002,11.886627
202600297,Lopeti Moala,2026,DL,0.9068,IDL,0.7861058,3.6752088,0.42019537,0.72471887,0.010942997,0.011064071,0.7861058,3.6752088
202600304,Jermaine Kinsler,2026,DL,0.9052,IDL,0.5789405,1.3749614,0.37300256,0.5949028,0.006670081,0.0067148698,0.5789405,1.3749614
202600305,Tajh Overton,2026,DL,0.9051,IDL,0.95892984,23.348576,0.85770625,6.0277157,0.0017691625,0.001772298,0.95892984,23.348576
202600352,Cameron McHaney,2026,DL,0.9003,IDL,0.93896055,15.382848,0.7782923,3.5104432,0.0022824884,0.00228771,0.93896055,15.382848
202600357,Jae'Lin Battle,2026,DL,0.8998,IDL,0.95558316,21.51398,0.84851575,5.6013465,0.007902356,0.007965301,0.95558316,21.51398
202600367,Tiki Hola,2026,DL,0.8988,IDL,0.9832486,58.696472,0.8214488,4.6006346,0.0032432585,0.0032538115,0.9832486,58.696472
202600383,Dereon Albert,2026,DL,0.8971,IDL,0.96313894,26.128899,0.793928,3.8526735,0.0016410423,0.0016437398,0.96313894,26.128899
202600390,McHale Blade,2026,DL,0.8967,IDL,0.8947825,8.504121,0.3439527,0.5242803,0.0060552945,0.0060921847,0.8947825,8.504121
202600411,Carter Luckie,2026,DL,0.8944,IDL,0.90121263,9.122752,0.4503916,0.81947726,0.010128384,0.010232018,0.90121263,9.122752
202600417,Lance Dawson,2026,DL,0.8942,IDL,0.89100397,8.174645,0.37280482,0.5944,0.0066743693,0.006719216,0.89100397,8.174645
202600419,Trashawn Ruffin,2026,DL,0.894,IDL,0.9224276,11.891182,0.8725699,6.8474407,0.005564083,0.005595215,0.9224276,11.891182
202600420,Franklin Whitley,2026,DL,0.8939,IDL,0.91558427,10.846133,0.640407,1.7809219,0.031380255,0.032396875,0.91558427,10.846133
202600423,Braeden Jones,2026,DL,0.8935,IDL,0.87265444,6.852649,0.48856306,0.9552753,0.009313634,0.009401193,0.87265444,6.852649
202600431,Josiah Hope,2026,DL,0.8933,IDL,0.93740976,14.976932,0.7240092,2.6233094,0.015440326,0.015682468,0.93740976,14.976932
202600464,Damaad Lewis,2026,DL,0.89,IDL,0.9183923,11.253746,0.5673184,1.3111682,0.0062110946,0.0062499135,0.9183923,11.253746
202600466,Anthony Kennedy Jr.,2026,DL,0.89,IDL,0.95504344,21.243692,0.84616876,5.50063,0.109946184,0.12352757,0.95504344,21.243692
202600476,Tufanua Ionatana Umu-Cais,2026,DL,0.8889,IDL,0.9403337,15.759887,0.72240657,2.6023908,0.0094418535,0.009531852,0.9403337,15.759887
202600486,Isaac Chukwurah,2026,DL,0.8889,IDL,0.9557721,21.610163,0.61881554,1.6234018,0.0072958744,0.0073494953,0.9557721,21.610163
202600494,Anthony Jones,2026,DL,0.8879,IDL,0.97472703,38.567974,0.8292893,4.8578644,0.042892385,0.04481459,0.97472703,38.567974
202600507,Landen Anderson,2026,DL,0.8878,IDL,0.93902355,15.3997755,0.8377417,5.163012,0.004723614,0.0047460324,0.93902355,15.3997755
202600508,Carmelow Reed,2026,DL,0.8878,IDL,0.54262316,1.186381,0.29734084,0.4231651,0.01782508,0.01814858,0.54262316,1.186381
202600523,Jamarcus Whyce,2026,DL,0.8867,IDL,0.9388053,15.34128,0.5836078,1.4015819,0.0072958744,0.0073494953,0.9388053,15.34128
202600525,Alexander Haskell,2026,DL,0.8867,IDL,0.9014385,9.1459465,0.64074165,1.7835121,0.011517553,0.011651752,0.9014385,9.1459465
202600536,Tavian Branch,2026,DL,0.8867,IDL,0.8753428,7.021999,0.69226885,2.2495897,0.012965174,0.013135479,0.8753428,7.021999
202600538,Darryl Rivers,2026,DL,0.8867,IDL,0.90060174,9.060538,0.5104239,1.0425833,0.0049597006,0.0049844217,0.90060174,9.060538
202600547,Viliami Moala,2026,DL,0.8857,IDL,0.8588535,6.0848384,0.71618277,2.5233943,0.045469966,0.04763597,0.8588535,6.0848384
202600568,Logan Nagle,2026,DL,0.8856,IDL,0.9308144,13.453872,0.77438045,3.43224,0.10475897,0.11701762,0.9308144,13.453872
202600582,Kameron Cody,2026,DL,0.8844,IDL,0.96786165,30.115477,0.8043163,4.110287,0.00042598628,0.00042616783,0.96786165,30.115477
202600584,JJ Finch,2026,DL,0.8844,IDL,0.93494284,14.3710985,0.5989358,1.4933662,0.00446304,0.004483048,0.93494284,14.3710985
202600587,Cameron Brickle,2026,DL,0.8844,IDL,0.95339435,20.456627,0.6954989,2.2840602,0.0005718804,0.0005722076,0.95339435,20.456627
202600588,Preston Carey,2026,DL,0.8844,IDL,0.92623484,12.556536,0.6729594,2.0577242,0.013945242,0.014142462,0.92623484,12.556536
202600591,Brian Harris,2026,DL,0.8844,IDL,0.882596,7.5175986,0.64152527,1.7895969,0.0064507886,0.0064926716,0.882596,7.5175986
202600593,Yahya Gaad,2026,DL,0.8844,IDL,0.92417103,12.1875725,0.5717171,1.3349051,0.0020238813,0.0020279856,0.92417103,12.1875725
202600597,T-Ron Richardson,2026,DL,0.8844,IDL,0.8523488,5.7727184,0.6140625,1.5910931,0.00077506155,0.0007756627,0.8523488,5.7727184
202600601,Ben Duncum,2026,DL,0.8842,IDL,0.8791443,7.274331,0.43982372,0.7851524,0.0058257813,0.00585992,0.8791443,7.274331
202600605,Darryus McKinley,2026,DL,0.8833,IDL,0.705339,2.3937306,0.4463605,0.8062295,0.0015896321,0.0015921631,0.705339,2.3937306
202600641,Daryl Campbell,2026,DL,0.8822,IDL,0.96057725,24.366064,0.8027769,4.0703993,0.0017789342,0.0017821045,0.96057725,24.366064
202600659,Jordyn Crites,2026,DL,0.8814,IDL,0.81894666,4.5232344,0.5434069,1.1901338,0.014146022,0.014349003,0.81894666,4.5232344
202600666,David Schwerzel,2026,DL,0.8811,IDL,0.8621993,6.2568574,0.5960279,1.4754186,0.0017063048,0.0017092213,0.8621993,6.2568574
202600668,Tony Balanganayi,2026,DL,0.8811,IDL,0.89164484,8.2289095,0.6618726,1.9574654,0.0017063048,0.0017092213,0.89164484,8.2289095
202600697,Brysen Wessell,2026,DL,0.88,IDL,0.88287055,7.537563,0.45986405,0.8513857,0.0020238813,0.0020279856,0.88287055,7.537563
202600707,Ben Boulware,2026,DL,0.88,IDL,0.8870176,7.850937,0.65589064,1.906053,0.0061457157,0.0061837193,0.8870176,7.850937
202600708,Draeden Punt,2026,DL,0.88,IDL,0.5471656,1.2083126,0.2627148,0.35632724,0.01184257,0.011984497,0.5471656,1.2083126
202600731,Freddie Wilson,2026,DL,0.8789,IDL,0.62716013,1.6821166,0.513085,1.0537466,0.0039254013,0.0039408705,0.62716013,1.6821166
202600741,Walt Frazier,2026,DL,0.8789,IDL,0.83338076,5.001708,0.6168194,1.6097354,0.0018160337,0.0018193377,0.83338076,5.001708
202600751,James Carrington,2026,DL,0.8778,IDL,0.90762734,9.825714,0.70815235,2.4264452,0.004890172,0.004914203,0.90762734,9.825714
202600762,Jude Okeleke,2026,DL,0.8778,IDL,0.7384327,2.823108,0.498616,0.99447924,0.012004873,0.01215074,0.7384327,2.823108
202600772,Wihtlley Cadeau,2026,DL,0.8778,IDL,0.8161611,4.439545,0.5955507,1.4724979,0.01011338,0.0102167055,0.8161611,4.439545
202600786,Nemyah Telona,2026,DL,0.8767,IDL,0.97240126,35.23354,0.7886845,3.7322602,0.0009000581,0.0009008689,0.97240126,35.23354
202600790,Duncan McGhee,2026,DL,0.8767,IDL,0.75359917,3.0584278,0.3644379,0.5734104,0.024819104,0.025450768,0.75359917,3.0584278
202600793,Jamir Perez,2026,DL,0.8767,IDL,0.84934306,5.6375966,0.75590914,3.0968351,0.015062283,0.015292624,0.84934306,5.6375966
202600829,Jonathan Rulo,2026,DL,0.8767,IDL,0.9682483,30.494385,0.80635417,4.164067,0.00075507315,0.0007556437,0.9682483,30.494385
202600830,Na'kwaine Carter,2026,DL,0.8767,IDL,0.82814926,4.819003,0.48069802,0.92566174,0.001160968,0.0011623173,0.82814926,4.819003
202600856,Dakota Dickson,2026,DL,0.8756,IDL,0.88153213,7.4411073,0.64331466,1.8035915,0.013663015,0.013852279,0.88153213,7.4411073
202600886,Krush Johnson,2026,DL,0.8744,IDL,0.96764284,29.905064,0.7351786,2.7761297,0.0040079895,0.004024118,0.96764284,29.905064
202600892,Djidjou Bah,2026,DL,0.8744,IDL,0.76776934,3.3060637,0.53379375,1.1449734,0.015130743,0.015363201,0.76776934,3.3060637
202600898,Lucas Smalls-Allen,2026,DL,0.8744,IDL,0.74518263,2.9243793,0.3219413,0.47479853,0.0011346688,0.0011359578,0.74518263,2.9243793
202600934,Garrett Witherington,2026,DL,0.8733,IDL,0.8544912,5.8724356,0.59726095,1.4829974,0.0055926903,0.0056241443,0.8544912,5.8724356
202600935,David Jackson,2026,DL,0.8733,IDL,0.98957235,94.89885,0.77164966,3.3792357,0.0015785138,0.0015810094,0.98957235,94.89885
202600956,Ari Slocum,2026,DL,0.8733,IDL,0.87403566,6.9387546,0.4934789,0.9742514,0.00838613,0.0084570525,0.87403566,6.9387546
202600961,Jake Johnson,2026,DL,0.8733,IDL,0.91540086,10.820452,0.66011554,1.9421763,0.0056209695,0.0056527434,0.91540086,10.820452
202600962,Ayden Johnson,2026,DL,0.8733,IDL,0.96086663,24.553638,0.77146053,3.3756118,0.0016917145,0.0016945812,0.96086663,24.553638
202600974,Joseph Peko,2026,DL,0.8722,IDL,0.90295637,9.304643,0.5796988,1.3792461,0.004702881,0.0047251023,0.90295637,9.304643
202600986,Cameron Mallory,2026,DL,0.8722,IDL,0.955953,21.703022,0.74078816,2.8578484,0.0012185206,0.0012200072,0.955953,21.703022
202600998,Sawyer Jezierski,2026,DL,0.8722,IDL,0.82364464,4.670369,0.61937016,1.6272244,0.018431792,0.018777903,0.82364464,4.670369
202600999,AJ Westfield,2026,DL,0.8722,IDL,0.9200989,11.515472,0.765299,3.2607408,0.00083717133,0.00083787274,0.9200989,11.515472
202601002,Tyson Bacon,2026,DL,0.8722,IDL,0.76601547,3.2737868,0.54327184,1.1894861,0.014129864,0.014332379,0.76601547,3.2737868
202601005,Jayden Curtis,2026,DL,0.8722,IDL,0.9355646,14.519414,0.8049869,4.1278605,0.012807105,0.012973255,0.9355646,14.519414
202601006,Marcus Almada,2026,DL,0.8722,IDL,0.8857964,7.7562933,0.49888504,0.99555004,0.012769697,0.012934872,0.8857964,7.7562933
202601008,Kamdon Gillespie,2026,DL,0.8722,IDL,0.85046023,5.6871843,0.59497404,1.4689776,0.031906154,0.032957707,0.85046023,5.6871843
202601026,Blake Smythe,2026,DL,0.8711,IDL,0.91815186,11.217748,0.5872496,1.4227716,0.0063761286,0.0064170444,0.91815186,11.217748
202601085,JaySean Richardson,2026,DL,0.87,IDL,0.8477014,5.566047,0.6350753,1.7402911,0.0008905398,0.00089133356,0.8477014,5.566047
202601090,Isaiah Broughton,2026,DL,0.87,IDL,0.88769037,7.9039555,0.5009397,1.003766,0.007025058,0.0070747584,0.88769037,7.9039555
202601131,Judah Daniels,2026,DL,0.87,IDL,0.72935325,2.694853,0.60429364,1.5271264,0.017136345,0.017435119,0.72935325,2.694853
202601132,Jocques Felix,2026,DL,0.87,IDL,0.8421078,5.333434,0.51088136,1.0444938,0.0026239804,0.0026308838,0.8421078,5.333434
202601142,Kordae Houston,2026,DL,0.8689,IDL,0.8674465,6.5441227,0.5726382,1.3399378,0.02317419,0.023723975,0.8674465,6.5441227
202601155,Tavon Bell,2026,DL,0.8689,IDL,0.878934,7.259959,0.6628434,1.9659809,0.0099527985,0.010052852,0.878934,7.259959
202601210,Nehemiah Kolone,2026,DL,0.8678,IDL,0.4304267,0.7557003,0.4029163,0.6748071,0.0072363424,0.007289089,0.4304267,0.7557003
202601213,Frank Fanua,2026,DL,0.8678,IDL,0.7569109,3.1137183,0.49101844,0.9647077,0.0051313746,0.0051578414,0.7569109,3.1137183
202601228,James Moffat,2026,DL,0.8678,IDL,0.82344204,4.6638627,0.54764056,1.2106315,0.005548901,0.005579863,0.82344204,4.6638627
202601260,Kaleb Morris,2026,DL,0.8667,IDL,0.48576906,0.94465154,0.27938533,0.3877042,0.014366993,0.014576412,0.48576906,0.94465154
202601263,Elijah Satchell,2026,DL,0.8667,IDL,0.74114174,2.863118,0.5439169,1.1925828,0.01068878,0.010804264,0.74114174,2.863118
202601264,Gavin Neil,2026,DL,0.8667,IDL,0.93005913,13.297792,0.55534667,1.248943,0.003337659,0.0033488362,0.93005913,13.297792
202601266,Amier Clarke,2026,DL,0.8667,IDL,0.9003394,9.034058,0.5950734,1.4695834,0.0009863108,0.0009872846,0.9003394,9.034058
202601271,Jacob Lopez-Veasey,2026,DL,0.8667,IDL,0.578693,1.3735659,0.350923,0.54064924,0.021311754,0.021775836,0.578693,1.3735659
202601273,Bryce Robinson,2026,DL,0.8667,IDL,0.59005374,1.439344,0.22928926,0.29750368,0.002436013,0.0024419618,0.59005374,1.439344
202601282,Maddox Flynt,2026,DL,0.8656,IDL,0.8056404,4.145102,0.47506782,0.9050081,0.002866856,0.0028750985,0.8056404,4.145102
202601287,Iverson Garcia-Ponce,2026,DL,0.8656,IDL,0.83208627,4.955439,0.4516974,0.82381046,0.001055741,0.0010568567,0.83208627,4.955439
202601290,Reece Beck,2026,DL,0.8656,IDL,0.4990573,0.99623626,0.2942922,0.4170171,0.019741224,0.020138789,0.4990573,0.99623626
202601292,Lincoln Hoke,2026,DL,0.8656,IDL,0.7386737,2.8266335,0.52228284,1.0932888,0.0044952016,0.0045155,0.7386737,2.8266335
202601297,Tre Hoskins,2026,DL,0.8656,IDL,0.65916604,1.9339799,0.3201539,0.47092113,0.0024704072,0.0024765253,0.65916604,1.9339799
202601313,Dontaye Bush,2026,DL,0.865,IDL,0.6961536,2.2911363,0.20964819,0.26525933,0.011330039,0.0114598805,0.6961536,2.2911363
202601333,Xavier Fleming,2026,DL,0.8644,IDL,0.9194026,11.407348,0.58091515,1.3861517,0.0059938263,0.006029969,0.9194026,11.407348
202601351,Manoah Faupusa,2026,DL,0.8644,IDL,0.9757555,40.24649,0.78872633,3.7331975,0.0064957705,0.0065382416,0.9757555,40.24649
202601362,Arthur Scott,2026,DL,0.8644,IDL,0.8336353,5.0108895,0.49974948,0.9989984,0.0058808792,0.005915669,0.8336353,5.0108895
202601369,Sam Dawson,2026,DL,0.8644,IDL,0.859639,6.1244855,0.43192023,0.76031613,0.00806929,0.008134933,0.859639,6.1244855
202601377,Marshall Smith,2026,DL,0.8644,IDL,0.68258417,2.1504414,0.32247573,0.4759619,0.013741545,0.013933007,0.68258417,2.1504414
202601383,Keith Dotie,2026,DL,0.8644,IDL,0.8506029,5.6935716,0.43316233,0.7641735,0.016741037,0.017026072,0.8506029,5.6935716
202601390,Ronald Derrick III,2026,DL,0.8644,IDL,0.903634,9.377105,0.55411905,1.2427511,0.01264249,0.012804369,0.903634,9.377105
202601405,Deuce Alailefaleula,2026,DL,0.8633,IDL,0.9405951,15.833626,0.631196,1.7114675,0.0021453795,0.002149992,0.9405951,15.833626
202601407,Carnell Jackson,2026,DL,0.8633,IDL,0.7984717,3.962082,0.36433613,0.5731585,0.026342379,0.027055074,0.7984717,3.962082
202601418,Javion Ramon,2026,DL,0.8633,IDL,0.7530424,3.049278,0.30079952,0.43020496,0.03127216,0.03228168,0.7530424,3.049278
202601427,Adrian Bekibele,2026,DL,0.8622,IDL,0.832098,4.9558554,0.4086878,0.69115406,0.00042244382,0.00042262234,0.832098,4.9558554
202601454,Cayden Dees,2026,DL,0.8622,IDL,0.81772596,4.4862447,0.41916323,0.72165406,0.0007654105,0.00076599675,0.81772596,4.4862447
202601485,Christopher Knauls,2026,DL,0.8611,IDL,0.8853954,7.7256536,0.52514976,1.1059271,0.0010185539,0.0010195923,0.8853954,7.7256536
202601487,Christian Harris,2026,DL,0.8611,IDL,0.9534831,20.497566,0.6936431,2.2641666,0.00025834807,0.00025841483,0.9534831,20.497566
202601496,Frederic Sainteus,2026,DL,0.8611,IDL,0.55319697,1.2381227,0.2505999,0.33440065,0.00034074168,0.00034085783,0.55319697,1.2381227
202601504,Kobe Cherry,2026,DL,0.86,IDL,0.7583509,3.138232,0.38164288,0.61718845,0.00052280904,0.0005230825,0.7583509,3.138232
202601511,Uzziah Warmate,2026,DL,0.86,IDL,0.8062723,4.1618853,0.47327194,0.8985129,0.0013603346,0.0013621877,0.8062723,4.1618853
202601553,Alvin Yates,2026,DL,0.86,IDL,0.5212083,1.0885909,0.35211,0.54347193,0.013875277,0.014070509,0.5212083,1.0885909
202601556,Tyrell O'Neal,2026,DL,0.86,IDL,0.757292,3.1201768,0.519948,1.0831077,0.0007613893,0.0007619695,0.757292,3.1201768
202601576,Nate Fleming,2026,DL,0.86,IDL,0.80578786,4.1490088,0.5894099,1.435519,0.0006127946,0.0006131703,0.80578786,4.1490088
202601591,Jarvis Spires,2026,DL,0.86,IDL,0.9559992,21.726858,0.71767503,2.5420175,0.0006557479,0.0006561782,0.9559992,21.726858
202601618,Malik Brooks,2026,DL,0.8589,IDL,0.9431236,16.581978,0.7031585,2.368801,0.0031695988,0.003179677,0.9431236,16.581978
202601635,Rodney White,2026,DL,0.8589,IDL,0.9756073,39.99583,0.619285,1.6266366,0.00074084057,0.0007413898,0.9756073,39.99583
202601640,Aiden Solecki,2026,DL,0.8589,IDL,0.68834114,2.2086365,0.40120578,0.6700228,0.0011421156,0.0011434215,0.68834114,2.2086365
202601676,Kingston Schirmer,2026,DL,0.8578,IDL,0.8157125,4.4263043,0.5242282,1.101848,0.0023316583,0.0023371077,0.8157125,4.4263043
202601711,Cooper Long,2026,DL,0.8567,IDL,0.48142406,0.92835796,0.270616,0.37101993,0.0011855091,0.0011869163,0.48142406,0.92835796
202601713,Noah Mercer,2026,DL,0.8567,IDL,0.5442509,1.1941898,0.4182879,0.7190634,0.0012849425,0.0012865957,0.5442509,1.1941898
202601714,Cory Simon,2026,DL,0.8567,IDL,0.4984925,0.9939881,0.5310954,1.1326299,0.0008782629,0.0008790349,0.4984925,0.9939881
202601721,Desman Manuel,2026,DL,0.8567,IDL,0.9483188,18.349388,0.6774274,2.1000774,0.0007198718,0.00072039035,0.9483188,18.349388
202601723,Koi Taiese,2026,DL,0.8567,IDL,0.8888889,8.000001,0.5941304,1.4638455,0.0011304402,0.0011317196,0.8888889,8.000001
202601739,Ta'a Malu,2026,DL,0.8556,IDL,0.72672504,2.6593182,0.35265923,0.54478145,0.0014119416,0.001413938,0.72672504,2.6593182
202601748,Nick Costa,2026,DL,0.8556,IDL,0.76592857,3.2722,0.41271073,0.7027384,0.00093448616,0.00093536027,0.76592857,3.2722
202601768,Srlondo Whiley,2026,DL,0.855,IDL,0.6950685,2.279425,0.56531745,1.3005295,0.00058627204,0.00058661593,0.6950685,2.279425
202601778,Max Baker,2026,DL,0.855,IDL,0.8165068,4.4497933,0.4843041,0.93912727,0.00088646257,0.0008872491,0.8165068,4.4497933
202601781,Za'qwaun Nunn,2026,DL,0.855,IDL,0.8012552,4.031579,0.4386716,0.7814883,0.00087139057,0.0008721506,0.8012552,4.031579
202601795,Caynan James,2026,DL,0.855,IDL,0.9740659,37.559273,0.6839028,2.1635838,0.0006388205,0.0006392289,0.9740659,37.559273
202601806,Antwuan Rogers,2026,DL,0.855,IDL,0.78236365,3.5948207,0.29253766,0.4135028,0.0015439815,0.001546369,0.78236365,3.5948207
202601809,Christian Speakman,2026,DL,0.855,IDL,0.9274779,12.788899,0.6137121,1.5887426,0.0027589104,0.002766543,0.9274779,12.788899
202601830,Cameron McGee,2026,DL,0.8544,IDL,0.86459726,6.385375,0.5182354,1.0757024,0.00208866,0.0020930315,0.86459726,6.385375
202601843,Rowan Rupp,2026,DL,0.8533,IDL,0.76387084,3.2349703,0.5696444,1.3236598,0.0007519224,0.00075248815,0.76387084,3.2349703
202601858,Calvin Lorek,2026,DL,0.8533,IDL,0.7696868,3.341914,0.49031922,0.96201247,0.0009180212,0.00091886474,0.7696868,3.341914
202601862,Jackson Carlisle,2026,DL,0.8533,IDL,0.62685794,1.6799444,0.48004228,0.9232333,0.0007613893,0.0007619695,0.62685794,1.6799444
202601901,Dominic Coelho,2026,DL,0.8522,IDL,0.6667631,2.0008683,0.41940063,0.72235805,0.0010320088,0.0010330749,0.6667631,2.0008683
202601905,Roman Paseka,2026,DL,0.8517,IDL,0.72213095,2.5988176,0.4827038,0.9331285,0.00034135656,0.00034147312,0.72213095,2.5988176
202601924,Zakir Abdul-Salaam,2026,DL,0.8511,IDL,0.8097937,4.2574496,0.4834432,0.9358955,0.00074335217,0.00074390514,0.8097937,4.2574496
202601988,Justin Roberts,2026,DL,0.85,IDL,0.9075859,9.820862,0.5812289,1.3879395,0.00083257514,0.00083326886,0.9075859,9.820862
202601994,Bryce Brewster,2026,DL,0.85,IDL,0.8515546,5.736482,0.53684276,1.159094,0.0013718617,0.0013737462,0.8515546,5.736482
202602019,Bronx Letuligasenoa,2026,DL,0.85,IDL,0.87637717,7.0891204,0.6009138,1.5057244,0.0005680231,0.00056834595,0.87637717,7.0891204
202602029,Jayden Porter,2026,DL,0.85,IDL,0.700766,2.3418665,0.43907046,0.78275514,0.0010320088,0.0010330749,0.700766,2.3418665
202602030,Xavier Joseph,2026,DL,0.85,IDL,0.81686014,4.4603076,0.54091275,1.1782352,0.00074335217,0.00074390514,0.81686014,4.4603076
202602054,Joseph Terry,2026,DL,0.85,IDL,0.8358836,5.093237,0.43151936,0.75907487,0.0012619374,0.001263532,0.8358836,5.093237
202602056,Poe Purcell,2026,DL,0.85,IDL,0.8356236,5.083599,0.5075633,1.0307178,0.0010910784,0.0010922701,0.8356236,5.083599
202602066,Demetrius Wilson,2026,DL,0.85,IDL,0.9512019,19.492607,0.6904412,2.230404,0.0004010622,0.0004012231,0.9512019,19.492607
202602086,Zamar McGee,2026,DL,0.85,IDL,0.81291956,4.345294,0.5357808,1.1541547,0.00026311338,0.00026318262,0.81291956,4.345294
202602089,William Reed,2026,DL,0.85,IDL,0.9135306,10.564783,0.6994504,2.3272376,0.00060389645,0.00060426135,0.9135306,10.564783
202602094,DAdrian Tinney-Anderson,2026,DL,0.85,IDL,0.8442915,5.4222574,0.47923762,0.92026156,0.001789959,0.0017931688,0.8442915,5.4222574
202602105,Timothy Dailey,2026,DL,0.85,IDL,0.8840176,7.621997,0.6868585,2.1934443,0.0003410316,0.00034114797,0.8840176,7.621997
202602118,Jakohri Johnson,2026,DL,0.85,IDL,0.96150047,24.97434,0.7645029,3.2463365,0.0007462576,0.00074681494,0.96150047,24.97434
202602122,Chris Doyle,2026,DL,0.8489,IDL,0.95047337,19.191156,0.8234743,4.664897,0.0002649485,0.00026501872,0.95047337,19.191156
202602155,Harlem Nellum,2026,DL,0.8467,IDL,0.94555175,17.366064,0.36030358,0.56324154,0.0032459975,0.0032565682,0.94555175,17.366064
202602163,Savion Barthelemy,2026,DL,0.8467,IDL,0.8078453,4.20414,0.54289776,1.1876944,0.002006416,0.0020104498,0.8078453,4.20414
202602168,Jeremiah Benson,2026,DL,0.8456,IDL,0.8094778,4.2487326,0.7135931,2.4915364,0.00075523177,0.0007558026,0.8094778,4.2487326
202602176,Brandon Simmons Jr.,2026,DL,0.8456,IDL,0.8856178,7.7426186,0.7605421,3.1760993,0.00036843383,0.00036856963,0.8856178,7.7426186
202602185,Laneselota Olive-Enos,2026,DL,0.845,IDL,0.8593554,6.11012,0.5861371,1.4162592,0.0005680231,0.00056834595,0.8593554,6.11012
202602198,Brody Litton,2026,DL,0.845,IDL,0.7708319,3.3636088,0.6301226,1.7035985,0.003311637,0.0033226404,0.7708319,3.3636088
202602211,Jordan Woods,2026,DL,0.845,IDL,0.7216068,2.5920417,0.17680827,0.21478382,0.00092092063,0.0009217695,0.7216068,2.5920417
202602212,Jeremiah Nonu,2026,DL,0.845,IDL,0.8472008,5.5445375,0.49498886,0.98015434,0.00027995516,0.00028003356,0.8472008,5.5445375
202602217,Jamarion Owens,2026,DL,0.845,IDL,0.8567828,5.9824014,0.51367265,1.0562282,0.00024931334,0.0002493755,0.8567828,5.9824014
202602226,Austin Adkins,2026,DL,0.845,IDL,0.8370809,5.1380157,0.53437597,1.1476555,0.0013718617,0.0013737462,0.8370809,5.1380157
202602230,Royce Rogers,2026,DL,0.845,IDL,0.87244016,6.839458,0.3872513,0.6319903,0.00026543773,0.0002655082,0.87244016,6.839458
202602231,Christian Waring,2026,DL,0.845,IDL,0.6586334,1.9294021,0.45960468,0.8504971,0.0016687989,0.0016715884,0.6586334,1.9294021
202602232,Christian Corbin,2026,DL,0.845,IDL,0.8953081,8.551835,0.5742663,1.3488863,0.00024885402,0.00024891595,0.8953081,8.551835
202602233,Samuel Mulbah,2026,DL,0.845,IDL,0.78896195,3.738482,0.5028022,1.011272,0.00060389645,0.00060426135,0.78896195,3.738482
202602260,Jvon Hatcher,2026,DL,0.845,IDL,0.7375358,2.810043,0.51156366,1.0473497,0.0010096913,0.0010107118,0.7375358,2.810043
202602270,Jaxon Villegez-Williams,2026,DL,0.845,IDL,0.8950245,8.526031,0.5093073,1.0379355,0.00040212186,0.00040228362,0.8950245,8.526031
202602291,Amare Bell,2026,DL,0.8444,IDL,0.82510895,4.7178454,0.522266,1.0932149,0.00045401658,0.0004542228,0.82510895,4.7178454
202602292,Carson Dempsey,2026,DL,0.8444,IDL,0.680488,2.129773,0.42625916,0.7429472,0.0022035523,0.0022084187,0.680488,2.129773
202602299,Jake Jones,2026,DL,0.8433,IDL,0.8587388,6.079084,0.27202058,0.3736652,0.00024749158,0.00024755285,0.8587388,6.079084
202602308,Christopher Bispham,2026,DL,0.8422,IDL,0.89819014,8.822231,0.69066656,2.2327576,0.0002842983,0.00028437914,0.89819014,8.822231
202602310,Braylon Young,2026,DL,0.8422,IDL,0.7699656,3.3471756,0.51513606,1.0624343,0.0015236485,0.0015259736,0.7699656,3.3471756
202602312,NicQuayvion Simmons,2026,DL,0.8422,IDL,0.5271488,1.1148301,0.27966014,0.38823357,0.00066412793,0.00066456926,0.5271488,1.1148301
202602313,Davon Young,2026,DL,0.8411,IDL,0.46058849,0.8538721,0.41734558,0.7162832,0.0007908707,0.00079149666,0.46058849,0.8538721
202602322,Ejay Tapeni,2026,DL,0.84,IDL,0.8727122,6.856212,0.55013937,1.2229106,0.00091760897,0.00091845175,0.8727122,6.856212
202602339,Ryan Westrich,2026,DL,0.84,IDL,0.6286328,1.6927525,0.47689816,0.9116737,0.0024360605,0.0024420093,0.6286328,1.6927525
202602346,Kore Thomas,2026,DL,0.84,IDL,0.7237785,2.620283,0.575269,1.3544313,0.0005661878,0.0005665085,0.7237785,2.620283
202602360,Cameron Christian,2026,DL,0.84,IDL,0.6297624,1.7009683,0.39623877,0.6562839,0.00055742485,0.00055773574,0.6297624,1.7009683
202602389,Xavier Waters,2026,DL,0.84,IDL,0.7436433,2.9008145,0.5518463,1.2313775,0.0005446951,0.000544992,0.7436433,2.9008145
202602397,Stephone Ross,2026,DL,0.84,IDL,0.31035894,0.45002967,0.27098367,0.3717114,0.0011512992,0.0011526262,0.31035894,0.45002967
202602435,Kendall Roseberry,2026,DL,0.84,IDL,0.5895672,1.4364524,0.45052114,0.8199062,0.0006005813,0.0006009422,0.5895672,1.4364524
202602436,Tiki Bell,2026,DL,0.84,IDL,0.5426953,1.1867257,0.27375442,0.3769447,0.0012661037,0.0012677087,0.5426953,1.1867257
202602470,Brayden Hurst,2026,DL,0.84,IDL,0.7770361,3.4850304,0.42370543,0.73522377,0.00029894355,0.00029903292,0.7770361,3.4850304
202602471,Collin Stare,2026,DL,0.84,IDL,0.7351772,2.7761102,0.5327248,1.1400665,0.0009360776,0.0009369547,0.7351772,2.7761102
202602478,Malachi Harris,2026,DL,0.84,IDL,0.68759716,2.2009952,0.44378614,0.7978696,0.0019809182,0.00198485,0.68759716,2.2009952
202602479,Kelton Smith,2026,DL,0.84,IDL,0.6331367,1.7258109,0.5240288,1.1009674,0.0012361759,0.0012377059,0.6331367,1.7258109
202602496,Nate Hunt-Heller,2026,DL,0.84,IDL,0.78684646,3.691454,0.5261385,1.1103212,0.0011428093,0.0011441167,0.78684646,3.691454
202602497,Nick Barber,2026,DL,0.84,IDL,0.69001967,2.226011,0.45389983,0.8311659,0.0033243485,0.0033354366,0.69001967,2.226011
202602502,CJ McCoy,2026,DL,0.84,IDL,0.32418084,0.47968578,0.29757982,0.4236493,0.0007122176,0.0007127252,0.32418084,0.47968578
202602510,Kechan Miller,2026,DL,0.84,IDL,0.48826537,0.95413786,0.3644286,0.5733874,0.0004857044,0.00048594043,0.48826537,0.95413786
202602521,Chris HIlliard,2026,DL,0.8378,IDL,0.8205717,4.5732574,0.59833205,1.4896185,0.00094109226,0.00094197877,0.8205717,4.5732574
202602522,Tyrone Fitten,2026,DL,0.8367,IDL,0.82104045,4.587855,0.60261846,1.5164732,0.0003335671,0.00033367838,0.82104045,4.587855
202602540,Terry Robinson,2026,DL,0.835,IDL,0.70682573,2.4109406,0.3851458,0.62640184,0.003902689,0.0039179795,0.70682573,2.4109406
202602554,Jayden Arenas-Michel,2026,DL,0.835,IDL,0.8169946,4.4643197,0.49788126,0.9915609,0.0007082209,0.0007087228,0.8169946,4.4643197
202602557,Sam Davidson,2026,DL,0.835,IDL,0.3114585,0.45234525,0.24390414,0.32258362,0.0058303787,0.005864572,0.3114585,0.45234525
202602567,CeeJay Embry,2026,DL,0.835,IDL,0.8388447,5.2051954,0.4906149,0.9631512,0.0015304573,0.0015328032,0.8388447,5.2051954
202602579,Gabe Jones,2026,DL,0.835,IDL,0.71399814,2.4964807,0.39552623,0.6543315,0.0015995663,0.001602129,0.71399814,2.4964807
202602580,Kale Webb,2026,DL,0.835,IDL,0.93953896,15.539576,0.63018584,1.7040609,0.0010767392,0.0010778998,0.93953896,15.539576
202602581,Antwan Smith-Ray Jr.,2026,DL,0.835,IDL,0.5858105,1.4143537,0.26199952,0.35501266,0.00063644745,0.0006368528,0.5858105,1.4143537
202602582,Angelo Pugliano,2026,DL,0.835,IDL,0.7442833,2.9105778,0.50293237,1.0117986,0.0011109604,0.001112196,0.7442833,2.9105778
202602583,Mason Holbrook,2026,DL,0.835,IDL,0.9207894,11.624577,0.59714586,1.482288,0.0008010761,0.0008017184,0.9207894,11.624577
202602587,MacGregor Byers,2026,DL,0.835,IDL,0.915043,10.77066,0.5989871,1.4936854,0.0020978255,0.0021022358,0.915043,10.77066
202602602,Trey Bridges,2026,DL,0.835,IDL,0.8581861,6.051496,0.7507727,3.0124018,0.0011774511,0.0011788391,0.8581861,6.051496
202602610,Nygel Farsee,2026,DL,0.8344,IDL,0.8621932,6.2565374,0.3656326,0.5763736,0.0003939125,0.00039406773,0.8621932,6.2565374
202602611,Bryce Waters,2026,DL,0.8344,IDL,0.69401556,2.26814,0.31617492,0.4623623,0.0072084367,0.0072607757,0.69401556,2.26814
202602620,Khalif McNear,2026,DL,0.8317,IDL,0.6304925,1.706305,0.5510136,1.2272389,0.00037957556,0.00037971968,0.6304925,1.706305
202602644,Tyler Hagler,2026,DL,0.83,IDL,0.90234363,9.239987,0.67721456,2.0980332,0.0009211496,0.00092199893,0.90234363,9.239987
202602646,Xavier Reid,2026,DL,0.83,IDL,0.5375523,1.1624067,0.43591332,0.7727772,0.0013849331,0.0013868537,0.5375523,1.1624067
202602649,Amari Wilks,2026,DL,0.83,IDL,0.7539236,3.0637784,0.45360717,0.8301851,0.0019399327,0.0019437034,0.7539236,3.0637784
202602659,Federico-Mario Cobarubio,2026,DL,0.83,IDL,0.6928767,2.2560213,0.4232531,0.73386276,0.005280009,0.0053080353,0.6928767,2.2560213
202602675,Jesse King,2026,DL,0.83,IDL,0.70928746,2.439824,0.41539335,0.71055186,0.002013428,0.00201749,0.70928746,2.439824
202602687,Dominic Basrawala,2026,DL,0.83,IDL,0.69429576,2.2711356,0.462689,0.8611196,0.0035248133,0.0035372816,0.69429576,2.2711356
202602688,Kaiden Bower,2026,DL,0.83,IDL,0.7740256,3.4252803,0.48786572,0.9526128,0.0030295542,0.00303876,0.7740256,3.4252803
202602716,Jahbarri Frost,2026,DL,0.83,IDL,0.7302733,2.7074566,0.47188154,0.8935145,0.0007574986,0.0007580729,0.7302733,2.7074566
202602717,Baron Hardesty,2026,DL,0.83,IDL,0.71561825,2.5164,0.46672204,0.87519467,0.0030295542,0.00303876,0.71561825,2.5164
202602721,Robert Ekins,2026,DL,0.83,IDL,0.7340735,2.7604377,0.5684955,1.317473,0.00055623945,0.000556549,0.7340735,2.7604377
202602722,Izak Simpson,2026,DL,0.83,IDL,0.71137744,2.4647326,0.43107724,0.75770783,0.0009676159,0.0009685531,0.71137744,2.4647326
202602732,Devyn Blake,2026,DL,0.83,IDL,0.879061,7.26863,0.6285791,1.6923631,0.00051703607,0.00051730353,0.879061,7.26863
202602737,Aaron Moore,2026,DL,0.83,IDL,0.64483124,1.815563,0.50128216,1.0051419,0.0030295542,0.00303876,0.64483124,1.815563
202602744,Shaun McDowell,2026,DL,0.83,IDL,0.8085461,4.2231903,0.50336426,1.0135483,0.0017745584,0.0017777131,0.8085461,4.2231903
202602749,Dom Infelise,2026,DL,0.83,IDL,0.68872404,2.2125835,0.34383982,0.5240181,0.007637257,0.007696034,0.68872404,2.2125835
202602763,Jackson Silacci-Jensen,2026,DL,0.83,IDL,0.6357499,1.7453662,0.48531592,0.94293946,0.0013657139,0.0013675817,0.6357499,1.7453662
202602768,Tyler Lavallier,2026,DL,0.83,IDL,0.9125432,10.434214,0.60022295,1.5013942,0.0009745697,0.00097552047,0.9125432,10.434214
202602772,Masahiro Hopkins,2026,DL,0.83,IDL,0.8836274,7.593089,0.5566055,1.255328,0.0009931765,0.0009941639,0.8836274,7.593089
202602773,Hudson Samolinski,2026,DL,0.83,IDL,0.82110536,4.5898824,0.4867907,0.9485226,0.0016713676,0.0016741657,0.82110536,4.5898824
202602778,Ian Harrell,2026,DL,0.83,IDL,0.7088225,2.4343312,0.4584965,0.84671015,0.0012223293,0.0012238253,0.7088225,2.4343312
202602779,Elijah Peake,2026,DL,0.83,IDL,0.86477643,6.3951607,0.6064112,1.5407228,0.00042638872,0.00042657062,0.86477643,6.3951607
202602804,DA Logan,2026,DL,0.83,IDL,0.55459934,1.2451695,0.41564974,0.71130246,0.0035703888,0.003583182,0.55459934,1.2451695
202602826,Carlos Shird,2026,DL,0.825,IDL,0.9560192,21.737206,0.52293515,1.0961511,0.001700045,0.00170294,0.9560192,21.737206
202602827,Chris Law,2026,DL,0.825,IDL,0.6902758,2.2286787,0.47192067,0.8936549,0.00089275936,0.0008935571,0.6902758,2.2286787
202602828,Eckley Bridges,2026,DL,0.825,IDL,0.88480484,7.6809206,0.5284364,1.1206049,0.0009937405,0.000994729,0.88480484,7.6809206
202602831,Collier Book,2026,DL,0.825,IDL,0.7651287,3.2576504,0.42654482,0.74381536,0.0018674664,0.0018709603,0.7651287,3.2576504
202602840,Noah Frazier,2026,DL,0.825,IDL,0.7247199,2.6326632,0.39856353,0.662686,0.0010324455,0.0010335125,0.7247199,2.6326632
202602873,Xavier Jackson,2026,DL,0.82,IDL,0.77590746,3.4624422,0.45930657,0.84947693,0.0026052387,0.0026120436,0.77590746,3.4624422
202602915,Harout Agazaryan,2026,DL,0.82,IDL,0.81594354,4.4331155,0.57410574,1.3480006,0.0011923278,0.0011937511,0.81594354,4.4331155
202602918,Jase Kozlowski,2026,DL,0.82,IDL,0.7011727,2.3464146,0.332647,0.4984573,0.0031480691,0.0031580108,0.7011727,2.3464146
202602944,Isaac Hutchinson,2026,DL,0.82,IDL,0.7713599,3.3736863,0.51985365,1.0826983,0.0033553313,0.0033666273,0.7713599,3.3736863
202602945,Dion'dre Taylor,2026,DL,0.82,IDL,0.8665041,6.490865,0.5329843,1.1412557,0.00075600296,0.00075657497,0.8665041,6.490865
202602948,Truth Holmes,2026,DL,0.82,IDL,0.643632,1.8060881,0.5107322,1.0438703,0.0011203453,0.0011216019,0.643632,1.8060881
202602972,Jimyll Lundy,2026,DL,0.82,IDL,0.72199094,2.5970051,0.62706417,1.6814264,0.00059667876,0.000597035,0.72199094,2.5970051
202602983,Tanielu Ma'afala-Barbasa,2026,DL,0.815,IDL,0.75073856,3.011852,0.52080286,1.0868238,0.0009937405,0.000994729,0.75073856,3.011852
202603008,Sitili Palmer,2026,DL,0.81,IDL,0.76879305,3.3251295,0.46536076,0.87042016,0.00041055432,0.00041072295,0.76879305,3.3251295
202603023,Jason Davis Jr.,2026,DL,0.81,IDL,0.5828366,1.3971424,0.40678927,0.68574166,0.000846214,0.00084693066,0.5828366,1.3971424
202603037,Jackson Garrett,2026,DL,0.81,IDL,0.82024366,4.563086,0.30680418,0.4425938,0.006220889,0.0062598307,0.82024366,4.563086
202603041,Brandon Hightower,2026,DL,0.81,IDL,0.7820234,3.5876477,0.5231811,1.0972322,0.0021329862,0.0021375457,0.7820234,3.5876477
202603103,Zion Scrivens,2026,DL,0.79,IDL,0.5237553,1.099761,0.37772965,0.6070186,0.000446007,0.00044620602,0.5237553,1.099761
202603112,Cameron Gray,2026,DL,0.78,IDL,0.9092932,10.0245285,0.5369647,1.1596626,0.0011585464,0.0011598902,0.9092932,10.0245285
202700005,Jalen Brewster,2027,DL,0.9973,IDL,0.99239445,130.48288,0.98680115,74.76416,0.4761067,0.90878564,0.99239445,130.48288
202700035,Marcus Fakatou,2027,DL,0.9842,IDL,0.995469,219.70058,0.9908494,108.28216,0.0028079732,0.00281588,0.995469,219.70058
202700043,Kasi Currie,2027,DL,0.981,IDL,0.99443287,178.62566,0.9865218,73.19378,0.0065396987,0.0065827477,0.99443287,178.62566
202700044,Ben'Jarvius Shumaker,2027,DL,0.9805,IDL,0.9964695,282.24582,0.9917818,120.68072,0.0065561975,0.006599465,0.9964695,282.24582
202700072,Donivan Moore,2027,DL,0.9685,IDL,0.99262047,134.50995,0.9572097,22.369785,0.029675199,0.030582748,0.99262047,134.50995
202700074,Sam LeJeune,2027,DL,0.9684,IDL,0.99644345,280.1714,0.9753346,39.5426,0.0105743,0.01068731,0.99644345,280.1714
202700075,John Archer,2027,DL,0.9684,IDL,0.99331117,148.5029,0.9770413,42.55648,0.020449236,0.020876138,0.99331117,148.5029
202700081,George Toia,2027,DL,0.9669,IDL,0.9958748,241.41379,0.96920884,31.47685,0.004208704,0.004226492,0.9958748,241.41379
202700094,Jamar Thompson,2027,DL,0.959,IDL,0.99409133,168.24287,0.9366689,14.790024,0.011185307,0.011311833,0.99409133,168.24287
202700109,Jamarkus Pittman,2027,DL,0.9519,IDL,0.98036605,49.93219,0.97853994,45.5982,0.048239715,0.05068473,0.98036605,49.93219
202700112,Seth Tillman,2027,DL,0.9513,IDL,0.99506855,201.78012,0.98664457,73.87589,0.0021098978,0.0021143588,0.99506855,201.78012
202700118,Xavier Muhammad,2027,DL,0.9491,IDL,0.98897576,89.70923,0.7561152,3.1002965,0.0066365437,0.0066808816,0.98897576,89.70923
202700133,Eli Diane,2027,DL,0.945,IDL,0.98434055,62.859196,0.8712184,6.7650833,0.004819385,0.0048427237,0.98434055,62.859196
202700134,Nate Kamba,2027,DL,0.9449,IDL,0.99197,123.53304,0.9842403,62.452957,0.035894636,0.03723103,0.99197,123.53304
202700139,Elijah Patmon,2027,DL,0.9421,IDL,0.99556524,224.49112,0.97021717,32.57639,0.0020757911,0.002080109,0.99556524,224.49112
202700145,Myels Smith,2027,DL,0.94,IDL,0.99365413,156.58286,0.9395659,15.546948,0.01914087,0.019514391,0.99365413,156.58286
202700156,K'Adrian Redmond,2027,DL,0.9353,IDL,0.9490246,18.617311,0.8768923,7.1229706,0.09240908,0.10181799,0.9490246,18.617311
202700159,Luke Starcevic,2027,DL,0.9346,IDL,0.9397199,15.589227,0.7319946,2.7312684,0.005514567,0.005545146,0.9397199,15.589227
202700163,Malachi Brown,2027,DL,0.9344,IDL,0.9549631,21.204008,0.82323277,4.657157,0.0484333,0.05089848,0.9549631,21.204008
202700168,Troy Bowens,2027,DL,0.9329,IDL,0.9165145,10.97813,0.8722073,6.825172,0.029838026,0.030755715,0.9165145,10.97813
202700177,Joseph Buchanan,2027,DL,0.9312,IDL,0.9941267,169.26138,0.8641992,6.363728,0.014387094,0.014597104,0.9941267,169.26138
202700178,Justin Weeks,2027,DL,0.9307,IDL,0.9709551,33.42942,0.7568442,3.1125898,0.0049205935,0.0049449257,0.9709551,33.42942
202700179,Kaiden Robinson-Vickers,2027,DL,0.9306,IDL,0.968894,31.148144,0.84440243,5.4268355,0.015278221,0.015515267,0.968894,31.148144
202700187,Alifeleti Tuihalamaka,2027,DL,0.9279,IDL,0.97719485,42.849735,0.89691937,8.701143,0.018257663,0.018597204,0.97719485,42.849735
202700200,Karlos May,2027,DL,0.9249,IDL,0.89775276,8.780215,0.80218595,4.0552526,0.052474722,0.055380818,0.89775276,8.780215
202700206,Elija Harmon,2027,DL,0.924,IDL,0.97475046,38.60468,0.89464974,8.492146,0.08041791,0.0874505,0.97475046,38.60468
202700215,Khing Thibodeaux,2027,DL,0.9225,IDL,0.9780115,44.478294,0.67993605,2.1243756,0.0059017595,0.005936797,0.9780115,44.478294
202700226,Reinaldo Perez,2027,DL,0.9209,IDL,0.9102827,10.146119,0.5870465,1.4215802,0.005123289,0.0051496723,0.9102827,10.146119
202700234,Brayden Parks,2027,DL,0.9195,IDL,0.9416293,16.13188,0.8947895,8.504756,0.060578022,0.06448436,0.9416293,16.13188
202700260,Tevita Nonu,2027,DL,0.9154,IDL,0.89998364,8.998364,0.47953343,0.921353,0.023238638,0.023791522,0.89998364,8.998364
202700281,Elijah Brown,2027,DL,0.9109,IDL,0.929477,13.179767,0.69887376,2.3208663,0.031514052,0.032539506,0.929477,13.179767
202700284,DeMarco Jenkins,2027,DL,0.9095,IDL,0.94085187,15.906705,0.47756147,0.9141008,0.045224484,0.047366615,0.94085187,15.906705
202700285,Kadin Fife,2027,DL,0.9094,IDL,0.9018522,9.188714,0.72675484,2.6597173,0.038258173,0.039780088,0.9018522,9.188714
202700286,Ezekiel Ayangbile,2027,DL,0.9093,IDL,0.9271889,12.734164,0.5012604,1.0050544,0.0039346707,0.0039502135,0.9271889,12.734164
202700311,Santana Harvey,2027,DL,0.9029,IDL,0.877245,7.1463084,0.15595685,0.18477355,0.005254782,0.0052825403,0.877245,7.1463084
202700316,Jeremiah Williams,2027,DL,0.9022,IDL,0.93204373,13.715346,0.8353394,5.073099,0.0024707855,0.0024769055,0.93204373,13.715346
202700324,Kahlio Vaetoe,2027,DL,0.9005,IDL,0.94204646,16.255203,0.7516884,3.0271983,0.03314907,0.034285605,0.94204646,16.255203
202700332,Nehemiah Ombati,2027,DL,0.8985,IDL,0.9496473,18.859911,0.8044288,4.113228,0.0017635075,0.001766623,0.9496473,18.859911
202700333,Richie Flanigan,2027,DL,0.8985,IDL,0.88667876,7.8244705,0.52707684,1.1145084,0.027521463,0.02830033,0.88667876,7.8244705
202700357,Maleek Lee,2027,DL,0.8922,IDL,0.932894,13.901795,0.51359624,1.0559051,0.0052418415,0.005269463,0.932894,13.901795
202700370,Vershaunndrick Smith,2027,DL,0.89,IDL,0.9529019,20.232279,0.84354365,5.391559,0.009064622,0.009147542,0.9529019,20.232279
202700375,Carter Blattner,2027,DL,0.89,IDL,0.9669467,29.254185,0.6012445,1.5078025,0.00311876,0.003128517,0.9669467,29.254185
202700380,Dawayne Jones,2027,DL,0.89,IDL,0.91365725,10.581748,0.65728974,1.9179168,0.023914872,0.024500806,0.91365725,10.581748
202700385,Antwan McKoy,2027,DL,0.89,IDL,0.9613537,24.875711,0.8491904,5.6308784,0.019069074,0.019439772,0.9613537,24.875711
202700389,Jaden Bayonne,2027,DL,0.89,IDL,0.9184874,11.268046,0.63598233,1.7471194,0.033848144,0.03503398,0.9184874,11.268046
202700390,Ohimai Ozolua,2027,DL,0.89,IDL,0.9359007,14.600792,0.42225796,0.73087627,0.0063696974,0.006410531,0.9359007,14.600792
202700407,Khyren Haywood,2027,DL,0.8885,IDL,0.9747483,38.601315,0.6502201,1.8589407,0.003085584,0.0030951344,0.9747483,38.601315
202700416,Deven Robertson,2027,DL,0.885,IDL,0.9118976,10.350429,0.8504506,5.686753,0.002129601,0.002134146,0.9118976,10.350429
202700418,Kalib Spivey,2027,DL,0.885,IDL,0.94873935,18.50814,0.66559094,1.9903497,0.0030795613,0.0030890743,0.94873935,18.50814
202700422,Amari Vickerson,2027,DL,0.885,IDL,0.90116066,9.117429,0.6698878,2.0292728,0.007941498,0.0080050705,0.90116066,9.117429
202700451,Griff Galloway,2027,DL,0.88,IDL,0.8581804,6.051212,0.46922728,0.88404566,0.011260651,0.011388897,0.8581804,6.051212
202700474,Waylon Wooten,2027,DL,0.88,IDL,0.9306829,13.426455,0.750239,3.0038278,0.0007405472,0.000741096,0.9306829,13.426455
202700498,Reilly Newman,2027,DL,0.88,IDL,0.70516217,2.391695,0.55811065,1.26301,0.010795032,0.0109128365,0.70516217,2.391695
202700508,Camden Beason,2027,DL,0.88,IDL,0.96169615,25.107035,0.84432554,5.423661,0.0019086985,0.0019123486,0.96169615,25.107035
202700536,Montana Toilolo,2027,DL,0.875,IDL,0.9481356,18.281054,0.74184334,2.873617,0.012721349,0.012885267,0.9481356,18.281054
202700539,Kyng Golston,2027,DL,0.875,IDL,0.8489999,5.622513,0.65979207,1.9393789,0.008380544,0.008451371,0.8489999,5.622513
202700543,Lorenzo Tartamella,2027,DL,0.875,IDL,0.8288457,4.8426805,0.21327364,0.27109,0.028772278,0.029624647,0.8288457,4.8426805
202700553,Sione Felila,2027,DL,0.875,IDL,0.92533463,12.39309,0.70083594,2.3426476,0.0060822135,0.0061194333,0.92533463,12.39309
202700561,Giovanni Hodge,2027,DL,0.875,IDL,0.77114743,3.3696253,0.5638095,1.2925763,0.013247408,0.013425258,0.77114743,3.3696253
202700563,Alexander Taylor,2027,DL,0.875,IDL,0.97318757,36.296127,0.6311687,1.7112668,0.028772278,0.029624647,0.97318757,36.296127
202700567,Jayden Travers,2027,DL,0.875,IDL,0.9834267,59.33798,0.6541587,1.8914998,0.011032576,0.011155651,0.9834267,59.33798
202700569,Stanley Montgomery,2027,DL,0.875,IDL,0.7457592,2.9332788,0.49258077,0.970757,0.005030927,0.005056365,0.7457592,2.9332788
202700574,Marvin Nguetsop,2027,DL,0.875,IDL,0.2081781,0.26291028,0.31282878,0.45524138,0.0045284573,0.0045490577,0.2081781,0.26291028
202700575,Jesiah Fields,2027,DL,0.875,IDL,0.81953555,4.541258,0.42167905,0.7291436,0.012428589,0.012585003,0.81953555,4.541258
202700590,Lemani Fehoko,2027,DL,0.87,IDL,0.94538254,17.309162,0.74963087,2.9941027,0.0017335163,0.0017365267,0.94538254,17.309162
202700596,Jasper Ngokwere,2027,DL,0.87,IDL,0.92584974,12.486129,0.78116685,3.5696917,0.0227724,0.023303065,0.92584974,12.486129
202700623,Xavier Perkins,2027,DL,0.87,IDL,0.86401993,6.3540187,0.5347999,1.1496125,0.025309993,0.025967224,0.86401993,6.3540187
202700631,Jaden Wuerth,2027,DL,0.87,IDL,0.90106773,9.107925,0.7243253,2.6274638,0.004694859,0.004717005,0.90106773,9.107925
202700634,Jaderian Jones,2027,DL,0.87,IDL,0.964405,27.093834,0.73260033,2.7397203,0.0032331746,0.003243662,0.964405,27.093834
202700642,Yahzeen Zion,2027,DL,0.87,IDL,0.78180563,3.5830698,0.61649203,1.6075077,0.0063423105,0.006382792,0.78180563,3.5830698
202700647,David Hill,2027,DL,0.87,IDL,0.9586478,23.182503,0.77055484,3.35834,0.0011015702,0.001102785,0.9586478,23.182503
202700674,Josh Fasbender,2027,DL,0.87,IDL,0.93357277,14.054068,0.70592767,2.400524,0.01039234,0.010501475,0.93357277,14.054068
202700682,David Folorunsho,2027,DL,0.87,IDL,0.8744639,6.965837,0.63353175,1.7287494,0.014805947,0.015028458,0.8744639,6.965837
202700692,Xzavier Whittington,2027,DL,0.87,IDL,0.9788303,46.237274,0.7858079,3.6687064,0.015511366,0.01575576,0.9788303,46.237274
202700698,Jeau-Pierre Furtado,2027,DL,0.865,IDL,0.64143157,1.788868,0.5606069,1.2758664,0.013332793,0.013512958,0.64143157,1.788868
202700713,Joseph Graves,2027,DL,0.865,IDL,0.92064685,11.601893,0.5161309,1.0666747,0.0021475244,0.002152146,0.92064685,11.601893
202700722,Kekoa Peko,2027,DL,0.86,IDL,0.9227101,11.938305,0.6698574,2.028994,0.0008830951,0.00088387565,0.9227101,11.938305
202700731,Matamatagi Uiagalelei,2027,DL,0.86,IDL,0.80210155,4.053097,0.5075987,1.0308639,0.0016075432,0.0016101316,0.80210155,4.053097
202700741,Jaiden Davis,2027,DL,0.86,IDL,0.75611293,3.1002584,0.50005674,1.000227,0.0009002725,0.00090108375,0.75611293,3.1002584
202700755,Kindrid Outland,2027,DL,0.86,IDL,0.47698933,0.91200686,0.5087505,1.0356255,0.000824943,0.0008256241,0.47698933,0.91200686
202700756,Isaia Vandermade,2027,DL,0.86,IDL,0.8713029,6.770183,0.554276,1.2435408,0.00028981056,0.00028989458,0.8713029,6.770183
202700757,Errol Demontagnac,2027,DL,0.86,IDL,0.53212947,1.1373434,0.26614535,0.36266765,0.0005651278,0.0005654474,0.53212947,1.1373434
202700764,Maison Smith,2027,DL,0.86,IDL,0.88593394,7.7668495,0.5805168,1.3838857,0.0004435369,0.0004437337,0.88593394,7.7668495
202700772,Stone Ah Quin,2027,DL,0.86,IDL,0.93148154,13.594607,0.53974277,1.172698,0.0016578947,0.0016606479,0.93148154,13.594607
202700775,Zai'Vion Meads,2027,DL,0.86,IDL,0.7628022,3.2158904,0.40597847,0.6834406,0.00035757603,0.00035770395,0.7628022,3.2158904
202700781,Marcellus Young Casario,2027,DL,0.86,IDL,0.8258126,4.7409425,0.5270917,1.1145748,0.00072547677,0.00072600343,0.8258126,4.7409425
202700793,Gene Jones,2027,DL,0.86,IDL,0.7330429,2.7459202,0.41806266,0.7183981,0.0009002725,0.00090108375,0.7330429,2.7459202
202700798,Josh Johnson,2027,DL,0.86,IDL,0.77849424,3.5145552,0.5699228,1.325164,0.0013801923,0.0013820999,0.77849424,3.5145552
202700816,Antonio Underwood,2027,DL,0.855,IDL,0.7926088,3.8218052,0.5370706,1.1601565,0.0007391597,0.00073970645,0.7926088,3.8218052
202700822,Kaleb Exume,2027,DL,0.85,IDL,0.9334645,14.029577,0.67189795,2.0478323,0.0003583193,0.00035844772,0.9334645,14.029577
202700831,Isaiah Stephen,2027,DL,0.85,IDL,0.9086508,9.947005,0.49290168,0.9720042,0.0025971977,0.0026039607,0.9086508,9.947005
202700833,Rocco Malaki,2027,DL,0.85,IDL,0.8967257,8.682953,0.6063463,1.5403038,0.0004619446,0.0004621581,0.8967257,8.682953
202700841,Lopeti Malupo,2027,DL,0.85,IDL,0.8598533,6.1353817,0.47360626,0.8997186,0.0024519896,0.0024580166,0.8598533,6.1353817
202700842,Lua Deberry,2027,DL,0.85,IDL,0.9488933,18.56691,0.66826665,2.0144694,0.0009287392,0.0009296026,0.9488933,18.56691
202700856,Micah Butler,2027,DL,0.85,IDL,0.91489905,10.750751,0.56404513,1.2938154,0.0006911956,0.00069167366,0.91489905,10.750751
202700863,Kahikapu Young,2027,DL,0.85,IDL,0.8706345,6.730036,0.4508519,0.82100236,0.00092092063,0.0009217695,0.8706345,6.730036
202700874,Aniti Paiva,2027,DL,0.85,IDL,0.8394471,5.228476,0.49559572,0.9825367,0.0010750997,0.0010762567,0.8394471,5.228476
202700884,Zayne Reed,2027,DL,0.84,IDL,0.44219673,0.7927467,0.35582656,0.5523769,0.000712986,0.0007134947,0.44219673,0.7927467
202700897,Anitoni Tahi,2027,DL,0.84,IDL,0.7137244,2.4931371,0.40685016,0.68591464,0.00032531485,0.00032542073,0.7137244,2.4931371
202700913,Hunter Eligon,2027,DL,0.84,IDL,0.6798802,2.1238306,0.45774364,0.8441462,0.0023907619,0.0023964914,0.6798802,2.1238306
202700923,Derrick LeBlanc Jr.,2027,DL,0.84,IDL,0.862468,6.271035,0.1666737,0.20001014,0.0009965744,0.0009975686,0.862468,6.271035
202700944,John Amofah Jr.,2027,DL,0.84,IDL,0.61836725,1.6203202,0.45038927,0.8194696,0.00031365652,0.00031375492,0.61836725,1.6203202
202701005,Blake Fiacco,2027,DL,0.8,IDL,0.57025343,1.3269528,0.4729003,0.89717424,0.000690404,0.000690881,0.57025343,1.3269528
202800008,Kellan Hall,2028,DL,0.9952,IDL,0.9921489,126.3703,0.94405156,16.8736,0.070637345,0.076006226,0.9921489,126.3703
202800012,Asher Ghioto,2028,DL,0.9934,IDL,0.9814011,52.76658,0.92141074,11.724385,0.027987324,0.028793167,0.9814011,52.76658
202800017,Azhir Waddell,2028,DL,0.9906,IDL,0.9941543,170.06517,0.9860973,70.92835,0.008244468,0.008313004,0.9941543,170.06517
202800024,Jameer Whyce,2028,DL,0.9884,IDL,0.99093646,109.332146,0.97499007,38.98412,0.03739696,0.038849827,0.99093646,109.332146
202800032,Tyzon Swann,2028,DL,0.982,IDL,0.996786,310.1386,0.9470374,17.881248,0.0063535958,0.0063942224,0.996786,310.1386
202800037,Cory Cunningham,2028,DL,0.9805,IDL,0.99546576,219.5439,0.95936435,23.608936,0.013650567,0.013839484,0.99546576,219.5439
202800043,Caleb Tucker,2028,DL,0.9785,IDL,0.98632807,72.14254,0.9822795,55.43175,0.017906213,0.018232692,0.98632807,72.14254
202800064,Tyrone Elee,2028,DL,0.9402,IDL,0.99795866,488.87433,0.94440323,16.986656,0.0042054956,0.0042232564,0.99795866,488.87433
202800099,Tayaun Lawrence,2028,DL,0.9305,IDL,0.92964756,13.214149,0.81031007,4.271761,0.036154315,0.03751048,0.92964756,13.214149
202800101,Jamarcus Johnson,2028,DL,0.9301,IDL,0.9597365,23.836407,0.94192606,16.219429,0.031892657,0.03294331,0.9597365,23.836407
202800105,Dawson Jacobs,2028,DL,0.9289,IDL,0.9494656,18.78849,0.8049825,4.1277447,0.03527508,0.03656491,0.9494656,18.78849
202800115,Trison Satele,2028,DL,0.9271,IDL,0.9733732,36.55611,0.6349641,1.7394567,0.003635911,0.0036491791,0.9733732,36.55611
202800116,Zayre Thomas,2028,DL,0.9267,IDL,0.9298005,13.245118,0.5296093,1.1258925,0.029339392,0.03022621,0.9298005,13.245118
202800118,Ayden Woodruff,2028,DL,0.9263,IDL,0.9535892,20.54671,0.8919508,8.255042,0.021342678,0.021808121,0.9535892,20.54671
202800130,Kingston Brown,2028,DL,0.9208,IDL,0.9443553,16.971167,0.6756717,2.0832956,0.04950906,0.05208788,0.9443553,16.971167
202800135,Tory Clark,2028,DL,0.89,IDL,0.9607601,24.484276,0.67041683,2.0341356,0.003300293,0.0033112213,0.9607601,24.484276
202800138,Chase Foster II,2028,DL,0.885,IDL,0.8970168,8.710324,0.58336276,1.4001695,0.0015238966,0.0015262224,0.8970168,8.710324
202800139,Christian Webb-Scott,2028,DL,0.885,IDL,0.9285692,12.999563,0.17153595,0.20705299,0.0045548338,0.004575675,0.9285692,12.999563
202800150,Aedyn Havili,2028,DL,0.88,IDL,0.8987461,8.876161,0.7041328,2.3798947,0.0006434228,0.0006438371,0.8987461,8.876161
202800158,Jayden McKinney,2028,DL,0.88,IDL,0.71871495,2.5551126,0.4997537,0.99901533,0.009193272,0.009278573,0.71871495,2.5551126
202800164,Micah Santiago,2028,DL,0.88,IDL,0.94722646,17.94889,0.9128634,10.476231,0.00080027385,0.0008009148,0.94722646,17.94889
202800166,Hendrix Dawson,2028,DL,0.88,IDL,0.6682084,2.0139403,0.48012283,0.92353123,0.002630987,0.0026379274,0.6682084,2.0139403
202800175,Jayden Beckley,2028,DL,0.875,IDL,0.96855944,30.806053,0.76167965,3.1960328,0.0008038814,0.0008045281,0.96855944,30.806053
202800195,Jamir Lee,2028,DL,0.875,IDL,0.9130629,10.502565,0.6937355,2.2651513,0.0033766301,0.0033880703,0.9130629,10.502565
