player_id,name,year,position,rating,target_career_score_0_100,y_true_ge20,y_pred_prob_ge20_raw,y_pred_class_ge20_raw,y_true_ge50,y_pred_prob_ge50_raw,y_pred_class_ge50_raw,y_true_ge80,y_pred_prob_ge80_raw,y_pred_class_ge80_raw,y_true_binary,y_pred_prob_raw,y_pred_class_raw,position_group
201500002,Martez Ivey,2015,OT,0.9991,66.9764,1,0.964458703994751,1,1,0.9713549613952637,1,0,0.09720633178949356,0,1,0.964458703994751,1,OL
201500023,Mitch Hyatt,2015,OT,0.9896,90.261,1,0.9772042036056519,1,1,0.8781111240386963,1,1,0.13971459865570068,0,1,0.9772042036056519,1,OL
201500026,Chuma Edoga,2015,OG,0.988,65.0117,1,0.9539415240287781,1,1,0.9521122574806213,1,0,0.08631311357021332,0,1,0.9539415240287781,1,OL
201500037,Maea Teuhema,2015,OG,0.9839,51.2169,1,0.899795413017273,1,1,0.9343602657318115,1,0,0.48874977231025696,0,1,0.899795413017273,1,OL
201500052,Javon Patterson,2015,OG,0.9751,76.7439,1,0.9817038178443909,1,1,0.9388849139213562,1,0,0.02145911380648613,0,1,0.9817038178443909,1,OL
201500054,Lester Cotton,2015,OG,0.9749,58.1536,1,0.984744131565094,1,1,0.8367039561271667,1,0,0.03764091432094574,0,1,0.984744131565094,1,OL
201500056,Drew Richmond,2015,OT,0.9741,65.8858,1,0.9878124594688416,1,1,0.9371030330657959,1,0,0.11527079343795776,0,1,0.9878124594688416,1,OL
201500062,Richie Petitbon,2015,OG,0.9696,56.3313,1,0.9645358920097351,1,1,0.8769756555557251,1,0,0.01234144065529108,0,1,0.9645358920097351,1,OL
201500089,Tristen Hoge,2015,OC,0.9585,0.0,0,0.9747360944747925,1,0,0.9559828639030457,1,0,0.1527271270751953,0,0,0.9747360944747925,1,OL
201500096,Abdul Bello,2015,OT,0.9562,55.0408,1,0.9411662220954895,1,1,0.8605493903160095,1,0,0.046316538006067276,0,1,0.9411662220954895,1,OL
201500101,Isaiah Prince,2015,OT,0.9533,67.1939,1,0.9323606491088867,1,1,0.8494786024093628,1,0,0.028473740443587303,0,1,0.9323606491088867,1,OL
201500103,Toby Weathersby,2015,OT,0.9522,55.9489,1,0.9420994520187378,1,1,0.8137617111206055,1,0,0.03896870091557503,0,1,0.9420994520187378,1,OL
201500104,Chidi Okeke,2015,OT,0.9521,0.0,0,0.9862907528877258,1,0,0.9173488020896912,1,0,0.009018851444125175,0,0,0.9862907528877258,1,OL
201500107,Josh Wariboko-Alali,2015,OG,0.9515,63.1353,1,0.7489794492721558,1,1,0.7956280708312988,1,0,0.03063008189201355,0,1,0.7489794492721558,1,OL
201500110,Matthew Burrell,2015,OG,0.9509,47.1453,1,0.9362925291061401,1,0,0.8787911534309387,1,0,0.04326933994889259,0,1,0.9362925291061401,1,OL
201500123,Jake Fruhmorgen,2015,OT,0.945,56.1993,1,0.9782514572143555,1,1,0.8676062226295471,1,0,0.022826911881566048,0,1,0.9782514572143555,1,OL
201500129,Patrick Vahe,2015,OC,0.9426,67.4161,1,0.960798442363739,1,1,0.8851003646850586,1,0,0.04081831872463226,0,1,0.960798442363739,1,OL
201500131,Jack Jones,2015,OT,0.9421,52.6456,1,0.9531779885292053,1,1,0.7398983836174011,1,0,0.011239138431847095,0,1,0.9531779885292053,1,OL
201500154,Fred Ulu-Perry,2015,OC,0.9329,51.4545,1,0.9074348211288452,1,1,0.8883825540542603,1,0,0.0969836413860321,0,1,0.9074348211288452,1,OL
201500161,Ryan Bates,2015,OT,0.9303,68.664,1,0.8849995136260986,1,1,0.8282538652420044,1,0,0.01221003569662571,0,1,0.8849995136260986,1,OL
201500172,Bobby Evans,2015,OT,0.926,63.2482,1,0.8750344514846802,1,1,0.7804684042930603,1,0,0.05100033059716225,0,1,0.8750344514846802,1,OL
201500178,Tommy Hatton,2015,OC,0.9239,0.0,0,0.9139383435249329,1,0,0.8940668106079102,1,0,0.13362003862857819,0,0,0.9139383435249329,1,OL
201500180,Keaton Sutherland,2015,OT,0.9232,67.2184,1,0.8183798789978027,1,1,0.753872811794281,1,0,0.08234793692827225,0,1,0.8183798789978027,1,OL
201500181,Kyonta Stallworth,2015,OG,0.9231,0.0,0,0.8824288845062256,1,0,0.7354980707168579,1,0,0.1574607789516449,0,0,0.8824288845062256,1,OL
201500185,Connor Lanfear,2015,OT,0.9223,58.0634,1,0.9164613485336304,1,1,0.6653791666030884,1,0,0.14880502223968506,0,1,0.9164613485336304,1,OL
201500188,Jalin Barnett,2015,OG,0.9219,0.0,0,0.9204062223434448,1,0,0.7293439507484436,1,0,0.058186668902635574,0,0,0.9204062223434448,1,OL
201500190,Gabe Megginson,2015,OT,0.9218,41.5556,1,0.9139226078987122,1,0,0.8811851739883423,1,0,0.14408977329730988,0,1,0.9139226078987122,1,OL
201500209,Pat Allen,2015,OT,0.9166,45.4172,1,0.86236971616745,1,0,0.6766147017478943,1,0,0.023689720779657364,0,1,0.86236971616745,1,OL
201500211,Sterling Jenkins,2015,OT,0.9159,0.0,0,0.8145344853401184,1,0,0.8117003440856934,1,0,0.019310325384140015,0,0,0.8145344853401184,1,OL
201500214,Bar Milo,2015,OT,0.9144,41.4799,1,0.5577337145805359,1,0,0.615600049495697,1,0,0.006009332370012999,0,1,0.5577337145805359,1,OL
201500215,Emanuel McGirt,2015,OT,0.9141,51.2797,1,0.8136271834373474,1,1,0.6095560789108276,1,0,0.09371940791606903,0,1,0.8136271834373474,1,OL
201500217,Andre James,2015,OT,0.9136,61.0821,1,0.718060314655304,1,1,0.6586219072341919,1,0,0.06121522933244705,0,1,0.718060314655304,1,OL
201500220,Grant Newsome,2015,OT,0.9129,39.319,1,0.8304316401481628,1,0,0.6553933620452881,1,0,0.0225522443652153,0,1,0.8304316401481628,1,OL
201500222,Dallas Warmack,2015,OG,0.9121,60.6434,1,0.8803377151489258,1,1,0.5781244039535522,1,0,0.0029735565185546875,0,1,0.8803377151489258,1,OL
201500223,Tyler Carr,2015,OG,0.912,46.9818,1,0.917222797870636,1,0,0.6052050590515137,1,0,0.0076010269112885,0,1,0.917222797870636,1,OL
201500228,Marquel Harrell,2015,OG,0.9116,69.4773,1,0.8981305956840515,1,1,0.6644721627235413,1,0,0.022428268566727638,0,1,0.8981305956840515,1,OL
201500231,Tevita Halalilo,2015,OG,0.9113,0.0,0,0.8865973949432373,1,0,0.4832330048084259,0,0,0.005557209253311157,0,0,0.8865973949432373,1,OL
201500236,William Sweet,2015,OT,0.9098,50.9524,1,0.8063482046127319,1,1,0.7824416756629944,1,0,0.007546902168542147,0,1,0.8063482046127319,1,OL
201500238,Jalen Merrick,2015,OG,0.9096,0.0,0,0.944706380367279,1,0,0.8185286521911621,1,0,0.10209698975086212,0,0,0.944706380367279,1,OL
201500240,Zach Okun,2015,OG,0.9093,0.0,0,0.9529255032539368,1,0,0.7971603274345398,1,0,0.0110981659963727,0,0,0.9529255032539368,1,OL
201500243,Trevor Elbert,2015,OT,0.9089,0.0,0,0.9652876257896423,1,0,0.7160027623176575,1,0,0.04368237406015396,0,0,0.9652876257896423,1,OL
201500244,Zach Robertson,2015,OG,0.9088,56.8347,1,0.7663843035697937,1,1,0.5142017602920532,1,0,0.00534092728048563,0,1,0.7663843035697937,1,OL
201500247,Zack Bailey,2015,OG,0.9082,65.9183,1,0.7401981353759766,1,1,0.6244175434112549,1,0,0.049636248499155045,0,1,0.7401981353759766,1,OL
201500250,Henry Roberts,2015,OT,0.9079,56.3373,1,0.6678937077522278,1,1,0.7583755254745483,1,0,0.10177075862884521,0,1,0.6678937077522278,1,OL
201500255,Quarvez Boulware,2015,OG,0.907,0.0,0,0.8892267942428589,1,0,0.5457395315170288,1,0,0.017812438309192657,0,0,0.8892267942428589,1,OL
201500260,Conner Dyer,2015,OT,0.9066,0.0,0,0.8540288805961609,1,0,0.6802979111671448,1,0,0.08273973315954208,0,0,0.8540288805961609,1,OL
201500266,Kaleb Kim,2015,OC,0.9054,59.9809,1,0.9370638728141785,1,1,0.9293563961982727,1,0,0.07023691385984421,0,1,0.9370638728141785,1,OL
201500272,Madison Akamnonu,2015,OT,0.904,65.399,1,0.7204573154449463,1,1,0.4907694160938263,0,0,0.048700977116823196,0,1,0.7204573154449463,1,OL
201500279,Austin Clark,2015,OT,0.903,0.0,0,0.8472982048988342,1,0,0.752274751663208,1,0,0.3501831889152527,0,0,0.8472982048988342,1,OL
201500290,Dru Samia,2015,OT,0.9014,69.2937,1,0.6998607516288757,1,1,0.5657466650009155,1,0,0.05089340731501579,0,1,0.6998607516288757,1,OL
201500298,Tyree St. Louis,2015,OT,0.9001,65.566,1,0.8299991488456726,1,1,0.615058183670044,1,0,0.07318996638059616,0,1,0.8299991488456726,1,OL
201500309,Brandon Kennedy,2015,OG,0.8987,60.3811,1,0.8908260464668274,1,1,0.6565905809402466,1,0,0.06250761449337006,0,1,0.8908260464668274,1,OL
201500316,Trey Adams,2015,OT,0.8969,74.119,1,0.6998671889305115,1,1,0.8060661554336548,1,0,0.014105063863098621,0,1,0.6998671889305115,1,OL
201500325,Tommy Champion,2015,OT,0.8944,0.0,0,0.7318722009658813,1,0,0.7119729518890381,1,0,0.008491318672895432,0,0,0.7318722009658813,1,OL
201500326,Tim Lynott,2015,OG,0.8944,64.0482,1,0.8575607538223267,1,1,0.7863775491714478,1,0,0.025080738589167595,0,1,0.8575607538223267,1,OL
201500329,Clayton Bradley,2015,OT,0.8942,50.9088,1,0.8145893812179565,1,1,0.5200486779212952,1,0,0.00551996473222971,0,1,0.8145893812179565,1,OL
201500331,AJ Harris,2015,OG,0.894,39.948,1,0.8624078035354614,1,0,0.5831145644187927,1,0,0.042246777564287186,0,1,0.8624078035354614,1,OL
201500332,James Daniels,2015,OC,0.8939,57.3539,1,0.9145488739013672,1,1,0.8718065619468689,1,0,0.05031062662601471,0,1,0.9145488739013672,1,OL
201500333,Semisi Uluave,2015,OG,0.8936,45.6105,1,0.8034509420394897,1,0,0.7873742580413818,1,0,0.010787589475512505,0,1,0.8034509420394897,1,OL
201500336,Jon Dietzen,2015,OT,0.8929,61.8541,1,0.9121522307395935,1,1,0.8660727143287659,1,0,0.035466719418764114,0,1,0.9121522307395935,1,OL
201500350,Steven Gonzalez,2015,OG,0.8911,70.1846,1,0.8369290828704834,1,1,0.4298114776611328,0,0,0.0056253764778375626,0,1,0.8369290828704834,1,OL
201500352,Roy Hemsley,2015,OT,0.89,39.401,1,0.7419987320899963,1,0,0.6555776596069336,1,0,0.01696677692234516,0,1,0.7419987320899963,1,OL
201500356,E.J. Donahue,2015,OG,0.8895,0.0,0,0.9128634333610535,1,0,0.5384232997894287,1,0,0.12970919907093048,0,0,0.9128634333610535,1,OL
201500357,Zach Rogers,2015,OG,0.8894,51.6622,1,0.8857861161231995,1,1,0.7037695646286011,1,0,0.010921276174485683,0,1,0.8857861161231995,1,OL
201500368,Kieffer Longson,2015,OG,0.8878,0.0,0,0.8793938159942627,1,0,0.6126686930656433,1,0,0.08364620059728622,0,0,0.8793938159942627,1,OL
201500370,Venzell Boulware,2015,OT,0.8872,52.7561,1,0.7954657077789307,1,1,0.6051366329193115,1,0,0.12546205520629883,0,1,0.7954657077789307,1,OL
201500375,Christian Pellage,2015,OT,0.8863,38.8945,1,0.8558382391929626,1,0,0.672980546951294,1,0,0.0031519350595772266,0,1,0.8558382391929626,1,OL
201500383,Kevin Estes,2015,OT,0.885,0.0,0,0.7175479531288147,1,0,0.6050207614898682,1,0,0.042320940643548965,0,0,0.7175479531288147,1,OL
201500389,Noah Green,2015,OT,0.8832,0.0,0,0.806125819683075,1,0,0.6395578384399414,1,0,0.026950709521770477,0,0,0.806125819683075,1,OL
201500391,David Moorman,2015,OT,0.8828,57.6365,1,0.7751882076263428,1,1,0.6266065239906311,1,0,0.055605992674827576,0,1,0.7751882076263428,1,OL
201500393,David Robbins,2015,OG,0.8822,0.0,0,0.9068504571914673,1,0,0.7004280090332031,1,0,0.01874089241027832,0,0,0.9068504571914673,1,OL
201500394,Tyler Jordan,2015,OC,0.8822,64.6366,1,0.9368413090705872,1,1,0.8624553084373474,1,0,0.020304054021835327,0,1,0.9368413090705872,1,OL
201500415,Brady Aiello,2015,OT,0.8804,74.2573,1,0.6712782979011536,1,1,0.47905129194259644,0,0,0.008774184621870518,0,1,0.6712782979011536,1,OL
201500418,Mason Veal,2015,OT,0.8803,50.4537,1,0.7315055131912231,1,1,0.6507258415222168,1,0,0.018135225400328636,0,1,0.7315055131912231,1,OL
201500419,Adrian Magee,2015,OT,0.8803,59.2122,1,0.7168928384780884,1,1,0.6107479929924011,1,0,0.05504164844751358,0,1,0.7168928384780884,1,OL
201500421,Connor Williams,2015,OT,0.8802,86.2962,1,0.7795920968055725,1,1,0.6048502922058105,1,1,0.00805477611720562,0,1,0.7795920968055725,1,OL
201500426,Darryl Williams,2015,OC,0.8799,62.1418,1,0.9177830815315247,1,1,0.8550671339035034,1,0,0.0392988845705986,0,1,0.9177830815315247,1,OL
201500427,Darrin Paulo,2015,OG,0.8798,64.2727,1,0.7830221056938171,1,1,0.5890704989433289,1,0,0.019463995471596718,0,1,0.7830221056938171,1,OL
201500434,Sam Madden,2015,OT,0.879,0.0,0,0.8090463280677795,1,0,0.6462084054946899,1,0,0.010428154841065407,0,0,0.8090463280677795,1,OL
201500445,Sage Hardin,2015,OT,0.8782,0.0,0,0.7847528457641602,1,0,0.5066804885864258,1,0,0.03439724072813988,0,0,0.7847528457641602,1,OL
201500446,Landan Paulsen,2015,OG,0.8781,57.8968,1,0.7077946066856384,1,1,0.5799808502197266,1,0,0.0454324409365654,0,1,0.7077946066856384,1,OL
201500447,George Asafo-Adjei,2015,OT,0.8779,64.9118,1,0.8161917924880981,1,1,0.632218062877655,1,0,0.07681728899478912,0,1,0.8161917924880981,1,OL
201500449,Cody Creason,2015,OG,0.8778,61.6263,1,0.8307987451553345,1,1,0.6233945488929749,1,0,0.02747206576168537,0,1,0.8307987451553345,1,OL
201500450,Noah Listermann,2015,OT,0.8778,0.0,0,0.842745840549469,1,0,0.605541467666626,1,0,0.008386879228055477,0,0,0.842745840549469,1,OL
201500452,Bailey Sharp,2015,OT,0.8777,52.5022,1,0.7995291352272034,1,1,0.6765508651733398,1,0,0.10465817153453827,0,1,0.7995291352272034,1,OL
201500456,Levi Paulsen,2015,OT,0.8772,58.3742,1,0.6851308941841125,1,1,0.7188600301742554,1,0,0.0335768386721611,0,1,0.6851308941841125,1,OL
201500468,Grant Schmidt,2015,OT,0.8758,0.0,0,0.7147200107574463,1,0,0.6192982792854309,1,0,0.017399566248059273,0,0,0.7147200107574463,1,OL
201500476,George Brown,2015,OT,0.8751,33.7448,1,0.850544810295105,1,0,0.6673027873039246,1,0,0.04729919880628586,0,1,0.850544810295105,1,OL
201500480,Christian Gaylord,2015,OT,0.8744,49.2338,1,0.5899536609649658,1,0,0.3148934841156006,0,0,0.015407122671604156,0,1,0.5899536609649658,1,OL
201500491,Trevor Ruhland,2015,OG,0.8738,59.3963,1,0.8784076571464539,1,1,0.6975406408309937,1,0,0.031180240213871002,0,1,0.8784076571464539,1,OL
201500492,Sam Awolope,2015,OT,0.8737,0.0,0,0.767389714717865,1,0,0.6757268309593201,1,0,0.033490005880594254,0,0,0.767389714717865,1,OL
201500493,Matt Jones,2015,OT,0.8736,58.6498,1,0.8453512191772461,1,1,0.7177343964576721,1,0,0.018672244623303413,0,1,0.8453512191772461,1,OL
201500496,Shane Lemieux,2015,OG,0.8736,65.3731,1,0.8373509049415588,1,1,0.7598637938499451,1,0,0.020235370844602585,0,1,0.8373509049415588,1,OL
201500506,Kevin Feder,2015,OT,0.8727,58.6763,1,0.8152802586555481,1,1,0.6095404028892517,1,0,0.0030005373992025852,0,1,0.8152802586555481,1,OL
201500508,Brian Chaffin,2015,OC,0.8722,59.7351,1,0.8624331951141357,1,1,0.933319628238678,1,0,0.027554556727409363,0,1,0.8624331951141357,1,OL
201500533,Calvin Throckmorton,2015,OT,0.8703,76.9059,1,0.7895588278770447,1,1,0.8310592174530029,1,0,0.003387985983863473,0,1,0.7895588278770447,1,OL
201500535,Cole Minshew,2015,OG,0.8703,63.8003,1,0.91853928565979,1,1,0.7281739115715027,1,0,0.08264335244894028,0,1,0.91853928565979,1,OL
201500537,Cody Ford,2015,OT,0.87,59.6446,1,0.8382323980331421,1,1,0.5748934149742126,1,0,0.008078916929662228,0,1,0.8382323980331421,1,OL
201500541,Alex Givens,2015,OT,0.8697,65.8211,1,0.46743398904800415,0,1,0.3946298062801361,0,0,0.015578621998429298,0,1,0.46743398904800415,0,OL
201500542,Branden Bowen,2015,OT,0.8697,56.4458,1,0.7304010987281799,1,1,0.5835736989974976,1,0,0.017157070338726044,0,1,0.7304010987281799,1,OL
201500563,Mason Walter,2015,OT,0.8678,0.0,0,0.6368774175643921,1,0,0.44363439083099365,0,0,0.002490400103852153,0,0,0.6368774175643921,1,OL
201500570,Garrett Thomas,2015,OG,0.8672,0.0,0,0.8000499606132507,1,0,0.6803122758865356,1,0,0.007930097170174122,0,0,0.8000499606132507,1,OL
201500572,Rob Dowdy,2015,OG,0.8669,0.0,0,0.8720636367797852,1,0,0.7526072263717651,1,0,0.008943443186581135,0,0,0.8720636367797852,1,OL
201500581,Cole Smith,2015,OC,0.8669,33.7448,1,0.8392514586448669,1,0,0.8331620693206787,1,0,0.0035963882692158222,0,1,0.8392514586448669,1,OL
201500593,Tyler Higby,2015,OT,0.8661,68.3437,1,0.793483555316925,1,1,0.624066174030304,1,0,0.0038801690097898245,0,1,0.793483555316925,1,OL
201500594,Colton Jackson,2015,OT,0.8661,69.9371,1,0.76873779296875,1,1,0.5661019682884216,1,0,0.007756369188427925,0,1,0.76873779296875,1,OL
201500604,Zach Giella,2015,OT,0.8653,52.172,1,0.6891205906867981,1,1,0.5884705781936646,1,0,0.06972791254520416,0,1,0.6891205906867981,1,OL
201500613,Jared Thomas,2015,OC,0.8644,65.0619,1,0.8956924676895142,1,1,0.8101394772529602,1,0,0.05782681703567505,0,1,0.8956924676895142,1,OL
201500623,Michael Howard,2015,OT,0.8643,64.4342,1,0.8485386967658997,1,1,0.5832824110984802,1,0,0.008569791913032532,0,1,0.8485386967658997,1,OL
201500625,Dominique Hearne,2015,OG,0.8639,0.0,0,0.8061370253562927,1,0,0.6536414623260498,1,0,0.13718558847904205,0,0,0.8061370253562927,1,OL
201500629,Matt Womack,2015,OT,0.8639,58.7624,1,0.750078558921814,1,1,0.6174269914627075,1,0,0.01473285537213087,0,1,0.750078558921814,1,OL
201500633,Will Bryan,2015,OG,0.8636,70.6133,1,0.7668426036834717,1,1,0.6045475006103516,1,0,0.022031277418136597,0,1,0.7668426036834717,1,OL
201500641,Brandon Sandifer,2015,OG,0.8631,0.0,0,0.7862955927848816,1,0,0.7300624847412109,1,0,0.1529289186000824,0,0,0.7862955927848816,1,OL
201500651,Alex Paulina,2015,OG,0.8628,0.0,0,0.8565106391906738,1,0,0.6670008897781372,1,0,0.022867577150464058,0,0,0.8565106391906738,1,OL
201500653,Jack Dreyer,2015,OT,0.8628,0.0,0,0.6663364171981812,1,0,0.4451671242713928,0,0,0.009984428063035011,0,0,0.6663364171981812,1,OL
201500662,Johnny Wilson,2015,OG,0.8622,58.7226,1,0.8119707107543945,1,1,0.6017875671386719,1,0,0.036501966416835785,0,1,0.8119707107543945,1,OL
201500663,Jake Hanson,2015,OT,0.8622,65.3731,1,0.5999240279197693,1,1,0.42423442006111145,0,0,0.007244791369885206,0,1,0.5999240279197693,1,OL
201500667,Anthony Palazzolo,2015,OT,0.8619,52.9167,1,0.7268310785293579,1,1,0.507157027721405,1,0,0.007428776938468218,0,1,0.7268310785293579,1,OL
201500673,Chance Hall,2015,OT,0.8617,54.0013,1,0.7757478356361389,1,1,0.5671435594558716,1,0,0.005989938508719206,0,1,0.7757478356361389,1,OL
201500680,Nick Polino,2015,OG,0.8614,61.8938,1,0.7976570129394531,1,1,0.5940967202186584,1,0,0.0070093125104904175,0,1,0.7976570129394531,1,OL
201500694,Logan Stenberg,2015,OT,0.8611,66.8339,1,0.8335109949111938,1,1,0.5927611589431763,1,0,0.03465878963470459,0,1,0.8335109949111938,1,OL
201500704,David Bolisomi,2015,OT,0.8606,54.4494,1,0.7338800430297852,1,1,0.5064104795455933,1,0,0.02130850777029991,0,1,0.7338800430297852,1,OL
201500705,Mike Horton,2015,OT,0.8605,68.5164,1,0.7039926052093506,1,1,0.5248532891273499,1,0,0.006733164191246033,0,1,0.7039926052093506,1,OL
201500719,Andrew Wood,2015,OG,0.8597,60.6728,1,0.7154549956321716,1,1,0.3699224293231964,0,0,0.020188629627227783,0,1,0.7154549956321716,1,OL
201500720,Jake Grant,2015,OG,0.8597,0.0,0,0.7456339597702026,1,0,0.6175161600112915,1,0,0.005296654067933559,0,0,0.7456339597702026,1,OL
201500723,Jacob Newborg,2015,OG,0.8597,0.0,0,0.6689103841781616,1,0,0.5481729507446289,1,0,0.009767287410795689,0,0,0.6689103841781616,1,OL
201500744,Matt McCann,2015,OT,0.8589,69.6647,1,0.7275344729423523,1,1,0.6878849864006042,1,0,0.007428776938468218,0,1,0.7275344729423523,1,OL
201500746,Adam Solomon,2015,OT,0.8589,38.1473,1,0.7382310628890991,1,0,0.6590084433555603,1,0,0.009312841109931469,0,1,0.7382310628890991,1,OL
201500756,Quinn Oseland,2015,OT,0.8581,54.0691,1,0.7774308323860168,1,1,0.5831936001777649,1,0,0.04235009104013443,0,1,0.7774308323860168,1,OL
201500761,Cade Cote,2015,OG,0.8581,52.0731,1,0.7974424958229065,1,1,0.4701709747314453,0,0,0.016336433589458466,0,1,0.7974424958229065,1,OL
201500775,Michael Decker,2015,OG,0.8572,43.5961,1,0.7762866616249084,1,0,0.5605974197387695,1,0,0.003959728870540857,0,1,0.7762866616249084,1,OL
201500779,Ryan Gibson,2015,OG,0.8572,48.4317,1,0.7428838610649109,1,0,0.5448132157325745,1,0,0.013125711120665073,0,1,0.7428838610649109,1,OL
201500784,Blake Camper,2015,OT,0.8572,56.3734,1,0.631674587726593,1,1,0.3674090802669525,0,0,0.0037976817693561316,0,1,0.631674587726593,1,OL
201500788,Tyler Moore,2015,OC,0.8567,44.6627,1,0.80326247215271,1,0,0.6315308809280396,1,0,0.030779404565691948,0,1,0.80326247215271,1,OL
201500792,Levon Livingston,2015,OT,0.8567,0.0,0,0.5562636256217957,1,0,0.3416088819503784,0,0,0.009103798307478428,0,0,0.5562636256217957,1,OL
201500803,Leeward Brown,2015,OG,0.8564,33.433,1,0.7683054804801941,1,0,0.5627056956291199,1,0,0.0018506628694012761,0,1,0.7683054804801941,1,OL
201500828,Ellis McKennie,2015,OG,0.8553,65.6398,1,0.7560553550720215,1,1,0.4828959107398987,0,0,0.015538562089204788,0,1,0.7560553550720215,1,OL
201500830,Mirko Jurkovic,2015,OG,0.855,0.0,0,0.7832428812980652,1,0,0.550003170967102,1,0,0.019177213311195374,0,0,0.7832428812980652,1,OL
201500836,Nathan Gilliam,2015,OT,0.8547,48.6438,1,0.5300750136375427,1,0,0.3010351061820984,0,0,0.11288001388311386,0,1,0.5300750136375427,1,OL
201500837,Adam Lemke-Bell,2015,OT,0.8547,0.0,0,0.8287777900695801,1,0,0.7076132297515869,1,0,0.058667730540037155,0,0,0.8287777900695801,1,OL
201500843,Brendan Loftus,2015,OT,0.8544,0.0,0,0.6506667137145996,1,0,0.3591513931751251,0,0,0.008094530552625656,0,0,0.6506667137145996,1,OL
201500851,Hunter Littlejohn,2015,OG,0.8539,67.656,1,0.7817866206169128,1,1,0.6747159957885742,1,0,0.04903312027454376,0,1,0.7817866206169128,1,OL
201500855,Nick Carman,2015,OT,0.8539,0.0,0,0.6170681118965149,1,0,0.4168729782104492,0,0,0.020828889682888985,0,0,0.6170681118965149,1,OL
201500857,Julian Good-Jones,2015,OT,0.8539,68.4262,1,0.5940756797790527,1,1,0.43213126063346863,0,0,0.09412705153226852,0,1,0.5940756797790527,1,OL
201500872,Tarrick Thomas,2015,OT,0.8531,47.6552,1,0.6232698559761047,1,0,0.4756826162338257,0,0,0.008751710876822472,0,1,0.6232698559761047,1,OL
201500873,Kameron Eloph,2015,OG,0.8531,52.5683,1,0.7656534314155579,1,1,0.5482366681098938,1,0,0.0015872417716309428,0,1,0.7656534314155579,1,OL
201500890,Steven Miller,2015,OT,0.8525,65.7035,1,0.5277894735336304,1,1,0.37889692187309265,0,0,0.005277587566524744,0,1,0.5277894735336304,1,OL
201500896,Hayden Mahoney,2015,OT,0.8522,60.0233,1,0.7581626772880554,1,1,0.5903276801109314,1,0,0.004473807290196419,0,1,0.7581626772880554,1,OL
201500904,Geron Christian,2015,OG,0.8519,68.289,1,0.645541787147522,1,1,0.5403945446014404,1,0,0.004115929361432791,0,1,0.645541787147522,1,OL
201500910,Keven Dixon,2015,OT,0.8517,0.0,0,0.6511930823326111,1,0,0.4284185469150543,0,0,0.0015642166836187243,0,0,0.6511930823326111,1,OL
201500913,Aaron Garza,2015,OG,0.8514,0.0,0,0.8570529222488403,1,0,0.58524090051651,1,0,0.0006579107139259577,0,0,0.8570529222488403,1,OL
201500916,Dominic Fredrickson,2015,OG,0.8514,48.3875,1,0.6531243920326233,1,0,0.43656519055366516,0,0,0.0038199410773813725,0,1,0.6531243920326233,1,OL
201500919,Johnny Capra,2015,OT,0.8514,37.7605,1,0.6044069528579712,1,0,0.376407265663147,0,0,0.0025627680588513613,0,1,0.6044069528579712,1,OL
201500921,Austin Maihen,2015,OT,0.8514,0.0,0,0.57038813829422,1,0,0.30614757537841797,0,0,0.0018234547460451722,0,0,0.57038813829422,1,OL
201500939,Chandler Jones,2015,OG,0.8506,0.0,0,0.695541501045227,1,0,0.5277462005615234,1,0,0.002999954391270876,0,0,0.695541501045227,1,OL
201500950,Charlie Heck,2015,OT,0.85,64.7342,1,0.7654136419296265,1,1,0.3980101943016052,0,0,0.0024147387593984604,0,1,0.7654136419296265,1,OL
201500952,Evan Applegate,2015,OT,0.85,0.0,0,0.7439591288566589,1,0,0.3561982214450836,0,0,0.0011309017427265644,0,0,0.7439591288566589,1,OL
201500956,Bryce Meeker,2015,OT,0.8497,66.0822,1,0.5921972393989563,1,1,0.4106927812099457,0,0,0.00545155443251133,0,1,0.5921972393989563,1,OL
201500958,Josh Jones,2015,OT,0.8497,61.0897,1,0.7062675356864929,1,1,0.5494940280914307,1,0,0.005476069170981646,0,1,0.7062675356864929,1,OL
201500962,Cordel Iwuagwu,2015,OG,0.8497,62.4023,1,0.7487189173698425,1,1,0.5746212005615234,1,0,0.0028476815205067396,0,1,0.7487189173698425,1,OL
201500975,Grant Polk,2015,OT,0.8492,36.3342,1,0.5802609920501709,1,0,0.36594873666763306,0,0,0.004046153277158737,0,1,0.5802609920501709,1,OL
201500977,Aaron Monteiro,2015,OT,0.8492,71.0091,1,0.7219964861869812,1,1,0.5078291893005371,1,0,0.0018424707232043147,0,1,0.7219964861869812,1,OL
201500979,Miki Fifita,2015,OT,0.8492,0.0,0,0.7196433544158936,1,0,0.3886549770832062,0,0,0.0015530962264165282,0,0,0.7196433544158936,1,OL
201500987,Evan Mallory,2015,OG,0.8489,0.0,0,0.8311187624931335,1,0,0.6064367294311523,1,0,0.003629710990935564,0,0,0.8311187624931335,1,OL
201500992,Wyatt Knopfke,2015,OG,0.8486,43.1223,1,0.6416245102882385,1,0,0.47292253375053406,0,0,0.009839867241680622,0,1,0.6416245102882385,1,OL
201500993,Tony Pilato,2015,OT,0.8483,0.0,0,0.5991565585136414,1,0,0.35256561636924744,0,0,0.007200697902590036,0,0,0.5991565585136414,1,OL
201501010,Justin Skule,2015,OT,0.8481,63.5883,1,0.6304134726524353,1,1,0.46781814098358154,0,0,0.003174991114065051,0,1,0.6304134726524353,1,OL
201501014,Scott Frantz,2015,OT,0.8478,65.989,1,0.5215855836868286,1,1,0.3724966049194336,0,0,0.004578045103698969,0,1,0.5215855836868286,1,OL
201501029,Blake Brandel,2015,OT,0.8472,77.0302,1,0.6834409236907959,1,1,0.6072982549667358,1,0,0.0012129655806347728,0,1,0.6834409236907959,1,OL
201501032,Simon Stepaniak,2015,OT,0.8467,63.0921,1,0.8280222415924072,1,1,0.49965476989746094,0,0,0.0032754302956163883,0,1,0.8280222415924072,1,OL
201501034,Chris Lindstrom,2015,OG,0.8467,68.6357,1,0.7967238426208496,1,1,0.7391175627708435,1,0,0.007871398702263832,0,1,0.7967238426208496,1,OL
201501036,Jack Shutack,2015,OT,0.8467,47.6664,1,0.8270349502563477,1,0,0.5996055006980896,1,0,0.03972174972295761,0,1,0.8270349502563477,1,OL
201501040,Tyler Gauthier,2015,OT,0.8467,60.6654,1,0.652596652507782,1,1,0.4399454891681671,0,0,0.0014179371064528823,0,1,0.652596652507782,1,OL
201501042,Pesi Savea,2015,OT,0.8467,0.0,0,0.658892035484314,1,0,0.44777968525886536,0,0,0.018400631844997406,0,0,0.658892035484314,1,OL
201501045,Zach Venesky,2015,OG,0.8464,57.706,1,0.7735304236412048,1,1,0.5087339878082275,1,0,0.0015286097768694162,0,1,0.7735304236412048,1,OL
201501046,Jared Hilbers,2015,OT,0.8464,60.8502,1,0.6597800850868225,1,1,0.5690882802009583,1,0,0.009541947394609451,0,1,0.6597800850868225,1,OL
201501051,Trey Derouen,2015,OG,0.8461,42.7623,1,0.6947012543678284,1,0,0.4626355767250061,0,0,0.0019835454877465963,0,1,0.6947012543678284,1,OL
201501055,Sam Tecklenburg,2015,OT,0.8458,67.2429,1,0.7423237562179565,1,1,0.6251450777053833,1,0,0.004177244380116463,0,1,0.7423237562179565,1,OL
201501091,T.J. Haney,2015,OT,0.8442,0.0,0,0.6507158875465393,1,0,0.3829941749572754,0,0,0.00699375756084919,0,0,0.6507158875465393,1,OL
201501100,Isaiah Trevino,2015,OT,0.8442,0.0,0,0.6113961935043335,1,0,0.40944844484329224,0,0,0.0028549872804433107,0,0,0.6113961935043335,1,OL
201501108,Davis Perrott,2015,OT,0.8442,0.0,0,0.6244619488716125,1,0,0.44737282395362854,0,0,0.004435310605913401,0,0,0.6244619488716125,1,OL
201501109,Tyrell Smith,2015,OG,0.8441,55.5769,1,0.5735357999801636,1,1,0.38573455810546875,0,0,0.006850930862128735,0,1,0.5735357999801636,1,OL
201501117,Jahshaun Seider,2015,OT,0.8433,0.0,0,0.6241146922111511,1,0,0.43783634901046753,0,0,0.0013636156218126416,0,0,0.6241146922111511,1,OL
201501128,Cody Conway,2015,OT,0.8433,70.3195,1,0.7555521130561829,1,1,0.5634841918945312,1,0,0.012252691201865673,0,1,0.7555521130561829,1,OL
201501133,Jon Runyan Jr.,2015,OT,0.8431,66.8812,1,0.7922868728637695,1,1,0.46446487307548523,0,0,0.0015981270698830485,0,1,0.7922868728637695,1,OL
201501138,Wesley French,2015,OT,0.843,55.854,1,0.6498153805732727,1,1,0.48432955145835876,0,0,0.00410339655354619,0,1,0.6498153805732727,1,OL
201501140,Erik McCoy,2015,OC,0.8428,69.3698,1,0.831480085849762,1,1,0.6728981733322144,1,0,0.008706707507371902,0,1,0.831480085849762,1,OL
201501159,Ean Pfeifer,2015,OT,0.8419,40.3272,1,0.49680769443511963,0,0,0.22881478071212769,0,0,0.005447670351713896,0,1,0.49680769443511963,0,OL
201501161,Samuel Clausman,2015,OG,0.8419,0.0,0,0.682112455368042,1,0,0.4496507942676544,0,0,0.0018026164034381509,0,0,0.682112455368042,1,OL
201501165,Marcus Norman,2015,OT,0.8419,61.5641,1,0.681297779083252,1,1,0.4775829017162323,0,0,0.004585374146699905,0,1,0.681297779083252,1,OL
201501173,Alex Neale,2015,OC,0.8417,35.2646,1,0.8087772130966187,1,0,0.6053286194801331,1,0,0.02268141508102417,0,1,0.8087772130966187,1,OL
201501175,Bronson Dovich,2015,OT,0.8417,47.6719,1,0.7088675498962402,1,0,0.5387870073318481,1,0,0.02308877930045128,0,1,0.7088675498962402,1,OL
201501192,Trace Ellison,2015,OT,0.8408,60.8019,1,0.6798321604728699,1,1,0.4508867859840393,0,0,0.03998697176575661,0,1,0.6798321604728699,1,OL
201501193,Dillon Middlemiss,2015,OT,0.8408,0.0,0,0.6593876481056213,1,0,0.5612908005714417,1,0,0.004388909786939621,0,0,0.6593876481056213,1,OL
201501194,Nathan Eldridge,2015,OG,0.8408,63.4592,1,0.6374037265777588,1,1,0.44471296668052673,0,0,0.03209957107901573,0,1,0.6374037265777588,1,OL
201501197,Cameron Bell,2015,OT,0.8406,59.1039,1,0.6489658951759338,1,1,0.4444327652454376,0,0,0.006491399370133877,0,1,0.6489658951759338,1,OL
201501200,Andrejas Duerig,2015,OG,0.8403,39.7816,1,0.8104424476623535,1,0,0.6726307272911072,1,0,0.018742606043815613,0,1,0.8104424476623535,1,OL
201501210,Darion DeBrossard,2015,OG,0.84,38.2654,1,0.7121946811676025,1,0,0.5892271995544434,1,0,0.02416149526834488,0,1,0.7121946811676025,1,OL
201501214,Noah Osur-Myers,2015,OG,0.8397,0.0,0,0.710198700428009,1,0,0.5850077867507935,1,0,0.0025726465974003077,0,0,0.710198700428009,1,OL
201501224,Ted Stieber,2015,OT,0.8392,0.0,0,0.7827584743499756,1,0,0.6044837236404419,1,0,0.02851853147149086,0,0,0.7827584743499756,1,OL
201501227,Kenny Thomas,2015,OT,0.8392,60.636,1,0.6935300827026367,1,1,0.6953645944595337,1,0,0.018885942175984383,0,1,0.6935300827026367,1,OL
201501237,Justin Polu,2015,OG,0.8389,59.4719,1,0.7725227475166321,1,1,0.644921064376831,1,0,0.018607480451464653,0,1,0.7725227475166321,1,OL
201501255,Oshea Dugas,2015,OT,0.8381,57.329,1,0.6665855050086975,1,1,0.43209269642829895,0,0,0.02132100611925125,0,1,0.6665855050086975,1,OL
201501266,Aaron Haigler,2015,OT,0.8375,56.4518,1,0.4236937463283539,0,1,0.20526935160160065,0,0,0.006612685509026051,0,1,0.4236937463283539,0,OL
201501271,Philip Walton,2015,OT,0.8375,0.0,0,0.4852021634578705,0,0,0.3517777621746063,0,0,0.02359733358025551,0,0,0.4852021634578705,0,OL
201501275,Nolan Ulizio,2015,OT,0.8372,59.1715,1,0.7217265963554382,1,1,0.5030757188796997,1,0,0.021703017875552177,0,1,0.7217265963554382,1,OL
201501277,D'Andre Plantin,2015,OT,0.8369,52.4526,1,0.6282808780670166,1,1,0.44594240188598633,0,0,0.009385237470269203,0,1,0.6282808780670166,1,OL
201501278,Zach Baker,2015,OC,0.8369,65.4613,1,0.6911812424659729,1,1,0.4104558527469635,0,0,0.01730307936668396,0,1,0.6911812424659729,1,OL
201501308,Billy Atterbury,2015,OT,0.8358,0.0,0,0.626449704170227,1,0,0.4054284691810608,0,0,0.004759541247040033,0,0,0.626449704170227,1,OL
201501313,Ian Leever,2015,OT,0.8358,33.3184,1,0.7655126452445984,1,0,0.47184938192367554,0,0,0.05553102865815163,0,1,0.7655126452445984,1,OL
201501316,Riley Daniel,2015,OG,0.8358,0.0,0,0.6877729892730713,1,0,0.5368196368217468,1,0,0.014224705286324024,0,0,0.6877729892730713,1,OL
201501322,Fred Johnson,2015,OT,0.8353,63.9283,1,0.6619929671287537,1,1,0.4343569874763489,0,0,0.007129146717488766,0,1,0.6619929671287537,1,OL
201501333,Drew Kyser,2015,OC,0.8348,65.072,1,0.8615766167640686,1,1,0.48179250955581665,0,0,0.028285672888159752,0,1,0.8615766167640686,1,OL
201501337,Levi Brown,2015,OG,0.8348,59.1309,1,0.8176324367523193,1,1,0.5015909671783447,1,0,0.03474568948149681,0,1,0.8176324367523193,1,OL
201501350,Michael Story,2015,OT,0.8344,0.0,0,0.7176786661148071,1,0,0.22244387865066528,0,0,0.007568260654807091,0,0,0.7176786661148071,1,OL
201501357,RJ Proctor,2015,OT,0.8336,63.7549,1,0.42432498931884766,0,1,0.421353280544281,0,0,0.00019474256259854883,0,1,0.42432498931884766,0,OL
201501360,Matt Skibinski,2015,OT,0.8336,57.4039,1,0.5876595377922058,1,1,0.3456713855266571,0,0,0.006046711001545191,0,1,0.5876595377922058,1,OL
201501361,Mason Zimmerman,2015,OC,0.8336,0.0,0,0.9178577065467834,1,0,0.634811282157898,1,0,0.0407586544752121,0,0,0.9178577065467834,1,OL
201501365,Nick Connelly,2015,OT,0.8333,41.3693,1,0.696186363697052,1,0,0.36034077405929565,0,0,0.002420720411464572,0,1,0.696186363697052,1,OL
201501409,John Keenoy,2015,OG,0.8331,61.2869,1,0.6095784306526184,1,1,0.40123987197875977,0,0,0.0009405951714143157,0,1,0.6095784306526184,1,OL
201501414,Alec Shriner,2015,OC,0.8328,0.0,0,0.6805220246315002,1,0,0.5251182913780212,1,0,0.0003541112528182566,0,0,0.6805220246315002,1,OL
201501433,Aaron Wiltz,2015,OG,0.8319,0.0,0,0.5776448249816895,1,0,0.4427550137042999,0,0,0.0009480556473135948,0,0,0.5776448249816895,1,OL
201501435,Zeke Martin,2015,OT,0.8319,35.7554,1,0.7697545886039734,1,0,0.5146216154098511,1,0,0.0019531184807419777,0,1,0.7697545886039734,1,OL
201501436,Brett Waechter,2015,OT,0.8317,0.0,0,0.5787867307662964,1,0,0.3091845214366913,0,0,0.003502666251733899,0,0,0.5787867307662964,1,OL
201501440,Will McClain,2015,OT,0.8317,0.0,0,0.7017666697502136,1,0,0.5898897647857666,1,0,0.002045242115855217,0,0,0.7017666697502136,1,OL
201501443,Vincent Hughes,2015,OT,0.8315,30.6975,1,0.8297378420829773,1,0,0.6256210207939148,1,0,0.01361632626503706,0,1,0.8297378420829773,1,OL
201501444,Jared Southers,2015,OT,0.8314,50.6308,1,0.5519599318504333,1,1,0.28071701526641846,0,0,0.0011043166741728783,0,1,0.5519599318504333,1,OL
201501446,Evan Adams,2015,OT,0.8314,65.8104,1,0.6460622549057007,1,1,0.38859331607818604,0,0,0.003996395040303469,0,1,0.6460622549057007,1,OL
201501464,Cedric Bigge-Duren,2015,OG,0.8303,0.0,0,0.6357989311218262,1,0,0.34841683506965637,0,0,0.002608794951811433,0,0,0.6357989311218262,1,OL
201501472,Nick Buchanan,2015,OT,0.83,60.0375,1,0.565159022808075,1,1,0.3769187927246094,0,0,0.0010001503396779299,0,1,0.565159022808075,1,OL
201501479,Zach Lucas,2015,OT,0.8294,0.0,0,0.670113742351532,1,0,0.44913530349731445,0,0,0.0022875138092786074,0,0,0.670113742351532,1,OL
201501505,Cameron Davis,2015,OT,0.8281,46.6474,1,0.4860208034515381,0,0,0.15259979665279388,0,0,0.004095976706594229,0,1,0.4860208034515381,0,OL
201501509,Troy Thingstad,2015,OT,0.8281,54.2503,1,0.6719785332679749,1,1,0.30899885296821594,0,0,0.0007912559085525572,0,1,0.6719785332679749,1,OL
201501529,Alex Kosinski,2015,OG,0.8267,39.0585,1,0.5921578407287598,1,0,0.4015951156616211,0,0,0.003411322832107544,0,1,0.5921578407287598,1,OL
201501534,Eric Quevedo,2015,OT,0.8267,60.7834,1,0.6295272707939148,1,1,0.30235937237739563,0,0,0.0013216522056609392,0,1,0.6295272707939148,1,OL
201501537,John Phillips,2015,OG,0.8264,67.3912,1,0.8456874489784241,1,1,0.5569538474082947,1,0,0.03428097069263458,0,1,0.8456874489784241,1,OL
201501539,Nathan Veloz,2015,OG,0.8263,61.7752,1,0.8119801878929138,1,1,0.5102283954620361,1,0,0.0007086161058396101,0,1,0.8119801878929138,1,OL
201501547,Reche Thomas,2015,OG,0.8258,0.0,0,0.6731405258178711,1,0,0.42029520869255066,0,0,0.0005224035121500492,0,0,0.6731405258178711,1,OL
201501564,Josh Fannin,2015,OG,0.825,53.5124,1,0.6805389523506165,1,1,0.41253042221069336,0,0,0.0007705409661866724,0,1,0.6805389523506165,1,OL
201501582,Ryan Bischoff,2015,OG,0.8239,0.0,0,0.7462841272354126,1,0,0.5073912739753723,1,0,0.0019649905152618885,0,0,0.7462841272354126,1,OL
201501585,Andrew Otterman,2015,OG,0.8239,0.0,0,0.6519310474395752,1,0,0.34667617082595825,0,0,0.0007595095667056739,0,0,0.6519310474395752,1,OL
201501591,Terence Steele,2015,OT,0.8233,66.1263,1,0.6526215672492981,1,1,0.4225558638572693,0,0,0.002926324028521776,0,1,0.6526215672492981,1,OL
201501598,Clyde McCauley,2015,OT,0.8228,67.3168,1,0.686667799949646,1,1,0.41663891077041626,0,0,0.00475988257676363,0,1,0.686667799949646,1,OL
201501619,Colin Byrne,2015,OG,0.8219,41.6925,1,0.6104480028152466,1,0,0.35661011934280396,0,0,0.0009171347483061254,0,1,0.6104480028152466,1,OL
201501635,Tanner Owen,2015,OT,0.8214,0.0,0,0.7144148349761963,1,0,0.4061909317970276,0,0,0.0012533762492239475,0,0,0.7144148349761963,1,OL
201501639,Chandler Cotterman,2015,OT,0.8211,33.7448,1,0.73149573802948,1,0,0.5201486945152283,1,0,0.0003200641367584467,0,1,0.73149573802948,1,OL
201501646,Derek Smith,2015,OT,0.8206,58.5839,1,0.7569167613983154,1,1,0.3479059338569641,0,0,0.0010127482237294316,0,1,0.7569167613983154,1,OL
201501656,Ryan Alexander,2015,OT,0.82,58.3416,1,0.697321891784668,1,1,0.2217860221862793,0,0,0.004411311354488134,0,1,0.697321891784668,1,OL
201501662,Jeremiah Theus,2015,OG,0.8194,0.0,0,0.5919203162193298,1,0,0.4430907368659973,0,0,0.0028082416392862797,0,0,0.5919203162193298,1,OL
201501691,Mason Wolfe,2015,OG,0.8183,63.4681,1,0.800893247127533,1,1,0.46884459257125854,0,0,0.001052379491738975,0,1,0.800893247127533,1,OL
201501707,Keeyon Smart,2015,OT,0.8174,0.0,0,0.6917908787727356,1,0,0.4662987291812897,0,0,0.0005600271397270262,0,0,0.6917908787727356,1,OL
201501716,Kyle Hoppe,2015,OC,0.8169,69.6805,1,0.8234481811523438,1,1,0.514207124710083,1,0,0.0006811272469349205,0,1,0.8234481811523438,1,OL
201501727,Isaiah Edwards,2015,OG,0.8164,0.0,0,0.4957137107849121,0,0,0.36670657992362976,0,0,0.0021796550136059523,0,0,0.4957137107849121,0,OL
201501729,Jonah Jackson,2015,OT,0.8164,64.8425,1,0.6221235990524292,1,1,0.34748634696006775,0,0,0.0009369954350404441,0,1,0.6221235990524292,1,OL
201501737,Kyle-Malik Mitchell,2015,OG,0.8156,0.0,0,0.7909881472587585,1,0,0.26976683735847473,0,0,0.0006953842239454389,0,0,0.7909881472587585,1,OL
201501740,Zachariah Hoyt,2015,OC,0.8156,56.5789,1,0.738276481628418,1,1,0.7679340839385986,1,0,0.0052895741537213326,0,1,0.738276481628418,1,OL
201501758,Cody Wheeler,2015,OG,0.8144,0.0,0,0.6087508797645569,1,0,0.3782968819141388,0,0,0.0008869146113283932,0,0,0.6087508797645569,1,OL
201501777,Brad Morgan,2015,OG,0.8133,46.1381,1,0.5864295363426208,1,0,0.4296744465827942,0,0,0.0028787325136363506,0,1,0.5864295363426208,1,OL
201501779,Donovan Welch,2015,OT,0.8133,0.0,0,0.666391134262085,1,0,0.27522507309913635,0,0,0.0017566209426149726,0,0,0.666391134262085,1,OL
201501799,Jordan Steckler,2015,OT,0.8119,58.6366,1,0.7550382614135742,1,1,0.388070285320282,0,0,0.0005904629942961037,0,1,0.7550382614135742,1,OL
201501800,Sam McCollum,2015,OG,0.8119,60.2874,1,0.6772036552429199,1,1,0.5073646903038025,1,0,0.0011298125609755516,0,1,0.6772036552429199,1,OL
201501802,DaVondre Love,2015,OT,0.8119,44.4696,1,0.5855944752693176,1,0,0.29616475105285645,0,0,0.0009850998176261783,0,1,0.5855944752693176,1,OL
201501846,Tyler Hudanick,2015,OG,0.81,50.5926,1,0.5848432779312134,1,1,0.3853316903114319,0,0,0.0007225064910016954,0,1,0.5848432779312134,1,OL
201501849,Klint Harvey,2015,OT,0.81,46.1726,1,0.6283947825431824,1,0,0.3220098316669464,0,0,0.0010874957079067826,0,1,0.6283947825431824,1,OL
201501853,Wade Meacham,2015,OT,0.81,63.2657,1,0.7686064839363098,1,1,0.5301878452301025,1,0,0.012873669154942036,0,1,0.7686064839363098,1,OL
201501881,Zachary Kinninger,2015,OT,0.8081,0.0,0,0.6482426524162292,1,0,0.36472323536872864,0,0,0.00022632299805991352,0,0,0.6482426524162292,1,OL
201501883,Garrett Larson,2015,OT,0.8081,61.448,1,0.5435807108879089,1,1,0.27422621846199036,0,0,0.005015476141124964,0,1,0.5435807108879089,1,OL
201501885,Dalton Ford,2015,OG,0.8081,42.8206,1,0.5739935636520386,1,0,0.45998910069465637,0,0,0.00042605248745530844,0,1,0.5739935636520386,1,OL
201501886,Creighton Barr,2015,OC,0.8081,51.7279,1,0.6209263205528259,1,1,0.4562838673591614,0,0,0.0014073518104851246,0,1,0.6209263205528259,1,OL
201501894,Chandler Brewer,2015,OG,0.8078,60.4972,1,0.5297566652297974,1,1,0.28193792700767517,0,0,0.001092327875085175,0,1,0.5297566652297974,1,OL
201501895,Beau Hott,2015,OC,0.8078,35.6733,1,0.7468534111976624,1,0,0.4450441002845764,0,0,0.005823092069476843,0,1,0.7468534111976624,1,OL
201501897,Tyler McGarr,2015,OG,0.8078,0.0,0,0.7272460460662842,1,0,0.4726303219795227,0,0,0.0008952043717727065,0,0,0.7272460460662842,1,OL
201501902,Jordan Fair,2015,OT,0.8078,39.401,1,0.6123460531234741,1,0,0.3995213806629181,0,0,0.0039939964190125465,0,1,0.6123460531234741,1,OL
201501936,Brandon Heidecker,2015,OT,0.8061,53.5711,1,0.5922508835792542,1,1,0.3669981062412262,0,0,0.0006672902964055538,0,1,0.5922508835792542,1,OL
201501952,Bryce Harris,2015,OG,0.8056,64.5881,1,0.720188319683075,1,1,0.4310402572154999,0,0,0.0017266537761315703,0,1,0.720188319683075,1,OL
201501957,Bryce Wilds,2015,OT,0.8053,52.128,1,0.5630526542663574,1,1,0.3911154270172119,0,0,0.0002105505409417674,0,1,0.5630526542663574,1,OL
201501959,Nelson Santiago,2015,OT,0.8053,33.2477,1,0.4874200224876404,0,0,0.35498687624931335,0,0,0.0010976127814501524,0,1,0.4874200224876404,0,OL
201501974,Ramon Miles,2015,OT,0.8048,0.0,0,0.6371887922286987,1,0,0.4626690447330475,0,0,0.008686047978699207,0,0,0.6371887922286987,1,OL
201501987,Evan Curl,2015,OT,0.8039,54.478,1,0.5530004501342773,1,1,0.34141039848327637,0,0,0.0005327757098712027,0,1,0.5530004501342773,1,OL
201502006,Colby Meeks,2015,OC,0.8031,57.3414,1,0.6733529567718506,1,1,0.3511749505996704,0,0,0.00024323031539097428,0,1,0.6733529567718506,1,OL
201502010,Ryan Mullen,2015,OG,0.8031,55.9311,1,0.868395984172821,1,1,0.7614805698394775,1,0,0.038236744701862335,0,1,0.868395984172821,1,OL
201502022,Marcus McNeil,2015,OG,0.8022,0.0,0,0.5844940543174744,1,0,0.4075314700603485,0,0,9.86670856946148e-05,0,0,0.5844940543174744,1,OL
201502027,Chase Van Hoef,2015,OT,0.8019,44.5422,1,0.434940367937088,0,0,0.340957373380661,0,0,0.0004801439063157886,0,1,0.434940367937088,0,OL
201502057,Alex Snow,2015,OC,0.8006,0.0,0,0.6356722116470337,1,0,0.48467692732810974,0,0,0.0027147801592946053,0,0,0.6356722116470337,1,OL
201502059,Tony Taylor,2015,OG,0.8006,0.0,0,0.7353799343109131,1,0,0.5058491826057434,1,0,0.0052530523389577866,0,0,0.7353799343109131,1,OL
201502062,JC Bartok,2015,OT,0.8006,0.0,0,0.5364857316017151,1,0,0.4691741168498993,0,0,0.010863466188311577,0,0,0.5364857316017151,1,OL
201502064,James Peach,2015,OT,0.8006,37.7081,1,0.6320739984512329,1,0,0.39233970642089844,0,0,0.004590846598148346,0,1,0.6320739984512329,1,OL
201502106,Ben Northup,2015,OT,0.7993,0.0,0,0.5770348906517029,1,0,0.514022171497345,1,0,0.0009681650553829968,0,0,0.5770348906517029,1,OL
201502107,Michael Yerardi,2015,OT,0.7989,57.4102,1,0.7481693625450134,1,1,0.46486809849739075,0,0,0.0008903632406145334,0,1,0.7481693625450134,1,OL
201502108,Deion Eakins,2015,OG,0.7989,0.0,0,0.5666828155517578,1,0,0.30954137444496155,0,0,0.0003829588822554797,0,0,0.5666828155517578,1,OL
201502109,Darius Anderson,2015,OT,0.7989,47.0044,1,0.5818613171577454,1,0,0.3168681561946869,0,0,0.0003489129594527185,0,1,0.5818613171577454,1,OL
201502111,Peyton Truitt,2015,OT,0.7986,0.0,0,0.6997705101966858,1,0,0.45810750126838684,0,0,0.0007375396089628339,0,0,0.6997705101966858,1,OL
201502113,Devante Lovett,2015,OT,0.7985,44.2935,1,0.5254685878753662,1,0,0.10723081231117249,0,0,0.0016550779109820724,0,1,0.5254685878753662,1,OL
201502121,Damien Kemp,2015,OT,0.7983,0.0,0,0.5837599039077759,1,0,0.42662960290908813,0,0,0.0033268250990659,0,0,0.5837599039077759,1,OL
201502129,Patrick Mekari,2015,OC,0.7981,62.0613,1,0.6440566778182983,1,1,0.3774258494377136,0,0,0.0026180308777838945,0,1,0.6440566778182983,1,OL
201502139,Ken Marks,2015,OT,0.7972,0.0,0,0.7015082836151123,1,0,0.3550533950328827,0,0,0.0032694609835743904,0,0,0.7015082836151123,1,OL
201502140,Manny Taylor,2015,OT,0.7972,41.4937,1,0.46894046664237976,0,0,0.42748379707336426,0,0,0.022932469844818115,0,1,0.46894046664237976,0,OL
201502144,Clayton Woods,2015,OC,0.7969,43.671,1,0.7273179888725281,1,0,0.5976593494415283,1,0,0.002587843919172883,0,1,0.7273179888725281,1,OL
201502154,Tyler Mitchell,2015,OG,0.7967,65.5135,1,0.5718636512756348,1,1,0.43813201785087585,0,0,0.0008205726626329124,0,1,0.5718636512756348,1,OL
201502159,Devin Jackson Jr.,2015,OT,0.7964,54.3413,1,0.6029046773910522,1,1,0.38691428303718567,0,0,0.00018385959265287966,0,1,0.6029046773910522,1,OL
201502161,Victor Johnson,2015,OT,0.7961,59.5132,1,0.5673344731330872,1,1,0.41138365864753723,0,0,0.0042056492529809475,0,1,0.5673344731330872,1,OL
201502168,Drake Dorbeck,2015,OT,0.7959,46.4678,1,0.38384702801704407,0,0,0.2943854331970215,0,0,0.00047396525042131543,0,1,0.38384702801704407,0,OL
201502172,Alex Taylor,2015,OT,0.7959,0.0,0,0.8807088136672974,1,0,0.5222985148429871,1,0,0.0014642912428826094,0,0,0.8807088136672974,1,OL
201502175,Bryce Gibbs,2015,OT,0.7959,55.3545,1,0.4963505268096924,0,1,0.3526299297809601,0,0,0.0003807530738413334,0,1,0.4963505268096924,0,OL
201502176,Dakota Siniard,2015,OT,0.7958,0.0,0,0.5234473943710327,1,0,0.2778646945953369,0,0,0.00044921564403921366,0,0,0.5234473943710327,1,OL
201502183,Cameron Campbell,2015,OC,0.7956,0.0,0,0.6539604067802429,1,0,0.46488088369369507,0,0,0.021101156249642372,0,0,0.6539604067802429,1,OL
201502188,Ethan Reed,2015,OT,0.7953,59.9667,1,0.6699802875518799,1,1,0.3831399977207184,0,0,0.0006441056611947715,0,1,0.6699802875518799,1,OL
201502197,Cullen Reynolds,2015,OC,0.795,0.0,0,0.8510533571243286,1,0,0.6495891213417053,1,0,0.0007597791845910251,0,0,0.8510533571243286,1,OL
201502199,Jack Kramer,2015,OG,0.7948,58.8622,1,0.8047209978103638,1,1,0.7098599672317505,1,0,0.003813775023445487,0,1,0.8047209978103638,1,OL
201502200,JJ Nwigwe,2015,OG,0.7948,56.5365,1,0.6503671407699585,1,1,0.3785437345504761,0,0,0.009677201509475708,0,1,0.6503671407699585,1,OL
201502205,Jovahn Fair,2015,OT,0.7947,59.5753,1,0.47847050428390503,0,1,0.32294365763664246,0,0,0.0003913778346031904,0,1,0.47847050428390503,0,OL
201502231,Zach Wallace,2015,OT,0.7931,61.3787,1,0.7661531567573547,1,1,0.4155810475349426,0,0,0.04406023770570755,0,1,0.7661531567573547,1,OL
201502234,Willie Williams,2015,OC,0.7926,38.0195,1,0.8232993483543396,1,0,0.5321229100227356,1,0,0.0014722084160894156,0,1,0.8232993483543396,1,OL
201502238,Miles Pate,2015,OG,0.7926,53.911,1,0.6664721965789795,1,1,0.43659669160842896,0,0,0.0007584947743453085,0,1,0.6664721965789795,1,OL
201502244,Jack Breshears,2015,OT,0.7922,0.0,0,0.7619055509567261,1,0,0.5149326324462891,1,0,0.011657239869236946,0,0,0.7619055509567261,1,OL
201502246,Jack Driscoll,2015,OT,0.7922,52.161,1,0.6460803747177124,1,1,0.25493496656417847,0,0,0.008488649502396584,0,1,0.6460803747177124,1,OL
201502249,Zachary Branner,2015,OT,0.7919,40.8344,1,0.6135940551757812,1,0,0.44208699464797974,0,0,0.00022179311781655997,0,1,0.6135940551757812,1,OL
201502262,Mitchell Hlay,2015,OT,0.7917,0.0,0,0.7076637744903564,1,0,0.4318208396434784,0,0,0.0035738677252084017,0,0,0.7076637744903564,1,OL
201502273,Jordan Murray,2015,OG,0.7907,64.0947,1,0.6802427768707275,1,1,0.5597331523895264,1,0,0.0027314124163240194,0,1,0.6802427768707275,1,OL
201502274,Viliamu McMoore,2015,OT,0.7907,34.9508,1,0.6299015283584595,1,0,0.3951147198677063,0,0,0.02753252536058426,0,1,0.6299015283584595,1,OL
201502275,Luke Juriga,2015,OG,0.7907,59.6516,1,0.7387433648109436,1,1,0.614621639251709,1,0,0.11544036120176315,0,1,0.7387433648109436,1,OL
201502301,Shane Block,2015,OT,0.7897,0.0,0,0.7660046219825745,1,0,0.3327968120574951,0,0,0.003565431572496891,0,0,0.7660046219825745,1,OL
201502323,Keyshawn McLeod,2015,OT,0.7893,59.0836,1,0.6697864532470703,1,1,0.3097529113292694,0,0,0.0032291586976498365,0,1,0.6697864532470703,1,OL
201502330,Tristan Wyatt,2015,OT,0.7889,34.9288,1,0.6251946091651917,1,0,0.3369148373603821,0,0,0.0005308527615852654,0,1,0.6251946091651917,1,OL
201502367,Louis Grigoletti,2015,OT,0.7883,0.0,0,0.714601457118988,1,0,0.5017157793045044,1,0,0.002627699403092265,0,0,0.714601457118988,1,OL
201502369,Zion Dixon,2015,OG,0.7883,42.9527,1,0.47881758213043213,0,0,0.3081030249595642,0,0,0.0008711821283213794,0,1,0.47881758213043213,0,OL
201502370,Amosa Sakaria,2015,OG,0.7883,0.0,0,0.660783588886261,1,0,0.38791441917419434,0,0,0.00034058874007314444,0,0,0.660783588886261,1,OL
201502372,Chett Munden,2015,OT,0.7881,0.0,0,0.5921933054924011,1,0,0.35368797183036804,0,0,0.00039575135451741517,0,0,0.5921933054924011,1,OL
201502375,Austin Blair,2015,OG,0.7881,0.0,0,0.7302865982055664,1,0,0.3594278395175934,0,0,0.0019258738029748201,0,0,0.7302865982055664,1,OL
201502382,Castin Neumeyer,2015,OT,0.7874,0.0,0,0.6218986511230469,1,0,0.4105377495288849,0,0,0.0014064566930755973,0,0,0.6218986511230469,1,OL
201502406,Kevin Dotson,2015,OG,0.7859,53.2612,1,0.5211523771286011,1,1,0.33215832710266113,0,0,0.00018631918646860868,0,1,0.5211523771286011,1,OL
201502412,Tylor Pollard,2015,OT,0.7859,0.0,0,0.5865068435668945,1,0,0.4076845049858093,0,0,0.002279721898958087,0,0,0.5865068435668945,1,OL
201502415,Richard Williams,2015,OG,0.7856,40.1944,1,0.6492400169372559,1,0,0.39780569076538086,0,0,0.0007434605504386127,0,1,0.6492400169372559,1,OL
201502426,Kirk Kelley,2015,OT,0.7852,56.6335,1,0.5116254091262817,1,1,0.3253580331802368,0,0,0.0018952642567455769,0,1,0.5116254091262817,1,OL
201502442,Andrew Poenitsch,2015,OG,0.7841,56.1395,1,0.5308021306991577,1,1,0.46979275345802307,0,0,0.000499587447848171,0,1,0.5308021306991577,1,OL
201502443,Curtis Rainey,2015,OG,0.7839,62.8527,1,0.6548099517822266,1,1,0.4455166459083557,0,0,0.0011788298143073916,0,1,0.6548099517822266,1,OL
201502450,Darren Drake,2015,OT,0.7833,55.6415,1,0.6802061200141907,1,1,0.5095919966697693,1,0,0.00015728127618785948,0,1,0.6802061200141907,1,OL
201502452,Conor Brumfield,2015,OT,0.7833,0.0,0,0.5384104251861572,1,0,0.28515389561653137,0,0,0.0048398207873106,0,0,0.5384104251861572,1,OL
201502455,Devin Hannan,2015,OT,0.7833,0.0,0,0.6864020228385925,1,0,0.42607736587524414,0,0,0.0019785657059401274,0,0,0.6864020228385925,1,OL
201502462,J.R. Hensley,2015,OG,0.7833,60.4101,1,0.500373363494873,1,1,0.40219342708587646,0,0,0.0004359990416560322,0,1,0.500373363494873,1,OL
201502465,Charlie Grammel,2015,OG,0.7826,50.8488,1,0.6774880290031433,1,1,0.5557562708854675,1,0,0.0003957886656280607,0,1,0.6774880290031433,1,OL
201502473,Jacob Rowland,2015,OG,0.7826,58.6036,1,0.6198707818984985,1,1,0.4402199983596802,0,0,0.0003264448023401201,0,1,0.6198707818984985,1,OL
201502481,Cameron Clark,2015,OT,0.7825,59.3143,1,0.26847681403160095,0,1,0.26824283599853516,0,0,0.0037795640528202057,0,1,0.26847681403160095,0,OL
201502482,Jake Benzinger,2015,OT,0.7822,73.6673,1,0.4815506637096405,0,1,0.5072648525238037,1,0,0.0024345731362700462,0,1,0.4815506637096405,0,OL
201502486,Austen Pleasants,2015,OT,0.7819,58.4526,1,0.5314661264419556,1,1,0.4944724142551422,0,0,0.0014118554536253214,0,1,0.5314661264419556,1,OL
201502491,Brady Christensen,2015,OG,0.7819,49.1517,1,0.7872772812843323,1,0,0.6505841016769409,1,0,0.011388901621103287,0,1,0.7872772812843323,1,OL
201502503,Reed Armagost,2015,OT,0.7808,0.0,0,0.5367838144302368,1,0,0.22711163759231567,0,0,0.017100444063544273,0,0,0.5367838144302368,1,OL
201502546,Blake Browning,2015,OG,0.7793,0.0,0,0.7237462401390076,1,0,0.6917973756790161,1,0,0.0007251760689541698,0,0,0.7237462401390076,1,OL
201502561,Kaden Jackson,2015,OC,0.7793,59.9314,1,0.8199238181114197,1,1,0.6488610506057739,1,0,0.001536032883450389,0,1,0.8199238181114197,1,OL
201502564,DeAndre Ford,2015,OT,0.7793,0.0,0,0.5499464869499207,1,0,0.4052923321723938,0,0,0.0005407223361544311,0,0,0.5499464869499207,1,OL
201502573,Kendel Wright,2015,OC,0.7785,54.9484,1,0.6391593813896179,1,1,0.4234200417995453,0,0,0.0008215999696403742,0,1,0.6391593813896179,1,OL
201502577,Sam Murrer,2015,OT,0.7785,28.0921,1,0.5962499380111694,1,0,0.4226253628730774,0,0,0.0007209795876406133,0,1,0.5962499380111694,1,OL
201502582,Alex Locklear,2015,OT,0.7785,51.8209,1,0.6285603642463684,1,1,0.36233121156692505,0,0,0.001303285825997591,0,1,0.6285603642463684,1,OL
201502604,Eperone Moananu,2015,OG,0.7783,43.9224,1,0.5939115881919861,1,0,0.46249130368232727,0,0,0.0007108545978553593,0,1,0.5939115881919861,1,OL
201502608,Evin Ksiezarczyk,2015,OT,0.7783,58.5444,1,0.4524664282798767,0,1,0.14262981712818146,0,0,0.003762901294976473,0,1,0.4524664282798767,0,OL
201502621,Nathan Jacobson,2015,OT,0.7778,57.8267,1,0.664315402507782,1,1,0.48913925886154175,0,0,0.001055853208526969,0,1,0.664315402507782,1,OL
201502622,Tanner Mauseth,2015,OT,0.7778,0.0,0,0.35551613569259644,0,0,0.1975255310535431,0,0,0.003377671353518963,0,0,0.35551613569259644,0,OL
201502640,Blake Yager,2015,OT,0.7767,42.0843,1,0.618488073348999,1,0,0.3656414747238159,0,0,0.0018555668648332357,0,1,0.618488073348999,1,OL
201502665,Zach Ricketts,2015,OT,0.7752,57.9799,1,0.6332701444625854,1,1,0.36566296219825745,0,0,0.0004987832508049905,0,1,0.6332701444625854,1,OL
201502685,Derek Dumais,2015,OT,0.7744,54.6666,1,0.6900519728660583,1,1,0.4639245271682739,0,0,0.00037997509934939444,0,1,0.6900519728660583,1,OL
201502704,Brytain Peddy,2015,OC,0.7733,50.5,1,0.6227948069572449,1,1,0.3369022309780121,0,0,0.0017263693735003471,0,1,0.6227948069572449,1,OL
201502710,Joe Parsons,2015,OG,0.7733,0.0,0,0.6866254806518555,1,0,0.3200680613517761,0,0,0.0006092332187108696,0,0,0.6866254806518555,1,OL
201502713,Hunter Holland,2015,OT,0.7726,0.0,0,0.5968030095100403,1,0,0.3238224983215332,0,0,0.002196023939177394,0,0,0.5968030095100403,1,OL
201502737,Keaton Bates,2015,OT,0.7719,0.0,0,0.7178806662559509,1,0,0.29854145646095276,0,0,0.002670177724212408,0,0,0.7178806662559509,1,OL
201502738,Dalton Montgomery,2015,OT,0.7719,40.8843,1,0.6707890629768372,1,0,0.43660157918930054,0,0,0.003221701830625534,0,1,0.6707890629768372,1,OL
201502740,Rob Pavletich,2015,OT,0.7717,0.0,0,0.5706223249435425,1,0,0.4815700948238373,0,0,0.004395727999508381,0,0,0.5706223249435425,1,OL
201502751,Sebastian Anderson,2015,OT,0.7711,42.6519,1,0.6396966576576233,1,0,0.3840596079826355,0,0,0.0058799730613827705,0,1,0.6396966576576233,1,OL
201502779,Zack Sharp,2015,OT,0.7694,0.0,0,0.4593229591846466,0,0,0.21262028813362122,0,0,0.001390394987538457,0,0,0.4593229591846466,0,OL
201502783,Jake Baumert,2015,OC,0.7693,40.4445,1,0.6751987934112549,1,0,0.5859188437461853,1,0,0.001067488337866962,0,1,0.6751987934112549,1,OL
201502786,Will Noble,2015,OC,0.7685,60.776,1,0.7355217933654785,1,1,0.3483237028121948,0,0,0.013546261005103588,0,1,0.7355217933654785,1,OL
201502787,Niko Yaramus,2015,OG,0.7685,46.744,1,0.6799684762954712,1,0,0.39016595482826233,0,0,0.0023597953841090202,0,1,0.6799684762954712,1,OL
201502806,Crockett Mokry,2015,OG,0.7685,37.2632,1,0.6138818264007568,1,0,0.3465321660041809,0,0,0.00013654213398694992,0,1,0.6138818264007568,1,OL
201502818,Dennis Daley,2015,OT,0.7683,59.1174,1,0.4217637777328491,0,1,0.2911517918109894,0,0,0.0022110824938863516,0,1,0.4217637777328491,0,OL
201502819,Richie Kallay,2015,OT,0.7683,0.0,0,0.5643683671951294,1,0,0.3081173002719879,0,0,0.0004900424974039197,0,0,0.5643683671951294,1,OL
201502822,Christopher Ivy,2015,OT,0.7683,46.3735,1,0.5541990995407104,1,0,0.19839823246002197,0,0,0.0007209795876406133,0,1,0.5541990995407104,1,OL
201502826,Josiah Gray,2015,OG,0.7683,35.0382,1,0.6467642784118652,1,0,0.28382208943367004,0,0,0.0005354502354748547,0,1,0.6467642784118652,1,OL
201502833,Trevor Stacy,2015,OT,0.7678,40.224,1,0.5507841110229492,1,0,0.296970009803772,0,0,0.0007126585696823895,0,1,0.5507841110229492,1,OL
201502834,Brian Cespedes,2015,OT,0.7678,0.0,0,0.4958643615245819,0,0,0.25340649485588074,0,0,0.005350442603230476,0,0,0.4958643615245819,0,OL
201502835,Matt Peart,2015,OT,0.7678,63.118,1,0.6777151823043823,1,1,0.2568730413913727,0,0,0.0057610683143138885,0,1,0.6777151823043823,1,OL
201503058,Rowan Godwin,2015,OG,0.7667,49.8185,1,0.5119081139564514,1,0,0.23746131360530853,0,0,0.0023334745783358812,0,1,0.5119081139564514,1,OL
201503068,Jaxson Deaton,2015,OT,0.7667,59.8822,1,0.5731163620948792,1,1,0.2566595673561096,0,0,0.0007917759940028191,0,1,0.5731163620948792,1,OL
201503084,Bobby Reynolds,2015,OG,0.7652,66.9645,1,0.6422922611236572,1,1,0.5808989405632019,1,0,0.006466650869697332,0,1,0.6422922611236572,1,OL
201503088,Daishawn Dixon,2015,OT,0.7652,62.8358,1,0.8165323734283447,1,1,0.3912407159805298,0,0,0.0009110064711421728,0,1,0.8165323734283447,1,OL
201503093,Keenen Davis,2015,OT,0.7652,0.0,0,0.6810594797134399,1,0,0.14374856650829315,0,0,0.00038349739043042064,0,0,0.6810594797134399,1,OL
201503095,Neal Mars,2015,OC,0.7652,53.1443,1,0.6278273463249207,1,1,0.27330341935157776,0,0,0.009001395665109158,0,1,0.6278273463249207,1,OL
201503097,Michael Mendez,2015,OT,0.7652,58.8556,1,0.6544997692108154,1,1,0.34699419140815735,0,0,0.0005674462881870568,0,1,0.6544997692108154,1,OL
201503099,Izrael Castellanos,2015,OG,0.7652,40.1869,1,0.6227924227714539,1,0,0.46905291080474854,0,0,0.00017740513430908322,0,1,0.6227924227714539,1,OL
201503104,Salofi Gaoa,2015,OT,0.7644,48.9488,1,0.7285553216934204,1,0,0.3619084358215332,0,0,0.002359011908993125,0,1,0.7285553216934204,1,OL
201503109,Bo Alexander,2015,OT,0.7644,48.6438,1,0.6161970496177673,1,0,0.4639025032520294,0,0,0.0003108095843344927,0,1,0.6161970496177673,1,OL
201503110,Tyler Camp,2015,OC,0.7644,0.0,0,0.7701248526573181,1,0,0.5553248524665833,1,0,0.0009559309110045433,0,0,0.7701248526573181,1,OL
201503141,Hunter Sosebee,2015,OT,0.7633,0.0,0,0.49656373262405396,0,0,0.3506152927875519,0,0,0.004267985001206398,0,0,0.49656373262405396,0,OL
201503145,Jackson Snyder,2015,OT,0.7633,72.2594,1,0.3450861871242523,0,1,0.23347434401512146,0,0,0.0032988879829645157,0,1,0.3450861871242523,0,OL
201503150,Rico Robinson,2015,OT,0.7633,0.0,0,0.6175704598426819,1,0,0.24858826398849487,0,0,0.0005852238973602653,0,0,0.6175704598426819,1,OL
201503153,Demetrius Davis,2015,OG,0.7633,0.0,0,0.7200705409049988,1,0,0.29955658316612244,0,0,0.0015613909345120192,0,0,0.7200705409049988,1,OL
201503155,Scott Topole,2015,OC,0.7633,0.0,0,0.7629968523979187,1,0,0.4029405117034912,0,0,0.016421783715486526,0,0,0.7629968523979187,1,OL
201503156,Marques Grimes,2015,OT,0.7633,48.8994,1,0.3141689598560333,0,0,0.4896680414676666,0,0,0.0005745251546613872,0,1,0.3141689598560333,0,OL
201503167,Ben Moye,2015,OG,0.7611,43.4832,1,0.6668888330459595,1,0,0.30673080682754517,0,0,0.00035606365418061614,0,1,0.6668888330459595,1,OL
201503170,Jason Jean,2015,OG,0.7611,0.0,0,0.6514803171157837,1,0,0.3252665400505066,0,0,0.0005551324575208127,0,0,0.6514803171157837,1,OL
201503202,David Smith,2015,OG,0.7583,0.0,0,0.5179398059844971,1,0,0.40674734115600586,0,0,0.0007894457085058093,0,0,0.5179398059844971,1,OL
201503209,Bryan Beck,2015,OT,0.7583,0.0,0,0.5685242414474487,1,0,0.36400869488716125,0,0,0.00038415088783949614,0,0,0.5685242414474487,1,OL
201503211,Jarrid Williams,2015,OT,0.7583,67.6944,1,0.6657472252845764,1,1,0.2444092333316803,0,0,0.0006830735364928842,0,1,0.6657472252845764,1,OL
201503215,Ruben Guerra,2015,OT,0.7583,53.3783,1,0.575844407081604,1,1,0.25610825419425964,0,0,0.0002530776837375015,0,1,0.575844407081604,1,OL
201503217,Robert Hunt,2015,OT,0.7583,45.332,1,0.61832195520401,1,0,0.39878058433532715,0,0,0.0005554616800509393,0,1,0.61832195520401,1,OL
201503220,Alex Schlee,2015,OT,0.7583,0.0,0,0.5487154126167297,1,0,0.25972917675971985,0,0,0.0006921507301740348,0,0,0.5487154126167297,1,OL
201503226,Brian Trujillo,2015,OT,0.7578,58.3221,1,0.7602487802505493,1,1,0.3793810307979584,0,0,0.0011060944525524974,0,1,0.7602487802505493,1,OL
201503232,Nick Gerhard,2015,OT,0.7578,42.4622,1,0.7052117586135864,1,0,0.5342843532562256,1,0,0.00016270537162199616,0,1,0.7052117586135864,1,OL
201503248,Kregg Lemons,2015,OT,0.7533,32.9797,1,0.7340608239173889,1,0,0.5521911978721619,1,0,0.002786464523524046,0,1,0.7340608239173889,1,OL
201503253,Cole Prudhomme,2015,OC,0.7533,0.0,0,0.6022583842277527,1,0,0.31178346276283264,0,0,0.002765812911093235,0,0,0.6022583842277527,1,OL
201503259,Tony Bello,2015,OG,0.7533,0.0,0,0.49615055322647095,0,0,0.329814612865448,0,0,0.0005253171548247337,0,0,0.49615055322647095,0,OL
201503266,Zach Pare,2015,OT,0.7533,32.7382,1,0.6352689266204834,1,0,0.30325040221214294,0,0,0.001986305695027113,0,1,0.6352689266204834,1,OL
201503267,Pete Bergman,2015,OT,0.7533,41.2998,1,0.4817850887775421,0,0,0.389568567276001,0,0,0.0016977658960968256,0,1,0.4817850887775421,0,OL
201503273,Michael Marinelli,2015,OG,0.7533,55.5182,1,0.5608667135238647,1,1,0.27396106719970703,0,0,0.0004642115090973675,0,1,0.5608667135238647,1,OL
201503274,Mike Adzima,2015,OT,0.7533,42.616,1,0.48680034279823303,0,0,0.2725883722305298,0,0,0.0005670135142281651,0,1,0.48680034279823303,0,OL
201503275,Chance Bishop,2015,OT,0.7533,0.0,0,0.6462691426277161,1,0,0.21920053660869598,0,0,0.0008150319918058813,0,0,0.6462691426277161,1,OL
201503291,Gannon Laidlaw,2015,OT,0.7533,0.0,0,0.7422056794166565,1,0,0.489560604095459,0,0,0.0019345353357493877,0,0,0.7422056794166565,1,OL
201503294,Robert Kraklow,2015,OG,0.7533,0.0,0,0.3518368899822235,0,0,0.4187636375427246,0,0,0.0007388293743133545,0,0,0.3518368899822235,0,OL
201503335,Elex Woodworth,2015,OG,0.7483,58.7027,1,0.5752814412117004,1,1,0.12632815539836884,0,0,0.0076048909686505795,0,1,0.5752814412117004,1,OL
201503345,Markos Lujan,2015,OG,0.7483,49.7203,1,0.6436518430709839,1,0,0.41549474000930786,0,0,0.0002869240997824818,0,1,0.6436518430709839,1,OL
201503348,Greg Long,2015,OT,0.7483,58.5181,1,0.7228713035583496,1,1,0.5089806914329529,1,0,0.0050893216393888,0,1,0.7228713035583496,1,OL
201503354,Chris Gesell,2015,OG,0.7478,50.0749,1,0.5635958909988403,1,1,0.18291419744491577,0,0,0.00017554241640027612,0,1,0.5635958909988403,1,OL
201503457,Adam Lawhorn,2015,OG,0.7,0.0,0,0.570480465888977,1,0,0.4089803695678711,0,0,0.0004669068439397961,0,0,0.570480465888977,1,OL
201503534,Noah Kuehn,2015,OT,0.7,0.0,0,0.5405916571617126,1,0,0.15751580893993378,0,0,0.003762901294976473,0,0,0.5405916571617126,1,OL
201600003,Greg Little,2016,OT,0.9991,58.8689,1,0.9918033480644226,1,1,0.8663890361785889,1,0,0.02527618408203125,0,1,0.9918033480644226,1,OL
201600017,Jonah Williams,2016,OT,0.9877,57.0807,1,0.9748539924621582,1,1,0.9603511691093445,1,0,0.07513893395662308,0,1,0.9748539924621582,1,OL
201600026,Tommy Kraemer,2016,OT,0.9835,72.477,1,0.9873526096343994,1,1,0.9074997305870056,1,0,0.0496264211833477,0,1,0.9873526096343994,1,OL
201600028,Michal Menet,2016,OG,0.9818,71.1203,1,0.9769238829612732,1,1,0.9601757526397705,1,0,0.2789514660835266,0,1,0.9769238829612732,1,OL
201600031,Landon Dickerson,2016,OT,0.9814,92.2486,1,0.9870166182518005,1,1,0.9434360861778259,1,1,0.0545852854847908,0,1,0.9870166182518005,1,OL
201600039,Ben Bredeson,2016,OT,0.9798,71.0645,1,0.9888995289802551,1,1,0.9525191187858582,1,0,0.07774876803159714,0,1,0.9888995289802551,1,OL
201600043,Baveon Johnson,2016,OC,0.9774,62.2552,1,0.9896062016487122,1,1,0.9630247354507446,1,0,0.02019987441599369,0,1,0.9896062016487122,1,OL
201600050,Patrick Hudson,2016,OG,0.9744,0.0,0,0.9932447075843811,1,0,0.9359084963798523,1,0,0.04249754548072815,0,0,0.9932447075843811,1,OL
201600074,Terrance Davis,2016,OG,0.9642,60.1513,1,0.9607387781143188,1,1,0.7425168752670288,1,0,0.013228516094386578,0,1,0.9607387781143188,1,OL
201600077,Landon Young,2016,OT,0.9631,65.6822,1,0.9627724289894104,1,1,0.906975269317627,1,0,0.00937904603779316,0,1,0.9627724289894104,1,OL
201600079,Liam Eichenberg,2016,OT,0.9613,70.6839,1,0.9772840142250061,1,1,0.8835777044296265,1,0,0.026928735896945,0,1,0.9772840142250061,1,OL
201600086,Michael Onwenu,2016,OG,0.9571,0.0,0,0.9752061367034912,1,0,0.8684452772140503,1,0,0.04812709614634514,0,0,0.9752061367034912,1,OL
201600089,Ben Cleveland,2016,OT,0.9565,75.2758,1,0.9538758993148804,1,1,0.8558709621429443,1,0,0.024772360920906067,0,1,0.9538758993148804,1,OL
201600104,Kellen Diesch,2016,OT,0.9518,58.1472,1,0.854937732219696,1,1,0.7337404489517212,1,0,0.021473456174135208,0,1,0.854937732219696,1,OL
201600119,John Raridon,2016,OG,0.9453,43.0393,1,0.8635401725769043,1,0,0.7308553457260132,1,0,0.016080692410469055,0,1,0.8635401725769043,1,OL
201600129,Michael Jordan,2016,OT,0.9411,61.245,1,0.9464089274406433,1,1,0.7431433200836182,1,0,0.00358465313911438,0,1,0.9464089274406433,1,OL
201600136,Cole Van Lanen,2016,OT,0.9389,68.1269,1,0.9424364566802979,1,1,0.9551672339439392,1,0,0.020724961534142494,0,1,0.9424364566802979,1,OL
201600140,Donavaughn Campbell,2016,OG,0.9373,50.3147,1,0.9241148233413696,1,1,0.848723828792572,1,0,0.15535898506641388,0,1,0.9241148233413696,1,OL
201600141,Drake Jackson,2016,OC,0.9371,72.0268,1,0.9360191226005554,1,1,0.8583012223243713,1,0,0.02480432391166687,0,1,0.9360191226005554,1,OL
201600151,John Simpson,2016,OG,0.9332,88.9042,1,0.946888267993927,1,1,0.7728691101074219,1,1,0.06488499045372009,0,1,0.946888267993927,1,OL
201600168,Jauan Williams,2016,OT,0.9288,52.1885,1,0.9452045559883118,1,1,0.6497849225997925,1,0,0.014388312585651875,0,1,0.9452045559883118,1,OL
201600176,Deonte Brown,2016,OG,0.9258,62.2633,1,0.9330384135246277,1,1,0.7680792808532715,1,0,0.024175945669412613,0,1,0.9330384135246277,1,OL
201600187,Chris Owens,2016,OG,0.9241,47.4876,1,0.7902076840400696,1,0,0.7469066977500916,1,0,0.00914716999977827,0,1,0.7902076840400696,1,OL
201600189,Michael Eletise,2016,OG,0.924,62.8697,1,0.9053410887718201,1,1,0.43112748861312866,0,0,0.0124139953404665,0,1,0.9053410887718201,1,OL
201600193,Josh Ball,2016,OT,0.923,60.2157,1,0.8880141377449036,1,1,0.6633642911911011,1,0,0.018234288319945335,0,1,0.8880141377449036,1,OL
201600199,Scott Lashley,2016,OT,0.9223,55.0524,1,0.8647334575653076,1,1,0.7388763427734375,1,0,0.0940750241279602,0,1,0.8647334575653076,1,OL
201600212,Frank Martin II,2016,OT,0.9185,36.8587,1,0.8559359312057495,1,0,0.641745388507843,1,0,0.134291872382164,0,1,0.8559359312057495,1,OL
201600239,JP Urquidez,2016,OT,0.9116,41.4661,1,0.8135867118835449,1,0,0.6064601540565491,1,0,0.06725243479013443,0,1,0.8135867118835449,1,OL
201600240,Bryce Mathews,2016,OT,0.9116,48.1443,1,0.6238285899162292,1,0,0.410650372505188,0,0,0.024213269352912903,0,1,0.6238285899162292,1,OL
201600241,Devery Hamilton,2016,OT,0.9115,64.6269,1,0.8870472311973572,1,1,0.4207102954387665,0,0,0.0744732916355133,0,1,0.8870472311973572,1,OL
201600242,Austin Myers,2016,OT,0.9114,73.0253,1,0.7623749375343323,1,1,0.5151973366737366,1,0,0.04352928325533867,0,1,0.7623749375343323,1,OL
201600259,Connor McGovern,2016,OC,0.908,61.8462,1,0.8790111541748047,1,1,0.8844726085662842,1,0,0.033844947814941406,0,1,0.8790111541748047,1,OL
201600271,Ryan Johnson,2016,OT,0.9064,82.4481,1,0.6158128976821899,1,1,0.4743504524230957,0,1,0.02003607712686062,0,1,0.6158128976821899,1,OL
201600280,Denzel Okafor,2016,OG,0.9045,63.0405,1,0.8944826126098633,1,1,0.6384718418121338,1,0,0.1223079040646553,0,1,0.8944826126098633,1,OL
201600284,Luke Wattenberg,2016,OG,0.9036,76.1325,1,0.8066036105155945,1,1,0.7078546285629272,1,0,0.024006159976124763,0,1,0.8066036105155945,1,OL
201600289,Nathan Smith,2016,OT,0.9029,0.0,0,0.7205393314361572,1,0,0.5606658458709717,1,0,0.003609161591157317,0,0,0.7205393314361572,1,OL
201600294,Sean Pollard,2016,OT,0.9021,68.8789,1,0.762599766254425,1,1,0.6650491952896118,1,0,0.01977086253464222,0,1,0.762599766254425,1,OL
201600302,Jake Heinrich,2016,OG,0.8986,0.0,0,0.8379184603691101,1,0,0.6706671118736267,1,0,0.02860458754003048,0,0,0.8379184603691101,1,OL
201600321,Erik Swenson,2016,OT,0.8948,67.6432,1,0.7832367420196533,1,1,0.6689485907554626,1,0,0.007299201097339392,0,1,0.7832367420196533,1,OL
201600334,Matt Farniok,2016,OT,0.8934,73.5904,1,0.7770761251449585,1,1,0.6707038879394531,1,0,0.024326838552951813,0,1,0.7770761251449585,1,OL
201600337,Sean Foster,2016,OT,0.8925,68.44,1,0.7157897353172302,1,1,0.642267107963562,1,0,0.009043441154062748,0,1,0.7157897353172302,1,OL
201600338,Brodarious Hamm,2016,OT,0.8924,63.8413,1,0.8247860074043274,1,1,0.7616239190101624,1,0,0.10203482955694199,0,1,0.8247860074043274,1,OL
201600341,Robert Kraeling,2016,OT,0.8918,60.5336,1,0.8378121852874756,1,1,0.5488714575767517,1,0,0.01456532720476389,0,1,0.8378121852874756,1,OL
201600343,Royce Newman,2016,OT,0.8914,70.4911,1,0.8114713430404663,1,1,0.5778190493583679,1,0,0.0135943703353405,0,1,0.8114713430404663,1,OL
201600353,Michael Alves,2016,OG,0.8892,61.7673,1,0.8899543285369873,1,1,0.6221463084220886,1,0,0.012814848683774471,0,1,0.8899543285369873,1,OL
201600356,Bryan Brokop,2016,OT,0.8878,0.0,0,0.8372089862823486,1,0,0.7234216332435608,1,0,0.02569352462887764,0,0,0.8372089862823486,1,OL
201600357,Jay Jay McCargo,2016,OT,0.8878,53.289,1,0.811550498008728,1,1,0.6826367974281311,1,0,0.028052618727087975,0,1,0.811550498008728,1,OL
201600382,Coy Cronk,2016,OT,0.8839,72.9312,1,0.8150790929794312,1,1,0.6877390742301941,1,0,0.06190012767910957,0,1,0.8150790929794312,1,OL
201600388,Cohl Cabral,2016,OT,0.8834,66.1484,1,0.6970176100730896,1,1,0.5197676420211792,1,0,0.02751876413822174,0,1,0.6970176100730896,1,OL
201600392,Austin Anderson,2016,OT,0.8833,0.0,0,0.8026502132415771,1,0,0.6526408195495605,1,0,0.03602335602045059,0,0,0.8026502132415771,1,OL
201600397,Stewart Reese,2016,OG,0.8825,77.5073,1,0.9283487796783447,1,1,0.8265401721000671,1,0,0.06191294640302658,0,1,0.9283487796783447,1,OL
201600404,Gavin Cupp,2016,OT,0.8819,52.5463,1,0.8824748396873474,1,1,0.7560033798217773,1,0,0.11349549144506454,0,1,0.8824748396873474,1,OL
201600432,Will Fries,2016,OT,0.8792,76.243,1,0.5269530415534973,1,1,0.39007771015167236,0,0,0.02012595348060131,0,1,0.5269530415534973,1,OL
201600433,Jack Wohlabaugh,2016,OG,0.8792,63.9835,1,0.876635730266571,1,1,0.7309856414794922,1,0,0.006823220755904913,0,1,0.876635730266571,1,OL
201600443,Marcus Tatum,2016,OT,0.8781,68.8644,1,0.8997368812561035,1,1,0.6353249549865723,1,0,0.010791050270199776,0,1,0.8997368812561035,1,OL
201600461,Parker Braun,2016,OG,0.8756,68.2211,1,0.8316939473152161,1,1,0.6795089244842529,1,0,0.012634058482944965,0,1,0.8316939473152161,1,OL
201600474,Chandler Tuitt,2016,OG,0.8745,45.2642,1,0.8686583042144775,1,0,0.7218091487884521,1,0,0.005839548073709011,0,1,0.8686583042144775,1,OL
201600475,Patrick Kasl,2016,OT,0.8745,40.9802,1,0.8366937637329102,1,0,0.6402634978294373,1,0,0.01072848029434681,0,1,0.8366937637329102,1,OL
201600483,Eli Johnson,2016,OC,0.8736,54.4551,1,0.9251686930656433,1,1,0.820277750492096,1,0,0.022705813869833946,0,1,0.9251686930656433,1,OL
201600484,Tremayne Anchrum,2016,OG,0.8736,71.3282,1,0.817837655544281,1,1,0.6883474588394165,1,0,0.007375821005553007,0,1,0.817837655544281,1,OL
201600488,Henry Hattis,2016,OT,0.8731,58.3807,1,0.7084211707115173,1,1,0.6516271233558655,1,0,0.004582715220749378,0,1,0.7084211707115173,1,OL
201600489,Chris Barnes,2016,OT,0.8728,0.0,0,0.801464319229126,1,0,0.6737827658653259,1,0,0.005811737850308418,0,0,0.801464319229126,1,OL
201600502,Alex Akingbulu,2016,OT,0.8725,51.7936,1,0.8356877565383911,1,1,0.6171749234199524,1,0,0.009986652992665768,0,1,0.8356877565383911,1,OL
201600509,Julian Santos,2016,OG,0.8717,64.1693,1,0.8951579928398132,1,1,0.7003754377365112,1,0,0.009655929170548916,0,1,0.8951579928398132,1,OL
201600540,Brett Heggie,2016,OC,0.8686,69.8079,1,0.8889489769935608,1,1,0.9203847050666809,1,0,0.012241016142070293,0,1,0.8889489769935608,1,OL
201600552,Jordan Johnson,2016,OG,0.8678,61.4943,1,0.8537037968635559,1,1,0.5691194534301758,1,0,0.0022658759262412786,0,1,0.8537037968635559,1,OL
201600572,Jacob Capra,2016,OG,0.8661,60.962,1,0.7393870949745178,1,1,0.4586247503757477,0,0,0.006348335649818182,0,1,0.7393870949745178,1,OL
201600574,Lucas Niang,2016,OT,0.8661,65.3267,1,0.7701543569564819,1,1,0.6184807419776917,1,0,0.046523962169885635,0,1,0.7701543569564819,1,OL
201600581,Riley Anderson,2016,OT,0.8653,43.167,1,0.7258833050727844,1,0,0.6356662511825562,1,0,0.04405127838253975,0,1,0.7258833050727844,1,OL
201600595,Taleni Suhren,2016,OT,0.8644,58.7425,1,0.742156982421875,1,1,0.5751276016235352,1,0,0.07918812334537506,0,1,0.742156982421875,1,OL
201600610,Frederick Mauigoa,2016,OG,0.8639,65.0821,1,0.7926315665245056,1,1,0.6256997585296631,1,0,0.06769296526908875,0,1,0.7926315665245056,1,OL
201600611,Logan Bathke,2016,OT,0.8639,0.0,0,0.6249856948852539,1,0,0.461860716342926,0,0,0.009102972224354744,0,0,0.6249856948852539,1,OL
201600618,Sam Schlueter,2016,OT,0.8631,77.6439,1,0.7581050395965576,1,1,0.6339356303215027,1,0,0.013769323006272316,0,1,0.7581050395965576,1,OL
201600621,Justin Witt,2016,OT,0.8631,58.9358,1,0.7410392761230469,1,1,0.6474359631538391,1,0,0.05903415381908417,0,1,0.7410392761230469,1,OL
201600625,Daniel Juarez,2016,OT,0.8628,0.0,0,0.6360532641410828,1,0,0.4537389278411865,0,0,0.008094086311757565,0,0,0.6360532641410828,1,OL
201600643,Devin Cochran,2016,OT,0.8619,73.0967,1,0.6858617663383484,1,1,0.5021357536315918,1,0,0.006727614440023899,0,1,0.6858617663383484,1,OL
201600660,Jack DeFoor,2016,OT,0.8606,60.2587,1,0.602629542350769,1,1,0.5215600728988647,1,0,0.0051038917154073715,0,1,0.602629542350769,1,OL
201600683,Alaric Jackson,2016,OT,0.8596,58.2571,1,0.678055465221405,1,1,0.43407541513442993,0,0,0.002450828440487385,0,1,0.678055465221405,1,OL
201600699,Boe Wilson,2016,OG,0.8589,71.561,1,0.7914630770683289,1,1,0.5126441717147827,1,0,0.0032421136274933815,0,1,0.7914630770683289,1,OL
201600707,Nick Krimin,2016,OT,0.8581,70.1179,1,0.6051434278488159,1,1,0.47337520122528076,0,0,0.0415765643119812,0,1,0.6051434278488159,1,OL
201600711,Alex Gellerstedt,2016,OT,0.8581,37.1632,1,0.7081204056739807,1,0,0.4838443994522095,0,0,0.011810499243438244,0,1,0.7081204056739807,1,OL
201600717,Andrew Boselli,2016,OG,0.8575,50.2112,1,0.7411433458328247,1,1,0.3938097059726715,0,0,0.02055603265762329,0,1,0.7411433458328247,1,OL
201600728,Stephen Spanellis,2016,OG,0.8569,54.1257,1,0.7942797541618347,1,1,0.6470520496368408,1,0,0.05842471867799759,0,1,0.7942797541618347,1,OL
201600738,Jaylen Miller,2016,OG,0.8567,45.4935,1,0.7360380291938782,1,0,0.4710155427455902,0,0,0.0012485142797231674,0,1,0.7360380291938782,1,OL
201600742,Tucker Scott,2016,OT,0.8564,0.0,0,0.5666451454162598,1,0,0.42977046966552734,0,0,0.0028028201777487993,0,0,0.5666451454162598,1,OL
201600745,Tyler Pritchett,2016,OG,0.8564,40.2831,1,0.726485013961792,1,0,0.49608659744262695,0,0,0.01072172075510025,0,1,0.726485013961792,1,OL
201600747,Sam Heckel,2016,OT,0.8564,60.5921,1,0.8216438889503479,1,1,0.6301108002662659,1,0,0.011401229538023472,0,1,0.8216438889503479,1,OL
201600750,Luke Campbell,2016,OT,0.8561,75.8465,1,0.8489236235618591,1,1,0.5168440341949463,1,0,0.011199597269296646,0,1,0.8489236235618591,1,OL
201600756,Greg Eiland,2016,OT,0.8558,0.0,0,0.6936439275741577,1,0,0.5443897247314453,1,0,0.0030994315166026354,0,0,0.6936439275741577,1,OL
201600761,Cameron Kolwich,2016,OG,0.8558,36.3439,1,0.7371646165847778,1,0,0.5002255439758301,1,0,0.09539465606212616,0,1,0.7371646165847778,1,OL
201600778,Tope Imade,2016,OG,0.855,54.3526,1,0.7432550191879272,1,1,0.3789149820804596,0,0,0.01020131353288889,0,1,0.7432550191879272,1,OL
201600787,Nik Urban,2016,OG,0.8547,61.502,1,0.7497655749320984,1,1,0.6074216365814209,1,0,0.018998097628355026,0,1,0.7497655749320984,1,OL
201600788,Spencer Kanz,2016,OT,0.8547,53.1832,1,0.8545497059822083,1,1,0.673859715461731,1,0,0.009018907323479652,0,1,0.8545497059822083,1,OL
201600807,Chandler Reeves,2016,OT,0.8539,59.4375,1,0.46287572383880615,0,1,0.617561399936676,1,0,0.018140505999326706,0,1,0.46287572383880615,0,OL
201600812,Marshal Nathe,2016,OG,0.8533,0.0,0,0.5661911964416504,1,0,0.5069883465766907,1,0,0.0063019245862960815,0,0,0.5661911964416504,1,OL
201600820,Chris Hughes,2016,OT,0.8531,68.3163,1,0.5807849168777466,1,1,0.6045012474060059,1,0,0.001171302399598062,0,1,0.5807849168777466,1,OL
201600824,Johnny Maea,2016,OG,0.8531,57.2169,1,0.7204667925834656,1,1,0.6253460049629211,1,0,0.0045019942335784435,0,1,0.7204667925834656,1,OL
201600873,Drew Wilson,2016,OG,0.8506,59.7002,1,0.6290751099586487,1,1,0.47955459356307983,0,0,0.005464452784508467,0,1,0.6290751099586487,1,OL
201600875,Jake Curhan,2016,OT,0.8506,59.995,1,0.6013575792312622,1,1,0.2562349736690521,0,0,0.0011397782946005464,0,1,0.6013575792312622,1,OL
201600885,Mackenzie Nworah,2016,OG,0.85,59.5822,1,0.6218939423561096,1,1,0.5087071657180786,1,0,0.0003534577845130116,0,1,0.6218939423561096,1,OL
201600888,Keaton Bills,2016,OT,0.85,68.5514,1,0.6726841926574707,1,1,0.4379017949104309,0,0,0.017587369307875633,0,1,0.6726841926574707,1,OL
201600890,Christion Gainer,2016,OT,0.8497,0.0,0,0.6523935198783875,1,0,0.36594873666763306,0,0,0.004046153277158737,0,0,0.6523935198783875,1,OL
201600908,Jesse Meyler,2016,OT,0.8492,38.7854,1,0.6953501105308533,1,0,0.6519205570220947,1,0,0.0042448146268725395,0,1,0.6953501105308533,1,OL
201600911,Cam DeGeorge,2016,OT,0.8492,67.605,1,0.6998607516288757,1,1,0.48473525047302246,0,0,0.009698707610368729,0,1,0.6998607516288757,1,OL
201600912,Tyler Watson,2016,OT,0.8492,47.4148,1,0.6367188692092896,1,0,0.4637439250946045,0,0,0.005437629763036966,0,1,0.6367188692092896,1,OL
201600913,Grayson Stover,2016,OT,0.8489,39.467,1,0.5629252195358276,1,0,0.39986753463745117,0,0,0.0033211871050298214,0,1,0.5629252195358276,1,OL
201600920,Nate Herbig,2016,OG,0.8489,64.5013,1,0.7338898777961731,1,1,0.45750725269317627,0,0,0.007726100739091635,0,1,0.7338898777961731,1,OL
201600927,Trevour Simms,2016,OT,0.8483,49.3433,1,0.7796187996864319,1,0,0.657670795917511,1,0,0.026931636035442352,0,1,0.7796187996864319,1,OL
201600930,Jawaan Taylor,2016,OG,0.8483,67.7717,1,0.7675089240074158,1,1,0.4654582738876343,0,0,0.0066219512373209,0,1,0.7675089240074158,1,OL
201600940,Kellton Hollins,2016,OC,0.8483,62.7346,1,0.8219595551490784,1,1,0.6442381143569946,1,0,0.0025845966301858425,0,1,0.8219595551490784,1,OL
201600954,Trystan Colon-Castillo,2016,OC,0.8472,59.0533,1,0.7890285849571228,1,1,0.6910681128501892,1,0,0.018311984837055206,0,1,0.7890285849571228,1,OL
201600965,Conner Olson,2016,OG,0.8467,80.6741,1,0.8160418272018433,1,1,0.5121921896934509,1,1,0.006908076349645853,0,1,0.8160418272018433,1,OL
201600972,Stone Forsythe,2016,OT,0.8464,65.1529,1,0.666276752948761,1,1,0.3889249265193939,0,0,0.0030371665488928556,0,1,0.666276752948761,1,OL
201600977,Kole Bailey,2016,OT,0.8464,0.0,0,0.737994372844696,1,0,0.44800102710723877,0,0,0.003062474774196744,0,0,0.737994372844696,1,OL
201600992,Keenan Murphy,2016,OG,0.8456,69.1136,1,0.7742633819580078,1,1,0.5451453328132629,1,0,0.0013656431110575795,0,1,0.7742633819580078,1,OL
201600998,Spencer Williams,2016,OG,0.8453,0.0,0,0.769432544708252,1,0,0.4674311876296997,0,0,0.002368841553106904,0,0,0.769432544708252,1,OL
201601008,Teven Jenkins,2016,OT,0.845,72.4111,1,0.5531278848648071,1,1,0.4271996319293976,0,0,0.005079304333776236,0,1,0.5531278848648071,1,OL
201601018,Dareuan Parker,2016,OT,0.8442,0.0,0,0.6733080744743347,1,0,0.3872598111629486,0,0,0.003483841195702553,0,0,0.6733080744743347,1,OL
201601020,Zach Shackelford,2016,OG,0.8439,65.3061,1,0.696535050868988,1,1,0.49078619480133057,0,0,0.001608177088201046,0,1,0.696535050868988,1,OL
201601025,Solomon Kindley,2016,OT,0.8439,69.2785,1,0.6577030420303345,1,1,0.6381258964538574,1,0,0.0038924003019928932,0,1,0.6577030420303345,1,OL
201601040,Chase Behrndt,2016,OG,0.8433,63.2744,1,0.7710816860198975,1,1,0.4826999008655548,0,0,0.014053289778530598,0,1,0.7710816860198975,1,OL
201601044,Zach Bycznski,2016,OC,0.8431,49.8731,1,0.6980282068252563,1,0,0.6967781186103821,1,0,0.009027903899550438,0,1,0.6980282068252563,1,OL
201601050,AJ Arcuri,2016,OT,0.8431,67.5038,1,0.7873712182044983,1,1,0.4364006221294403,0,0,0.011107071302831173,0,1,0.7873712182044983,1,OL
201601051,Nathan Niehaus,2016,OT,0.8431,48.393,1,0.7229680418968201,1,0,0.43392154574394226,0,0,0.0031593255698680878,0,1,0.7229680418968201,1,OL
201601055,Brandon Walton,2016,OT,0.843,61.1956,1,0.5870943069458008,1,1,0.4666042923927307,0,0,0.001230165478773415,0,1,0.5870943069458008,1,OL
201601058,Patrick Kearns,2016,OT,0.8428,0.0,0,0.659473717212677,1,0,0.45492610335350037,0,0,0.0029038451611995697,0,0,0.659473717212677,1,OL
201601066,Ben Knutson,2016,OT,0.8425,58.4395,1,0.8056970834732056,1,1,0.5008087158203125,1,0,0.001724440953694284,0,1,0.8056970834732056,1,OL
201601067,Jakori Savage,2016,OT,0.8425,43.8915,1,0.6219550371170044,1,0,0.3158852756023407,0,0,0.004023599438369274,0,1,0.6219550371170044,1,OL
201601076,Gunnar Vogel,2016,OT,0.8422,58.8489,1,0.781767725944519,1,1,0.4525527358055115,0,0,0.003106215037405491,0,1,0.781767725944519,1,OL
201601086,Matt Kegel,2016,OG,0.8417,48.2826,1,0.7478474378585815,1,0,0.6036708950996399,1,0,0.016999846324324608,0,1,0.7478474378585815,1,OL
201601092,Kurt Gavin,2016,OT,0.8417,34.0116,1,0.655009388923645,1,0,0.5955272912979126,1,0,0.047257788479328156,0,1,0.655009388923645,1,OL
201601093,Colton Prater,2016,OG,0.8414,60.3739,1,0.7213514447212219,1,1,0.44380271434783936,0,0,0.009525652974843979,0,1,0.7213514447212219,1,OL
201601104,Lawrence Edwards,2016,OT,0.8406,54.535,1,0.5439996719360352,1,1,0.3065270483493805,0,0,0.0060699316672980785,0,1,0.5439996719360352,1,OL
201601128,Bryson Cain,2016,OT,0.84,55.4363,1,0.6014461517333984,1,1,0.4613136649131775,0,0,0.003784193890169263,0,1,0.6014461517333984,1,OL
201601135,Dylan Powell,2016,OG,0.8397,70.3365,1,0.6609651446342468,1,1,0.5298503637313843,1,0,0.004645804408937693,0,1,0.6609651446342468,1,OL
201601146,Josh Sills,2016,OG,0.8389,76.5857,1,0.7454749345779419,1,1,0.6885308623313904,1,0,0.03812425956130028,0,1,0.7454749345779419,1,OL
201601164,Quireo Woodley,2016,OG,0.8381,54.0521,1,0.6370782852172852,1,1,0.521993100643158,1,0,0.0020101345144212246,0,1,0.6370782852172852,1,OL
201601175,Jacob Todora,2016,OG,0.8378,48.2217,1,0.7914066314697266,1,0,0.6335756778717041,1,0,0.01705612987279892,0,1,0.7914066314697266,1,OL
201601186,Rowdy Frederick,2016,OG,0.8372,0.0,0,0.7575689554214478,1,0,0.5763891339302063,1,0,0.02745717763900757,0,0,0.7575689554214478,1,OL
201601188,Scott Peck,2016,OT,0.8372,0.0,0,0.7021015286445618,1,0,0.691160261631012,1,0,0.01140714343637228,0,0,0.7021015286445618,1,OL
201601193,Harrison Gee,2016,OC,0.8367,0.0,0,0.7238280177116394,1,0,0.5757942199707031,1,0,0.030284609645605087,0,0,0.7238280177116394,1,OL
201601199,Josh Watson,2016,OT,0.8367,52.7893,1,0.6180086135864258,1,1,0.7036142349243164,1,0,0.009946035221219063,0,1,0.6180086135864258,1,OL
201601209,Joe Sculthorpe,2016,OG,0.8358,66.6236,1,0.8269815444946289,1,1,0.5118831992149353,1,0,0.0037577874027192593,0,1,0.8269815444946289,1,OL
201601221,Danny Godlevske,2016,OC,0.8356,64.7833,1,0.8464654684066772,1,1,0.6213281750679016,1,0,0.0060110013000667095,0,1,0.8464654684066772,1,OL
201601226,Dixie Wooten III,2016,OG,0.8353,42.2774,1,0.695371150970459,1,0,0.5412260890007019,1,0,0.0009169416734948754,0,1,0.695371150970459,1,OL
201601230,Trent Maynard,2016,OT,0.835,40.8416,1,0.8002952933311462,1,0,0.5724097490310669,1,0,0.0016382314497604966,0,1,0.8002952933311462,1,OL
201601246,Je'Vionte' Nash,2016,OG,0.8347,65.2343,1,0.7611318826675415,1,1,0.4838138818740845,0,0,0.005078697111457586,0,1,0.7611318826675415,1,OL
201601249,Brandon Ford,2016,OT,0.8344,39.5057,1,0.8291696906089783,1,0,0.5558320879936218,1,0,0.009957418777048588,0,1,0.8291696906089783,1,OL
201601253,Nick Harris,2016,OG,0.8344,65.7141,1,0.7862890362739563,1,1,0.67720627784729,1,0,0.004668152891099453,0,1,0.7862890362739563,1,OL
201601262,Pika Leota,2016,OT,0.8341,0.0,0,0.7640355825424194,1,0,0.5017814636230469,1,0,0.0008328703115694225,0,0,0.7640355825424194,1,OL
201601378,Ryan McCollum,2016,OT,0.8317,69.5549,1,0.6514651775360107,1,1,0.4149675965309143,0,0,0.014926324598491192,0,1,0.6514651775360107,1,OL
201601395,Jake Cerny,2016,OT,0.8311,49.3925,1,0.6011565923690796,1,0,0.47469720244407654,0,0,0.002033696975558996,0,1,0.6011565923690796,1,OL
201601412,Liam O'Sullivan,2016,OT,0.8303,0.0,0,0.7699189186096191,1,0,0.17833222448825836,0,0,0.035803988575935364,0,0,0.7699189186096191,1,OL
201601414,Luke Fortner,2016,OT,0.83,75.8816,1,0.7828812003135681,1,1,0.46602705121040344,0,0,0.001675817184150219,0,1,0.7828812003135681,1,OL
201601423,Dustin Weeks,2016,OT,0.83,0.0,0,0.7719223499298096,1,0,0.639638364315033,1,0,0.020386405289173126,0,0,0.7719223499298096,1,OL
201601428,Sean Ragan,2016,OG,0.8294,0.0,0,0.6847870945930481,1,0,0.3325420022010803,0,0,0.0014728268142789602,0,0,0.6847870945930481,1,OL
201601429,D'Ante Smith,2016,OT,0.8294,60.1299,1,0.6066527366638184,1,1,0.38975656032562256,0,0,0.0009218788472935557,0,1,0.6066527366638184,1,OL
201601451,Braden Kopp,2016,OT,0.8283,0.0,0,0.6953899264335632,1,0,0.3761887848377228,0,0,0.010115967132151127,0,0,0.6953899264335632,1,OL
201601466,Brian Plummer,2016,OT,0.8278,43.4895,1,0.6868143677711487,1,0,0.41679033637046814,0,0,0.00132169877178967,0,1,0.6868143677711487,1,OL
201601467,Justin Morgan,2016,OT,0.8278,0.0,0,0.5405274629592896,1,0,0.45435652136802673,0,0,0.0009417335968464613,0,0,0.5405274629592896,1,OL
201601471,Keenen King,2016,OT,0.8275,0.0,0,0.7132000923156738,1,0,0.4287935495376587,0,0,0.00045487016905099154,0,0,0.7132000923156738,1,OL
201601475,Dylan Galloway,2016,OT,0.8275,59.2666,1,0.6913591623306274,1,1,0.4783049523830414,0,0,0.013766881078481674,0,1,0.6913591623306274,1,OL
201601504,Lloyd Cushenberry,2016,OG,0.8261,62.9122,1,0.6624938249588013,1,1,0.39978039264678955,0,0,0.0002410481683909893,0,1,0.6624938249588013,1,OL
201601505,Tommy Doyle,2016,OT,0.8261,58.8156,1,0.7153295278549194,1,1,0.4920574426651001,0,0,0.002772361272946,0,1,0.7153295278549194,1,OL
201601509,Will Putnam,2016,OT,0.8261,0.0,0,0.5870039463043213,1,0,0.5532894134521484,1,0,0.003976048436015844,0,0,0.5870039463043213,1,OL
201601511,Christian Haangana,2016,OT,0.8261,40.8843,1,0.5753103494644165,1,0,0.4025198221206665,0,0,0.00037203976535238326,0,1,0.5753103494644165,1,OL
201601514,Braxton Webb,2016,OT,0.8258,39.498,1,0.7044125199317932,1,0,0.5011789202690125,1,0,0.007694332394748926,0,1,0.7044125199317932,1,OL
201601518,Jacob Buccigrossi,2016,OT,0.8256,45.7038,1,0.6691819429397583,1,0,0.5896388292312622,1,0,0.0023272510152310133,0,1,0.6691819429397583,1,OL
201601540,Samuel Poutasi,2016,OG,0.825,46.9083,1,0.6826335787773132,1,0,0.5422833561897278,1,0,0.0007229049224406481,0,1,0.6826335787773132,1,OL
201601564,Jacob Johnson,2016,OT,0.8241,0.0,0,0.6595234274864197,1,0,0.32957467436790466,0,0,0.0012177032185718417,0,0,0.6595234274864197,1,OL
201601565,Waahid Muhammad,2016,OT,0.8241,41.5419,1,0.5780609846115112,1,0,0.42152974009513855,0,0,0.0034602470695972443,0,1,0.5780609846115112,1,OL
201601614,Kadarius Smith,2016,OG,0.8222,47.6385,1,0.7145469188690186,1,0,0.5816420912742615,1,0,0.0018835992086678743,0,1,0.7145469188690186,1,OL
201601615,Airon Servais,2016,OT,0.8222,82.6616,1,0.833500862121582,1,1,0.7240391969680786,1,1,0.00669013150036335,0,1,0.833500862121582,1,OL
201601618,Dillon Reinkensmeyer,2016,OT,0.8219,69.6332,1,0.5027483701705933,1,1,0.3718765079975128,0,0,0.005418531130999327,0,1,0.5027483701705933,1,OL
201601640,Jordan Asbury,2016,OG,0.8211,50.4346,1,0.7027109861373901,1,1,0.5438998937606812,1,0,0.00045309713459573686,0,1,0.7027109861373901,1,OL
201601641,Cortez Herrin,2016,OG,0.8211,52.6567,1,0.7812986373901367,1,1,0.5309767723083496,1,0,0.00018417647515889257,0,1,0.7812986373901367,1,OL
201601649,Elijah Johnson,2016,OT,0.8206,57.3914,1,0.8063307404518127,1,1,0.6425601243972778,1,0,0.0018120229942724109,0,1,0.8063307404518127,1,OL
201601695,Michael Wiggs,2016,OG,0.8178,62.0854,1,0.6364519000053406,1,1,0.3745604455471039,0,0,0.0008969235350377858,0,1,0.6364519000053406,1,OL
201601707,Gentle Williams,2016,OG,0.8172,38.0665,1,0.5073925852775574,1,0,0.2962871193885803,0,0,0.0005224934429861605,0,1,0.5073925852775574,1,OL
201601714,Antione Frazier,2016,OT,0.8169,55.937,1,0.7864490151405334,1,1,0.5711962580680847,1,0,0.0700695738196373,0,1,0.7864490151405334,1,OL
201601720,T.J. Fiailoa,2016,OG,0.8167,61.4711,1,0.6625586152076721,1,1,0.48149335384368896,0,0,0.0004436741292010993,0,1,0.6625586152076721,1,OL
201601723,Shane Leonard,2016,OC,0.8167,0.0,0,0.8634330630302429,1,0,0.6669686436653137,1,0,0.001247807522304356,0,0,0.8634330630302429,1,OL
201601727,Sean Bailey,2016,OT,0.8161,60.977,1,0.4651545286178589,0,1,0.36692970991134644,0,0,0.006218227557837963,0,1,0.4651545286178589,0,OL
201601733,Taylor Fondal,2016,OG,0.8158,35.2539,1,0.6473316550254822,1,0,0.4525662064552307,0,0,0.00107487291097641,0,1,0.6473316550254822,1,OL
201601734,Darian Bryant,2016,OT,0.8158,0.0,0,0.683948278427124,1,0,0.38793182373046875,0,0,0.0029314819257706404,0,0,0.683948278427124,1,OL
201601767,Caleb Bright,2016,OG,0.8144,59.0432,1,0.659418523311615,1,1,0.3048250377178192,0,0,0.0011873579351231456,0,1,0.659418523311615,1,OL
201601789,Mike Caliendo,2016,OG,0.8136,71.3858,1,0.8137775659561157,1,1,0.5002527832984924,1,0,0.0003091513644903898,0,1,0.8137775659561157,1,OL
201601791,Boman Swanson,2016,OT,0.8136,42.0542,1,0.4641471207141876,0,0,0.3350009620189667,0,0,0.0013072845758870244,0,1,0.4641471207141876,0,OL
201601796,Steven Nielsen,2016,OT,0.8133,58.976,1,0.740602433681488,1,1,0.5745870471000671,1,0,0.0011196635896340013,0,1,0.740602433681488,1,OL
201601808,Mike Lonsdorf,2016,OT,0.8133,59.1377,1,0.6044850945472717,1,1,0.3066835403442383,0,0,0.006022071465849876,0,1,0.6044850945472717,1,OL
201601811,Samuel Williams,2016,OT,0.8128,64.803,1,0.5435704588890076,1,1,0.13248363137245178,0,0,0.002217267407104373,0,1,0.5435704588890076,1,OL
201601850,Luke Doerger,2016,OG,0.8114,60.3378,1,0.5967147350311279,1,1,0.49152135848999023,0,0,0.00038506201235577464,0,1,0.5967147350311279,1,OL
201601855,Kollin Byers,2016,OT,0.8111,0.0,0,0.6149116158485413,1,0,0.6619213819503784,1,0,0.01915920339524746,0,0,0.6149116158485413,1,OL
201601887,Chance Lytle,2016,OT,0.8106,57.5734,1,0.629347562789917,1,1,0.32287833094596863,0,0,0.0009636244503781199,0,1,0.629347562789917,1,OL
201601920,Ryan Smith,2016,OT,0.8094,0.0,0,0.805545449256897,1,0,0.4906112253665924,0,0,0.00044400920160114765,0,0,0.805545449256897,1,OL
201601924,Tyler Witt,2016,OG,0.8093,70.2518,1,0.806555986404419,1,1,0.7143389582633972,1,0,0.034069810062646866,0,1,0.806555986404419,1,OL
201601929,Tiller Bucktrot,2016,OG,0.8089,53.6861,1,0.7860913276672363,1,1,0.4164769947528839,0,0,0.000499157584272325,0,1,0.7860913276672363,1,OL
201601933,Grant Hermanns,2016,OT,0.8086,66.2374,1,0.674981951713562,1,1,0.40571677684783936,0,0,0.010119080543518066,0,1,0.674981951713562,1,OL
201601956,Kenny Cooper,2016,OG,0.8074,66.4971,1,0.6296078562736511,1,1,0.3745528757572174,0,0,0.000936258293222636,0,1,0.6296078562736511,1,OL
201601958,Cole Banwart,2016,OG,0.8072,60.0872,1,0.5759860873222351,1,1,0.4061652719974518,0,0,0.0005144071183167398,0,1,0.5759860873222351,1,OL
201601965,Julio Garcia,2016,OG,0.8067,63.9375,1,0.5781700015068054,1,1,0.5056504011154175,1,0,0.00024875180679373443,0,1,0.5781700015068054,1,OL
201601971,Joseph Dill,2016,OG,0.8061,49.8949,1,0.6186809539794922,1,0,0.37000346183776855,0,0,0.00020489824237301946,0,1,0.6186809539794922,1,OL
201601977,Tristan Crowder,2016,OT,0.8059,57.5356,1,0.46257179975509644,0,1,0.3406229317188263,0,0,0.0014646259369328618,0,1,0.46257179975509644,0,OL
201601986,Doug Kramer,2016,OG,0.8056,75.0538,1,0.8034997582435608,1,1,0.739117443561554,1,0,0.0008057990926317871,0,1,0.8034997582435608,1,OL
201601997,Felipe Fernandez,2016,OG,0.8048,43.4203,1,0.6384384632110596,1,0,0.31892862915992737,0,0,0.00020816018513869494,0,1,0.6384384632110596,1,OL
201602008,Taeshon Trotter,2016,OT,0.8041,0.0,0,0.5202760100364685,1,0,0.32958975434303284,0,0,0.0007222290732897818,0,0,0.5202760100364685,1,OL
201602018,Alex Salguero,2016,OG,0.8033,55.9845,1,0.470223993062973,0,1,0.3523327112197876,0,0,0.0002263104688609019,0,1,0.470223993062973,0,OL
201602024,Justin Chase,2016,OT,0.8033,55.6298,1,0.4024897813796997,0,1,0.393754243850708,0,0,0.007584559265524149,0,1,0.4024897813796997,0,OL
201602026,Jace Webb,2016,OG,0.8033,34.1779,1,0.6832275986671448,1,0,0.5061885714530945,1,0,0.00036511546932160854,0,1,0.6832275986671448,1,OL
201602030,Noel Brouse,2016,OT,0.8031,0.0,0,0.6537046432495117,1,0,0.43763577938079834,0,0,0.005315771792083979,0,0,0.6537046432495117,1,OL
201602034,Jeffrey Taylor,2016,OG,0.8026,59.7142,1,0.4650787115097046,0,1,0.3349287509918213,0,0,0.0007420222391374409,0,1,0.4650787115097046,0,OL
201602036,Cade Stewart,2016,OT,0.8026,73.389,1,0.3821205198764801,0,1,0.39717599749565125,0,0,0.00021945293701719493,0,1,0.3821205198764801,0,OL
201602049,Bailey Smith,2016,OT,0.8019,45.6921,1,0.5331705808639526,1,0,0.3826742470264435,0,0,0.0004449884290806949,0,1,0.5331705808639526,1,OL
201602062,Austin Dixon,2016,OT,0.8017,0.0,0,0.4590873718261719,0,0,0.42640557885169983,0,0,0.002479556482285261,0,0,0.4590873718261719,0,OL
201602071,Logan Roberson,2016,OG,0.8008,0.0,0,0.8003013134002686,1,0,0.5618796944618225,1,0,0.0009903653990477324,0,0,0.8003013134002686,1,OL
201602078,Donte Harrington,2016,OG,0.8007,53.9336,1,0.614930272102356,1,1,0.35789987444877625,0,0,0.00026761164190247655,0,1,0.614930272102356,1,OL
201602081,Mark Brooks,2016,OT,0.8007,65.7461,1,0.4235721826553345,0,1,0.4737589359283447,0,0,0.010347915813326836,0,1,0.4235721826553345,0,OL
201602093,Travis Bruffy,2016,OT,0.8003,73.5395,1,0.6422554850578308,1,1,0.4635295271873474,0,0,0.001936636632308364,0,1,0.6422554850578308,1,OL
201602096,Colby Pursell,2016,OG,0.8003,62.8952,1,0.5206477642059326,1,1,0.35452917218208313,0,0,0.00039406007272191346,0,1,0.5206477642059326,1,OL
201602097,Nino Leone,2016,OT,0.8,58.6564,1,0.5652438998222351,1,1,0.7784000039100647,1,0,0.000523806142155081,0,1,0.5652438998222351,1,OL
201602127,Jonathan Brys,2016,OT,0.7993,0.0,0,0.5972248315811157,1,0,0.32733598351478577,0,0,0.020589469000697136,0,0,0.5972248315811157,1,OL
201602146,Noah Ramsey,2016,OC,0.7983,44.1958,1,0.6828439831733704,1,0,0.46039313077926636,0,0,0.0034910000395029783,0,1,0.6828439831733704,1,OL
201602158,Harrison Barton,2016,OG,0.7978,36.8213,1,0.566336989402771,1,0,0.39164870977401733,0,0,0.0009890829678624868,0,1,0.566336989402771,1,OL
201602164,Chris Beech,2016,OC,0.7974,52.9499,1,0.6694410443305969,1,1,0.5621710419654846,1,0,0.0007549367728643119,0,1,0.6694410443305969,1,OL
201602165,Matt Williams,2016,OT,0.7974,44.5573,1,0.39581671357154846,0,0,0.2984895706176758,0,0,0.0007434010040014982,0,1,0.39581671357154846,0,OL
201602175,Kayode Awosika,2016,OT,0.7967,57.7441,1,0.6143114566802979,1,1,0.31035947799682617,0,0,0.0005943986470811069,0,1,0.6143114566802979,1,OL
201602182,Kameron Smith,2016,OT,0.7967,0.0,0,0.5627710819244385,1,0,0.38001391291618347,0,0,0.0011711305705830455,0,0,0.5627710819244385,1,OL
201602186,Caden Haws,2016,OC,0.7959,0.0,0,0.7132460474967957,1,0,0.29985159635543823,0,0,0.005727576557546854,0,0,0.7132460474967957,1,OL
201602201,Malik Clark,2016,OT,0.7956,72.7692,1,0.549938976764679,1,1,0.3663710355758667,0,0,0.0007875905139371753,0,1,0.549938976764679,1,OL
201602238,Seth Joest,2016,OG,0.7933,58.2021,1,0.6252761483192444,1,1,0.4427867829799652,0,0,0.0004967762506566942,0,1,0.6252761483192444,1,OL
201602240,Matt Hennessy,2016,OT,0.7933,61.8779,1,0.5761699676513672,1,1,0.3042740225791931,0,0,0.0008231213432736695,0,1,0.5761699676513672,1,OL
201602242,Sean Behrens,2016,OG,0.7933,36.1526,1,0.527787446975708,1,0,0.3609619438648224,0,0,0.001329717575572431,0,1,0.527787446975708,1,OL
201602243,Jaron Caldwell,2016,OG,0.7933,55.7949,1,0.7472053170204163,1,1,0.3977448642253876,0,0,0.0012622319627553225,0,1,0.7472053170204163,1,OL
201602269,Josiah Washington,2016,OT,0.7922,40.4809,1,0.5412593483924866,1,0,0.3944760859012604,0,0,0.00042485501035116613,0,1,0.5412593483924866,1,OL
201602278,Clark Barrington,2016,OT,0.7919,63.5392,1,0.49450892210006714,0,1,0.38684648275375366,0,0,0.020266054198145866,0,1,0.49450892210006714,0,OL
201602288,T.J. Beltavski,2016,OG,0.7911,31.16,1,0.5989890098571777,1,0,0.4540940821170807,0,0,0.002036092570051551,0,1,0.5989890098571777,1,OL
201602331,Douglas Connell,2016,OC,0.79,37.7474,1,0.4553787112236023,0,0,0.4250105619430542,0,0,0.0026123779825866222,0,1,0.4553787112236023,0,OL
201602336,Tyler Hall,2016,OT,0.79,0.0,0,0.42745479941368103,0,0,0.08376554399728775,0,0,0.000749400001950562,0,0,0.42745479941368103,0,OL
201602370,Tanner Hawthorne,2016,OG,0.7893,0.0,0,0.6392461061477661,1,0,0.38588303327560425,0,0,0.0026755176950246096,0,0,0.6392461061477661,1,OL
201602377,Cam Durley,2016,OT,0.7893,0.0,0,0.6682449579238892,1,0,0.4687196910381317,0,0,0.005036655813455582,0,0,0.6682449579238892,1,OL
201602409,James Reilly,2016,OG,0.7889,37.7866,1,0.5600106716156006,1,0,0.3256765902042389,0,0,0.00043755353544838727,0,1,0.5600106716156006,1,OL
201602462,Jordan Jamison,2016,OT,0.7885,0.0,0,0.517267644405365,1,0,0.3473662734031677,0,0,0.0016917354660108685,0,0,0.517267644405365,1,OL
201602471,Isaac Weaver,2016,OT,0.7883,63.3357,1,0.3115028440952301,0,1,0.3322362005710602,0,0,0.007055365480482578,0,1,0.3115028440952301,0,OL
201602478,Ty Shaw,2016,OT,0.7883,54.5408,1,0.5853655338287354,1,1,0.396830290555954,0,0,0.0008110552444122732,0,1,0.5853655338287354,1,OL
201602506,Clay Greathouse,2016,OT,0.7859,0.0,0,0.6156701445579529,1,0,0.3034479022026062,0,0,0.0006813820800743997,0,0,0.6156701445579529,1,OL
201602514,Jacob Donnellon,2016,OT,0.7859,64.5978,1,0.5086015462875366,1,1,0.3626532554626465,0,0,0.0034517040476202965,0,1,0.5086015462875366,1,OL
201602528,Tyler Roemer,2016,OT,0.7859,54.6265,1,0.6738654375076294,1,1,0.2621300220489502,0,0,0.001676186453551054,0,1,0.6738654375076294,1,OL
201602533,Josh Oatis,2016,OT,0.7859,47.9779,1,0.4850057363510132,0,0,0.17317140102386475,0,0,0.0008250476093962789,0,1,0.4850057363510132,0,OL
201602546,Jacob Atnip,2016,OT,0.7852,49.6275,1,0.31471073627471924,0,0,0.2252502590417862,0,0,0.0007069127168506384,0,1,0.31471073627471924,0,OL
201602555,Noah Johnson,2016,OG,0.7844,43.8667,1,0.39151960611343384,0,0,0.22649787366390228,0,0,0.0009088849765248597,0,1,0.39151960611343384,0,OL
201602563,Kennedy Madison,2016,OG,0.7844,0.0,0,0.6846672296524048,1,0,0.482657790184021,0,0,0.0006697511998936534,0,0,0.6846672296524048,1,OL
201602566,Zachary Thomas,2016,OT,0.7844,61.1652,1,0.5122231841087341,1,1,0.2956126630306244,0,0,0.0028402574826031923,0,1,0.5122231841087341,1,OL
201602592,Wyatt Richthofen,2016,OT,0.7826,0.0,0,0.6488729119300842,1,0,0.3973855972290039,0,0,0.0002842638932634145,0,0,0.6488729119300842,1,OL
201602605,Austin Warner,2016,OG,0.7826,43.116,1,0.7030205726623535,1,0,0.6484906673431396,1,0,0.009972278960049152,0,1,0.7030205726623535,1,OL
201602617,Jacob Still,2016,OG,0.7819,66.9287,1,0.5440629720687866,1,1,0.532615602016449,1,0,0.0006153270369395614,0,1,0.5440629720687866,1,OL
201602622,Michael Maietti,2016,OC,0.7819,83.8801,1,0.6902937293052673,1,1,0.5980399250984192,1,1,0.0016151551390066743,0,1,0.6902937293052673,1,OL
201602632,Uzoma Osuji,2016,OT,0.7819,61.264,1,0.4669756293296814,0,1,0.3901647925376892,0,0,0.0020623391028493643,0,1,0.4669756293296814,0,OL
201602656,Tanner Holcomb,2016,OC,0.78,0.0,0,0.7225313782691956,1,0,0.5063729286193848,1,0,0.006577176041901112,0,0,0.7225313782691956,1,OL
201602672,Ean Biancardi,2016,OT,0.7793,40.6622,1,0.4864409565925598,0,0,0.3533685803413391,0,0,0.0004195357032585889,0,1,0.4864409565925598,0,OL
201602683,Adam Raschilla,2016,OT,0.7793,0.0,0,0.47368842363357544,0,0,0.2777431011199951,0,0,0.0007376130670309067,0,0,0.47368842363357544,0,OL
201602684,Justin Self,2016,OG,0.7793,55.035,1,0.6771488189697266,1,1,0.4865933656692505,0,0,0.0010865232907235622,0,1,0.6771488189697266,1,OL
201602687,Sam Howson,2016,OG,0.7793,36.7131,1,0.5119624137878418,1,0,0.4191444516181946,0,0,0.0010768130887299776,0,1,0.5119624137878418,1,OL
201602690,Kody Russey,2016,OC,0.7793,72.8151,1,0.7876412868499756,1,1,0.6143136620521545,1,0,0.0054266806691884995,0,1,0.7876412868499756,1,OL
201602707,Anthony Todd,2016,OG,0.7785,57.1859,1,0.533122718334198,1,1,0.5375326871871948,1,0,0.0001496143959229812,0,1,0.533122718334198,1,OL
201602711,Adam Notestine,2016,OG,0.7785,0.0,0,0.7366335391998291,1,0,0.5225446820259094,1,0,0.0004601376422215253,0,0,0.7366335391998291,1,OL
201602721,Dallas Connell,2016,OG,0.7785,57.5168,1,0.7048618793487549,1,1,0.37401628494262695,0,0,0.0007464364753104746,0,1,0.7048618793487549,1,OL
201602724,Matt Brayton,2016,OG,0.7785,54.6896,1,0.6268188953399658,1,1,0.34938570857048035,0,0,0.0005093598738312721,0,1,0.6268188953399658,1,OL
201602742,TJ Storment,2016,OT,0.7783,62.9548,1,0.4886667728424072,0,1,0.38148826360702515,0,0,0.000915253593120724,0,1,0.4886667728424072,0,OL
201602745,Akkai Ward,2016,OG,0.7783,0.0,0,0.6605576872825623,1,0,0.388521283864975,0,0,0.0004683162260334939,0,0,0.6605576872825623,1,OL
201602756,Nilsson Gaisoa,2016,OT,0.7778,0.0,0,0.588335394859314,1,0,0.3194451630115509,0,0,0.000844057067297399,0,0,0.588335394859314,1,OL
201602796,Brayden Patton,2016,OT,0.7759,68.3574,1,0.5894336104393005,1,1,0.22543781995773315,0,0,0.005143013317137957,0,1,0.5894336104393005,1,OL
201602803,Nate Haskins,2016,OT,0.7759,36.0184,1,0.6186966300010681,1,0,0.33168837428092957,0,0,0.0013910969719290733,0,1,0.6186966300010681,1,OL
201602804,Shane McGough,2016,OG,0.7759,57.248,1,0.7114638686180115,1,1,0.49519217014312744,0,0,0.0007223257562145591,0,1,0.7114638686180115,1,OL
201602807,Tarik Adams,2016,OG,0.7752,61.1199,1,0.7157430052757263,1,1,0.5397766828536987,1,0,0.000436812115367502,0,1,0.7157430052757263,1,OL
201602809,Alex Smith,2016,OT,0.7752,0.0,0,0.5864449143409729,1,0,0.2935086786746979,0,0,0.0001575796923134476,0,0,0.5864449143409729,1,OL
201602812,Dustin Woodard,2016,OG,0.7752,62.4269,1,0.6612975001335144,1,1,0.523769199848175,1,0,0.000685976876411587,0,1,0.6612975001335144,1,OL
201602818,Chandler Anthony,2016,OT,0.7752,44.2203,1,0.5248642563819885,1,0,0.2648307681083679,0,0,0.0013399540912359953,0,1,0.5248642563819885,1,OL
201602819,Alex Mollette,2016,OG,0.7752,64.4821,1,0.5792926549911499,1,1,0.40068134665489197,0,0,0.000725938705727458,0,1,0.5792926549911499,1,OL
201602820,Troy Elliott,2016,OT,0.7752,47.6217,1,0.6220377087593079,1,0,0.402206689119339,0,0,0.0007075421744957566,0,1,0.6220377087593079,1,OL
201602832,Kaleb Slaven,2016,OG,0.7752,59.826,1,0.6855505704879761,1,1,0.42330798506736755,0,0,0.002436301438137889,0,1,0.6855505704879761,1,OL
201602849,Elijah Lugo,2016,OG,0.7752,0.0,0,0.7164991497993469,1,0,0.44049912691116333,0,0,0.0002737227187026292,0,0,0.7164991497993469,1,OL
201602888,Tom Killilea,2016,OT,0.7733,0.0,0,0.3955993056297302,0,0,0.17506209015846252,0,0,0.01351557020097971,0,0,0.3955993056297302,0,OL
201602897,Nick Meyer,2016,OT,0.7733,0.0,0,0.7133142352104187,1,0,0.3578280210494995,0,0,0.002601852174848318,0,0,0.7133142352104187,1,OL
201602899,Andrew Lawson,2016,OG,0.7733,49.6875,1,0.7222168445587158,1,0,0.4131528437137604,0,0,0.0012356579536572099,0,1,0.7222168445587158,1,OL
201602901,Carl Burton-Hill,2016,OT,0.7733,0.0,0,0.5234212279319763,1,0,0.22644099593162537,0,0,0.0004134630726184696,0,0,0.5234212279319763,1,OL
201602924,Jack Greene,2016,OG,0.7719,46.2445,1,0.5949670076370239,1,0,0.3116188645362854,0,0,0.0003105622308794409,0,1,0.5949670076370239,1,OL
201602938,Benn Olson,2016,OG,0.7711,55.407,1,0.6665307283401489,1,1,0.2830162048339844,0,0,0.001421927590854466,0,1,0.6665307283401489,1,OL
201602944,JT Gentry,2016,OT,0.7711,0.0,0,0.426512211561203,0,0,0.30618593096733093,0,0,0.0006921507301740348,0,0,0.426512211561203,0,OL
201602967,Jack Sides,2016,OC,0.7694,51.1105,1,0.7189431190490723,1,1,0.5625605583190918,1,0,0.0021599887404590845,0,1,0.7189431190490723,1,OL
201602971,Drew Melancon,2016,OG,0.7694,0.0,0,0.5868746042251587,1,0,0.2616756856441498,0,0,0.0004115111951250583,0,0,0.5868746042251587,1,OL
201602975,Aaron Brewer,2016,OG,0.7693,58.9961,1,0.6677175760269165,1,1,0.4113534390926361,0,0,0.0007906427490524948,0,1,0.6677175760269165,1,OL
201602980,Peyton Reeder,2016,OT,0.7685,59.1444,1,0.5570873618125916,1,1,0.32540395855903625,0,0,0.0007160446839407086,0,1,0.5570873618125916,1,OL
201603007,Cru Birdyshaw,2016,OT,0.7683,0.0,0,0.49247071146965027,0,0,0.2837415933609009,0,0,0.0008115097880363464,0,0,0.49247071146965027,0,OL
201603015,Lucas Jacobs,2016,OG,0.7683,0.0,0,0.7292341589927673,1,0,0.5625554323196411,1,0,0.0007374064298346639,0,0,0.7292341589927673,1,OL
201603142,Joe Ware,2016,OT,0.7667,44.2386,1,0.4969898462295532,0,0,0.17046122252941132,0,0,0.022722579538822174,0,1,0.4969898462295532,0,OL
201603311,Nick Stokes,2016,OT,0.7667,0.0,0,0.7040215730667114,1,0,0.5072253942489624,1,0,0.006086801178753376,0,0,0.7040215730667114,1,OL
201603552,Chris Mitchell,2016,OC,0.7667,56.5667,1,0.7171883583068848,1,1,0.358931303024292,0,0,0.006862107198685408,0,1,0.7171883583068848,1,OL
201603573,Cooper Simpson,2016,OT,0.7667,0.0,0,0.6235864162445068,1,0,0.30416738986968994,0,0,0.00427532522007823,0,0,0.6235864162445068,1,OL
201603577,Ben Everett,2016,OT,0.7667,0.0,0,0.660359799861908,1,0,0.35819149017333984,0,0,0.0006663072272203863,0,0,0.660359799861908,1,OL
201603580,Kurt Stengel,2016,OG,0.7667,41.209,1,0.6657741665840149,1,0,0.3931181728839874,0,0,0.002251483965665102,0,1,0.6657741665840149,1,OL
201603590,Alex Herndon,2016,OT,0.7667,45.5169,1,0.5825443267822266,1,0,0.3178809881210327,0,0,0.004642216023057699,0,1,0.5825443267822266,1,OL
201603599,Bradley Osborne,2016,OG,0.7667,0.0,0,0.7024485468864441,1,0,0.37240859866142273,0,0,0.0007096226909197867,0,0,0.7024485468864441,1,OL
201603606,Tim Tanner-Blair,2016,OT,0.7667,52.2874,1,0.5468870401382446,1,1,0.3685220181941986,0,0,0.0028235202189534903,0,1,0.5468870401382446,1,OL
201603623,Charlie Vatterott,2016,OG,0.7652,0.0,0,0.8508071303367615,1,0,0.5517904162406921,1,0,0.005260126199573278,0,0,0.8508071303367615,1,OL
201603633,Dylan Bradshaw,2016,OG,0.7652,67.5543,1,0.5774246454238892,1,1,0.3524552881717682,0,0,0.0001707449264358729,0,1,0.5774246454238892,1,OL
201603647,J.L. Gaston,2016,OT,0.7644,58.2766,1,0.7958803176879883,1,1,0.3232252299785614,0,0,0.0019105295650660992,0,1,0.7958803176879883,1,OL
201603662,Mike VanHoeven,2016,OG,0.7644,62.4599,1,0.5899552702903748,1,1,0.38198208808898926,0,0,0.00025766692124307156,0,1,0.5899552702903748,1,OL
201603671,Gavin Rush,2016,OG,0.7633,43.3572,1,0.7452115416526794,1,0,0.3355550467967987,0,0,0.0007459578919224441,0,1,0.7452115416526794,1,OL
201603682,Grant Kerstens,2016,OC,0.7633,0.0,0,0.7316499948501587,1,0,0.353946715593338,0,0,0.0008101715357042849,0,0,0.7316499948501587,1,OL
201603689,Cole Garrison,2016,OT,0.7633,59.4512,1,0.530692458152771,1,1,0.36412742733955383,0,0,0.0005416472558863461,0,1,0.530692458152771,1,OL
201603691,Jonathan Neeley,2016,OT,0.7633,0.0,0,0.7220245599746704,1,0,0.46543532609939575,0,0,0.001349754398688674,0,0,0.7220245599746704,1,OL
201603692,Kendall Baker,2016,OG,0.7633,0.0,0,0.6219542026519775,1,0,0.28775933384895325,0,0,0.00032624287996441126,0,0,0.6219542026519775,1,OL
201603693,Zeke Pernell,2016,OT,0.7633,0.0,0,0.6935723423957825,1,0,0.33845213055610657,0,0,0.001020608702674508,0,0,0.6935723423957825,1,OL
201603707,Sage Doxtater,2016,OT,0.7611,55.3428,1,0.48661431670188904,0,1,0.23162758350372314,0,0,0.0005380158545449376,0,1,0.48661431670188904,0,OL
201603714,Jaquel Pierce,2016,OG,0.7611,42.3138,1,0.719623863697052,1,0,0.39417168498039246,0,0,0.004115255083888769,0,1,0.719623863697052,1,OL
201603717,Darius Archie,2016,OG,0.7611,0.0,0,0.5314844846725464,1,0,0.27756354212760925,0,0,0.00020451686577871442,0,0,0.5314844846725464,1,OL
201603740,Sean Rattay,2016,OC,0.7583,46.115,1,0.7495972514152527,1,0,0.433457612991333,0,0,0.0024872063659131527,0,1,0.7495972514152527,1,OL
201603743,Billy Honaker,2016,OG,0.7583,57.1983,1,0.7054141163825989,1,1,0.4121493697166443,0,0,0.006779402028769255,0,1,0.7054141163825989,1,OL
201603748,Zach Corrigall,2016,OT,0.7583,0.0,0,0.6753823161125183,1,0,0.3682270348072052,0,0,0.002285206690430641,0,0,0.6753823161125183,1,OL
201603755,Donovan Outlaw,2016,OT,0.7583,49.8567,1,0.7349265217781067,1,0,0.38406991958618164,0,0,0.0007504169479943812,0,1,0.7349265217781067,1,OL
201603762,Ryan Neuzil,2016,OC,0.7583,61.5874,1,0.4740215241909027,0,1,0.17505422234535217,0,0,0.0022692300844937563,0,1,0.4740215241909027,0,OL
201603773,Dominick Mathis,2016,OG,0.7578,0.0,0,0.6330510973930359,1,0,0.38329944014549255,0,0,0.0006312142941169441,0,0,0.6330510973930359,1,OL
201603782,Nick Sink,2016,OG,0.7578,55.2613,1,0.7352311015129089,1,1,0.45008471608161926,0,0,7.323675527004525e-05,0,1,0.7352311015129089,1,OL
201603839,Wes Mehl,2016,OG,0.7483,0.0,0,0.46083930134773254,0,0,0.378484308719635,0,0,0.0013364357873797417,0,0,0.46083930134773254,0,OL
201603870,Ezekiel Gueths,2016,OT,0.74,0.0,0,0.6458839774131775,1,0,0.5546859502792358,1,0,0.00562269939109683,0,0,0.6458839774131775,1,OL
201603882,Steven Bedosky,2016,OG,0.7333,0.0,0,0.5798556208610535,1,0,0.25313273072242737,0,0,0.0031098213512450457,0,0,0.5798556208610535,1,OL
201603894,Nate Brown,2016,OT,0.7333,58.8823,1,0.5056864619255066,1,1,0.41529572010040283,0,0,0.004364650696516037,0,1,0.5056864619255066,1,OL
201603896,Eric Cal,2016,OG,0.73,42.616,1,0.6826410293579102,1,0,0.19785232841968536,0,0,0.0009521813481114805,0,1,0.6826410293579102,1,OL
201603897,Shamarious Gilmore,2016,OT,0.73,70.1512,1,0.6032699942588806,1,1,0.27022266387939453,0,0,0.007580900099128485,0,1,0.6032699942588806,1,OL
201603923,Trey Carter,2016,OC,0.7,46.7326,1,0.4814820885658264,0,0,0.22177505493164062,0,0,0.00046364101581275463,0,1,0.4814820885658264,0,OL
201700004,Alex Leatherwood,2017,OT,0.9981,85.2938,1,0.9757945537567139,1,1,0.9181952476501465,1,1,0.004641326144337654,0,1,0.9757945537567139,1,OL
201700005,Foster Sarell,2017,OT,0.9968,60.4391,1,0.9813666343688965,1,1,0.9849610328674316,1,0,0.03872900828719139,0,1,0.9813666343688965,1,OL
201700009,Walker Little,2017,OT,0.9952,57.6049,1,0.8878516554832458,1,1,0.8553000688552856,1,0,0.038343433290719986,0,1,0.8878516554832458,1,OL
201700014,Trey Smith,2017,OT,0.992,74.3983,1,0.9811252355575562,1,1,0.9550046324729919,1,0,0.09739989787340164,0,1,0.9811252355575562,1,OL
201700016,Isaiah Wilson,2017,OT,0.9904,59.6724,1,0.9677025675773621,1,1,0.7917263507843018,1,0,0.05358916521072388,0,1,0.9677025675773621,1,OL
201700024,Wyatt Davis,2017,OG,0.9876,86.0785,1,0.9794636964797974,1,1,0.8721067309379578,1,1,0.03843063488602638,0,1,0.9794636964797974,1,OL
201700026,Calvin Ashley,2017,OT,0.987,36.8494,1,0.9685293436050415,1,0,0.9618285894393921,1,0,0.14199674129486084,0,1,0.9685293436050415,1,OL
201700034,Jedrick Wills,2017,OT,0.9831,62.9676,1,0.9900609254837036,1,1,0.9855294823646545,1,0,0.07244005799293518,0,1,0.9900609254837036,1,OL
201700045,Andrew Thomas,2017,OT,0.9791,70.0271,1,0.9787459969520569,1,1,0.9188542366027832,1,0,0.33544567227363586,0,1,0.9787459969520569,1,OL
201700047,Cesar Ruiz,2017,OC,0.9786,68.6075,1,0.9722872972488403,1,1,0.9530214071273804,1,0,0.04180259630084038,0,1,0.9722872972488403,1,OL
201700048,Austin Deculus,2017,OT,0.9772,68.0735,1,0.8708258271217346,1,1,0.9213806390762329,1,0,0.0358843058347702,0,1,0.8708258271217346,1,OL
201700053,Josh Myers,2017,OG,0.9757,57.8203,1,0.9693475961685181,1,1,0.7848507761955261,1,0,0.11949530988931656,0,1,0.9693475961685181,1,OL
201700072,Navaughn Donaldson,2017,OT,0.9654,73.0017,1,0.9739113450050354,1,1,0.9551220536231995,1,0,0.08206024765968323,0,1,0.9739113450050354,1,OL
201700077,Jack Anderson,2017,OG,0.9628,69.2333,1,0.9466831088066101,1,1,0.9108192324638367,1,0,0.06873301416635513,0,1,0.9466831088066101,1,OL
201700084,Robert Hainsey,2017,OG,0.9604,75.3732,1,0.9835661053657532,1,1,0.8735430836677551,1,0,0.028781985864043236,0,1,0.9835661053657532,1,OL
201700087,Netori Johnson,2017,OG,0.9588,51.6896,1,0.878841757774353,1,1,0.7993526458740234,1,0,0.06388673931360245,0,1,0.878841757774353,1,OL
201700089,CJ Thorpe,2017,OG,0.9584,65.5031,1,0.9706653356552124,1,1,0.8263945579528809,1,0,0.002576568629592657,0,1,0.9706653356552124,1,OL
201700094,Jake Moretti,2017,OT,0.9567,42.4161,1,0.9540167450904846,1,0,0.9354626536369324,1,0,0.025368865579366684,0,1,0.9540167450904846,1,OL
201700103,Tyrese Robinson,2017,OG,0.9525,70.5782,1,0.8703121542930603,1,1,0.8355118036270142,1,0,0.015506792813539505,0,1,0.8703121542930603,1,OL
201700112,Chuck Filiaga,2017,OT,0.9475,67.733,1,0.8170179128646851,1,1,0.8651860952377319,1,0,0.019962387159466743,0,1,0.8170179128646851,1,OL
201700114,Alijah Vera-Tucker,2017,OT,0.9463,60.9246,1,0.9030696153640747,1,1,0.6639620065689087,1,0,0.017968488857150078,0,1,0.9030696153640747,1,OL
201700120,Josh Lugg,2017,OT,0.9443,72.9781,1,0.9550472497940063,1,1,0.7921546697616577,1,0,0.029786504805088043,0,1,0.9550472497940063,1,OL
201700129,Micah Clark,2017,OT,0.9404,36.8119,1,0.7419577240943909,1,0,0.6902868151664734,1,0,0.011481313034892082,0,1,0.7419577240943909,1,OL
201700144,Jonah Melton,2017,OG,0.9362,0.0,0,0.9626177549362183,1,0,0.8965789675712585,1,0,0.43026092648506165,0,0,0.9626177549362183,1,OL
201700162,Nick Brahms,2017,OG,0.9318,72.2166,1,0.9266635775566101,1,1,0.8078815340995789,1,0,0.13923290371894836,0,1,0.9266635775566101,1,OL
201700166,Aaron Banks,2017,OT,0.9301,64.339,1,0.9115583896636963,1,1,0.7280851602554321,1,0,0.006398025434464216,0,1,0.9115583896636963,1,OL
201700171,Wes Harris,2017,OG,0.9283,64.5398,1,0.8699518442153931,1,1,0.7274174094200134,1,0,0.2718811333179474,0,1,0.8699518442153931,1,OL
201700181,Austin Troxell,2017,OT,0.9253,68.7923,1,0.8132193684577942,1,1,0.8819739818572998,1,0,0.058637648820877075,0,1,0.8132193684577942,1,OL
201700183,Kendall Randolph,2017,OG,0.9252,48.6438,1,0.7558949589729309,1,0,0.7061252593994141,1,0,0.0707121342420578,0,1,0.7558949589729309,1,OL
201700193,Henry Bainivalu,2017,OT,0.9224,68.1002,1,0.8026188611984253,1,1,0.6560765504837036,1,0,0.04757862165570259,0,1,0.8026188611984253,1,OL
201700201,Ed Ingram,2017,OG,0.9217,71.9232,1,0.6486870646476746,1,1,0.5097532868385315,1,0,0.02947785146534443,0,1,0.6486870646476746,1,OL
201700207,Obinna Eze,2017,OT,0.9212,65.4301,1,0.6480228900909424,1,1,0.4840010106563568,0,0,0.1642540693283081,0,1,0.6480228900909424,1,OL
201700208,Kayden Lyles,2017,OG,0.9211,57.019,1,0.8753832578659058,1,1,0.9189713001251221,1,0,0.009468832984566689,0,1,0.8753832578659058,1,OL
201700209,Brett Neilon,2017,OC,0.9199,71.5414,1,0.9179633259773254,1,1,0.8186941742897034,1,0,0.110088050365448,0,1,0.9179633259773254,1,OL
201700221,Kevin Jarvis,2017,OG,0.9149,76.0238,1,0.9315030574798584,1,1,0.7314136624336243,1,0,0.11873265355825424,0,1,0.9315030574798584,1,OL
201700223,Marcus Minor,2017,OG,0.9145,75.6058,1,0.8696880340576172,1,1,0.6370970010757446,1,0,0.10859061032533646,0,1,0.8696880340576172,1,OL
201700231,Kadeem Telfort,2017,OT,0.9127,57.4164,1,0.8758208751678467,1,1,0.7236239910125732,1,0,0.014571132138371468,0,1,0.8758208751678467,1,OL
201700242,Grayson Reed,2017,OT,0.9103,43.4077,1,0.8036561012268066,1,0,0.5610550045967102,1,0,0.009760735556483269,0,1,0.8036561012268066,1,OL
201700243,Stephan Zabie,2017,OT,0.9103,0.0,0,0.9280264973640442,1,0,0.604732096195221,1,0,0.009606276638805866,0,0,0.9280264973640442,1,OL
201700245,Matt Bockhorst,2017,OG,0.91,69.0249,1,0.8074036836624146,1,1,0.6291626691818237,1,0,0.027899837121367455,0,1,0.8074036836624146,1,OL
201700250,T.J. Moore,2017,OT,0.9085,49.1407,1,0.7757138609886169,1,0,0.6659519672393799,1,0,0.03371187299489975,0,1,0.7757138609886169,1,OL
201700257,Kai-Leon Herbert,2017,OT,0.9068,51.6841,1,0.8708122968673706,1,1,0.633419930934906,1,0,0.01830204389989376,0,1,0.8708122968673706,1,OL
201700258,Marquis Hayes,2017,OG,0.9066,68.6924,1,0.8857888579368591,1,1,0.7840665578842163,1,0,0.2940744459629059,0,1,0.8857888579368591,1,OL
201700267,Saahdiq Charles,2017,OG,0.9039,60.7686,1,0.8135707378387451,1,1,0.6306036114692688,1,0,0.15289217233657837,0,1,0.8135707378387451,1,OL
201700269,Adrian Ealy,2017,OT,0.9029,60.3018,1,0.7256193161010742,1,1,0.4904631972312927,0,0,0.15867982804775238,0,1,0.7256193161010742,1,OL
201700277,Thayer Munford,2017,OT,0.9016,81.8539,1,0.84490966796875,1,1,0.6815197467803955,1,1,0.056091561913490295,0,1,0.84490966796875,1,OL
201700281,Jordan McNair,2017,OT,0.9011,0.0,0,0.7749303579330444,1,0,0.4765510559082031,0,0,0.04504602402448654,0,0,0.7749303579330444,1,OL
201700290,Creed Humphrey,2017,OC,0.8992,71.9027,1,0.8359974026679993,1,1,0.8476683497428894,1,0,0.03149961307644844,0,1,0.8359974026679993,1,OL
201700319,JaRaymond Hall,2017,OT,0.8948,0.0,0,0.8696604371070862,1,0,0.7085851430892944,1,0,0.02491830103099346,0,0,0.8696604371070862,1,OL
201700322,Tristan Wirfs,2017,OT,0.8941,67.5417,1,0.7819728255271912,1,1,0.6272736191749573,1,0,0.03397337719798088,0,1,0.7819728255271912,1,OL
201700346,Grant Polley,2017,OT,0.8913,0.0,0,0.7111210823059082,1,0,0.5240452289581299,1,0,0.023601794615387917,0,0,0.7111210823059082,1,OL
201700347,Mark Kallenberger,2017,OT,0.8912,57.3477,1,0.7640128135681152,1,1,0.6979480385780334,1,0,0.013399353250861168,0,1,0.7640128135681152,1,OL
201700357,Xavier Newman,2017,OG,0.89,70.7194,1,0.7539452910423279,1,1,0.7047496438026428,1,0,0.01747727394104004,0,1,0.7539452910423279,1,OL
201700362,Blake Vinson,2017,OT,0.8894,53.0443,1,0.8665227890014648,1,1,0.6425070762634277,1,0,0.04769520461559296,0,1,0.8665227890014648,1,OL
201700363,Andrew Stueber,2017,OT,0.8891,63.0577,1,0.7802055478096008,1,1,0.7667471766471863,1,0,0.03550365939736366,0,1,0.7802055478096008,1,OL
201700364,Andrew Vorhees,2017,OT,0.889,78.8026,1,0.6885684728622437,1,1,0.5414318442344666,1,0,0.03543762117624283,0,1,0.6885684728622437,1,OL
201700365,Jordan Reid,2017,OG,0.8887,70.7909,1,0.8574503064155579,1,1,0.7424910068511963,1,0,0.012452755123376846,0,1,0.8574503064155579,1,OL
201700367,Blaise Andries,2017,OT,0.8886,70.8449,1,0.8280026912689209,1,1,0.6830952763557434,1,0,0.04113342985510826,0,1,0.8280026912689209,1,OL
201700373,Dillan Gibbons,2017,OT,0.8878,70.4221,1,0.8716992139816284,1,1,0.6234292387962341,1,0,0.006858176551759243,0,1,0.8716992139816284,1,OL
201700375,Caleb Chandler,2017,OT,0.8873,80.9069,1,0.7733591794967651,1,1,0.6591628789901733,1,1,0.06531501561403275,0,1,0.7733591794967651,1,OL
201700381,Justin Shaffer,2017,OG,0.8858,82.1429,1,0.8736032843589783,1,1,0.6427704095840454,1,1,0.060820821672677994,0,1,0.8736032843589783,1,OL
201700385,Kanan Ray,2017,OG,0.8851,50.6035,1,0.8712354898452759,1,1,0.6673047542572021,1,0,0.01741107366979122,0,1,0.8712354898452759,1,OL
201700397,Billy Ross,2017,OT,0.8841,55.1973,1,0.8160393834114075,1,1,0.6491462588310242,1,0,0.01940619945526123,0,1,0.8160393834114075,1,OL
201700399,Mekhi Becton,2017,OT,0.8839,66.543,1,0.7795620560646057,1,1,0.7167454361915588,1,0,0.029270153492689133,0,1,0.7795620560646057,1,OL
201700404,Tyler Beach,2017,OT,0.8833,74.0644,1,0.8485201597213745,1,1,0.7898223400115967,1,0,0.05916217714548111,0,1,0.8485201597213745,1,OL
201700409,Brenden Jaimes,2017,OT,0.8828,73.6931,1,0.8441125154495239,1,1,0.6265201568603516,1,0,0.02616577409207821,0,1,0.8441125154495239,1,OL
201700419,Jalen McKenzie,2017,OG,0.8811,66.3383,1,0.8580078482627869,1,1,0.6509047746658325,1,0,0.007143185008317232,0,1,0.8580078482627869,1,OL
201700429,Tony Gray,2017,OT,0.8795,43.7955,1,0.728676974773407,1,0,0.7008531093597412,1,0,0.0856899619102478,0,1,0.728676974773407,1,OL
201700434,Matt Sichterman,2017,OT,0.8789,57.5294,1,0.8437615633010864,1,1,0.6742863059043884,1,0,0.044683199375867844,0,1,0.8437615633010864,1,OL
201700446,Joel Honigford,2017,OT,0.8761,49.5237,1,0.8211120367050171,1,0,0.6517243981361389,1,0,0.05348646640777588,0,1,0.8211120367050171,1,OL
201700453,Carter Warren,2017,OT,0.8753,64.235,1,0.7193946838378906,1,1,0.5326699614524841,1,0,0.09501633048057556,0,1,0.7193946838378906,1,OL
201700454,Larry Boyd,2017,OG,0.8753,52.0622,1,0.9078173041343689,1,1,0.7878379821777344,1,0,0.06041378527879715,0,1,0.9078173041343689,1,OL
201700461,Alex Forsyth,2017,OT,0.8748,64.8622,1,0.8135998845100403,1,1,0.7630966901779175,1,0,0.008100256323814392,0,1,0.8135998845100403,1,OL
201700463,Mike Miranda,2017,OC,0.8747,71.0275,1,0.9106382131576538,1,1,0.7825800180435181,1,0,0.012350441887974739,0,1,0.9106382131576538,1,OL
201700464,Abraham Lucas,2017,OT,0.8745,66.8221,1,0.858349084854126,1,1,0.8044804930686951,1,0,0.0012628253316506743,0,1,0.858349084854126,1,OL
201700465,Jacob Rimmer,2017,OT,0.8744,0.0,0,0.645102858543396,1,0,0.3051978051662445,0,0,0.03219272568821907,0,0,0.645102858543396,1,OL
201700493,Patrick Leitten,2017,OT,0.8719,40.77,1,0.4277714192867279,0,0,0.27658647298812866,0,0,0.017359251156449318,0,1,0.4277714192867279,0,OL
201700499,Zalon'tae Hillery,2017,OT,0.8714,51.4872,1,0.7093321084976196,1,1,0.6132670640945435,1,0,0.031280431896448135,0,1,0.7093321084976196,1,OL
201700504,Eric Douglas,2017,OT,0.8711,79.0283,1,0.780340850353241,1,1,0.7555808424949646,1,0,0.024053776636719704,0,1,0.780340850353241,1,OL
201700506,Noah DeHond,2017,OT,0.8711,0.0,0,0.7297772169113159,1,0,0.6591418981552124,1,0,0.010852444916963577,0,0,0.7297772169113159,1,OL
201700530,Adrian Wolford,2017,OG,0.8694,0.0,0,0.8748051524162292,1,0,0.7881117463111877,1,0,0.015641622245311737,0,0,0.8748051524162292,1,OL
201700531,Ryan Nelson,2017,OT,0.8694,71.1953,1,0.6795357465744019,1,1,0.5886386632919312,1,0,0.004462830256670713,0,1,0.6795357465744019,1,OL
201700536,Joshua Fedd-Jackson,2017,OG,0.8689,58.4068,1,0.7877500057220459,1,1,0.6374121904373169,1,0,0.015566837973892689,0,1,0.7877500057220459,1,OL
201700540,Logan Bruss,2017,OG,0.8686,72.8382,1,0.9246475696563721,1,1,0.7936127185821533,1,0,0.05281810089945793,0,1,0.9246475696563721,1,OL
201700541,Alan Ali,2017,OT,0.8686,75.6397,1,0.7616003751754761,1,1,0.6023834943771362,1,0,0.015339507721364498,0,1,0.7616003751754761,1,OL
201700562,Case Cook,2017,OC,0.8669,67.5923,1,0.8975650668144226,1,1,0.7692387104034424,1,0,0.023081010207533836,0,1,0.8975650668144226,1,OL
201700565,Jaxson Kirkland,2017,OT,0.8669,72.8846,1,0.8085007071495056,1,1,0.6506932377815247,1,0,0.050299111753702164,0,1,0.8085007071495056,1,OL
201700584,Hyrin White,2017,OT,0.8653,63.9927,1,0.6922479271888733,1,1,0.5072379112243652,1,0,0.008759296499192715,0,1,0.6922479271888733,1,OL
201700601,Summie Carlay,2017,OT,0.8644,0.0,0,0.6947138905525208,1,0,0.5514637231826782,1,0,0.009013274684548378,0,0,0.6947138905525208,1,OL
201700603,Riley Locklear,2017,OT,0.8642,59.603,1,0.8465065360069275,1,1,0.6565969586372375,1,0,0.020841868594288826,0,1,0.8465065360069275,1,OL
201700607,Dalton Wagner,2017,OT,0.8639,80.0272,1,0.7584971189498901,1,1,0.8154568672180176,1,1,0.03181467950344086,0,1,0.7584971189498901,1,OL
201700615,Cole Bentley,2017,OG,0.8631,75.4719,1,0.8108112812042236,1,1,0.6376664042472839,1,0,0.01366750244051218,0,1,0.8108112812042236,1,OL
201700617,Will Farrar,2017,OG,0.8631,64.6756,1,0.7566419839859009,1,1,0.6509757041931152,1,0,0.05160421505570412,0,1,0.7566419839859009,1,OL
201700619,Dawson Deaton,2017,OC,0.8631,71.2141,1,0.8659430742263794,1,1,0.8289905786514282,1,0,0.0713733583688736,0,1,0.8659430742263794,1,OL
201700621,K'Rojhn Calbert,2017,OT,0.8631,57.7822,1,0.5511200428009033,1,1,0.4881606996059418,0,0,0.06513049453496933,0,1,0.5511200428009033,1,OL
201700623,Derek Kerstetter,2017,OG,0.8628,81.6693,1,0.7371748089790344,1,1,0.6831910610198975,1,1,0.005127712152898312,0,1,0.7371748089790344,1,OL
201700624,Michael Richardson,2017,OT,0.8628,0.0,0,0.8401045203208923,1,0,0.6577174067497253,1,0,0.07076627016067505,0,0,0.8401045203208923,1,OL
201700633,Robert Martin,2017,OT,0.8622,0.0,0,0.6821558475494385,1,0,0.37685856223106384,0,0,0.008141033351421356,0,0,0.6821558475494385,1,OL
201700634,Toryque Bateman,2017,OT,0.8622,0.0,0,0.747974157333374,1,0,0.5699531435966492,1,0,0.006599870976060629,0,0,0.747974157333374,1,OL
201700640,Bryce Bailey,2017,OT,0.8619,59.6585,1,0.8242346048355103,1,1,0.6112151741981506,1,0,0.008088445290923119,0,1,0.8242346048355103,1,OL
201700648,Rashawn Slater,2017,OG,0.8614,66.6121,1,0.8387634754180908,1,1,0.6060976386070251,1,0,0.024634767323732376,0,1,0.8387634754180908,1,OL
201700650,Drew Dalman,2017,OC,0.8614,61.5408,1,0.7874664664268494,1,1,0.49981653690338135,0,0,0.002832867903634906,0,1,0.7874664664268494,1,OL
201700664,Sam Gerak,2017,OC,0.8606,0.0,0,0.8747533559799194,1,0,0.8306458592414856,1,0,0.006536430679261684,0,0,0.8747533559799194,1,OL
201700671,Will Taylor,2017,OC,0.8603,52.1665,1,0.8223735094070435,1,1,0.6977081894874573,1,0,0.0044821761548519135,0,1,0.8223735094070435,1,OL
201700682,Pompey Coleman,2017,OT,0.8597,0.0,0,0.8415966629981995,1,0,0.5699741244316101,1,0,0.004363881889730692,0,0,0.8415966629981995,1,OL
201700722,Zach Dykstra,2017,OT,0.8575,0.0,0,0.752220630645752,1,0,0.4623418152332306,0,0,0.015200573019683361,0,0,0.752220630645752,1,OL
201700734,Jax Wacaser,2017,OG,0.8569,0.0,0,0.5955528020858765,1,0,0.6059442162513733,1,0,0.14653253555297852,0,0,0.5955528020858765,1,OL
201700735,Ben Petrula,2017,OG,0.8569,80.3058,1,0.6451471447944641,1,1,0.5522801876068115,1,1,0.006764811463654041,0,1,0.6451471447944641,1,OL
201700739,Jerry Drake Jr.,2017,OT,0.8567,40.9802,1,0.6056033372879028,1,0,0.406017929315567,0,0,0.01087170373648405,0,1,0.6056033372879028,1,OL
201700741,Paul Gainer,2017,OG,0.8567,43.3951,1,0.7480044960975647,1,0,0.3843848705291748,0,0,0.002031718846410513,0,1,0.7480044960975647,1,OL
201700744,Jean Marcellus,2017,OG,0.8564,0.0,0,0.780900776386261,1,0,0.42668649554252625,0,0,0.009686185047030449,0,0,0.780900776386261,1,OL
201700745,Casey Roddick,2017,OG,0.8564,79.5068,1,0.7447519302368164,1,1,0.45837703347206116,0,0,0.0041455901227891445,0,1,0.7447519302368164,1,OL
201700749,Jordan Tucker,2017,OT,0.8564,65.2241,1,0.44781482219696045,0,1,0.44303297996520996,0,0,0.011665258556604385,0,1,0.44781482219696045,0,OL
201700753,Samuel Vretman,2017,OT,0.8561,54.6953,1,0.7323046922683716,1,1,0.45031750202178955,0,0,0.014704353176057339,0,1,0.7323046922683716,1,OL
201700758,Josh Rivas,2017,OT,0.8558,73.1206,1,0.6177610158920288,1,1,0.5173230767250061,1,0,0.019148407503962517,0,1,0.6177610158920288,1,OL
201700763,Matthew Huhn,2017,OT,0.8556,0.0,0,0.7411030530929565,1,0,0.5595419406890869,1,0,0.01728331483900547,0,0,0.7411030530929565,1,OL
201700766,Kirby Adcock,2017,OT,0.8556,49.2502,1,0.6475433707237244,1,0,0.2190055400133133,0,0,0.010748975910246372,0,1,0.6475433707237244,1,OL
201700791,Sebastien Dolcine,2017,OG,0.8547,0.0,0,0.7018359899520874,1,0,0.5429814457893372,1,0,0.06237850338220596,0,0,0.7018359899520874,1,OL
201700792,Shane Clenin,2017,OT,0.8547,60.1584,1,0.6065756678581238,1,1,0.4275343418121338,0,0,0.0028169117867946625,0,1,0.6065756678581238,1,OL
201700806,Matt Carrick,2017,OG,0.8539,74.8386,1,0.7932330965995789,1,1,0.5852187275886536,1,0,0.04413580149412155,0,1,0.7932330965995789,1,OL
201700815,Kedonis Haslem,2017,OG,0.8536,0.0,0,0.5651150345802307,1,0,0.5024970769882202,1,0,0.004300947766751051,0,0,0.5651150345802307,1,OL
201700824,Marcus McKethan,2017,OG,0.8531,65.1326,1,0.6826549172401428,1,1,0.4923153221607208,0,0,0.013743373565375805,0,1,0.6826549172401428,1,OL
201700828,Mustafa Khaleefah,2017,OT,0.8531,39.6825,1,0.6781901717185974,1,0,0.4092380106449127,0,0,0.0017958884127438068,0,1,0.6781901717185974,1,OL
201700831,Mo Unutoa,2017,OT,0.8531,0.0,0,0.687070906162262,1,0,0.5874850749969482,1,0,0.018931226804852486,0,0,0.687070906162262,1,OL
201700840,Johnny Jordan,2017,OC,0.8522,77.7834,1,0.883136510848999,1,1,0.6318148374557495,1,0,0.005797458812594414,0,1,0.883136510848999,1,OL
201700843,Will Sherman,2017,OG,0.8522,62.0213,1,0.7217437624931335,1,1,0.5521160960197449,1,0,0.0013209758326411247,0,1,0.7217437624931335,1,OL
201700852,Ben Brown,2017,OT,0.8519,72.0476,1,0.6468729972839355,1,1,0.3303168714046478,0,0,0.010288359597325325,0,1,0.6468729972839355,1,OL
201700855,Jonathan Nathaniel,2017,OT,0.8519,0.0,0,0.5555106401443481,1,0,0.6774930953979492,1,0,0.0008951089112088084,0,0,0.5555106401443481,1,OL
201700862,Des Holmes,2017,OT,0.8517,66.7986,1,0.6175453662872314,1,1,0.500499427318573,1,0,0.0012572573032230139,0,1,0.6175453662872314,1,OL
201700872,Cody Bowes,2017,OG,0.8514,0.0,0,0.7260372042655945,1,0,0.5122218728065491,1,0,0.0024664162192493677,0,0,0.7260372042655945,1,OL
201700879,Brian Anderson,2017,OC,0.8508,65.1124,1,0.816338062286377,1,1,0.46177130937576294,0,0,0.009648973122239113,0,1,0.816338062286377,1,OL
201700898,Poutasi Poutasi,2017,OG,0.8506,37.8214,1,0.7932567000389099,1,0,0.7097506523132324,1,0,0.004913913551717997,0,1,0.7932567000389099,1,OL
201700900,Jordon Carty,2017,OT,0.8504,0.0,0,0.606360912322998,1,0,0.3644484281539917,0,0,0.0019261213019490242,0,0,0.606360912322998,1,OL
201700933,Dwayne Fisher,2017,OT,0.8492,0.0,0,0.686184823513031,1,0,0.5275136828422546,1,0,0.003744369139894843,0,0,0.686184823513031,1,OL
201700937,Hunter Brannon,2017,OC,0.8492,0.0,0,0.8201447129249573,1,0,0.6166722774505615,1,0,0.004039091989398003,0,0,0.8201447129249573,1,OL
201700944,Cody Shear,2017,OG,0.8489,0.0,0,0.6152669191360474,1,0,0.6009690761566162,1,0,0.0024360292591154575,0,0,0.6152669191360474,1,OL
201700952,Cole Clemens,2017,OT,0.8483,67.6816,1,0.7930205464363098,1,1,0.5081495642662048,1,0,0.0017693873960524797,0,1,0.7930205464363098,1,OL
201700955,Caleb Jones,2017,OT,0.8483,64.0575,1,0.7423334121704102,1,1,0.4712124168872833,0,0,0.0018547208746895194,0,1,0.7423334121704102,1,OL
201700970,Jared Hocker,2017,OT,0.8478,69.5862,1,0.7681480050086975,1,1,0.5064935088157654,1,0,0.0031970858108252287,0,1,0.7681480050086975,1,OL
201700982,Jamaal Beaty,2017,OG,0.8475,0.0,0,0.7991010546684265,1,0,0.36087045073509216,0,0,0.009670882485806942,0,0,0.7991010546684265,1,OL
201700996,Colin Newell,2017,OT,0.8467,67.7587,1,0.6352103352546692,1,1,0.4403296411037445,0,0,0.004294677171856165,0,1,0.6352103352546692,1,OL
201701008,Robert Hudson,2017,OT,0.8464,42.8851,1,0.5731027126312256,1,0,0.5320360660552979,1,0,0.001697876607067883,0,1,0.5731027126312256,1,OL
201701009,Chris Glaser,2017,OT,0.8464,75.4059,1,0.771358072757721,1,1,0.5022276043891907,1,0,0.0016784013714641333,0,1,0.771358072757721,1,OL
201701020,Tyler Fannin,2017,OC,0.8458,0.0,0,0.8660145401954651,1,0,0.725069522857666,1,0,0.0022795158438384533,0,0,0.8660145401954651,1,OL
201701025,Edgar Burrola,2017,OT,0.8458,52.9943,1,0.6902662515640259,1,1,0.4680107533931732,0,0,0.024322539567947388,0,1,0.6902662515640259,1,OL
201701037,Orlando Umana,2017,OG,0.8456,67.3415,1,0.6819169521331787,1,1,0.3360511362552643,0,0,0.008595248684287071,0,1,0.6819169521331787,1,OL
201701038,Brady Scott,2017,OT,0.8453,66.4061,1,0.649807870388031,1,1,0.4350149929523468,0,0,0.0031338317785412073,0,1,0.649807870388031,1,OL
201701043,Eric Abojei,2017,OT,0.845,61.5098,1,0.6318365335464478,1,1,0.5210905075073242,1,0,0.0014939600368961692,0,1,0.6318365335464478,1,OL
201701049,Dennis Bardwell,2017,OT,0.8447,62.3613,1,0.637065589427948,1,1,0.5148239135742188,1,0,0.013932115398347378,0,1,0.637065589427948,1,OL
201701051,Broc Bando,2017,OG,0.8442,56.7981,1,0.5987566113471985,1,1,0.4950387477874756,0,0,0.0033814299385994673,0,1,0.5987566113471985,1,OL
201701055,Ethan Wiederkehr,2017,OT,0.8442,71.5807,1,0.6030604243278503,1,1,0.34225425124168396,0,0,0.009472277015447617,0,1,0.6030604243278503,1,OL
201701056,Hayden Howerton,2017,OC,0.8442,74.7484,1,0.7907786965370178,1,1,0.5884506106376648,1,0,0.045594409108161926,0,1,0.7907786965370178,1,OL
201701057,Cordavien Suggs,2017,OT,0.8442,0.0,0,0.6171509623527527,1,0,0.342810720205307,0,0,0.005791684612631798,0,0,0.6171509623527527,1,OL
201701060,John Michael Schmitz,2017,OC,0.8442,70.8811,1,0.8828954100608826,1,1,0.8132440447807312,1,0,0.06648312509059906,0,1,0.8828954100608826,1,OL
201701065,Casey Verhulst,2017,OT,0.8439,44.0671,1,0.6919962167739868,1,0,0.537329912185669,1,0,0.00515004014596343,0,1,0.6919962167739868,1,OL
201701071,Chris Walker,2017,OT,0.8436,0.0,0,0.7625214457511902,1,0,0.3946286141872406,0,0,0.010995028540492058,0,0,0.7625214457511902,1,OL
201701077,Michael Minihan,2017,OG,0.8433,62.7262,1,0.7287076711654663,1,1,0.5709220767021179,1,0,0.0008019988308660686,0,1,0.7287076711654663,1,OL
201701083,Eleasah Anderson,2017,OT,0.8431,38.5936,1,0.6962915062904358,1,0,0.5973320603370667,1,0,0.0025254725478589535,0,1,0.6962915062904358,1,OL
201701086,Demetris Harris,2017,OG,0.843,74.4842,1,0.6783640384674072,1,1,0.45783767104148865,0,0,0.005491010844707489,0,1,0.6783640384674072,1,OL
201701090,Isaac Hawn,2017,OT,0.843,51.5364,1,0.8087732791900635,1,1,0.5261139869689941,1,0,0.015528654679656029,0,1,0.8087732791900635,1,OL
201701102,Tyler Knight,2017,OT,0.8425,0.0,0,0.6904891729354858,1,0,0.4156546890735626,0,0,0.007087617181241512,0,0,0.6904891729354858,1,OL
201701103,Naasir Watkins,2017,OT,0.8425,57.8139,1,0.7198812961578369,1,1,0.6496350765228271,1,0,0.00400890875607729,0,1,0.7198812961578369,1,OL
201701109,Owen Bowles,2017,OG,0.8422,0.0,0,0.8083167672157288,1,0,0.37859249114990234,0,0,0.01913675107061863,0,0,0.8083167672157288,1,OL
201701113,Zach Quinney,2017,OG,0.8422,63.8916,1,0.5956199765205383,1,1,0.4227703809738159,0,0,0.004687739070504904,0,1,0.5956199765205383,1,OL
201701115,Samuel Cosmi,2017,OT,0.8422,53.1554,1,0.6815663576126099,1,1,0.5587866306304932,1,0,0.01823718659579754,0,1,0.6815663576126099,1,OL
201701123,Alec Kuzmack,2017,OT,0.8417,0.0,0,0.5793912410736084,1,0,0.3025832176208496,0,0,0.004524705931544304,0,0,0.5793912410736084,1,OL
201701133,Dakota Davis,2017,OT,0.8411,70.6309,1,0.7683528065681458,1,1,0.6859775185585022,1,0,0.009100474417209625,0,1,0.7683528065681458,1,OL
201701136,Jordan Rhodes,2017,OT,0.8411,64.892,1,0.6987422704696655,1,1,0.595426082611084,1,0,0.0037214469630271196,0,1,0.6987422704696655,1,OL
201701142,Gabe Houy,2017,OT,0.8408,0.0,0,0.5584810376167297,1,0,0.6199102401733398,1,0,0.01369303185492754,0,0,0.5584810376167297,1,OL
201701146,Carson Green,2017,OT,0.8408,75.2117,1,0.674923837184906,1,1,0.4475848376750946,0,0,0.017427805811166763,0,1,0.674923837184906,1,OL
201701148,Quazzel White,2017,OG,0.8408,60.5701,1,0.7172793745994568,1,1,0.4644988775253296,0,0,0.0013787451898679137,0,1,0.7172793745994568,1,OL
201701179,Robert Holmes,2017,OG,0.8392,50.4183,1,0.6832053065299988,1,1,0.5467416644096375,1,0,0.006282577756792307,0,1,0.6832053065299988,1,OL
201701182,Corey Gaynor,2017,OC,0.8392,82.9986,1,0.6975945830345154,1,1,0.4010618031024933,0,1,0.0014799984637647867,0,1,0.6975945830345154,1,OL
201701183,Ryan Swoboda,2017,OT,0.8392,72.7921,1,0.7544012665748596,1,1,0.4521118402481079,0,0,0.014345314353704453,0,1,0.7544012665748596,1,OL
201701185,Vederian Lowe,2017,OT,0.8389,78.1215,1,0.7257561683654785,1,1,0.7326961755752563,1,0,0.16171309351921082,0,1,0.7257561683654785,1,OL
201701200,Jonathan Stewart,2017,OT,0.8386,45.1223,1,0.6393499970436096,1,0,0.4157099723815918,0,0,0.012247065082192421,0,1,0.6393499970436096,1,OL
201701203,Nick Ford,2017,OT,0.8386,67.0244,1,0.6226627230644226,1,1,0.3730027377605438,0,0,0.02495577372610569,0,1,0.6226627230644226,1,OL
201701212,Aiden Brown,2017,OG,0.8383,0.0,0,0.8250083327293396,1,0,0.6465038061141968,1,0,0.00429064966738224,0,0,0.8250083327293396,1,OL
201701221,Tyler Thurmond,2017,OT,0.8378,35.7554,1,0.5911586880683899,1,0,0.3950752317905426,0,0,0.04776785150170326,0,1,0.5911586880683899,1,OL
201701224,Khalil Keith,2017,OT,0.8375,65.2548,1,0.6922925114631653,1,1,0.4503658413887024,0,0,0.018764881417155266,0,1,0.6922925114631653,1,OL
201701235,Larry Borom,2017,OG,0.8369,60.2443,1,0.6356726884841919,1,1,0.5074695348739624,1,0,0.02921990305185318,0,1,0.6356726884841919,1,OL
201701242,Travis Mackay,2017,OT,0.8367,0.0,0,0.6968501210212708,1,0,0.7504026293754578,1,0,0.0038601006381213665,0,0,0.6968501210212708,1,OL
201701248,Dante Bivens,2017,OG,0.8363,64.6853,1,0.7460137605667114,1,1,0.4089202582836151,0,0,0.0023799524642527103,0,1,0.7460137605667114,1,OL
201701260,Jason Moore,2017,OG,0.8358,57.1611,1,0.725092887878418,1,1,0.529291033744812,1,0,0.011952473782002926,0,1,0.725092887878418,1,OL
201701275,Brock Wellsfry,2017,OT,0.835,35.5074,1,0.7435574531555176,1,0,0.43708449602127075,0,0,0.015378469601273537,0,1,0.7435574531555176,1,OL
201701280,Ben Adler,2017,OG,0.835,59.749,1,0.6828030347824097,1,1,0.4335794746875763,0,0,0.00034813780803233385,0,1,0.6828030347824097,1,OL
201701288,Alex Palczewski,2017,OT,0.8344,84.3091,1,0.7531205415725708,1,1,0.5179226398468018,1,1,0.006511434447020292,0,1,0.7531205415725708,1,OL
201701292,Connor Robbins,2017,OT,0.8342,42.3237,1,0.7553569674491882,1,0,0.6506602764129639,1,0,0.00956506747752428,0,1,0.7553569674491882,1,OL
201701370,Mikhail Hill,2017,OG,0.8325,37.6993,1,0.6089749336242676,1,0,0.45489826798439026,0,0,0.0003538301680237055,0,1,0.6089749336242676,1,OL
201701371,Willa Pierre,2017,OG,0.8325,0.0,0,0.5641645789146423,1,0,0.3863409161567688,0,0,0.0009797021048143506,0,0,0.5641645789146423,1,OL
201701372,Corey Stephens,2017,OG,0.8325,49.3542,1,0.5656680464744568,1,0,0.44063740968704224,0,0,0.0006782867712900043,0,1,0.5656680464744568,1,OL
201701373,Jacob Bolton,2017,OT,0.8325,0.0,0,0.5582660436630249,1,0,0.39845213294029236,0,0,0.00233260216191411,0,0,0.5582660436630249,1,OL
201701377,Mark Stickford,2017,OT,0.8325,49.9549,1,0.6840397119522095,1,0,0.5648131966590881,1,0,0.026188723742961884,0,1,0.6840397119522095,1,OL
201701380,Cole Norgaard,2017,OT,0.8325,0.0,0,0.5672515034675598,1,0,0.38440248370170593,0,0,0.0028293731156736612,0,0,0.5672515034675598,1,OL
201701385,Trevor Campbell,2017,OT,0.8322,59.4856,1,0.7981672286987305,1,1,0.630413830280304,1,0,0.014335029758512974,0,1,0.7981672286987305,1,OL
201701394,Scott Brooks,2017,OG,0.8319,49.3815,1,0.6584826707839966,1,0,0.4261879622936249,0,0,0.0005487579619511962,0,1,0.6584826707839966,1,OL
201701405,Connor Hansen,2017,OC,0.8317,54.983,1,0.8020253777503967,1,1,0.3256896436214447,0,0,0.0015388393076136708,0,1,0.8020253777503967,1,OL
201701411,Jack Franklin,2017,OG,0.8315,0.0,0,0.5727429986000061,1,0,0.3759728670120239,0,0,0.0005275689181871712,0,0,0.5727429986000061,1,OL
201701415,Gerrik Vollmer,2017,OT,0.8311,50.2493,1,0.28971320390701294,0,1,0.2132326364517212,0,0,0.0012269094586372375,0,1,0.28971320390701294,0,OL
201701416,Henry Klinge,2017,OT,0.8311,40.5682,1,0.7043477296829224,1,0,0.4199789762496948,0,0,0.0019221771508455276,0,1,0.7043477296829224,1,OL
201701418,Jeff Nogaj,2017,OT,0.8308,0.0,0,0.7647772431373596,1,0,0.398108571767807,0,0,0.002215125598013401,0,0,0.7647772431373596,1,OL
201701424,Curtis Blackwell,2017,OT,0.8303,66.9525,1,0.7507070899009705,1,1,0.5258015990257263,1,0,0.0005176914855837822,0,1,0.7507070899009705,1,OL
201701466,Alfred Edwards,2017,OT,0.8281,68.8211,1,0.5319931507110596,1,1,0.2759093642234802,0,0,0.00178631953895092,0,1,0.5319931507110596,1,OL
201701470,Dominic Gudino,2017,OC,0.8281,58.2831,1,0.7434505224227905,1,1,0.6796538829803467,1,0,0.0001958757493412122,0,1,0.7434505224227905,1,OL
201701520,Austin Dotson,2017,OT,0.8253,60.345,1,0.5663800835609436,1,1,0.3984251916408539,0,0,0.001369320903904736,0,1,0.5663800835609436,1,OL
201701532,Peter Nank,2017,OT,0.8248,54.1483,1,0.6352435946464539,1,1,0.35243770480155945,0,0,0.008818846195936203,0,1,0.6352435946464539,1,OL
201701542,Aidan Mills,2017,OT,0.8244,0.0,0,0.2893267869949341,0,0,0.29665058851242065,0,0,0.008012873120605946,0,0,0.2893267869949341,0,OL
201701547,Viktor Beach,2017,OT,0.8242,44.6507,1,0.5938845872879028,1,0,0.3709843158721924,0,0,0.0012795067159458995,0,1,0.5938845872879028,1,OL
201701555,Heston Paige,2017,OT,0.8239,0.0,0,0.629106879234314,1,0,0.4222409725189209,0,0,0.015341220423579216,0,0,0.629106879234314,1,OL
201701556,Kyle Sassack,2017,OT,0.8236,0.0,0,0.6505415439605713,1,0,0.3940938711166382,0,0,0.023281291127204895,0,0,0.6505415439605713,1,OL
201701558,Zach Tom,2017,OT,0.8236,69.824,1,0.6528410315513611,1,1,0.36064451932907104,0,0,0.009298088029026985,0,1,0.6528410315513611,1,OL
201701562,Harry Crider,2017,OC,0.8236,63.9099,1,0.7526732683181763,1,1,0.511715292930603,1,0,0.015618651174008846,0,1,0.7526732683181763,1,OL
201701564,Allan Rappleyea,2017,OT,0.8233,49.3597,1,0.6233599781990051,1,0,0.4435311257839203,0,0,0.0028798675630241632,0,1,0.6233599781990051,1,OL
201701565,Dylan Weaver,2017,OT,0.8233,0.0,0,0.6752849221229553,1,0,0.4589325487613678,0,0,0.01650908961892128,0,0,0.6752849221229553,1,OL
201701577,Kelvin Ateman Jr.,2017,OT,0.8225,55.8481,1,0.6368238925933838,1,1,0.4454232454299927,0,0,0.0009541629115119576,0,1,0.6368238925933838,1,OL
201701581,Travion Clayton,2017,OT,0.8222,0.0,0,0.6286395192146301,1,0,0.33507704734802246,0,0,0.00017005942936521024,0,0,0.6286395192146301,1,OL
201701594,Jylton Tusha,2017,OT,0.8219,0.0,0,0.6001657843589783,1,0,0.3322138488292694,0,0,0.00023335467267315835,0,0,0.6001657843589783,1,OL
201701595,Zachary Sweeney,2017,OC,0.8219,0.0,0,0.6658958196640015,1,0,0.38309672474861145,0,0,0.038683392107486725,0,0,0.6658958196640015,1,OL
201701611,Erik Ditzhazy,2017,OT,0.8215,36.7461,1,0.5592356324195862,1,0,0.41748592257499695,0,0,0.0311523899435997,0,1,0.5592356324195862,1,OL
201701619,John Ojukwu,2017,OT,0.8215,68.937,1,0.5839605331420898,1,1,0.2422020584344864,0,0,0.0037415260449051857,0,1,0.5839605331420898,1,OL
201701626,Harrison Creed,2017,OT,0.8211,0.0,0,0.5618289113044739,1,0,0.34531769156455994,0,0,0.0006762190605513752,0,0,0.5618289113044739,1,OL
201701630,Bryson Speas,2017,OG,0.8208,75.1798,1,0.5841534733772278,1,1,0.4495534896850586,0,0,0.002777685644105077,0,1,0.5841534733772278,1,OL
201701634,Eddie Brecht,2017,OT,0.8207,0.0,0,0.5962545275688171,1,0,0.34687188267707825,0,0,0.0022368640638887882,0,0,0.5962545275688171,1,OL
201701652,Grant Miller,2017,OT,0.8197,75.0227,1,0.6071736812591553,1,1,0.39078718423843384,0,0,0.0005718879983760417,0,1,0.6071736812591553,1,OL
201701660,Luis Lebron,2017,OT,0.8189,0.0,0,0.5384842753410339,1,0,0.38426271080970764,0,0,0.0003322813136037439,0,0,0.5384842753410339,1,OL
201701672,Onesimus Clarke,2017,OT,0.8186,43.6398,1,0.5708993673324585,1,0,0.38462337851524353,0,0,0.0005077933892607689,0,1,0.5708993673324585,1,OL
201701676,Jalen Jackson,2017,OG,0.8183,43.7147,1,0.6268585920333862,1,0,0.399708092212677,0,0,0.00109775026794523,0,1,0.6268585920333862,1,OL
201701687,Dylan Deatherage,2017,OT,0.8181,65.7354,1,0.6547413468360901,1,1,0.3917624056339264,0,0,0.030202243477106094,0,1,0.6547413468360901,1,OL
201701689,Zelan Tupuola,2017,OG,0.8181,0.0,0,0.8214532732963562,1,0,0.4222365915775299,0,0,0.0006447514751926064,0,0,0.8214532732963562,1,OL
201701694,Cole Webster,2017,OT,0.8181,0.0,0,0.7337403297424316,1,0,0.34458091855049133,0,0,0.005665208213031292,0,0,0.7337403297424316,1,OL
201701696,Brett Kitrell,2017,OC,0.8178,55.4889,1,0.7592663168907166,1,1,0.4669489860534668,0,0,0.004274596460163593,0,1,0.7592663168907166,1,OL
201701698,Mitchell Berg,2017,OT,0.8178,61.8858,1,0.7205642461776733,1,1,0.4552590548992157,0,0,0.001763734850101173,0,1,0.7205642461776733,1,OL
201701712,Sean Seawards,2017,OG,0.8174,0.0,0,0.48207542300224304,0,0,0.3694981336593628,0,0,0.0001323802280239761,0,0,0.48207542300224304,0,OL
201701716,D.J. Washington,2017,OT,0.8169,48.7676,1,0.6562082767486572,1,0,0.4794997274875641,0,0,0.005095173139125109,0,1,0.6562082767486572,1,OL
201701751,D'Mitri Emmanuel,2017,OG,0.8156,69.4619,1,0.6310946345329285,1,1,0.5020663738250732,1,0,0.00024227348330896348,0,1,0.6310946345329285,1,OL
201701770,Cody Lamb,2017,OT,0.8148,46.2014,1,0.7135505080223083,1,0,0.45766398310661316,0,0,0.005863283760845661,0,1,0.7135505080223083,1,OL
201701778,Bill Kuduk,2017,OT,0.8144,53.3058,1,0.7308952808380127,1,1,0.5432610511779785,1,0,0.006288513541221619,0,1,0.7308952808380127,1,OL
201701788,Jesse Chamberlain,2017,OG,0.8141,49.294,1,0.6564204692840576,1,0,0.41555503010749817,0,0,0.0003644548705779016,0,1,0.6564204692840576,1,OL
201701817,Christian Darrisaw,2017,OT,0.8128,62.6424,1,0.6548823714256287,1,1,0.39346691966056824,0,0,0.0010289634810760617,0,1,0.6548823714256287,1,OL
201701854,David Redding,2017,OT,0.8115,57.3727,1,0.684428870677948,1,1,0.44487178325653076,0,0,0.0003740273241419345,0,1,0.684428870677948,1,OL
201701881,Vincent McConnell,2017,OT,0.8107,62.5094,1,0.762476921081543,1,1,0.5297287106513977,1,0,0.036427780985832214,0,1,0.762476921081543,1,OL
201701892,Nick Novak,2017,OG,0.81,0.0,0,0.7358183264732361,1,0,0.5107499957084656,1,0,0.016071656718850136,0,0,0.7358183264732361,1,OL
201701898,Charlie Clark,2017,OG,0.8097,44.061,1,0.6617787480354309,1,0,0.47879257798194885,0,0,0.0033300139475613832,0,1,0.6617787480354309,1,OL
201701906,Patrick Davis,2017,OT,0.8089,52.9832,1,0.5808265805244446,1,1,0.4041069447994232,0,0,0.0006181313656270504,0,1,0.5808265805244446,1,OL
201701910,Noah Hannon,2017,OC,0.8089,64.5495,1,0.7800132036209106,1,1,0.6099245548248291,1,0,0.001314245630055666,0,1,0.7800132036209106,1,OL
201701922,Jamezz Kimbrough,2017,OG,0.8081,64.4725,1,0.8937517404556274,1,1,0.8591452240943909,1,0,0.0552392415702343,0,1,0.8937517404556274,1,OL
201701940,Seth Harrell,2017,OG,0.8074,0.0,0,0.604729413986206,1,0,0.5174474716186523,1,0,0.00028487027157098055,0,0,0.604729413986206,1,OL
201701955,Pat Bartlett,2017,OC,0.8067,73.0728,1,0.7672809362411499,1,1,0.48846331238746643,0,0,0.0006071062525734305,0,1,0.7672809362411499,1,OL
201701958,Jalen Jackson,2017,OT,0.8067,0.0,0,0.65929114818573,1,0,0.4281737804412842,0,0,0.015342935919761658,0,0,0.65929114818573,1,OL
201701973,D.J. Delfendahl,2017,OT,0.8061,0.0,0,0.6335887312889099,1,0,0.23426614701747894,0,0,0.003611499210819602,0,0,0.6335887312889099,1,OL
201701996,Julio Castillo,2017,OT,0.8053,0.0,0,0.41114500164985657,0,0,0.35789352655410767,0,0,0.0008161779260262847,0,0,0.41114500164985657,0,OL
201701998,Pete Nestrowitz,2017,OG,0.805,60.6875,1,0.6504977941513062,1,1,0.3617687523365021,0,0,0.008080747909843922,0,1,0.6504977941513062,1,OL
201702018,Joseph Gilbertson,2017,OG,0.8044,45.3585,1,0.36389172077178955,0,0,0.3074905574321747,0,0,0.0003397721447981894,0,1,0.36389172077178955,0,OL
201702019,Preston Mixon,2017,OT,0.8044,0.0,0,0.6249731183052063,1,0,0.31812676787376404,0,0,0.00039277892210520804,0,0,0.6249731183052063,1,OL
201702021,John Blasco Jr.,2017,OT,0.8042,39.9179,1,0.57815021276474,1,0,0.5241080522537231,1,0,0.000906179251614958,0,1,0.57815021276474,1,OL
201702023,Desmond Bessent,2017,OT,0.8041,53.5572,1,0.42095112800598145,0,1,0.2614664137363434,0,0,0.0032934474293142557,0,1,0.42095112800598145,0,OL
201702061,Robert Hawkins,2017,OG,0.8026,0.0,0,0.66566002368927,1,0,0.4339795708656311,0,0,0.0020788684487342834,0,0,0.66566002368927,1,OL
201702071,Kevin Davis,2017,OT,0.8019,68.8355,1,0.5786234736442566,1,1,0.3897939622402191,0,0,0.0010790973901748657,0,1,0.5786234736442566,1,OL
201702072,Joe Hartung,2017,OT,0.8019,0.0,0,0.6532964110374451,1,0,0.5289852023124695,1,0,0.012211204506456852,0,0,0.6532964110374451,1,OL
201702073,Cole Kirby,2017,OT,0.8019,50.1839,1,0.5377423763275146,1,1,0.35253244638442993,0,0,0.0005162582383491099,0,1,0.5377423763275146,1,OL
201702095,Woodford Lankford,2017,OT,0.8007,0.0,0,0.74093097448349,1,0,0.4040182828903198,0,0,0.0009914198890328407,0,0,0.74093097448349,1,OL
201702135,Woodlyson Alcius,2017,OT,0.8,0.0,0,0.5678794384002686,1,0,0.3367727994918823,0,0,7.876724703237414e-05,0,0,0.5678794384002686,1,OL
201702144,Joshua Mote,2017,OC,0.7993,68.2618,1,0.6362333297729492,1,1,0.445539653301239,0,0,0.0007121849339455366,0,1,0.6362333297729492,1,OL
201702162,Joey Claybrook,2017,OT,0.7993,73.8764,1,0.49681317806243896,0,1,0.28642603754997253,0,0,0.016595948487520218,0,1,0.49681317806243896,0,OL
201702168,Cole Schneider,2017,OG,0.7986,66.8931,1,0.5479306578636169,1,1,0.3124050498008728,0,0,0.0003408585034776479,0,1,0.5479306578636169,1,OL
201702178,Pierce Banbury,2017,OC,0.7983,57.9864,1,0.5653278231620789,1,1,0.5300008654594421,1,0,0.0005702482885681093,0,1,0.5653278231620789,1,OL
201702185,Gray Davis,2017,OG,0.7981,66.1706,1,0.5870539546012878,1,1,0.36632031202316284,0,0,0.00017716274305712432,0,1,0.5870539546012878,1,OL
201702193,Dominic Pastucci,2017,OT,0.7978,63.3973,1,0.6570425629615784,1,1,0.34877029061317444,0,0,0.004903730005025864,0,1,0.6570425629615784,1,OL
201702197,BJ Etienne,2017,OT,0.7978,58.2961,1,0.48846518993377686,0,1,0.31117600202560425,0,0,0.0001019850533339195,0,1,0.48846518993377686,0,OL
201702203,Alonzo Velazquez,2017,OT,0.7974,58.6961,1,0.6712810397148132,1,1,0.5035117864608765,1,0,0.009976488538086414,0,1,0.6712810397148132,1,OL
201702207,Travius Harris,2017,OG,0.7969,0.0,0,0.6852134466171265,1,0,0.5211145877838135,1,0,0.0007428787066601217,0,0,0.6852134466171265,1,OL
201702209,Sean Maginn,2017,OG,0.7969,74.9608,1,0.6067701578140259,1,1,0.38461434841156006,0,0,0.007352386601269245,0,1,0.6067701578140259,1,OL
201702213,Stanley Hubbard,2017,OG,0.7967,44.2813,1,0.49418410658836365,0,0,0.31327852606773376,0,0,0.0002265743096359074,0,1,0.49418410658836365,0,OL
201702216,Jakari Robinson,2017,OC,0.7967,66.4174,1,0.6150108575820923,1,1,0.43212786316871643,0,0,0.000668350956402719,0,1,0.6150108575820923,1,OL
201702228,Corbin Smith,2017,OT,0.7959,0.0,0,0.6586081981658936,1,0,0.38378408551216125,0,0,0.0006911429227329791,0,0,0.6586081981658936,1,OL
201702229,Jeremiah Stafford,2017,OT,0.7959,0.0,0,0.5565068125724792,1,0,0.26344919204711914,0,0,0.0003372238716110587,0,0,0.5565068125724792,1,OL
201702231,Kyron Taylor,2017,OG,0.7959,0.0,0,0.5074870586395264,1,0,0.3617995083332062,0,0,0.0005619678413495421,0,0,0.5074870586395264,1,OL
201702274,Daniel Schoene,2017,OG,0.7944,0.0,0,0.5776728987693787,1,0,0.38596147298812866,0,0,0.0008888150914572179,0,0,0.5776728987693787,1,OL
201702276,Chris Sibilia,2017,OT,0.7944,31.9751,1,0.41027209162712097,0,0,0.3202696442604065,0,0,0.0005019994569011033,0,1,0.41027209162712097,0,OL
201702280,Alec Lindstrom,2017,OC,0.7942,65.7996,1,0.5908145904541016,1,1,0.4370456039905548,0,0,0.022136934101581573,0,1,0.5908145904541016,1,OL
201702285,Elijah Dobbins,2017,OG,0.7936,0.0,0,0.6471453309059143,1,0,0.40572476387023926,0,0,0.0041544740088284016,0,0,0.6471453309059143,1,OL
201702299,Justice Oluwaseun,2017,OG,0.7933,64.4629,1,0.6812117695808411,1,1,0.3922732472419739,0,0,0.0005540496204048395,0,1,0.6812117695808411,1,OL
201702304,Mershawn Miller,2017,OG,0.7928,48.3433,1,0.5877070426940918,1,0,0.4344293773174286,0,0,0.00035563705023378134,0,1,0.5877070426940918,1,OL
201702326,Caleb Etheridge,2017,OG,0.7926,0.0,0,0.693638026714325,1,0,0.4558052122592926,0,0,0.00017165564349852502,0,0,0.693638026714325,1,OL
201702340,John Spellacy,2017,OC,0.7919,56.3855,1,0.718968391418457,1,1,0.5410751104354858,1,0,0.012366906739771366,0,1,0.718968391418457,1,OL
201702353,Earl Bostick,2017,OT,0.7911,83.484,1,0.5774375796318054,1,1,0.4342314898967743,0,1,0.0018143438501283526,0,1,0.5774375796318054,1,OL
201702402,Spencer Gardner,2017,OT,0.79,0.0,0,0.6443982720375061,1,0,0.3754774034023285,0,0,0.01420299056917429,0,0,0.6443982720375061,1,OL
201702403,Loic Nya,2017,OG,0.79,66.2933,1,0.5956547260284424,1,1,0.4685479998588562,0,0,0.001185297966003418,0,1,0.5956547260284424,1,OL
201702406,Ryan Van DeMark,2017,OT,0.79,68.0602,1,0.3882467448711395,0,1,0.20078127086162567,0,0,0.0009917444549500942,0,1,0.3882467448711395,0,OL
201702407,Ryan Miller,2017,OC,0.7897,51.925,1,0.675173819065094,1,1,0.5187078714370728,1,0,0.0017351022688671947,0,1,0.675173819065094,1,OL
201702419,Samari Saddler,2017,OG,0.7893,0.0,0,0.5319485068321228,1,0,0.47928711771965027,0,0,0.0011339362245053053,0,0,0.5319485068321228,1,OL
201702429,Cameron Muller,2017,OT,0.7893,46.6303,1,0.5110911726951599,1,0,0.38306745886802673,0,0,0.00011098878894699737,0,1,0.5110911726951599,1,OL
201702439,Patrick Nuss,2017,OT,0.7893,47.4428,1,0.36115679144859314,0,0,0.23366661369800568,0,0,0.00022465229267254472,0,1,0.36115679144859314,0,OL
201702507,Andre Harris Jr.,2017,OG,0.7859,72.9546,1,0.6605527997016907,1,1,0.4612736403942108,0,0,0.0002490106853656471,0,1,0.6605527997016907,1,OL
201702518,Matt Morgan,2017,OT,0.7859,51.8538,1,0.30359965562820435,0,1,0.28008928894996643,0,0,0.004962842911481857,0,1,0.30359965562820435,0,OL
201702530,Bryce Foxworth,2017,OG,0.7859,53.3671,1,0.6824467778205872,1,1,0.35739317536354065,0,0,0.0002834949700627476,0,1,0.6824467778205872,1,OL
201702552,Calvin Dassow,2017,OT,0.7852,0.0,0,0.46880969405174255,0,0,0.5040809512138367,1,0,0.0008437820943072438,0,0,0.46880969405174255,0,OL
201702584,Spencer Clapp,2017,OT,0.7833,63.6917,1,0.3890674114227295,0,1,0.4102393090724945,0,0,0.0202039685100317,0,1,0.3890674114227295,0,OL
201702586,Jack Miller,2017,OT,0.7833,0.0,0,0.6896184086799622,1,0,0.6309223771095276,1,0,0.0069847721606493,0,0,0.6896184086799622,1,OL
201702598,Dontae Bull,2017,OT,0.7826,63.566,1,0.624983012676239,1,1,0.3234756290912628,0,0,0.0021361326798796654,0,1,0.624983012676239,1,OL
201702604,Jake Mckenzie,2017,OT,0.7826,0.0,0,0.7377790212631226,1,0,0.5484815835952759,1,0,0.0029517498333007097,0,0,0.7377790212631226,1,OL
201702618,James Tunstall,2017,OT,0.7826,59.4925,1,0.7041003704071045,1,1,0.43165531754493713,0,0,0.0010729056084528565,0,1,0.7041003704071045,1,OL
201702620,Luke McCleery,2017,OT,0.7826,54.5865,1,0.6668974757194519,1,1,0.4819146990776062,0,0,0.005618456285446882,0,1,0.6668974757194519,1,OL
201702633,Dakoda Newman,2017,OC,0.7826,0.0,0,0.8155491352081299,1,0,0.5147152543067932,1,0,0.00033437131787650287,0,0,0.8155491352081299,1,OL
201702634,Dean Powell,2017,OG,0.7826,60.0021,1,0.6928769946098328,1,1,0.552716076374054,1,0,0.0005527581088244915,0,1,0.6928769946098328,1,OL
201702644,Cameron Jackel,2017,OT,0.7819,51.8867,1,0.544995903968811,1,1,0.4047192633152008,0,0,0.0007729133940301836,0,1,0.544995903968811,1,OL
201702648,Seth Willis,2017,OT,0.7819,0.0,0,0.68282550573349,1,0,0.476500928401947,0,0,0.004351439885795116,0,0,0.68282550573349,1,OL
201702650,Caleb Kelly,2017,OG,0.7819,69.1285,1,0.6378644704818726,1,1,0.5054517984390259,1,0,0.0010646771406754851,0,1,0.6378644704818726,1,OL
201702651,Conner Estes,2017,OT,0.7819,49.1188,1,0.4874618351459503,0,0,0.2825218141078949,0,0,0.0006689608562737703,0,1,0.4874618351459503,0,OL
201702663,Caleb Carlile,2017,OG,0.7808,0.0,0,0.6743161082267761,1,0,0.4039899408817291,0,0,0.0007965363911353052,0,0,0.6743161082267761,1,OL
201702669,Jacob Webb,2017,OT,0.7806,30.7482,1,0.39803290367126465,0,0,0.34760868549346924,0,0,0.004260975401848555,0,1,0.39803290367126465,0,OL
201702675,Eric Rousemiller,2017,OC,0.78,0.0,0,0.7467610836029053,1,0,0.5270487666130066,1,0,0.0007405666401609778,0,0,0.7467610836029053,1,OL
201702702,Bobby Denaro,2017,OT,0.78,0.0,0,0.6989394426345825,1,0,0.4768983721733093,0,0,0.0005729819531552494,0,0,0.6989394426345825,1,OL
201702721,Caden Williams,2017,OT,0.7793,0.0,0,0.5847012996673584,1,0,0.35624104738235474,0,0,0.0022327599581331015,0,0,0.5847012996673584,1,OL
201702735,Jacob Brammer,2017,OT,0.7793,66.7868,1,0.684008002281189,1,1,0.34132692217826843,0,0,0.0017429230501875281,0,1,0.684008002281189,1,OL
201702749,Reece Jordan,2017,OC,0.7789,64.6561,1,0.6703258752822876,1,1,0.4580603837966919,0,0,0.023918986320495605,0,1,0.6703258752822876,1,OL
201702775,Ashton Morgan,2017,OT,0.7785,42.6974,1,0.5727230310440063,1,0,0.26955848932266235,0,0,0.00023143230646383017,0,1,0.5727230310440063,1,OL
201702781,Chris Jimenez,2017,OT,0.7785,0.0,0,0.6033086776733398,1,0,0.31117135286331177,0,0,0.0007725341711193323,0,0,0.6033086776733398,1,OL
201702785,Heneli Bloomfield,2017,OG,0.7785,57.3103,1,0.7567732930183411,1,1,0.4987354874610901,0,0,0.0001707449264358729,0,1,0.7567732930183411,1,OL
201702794,Jarrod Leeds,2017,OG,0.7783,49.8404,1,0.6325059533119202,1,0,0.4094907343387604,0,0,0.005903402343392372,0,1,0.6325059533119202,1,OL
201702812,Corey Dublin,2017,OG,0.7778,76.9471,1,0.4825999438762665,0,1,0.3541596829891205,0,0,0.0006312142941169441,0,1,0.4825999438762665,0,OL
201702839,Gage Blackston,2017,OG,0.7759,33.9756,1,0.5490184426307678,1,0,0.4782753884792328,0,0,0.0019408226944506168,0,1,0.5490184426307678,1,OL
201702842,Kamaron Holloway,2017,OC,0.7759,50.3202,1,0.6810523867607117,1,1,0.6427024006843567,1,0,0.0011913100024685264,0,1,0.6810523867607117,1,OL
201702851,Nic Foster,2017,OT,0.7758,42.3138,1,0.7576107382774353,1,0,0.32141053676605225,0,0,0.0010688182665035129,0,1,0.7576107382774353,1,OL
201702875,Nick Follmer,2017,OT,0.7752,44.3118,1,0.6518829464912415,1,0,0.3309374153614044,0,0,0.00037240650271996856,0,1,0.6518829464912415,1,OL
201702885,Gregor MacKellar,2017,OT,0.7752,0.0,0,0.4298994839191437,0,0,0.34085944294929504,0,0,8.821824303595349e-05,0,0,0.4298994839191437,0,OL
201702899,Samson Jackson,2017,OT,0.7744,38.1388,1,0.5969126224517822,1,0,0.2866370975971222,0,0,0.0014030314050614834,0,1,0.5969126224517822,1,OL
201702931,Francisco Pedrozo,2017,OT,0.7733,0.0,0,0.40939387679100037,0,0,0.23375743627548218,0,0,0.001696123625151813,0,0,0.40939387679100037,0,OL
201702977,Cole Spencer,2017,OT,0.7726,65.163,1,0.5559548139572144,1,1,0.3082464635372162,0,0,0.0008852462633512914,0,1,0.5559548139572144,1,OL
201702987,Jordan Meredith,2017,OG,0.7719,58.2021,1,0.6776866316795349,1,1,0.4042026400566101,0,0,0.0035606101155281067,0,1,0.6776866316795349,1,OL
201702991,Chris Paul,2017,OT,0.7719,67.3663,1,0.6638846397399902,1,1,0.33834108710289,0,0,0.0004073888121638447,0,1,0.6638846397399902,1,OL
201703007,Kieran Firment,2017,OG,0.7719,0.0,0,0.6929250955581665,1,0,0.3766075372695923,0,0,0.0006890991353429854,0,0,0.6929250955581665,1,OL
201703025,Brian Parish,2017,OT,0.7711,47.989,1,0.6607195734977722,1,0,0.25969770550727844,0,0,0.00589896272867918,0,1,0.6607195734977722,1,OL
201703039,Joctavis Phillips,2017,OT,0.7711,48.828,1,0.5650976300239563,1,0,0.29969522356987,0,0,0.0008852462633512914,0,1,0.5650976300239563,1,OL
201703041,Marc-David Bien-Aime,2017,OG,0.7711,0.0,0,0.7116621732711792,1,0,0.346619576215744,0,0,0.0008686113869771361,0,0,0.7116621732711792,1,OL
201703074,Rusty Staats,2017,OT,0.7693,66.3045,1,0.5144104361534119,1,1,0.21998658776283264,0,0,0.0014491983456537127,0,1,0.5144104361534119,1,OL
201703083,Patrick Arnold,2017,OG,0.7685,49.3761,1,0.5344240665435791,1,0,0.3820333480834961,0,0,0.0009602723876014352,0,1,0.5344240665435791,1,OL
201703100,Austin Stidham,2017,OT,0.7685,71.8822,1,0.6066896319389343,1,1,0.30923065543174744,0,0,0.003046531230211258,0,1,0.6066896319389343,1,OL
201703107,Justin Dutton,2017,OG,0.7685,53.4676,1,0.7083435654640198,1,1,0.32093456387519836,0,0,0.000273362296866253,0,1,0.7083435654640198,1,OL
201703124,Hunter Corne,2017,OT,0.7683,53.9561,1,0.5690056681632996,1,1,0.25305432081222534,0,0,0.00031752182985655963,0,1,0.5690056681632996,1,OL
201703135,Nick Bernacchi,2017,OG,0.7683,50.8924,1,0.8006738424301147,1,1,0.35731905698776245,0,0,0.000685976876411587,0,1,0.8006738424301147,1,OL
201703141,Maxim Moore,2017,OG,0.7683,35.2432,1,0.7077468633651733,1,0,0.344106525182724,0,0,0.0001641647977521643,0,1,0.7077468633651733,1,OL
201703154,Brian Abosi,2017,OT,0.7683,49.6384,1,0.4152674973011017,0,0,0.2504135072231293,0,0,0.001812025555409491,0,1,0.4152674973011017,0,OL
201703164,Brian Greene,2017,OC,0.7678,61.3328,1,0.606630265712738,1,1,0.2724069058895111,0,0,0.0004046415560878813,0,1,0.606630265712738,1,OL
201703182,McCord Meyers,2017,OG,0.7667,0.0,0,0.6176379323005676,1,0,0.3473586142063141,0,0,0.00029490399174392223,0,0,0.6176379323005676,1,OL
201703201,Spencer Goldberg,2017,OG,0.7667,0.0,0,0.5986992120742798,1,0,0.2894141674041748,0,0,0.001022282987833023,0,0,0.5986992120742798,1,OL
201703204,Jacob Miller,2017,OC,0.7667,0.0,0,0.7818014621734619,1,0,0.4124360680580139,0,0,0.002013880992308259,0,0,0.7818014621734619,1,OL
201703262,Noah Knapp,2017,OC,0.7667,55.8362,1,0.6897891759872437,1,1,0.591038703918457,1,0,0.0010862345807254314,0,1,0.6897891759872437,1,OL
201703303,Kenny Willoughby,2017,OT,0.7667,0.0,0,0.5651524662971497,1,0,0.32753127813339233,0,0,0.0003857976116705686,0,0,0.5651524662971497,1,OL
201703380,Kris Campbell,2017,OC,0.7667,41.8285,1,0.6497852206230164,1,0,0.4572000503540039,0,0,0.002441670745611191,0,1,0.6497852206230164,1,OL
201703474,David Weinstock,2017,OG,0.7667,0.0,0,0.4575674533843994,0,0,0.43445688486099243,0,0,0.0008541136048734188,0,0,0.4575674533843994,0,OL
201703550,Jack Williams,2017,OC,0.7667,0.0,0,0.7209786772727966,1,0,0.4648464620113373,0,0,0.026568278670310974,0,0,0.7209786772727966,1,OL
201703674,Blake Bueter,2017,OG,0.7667,73.2171,1,0.5592727661132812,1,1,0.18603579699993134,0,0,0.002053809119388461,0,1,0.5592727661132812,1,OL
201703768,Kyle Krepsz,2017,OC,0.7644,49.1791,1,0.6030786633491516,1,0,0.3956255316734314,0,0,0.001832510344684124,0,1,0.6030786633491516,1,OL
201703769,Hadon Merchant,2017,OG,0.7644,61.4018,1,0.7098605036735535,1,1,0.39705905318260193,0,0,0.0006890991353429854,0,1,0.7098605036735535,1,OL
201703774,Manase Mose,2017,OG,0.7644,66.7633,1,0.7962157726287842,1,1,0.40738123655319214,0,0,0.0007951652514748275,0,1,0.7962157726287842,1,OL
201703779,Logan Harris,2017,OG,0.7644,64.0205,1,0.7088810801506042,1,1,0.410261869430542,0,0,0.00034881202736869454,0,1,0.7088810801506042,1,OL
201703788,Keegan Cryder,2017,OT,0.7644,63.1526,1,0.4756688177585602,0,1,0.2709020972251892,0,0,0.001844128011725843,0,1,0.4756688177585602,0,OL
201703795,Gerard Wheeler,2017,OG,0.7644,62.5343,1,0.6871268153190613,1,1,0.35987281799316406,0,0,0.000246137788053602,0,1,0.6871268153190613,1,OL
201703797,Tanner King,2017,OT,0.7644,44.3239,1,0.7133976221084595,1,0,0.519477903842926,1,0,0.017729196697473526,0,1,0.7133976221084595,1,OL
201703876,Micah Vanterpool,2017,OT,0.7611,61.5796,1,0.6215755343437195,1,1,0.3652788996696472,0,0,0.001821841229684651,0,1,0.6215755343437195,1,OL
201703882,Tom O'Mara,2017,OG,0.7611,0.0,0,0.8615885376930237,1,0,0.6574198603630066,1,0,0.02831299975514412,0,0,0.8615885376930237,1,OL
201703887,Derek Downs,2017,OT,0.7611,55.7004,1,0.44903066754341125,0,1,0.3172464668750763,0,0,0.0006756592774763703,0,1,0.44903066754341125,0,OL
201703888,Sam Allan,2017,OG,0.7611,61.87,1,0.4663359224796295,0,1,0.20995597541332245,0,0,0.001102020381949842,0,1,0.4663359224796295,0,OL
201703889,Sam Neverov,2017,OG,0.7611,52.2434,1,0.49083709716796875,0,1,0.37007394433021545,0,0,0.0012904192553833127,0,1,0.49083709716796875,0,OL
201703912,Antwine Loper,2017,OG,0.76,44.6867,1,0.4186467230319977,0,0,0.2606339156627655,0,0,0.0013364357873797417,0,1,0.4186467230319977,0,OL
201703925,Brock Hoffman,2017,OG,0.7583,60.9845,1,0.6434356570243835,1,1,0.45089492201805115,0,0,0.00015151708794292063,0,1,0.6434356570243835,1,OL
201703940,Holton Greenfield,2017,OC,0.7583,0.0,0,0.7926679253578186,1,0,0.44009220600128174,0,0,0.00487876171246171,0,0,0.7926679253578186,1,OL
201703975,Bubba Hudson,2017,OT,0.7583,45.7154,1,0.49132466316223145,0,0,0.3237747550010681,0,0,0.0033278181217610836,0,1,0.49132466316223145,0,OL
201703977,Staten Wade,2017,OT,0.7583,0.0,0,0.5917652249336243,1,0,0.07283183932304382,0,0,0.0006921507301740348,0,0,0.5917652249336243,1,OL
201703983,Shea Baker,2017,OC,0.7578,69.4465,1,0.525404691696167,1,1,0.4436735212802887,0,0,0.0016501136124134064,0,1,0.525404691696167,1,OL
201703990,Dakota Torbert,2017,OT,0.7578,50.2766,1,0.4890512526035309,0,1,0.3010934293270111,0,0,0.00038764701457694173,0,1,0.4890512526035309,0,OL
201703992,Mohammed Elazazy,2017,OT,0.7578,37.882,1,0.4115265905857086,0,0,0.5309265851974487,1,0,0.00086418935097754,0,1,0.4115265905857086,0,OL
201704003,Carlow Rubio,2017,OT,0.7578,0.0,0,0.5626489520072937,1,0,0.2318827211856842,0,0,0.005143013317137957,0,0,0.5626489520072937,1,OL
201704009,Ethan Schofield,2017,OT,0.7544,0.0,0,0.7785350680351257,1,0,0.4628046751022339,0,0,0.00022283026191871613,0,0,0.7785350680351257,1,OL
201704012,Tyler Stevens,2017,OG,0.7544,57.4478,1,0.44947734475135803,0,1,0.2176581174135208,0,0,0.001025032252073288,0,1,0.44947734475135803,0,OL
201704038,Jacob Gall,2017,OG,0.7533,74.1464,1,0.5660960078239441,1,1,0.532500684261322,1,0,0.00030542112654075027,0,1,0.5660960078239441,1,OL
201704054,Kyle Breed,2017,OT,0.7533,0.0,0,0.4485494792461395,0,0,0.19559408724308014,0,0,0.006588023621588945,0,0,0.4485494792461395,0,OL
201704074,Hagen Meservy,2017,OT,0.7533,63.8642,1,0.7208709716796875,1,1,0.3561713397502899,0,0,0.000593033735640347,0,1,0.7208709716796875,1,OL
201704091,Zeke Powell,2017,OT,0.75,57.8649,1,0.7256166934967041,1,1,0.4199506342411041,0,0,0.000192149993381463,0,1,0.7256166934967041,1,OL
201704167,Sione Lasike,2017,OC,0.7433,0.0,0,0.7871362566947937,1,0,0.5731281042098999,1,0,0.0008101715357042849,0,0,0.7871362566947937,1,OL
201704177,Nick Noyen,2017,OC,0.74,45.5345,1,0.49720853567123413,0,0,0.39527755975723267,0,0,0.015786094591021538,0,1,0.49720853567123413,0,OL
201704192,Blake Smithback,2017,OG,0.74,0.0,0,0.7188439965248108,1,0,0.41546252369880676,0,0,0.006445763166993856,0,0,0.7188439965248108,1,OL
201704209,Sidy Sow,2017,OT,0.74,68.3026,1,0.6156764030456543,1,1,0.35884979367256165,0,0,0.0010738145792856812,0,1,0.6156764030456543,1,OL
201704210,Charles Fletcher,2017,OG,0.74,33.5087,1,0.5299931764602661,1,0,0.35807862877845764,0,0,0.0007720032008364797,0,1,0.5299931764602661,1,OL
201800007,Nicholas Petit-Frere,2018,OT,0.9963,65.2139,1,0.987899899482727,1,1,0.8887878060340881,1,0,0.03562208265066147,0,1,0.987899899482727,1,OL
201800010,Jamaree Salyer,2018,OG,0.9956,69.4157,1,0.9484533667564392,1,1,0.9120537638664246,1,0,0.1427343785762787,0,1,0.9484533667564392,1,OL
201800017,Jackson Carman,2018,OT,0.9894,68.4539,1,0.9704186916351318,1,1,0.975167453289032,1,0,0.03035086765885353,0,1,0.9704186916351318,1,OL
201800022,Cade Mays,2018,OT,0.9869,72.1953,1,0.9744730591773987,1,1,0.8958311080932617,1,0,0.08576510101556778,0,1,0.9744730591773987,1,OL
201800029,Brey Walker,2018,OT,0.9836,57.9287,1,0.9651209115982056,1,1,0.9518794417381287,1,0,0.023086775094270706,0,1,0.9651209115982056,1,OL
201800053,William Barnes,2018,OT,0.9732,71.821,1,0.9674981832504272,1,1,0.9164055585861206,1,0,0.009761675260961056,0,1,0.9674981832504272,1,OL
201800057,Penei Sewell,2018,OG,0.9709,91.4777,1,0.9839960932731628,1,1,0.8749380111694336,1,1,0.03336549922823906,0,1,0.9839960932731628,1,OL
201800062,Trey Hill,2018,OG,0.9692,58.4461,1,0.9739736318588257,1,1,0.7754845023155212,1,0,0.02876586839556694,0,1,0.9739736318588257,1,OL
201800065,Rasheed Walker,2018,OT,0.9676,67.9018,1,0.9698172807693481,1,1,0.8109340071678162,1,0,0.016355816274881363,0,1,0.9698172807693481,1,OL
201800068,Matthew Jones,2018,OC,0.9652,76.4695,1,0.9902897477149963,1,1,0.9047701358795166,1,0,0.12167450040578842,0,1,0.9902897477149963,1,OL
201800081,Richard Gouraige,2018,OT,0.9603,77.5525,1,0.9350684881210327,1,1,0.9526953101158142,1,0,0.01572340726852417,0,1,0.9350684881210327,1,OL
201800110,Justin Dedich,2018,OC,0.9507,56.2892,1,0.972793698310852,1,1,0.8005726933479309,1,0,0.03715556114912033,0,1,0.972793698310852,1,OL
201800113,Emil Ekiyor,2018,OC,0.9496,69.4928,1,0.9714852571487427,1,1,0.7767556309700012,1,0,0.005227725487202406,0,1,0.9714852571487427,1,OL
201800116,Nana Asiedu,2018,OT,0.9484,0.0,0,0.9448567032814026,1,0,0.8352257013320923,1,0,0.007268769200891256,0,0,0.9448567032814026,1,OL
201800121,Max Wray,2018,OT,0.9473,42.6062,1,0.9765639305114746,1,0,0.7962958216667175,1,0,0.060573361814022064,0,1,0.9765639305114746,1,OL
201800125,Junior Angilau,2018,OT,0.9458,68.778,1,0.9459902048110962,1,1,0.7333670258522034,1,0,0.0230114683508873,0,1,0.9459902048110962,1,OL
201800132,Tommy Brown,2018,OG,0.9449,65.8966,1,0.9465586543083191,1,1,0.74018394947052,1,0,0.0324089340865612,0,1,0.9465586543083191,1,OL
201800145,Jaelyn Duncan,2018,OT,0.939,73.4639,1,0.9537362456321716,1,1,0.742146909236908,1,0,0.01266393531113863,0,1,0.9537362456321716,1,OL
201800148,Dylan Wonnum,2018,OT,0.9385,67.9674,1,0.9693915843963623,1,1,0.7698817253112793,1,0,0.010461254976689816,0,1,0.9693915843963623,1,OL
201800149,DJ Scaife,2018,OG,0.9378,79.1444,1,0.9518710374832153,1,1,0.8430622220039368,1,0,0.014427470974624157,0,1,0.9518710374832153,1,OL
201800153,Colten Blanton,2018,OT,0.937,0.0,0,0.8537735939025879,1,0,0.8505330085754395,1,0,0.06526152789592743,0,0,0.8537735939025879,1,OL
201800218,Curtis Dunlap,2018,OG,0.9168,72.0686,1,0.8944872617721558,1,1,0.7017549872398376,1,0,0.051445066928863525,0,1,0.8944872617721558,1,OL
201800232,Chris Murray,2018,OG,0.9119,51.873,1,0.809410572052002,1,1,0.5954918265342712,1,0,0.0018248491687700152,0,1,0.809410572052002,1,OL
201800233,Juice Scruggs,2018,OC,0.9118,65.9727,1,0.7975701689720154,1,1,0.8756284117698669,1,0,0.014451784081757069,0,1,0.7975701689720154,1,OL
201800246,Steven Jones,2018,OG,0.91,69.0102,1,0.8265678882598877,1,1,0.6721411347389221,1,0,0.02907918207347393,0,1,0.8265678882598877,1,OL
201800252,Dawson Jaramillo,2018,OT,0.9085,56.5849,1,0.9096587300300598,1,1,0.6463584303855896,1,0,0.0472799688577652,0,1,0.9096587300300598,1,OL
201800253,Tank Jenkins,2018,OG,0.9083,0.0,0,0.8939725160598755,1,0,0.6107421517372131,1,0,0.0028372921515256166,0,0,0.8939725160598755,1,OL
201800259,Cleveland Reed,2018,OG,0.9075,44.3483,1,0.8673182129859924,1,0,0.6511876583099365,1,0,0.005056943278759718,0,1,0.8673182129859924,1,OL
201800263,Warren Ericson,2018,OC,0.907,70.1679,1,0.843583345413208,1,1,0.8149659037590027,1,0,0.17550824582576752,0,1,0.843583345413208,1,OL
201800265,Darrell Simpson,2018,OT,0.9069,53.9618,1,0.7359498143196106,1,1,0.5980189442634583,1,0,0.06999985128641129,0,1,0.7359498143196106,1,OL
201800268,Jalen Mayfield,2018,OT,0.9062,57.0498,1,0.7732836604118347,1,1,0.5429916977882385,1,0,0.01453800406306982,0,1,0.7732836604118347,1,OL
201800292,Will Craig,2018,OT,0.9016,46.7042,1,0.5688908696174622,1,0,0.5680115818977356,1,0,0.0034995684400200844,0,1,0.5688908696174622,1,OL
201800294,Kwatrivous Johnson,2018,OT,0.9009,47.1903,1,0.8723161220550537,1,0,0.6840314865112305,1,0,0.1065514087677002,0,1,0.8723161220550537,1,OL
201800295,Daniel Faalele,2018,OT,0.9008,63.9467,1,0.8422957062721252,1,1,0.6626076698303223,1,0,0.0269209835678339,0,1,0.8422957062721252,1,OL
201800300,Reese Moore,2018,OT,0.8997,0.0,0,0.7972384095191956,1,0,0.5833539962768555,1,0,0.023572182282805443,0,0,0.7972384095191956,1,OL
201800302,Christian Meadows,2018,OG,0.8993,0.0,0,0.8675472140312195,1,0,0.6294533014297485,1,0,0.0689568817615509,0,0,0.8675472140312195,1,OL
201800303,Rafiti Ghirmai,2018,OT,0.8993,39.4359,1,0.8535040020942688,1,0,0.5854803323745728,1,0,0.0549517385661602,0,1,0.8535040020942688,1,OL
201800314,Darian Kinnard,2018,OT,0.8981,87.8638,1,0.6801359057426453,1,1,0.6068160533905029,1,1,0.048928625881671906,0,1,0.6801359057426453,1,OL
201800335,Ryan Hayes,2018,OT,0.8958,68.7066,1,0.8854284882545471,1,1,0.7871384024620056,1,0,0.009908223524689674,0,1,0.8854284882545471,1,OL
201800343,Verdis Brown,2018,OC,0.8944,56.0143,1,0.9418216943740845,1,1,0.9107635617256165,1,0,0.1211685910820961,0,1,0.9418216943740845,1,OL
201800346,Tyrone Sampson Jr.,2018,OC,0.8937,57.7949,1,0.9002479910850525,1,1,0.8977658152580261,1,0,0.08073371648788452,0,1,0.9002479910850525,1,OL
201800347,Jovaughn Gwyn,2018,OG,0.8937,78.4789,1,0.9009991884231567,1,1,0.7019041180610657,1,0,0.019700830802321434,0,1,0.9009991884231567,1,OL
201800351,Connor Galvin,2018,OT,0.8928,82.0449,1,0.6171600222587585,1,1,0.6030498147010803,1,1,0.0087127685546875,0,1,0.6171600222587585,1,OL
201800362,Finn Dirstine,2018,OG,0.8917,51.3179,1,0.9017851948738098,1,1,0.7406880855560303,1,0,0.02036992833018303,0,1,0.9017851948738098,1,OL
201800368,Luke Matthews,2018,OG,0.8914,42.8141,1,0.8792445063591003,1,0,0.6582295894622803,1,0,0.004307552706450224,0,1,0.8792445063591003,1,OL
201800369,Jarrett Patterson,2018,OT,0.8912,74.6298,1,0.7353095412254333,1,1,0.5359262824058533,1,0,0.006967228837311268,0,1,0.7353095412254333,1,OL
201800375,Jerome Carvin,2018,OT,0.8904,80.5239,1,0.7392027974128723,1,1,0.5219678282737732,1,1,0.0082160085439682,0,1,0.7392027974128723,1,OL
201800381,Barton Clement,2018,OG,0.8891,41.473,1,0.8432555198669434,1,0,0.5445321202278137,1,0,0.004120352678000927,0,1,0.8432555198669434,1,OL
201800398,Matteo Mele,2018,OT,0.8876,56.0738,1,0.6441881656646729,1,1,0.5285568833351135,1,0,0.03139732778072357,0,1,0.6441881656646729,1,OL
201800401,Qadir White,2018,OT,0.8874,0.0,0,0.7164651155471802,1,0,0.6261072754859924,1,0,0.047251708805561066,0,0,0.7164651155471802,1,OL
201800406,Christian Armstrong,2018,OT,0.8871,0.0,0,0.7933197021484375,1,0,0.7895171642303467,1,0,0.2466871440410614,0,0,0.7933197021484375,1,OL
201800408,Evan Gregory,2018,OG,0.8871,49.2064,1,0.782008171081543,1,0,0.6187238097190857,1,0,0.018283311277627945,0,1,0.782008171081543,1,OL
201800416,Hunter Lotulelei,2018,OG,0.8862,0.0,0,0.9690496325492859,1,0,0.6990653276443481,1,0,0.006687923800200224,0,0,0.9690496325492859,1,OL
201800428,Cameron Wire,2018,OT,0.8851,66.1817,1,0.8060028553009033,1,1,0.6400661468505859,1,0,0.054591771215200424,0,1,0.8060028553009033,1,OL
201800444,Jarrett Bell,2018,OG,0.8831,42.4293,1,0.8572360873222351,1,0,0.7461780309677124,1,0,0.17275004088878632,0,1,0.8572360873222351,1,OL
201800446,Owen Condon,2018,OT,0.883,60.0659,1,0.783442497253418,1,1,0.4198299050331116,0,0,0.015189205296337605,0,1,0.783442497253418,1,OL
201800452,Reuben Unije,2018,OT,0.8824,73.5649,1,0.8772602081298828,1,1,0.7222225666046143,1,0,0.007774438709020615,0,1,0.8772602081298828,1,OL
201800458,Chris Bleich,2018,OT,0.8817,70.5085,1,0.7097848653793335,1,1,0.6735935211181641,1,0,0.01403049472719431,0,1,0.7097848653793335,1,OL
201800472,Jaren Kump,2018,OT,0.8809,76.508,1,0.5951914191246033,1,1,0.5687488913536072,1,0,0.03438391909003258,0,1,0.5951914191246033,1,OL
201800481,John Campbell Jr.,2018,OT,0.8804,76.3552,1,0.848987340927124,1,1,0.6273878812789917,1,0,0.007952144369482994,0,1,0.848987340927124,1,OL
201800482,Jalil Irvin,2018,OG,0.8804,57.0313,1,0.8812516331672668,1,1,0.7840189933776855,1,0,0.005977935157716274,0,1,0.8812516331672668,1,OL
201800484,James Ohonba,2018,OT,0.8804,43.5648,1,0.7904802560806274,1,0,0.6438916921615601,1,0,0.19591303169727325,0,1,0.7904802560806274,1,OL
201800486,Mike Edwards,2018,OT,0.8802,38.299,1,0.8217257857322693,1,0,0.6507258415222168,1,0,0.022641200572252274,0,1,0.8217257857322693,1,OL
201800491,Blake Zubovic,2018,OT,0.8797,65.2753,1,0.7366015315055847,1,1,0.6535446047782898,1,0,0.007892100140452385,0,1,0.7366015315055847,1,OL
201800497,Maxwell Iyama,2018,OT,0.8795,0.0,0,0.786037266254425,1,0,0.6642253398895264,1,0,0.025462064892053604,0,0,0.786037266254425,1,OL
201800502,Hank Manos,2018,OC,0.8789,52.8004,1,0.8798080086708069,1,1,0.7957645654678345,1,0,0.3655173182487488,0,1,0.8798080086708069,1,OL
201800504,Jeffrey Jenkins,2018,OG,0.8786,0.0,0,0.9114802479743958,1,0,0.812260627746582,1,0,0.20957635343074799,0,0,0.9114802479743958,1,OL
201800505,Liam Douglass,2018,OT,0.8785,39.3346,1,0.6952082514762878,1,0,0.6279135346412659,1,0,0.03903036192059517,0,1,0.6952082514762878,1,OL
201800515,John Dirksen,2018,OT,0.8776,50.1403,1,0.8346297144889832,1,1,0.7362897992134094,1,0,0.04765111953020096,0,1,0.8346297144889832,1,OL
201800516,Luke Jones,2018,OT,0.8776,63.8276,1,0.723861813545227,1,1,0.6213071942329407,1,0,0.017972275614738464,0,1,0.723861813545227,1,OL
201800528,Trey Stratford,2018,OC,0.8763,0.0,0,0.8693126440048218,1,0,0.8258092403411865,1,0,0.1636987179517746,0,0,0.8693126440048218,1,OL
201800539,Walker Culver,2018,OT,0.8756,0.0,0,0.6532322764396667,1,0,0.4674743711948395,0,0,0.028549466282129288,0,0,0.6532322764396667,1,OL
201800549,Dan Dawkins,2018,OC,0.8749,50.4074,1,0.913244366645813,1,1,0.842968761920929,1,0,0.005163205321878195,0,1,0.913244366645813,1,OL
201800567,Ed Montilus,2018,OG,0.8742,77.4625,1,0.9253265261650085,1,1,0.7011564373970032,1,0,0.004242745228111744,0,1,0.9253265261650085,1,OL
201800574,Junior Uzebu,2018,OT,0.8742,55.3778,1,0.7912712693214417,1,1,0.6877346038818359,1,0,0.01536148227751255,0,1,0.7912712693214417,1,OL
201800583,Kameron Stutts,2018,OT,0.8735,63.8733,1,0.8092402815818787,1,1,0.6353294849395752,1,0,0.018825072795152664,0,1,0.8092402815818787,1,OL
201800593,Blaine Scott,2018,OG,0.8729,34.5826,1,0.9220958948135376,1,0,0.7928467988967896,1,0,0.029843732714653015,0,1,0.9220958948135376,1,OL
201800603,Casey Holman,2018,OT,0.8722,65.337,1,0.8303870558738708,1,1,0.6101111173629761,1,0,0.03228822723031044,0,1,0.8303870558738708,1,OL
201800617,Bryce Bray,2018,OG,0.871,60.947,1,0.8944433927536011,1,1,0.6761013269424438,1,0,0.004378268960863352,0,1,0.8944433927536011,1,OL
201800631,Joey Ramos,2018,OT,0.8709,60.7465,1,0.7731064558029175,1,1,0.5899227857589722,1,0,0.0017293872078880668,0,1,0.7731064558029175,1,OL
201800634,Quintin Wilson,2018,OC,0.8709,58.6432,1,0.9030568599700928,1,1,0.8384957313537598,1,0,0.009205394424498081,0,1,0.9030568599700928,1,OL
201800635,Bryce Effner,2018,OT,0.8709,68.3711,1,0.8599742650985718,1,1,0.7191084027290344,1,0,0.030641593039035797,0,1,0.8599742650985718,1,OL
201800642,Jackson Kimble,2018,OT,0.8696,38.7041,1,0.8261563181877136,1,0,0.7049927115440369,1,0,0.056898124516010284,0,1,0.8261563181877136,1,OL
201800649,Victor Curne,2018,OG,0.8689,63.855,1,0.8243066668510437,1,1,0.5201085805892944,1,0,0.002058853395283222,0,1,0.8243066668510437,1,OL
201800657,Dimitri Douglas,2018,OT,0.8688,46.5163,1,0.7696936130523682,1,0,0.7247217893600464,1,0,0.013729329220950603,0,1,0.7696936130523682,1,OL
201800682,Jake Kradel,2018,OG,0.8675,71.6203,1,0.8578689694404602,1,1,0.6681827902793884,1,0,0.017516162246465683,0,1,0.8578689694404602,1,OL
201800688,Aidan Rafferty,2018,OT,0.8675,49.9167,1,0.7281690835952759,1,0,0.6666295528411865,1,0,0.015613571740686893,0,1,0.7281690835952759,1,OL
201800694,Tyrese Williams,2018,OC,0.8668,49.0421,1,0.8375747799873352,1,0,0.8124322295188904,1,0,0.024909179657697678,0,1,0.8375747799873352,1,OL
201800714,Kavesz Sherard,2018,OT,0.8655,0.0,0,0.7832856178283691,1,0,0.6039285063743591,1,0,0.0015655511524528265,0,0,0.7832856178283691,1,OL
201800716,Cole Mabry,2018,OT,0.8655,0.0,0,0.512614905834198,1,0,0.39922380447387695,0,0,0.02638281136751175,0,0,0.512614905834198,1,OL
201800723,Jacob Farrell,2018,OT,0.8647,35.5178,1,0.7501881122589111,1,0,0.5809511542320251,1,0,0.004549785982817411,0,1,0.7501881122589111,1,OL
201800724,Christian Jones,2018,OT,0.8647,81.3176,1,0.7826521396636963,1,1,0.587628960609436,1,1,0.006639700382947922,0,1,0.7826521396636963,1,OL
201800737,Trevor Downing,2018,OG,0.864,72.7008,1,0.5899893641471863,1,1,0.6147358417510986,1,0,0.1745411455631256,0,1,0.5899893641471863,1,OL
201800752,Jalen Goss,2018,OT,0.8635,44.7048,1,0.6587945818901062,1,0,0.5758447647094727,1,0,0.00872974842786789,0,1,0.6587945818901062,1,OL
201800760,Demarcus Marshall,2018,OG,0.8632,0.0,0,0.8384318351745605,1,0,0.6159694790840149,1,0,0.028279423713684082,0,0,0.8384318351745605,1,OL
201800766,Tanner Antonutti,2018,OT,0.8626,0.0,0,0.664345383644104,1,0,0.3192159831523895,0,0,0.008485592901706696,0,0,0.664345383644104,1,OL
201800778,Alec Anderson,2018,OT,0.8618,60.8279,1,0.663475751876831,1,1,0.5212969779968262,1,0,0.005793535616248846,0,1,0.663475751876831,1,OL
201800789,Michael Furtney,2018,OT,0.8614,66.0273,1,0.7787141799926758,1,1,0.5677967667579651,1,0,0.003520663594827056,0,1,0.7787141799926758,1,OL
201800792,Noah Gatlin,2018,OT,0.8614,48.7346,1,0.6659526824951172,1,0,0.4294188916683197,0,0,0.012234295718371868,0,1,0.6659526824951172,1,OL
201800794,Jimmy McKenna,2018,OT,0.8614,35.9632,1,0.7207365036010742,1,0,0.6248038411140442,1,0,0.03565589338541031,0,1,0.7207365036010742,1,OL
201800814,Joshua Gray,2018,OT,0.8602,76.6643,1,0.8107105493545532,1,1,0.47326549887657166,0,0,0.004685316700488329,0,1,0.8107105493545532,1,OL
201800818,Cade Beresford,2018,OT,0.8601,63.8185,1,0.758843719959259,1,1,0.6810210347175598,1,0,0.00405745068565011,0,1,0.758843719959259,1,OL
201800819,Jordan McFadden,2018,OT,0.8601,74.8994,1,0.7098701000213623,1,1,0.4575108587741852,0,0,0.007477504666894674,0,1,0.7098701000213623,1,OL
201800820,Ulumoo Ale,2018,OT,0.8601,55.0004,1,0.6320284008979797,1,1,0.5771346092224121,1,0,0.007478765211999416,0,1,0.6320284008979797,1,OL
201800821,Luke Tenuta,2018,OT,0.8601,62.0053,1,0.8948188424110413,1,1,0.5325372219085693,1,0,0.004098936449736357,0,1,0.8948188424110413,1,OL
201800822,Christopher Randazzo,2018,OT,0.8601,0.0,0,0.41680780053138733,0,0,0.4812537431716919,0,0,0.0034438089933246374,0,0,0.41680780053138733,0,OL
201800823,Blake McDonald,2018,OG,0.8601,0.0,0,0.7443546056747437,1,0,0.5631510019302368,1,0,0.020730463787913322,0,0,0.7443546056747437,1,OL
201800828,John Lanz,2018,OC,0.8601,72.238,1,0.8589246869087219,1,1,0.6996627449989319,1,0,0.0077770184725522995,0,1,0.8589246869087219,1,OL
201800837,Austin Beier,2018,OG,0.8594,0.0,0,0.8225055932998657,1,0,0.5978217124938965,1,0,0.01805061474442482,0,0,0.8225055932998657,1,OL
201800841,Nick Lewis,2018,OT,0.8593,41.0897,1,0.9192445278167725,1,0,0.7792803049087524,1,0,0.0052053192630410194,0,1,0.9192445278167725,1,OL
201800856,Jack Plumb,2018,OT,0.8585,62.3858,1,0.8599293231964111,1,1,0.8785337209701538,1,0,0.0023404653184115887,0,1,0.8599293231964111,1,OL
201800862,Casey Phillips,2018,OT,0.8581,56.4941,1,0.7880661487579346,1,1,0.5475692749023438,1,0,0.00975741259753704,0,1,0.7880661487579346,1,OL
201800864,Will Farniok,2018,OC,0.8581,58.5641,1,0.8231542706489563,1,1,0.7998400926589966,1,0,0.04823235049843788,0,1,0.8231542706489563,1,OL
201800886,Hunter Woodard,2018,OT,0.8573,64.4438,1,0.8581991195678711,1,1,0.5359237194061279,1,0,0.08076813817024231,0,1,0.8581991195678711,1,OL
201800888,Ollie Lane,2018,OG,0.8573,63.4327,1,0.687332034111023,1,1,0.40926116704940796,0,0,0.039061520248651505,0,1,0.687332034111023,1,OL
201800903,Justin Johnson,2018,OT,0.8567,0.0,0,0.568398654460907,1,0,0.41290655732154846,0,0,0.006873366888612509,0,0,0.568398654460907,1,OL
201800907,John Harris,2018,OG,0.8561,40.727,1,0.7753158807754517,1,0,0.558729350566864,1,0,0.0037108457181602716,0,1,0.7753158807754517,1,OL
201800909,Jacob Isaia,2018,OC,0.8559,61.5718,1,0.8291375637054443,1,1,0.6032490134239197,1,0,0.009130165912210941,0,1,0.8291375637054443,1,OL
201800911,Briason Mays,2018,OG,0.8559,52.5959,1,0.6752700209617615,1,1,0.34327974915504456,0,0,0.013137686997652054,0,1,0.6752700209617615,1,OL
201800915,Carlos Vettorello,2018,OG,0.8559,71.233,1,0.7878836393356323,1,1,0.5511710047721863,1,0,0.009748363867402077,0,1,0.7878836393356323,1,OL
201800921,Spencer Burford,2018,OT,0.8555,62.9463,1,0.695375919342041,1,1,0.48873811960220337,0,0,0.003320201998576522,0,1,0.695375919342041,1,OL
201800922,Will Bramel,2018,OT,0.8552,53.0165,1,0.5585622191429138,1,1,0.4436623454093933,0,0,0.03294980525970459,0,1,0.5585622191429138,1,OL
201800928,Wyatt Campbell,2018,OT,0.8552,48.9543,1,0.6334031820297241,1,0,0.37800583243370056,0,0,0.0062128459103405476,0,1,0.6334031820297241,1,OL
201800934,Cody Ince,2018,OT,0.8551,56.9206,1,0.8051694631576538,1,1,0.7957925796508789,1,0,0.07621678709983826,0,1,0.8051694631576538,1,OL
201800935,Joshua Ezeudu,2018,OT,0.8551,62.3204,1,0.678044855594635,1,1,0.47894519567489624,0,0,0.014857142232358456,0,1,0.678044855594635,1,OL
201800942,Josh Jefferson,2018,OC,0.8548,0.0,0,0.947913408279419,1,0,0.8223138451576233,1,0,0.021223105490207672,0,0,0.947913408279419,1,OL
201800943,Ian Burnette,2018,OG,0.8547,0.0,0,0.636206328868866,1,0,0.546332597732544,1,0,0.002234088256955147,0,0,0.636206328868866,1,OL
201800945,Brandon Mello,2018,OT,0.8547,42.5212,1,0.5411739945411682,1,0,0.3447015881538391,0,0,0.014077545143663883,0,1,0.5411739945411682,1,OL
201800953,Thomas Shelmire,2018,OG,0.8541,0.0,0,0.734409749507904,1,0,0.5725898146629333,1,0,0.00644709775224328,0,0,0.734409749507904,1,OL
201800960,Ralph Frias,2018,OT,0.854,50.5545,1,0.5905850529670715,1,1,0.3805422782897949,0,0,0.002442336408421397,0,1,0.5905850529670715,1,OL
201800963,Jalynn Strickland,2018,OT,0.854,0.0,0,0.590316653251648,1,0,0.49125826358795166,0,0,0.022423794493079185,0,0,0.590316653251648,1,OL
201800964,Michael Jurgens,2018,OG,0.854,78.6386,1,0.7306485772132874,1,1,0.563660740852356,1,0,0.06074243411421776,0,1,0.7306485772132874,1,OL
201800971,Jordyn Slaughter,2018,OT,0.8539,58.5247,1,0.6529702544212341,1,1,0.6945886015892029,1,0,0.10026046633720398,0,1,0.6529702544212341,1,OL
201800979,Sebastian Sainterling,2018,OG,0.8534,39.3033,1,0.5549175143241882,1,0,0.3321414291858673,0,0,0.00469096377491951,0,1,0.5549175143241882,1,OL
201800986,Frank Fillip,2018,OT,0.8532,65.94,1,0.6767560243606567,1,1,0.48619407415390015,0,0,0.0018079153960570693,0,1,0.6767560243606567,1,OL
201801008,Hunter Anthony,2018,OT,0.8527,59.2938,1,0.6148613095283508,1,1,0.3649698495864868,0,0,0.0036181325558573008,0,1,0.6148613095283508,1,OL
201801009,Raiqwon O'Neal,2018,OT,0.8527,72.3241,1,0.7172145247459412,1,1,0.5326237082481384,1,0,0.011411655694246292,0,1,0.7172145247459412,1,OL
201801013,Kahric Belle,2018,OT,0.8526,0.0,0,0.7085644602775574,1,0,0.46608293056488037,0,0,0.009984857402741909,0,0,0.7085644602775574,1,OL
201801015,Devonte Gordon,2018,OT,0.8526,76.704,1,0.5920436382293701,1,1,0.4409019649028778,0,0,0.0027355889324098825,0,1,0.5920436382293701,1,OL
201801025,Connor Pay,2018,OT,0.8519,56.3975,1,0.6940417289733887,1,1,0.4425687789916992,0,0,0.005067166872322559,0,1,0.6940417289733887,1,OL
201801028,Donovan Laie,2018,OT,0.8518,67.4286,1,0.5588891506195068,1,1,0.33147549629211426,0,0,0.0029305177740752697,0,1,0.5588891506195068,1,OL
201801033,Nick Williams,2018,OT,0.8518,0.0,0,0.6938853859901428,1,0,0.59544837474823,1,0,0.0022219603415578604,0,0,0.6938853859901428,1,OL
201801041,Christian Duffie,2018,OG,0.8513,76.8244,1,0.6857320070266724,1,1,0.5108281970024109,1,0,0.01036832295358181,0,1,0.6857320070266724,1,OL
201801042,Kievan Myers,2018,OG,0.8513,0.0,0,0.8043418526649475,1,0,0.6361454129219055,1,0,0.007386175449937582,0,0,0.8043418526649475,1,OL
201801044,Nick Marozas,2018,OT,0.8513,0.0,0,0.7878451347351074,1,0,0.49906715750694275,0,0,0.046792350709438324,0,0,0.7878451347351074,1,OL
201801054,Spencer Anderson,2018,OT,0.8506,74.7185,1,0.8200130462646484,1,1,0.6428026556968689,1,0,0.005440278444439173,0,1,0.8200130462646484,1,OL
201801057,Mike Ruth,2018,OT,0.8505,40.9483,1,0.5968724489212036,1,0,0.4319113492965698,0,0,0.003430143464356661,0,1,0.5968724489212036,1,OL
201801058,Jack York,2018,OT,0.8505,0.0,0,0.653303325176239,1,0,0.5430490374565125,1,0,0.006888241972774267,0,0,0.653303325176239,1,OL
201801063,Hamilton Hall,2018,OT,0.8505,47.9668,1,0.529830276966095,1,0,0.5320758819580078,1,0,0.006933192256838083,0,1,0.529830276966095,1,OL
201801065,Esteban Avila,2018,OG,0.8502,0.0,0,0.6427460312843323,1,0,0.5127538442611694,1,0,0.0012179160257801414,0,0,0.6427460312843323,1,OL
201801068,Cameron Stage,2018,OG,0.8499,45.9707,1,0.7055981755256653,1,0,0.35263609886169434,0,0,0.006057671271264553,0,1,0.7055981755256653,1,OL
201801078,Payne He'Bert,2018,OT,0.8498,50.8542,1,0.7098693251609802,1,1,0.5167255997657776,1,0,0.00389641965739429,0,1,0.7098693251609802,1,OL
201801094,Kris Dike,2018,OT,0.8492,41.195,1,0.7335191965103149,1,0,0.4584602117538452,0,0,0.0062011368572711945,0,1,0.7335191965103149,1,OL
201801103,Prince Pines,2018,OG,0.8486,41.9231,1,0.7204785943031311,1,0,0.5683953166007996,1,0,0.008288842625916004,0,1,0.7204785943031311,1,OL
201801109,Jacobi Lott,2018,OG,0.8485,55.238,1,0.7637478113174438,1,1,0.5127538442611694,1,0,0.0022100338246673346,0,1,0.7637478113174438,1,OL
201801110,Brad Cecil,2018,OC,0.8485,73.745,1,0.814339280128479,1,1,0.4777015447616577,0,0,0.004423369187861681,0,1,0.814339280128479,1,OL
201801112,Gabriel Gonzalez,2018,OT,0.8485,0.0,0,0.6596408486366272,1,0,0.3729459345340729,0,0,0.0060738506726920605,0,0,0.6596408486366272,1,OL
201801116,Matthew Cindric,2018,OT,0.8484,63.7822,1,0.7488606572151184,1,1,0.6527560949325562,1,0,0.004771876148879528,0,1,0.7488606572151184,1,OL
201801131,Jake Andrews,2018,OT,0.8477,66.2485,1,0.6231287717819214,1,1,0.3009849190711975,0,0,0.0006905829068273306,0,1,0.6231287717819214,1,OL
201801134,Max Barth,2018,OT,0.8477,0.0,0,0.5587261319160461,1,0,0.35316261649131775,0,0,0.004274409729987383,0,0,0.5587261319160461,1,OL
201801144,Jasper Friis,2018,OT,0.8473,0.0,0,0.29841378331184387,0,0,0.21769051253795624,0,0,0.005722769536077976,0,0,0.29841378331184387,0,OL
201801148,Jacob Smith,2018,OT,0.8472,0.0,0,0.7799389362335205,1,0,0.6435133218765259,1,0,0.007930337451398373,0,0,0.7799389362335205,1,OL
201801150,Jason Swann,2018,OT,0.8471,0.0,0,0.6905991435050964,1,0,0.47934481501579285,0,0,0.002309706062078476,0,0,0.6905991435050964,1,OL
201801153,Julian Pearl,2018,OT,0.847,71.6401,1,0.7985624670982361,1,1,0.5409543514251709,1,0,0.007585959509015083,0,1,0.7985624670982361,1,OL
201801177,Tyler Steen,2018,OT,0.8464,75.7079,1,0.6096146106719971,1,1,0.36797916889190674,0,0,0.0031007197685539722,0,1,0.6096146106719971,1,OL
201801204,Ryan Winkel,2018,OT,0.8453,46.3391,1,0.4900190234184265,0,0,0.1539820432662964,0,0,0.009675213135778904,0,1,0.4900190234184265,0,OL
201801220,Adonis Boone,2018,OT,0.8446,72.455,1,0.5674909949302673,1,1,0.3235623836517334,0,0,0.0015626313397660851,0,1,0.5674909949302673,1,OL
201801229,Mike Maye,2018,OG,0.8444,34.2367,1,0.721032977104187,1,0,0.48548611998558044,0,0,0.0029954409692436457,0,1,0.721032977104187,1,OL
201801230,Reggie Sutton,2018,OT,0.8444,71.3665,1,0.7361720204353333,1,1,0.5661336183547974,1,0,0.0032544813584536314,0,1,0.7361720204353333,1,OL
201801249,Jake Levengood,2018,OG,0.8431,67.2062,1,0.6745246648788452,1,1,0.39482319355010986,0,0,0.008504999801516533,0,1,0.6745246648788452,1,OL
201801253,Grant Norton,2018,OT,0.8431,0.0,0,0.8097854256629944,1,0,0.6288042068481445,1,0,0.001811434980481863,0,0,0.8097854256629944,1,OL
201801287,Kenneth Horsey,2018,OG,0.8418,68.6216,1,0.7756491303443909,1,1,0.4187416434288025,0,0,0.0017788156401365995,0,1,0.7756491303443909,1,OL
201801292,Jax Gasaway,2018,OT,0.8416,0.0,0,0.6059463024139404,1,0,0.23308065533638,0,0,0.0015208001714199781,0,0,0.6059463024139404,1,OL
201801304,Donovan Noel,2018,OG,0.8416,0.0,0,0.5962415933609009,1,0,0.5688692331314087,1,0,0.013124390505254269,0,0,0.5962415933609009,1,OL
201801306,Marques Cox,2018,OT,0.8416,80.2349,1,0.7721166014671326,1,1,0.4920547306537628,0,1,0.024889063090085983,0,1,0.7721166014671326,1,OL
201801307,Kameron Jones,2018,OT,0.8416,43.6148,1,0.6103026866912842,1,0,0.30352941155433655,0,0,0.007916903123259544,0,1,0.6103026866912842,1,OL
201801313,Charles Schmidt,2018,OG,0.8413,66.4288,1,0.8326575756072998,1,1,0.7092474102973938,1,0,0.1400078535079956,0,1,0.8326575756072998,1,OL
201801322,Martin Weisz,2018,OT,0.841,0.0,0,0.6786304712295532,1,0,0.4767579734325409,0,0,0.0054300944320857525,0,0,0.6786304712295532,1,OL
201801328,Hakeem White,2018,OG,0.8404,0.0,0,0.6988397240638733,1,0,0.49900123476982117,0,0,0.005350024439394474,0,0,0.6988397240638733,1,OL
201801361,Eric Miller,2018,OT,0.8394,79.0861,1,0.711751401424408,1,1,0.4172605574131012,0,0,0.011546170338988304,0,1,0.711751401424408,1,OL
201801378,David Watson,2018,OT,0.8386,0.0,0,0.5622065663337708,1,0,0.40184009075164795,0,0,0.011670834384858608,0,0,0.5622065663337708,1,OL
201801380,Campbell Barrington,2018,OT,0.8385,58.2247,1,0.6411627531051636,1,1,0.4265088737010956,0,0,0.01716972328722477,0,1,0.6411627531051636,1,OL
201801383,Donovan Jennings,2018,OT,0.8385,72.5435,1,0.576056957244873,1,1,0.4538223147392273,0,0,0.004609710071235895,0,1,0.576056957244873,1,OL
201801385,Maurice McIntyre,2018,OG,0.8385,74.2294,1,0.8025211691856384,1,1,0.6595606803894043,1,0,0.0006284089758992195,0,1,0.8025211691856384,1,OL
201801386,Tyler Vrabel,2018,OT,0.8384,63.6466,1,0.7243331074714661,1,1,0.4523163437843323,0,0,0.007536597549915314,0,1,0.7243331074714661,1,OL
201801398,Ethan Watson,2018,OT,0.8378,0.0,0,0.6620931625366211,1,0,0.45528125762939453,0,0,0.009957588277757168,0,0,0.6620931625366211,1,OL
201801419,Baraka Beckett,2018,OG,0.837,44.8725,1,0.6093617677688599,1,0,0.5629345774650574,1,0,0.002243806142359972,0,1,0.6093617677688599,1,OL
201801421,Garrett Curran,2018,OT,0.837,65.2855,1,0.5716407895088196,1,1,0.42196863889694214,0,0,0.004284404218196869,0,1,0.5716407895088196,1,OL
201801431,William Dunkle,2018,OT,0.8366,59.287,1,0.6765630841255188,1,1,0.4805864095687866,0,0,0.0023734017740935087,0,1,0.6765630841255188,1,OL
201801436,Alama Uluave,2018,OC,0.8366,60.5555,1,0.8679068684577942,1,1,0.6216443777084351,1,0,0.009737846441566944,0,1,0.8679068684577942,1,OL
201801442,Eric Seidelman,2018,OC,0.8365,38.5566,1,0.7053383588790894,1,0,0.6306912899017334,1,0,0.038601551204919815,0,1,0.7053383588790894,1,OL
201801443,Nigel Brannon,2018,OT,0.8364,0.0,0,0.698922872543335,1,0,0.5217814445495605,1,0,0.0019808372016996145,0,0,0.698922872543335,1,OL
201801445,Braeden Daniels,2018,OG,0.8364,70.0848,1,0.7660571932792664,1,1,0.6416398286819458,1,0,0.03952541947364807,0,1,0.7660571932792664,1,OL
201801455,Kevin Coblentz,2018,OT,0.8356,0.0,0,0.7367792725563049,1,0,0.38624677062034607,0,0,0.0039657363668084145,0,0,0.7367792725563049,1,OL
201801457,Hunter Mayginnes,2018,OT,0.8356,40.1498,1,0.6538788676261902,1,0,0.40277430415153503,0,0,0.0013648817548528314,0,1,0.6538788676261902,1,OL
201801461,Sam Stovall,2018,OT,0.8355,45.1756,1,0.629405677318573,1,0,0.21564602851867676,0,0,0.024654842913150787,0,1,0.629405677318573,1,OL
201801463,Anthony Pardue,2018,OT,0.8355,60.23,1,0.6510614156723022,1,1,0.40641582012176514,0,0,0.004129012115299702,0,1,0.6510614156723022,1,OL
201801481,Griffin McDowell,2018,OC,0.8342,39.3503,1,0.7813761830329895,1,0,0.6519070267677307,1,0,0.015838179737329483,0,1,0.7813761830329895,1,OL
201801491,Peace Addo,2018,OT,0.8336,51.8812,1,0.7221945524215698,1,1,0.4464053809642792,0,0,0.0058442531153559685,0,1,0.7221945524215698,1,OL
201801493,Jeremy Cooper,2018,OG,0.8336,63.3709,1,0.8014600872993469,1,1,0.6994588971138,1,0,0.0046455953270196915,0,1,0.8014600872993469,1,OL
201801494,Devin Jordan,2018,OT,0.8336,0.0,0,0.6903860569000244,1,0,0.5073000192642212,1,0,0.00908355601131916,0,0,0.6903860569000244,1,OL
201801516,Will Lawrence,2018,OG,0.8326,0.0,0,0.5167388916015625,1,0,0.30307745933532715,0,0,0.0008861645474098623,0,0,0.5167388916015625,1,OL
201801520,Titus Jones,2018,OG,0.8322,44.0303,1,0.5824300050735474,1,0,0.3615162968635559,0,0,0.0017960859695449471,0,1,0.5824300050735474,1,OL
201801528,Javon Foster,2018,OT,0.8316,75.3081,1,0.586632490158081,1,1,0.3703185021877289,0,0,0.00314866635017097,0,1,0.586632490158081,1,OL
201801536,Syr Riley,2018,OG,0.8315,0.0,0,0.6673624515533447,1,0,0.46306490898132324,0,0,7.889601693022996e-05,0,0,0.6673624515533447,1,OL
201801553,Bobby Lawrence,2018,OT,0.8315,55.445,1,0.5866984724998474,1,1,0.3659099340438843,0,0,0.0013748580822721124,0,1,0.5866984724998474,1,OL
201801564,Wil Froumy,2018,OT,0.8307,0.0,0,0.5900565385818481,1,0,0.3485769033432007,0,0,0.0037917473819106817,0,0,0.5900565385818481,1,OL
201801574,Solo Vaipulu,2018,OC,0.8305,71.309,1,0.8327178359031677,1,1,0.5308446884155273,1,0,0.0008693512063473463,0,1,0.8327178359031677,1,OL
201801584,Weston Wright,2018,OT,0.8301,74.6888,1,0.586043119430542,1,1,0.36074745655059814,0,0,0.01002456620335579,0,1,0.586043119430542,1,OL
201801613,Alexander Howie,2018,OC,0.828,56.2592,1,0.7087627649307251,1,1,0.5430777668952942,1,0,0.00456895399838686,0,1,0.7087627649307251,1,OL
201801623,Trace Oldner,2018,OG,0.8276,0.0,0,0.5935158133506775,1,0,0.40105295181274414,0,0,0.000504818803165108,0,0,0.5935158133506775,1,OL
201801626,James Collins,2018,OT,0.8276,0.0,0,0.6047494411468506,1,0,0.5962638854980469,1,0,0.00011006458953488618,0,0,0.6047494411468506,1,OL
201801628,Henry Chibueze,2018,OG,0.8276,26.4579,1,0.6105193495750427,1,0,0.7330117225646973,1,0,0.00018958035798277706,0,1,0.6105193495750427,1,OL
201801653,Joseph Bissinger,2018,OT,0.8264,66.2597,1,0.6890719532966614,1,1,0.4343875050544739,0,0,0.00024443664005957544,0,1,0.6890719532966614,1,OL
201801655,Doug Johnson,2018,OT,0.8263,26.9898,1,0.5180904269218445,1,0,0.3534367084503174,0,0,0.0014809917192906141,0,1,0.5180904269218445,1,OL
201801659,Matt Rosso,2018,OT,0.826,51.7443,1,0.5147951245307922,1,1,0.37097716331481934,0,0,0.04431481659412384,0,1,0.5147951245307922,1,OL
201801662,Harrison Jump,2018,OT,0.8256,0.0,0,0.7024087905883789,1,0,0.498498797416687,0,0,0.006861785426735878,0,0,0.7024087905883789,1,OL
201801664,Edward Collins,2018,OT,0.8255,65.0922,1,0.6580049991607666,1,1,0.3376654386520386,0,0,0.00724736088886857,0,1,0.6580049991607666,1,OL
201801667,Xavier Delgado,2018,OT,0.8255,77.598,1,0.5137714147567749,1,1,0.36791160702705383,0,0,0.0019491321872919798,0,1,0.5137714147567749,1,OL
201801684,Bryan Catchings,2018,OG,0.8255,0.0,0,0.6804162263870239,1,0,0.48402923345565796,0,0,0.0004964869585819542,0,0,0.6804162263870239,1,OL
201801688,Jon Gaines,2018,OT,0.8255,70.0683,1,0.8379150629043579,1,1,0.5993648171424866,1,0,0.005406940821558237,0,1,0.8379150629043579,1,OL
201801717,Nathan Boe,2018,OC,0.8234,69.7759,1,0.7817780375480652,1,1,0.5962672829627991,1,0,0.020547110587358475,0,1,0.7817780375480652,1,OL
201801719,Clayton Franks,2018,OG,0.8228,41.5968,1,0.631234347820282,1,0,0.37609270215034485,0,0,0.0009739496745169163,0,1,0.631234347820282,1,OL
201801720,Micah Mariteragi,2018,OT,0.8227,0.0,0,0.6117969155311584,1,0,0.36438342928886414,0,0,0.0022538364864885807,0,0,0.6117969155311584,1,OL
201801731,Marco Brewer,2018,OG,0.8225,52.2269,1,0.5699769258499146,1,1,0.4592244029045105,0,0,0.0025220466777682304,0,1,0.5699769258499146,1,OL
201801733,Josh Jynes,2018,OC,0.8222,43.2559,1,0.8896722197532654,1,0,0.3014848828315735,0,0,0.0006266852142289281,0,1,0.8896722197532654,1,OL
201801748,Luke Martin,2018,OG,0.8215,52.6622,1,0.7304481863975525,1,1,0.4821433126926422,0,0,0.002447447506710887,0,1,0.7304481863975525,1,OL
201801750,Trace Clopton,2018,OC,0.8215,46.4678,1,0.8404754400253296,1,0,0.30676427483558655,0,0,0.0011194582330062985,0,1,0.8404754400253296,1,OL
201801759,Nick Carey,2018,OT,0.8214,0.0,0,0.6232631206512451,1,0,0.35787785053253174,0,0,0.0028537821490317583,0,0,0.6232631206512451,1,OL
201801777,Trey Livingood,2018,OG,0.8204,0.0,0,0.7864062190055847,1,0,0.4045039713382721,0,0,0.000855397607665509,0,0,0.7864062190055847,1,OL
201801793,Jake Syptak,2018,OT,0.8201,40.0305,1,0.724766731262207,1,0,0.47276896238327026,0,0,0.00993308424949646,0,1,0.724766731262207,1,OL
201801837,Jarrett Kingston,2018,OT,0.8181,71.5217,1,0.5735410451889038,1,1,0.41804707050323486,0,0,0.009352253749966621,0,1,0.5735410451889038,1,OL
201801838,Parker Bisek,2018,OG,0.8181,47.134,1,0.746597945690155,1,0,0.41588300466537476,0,0,0.0017429230501875281,0,1,0.746597945690155,1,OL
201801850,Silas Robinson,2018,OT,0.8175,48.8005,1,0.6529258489608765,1,0,0.4049046039581299,0,0,0.00023163031437434256,0,1,0.6529258489608765,1,OL
201801859,Mac Copeland,2018,OT,0.8168,0.0,0,0.36709505319595337,0,0,0.324334979057312,0,0,0.0701536014676094,0,0,0.36709505319595337,0,OL
201801880,Biron Rossell,2018,OG,0.8165,65.5555,1,0.6187750697135925,1,1,0.18945196270942688,0,0,0.001255794893950224,0,1,0.6187750697135925,1,OL
201801883,Jalan Robinson,2018,OT,0.8165,0.0,0,0.5099532604217529,1,0,0.28623905777931213,0,0,0.0037416841369122267,0,0,0.5099532604217529,1,OL
201801887,Zach Ross,2018,OG,0.816,52.2324,1,0.5996095538139343,1,1,0.4049823582172394,0,0,0.0008622962632216513,0,1,0.5996095538139343,1,OL
201801891,Orlando Heggs,2018,OG,0.816,0.0,0,0.5291016697883606,1,0,0.41285818815231323,0,0,7.741369336144999e-05,0,0,0.5291016697883606,1,OL
201801901,Andrew Todd,2018,OG,0.8154,44.1346,1,0.6085725426673889,1,0,0.4323287606239319,0,0,0.0004241098649799824,0,1,0.6085725426673889,1,OL
201801926,Bennett Clark,2018,OT,0.8154,47.1115,1,0.6774741411209106,1,0,0.4547167718410492,0,0,0.0005778612103313208,0,1,0.6774741411209106,1,OL
201801933,Adam Klein,2018,OT,0.8154,69.324,1,0.5632712841033936,1,1,0.503852903842926,1,0,0.0010872154962271452,0,1,0.5632712841033936,1,OL
201801939,Derek Devine,2018,OT,0.8153,51.247,1,0.6854089498519897,1,1,0.34335556626319885,0,0,0.005524098873138428,0,1,0.6854089498519897,1,OL
201801969,Marcus Greer,2018,OG,0.8115,59.1918,1,0.6336682438850403,1,1,0.3597816526889801,0,0,0.001119566964916885,0,1,0.6336682438850403,1,OL
201801973,Max Yarbrough,2018,OG,0.8115,0.0,0,0.630319356918335,1,0,0.4337175786495209,0,0,0.0003505617205519229,0,0,0.630319356918335,1,OL
201801981,Despelado Alexandre,2018,OT,0.8115,45.593,1,0.5979131460189819,1,0,0.39718160033226013,0,0,0.0015617737080901861,0,1,0.5979131460189819,1,OL
201801996,Jahlil Ryles,2018,OG,0.8104,54.7699,1,0.745366632938385,1,1,0.4916977882385254,0,0,0.00010640725668054074,0,1,0.745366632938385,1,OL
201802007,Spencer Lovell,2018,OG,0.8104,60.8725,1,0.39207908511161804,0,1,0.34320521354675293,0,0,0.0011787090916186571,0,1,0.39207908511161804,0,OL
201802043,Ben Becker,2018,OT,0.8098,0.0,0,0.678196370601654,1,0,0.4070266783237457,0,0,0.0006909140502102673,0,0,0.678196370601654,1,OL
201802050,Blake Lodes,2018,OT,0.8098,57.9992,1,0.655514121055603,1,1,0.4212683439254761,0,0,0.0010356539860367775,0,1,0.655514121055603,1,OL
201802052,Max Banes,2018,OT,0.8094,61.3634,1,0.6326096653938293,1,1,0.40984171628952026,0,0,0.00021102263417560607,0,1,0.6326096653938293,1,OL
201802059,Colin Woodside,2018,OT,0.8093,49.9658,1,0.5857924818992615,1,0,0.4885464310646057,0,0,0.0021369715686887503,0,1,0.5857924818992615,1,OL
201802060,Jaylen Turner,2018,OC,0.8093,54.7986,1,0.8248067498207092,1,1,0.5081017017364502,1,0,0.0027501280419528484,0,1,0.8248067498207092,1,OL
201802077,Kameron Lewis,2018,OT,0.8065,0.0,0,0.5426483750343323,1,0,0.3270304203033447,0,0,0.00018666985852178186,0,0,0.5426483750343323,1,OL
201802080,Max Wilhite,2018,OT,0.8065,0.0,0,0.4682592451572418,0,0,0.3341115415096283,0,0,6.051171294529922e-05,0,0,0.4682592451572418,0,OL
201802087,Peyton Winstead,2018,OC,0.8065,42.5866,1,0.5097294449806213,1,0,0.38775181770324707,0,0,0.002506667049601674,0,1,0.5097294449806213,1,OL
201802101,Josh McCulloch,2018,OG,0.8064,53.0943,1,0.597687304019928,1,1,0.2473476380109787,0,0,0.00022564126993529499,0,1,0.597687304019928,1,OL
201802121,Troy Bradshaw,2018,OT,0.8064,0.0,0,0.7225750684738159,1,0,0.5372317433357239,1,0,0.001537008793093264,0,0,0.7225750684738159,1,OL
201802152,Oskar Andersson,2018,OT,0.8054,0.0,0,0.5242259502410889,1,0,0.296743780374527,0,0,0.0005077681853435934,0,0,0.5242259502410889,1,OL
201802158,Brad Papez,2018,OT,0.8054,0.0,0,0.6002509593963623,1,0,0.3599630296230316,0,0,0.004743029363453388,0,0,0.6002509593963623,1,OL
201802161,Evan Fields,2018,OT,0.8054,54.5465,1,0.4332449734210968,0,1,0.3704093098640442,0,0,0.0037958314642310143,0,1,0.4332449734210968,0,OL
201802167,Jaylon Thomas,2018,OT,0.8047,73.4139,1,0.673469066619873,1,1,0.39002084732055664,0,0,0.00370566314086318,0,1,0.673469066619873,1,OL
201802226,Nolan Potter,2018,OT,0.8004,66.6005,1,0.5751528143882751,1,1,0.446301132440567,0,0,0.027662232518196106,0,1,0.5751528143882751,1,OL
201802241,Jean Paul Rodriguez,2018,OT,0.8004,0.0,0,0.5574085712432861,1,0,0.42883753776550293,0,0,0.000470262166345492,0,0,0.5574085712432861,1,OL
201802247,Christian Henderson,2018,OT,0.8004,46.2588,1,0.46470513939857483,0,0,0.16040723025798798,0,0,0.00087277329294011,0,1,0.46470513939857483,0,OL
201802249,Ches Jackson,2018,OT,0.8004,55.1799,1,0.6197807192802429,1,1,0.35265910625457764,0,0,0.007145018316805363,0,1,0.6197807192802429,1,OL
201802252,Pete Rooney,2018,OT,0.8004,0.0,0,0.6004797220230103,1,0,0.3352029621601105,0,0,0.0005157504347153008,0,0,0.6004797220230103,1,OL
201802257,Anderson Hardy,2018,OT,0.8004,62.8189,1,0.4235830307006836,0,1,0.4368034601211548,0,0,0.008517002686858177,0,1,0.4235830307006836,0,OL
201802261,Dylan Niedrowski,2018,OT,0.8003,52.4581,1,0.6637444496154785,1,1,0.3179914355278015,0,0,0.0010123897809535265,0,1,0.6637444496154785,1,OL
201802272,Conor Head,2018,OG,0.7998,0.0,0,0.4995259940624237,0,0,0.41681918501853943,0,0,0.0032770512625575066,0,0,0.4995259940624237,0,OL
201802289,Julian Sams,2018,OG,0.7998,55.7358,1,0.6554726958274841,1,1,0.48566949367523193,0,0,0.0029772541020065546,0,1,0.6554726958274841,1,OL
201802317,Travis Glover,2018,OT,0.7998,72.1106,1,0.540773332118988,1,1,0.36936095356941223,0,0,0.0005189476069062948,0,1,0.540773332118988,1,OL
201802335,Kameron King,2018,OG,0.7964,0.0,0,0.698814868927002,1,0,0.4877198040485382,0,0,0.001127237337641418,0,0,0.698814868927002,1,OL
201802343,Noel Ofori-Nyadu,2018,OT,0.7964,61.6419,1,0.5412464141845703,1,1,0.3743946850299835,0,0,0.0003137025632895529,0,1,0.5412464141845703,1,OL
201802348,Grant Betts,2018,OC,0.7953,72.9079,1,0.5844545364379883,1,1,0.3267355263233185,0,0,0.004695772659033537,0,1,0.5844545364379883,1,OL
201802364,R.J. Kelly,2018,OG,0.7953,0.0,0,0.5797800421714783,1,0,0.39922741055488586,0,0,0.0016510393470525742,0,0,0.5797800421714783,1,OL
201802377,Terrell Haynes,2018,OG,0.7953,71.9852,1,0.6704742908477783,1,1,0.45904216170310974,0,0,0.009369339793920517,0,1,0.6704742908477783,1,OL
201802378,Jalen Momerelle,2018,OT,0.7953,39.2837,1,0.5932319164276123,1,0,0.3915728032588959,0,0,0.0006520675378851593,0,1,0.5932319164276123,1,OL
201802403,Isaac Moore,2018,OG,0.7953,73.9832,1,0.5787422060966492,1,1,0.3927459120750427,0,0,0.0011850923765450716,0,1,0.5787422060966492,1,OL
201802432,Sione Veikoso,2018,OG,0.7932,0.0,0,0.6846577525138855,1,0,0.4207366704940796,0,0,0.011826102621853352,0,0,0.6846577525138855,1,OL
201802452,Bryce Ramer,2018,OT,0.7903,49.2119,1,0.5698795914649963,1,0,0.3868948519229889,0,0,0.0006263249088078737,0,1,0.5698795914649963,1,OL
201802458,Karter Shaw,2018,OG,0.7903,61.7045,1,0.6504005789756775,1,1,0.4414803683757782,0,0,0.0011789791751652956,0,1,0.6504005789756775,1,OL
201802459,Tysen Lewis,2018,OT,0.7903,0.0,0,0.7870756387710571,1,0,0.4903237521648407,0,0,0.010313151404261589,0,0,0.7870756387710571,1,OL
201802462,Cole Garcia,2018,OG,0.7903,69.7122,1,0.5616276860237122,1,1,0.39898550510406494,0,0,0.00031233817571774125,0,1,0.5616276860237122,1,OL
201802465,Jack Freeman,2018,OT,0.7903,70.3025,1,0.6834675073623657,1,1,0.2995619475841522,0,0,0.00397289264947176,0,1,0.6834675073623657,1,OL
201802491,Parker Ogle,2018,OC,0.7903,0.0,0,0.6521886587142944,1,0,0.41508275270462036,0,0,0.00039976416155695915,0,0,0.6521886587142944,1,OL
201802493,Christian Hoz,2018,OT,0.7903,31.8566,1,0.5318906903266907,1,0,0.38834524154663086,0,0,0.00026936971698887646,0,1,0.5318906903266907,1,OL
201802501,Dacoda Weaver,2018,OT,0.7903,0.0,0,0.6196944713592529,1,0,0.44409462809562683,0,0,0.00019160588271915913,0,0,0.6196944713592529,1,OL
201802507,Marcellus Johnson,2018,OT,0.7903,63.3445,1,0.6518502235412598,1,1,0.39204540848731995,0,0,0.008600303903222084,0,1,0.6518502235412598,1,OL
201802509,Dawson Bragg,2018,OT,0.7903,0.0,0,0.5788294076919556,1,0,0.2430892139673233,0,0,0.0026620328426361084,0,0,0.5788294076919556,1,OL
201802512,Tyler Jernigan,2018,OC,0.7898,48.4482,1,0.6098181009292603,1,0,0.4537180960178375,0,0,0.004886140581220388,0,1,0.6098181009292603,1,OL
201802540,Michael Sullivan,2018,OG,0.7898,44.3361,1,0.6813668608665466,1,0,0.6401945948600769,1,0,0.0008387674461118877,0,1,0.6813668608665466,1,OL
201802558,Marquice Robinson,2018,OT,0.7898,68.9662,1,0.4768068492412567,0,1,0.30506598949432373,0,0,0.00010796623973874375,0,1,0.4768068492412567,0,OL
201802579,Tyler Long,2018,OC,0.7893,63.0835,1,0.6006033420562744,1,1,0.3531000316143036,0,0,0.0007104235119186342,0,1,0.6006033420562744,1,OL
201802582,Florian McCann,2018,OT,0.7893,0.0,0,0.5692750811576843,1,0,0.39771026372909546,0,0,0.009708774276077747,0,0,0.5692750811576843,1,OL
201802588,Daizion Carroll,2018,OG,0.7892,58.0248,1,0.6252124309539795,1,1,0.3017824590206146,0,0,0.00017766024393495172,0,1,0.6252124309539795,1,OL
201802593,Luke Junkunc,2018,OT,0.7892,0.0,0,0.7329500913619995,1,0,0.24968883395195007,0,0,0.005859060678631067,0,0,0.7329500913619995,1,OL
201802626,Austin Young,2018,OT,0.7853,0.0,0,0.46259805560112,0,0,0.36008772253990173,0,0,0.00026563520077615976,0,0,0.46259805560112,0,OL
201802631,Isaac Ellis,2018,OG,0.7853,65.265,1,0.7155961990356445,1,1,0.4665793776512146,0,0,0.0002291219134349376,0,1,0.7155961990356445,1,OL
201802635,Josh Owens,2018,OT,0.7853,0.0,0,0.6431518197059631,1,0,0.36481574177742004,0,0,0.0017344712978228927,0,0,0.6431518197059631,1,OL
201802639,Conner Parsons,2018,OG,0.7853,45.1401,1,0.5953007340431213,1,0,0.37542423605918884,0,0,0.0007423196802847087,0,1,0.5953007340431213,1,OL
201802648,Gunner Britton,2018,OT,0.7853,70.9175,1,0.408360093832016,0,1,0.3868325650691986,0,0,0.0025589605793356895,0,1,0.408360093832016,0,OL
201802669,Jared Griffith,2018,OC,0.7853,0.0,0,0.8541076183319092,1,0,0.4735797047615051,0,0,0.0005402556271292269,0,0,0.8541076183319092,1,OL
201802687,Blake Watson,2018,OT,0.7853,39.7131,1,0.3065590262413025,0,0,0.3369736671447754,0,0,0.003748024581000209,0,1,0.3065590262413025,0,OL
201802699,Dan Fedor,2018,OT,0.7842,0.0,0,0.5142894387245178,1,0,0.526740550994873,1,0,0.0010122547391802073,0,0,0.5142894387245178,1,OL
201802708,Kylar Cooks,2018,OT,0.7842,54.2163,1,0.7728464007377625,1,1,0.37196439504623413,0,0,0.003854959039017558,0,1,0.7728464007377625,1,OL
201802720,Dalton Tucker,2018,OT,0.7842,65.6186,1,0.5657672882080078,1,1,0.46433040499687195,0,0,0.0037721097469329834,0,1,0.5657672882080078,1,OL
201802739,Nolan Eike,2018,OT,0.7803,0.0,0,0.5780859589576721,1,0,0.42073914408683777,0,0,0.059117868542671204,0,0,0.5780859589576721,1,OL
201802744,Cole Brown,2018,OG,0.7803,56.9022,1,0.5545818209648132,1,1,0.409435898065567,0,0,0.00134636415168643,0,1,0.5545818209648132,1,OL
201802745,Jack Topping,2018,OT,0.7803,0.0,0,0.6127276420593262,1,0,0.40182945132255554,0,0,0.0008203185861930251,0,0,0.6127276420593262,1,OL
201802755,Michael Remondet,2018,OT,0.7802,37.1541,1,0.6479385495185852,1,0,0.30514389276504517,0,0,0.0011939734686166048,0,1,0.6479385495185852,1,OL
201802763,Will Eiland,2018,OT,0.7798,0.0,0,0.6562399864196777,1,0,0.40544846653938293,0,0,0.0006771329208277166,0,0,0.6562399864196777,1,OL
201802785,Patrick Gilliland,2018,OT,0.7798,0.0,0,0.43230727314949036,0,0,0.4743160307407379,0,0,0.0018598665483295918,0,0,0.43230727314949036,0,OL
201802787,Zach Whaley,2018,OG,0.7798,52.889,1,0.7354363799095154,1,1,0.519679069519043,1,0,0.005697432439774275,0,1,0.7354363799095154,1,OL
201802788,Nick Saldiveri,2018,OT,0.7798,61.533,1,0.5143744945526123,1,1,0.30643391609191895,0,0,0.0030132427345961332,0,1,0.5143744945526123,1,OL
201802802,Kurt Danneker,2018,OG,0.7798,56.594,1,0.5924197435379028,1,1,0.32970285415649414,0,0,0.0002637502911966294,0,1,0.5924197435379028,1,OL
201802833,Kyle Sorensen,2018,OT,0.7798,0.0,0,0.7422407865524292,1,0,0.4292472302913666,0,0,0.003384404117241502,0,0,0.7422407865524292,1,OL
201802838,Chris Love,2018,OT,0.7798,0.0,0,0.48015886545181274,0,0,0.34041717648506165,0,0,0.0003285990096628666,0,0,0.48015886545181274,0,OL
201802840,Cameron Cooper,2018,OT,0.7798,38.4242,1,0.5525975823402405,1,0,0.31185007095336914,0,0,0.00459941616281867,0,1,0.5525975823402405,1,OL
201802843,Joe Maxwell,2018,OT,0.7798,0.0,0,0.5336928367614746,1,0,0.30867260694503784,0,0,0.0006999979959800839,0,0,0.5336928367614746,1,OL
201802844,Griffin Korican,2018,OG,0.7798,43.4644,1,0.5388397574424744,1,0,0.4669046998023987,0,0,0.002635729731991887,0,1,0.5388397574424744,1,OL
201802845,Christian Haynes,2018,OT,0.7798,69.6175,1,0.5743059515953064,1,1,0.2783493101596832,0,0,0.0004929573042318225,0,1,0.5743059515953064,1,OL
201802851,Khalil Crowder,2018,OT,0.7798,68.0336,1,0.6306501626968384,1,1,0.44602662324905396,0,0,0.0007040204363875091,0,1,0.6306501626968384,1,OL
201802871,Walker Hankinson,2018,OT,0.7792,42.2708,1,0.6317499279975891,1,0,0.478265643119812,0,0,0.005686998832970858,0,1,0.6317499279975891,1,OL
201802872,Isaiah Mursalat,2018,OG,0.7792,50.4128,1,0.41960227489471436,0,1,0.28082698583602905,0,0,0.0004115111951250583,0,1,0.41960227489471436,0,OL
201802875,John Bolding,2018,OG,0.7792,0.0,0,0.6397793889045715,1,0,0.45813366770744324,0,0,0.00028326045139692724,0,0,0.6397793889045715,1,OL
201802878,James Bagnell,2018,OT,0.7792,0.0,0,0.6349079012870789,1,0,0.34238672256469727,0,0,0.000737466209102422,0,0,0.6349079012870789,1,OL
201802881,Stephen Lewerenz,2018,OT,0.7792,42.211,1,0.6337138414382935,1,0,0.3729262053966522,0,0,0.0016758721321821213,0,1,0.6337138414382935,1,OL
201802884,Miles Macadory,2018,OT,0.7792,0.0,0,0.5489341020584106,1,0,0.37511512637138367,0,0,0.0026954684872180223,0,0,0.5489341020584106,1,OL
201802892,Caleb Murray,2018,OT,0.7792,0.0,0,0.7875696420669556,1,0,0.5190426707267761,1,0,0.013959602452814579,0,0,0.7875696420669556,1,OL
201802894,Ethan Bingham,2018,OT,0.7792,0.0,0,0.3681526184082031,0,0,0.48423296213150024,0,0,0.001346777193248272,0,0,0.3681526184082031,0,OL
201802895,Vincent Fonte,2018,OT,0.7792,0.0,0,0.7025529146194458,1,0,0.44765743613243103,0,0,0.0020360518246889114,0,0,0.7025529146194458,1,OL
201802907,Jacob South,2018,OT,0.7781,59.4581,1,0.4807737171649933,0,1,0.3517317473888397,0,0,0.0025640930980443954,0,1,0.4807737171649933,0,OL
201802908,Solomon Polk,2018,OT,0.7781,0.0,0,0.5673584342002869,1,0,0.2497456818819046,0,0,0.0008969969931058586,0,0,0.5673584342002869,1,OL
201802928,Dalton Widner,2018,OC,0.7742,0.0,0,0.48665547370910645,0,0,0.574059784412384,1,0,0.0033919797278940678,0,0,0.48665547370910645,0,OL
201802930,Zach Breaux,2018,OG,0.7742,44.8844,1,0.5070753693580627,1,0,0.47222113609313965,0,0,0.00026281102327629924,0,1,0.5070753693580627,1,OL
201802933,Blake Harris,2018,OG,0.7742,0.0,0,0.6647969484329224,1,0,0.46255311369895935,0,0,0.002127817366272211,0,0,0.6647969484329224,1,OL
201802951,X'Zauvea Gadlin,2018,OG,0.7742,70.8993,1,0.7327673435211182,1,1,0.4134432375431061,0,0,0.004728665109723806,0,1,0.7327673435211182,1,OL
201802955,Tyler Falvey,2018,OT,0.7742,52.4966,1,0.40940824151039124,0,1,0.3162507116794586,0,0,0.0001705555187072605,0,1,0.40940824151039124,0,OL
201802964,Hamilton Hawthorne,2018,OG,0.7742,38.696,1,0.6460556983947754,1,0,0.416408896446228,0,0,0.00033771240850910544,0,1,0.6460556983947754,1,OL
201802983,Morgan Moore,2018,OT,0.7742,50.6853,1,0.6401678919792175,1,1,0.28843194246292114,0,0,0.0004197697271592915,0,1,0.6401678919792175,1,OL
201802990,Nick Dell'Acqua,2018,OT,0.7731,0.0,0,0.6116236448287964,1,0,0.2690106928348541,0,0,0.0004663928411900997,0,0,0.6116236448287964,1,OL
201802997,Lyndell Hudson,2018,OT,0.7731,62.9207,1,0.3961813449859619,0,1,0.24107739329338074,0,0,0.0008512638160027564,0,1,0.3961813449859619,0,OL
201803007,Brian Dooley,2018,OT,0.7698,68.5374,1,0.422526091337204,0,1,0.3501662015914917,0,0,0.002592126838862896,0,1,0.422526091337204,0,OL
201803040,Josh Headlee,2018,OT,0.7698,0.0,0,0.5479123592376709,1,0,0.5018932819366455,1,0,0.0003869222418870777,0,0,0.5479123592376709,1,OL
201803049,Jaime Navarro,2018,OG,0.7698,65.7889,1,0.5034496188163757,1,1,0.24108681082725525,0,0,0.001665668678469956,0,1,0.5034496188163757,1,OL
201803061,Owen Okonsky,2018,OT,0.7697,0.0,0,0.7445068955421448,1,0,0.3384065330028534,0,0,0.0007827167864888906,0,0,0.7445068955421448,1,OL
201803088,John Bolding,2018,OG,0.7697,0.0,0,0.5976614952087402,1,0,0.33071738481521606,0,0,0.0003323215350974351,0,0,0.5976614952087402,1,OL
201803090,Max MItchell,2018,OT,0.7697,0.0,0,0.46013176441192627,0,0,0.37009480595588684,0,0,0.015464365482330322,0,0,0.46013176441192627,0,OL
201803099,Helber Fagundes,2018,OT,0.7697,54.4152,1,0.5904286503791809,1,1,0.36228683590888977,0,0,0.0006326911388896406,0,1,0.5904286503791809,1,OL
201803100,Wyatt Green,2018,OG,0.7697,43.1351,1,0.5739641189575195,1,0,0.22020162642002106,0,0,0.000140979842399247,0,1,0.5739641189575195,1,OL
201803102,Trevor Goude,2018,OT,0.7697,0.0,0,0.5967711210250854,1,0,0.28594905138015747,0,0,0.0004959593643434346,0,0,0.5967711210250854,1,OL
201803104,Jacob Porter,2018,OG,0.7697,0.0,0,0.5366672873497009,1,0,0.3436189889907837,0,0,0.0011272093979641795,0,0,0.5366672873497009,1,OL
201803105,Trey Hamilton,2018,OT,0.7697,46.017,1,0.7114542722702026,1,0,0.3372783660888672,0,0,0.0011939734686166048,0,1,0.7114542722702026,1,OL
201803107,Zack Ferris,2018,OT,0.7692,36.1526,1,0.6159662008285522,1,0,0.3739567697048187,0,0,0.00020378807676024735,0,1,0.6159662008285522,1,OL
201803115,Jordan Redfearn,2018,OG,0.7691,0.0,0,0.6302414536476135,1,0,0.3754406273365021,0,0,7.364785415120423e-05,0,0,0.6302414536476135,1,OL
201803127,Jacob Bodden,2018,OG,0.7691,0.0,0,0.6885456442832947,1,0,0.4534868001937866,0,0,0.0004596096696332097,0,0,0.6885456442832947,1,OL
201803136,Mason Brooks,2018,OT,0.7691,63.6018,1,0.7801612615585327,1,1,0.34914907813072205,0,0,0.0036665170919150114,0,1,0.7801612615585327,1,OL
201803137,Wyatt Bowles,2018,OT,0.7691,57.6934,1,0.6633743047714233,1,1,0.4926605522632599,0,0,0.0018555668648332357,0,1,0.6633743047714233,1,OL
201803163,Blayne Baker,2018,OT,0.7681,33.3695,1,0.6247414350509644,1,0,0.3230685889720917,0,0,0.00562269939109683,0,1,0.6247414350509644,1,OL
201803170,Sheldon Benson,2018,OG,0.7681,0.0,0,0.7465315461158752,1,0,0.36145853996276855,0,0,0.00019226525910198689,0,0,0.7465315461158752,1,OL
201803171,Jack Hassard,2018,OT,0.7681,0.0,0,0.5750797986984253,1,0,0.26680219173431396,0,0,0.002085938584059477,0,0,0.5750797986984253,1,OL
201803192,Joseph Boggs,2018,OT,0.7641,53.1332,1,0.50795578956604,1,1,0.43241986632347107,0,0,0.0004626454901881516,0,1,0.50795578956604,1,OL
201803196,Clay Servin,2018,OT,0.7641,70.0025,1,0.6195889711380005,1,1,0.22738131880760193,0,0,0.006554489489644766,0,1,0.6195889711380005,1,OL
201803217,Luca Fratianne,2018,OG,0.7631,39.1617,1,0.5314844846725464,1,0,0.21797268092632294,0,0,0.00018763721163850278,0,1,0.5314844846725464,1,OL
201803243,Elijah Carson,2018,OT,0.7631,36.3828,1,0.2930127680301666,0,0,0.1778302937746048,0,0,0.0011308914981782436,0,1,0.2930127680301666,0,OL
201803247,Clive Truschel,2018,OC,0.763,0.0,0,0.6743918657302856,1,0,0.27997732162475586,0,0,0.003168676747009158,0,0,0.6743918657302856,1,OL
201803249,Ilm Manning,2018,OT,0.763,72.5213,1,0.6354151368141174,1,1,0.25188860297203064,0,0,0.001844128011725843,0,1,0.6354151368141174,1,OL
201803253,Sam Turner,2018,OT,0.763,0.0,0,0.8747777938842773,1,0,0.4647422134876251,0,0,0.0011018981458619237,0,0,0.8747777938842773,1,OL
201803289,Tyler Leroux,2018,OT,0.7597,0.0,0,0.5582829713821411,1,0,0.43169930577278137,0,0,0.0009404065785929561,0,0,0.5582829713821411,1,OL
201803301,John O'Brian,2018,OT,0.7597,38.834,1,0.5637032389640808,1,0,0.5480777621269226,1,0,0.005541780032217503,0,1,0.5637032389640808,1,OL
201803318,Johnathan Bass,2018,OT,0.7597,61.2564,1,0.6581835150718689,1,1,0.3694290518760681,0,0,0.0023637120611965656,0,1,0.6581835150718689,1,OL
201803338,Elijah Klein,2018,OG,0.7597,66.9049,1,0.5437180399894714,1,1,0.2929159998893738,0,0,0.00027800738462246954,0,1,0.5437180399894714,1,OL
201803339,Derek Ferraro,2018,OT,0.7597,43.0968,1,0.4994654357433319,0,0,0.22901582717895508,0,0,0.0007209795876406133,0,1,0.4994654357433319,0,OL
201803341,Andrew Smith,2018,OT,0.7597,59.9033,1,0.6289908289909363,1,1,0.12198816984891891,0,0,0.0006445373292081058,0,1,0.6289908289909363,1,OL
201803356,Jack Bolduc,2018,OT,0.758,0.0,0,0.5739927887916565,1,0,0.4018568694591522,0,0,0.0007237255340442061,0,0,0.5739927887916565,1,OL
201803365,Cooper Hodges,2018,OT,0.758,65.6928,1,0.6689676642417908,1,1,0.3068901002407074,0,0,0.0005626163328997791,0,1,0.6689676642417908,1,OL
201803395,Malik Harkness,2018,OG,0.758,44.9798,1,0.6505818963050842,1,0,0.35155439376831055,0,0,0.0012964957859367132,0,1,0.6505818963050842,1,OL
201803408,Kamuela Borden,2018,OG,0.7574,0.0,0,0.6367814540863037,1,0,0.5221789479255676,1,0,0.005166500341147184,0,0,0.6367814540863037,1,OL
201803455,Cole Watts,2018,OT,0.7497,27.9272,1,0.5406851768493652,1,0,0.38165128231048584,0,0,0.0006636135512962937,0,1,0.5406851768493652,1,OL
201803460,Tyler Ostrom,2018,OG,0.7497,55.9786,1,0.6667872667312622,1,1,0.29250258207321167,0,0,0.000529968470800668,0,1,0.6667872667312622,1,OL
201803486,Evan Tafoya-Vallo,2018,OG,0.7497,0.0,0,0.6754330396652222,1,0,0.5611807703971863,1,0,0.005476780701428652,0,0,0.6754330396652222,1,OL
201803552,Dejan Rasuo,2018,OT,0.7497,52.392,1,0.3034110963344574,0,1,0.23327016830444336,0,0,0.0020637684501707554,0,1,0.3034110963344574,0,OL
201803555,Nick Kotok,2018,OG,0.7497,0.0,0,0.4282730519771576,0,0,0.14363539218902588,0,0,0.001965360017493367,0,0,0.4282730519771576,0,OL
201803568,Zuri Henry,2018,OT,0.7497,64.2256,1,0.7467819452285767,1,1,0.34623774886131287,0,0,0.0026375253219157457,0,1,0.7467819452285767,1,OL
201803648,Braden Moody,2018,OT,0.7397,39.7055,1,0.42026177048683167,0,0,0.10993948578834534,0,0,0.0006324574933387339,0,1,0.42026177048683167,0,OL
201803675,Tristin Tuialuuluu,2018,OG,0.7397,45.0452,1,0.5894871354103088,1,0,0.21200363337993622,0,0,0.00018216743774246424,0,1,0.5894871354103088,1,OL
201803691,Will Pliska,2018,OT,0.7297,0.0,0,0.4901540279388428,0,0,0.19955796003341675,0,0,0.0007126585696823895,0,0,0.4901540279388428,0,OL
201803773,Jace Fuamatu,2018,OG,0.6997,44.9083,1,0.595212459564209,1,0,0.40865427255630493,0,0,0.0001558858493808657,0,1,0.595212459564209,1,OL
201803777,Charlie O'Connor,2018,OG,0.6997,48.1719,1,0.7406935691833496,1,0,0.4653340280056,0,0,0.001620389986783266,0,1,0.7406935691833496,1,OL
201803784,Eric Brown,2018,OG,0.6997,0.0,0,0.8416664004325867,1,0,0.3263140618801117,0,0,0.00047870594426058233,0,0,0.8416664004325867,1,OL
201803799,Zach Watts,2018,OT,0.6996,55.5007,1,0.5471436381340027,1,1,0.32384178042411804,0,0,0.006086801178753376,0,1,0.5471436381340027,1,OL
201803810,Jordan Palmer,2018,OC,0.6996,55.2206,1,0.789348304271698,1,1,0.2055017352104187,0,0,0.00011803721281467006,0,1,0.789348304271698,1,OL
201803844,Andrew Lyons,2018,OT,0.6996,0.0,0,0.5971857309341431,1,0,0.41570353507995605,0,0,0.00035266211489215493,0,0,0.5971857309341431,1,OL
201803870,Mason Kolinchak,2018,OG,0.6996,50.5817,1,0.6382078528404236,1,1,0.16680650413036346,0,0,0.0051487404853105545,0,1,0.6382078528404236,1,OL
201900007,Evan Neal,2019,OT,0.9946,62.9676,1,0.9644726514816284,1,1,0.9198184609413147,1,0,0.0320485457777977,0,1,0.9644726514816284,1,OL
201900010,Darnell Wright,2019,OT,0.9943,76.865,1,0.9953992962837219,1,1,0.9467733502388,1,0,0.07256107032299042,0,1,0.9953992962837219,1,OL
201900015,Kenyon Green,2019,OT,0.9925,65.9618,1,0.9767876267433167,1,1,0.9522345066070557,1,0,0.04109492897987366,0,1,0.9767876267433167,1,OL
201900017,Logan Brown,2019,OT,0.9915,62.8612,1,0.965335488319397,1,1,0.8773078322410583,1,0,0.018830936402082443,0,1,0.965335488319397,1,OL
201900026,Clay Webb,2019,OC,0.9877,57.0683,1,0.9797470569610596,1,1,0.9526320099830627,1,0,0.39271223545074463,0,1,0.9797470569610596,1,OL
201900027,Charles Cross,2019,OT,0.9877,50.1021,1,0.9717835783958435,1,1,0.9376015663146973,1,0,0.1374310404062271,0,1,0.9717835783958435,1,OL
201900028,Wanya Morris,2019,OT,0.9871,69.8723,1,0.9737536311149597,1,1,0.8731110095977783,1,0,0.09077063947916031,0,1,0.9737536311149597,1,OL
201900030,Harry Miller,2019,OC,0.9868,56.4578,1,0.9778860807418823,1,1,0.9352930784225464,1,0,0.09161316603422165,0,1,0.9778860807418823,1,OL
201900040,Pierce Quick,2019,OT,0.9788,54.8159,1,0.9901530146598816,1,1,0.8952351212501526,1,0,0.06349343061447144,0,1,0.9901530146598816,1,OL
201900051,Devontae Dobbs,2019,OG,0.9747,42.1911,1,0.964199960231781,1,0,0.9385142922401428,1,0,0.04158768057823181,0,1,0.964199960231781,1,OL
201900058,Tyler Johnson,2019,OT,0.9722,57.2294,1,0.9764655828475952,1,1,0.9389464855194092,1,0,0.044163770973682404,0,1,0.9764655828475952,1,OL
201900063,Jonah Tauanu'u,2019,OT,0.9695,35.6321,1,0.9922806024551392,1,0,0.9168071746826172,1,0,0.004417478572577238,0,1,0.9922806024551392,1,OL
201900074,Sean Rhyan,2019,OG,0.9671,61.9733,1,0.9798339009284973,1,1,0.8070845603942871,1,0,0.011481746099889278,0,1,0.9798339009284973,1,OL
201900076,Amari Kight,2019,OT,0.9648,65.1732,1,0.981046199798584,1,1,0.8215413689613342,1,0,0.02069958671927452,0,1,0.981046199798584,1,OL
201900081,Caedan Wallace,2019,OG,0.9626,74.5712,1,0.9913778305053711,1,1,0.7448006868362427,1,0,0.14839144051074982,0,1,0.9913778305053711,1,OL
201900095,Zeke Correll,2019,OC,0.9578,69.8562,1,0.9193581342697144,1,1,0.9035091400146484,1,0,0.07255075126886368,0,1,0.9193581342697144,1,OL
201900097,Kardell Thomas,2019,OG,0.9572,49.4745,1,0.8171842694282532,1,0,0.8369603753089905,1,0,0.015896549448370934,0,1,0.8171842694282532,1,OL
201900101,Will Putnam,2019,OG,0.9555,80.1649,1,0.9715424180030823,1,1,0.8781327605247498,1,1,0.0038329316303133965,0,1,0.9715424180030823,1,OL
201900107,Doug Nester,2019,OG,0.9519,54.9888,1,0.8950663805007935,1,1,0.9068559408187866,1,0,0.006808086298406124,0,1,0.8950663805007935,1,OL
201900108,Trente Jones,2019,OT,0.9512,67.8625,1,0.8297700881958008,1,1,0.7846325039863586,1,0,0.013841604813933372,0,1,0.8297700881958008,1,OL
201900118,Quinn Carroll,2019,OT,0.9472,69.9047,1,0.9460710883140564,1,1,0.7661309242248535,1,0,0.026239939033985138,0,1,0.9460710883140564,1,OL
201900124,Enokk Vimahi,2019,OG,0.9444,59.9738,1,0.8057848811149597,1,1,0.768989086151123,1,0,0.01050172932446003,0,1,0.8057848811149597,1,OL
201900125,Branson Bragg,2019,OC,0.9443,53.0665,1,0.9725286364555359,1,1,0.8211802840232849,1,0,0.014485733583569527,0,1,0.9725286364555359,1,OL
201900145,Keiondre Jones,2019,OG,0.9385,84.0192,1,0.9527706503868103,1,1,0.7946101427078247,1,1,0.015061730518937111,0,1,0.9527706503868103,1,OL
201900153,Bryce Benhart,2019,OT,0.9349,84.1621,1,0.8702372312545776,1,1,0.9189587831497192,1,1,0.00715089263394475,0,1,0.8702372312545776,1,OL
201900155,Stacey Wilkins,2019,OT,0.934,57.8458,1,0.8942176103591919,1,1,0.6498043537139893,1,0,0.04686863720417023,0,1,0.8942176103591919,1,OL
201900170,Dontae Lucas,2019,OG,0.931,65.4093,1,0.9499802589416504,1,1,0.8164530992507935,1,0,0.011011166498064995,0,1,0.9499802589416504,1,OL
201900176,Nolan Rumler,2019,OG,0.9295,40.5899,1,0.9690048098564148,1,0,0.8383836150169373,1,0,0.17388837039470673,0,1,0.9690048098564148,1,OL
201900178,Trevor Keegan,2019,OT,0.9288,70.5258,1,0.9239214658737183,1,1,0.8508427739143372,1,0,0.07889694720506668,0,1,0.9239214658737183,1,OL
201900179,Darrian Dalcourt,2019,OG,0.9285,64.3295,1,0.848962664604187,1,1,0.6803164482116699,1,0,0.14993368089199066,0,1,0.848962664604187,1,OL
201900184,Andrew Kristofic,2019,OT,0.9254,63.477,1,0.8417738676071167,1,1,0.726797878742218,1,0,0.06287156045436859,0,1,0.8417738676071167,1,OL
201900186,John Olmstead,2019,OT,0.9242,0.0,0,0.9047503471374512,1,0,0.76938396692276,1,0,0.05277988687157631,0,0,0.9047503471374512,1,OL
201900191,Anthony Bradford,2019,OG,0.9221,58.551,1,0.8051861524581909,1,1,0.5822529196739197,1,0,0.34087082743644714,0,1,0.8051861524581909,1,OL
201900202,Bryan Hudson,2019,OG,0.9189,81.5793,1,0.8742507100105286,1,1,0.7643855810165405,1,1,0.04646065831184387,0,1,0.8742507100105286,1,OL
201900215,Xavier Truss,2019,OT,0.9158,84.4605,1,0.8814854621887207,1,1,0.8264278769493103,1,1,0.003992833662778139,0,1,0.8814854621887207,1,OL
201900232,Warren McClendon,2019,OT,0.9131,71.9645,1,0.8793312311172485,1,1,0.7656430602073669,1,0,0.0625678151845932,0,1,0.8793312311172485,1,OL
201900235,Isaiah Hookfin,2019,OT,0.9126,0.0,0,0.8860592246055603,1,0,0.6311587691307068,1,0,0.01642746850848198,0,0,0.8860592246055603,1,OL
201900237,Jackson Lampley,2019,OG,0.9124,63.7097,1,0.8599068522453308,1,1,0.7170599102973938,1,0,0.009831197559833527,0,1,0.8599068522453308,1,OL
201900254,Karsen Barnhart,2019,OG,0.9097,68.7637,1,0.7829903364181519,1,1,0.5333958268165588,1,0,0.014939891174435616,0,1,0.7829903364181519,1,OL
201900270,Sal Wormley,2019,OG,0.9068,72.3025,1,0.7079058885574341,1,1,0.8178665637969971,1,0,0.008927029557526112,0,1,0.7079058885574341,1,OL
201900281,EJ Ndoma-Ogar,2019,OG,0.9054,55.8599,1,0.92169189453125,1,1,0.6584620475769043,1,0,0.05560201406478882,0,1,0.92169189453125,1,OL
201900290,Michael Tarquin,2019,OT,0.9042,77.9743,1,0.8584883213043213,1,1,0.6697754859924316,1,0,0.052946001291275024,0,1,0.8584883213043213,1,OL
201900297,Ryan Jacoby,2019,OT,0.9031,57.6302,1,0.8078221678733826,1,1,0.6472435593605042,1,0,0.07769650220870972,0,1,0.8078221678733826,1,OL
201900305,Tanner Bowles,2019,OG,0.9024,56.7248,1,0.9098188281059265,1,1,0.818041980266571,1,0,0.03735053911805153,0,1,0.9098188281059265,1,OL
201900312,Jason Rodriguez,2019,OT,0.9013,0.0,0,0.8848503828048706,1,0,0.44847431778907776,0,0,0.15386468172073364,0,0,0.8848503828048706,1,OL
201900313,Sataoa Laumea,2019,OG,0.9011,68.9955,1,0.7866801619529724,1,1,0.6229188442230225,1,0,0.007077835500240326,0,1,0.7866801619529724,1,OL
201900316,Joe Tippmann,2019,OT,0.9006,61.0671,1,0.7968305945396423,1,1,0.5988598465919495,1,0,0.03575807064771652,0,1,0.7968305945396423,1,OL
201900319,Darius Thomas,2019,OT,0.9002,0.0,0,0.9166689515113831,1,0,0.7463976740837097,1,0,0.10837370157241821,0,0,0.9166689515113831,1,OL
201900323,Julius Buelow,2019,OT,0.9,64.1787,1,0.6813951134681702,1,1,0.5769430994987488,1,0,0.08073040843009949,0,1,0.6813951134681702,1,OL
201900328,Javonne Shepherd,2019,OT,0.9,0.0,0,0.9105410575866699,1,0,0.617584764957428,1,0,0.26686131954193115,0,0,0.9105410575866699,1,OL
201900336,Nate Kalepo,2019,OT,0.8978,67.0846,1,0.7122488021850586,1,1,0.7983799576759338,1,0,0.22069738805294037,0,1,0.7122488021850586,1,OL
201900342,Triston Miller,2019,OT,0.8974,0.0,0,0.7633101940155029,1,0,0.611279308795929,1,0,0.05058107525110245,0,0,0.7633101940155029,1,OL
201900361,Jack Buford,2019,OG,0.8959,39.6519,1,0.845920741558075,1,0,0.7204089760780334,1,0,0.0031157354824244976,0,1,0.845920741558075,1,OL
201900367,Troy Fautanu,2019,OG,0.8952,63.8824,1,0.9073532819747925,1,1,0.7206831574440002,1,0,0.01866314746439457,0,1,0.9073532819747925,1,OL
201900388,Ezra Miller,2019,OT,0.8928,0.0,0,0.7072657942771912,1,0,0.6251584887504578,1,0,0.020334186032414436,0,0,0.7072657942771912,1,OL
201900396,Brandon Cunningham,2019,OT,0.8926,0.0,0,0.7663906216621399,1,0,0.7207897901535034,1,0,0.00682265916839242,0,0,0.7663906216621399,1,OL
201900414,Tyler Endres,2019,OT,0.8908,0.0,0,0.7037688493728638,1,0,0.637467086315155,1,0,0.03185528144240379,0,0,0.7037688493728638,1,OL
201900417,William Harrod,2019,OT,0.8905,46.4592,1,0.8029131889343262,1,0,0.44911274313926697,0,0,0.10295873880386353,0,1,0.8029131889343262,1,OL
201900434,Marcus Alexander,2019,OG,0.8898,47.1172,1,0.8638956546783447,1,0,0.7229334712028503,1,0,0.008453628979623318,0,1,0.8638956546783447,1,OL
201900447,Thomas Perry,2019,OT,0.8889,0.0,0,0.7704228758811951,1,0,0.7198173999786377,1,0,0.021890785545110703,0,0,0.7704228758811951,1,OL
201900451,Layden Robinson,2019,OC,0.8889,67.2921,1,0.9251742959022522,1,1,0.5155935287475586,1,0,0.018898621201515198,0,1,0.9251742959022522,1,OL
201900466,Walter Rouse,2019,OT,0.8878,82.3445,1,0.7424691915512085,1,1,0.51305091381073,1,1,0.008634572848677635,0,1,0.7424691915512085,1,OL
201900470,Marist Talavou,2019,OG,0.887,56.1275,1,0.8932948112487793,1,1,0.651570737361908,1,0,0.005791906733065844,0,1,0.8932948112487793,1,OL
201900475,Jacob Monk,2019,OG,0.8863,77.4179,1,0.8954116702079773,1,1,0.8104608058929443,1,0,0.04792800173163414,0,1,0.8954116702079773,1,OL
201900481,Hunter Rayburn,2019,OG,0.8859,54.2106,1,0.9120995402336121,1,1,0.7760992050170898,1,0,0.014905992895364761,0,1,0.9120995402336121,1,OL
201900492,Nick Broeker,2019,OT,0.8857,75.8116,1,0.7991604208946228,1,1,0.6849508285522461,1,0,0.12726743519306183,0,1,0.7991604208946228,1,OL
201900501,Ricky Stromberg,2019,OC,0.8852,78.3232,1,0.9194855093955994,1,1,0.8071016669273376,1,0,0.023823965340852737,0,1,0.9194855093955994,1,OL
201900502,Darius Washington,2019,OT,0.8852,79.8267,1,0.904048502445221,1,1,0.6305816769599915,1,0,0.006236543878912926,0,1,0.904048502445221,1,OL
201900504,Jakai Moore,2019,OG,0.8852,81.4907,1,0.7932680249214172,1,1,0.7628631591796875,1,1,0.03852851688861847,0,1,0.7932680249214172,1,OL
201900510,Riley Simonds,2019,OG,0.8848,38.5236,1,0.8619788289070129,1,0,0.6685046553611755,1,0,0.05205494165420532,0,1,0.8619788289070129,1,OL
201900511,Justin Osborne,2019,OG,0.8848,73.1687,1,0.8996540307998657,1,1,0.7740564942359924,1,0,0.07772980630397797,0,1,0.8996540307998657,1,OL
201900519,Andrew Coker,2019,OT,0.8837,77.3737,1,0.75872403383255,1,1,0.5824614763259888,1,0,0.031984880566596985,0,1,0.75872403383255,1,OL
201900525,Spencer Brown,2019,OT,0.8834,73.2414,1,0.8148360252380371,1,1,0.6774889230728149,1,0,0.07504407316446304,0,1,0.8148360252380371,1,OL
201900538,Vincent Murphy,2019,OC,0.8826,66.3495,1,0.9377613067626953,1,1,0.896449625492096,1,0,0.029363783076405525,0,1,0.9377613067626953,1,OL
201900552,Justin Britt,2019,OG,0.8815,53.25,1,0.8882190585136414,1,1,0.7767887711524963,1,0,0.010598803870379925,0,1,0.8882190585136414,1,OL
201900556,Barrett Miller,2019,OT,0.8807,77.1997,1,0.7813862562179565,1,1,0.7262281179428101,1,0,0.034660760313272476,0,1,0.7813862562179565,1,OL
201900565,Charles Turner III,2019,OC,0.8804,64.0112,1,0.9610192179679871,1,1,0.8668109178543091,1,0,0.05687312036752701,0,1,0.9610192179679871,1,OL
201900566,Ja'quay Hubbard,2019,OT,0.88,70.2014,1,0.7431445121765137,1,1,0.6725362539291382,1,0,0.06560372561216354,0,1,0.7431445121765137,1,OL
201900569,Jack Stewart,2019,OT,0.8796,0.0,0,0.8400859236717224,1,0,0.7151839137077332,1,0,0.03260733187198639,0,0,0.8400859236717224,1,OL
201900581,Kamaar Bell,2019,OG,0.8793,67.8887,1,0.8982111811637878,1,1,0.7070010304450989,1,0,0.02808859758079052,0,1,0.8982111811637878,1,OL
201900587,Mark Fox,2019,OT,0.8789,0.0,0,0.9123823046684265,1,0,0.6193287372589111,1,0,0.05937093123793602,0,0,0.9123823046684265,1,OL
201900589,Nick Samac,2019,OG,0.8785,81.4035,1,0.8516833782196045,1,1,0.7321527004241943,1,1,0.01924731954932213,0,1,0.8516833782196045,1,OL
201900596,Luke Griffin,2019,OT,0.8781,63.5883,1,0.8144182562828064,1,1,0.6183403730392456,1,0,0.14994290471076965,0,1,0.8144182562828064,1,OL
201900597,Cole Birmingham,2019,OT,0.8781,68.4677,1,0.696803092956543,1,1,0.6173135042190552,1,0,0.10416198521852493,0,1,0.696803092956543,1,OL
201900599,Danielson Ike,2019,OT,0.8781,40.6261,1,0.8069165349006653,1,0,0.5427128076553345,1,0,0.03620943799614906,0,1,0.8069165349006653,1,OL
201900609,Ikem Ekwonu,2019,OG,0.8774,86.7633,1,0.8699654340744019,1,1,0.7532695531845093,1,1,0.009256325662136078,0,1,0.8699654340744019,1,OL
201900612,Logan Sagapolu,2019,OC,0.877,44.0794,1,0.9084724187850952,1,0,0.9021531343460083,1,0,0.08307385444641113,0,1,0.9084724187850952,1,OL
201900620,Zach Williamson,2019,OT,0.8763,0.0,0,0.8306006193161011,1,0,0.6801998615264893,1,0,0.020982353016734123,0,0,0.8306006193161011,1,OL
201900624,Duke Clemens,2019,OG,0.8762,74.4555,1,0.8559255599975586,1,1,0.6720474362373352,1,0,0.006816929206252098,0,1,0.8559255599975586,1,OL
201900629,JJ Guedet,2019,OT,0.8759,46.8234,1,0.6925850510597229,1,0,0.714410126209259,1,0,0.026416759938001633,0,1,0.6925850510597229,1,OL
201900654,Jesse Hanson,2019,OG,0.8748,52.1775,1,0.8274068236351013,1,1,0.7202273011207581,1,0,0.027067117393016815,0,1,0.8274068236351013,1,OL
201900664,Timothy McKay,2019,OG,0.8741,75.9524,1,0.861700177192688,1,1,0.6978746056556702,1,0,0.004161238204687834,0,1,0.861700177192688,1,OL
201900671,Beaux Limmer,2019,OC,0.8741,79.9596,1,0.919648289680481,1,1,0.788261353969574,1,0,0.14634963870048523,0,1,0.919648289680481,1,OL
201900679,Matt Goncalves,2019,OT,0.8732,63.0749,1,0.7854459285736084,1,1,0.4528282880783081,0,0,0.007412364706397057,0,1,0.7854459285736084,1,OL
201900683,Ron Carr,2019,OT,0.873,33.0917,1,0.9208760261535645,1,0,0.8393987417221069,1,0,0.021956730633974075,0,1,0.9208760261535645,1,OL
201900685,Kingsley Eguakun,2019,OG,0.873,67.9411,1,0.909461498260498,1,1,0.6991021633148193,1,0,0.0032695105765014887,0,1,0.909461498260498,1,OL
201900694,Jake Hornibrook,2019,OG,0.8726,76.2802,1,0.8644179105758667,1,1,0.73519366979599,1,0,0.011564496904611588,0,1,0.8644179105758667,1,OL
201900707,Parker Moorer,2019,OT,0.8719,72.6555,1,0.798862099647522,1,1,0.7148792743682861,1,0,0.05342996120452881,0,1,0.798862099647522,1,OL
201900710,Dohnovan West,2019,OC,0.8719,59.4787,1,0.9195464849472046,1,1,0.8102946877479553,1,0,0.004218445159494877,0,1,0.9195464849472046,1,OL
201900720,Jeremy James,2019,OT,0.8715,82.5538,1,0.7339321374893188,1,1,0.653721809387207,1,1,0.003789546899497509,0,1,0.7339321374893188,1,OL
201900723,Nick Pendley,2019,OG,0.8715,38.8501,1,0.8949412107467651,1,0,0.7153077721595764,1,0,0.08319679647684097,0,1,0.8949412107467651,1,OL
201900725,Connor Foster,2019,OT,0.8711,0.0,0,0.8573195934295654,1,0,0.6245201230049133,1,0,0.00987283792346716,0,0,0.8573195934295654,1,OL
201900733,Brannon Brown,2019,OG,0.8707,41.23,1,0.8904029130935669,1,0,0.7655709385871887,1,0,0.0644800141453743,0,1,0.8904029130935669,1,OL
201900736,LaDarius Henderson,2019,OT,0.8707,68.9516,1,0.729096531867981,1,1,0.5474109649658203,1,0,0.013719648122787476,0,1,0.729096531867981,1,OL
201900746,Reece McIntyre,2019,OT,0.8707,68.7208,1,0.8328959345817566,1,1,0.6551360487937927,1,0,0.013567725196480751,0,1,0.8328959345817566,1,OL
201900771,Jonathan Allen,2019,OT,0.8693,0.0,0,0.7893301248550415,1,0,0.7344101667404175,1,0,0.05160999298095703,0,0,0.7893301248550415,1,OL
201900773,Adrian Medley,2019,OT,0.8693,66.1152,1,0.8055928945541382,1,1,0.635110080242157,1,0,0.0015505627961829305,0,1,0.8055928945541382,1,OL
201900780,Landon Peterson,2019,OT,0.8685,58.3156,1,0.6211878657341003,1,1,0.6630212068557739,1,0,0.023604609072208405,0,1,0.6211878657341003,1,OL
201900785,Dylan McMahon,2019,OC,0.8685,71.4244,1,0.9108328819274902,1,1,0.8197790384292603,1,0,0.011684003286063671,0,1,0.9108328819274902,1,OL
201900791,Ethan White,2019,OT,0.8685,64.2822,1,0.8117216229438782,1,1,0.7540842890739441,1,0,0.014764729887247086,0,1,0.8117216229438782,1,OL
201900794,McKade Mettauer,2019,OG,0.8681,79.2033,1,0.7959011793136597,1,1,0.6517436504364014,1,0,0.026852017268538475,0,1,0.7959011793136597,1,OL
201900797,Blake Trainor,2019,OT,0.8681,47.3868,1,0.7597094178199768,1,0,0.5408942103385925,1,0,0.02037164755165577,0,1,0.7597094178199768,1,OL
201900811,Grant Treiber,2019,OT,0.8674,58.0184,1,0.6415846347808838,1,1,0.6104959845542908,1,0,0.011462165974080563,0,1,0.6415846347808838,1,OL
201900817,Matthew Bedford,2019,OT,0.8663,78.4265,1,0.6048926711082458,1,1,0.3068222105503082,0,0,0.009668161161243916,0,1,0.6048926711082458,1,OL
201900824,Ty Murray,2019,OG,0.8663,34.2249,1,0.7652053236961365,1,0,0.6392508149147034,1,0,0.013310285285115242,0,1,0.7652053236961365,1,OL
201900848,Michael Lynn,2019,OT,0.8652,0.0,0,0.7828934788703918,1,0,0.6823036074638367,1,0,0.022123591974377632,0,0,0.7828934788703918,1,OL
201900855,Brant Banks,2019,OT,0.8648,63.6197,1,0.5976359844207764,1,1,0.5016711950302124,1,0,0.005214970093220472,0,1,0.5976359844207764,1,OL
201900865,Chris Akporoghene,2019,OT,0.8644,42.6714,1,0.7064467072486877,1,0,0.6023931503295898,1,0,0.03331807628273964,0,1,0.7064467072486877,1,OL
201900870,Preston Wilson,2019,OC,0.8641,81.0676,1,0.8539879322052002,1,1,0.6603636741638184,1,1,0.019269047304987907,0,1,0.8539879322052002,1,OL
201900872,Taylor Miterko,2019,OT,0.8641,64.5591,1,0.6959502696990967,1,1,0.5495448708534241,1,0,0.01690949872136116,0,1,0.6959502696990967,1,OL
201900873,Austin Johnson,2019,OG,0.8641,57.6112,1,0.7631869912147522,1,1,0.5641489028930664,1,0,0.11131592839956284,0,1,0.7631869912147522,1,OL
201900886,Jarrod Hufford,2019,OT,0.8633,81.7608,1,0.8228944540023804,1,1,0.5905945897102356,1,1,0.036561429500579834,0,1,0.8228944540023804,1,OL
201900895,Donavan Beaver,2019,OT,0.863,0.0,0,0.7443352937698364,1,0,0.6162877678871155,1,0,0.03514433652162552,0,0,0.7443352937698364,1,OL
201900902,Asim Richards,2019,OT,0.8622,65.4509,1,0.7460001111030579,1,1,0.6201308965682983,1,0,0.022506682202219963,0,1,0.7460001111030579,1,OL
201900916,Ira Henry III,2019,OT,0.8619,39.9705,1,0.783342182636261,1,0,0.6177868843078613,1,0,0.014599527232348919,0,1,0.783342182636261,1,OL
201900921,William Pritchard,2019,OG,0.8619,0.0,0,0.7951266169548035,1,0,0.6238853335380554,1,0,0.0031816894188523293,0,0,0.7951266169548035,1,OL
201900925,Kyle Jornigan,2019,OG,0.8611,34.9618,1,0.8589084148406982,1,0,0.7451382875442505,1,0,0.013627148233354092,0,1,0.8589084148406982,1,OL
201900942,Kaleb Boateng,2019,OT,0.8607,40.3713,1,0.6927907466888428,1,0,0.5553212761878967,1,0,0.0033983367029577494,0,1,0.6927907466888428,1,OL
201900945,Jack Conley,2019,OT,0.8607,70.5433,1,0.7960353493690491,1,1,0.5775642991065979,1,0,0.005350737366825342,0,1,0.7960353493690491,1,OL
201900948,Matthew Bergeron,2019,OT,0.8607,70.7372,1,0.7236456274986267,1,1,0.6210333704948425,1,0,0.003520663594827056,0,1,0.7236456274986267,1,OL
201900953,Blerim Rustemi,2019,OG,0.86,37.1176,1,0.49624335765838623,0,0,0.428752601146698,0,0,0.007697209715843201,0,1,0.49624335765838623,0,OL
201900961,Renato Brown,2019,OG,0.8596,74.6592,1,0.7056428790092468,1,1,0.4699719250202179,0,0,0.0016135467449203134,0,1,0.7056428790092468,1,OL
201900970,Zachary Franks,2019,OT,0.8596,52.9555,1,0.787765383720398,1,1,0.5953711271286011,1,0,0.011622520163655281,0,1,0.787765383720398,1,OL
201900976,Brayden Bapst,2019,OT,0.8589,52.9444,1,0.7092695236206055,1,1,0.6066284775733948,1,0,0.0023404653184115887,0,1,0.7092695236206055,1,OL
201900980,Brandon Yates,2019,OT,0.8585,82.8839,1,0.6692990660667419,1,1,0.6499664187431335,1,1,0.003675123443827033,0,1,0.6692990660667419,1,OL
201900994,Jaylen Nichols,2019,OT,0.8578,64.9317,1,0.7727987766265869,1,1,0.5097674131393433,1,0,0.007613398600369692,0,1,0.7727987766265869,1,OL
201901018,Beau Taylor,2019,OG,0.8574,0.0,0,0.8504992127418518,1,0,0.7271782755851746,1,0,0.02200588397681713,0,0,0.8504992127418518,1,OL
201901021,Patrick Utschinski,2019,OT,0.857,0.0,0,0.7176466584205627,1,0,0.6802912354469299,1,0,0.0037976817693561316,0,0,0.7176466584205627,1,OL
201901027,Konner Gomness,2019,OG,0.8567,64.8821,1,0.6994564533233643,1,1,0.4183008074760437,0,0,0.038312993943691254,0,1,0.6994564533233643,1,OL
201901038,Conrad Rowley,2019,OG,0.8563,47.1847,1,0.7667067646980286,1,0,0.5207212567329407,1,0,0.02380726858973503,0,1,0.7667067646980286,1,OL
201901076,Maurice Smith,2019,OG,0.8552,78.023,1,0.7335767149925232,1,1,0.45833641290664673,0,0,0.003937540575861931,0,1,0.7335767149925232,1,OL
201901090,Mike Katic,2019,OG,0.8544,82.2428,1,0.8178920745849609,1,1,0.6260261535644531,1,1,0.014580084942281246,0,1,0.8178920745849609,1,OL
201901091,Dylan Rathcke,2019,OT,0.8541,0.0,0,0.6625999212265015,1,0,0.4871004521846771,0,0,0.008379846811294556,0,0,0.6625999212265015,1,OL
201901103,Joey Capra,2019,OC,0.8541,58.2377,1,0.8316559195518494,1,1,0.4778967797756195,0,0,0.03136960417032242,0,1,0.8316559195518494,1,OL
201901114,Hunter Hill,2019,OT,0.8533,0.0,0,0.6233566999435425,1,0,0.617996871471405,1,0,0.005029165185987949,0,0,0.6233566999435425,1,OL
201901120,John Gelotte,2019,OT,0.8533,55.8896,1,0.6392253637313843,1,1,0.5398538708686829,1,0,0.010272901505231857,0,1,0.6392253637313843,1,OL
201901124,Drake Nugent,2019,OC,0.853,71.7804,1,0.9164897799491882,1,1,0.6695707440376282,1,0,0.004809980746358633,0,1,0.9164897799491882,1,OL
201901125,Bryce Ramsey,2019,OG,0.853,56.3614,1,0.8641183972358704,1,1,0.664212703704834,1,0,0.0013641741825267673,0,1,0.8641183972358704,1,OL
201901127,Dawand Jones,2019,OT,0.8528,65.7782,1,0.5955628752708435,1,1,0.37432384490966797,0,0,0.0020162363070994616,0,1,0.5955628752708435,1,OL
201901149,Caleb Warren,2019,OT,0.8522,77.3297,1,0.49374476075172424,0,1,0.31486010551452637,0,0,0.0006936956779100001,0,1,0.49374476075172424,0,OL
201901160,Damon Kaylor,2019,OT,0.8519,61.9255,1,0.5921168327331543,1,1,0.5617282390594482,1,0,0.008112126030027866,0,1,0.5921168327331543,1,OL
201901161,Carter Colquitt,2019,OT,0.8519,0.0,0,0.6491118669509888,1,0,0.5718048214912415,1,0,0.007440054323524237,0,0,0.6491118669509888,1,OL
201901179,Luke Felix-Fualalo,2019,OT,0.8511,54.5522,1,0.4773872196674347,0,1,0.275954008102417,0,0,0.0010444069048389792,0,1,0.4773872196674347,0,OL
201901182,Jamari Williams,2019,OG,0.8511,39.9555,1,0.6634035706520081,1,0,0.396425724029541,0,0,0.004547605291008949,0,1,0.6634035706520081,1,OL
201901204,Jake Remsburg,2019,OT,0.85,60.6507,1,0.6143207550048828,1,1,0.5856882333755493,1,0,0.0026525824796408415,0,1,0.6143207550048828,1,OL
201901210,Elijah Unutoa,2019,OG,0.85,0.0,0,0.685254693031311,1,0,0.6924209594726562,1,0,0.015842892229557037,0,0,0.685254693031311,1,OL
201901233,Jake Wiley,2019,OG,0.8489,74.0916,1,0.784150242805481,1,1,0.6240738034248352,1,0,0.009355390444397926,0,1,0.784150242805481,1,OL
201901237,Wyatt Tunall,2019,OT,0.8485,33.1895,1,0.7057350277900696,1,0,0.4920123517513275,0,0,0.011411655694246292,0,1,0.7057350277900696,1,OL
201901239,Brayden Rohme,2019,OT,0.8485,70.1346,1,0.6200062036514282,1,1,0.4545260965824127,0,0,0.010393678210675716,0,1,0.6200062036514282,1,OL
201901244,Adam ElGammal,2019,OT,0.8481,0.0,0,0.6967359781265259,1,0,0.33238542079925537,0,0,0.013648192398250103,0,0,0.6967359781265259,1,OL
201901260,Sione Finau,2019,OG,0.8478,63.3182,1,0.7451595664024353,1,1,0.5736103057861328,1,0,0.0009674195316620171,0,1,0.7451595664024353,1,OL
201901273,Cameron Vaughn,2019,OT,0.8474,0.0,0,0.6394786238670349,1,0,0.4167400896549225,0,0,0.004434657748788595,0,0,0.6394786238670349,1,OL
201901277,CJ Elmonus,2019,OT,0.847,53.9787,1,0.47209352254867554,0,1,0.4108372926712036,0,0,0.007262244820594788,0,1,0.47209352254867554,0,OL
201901279,Marcus Williams,2019,OT,0.847,47.9835,1,0.6869598031044006,1,0,0.49645328521728516,0,0,0.004936999175697565,0,1,0.6869598031044006,1,OL
201901283,Kariem Al Soufi,2019,OG,0.847,0.0,0,0.4068511426448822,0,0,0.42180126905441284,0,0,0.003946057055145502,0,0,0.4068511426448822,0,OL
201901286,Cam'Ron Johnson,2019,OT,0.8467,73.719,1,0.6529784798622131,1,1,0.47361767292022705,0,0,0.00870953593403101,0,1,0.6529784798622131,1,OL
201901289,Joe Michalski,2019,OT,0.8467,78.6928,1,0.5809550285339355,1,1,0.28709059953689575,0,0,0.004916747100651264,0,1,0.5809550285339355,1,OL
201901326,Nick Malone,2019,OG,0.8456,64.3865,1,0.7173755764961243,1,1,0.6692186594009399,1,0,0.00909673422574997,0,1,0.7173755764961243,1,OL
201901332,Tai Brooks,2019,OG,0.8456,0.0,0,0.8262342810630798,1,0,0.5147145390510559,1,0,0.0005531507777050138,0,0,0.8262342810630798,1,OL
201901339,Thalen Robinson,2019,OT,0.8452,39.209,1,0.7437880039215088,1,0,0.45136794447898865,0,0,0.006121356971561909,0,1,0.7437880039215088,1,OL
201901341,Cam Craig,2019,OT,0.8452,54.9138,1,0.8106489777565002,1,1,0.5144545435905457,1,0,0.0034761023707687855,0,1,0.8106489777565002,1,OL
201901350,Zachary Teter,2019,OT,0.8444,0.0,0,0.5518113970756531,1,0,0.3420766294002533,0,0,0.0037414534017443657,0,0,0.5518113970756531,1,OL
201901352,Michael Bergen,2019,OT,0.8444,48.9872,1,0.7863110303878784,1,0,0.5542530417442322,1,0,0.02062220126390457,0,1,0.7863110303878784,1,OL
201901366,William Rogers,2019,OT,0.8433,0.0,0,0.6761141419410706,1,0,0.4428534507751465,0,0,0.0045242272317409515,0,0,0.6761141419410706,1,OL
201901371,Eli Cox,2019,OG,0.8433,78.8582,1,0.6820344924926758,1,1,0.5596597790718079,1,0,0.014511740766465664,0,1,0.6820344924926758,1,OL
201901376,Matthew McDuffie,2019,OT,0.8433,33.5651,1,0.6267780661582947,1,0,0.39160317182540894,0,0,0.0018517959397286177,0,1,0.6267780661582947,1,OL
201901385,Sam Vaughan,2019,OT,0.8428,57.0869,1,0.7039769887924194,1,1,0.5780814290046692,1,0,0.0012425995664671063,0,1,0.7039769887924194,1,OL
201901387,Zion Nelson,2019,OT,0.8426,68.4955,1,0.627687394618988,1,1,0.5997002124786377,1,0,0.004825151525437832,0,1,0.627687394618988,1,OL
201901388,Ben Dooley,2019,OT,0.8426,64.7538,1,0.7651993036270142,1,1,0.5611687302589417,1,0,0.0032418069895356894,0,1,0.7651993036270142,1,OL
201901390,Dave Monnot III,2019,OT,0.8426,0.0,0,0.863947868347168,1,0,0.6955767273902893,1,0,0.01348085142672062,0,0,0.863947868347168,1,OL
201901395,Darrell Simmons Jr.,2019,OG,0.8422,75.1165,1,0.8111220598220825,1,1,0.7447788715362549,1,0,0.0031586303375661373,0,1,0.8111220598220825,1,OL
201901397,Jake Pope,2019,OT,0.8422,0.0,0,0.6839848160743713,1,0,0.37578439712524414,0,0,0.0019969597924500704,0,0,0.6839848160743713,1,OL
201901399,Donald Fitzgerald,2019,OT,0.8422,0.0,0,0.7257716655731201,1,0,0.21253032982349396,0,0,0.0015556544531136751,0,0,0.7257716655731201,1,OL
201901418,Taylor Poitier,2019,OG,0.8415,71.9438,1,0.41602852940559387,0,1,0.389861524105072,0,0,0.002632914576679468,0,1,0.41602852940559387,0,OL
201901420,Coker Wright,2019,OC,0.8411,41.4039,1,0.7833031415939331,1,0,0.3717639148235321,0,0,0.02009979449212551,0,1,0.7833031415939331,1,OL
201901427,Elijah Wroten,2019,OG,0.8411,33.0917,1,0.7486982345581055,1,0,0.659040093421936,1,0,0.004657437093555927,0,1,0.7486982345581055,1,OL
201901428,Zovon Lindsay,2019,OT,0.8411,0.0,0,0.5549628734588623,1,0,0.4455876350402832,0,0,0.011427449062466621,0,0,0.5549628734588623,1,OL
201901431,Mason Lunsford,2019,OT,0.8411,64.6075,1,0.7267310619354248,1,1,0.6190146803855896,1,0,0.002287735929712653,0,1,0.7267310619354248,1,OL
201901439,Tilini Livai,2019,OG,0.8404,0.0,0,0.7037700414657593,1,0,0.5136371850967407,1,0,0.0008294575964100659,0,0,0.7037700414657593,1,OL
201901441,Julian Hernandez,2019,OG,0.8404,70.7016,1,0.7375409007072449,1,1,0.4200555682182312,0,0,0.0027013097424060106,0,1,0.7375409007072449,1,OL
201901442,Elijah Ellis,2019,OT,0.8404,53.5852,1,0.7068549990653992,1,1,0.43732890486717224,0,0,0.005275092553347349,0,1,0.7068549990653992,1,OL
201901443,Roman DeWys,2019,OT,0.8404,0.0,0,0.6380892395973206,1,0,0.5063761472702026,1,0,0.013007964938879013,0,0,0.6380892395973206,1,OL
201901456,Logan Newell,2019,OT,0.84,0.0,0,0.6347600817680359,1,0,0.4737430512905121,0,0,0.007483360357582569,0,0,0.6347600817680359,1,OL
201901461,Xavier Graham,2019,OG,0.84,49.5892,1,0.6610988974571228,1,0,0.5377045273780823,1,0,0.0004008463874924928,0,1,0.6610988974571228,1,OL
201901466,Dustyn Hall,2019,OG,0.84,74.9917,1,0.6451890468597412,1,1,0.5127648711204529,1,0,0.0023179673589766026,0,1,0.6451890468597412,1,OL
201901468,Jakai Clark,2019,OC,0.84,69.5238,1,0.8121797442436218,1,1,0.5469169616699219,1,0,0.002753256354480982,0,1,0.8121797442436218,1,OL
201901469,Christian Mahogany,2019,OG,0.84,62.3531,1,0.5224648714065552,1,1,0.4935464560985565,0,0,0.014422941952943802,0,1,0.5224648714065552,1,OL
201901471,King McGowen,2019,OT,0.8396,0.0,0,0.729270875453949,1,0,0.5274972319602966,1,0,0.04026208072900772,0,0,0.729270875453949,1,OL
201901476,Alijah Bates,2019,OT,0.8393,0.0,0,0.5694679021835327,1,0,0.6979709267616272,1,0,0.0046765925362706184,0,0,0.5694679021835327,1,OL
201901489,Jaylen Childs,2019,OT,0.8381,0.0,0,0.6265330910682678,1,0,0.37448373436927795,0,0,0.005174619145691395,0,0,0.6265330910682678,1,OL
201901503,Louis Smith,2019,OC,0.8378,0.0,0,0.8263115286827087,1,0,0.27456557750701904,0,0,0.007759401574730873,0,0,0.8263115286827087,1,OL
201901519,Adarius Tolliver,2019,OT,0.837,26.3996,1,0.5886251330375671,1,0,0.6093006134033203,1,0,0.0024675545282661915,0,1,0.5886251330375671,1,OL
201901521,C.J. Hanson,2019,OG,0.837,47.0439,1,0.6037141680717468,1,0,0.48251476883888245,0,0,0.013843616470694542,0,1,0.6037141680717468,1,OL
201901524,Jonathan Leech,2019,OT,0.837,56.3554,1,0.6944761872291565,1,1,0.44173604249954224,0,0,0.03401527553796768,0,1,0.6944761872291565,1,OL
201901568,Spencer Holstege,2019,OT,0.8359,83.1158,1,0.7057098150253296,1,1,0.38774746656417847,0,1,0.002662158338353038,0,1,0.7057098150253296,1,OL
201901569,Jack Randolph,2019,OG,0.8359,43.1542,1,0.6609542369842529,1,0,0.5209416747093201,1,0,0.00391547242179513,0,1,0.6609542369842529,1,OL
201901574,Dorian Hinton,2019,OG,0.8359,60.5263,1,0.7707483768463135,1,1,0.5930903553962708,1,0,0.0015162858180701733,0,1,0.7707483768463135,1,OL
201901575,Josh Carlin,2019,OG,0.8359,63.8413,1,0.6384996175765991,1,1,0.48302164673805237,0,0,0.01556607335805893,0,1,0.6384996175765991,1,OL
201901576,Brock Gunderson,2019,OT,0.8359,0.0,0,0.8009108304977417,1,0,0.5026354193687439,1,0,0.012681005522608757,0,0,0.8009108304977417,1,OL
201901582,Jordan Morgan,2019,OT,0.8356,68.1537,1,0.5267547369003296,1,1,0.3719814121723175,0,0,0.037848953157663345,0,1,0.5267547369003296,1,OL
201901592,Brevyn Jones,2019,OT,0.8356,0.0,0,0.6575091481208801,1,0,0.3283563256263733,0,0,0.016729244962334633,0,0,0.6575091481208801,1,OL
201901603,Tim Weaver,2019,OT,0.8348,54.0804,1,0.7850803136825562,1,1,0.44637560844421387,0,0,0.006098045036196709,0,1,0.7850803136825562,1,OL
201901612,Allan Adams,2019,OG,0.8344,0.0,0,0.7028810381889343,1,0,0.45554959774017334,0,0,0.004819517955183983,0,0,0.7028810381889343,1,OL
201901619,Daxton Byers,2019,OT,0.8337,30.8321,1,0.8034224510192871,1,0,0.2864714562892914,0,0,0.024218644946813583,0,1,0.8034224510192871,1,OL
201901621,O'Cyrus Torrence,2019,OT,0.8337,59.6655,1,0.6411154866218567,1,1,0.4679969847202301,0,0,0.005599804222583771,0,1,0.6411154866218567,1,OL
201901626,Jimmy Fritzsche,2019,OT,0.8333,0.0,0,0.7473960518836975,1,0,0.5102773308753967,1,0,0.005945362616330385,0,0,0.7473960518836975,1,OL
201901667,Larry Dowdy,2019,OT,0.8326,0.0,0,0.5321374535560608,1,0,0.41052430868148804,0,0,0.0013706301106140018,0,0,0.5321374535560608,1,OL
201901668,Joshua Black,2019,OT,0.8326,56.9083,1,0.6154608130455017,1,1,0.3357528746128082,0,0,0.005062730982899666,0,1,0.6154608130455017,1,OL
201901671,Davis DiVall,2019,OG,0.8326,0.0,0,0.6251153349876404,1,0,0.37141910195350647,0,0,0.001938295434229076,0,0,0.6251153349876404,1,OL
201901699,Luis Cristobal,2019,OG,0.8317,54.0578,1,0.7012878656387329,1,1,0.4683998227119446,0,0,0.0005396660999394953,0,1,0.7012878656387329,1,OL
201901710,Chayse Todd,2019,OG,0.8315,58.7292,1,0.6848922371864319,1,1,0.4813731014728546,0,0,0.00044294283725321293,0,1,0.6848922371864319,1,OL
201901713,Henry Mossberg,2019,OG,0.8315,0.0,0,0.7302486896514893,1,0,0.5507432818412781,1,0,0.0027589418459683657,0,0,0.7302486896514893,1,OL
201901717,Ben Scott,2019,OT,0.8311,75.3406,1,0.5741387605667114,1,1,0.37899458408355713,0,0,0.001826689695008099,0,1,0.5741387605667114,1,OL
201901741,Jacob Golden,2019,OT,0.8304,53.7198,1,0.36582523584365845,0,1,0.35630032420158386,0,0,0.0030176411382853985,0,1,0.36582523584365845,0,OL
201901745,Valentin Senn,2019,OT,0.8304,63.8094,1,0.5274864435195923,1,1,0.27478787302970886,0,0,0.001698449021205306,0,1,0.5274864435195923,1,OL
201901755,Brad Whitworth,2019,OC,0.83,33.8912,1,0.705682635307312,1,0,0.4051693379878998,0,0,0.0004286182520445436,0,1,0.705682635307312,1,OL
201901768,Wyatt Terlaak,2019,OT,0.83,48.3986,1,0.6568124890327454,1,0,0.36566224694252014,0,0,5.0914586608996615e-05,0,1,0.6568124890327454,1,OL
201901775,Anton Oskarsson,2019,OT,0.83,0.0,0,0.6388857364654541,1,0,0.39240720868110657,0,0,0.01316011045128107,0,0,0.6388857364654541,1,OL
201901782,Anthony Red,2019,OG,0.8296,0.0,0,0.7015267610549927,1,0,0.411499559879303,0,0,0.0005924273282289505,0,0,0.7015267610549927,1,OL
201901783,Cade Briggs,2019,OG,0.8293,71.4827,1,0.6579983830451965,1,1,0.3514561057090759,0,0,0.0007595095667056739,0,1,0.6579983830451965,1,OL
201901787,Trent Holler,2019,OC,0.8293,67.9806,1,0.84785395860672,1,1,0.5656225085258484,1,0,0.0028274324722588062,0,1,0.84785395860672,1,OL
201901788,Nikko Pohahau,2019,OT,0.8293,0.0,0,0.5400380492210388,1,0,0.3921175003051758,0,0,0.009927083738148212,0,0,0.5400380492210388,1,OL
201901792,Jackson Owens,2019,OT,0.8283,40.1238,1,0.6649928092956543,1,0,0.5234997868537903,1,0,0.0013614990748465061,0,1,0.6649928092956543,1,OL
201901801,Caleb Shaffer,2019,OG,0.8281,66.6468,1,0.48386529088020325,0,1,0.4583786427974701,0,0,0.0020675675477832556,0,1,0.48386529088020325,0,OL
201901812,Gerquan Scott,2019,OT,0.827,44.4938,1,0.5979825258255005,1,0,0.30166420340538025,0,0,0.0005687116645276546,0,1,0.5979825258255005,1,OL
201901822,Brian Driscoll,2019,OT,0.8267,64.2633,1,0.6551163196563721,1,1,0.3740220367908478,0,0,0.0003074416017625481,0,1,0.6551163196563721,1,OL
201901824,Jax Harrington,2019,OG,0.8267,0.0,0,0.7175936102867126,1,0,0.5237363576889038,1,0,0.0005850152811035514,0,0,0.7175936102867126,1,OL
201901829,Jay Amburgey,2019,OT,0.8267,57.0622,1,0.7912045121192932,1,1,0.5442512631416321,1,0,0.001697265775874257,0,1,0.7912045121192932,1,OL
201901842,Sincere Haynesworth,2019,OC,0.8267,75.7423,1,0.8669803738594055,1,1,0.5133029222488403,1,0,0.0016515683382749557,0,1,0.8669803738594055,1,OL
201901849,Trey Bonner,2019,OT,0.8267,41.0474,1,0.5805765390396118,1,0,0.39215031266212463,0,0,0.0008829633588902652,0,1,0.5805765390396118,1,OL
201901895,Brandon Crenshaw-Dickson,2019,OT,0.8248,71.5022,1,0.5503519177436829,1,1,0.44285568594932556,0,0,0.0036359229125082493,0,1,0.5503519177436829,1,OL
201901898,Matt Lee,2019,OT,0.8248,0.0,0,0.5013208389282227,1,0,0.36330628395080566,0,0,0.00028010280220769346,0,0,0.5013208389282227,1,OL
201901902,Marcus Finger,2019,OT,0.8237,0.0,0,0.6001262664794922,1,0,0.3521350920200348,0,0,0.0010465792147442698,0,0,0.6001262664794922,1,OL
201901913,Marcelo Mendiola,2019,OT,0.8233,0.0,0,0.7854906320571899,1,0,0.46320831775665283,0,0,0.0224209725856781,0,0,0.7854906320571899,1,OL
201901921,Jacob Ferenczi,2019,OG,0.8226,0.0,0,0.7629199028015137,1,0,0.5037139654159546,1,0,0.0016650509787723422,0,0,0.7629199028015137,1,OL
201901955,Chester Baah,2019,OG,0.8217,55.671,1,0.7066171765327454,1,1,0.36580130457878113,0,0,0.0006937317084521055,0,1,0.7066171765327454,1,OL
201901963,Tyler Cooper,2019,OT,0.8215,60.3306,1,0.775509774684906,1,1,0.5922357439994812,1,0,0.0013384962221607566,0,1,0.775509774684906,1,OL
201901967,Ashton Adams,2019,OG,0.8207,0.0,0,0.6393828988075256,1,0,0.47584205865859985,0,0,0.0002161589072784409,0,0,0.6393828988075256,1,OL
201901970,Danny Motowski,2019,OC,0.8206,53.3727,1,0.8307605385780334,1,1,0.5449368357658386,1,0,0.003240422112867236,0,1,0.8307605385780334,1,OL
201901973,Leif Engstrand,2019,OT,0.8206,42.1311,1,0.8479345440864563,1,0,0.7237364053726196,1,0,0.0011508003808557987,0,1,0.8479345440864563,1,OL
201901988,Javonte McGriff,2019,OG,0.8206,0.0,0,0.7292156219482422,1,0,0.3930700123310089,0,0,0.0014496537623926997,0,0,0.7292156219482422,1,OL
201901992,Jimi McAdams,2019,OG,0.8204,35.4445,1,0.7706795930862427,1,0,0.4840211868286133,0,0,0.002570019569247961,0,1,0.7706795930862427,1,OL
201902057,Jacob Likes,2019,OG,0.8193,63.5481,1,0.6797395348548889,1,1,0.23209500312805176,0,0,0.0006399384001269937,0,1,0.6797395348548889,1,OL
201902060,Adam Derry,2019,OC,0.8193,0.0,0,0.8472903966903687,1,0,0.48672249913215637,0,0,0.006158470641821623,0,0,0.8472903966903687,1,OL
201902067,Patrick Paul,2019,OT,0.8185,67.567,1,0.6803598999977112,1,1,0.330917626619339,0,0,0.001218307064846158,0,1,0.6803598999977112,1,OL
201902072,Jermaine Donaldson,2019,OG,0.8181,0.0,0,0.7036814093589783,1,0,0.5428187251091003,1,0,0.0012254267930984497,0,0,0.7036814093589783,1,OL
201902076,Joshua Blanchard,2019,OG,0.8178,64.0297,1,0.5255127549171448,1,1,0.3681710362434387,0,0,0.0002799960202537477,0,1,0.5255127549171448,1,OL
201902078,Lyle Hiers,2019,OT,0.8174,39.9103,1,0.5241901278495789,1,0,0.27522507309913635,0,0,0.0023589152842760086,0,1,0.5241901278495789,1,OL
201902079,Tristen Bittner,2019,OT,0.8174,48.3378,1,0.7200419306755066,1,0,0.4635809063911438,0,0,0.000921664061024785,0,1,0.7200419306755066,1,OL
201902083,Cedric Claiborne,2019,OT,0.817,0.0,0,0.6371191143989563,1,0,0.38671445846557617,0,0,0.0014615601394325495,0,0,0.6371191143989563,1,OL
201902109,Kameren Stewart,2019,OT,0.8167,54.1143,1,0.715528666973114,1,1,0.4664069414138794,0,0,0.02978535369038582,0,1,0.715528666973114,1,OL
201902112,Steven Losoya,2019,OG,0.8159,69.84,1,0.6331498026847839,1,1,0.24598823487758636,0,0,0.00036092003574594855,0,1,0.6331498026847839,1,OL
201902121,Mike McNicholas,2019,OG,0.8156,0.0,0,0.8604601621627808,1,0,0.6147434115409851,1,0,0.0037139093037694693,0,0,0.8604601621627808,1,OL
201902133,Craig McFarland,2019,OT,0.8156,47.6496,1,0.48040345311164856,0,0,0.38488906621932983,0,0,0.0041982210241258144,0,1,0.48040345311164856,0,OL
201902141,Daylen Powell,2019,OT,0.8156,0.0,0,0.6202657222747803,1,0,0.4351210296154022,0,0,0.00047527291462756693,0,0,0.6202657222747803,1,OL
201902142,Jack Lookabaugh,2019,OT,0.8156,0.0,0,0.6239811778068542,1,0,0.41387656331062317,0,0,0.0009906315244734287,0,0,0.6239811778068542,1,OL
201902144,Thomas Aronokhale,2019,OG,0.8156,0.0,0,0.8106718063354492,1,0,0.5784326195716858,1,0,0.0005748056573793292,0,0,0.8106718063354492,1,OL
201902148,Avery Reece,2019,OC,0.8156,55.9548,1,0.8205950260162354,1,1,0.5392770171165466,1,0,0.0037938212044537067,0,1,0.8205950260162354,1,OL
201902155,Jackson Gregory,2019,OC,0.815,0.0,0,0.804154098033905,1,0,0.5434659719467163,1,0,0.00042943540029227734,0,0,0.804154098033905,1,OL
201902162,Wisdom Quarshie,2019,OG,0.8148,65.3886,1,0.6684585213661194,1,1,0.6281900405883789,1,0,0.00015583637286908925,0,1,0.6684585213661194,1,OL
201902164,John Brunner,2019,OT,0.8148,0.0,0,0.6124967336654663,1,0,0.35491713881492615,0,0,0.0008503124117851257,0,0,0.6124967336654663,1,OL
201902166,Lokahi Pauole,2019,OT,0.8144,73.2903,1,0.6924712061882019,1,1,0.35319674015045166,0,0,0.00012488810170907527,0,1,0.6924712061882019,1,OL
201902216,Vashon Bailey,2019,OT,0.8117,53.1665,1,0.5418058633804321,1,1,0.21879339218139648,0,0,0.000510579498950392,0,1,0.5418058633804321,1,OL
201902240,Deshawn Richardson,2019,OG,0.8111,45.8259,1,0.5609819889068604,1,0,0.41021355986595154,0,0,0.0003429628850426525,0,1,0.5609819889068604,1,OL
201902255,Bula Schmidt,2019,OC,0.8106,65.6504,1,0.8297610878944397,1,1,0.5126172304153442,1,0,0.0052144755609333515,0,1,0.8297610878944397,1,OL
201902261,Chance Billington,2019,OG,0.8106,0.0,0,0.6268084049224854,1,0,0.44690823554992676,0,0,9.86670856946148e-05,0,0,0.6268084049224854,1,OL
201902277,Christopher Fowx,2019,OT,0.8106,0.0,0,0.5448697209358215,1,0,0.37895748019218445,0,0,0.0007805444765836,0,0,0.5448697209358215,1,OL
201902281,Justin Scrempos,2019,OT,0.8106,0.0,0,0.5981242060661316,1,0,0.41271552443504333,0,0,0.00039918837137520313,0,0,0.5981242060661316,1,OL
201902282,Thomas Sio,2019,OC,0.8106,49.8676,1,0.7054522037506104,1,0,0.5878065824508667,1,0,0.0008323792135342956,0,1,0.7054522037506104,1,OL
201902343,Sonny Makasini,2019,OG,0.81,58.3644,1,0.613530695438385,1,1,0.5789204835891724,1,0,0.00044048510608263314,0,1,0.613530695438385,1,OL
201902350,Jonah Brewster,2019,OT,0.8096,42.2442,1,0.6043130159378052,1,0,0.4916752278804779,0,0,0.000781439826823771,0,1,0.6043130159378052,1,OL
201902356,Drew Vest,2019,OT,0.8094,0.0,0,0.5921284556388855,1,0,0.17211316525936127,0,0,0.0030719025526195765,0,0,0.5921284556388855,1,OL
201902369,Chris Cassidy,2019,OT,0.8081,35.0273,1,0.658886194229126,1,0,0.41833260655403137,0,0,0.0011187237687408924,0,1,0.658886194229126,1,OL
201902409,William Racely,2019,OG,0.8056,0.0,0,0.6289275288581848,1,0,0.45557641983032227,0,0,0.0006704067345708609,0,0,0.6289275288581848,1,OL
201902411,Evan Henry,2019,OG,0.8056,48.183,1,0.5515216588973999,1,0,0.33028098940849304,0,0,0.00022564126993529499,0,1,0.5515216588973999,1,OL
201902421,Carson Pharris,2019,OT,0.8056,0.0,0,0.6324462890625,1,0,0.3766568601131439,0,0,0.00047658057883381844,0,0,0.6324462890625,1,OL
201902426,Tyler Smith,2019,OG,0.8056,57.0067,1,0.5885353088378906,1,1,0.25737428665161133,0,0,0.00015816150698810816,0,1,0.5885353088378906,1,OL
201902439,Kyle Trombley,2019,OG,0.8056,0.0,0,0.6743246912956238,1,0,0.5601406693458557,1,0,0.008818225003778934,0,0,0.6743246912956238,1,OL
201902444,Nouredin Nouili,2019,OG,0.8056,62.9805,1,0.5304681658744812,1,1,0.3851833641529083,0,0,0.0007719137938693166,0,1,0.5304681658744812,1,OL
201902449,Kannon Biggs,2019,OT,0.8048,42.567,1,0.46837660670280457,0,0,0.3893841803073883,0,0,0.0031711661722511053,0,1,0.46837660670280457,0,OL
201902450,Steve Ballard,2019,OT,0.8048,0.0,0,0.4603549540042877,0,0,0.1435747742652893,0,0,0.000817632011603564,0,0,0.4603549540042877,0,OL
201902451,Aric Davison,2019,OG,0.8044,0.0,0,0.6918307542800903,1,0,0.46990758180618286,0,0,0.0009842413710430264,0,0,0.6918307542800903,1,OL
201902453,Zac Welch,2019,OC,0.8044,37.9423,1,0.6729806661605835,1,0,0.33700501918792725,0,0,0.001377468230202794,0,1,0.6729806661605835,1,OL
201902456,Addison West,2019,OG,0.8044,62.9377,1,0.786485493183136,1,1,0.5691384673118591,1,0,0.006351618096232414,0,1,0.786485493183136,1,OL
201902464,Hunter Jones,2019,OG,0.8033,35.3125,1,0.5982128977775574,1,0,0.3907725512981415,0,0,0.005215291865170002,0,1,0.5982128977775574,1,OL
201902468,Christophe Atkinson,2019,OG,0.8033,60.5409,1,0.6305121183395386,1,1,0.5178530812263489,1,0,0.0006787229212932289,0,1,0.6305121183395386,1,OL
201902469,Federico Maranges,2019,OG,0.8033,60.1656,1,0.6323477029800415,1,1,0.3403528034687042,0,0,0.0005063382559455931,0,1,0.6323477029800415,1,OL
201902476,Nathan Thomas,2019,OT,0.803,0.0,0,0.6771752238273621,1,0,0.3591553568840027,0,0,0.0024741278029978275,0,0,0.6771752238273621,1,OL
201902502,Izeya Floyd,2019,OC,0.8017,48.9817,1,0.7279597520828247,1,0,0.48326629400253296,0,0,0.00012611281999852508,0,1,0.7279597520828247,1,OL
201902505,Bruce Mitchell,2019,OT,0.8011,60.1157,1,0.5770976543426514,1,1,0.2955053746700287,0,0,0.0015639063203707337,0,1,0.5770976543426514,1,OL
201902506,Juwan Truesdale,2019,OT,0.8007,0.0,0,0.26290950179100037,0,0,0.5498387813568115,1,0,0.0010552190942689776,0,0,0.26290950179100037,0,OL
201902510,Shamar Hobdy-Lee,2019,OT,0.8006,62.6926,1,0.47854888439178467,0,1,0.2874118387699127,0,0,0.00032295918208546937,0,1,0.47854888439178467,0,OL
201902512,Alex Azusensis,2019,OT,0.8006,0.0,0,0.5414074659347534,1,0,0.3674842119216919,0,0,0.004093697760254145,0,0,0.5414074659347534,1,OL
201902536,Jackson Fort,2019,OG,0.8006,41.1319,1,0.5462281107902527,1,0,0.40618905425071716,0,0,0.000518664950504899,0,1,0.5462281107902527,1,OL
201902537,Chase Lundt,2019,OT,0.8006,65.9075,1,0.6635538339614868,1,1,0.45021742582321167,0,0,0.01765955425798893,0,1,0.6635538339614868,1,OL
201902554,Wes Dorsey,2019,OT,0.8006,58.2507,1,0.4939058721065521,0,1,0.27584201097488403,0,0,0.0870453342795372,0,1,0.4939058721065521,0,OL
201902559,Julius Pierce,2019,OT,0.8006,63.5214,1,0.5872633457183838,1,1,0.35047611594200134,0,0,0.0010500932112336159,0,1,0.5872633457183838,1,OL
201902561,Owen Murphy,2019,OT,0.8006,58.5971,1,0.6211903691291809,1,1,0.4156397581100464,0,0,0.028730228543281555,0,1,0.6211903691291809,1,OL
201902578,Josh Plohr,2019,OT,0.8,0.0,0,0.6776207685470581,1,0,0.36374136805534363,0,0,0.0035052152816206217,0,0,0.6776207685470581,1,OL
201902676,Arasi Mose,2019,OT,0.7994,47.196,1,0.5390970706939697,1,0,0.507595956325531,1,0,0.0003065468918066472,0,1,0.5390970706939697,1,OL
201902682,Luteru Fedler,2019,OG,0.7994,0.0,0,0.6521251797676086,1,0,0.4194910228252411,0,0,0.00016942399088293314,0,0,0.6521251797676086,1,OL
201902683,Victor Stoffel,2019,OT,0.7994,63.1699,1,0.5437213778495789,1,1,0.6074959635734558,1,0,0.011680902913212776,0,1,0.5437213778495789,1,OL
201902691,Dalton Cooper,2019,OT,0.7994,76.1691,1,0.7042044401168823,1,1,0.29327037930488586,0,0,0.0009424655581824481,0,1,0.7042044401168823,1,OL
201902720,Layton Ernst,2019,OC,0.7967,0.0,0,0.8636289834976196,1,0,0.6248223781585693,1,0,0.001356162829324603,0,0,0.8636289834976196,1,OL
201902777,Nishad Strother,2019,OG,0.7944,72.5881,1,0.6185759902000427,1,1,0.4959031343460083,0,0,0.0002345793618587777,0,1,0.6185759902000427,1,OL
201902778,Tyler Brown,2019,OG,0.7944,0.0,0,0.6108835935592651,1,0,0.2638671100139618,0,0,0.0006849532946944237,0,0,0.6108835935592651,1,OL
201902779,Jordan Wiggins,2019,OT,0.7944,0.0,0,0.6320137977600098,1,0,0.32990506291389465,0,0,0.0018387642921879888,0,0,0.6320137977600098,1,OL
201902784,Ben Jackson,2019,OT,0.7944,54.5265,1,0.6913120746612549,1,1,0.33852747082710266,0,0,0.000964655599091202,0,1,0.6913120746612549,1,OL
201902795,Caelan Williams,2019,OT,0.7944,48.3544,1,0.5092207193374634,1,0,0.3740119934082031,0,0,0.0015960908494889736,0,1,0.5092207193374634,1,OL
201902802,Jack Bailey,2019,OG,0.7944,65.7675,1,0.5738669633865356,1,1,0.39136770367622375,0,0,0.0012229878921061754,0,1,0.5738669633865356,1,OL
201902803,Blake Baughman,2019,OT,0.7944,0.0,0,0.6443688869476318,1,0,0.47169288992881775,0,0,0.0041275303810834885,0,0,0.6443688869476318,1,OL
201902805,Joshua Pena,2019,OG,0.7944,62.4351,1,0.6791960597038269,1,1,0.4082568883895874,0,0,0.0009927209466695786,0,1,0.6791960597038269,1,OL
201902815,John Gill,2019,OG,0.7933,0.0,0,0.6472893357276917,1,0,0.3767934739589691,0,0,0.0007900105556473136,0,0,0.6472893357276917,1,OL
201902823,Carlos Harrison,2019,OG,0.7933,0.0,0,0.7241598963737488,1,0,0.383006751537323,0,0,0.0014266070211306214,0,0,0.7241598963737488,1,OL
201902824,Elijah Lamptey,2019,OT,0.7933,47.0833,1,0.6781383752822876,1,0,0.4310985207557678,0,0,0.0245373398065567,0,1,0.6781383752822876,1,OL
201902847,Luke Harmon,2019,OT,0.7906,0.0,0,0.7228887677192688,1,0,0.566087543964386,1,0,0.009304385632276535,0,0,0.7228887677192688,1,OL
201902851,Jordan Flack,2019,OG,0.7906,0.0,0,0.6460512280464172,1,0,0.387360155582428,0,0,0.00022947606339585036,0,0,0.6460512280464172,1,OL
201902863,Regan Riddle,2019,OG,0.7906,0.0,0,0.6870589852333069,1,0,0.5988712310791016,1,0,0.00037184791290201247,0,0,0.6870589852333069,1,OL
201902880,Aaron Pyron,2019,OG,0.7906,54.8044,1,0.6677424311637878,1,1,0.4052436947822571,0,0,0.0001930748694576323,0,1,0.6677424311637878,1,OL
201902890,Demetris Allen,2019,OG,0.7906,59.5684,1,0.5479820966720581,1,1,0.15011434257030487,0,0,0.0006082040490582585,0,1,0.5479820966720581,1,OL
201902892,Verneal Henshaw Jr.,2019,OG,0.7906,48.277,1,0.6387836337089539,1,0,0.49621981382369995,0,0,0.013565989211201668,0,1,0.6387836337089539,1,OL
201902906,Jeremiah Marlin,2019,OG,0.79,0.0,0,0.4791960120201111,0,0,0.47650063037872314,0,0,0.0023695866111665964,0,0,0.4791960120201111,0,OL
201902958,Cal Frank,2019,OT,0.79,0.0,0,0.427835613489151,0,0,0.3040645122528076,0,0,0.0008874027407728136,0,0,0.427835613489151,0,OL
201903007,Will Robertson,2019,OT,0.79,0.0,0,0.547249972820282,1,0,0.334703654050827,0,0,0.002593896584585309,0,0,0.547249972820282,1,OL
201903013,Max Longman,2019,OT,0.79,57.5419,1,0.5612785220146179,1,1,0.3002248704433441,0,0,0.0006592632853426039,0,1,0.5612785220146179,1,OL
201903015,Dante Adkins,2019,OG,0.79,47.3812,1,0.5104897022247314,1,0,0.34108299016952515,0,0,0.0005596207920461893,0,1,0.5104897022247314,1,OL
201903019,Stuart Kettler,2019,OT,0.7894,0.0,0,0.5882340669631958,1,0,0.4433240592479706,0,0,0.000921665399800986,0,0,0.5882340669631958,1,OL
201903021,Nathan Jacobs,2019,OT,0.7894,0.0,0,0.6634044051170349,1,0,0.46282869577407837,0,0,0.00019781870651058853,0,0,0.6634044051170349,1,OL
201903023,Logan Zschernitz,2019,OG,0.7894,69.8885,1,0.5541138648986816,1,1,0.42816129326820374,0,0,0.0010790557134896517,0,1,0.5541138648986816,1,OL
201903034,Ronald Copney,2019,OG,0.7894,0.0,0,0.6612734794616699,1,0,0.4233587980270386,0,0,0.0007929477724246681,0,0,0.6612734794616699,1,OL
201903039,Jacob Gideon,2019,OG,0.7894,65.0519,1,0.6220476031303406,1,1,0.402898907661438,0,0,0.001712935627438128,0,1,0.6220476031303406,1,OL
201903076,Antonio Serrano,2019,OG,0.7889,0.0,0,0.6329850554466248,1,0,0.37406203150749207,0,0,0.00027781343669630587,0,0,0.6329850554466248,1,OL
201903084,Jason Medeiros,2019,OC,0.7883,37.3713,1,0.733279287815094,1,0,0.6011686325073242,1,0,0.0032615552190691233,0,1,0.733279287815094,1,OL
201903101,Jordan Daniels,2019,OG,0.7883,57.0375,1,0.5003644824028015,1,1,0.48067277669906616,0,0,0.0022780392318964005,0,1,0.5003644824028015,1,OL
201903113,Donnell Wilson,2019,OT,0.7856,0.0,0,0.501613199710846,1,0,0.48882320523262024,0,0,0.004962842911481857,0,0,0.501613199710846,1,OL
201903129,Joe Oakes,2019,OG,0.7856,0.0,0,0.5896900296211243,1,0,0.5483186841011047,1,0,0.022702336311340332,0,0,0.5896900296211243,1,OL
201903133,Tyler Burnsed,2019,OT,0.7844,0.0,0,0.6470622420310974,1,0,0.37977978587150574,0,0,0.0003454635734669864,0,0,0.6470622420310974,1,OL
201903136,Bence Polgar,2019,OG,0.7844,50.2439,1,0.5175184607505798,1,1,0.370728462934494,0,0,0.0004630654875654727,0,1,0.5175184607505798,1,OL
201903145,Grant Abbott,2019,OG,0.7844,0.0,0,0.593695342540741,1,0,0.5198808908462524,1,0,0.005826148670166731,0,0,0.593695342540741,1,OL
201903157,Caden Niekamp,2019,OT,0.7844,0.0,0,0.496522456407547,0,0,0.329532265663147,0,0,0.00142868107650429,0,0,0.496522456407547,0,OL
201903162,Logan Swartz,2019,OT,0.7844,0.0,0,0.55186927318573,1,0,0.398336797952652,0,0,0.027774028480052948,0,0,0.55186927318573,1,OL
201903164,Will Rykard,2019,OC,0.7844,54.5065,1,0.6070419549942017,1,1,0.547700822353363,1,0,0.0016379202716052532,0,1,0.6070419549942017,1,OL
201903167,Austin Mosier,2019,OC,0.7844,0.0,0,0.7180086970329285,1,0,0.49253326654434204,0,0,0.0022405132185667753,0,0,0.7180086970329285,1,OL
201903182,Leif Fautanu,2019,OC,0.7833,75.5385,1,0.812985897064209,1,1,0.5885369777679443,1,0,0.0021249267738312483,0,1,0.812985897064209,1,OL
201903191,David Hayward,2019,OT,0.7833,46.092,1,0.5679183006286621,1,0,0.3311837315559387,0,0,0.004458817187696695,0,1,0.5679183006286621,1,OL
201903197,Caelan Shepard,2019,OG,0.7833,57.4791,1,0.66440749168396,1,1,0.46825721859931946,0,0,0.0019039242761209607,0,1,0.66440749168396,1,OL
201903204,Garrett Beckman,2019,OG,0.7833,0.0,0,0.5698897838592529,1,0,0.4425666332244873,0,0,0.00040175937465392053,0,0,0.5698897838592529,1,OL
201903357,Zackary Gieg,2019,OG,0.78,0.0,0,0.6546089053153992,1,0,0.4734721779823303,0,0,0.0005865900893695652,0,0,0.6546089053153992,1,OL
201903382,Jayden Addison,2019,OG,0.78,0.0,0,0.6662887930870056,1,0,0.585821807384491,1,0,0.001045656274072826,0,0,0.6662887930870056,1,OL
201903384,Nick Wagman,2019,OT,0.78,0.0,0,0.788291871547699,1,0,0.612679123878479,1,0,0.004291381221264601,0,0,0.788291871547699,1,OL
201903401,Porter Haught,2019,OT,0.7794,48.4758,1,0.6575888395309448,1,0,0.45374682545661926,0,0,0.0016803720500320196,0,1,0.6575888395309448,1,OL
201903405,Mason Trotter,2019,OG,0.7794,54.8274,1,0.6990923881530762,1,1,0.5023120045661926,1,0,0.00850341934710741,0,1,0.6990923881530762,1,OL
201903415,Griffin Carder,2019,OG,0.7794,58.1085,1,0.6213284730911255,1,1,0.3266724944114685,0,0,0.0016323934542015195,0,1,0.6213284730911255,1,OL
201903433,Jelani Newman,2019,OG,0.7783,0.0,0,0.4904044270515442,0,0,0.4309839606285095,0,0,0.0005253171548247337,0,0,0.4904044270515442,0,OL
201903438,Brandon Ruff,2019,OT,0.7783,0.0,0,0.572424590587616,1,0,0.44072073698043823,0,0,0.02501090057194233,0,0,0.572424590587616,1,OL
201903444,Yontez Jarrell,2019,OT,0.7783,0.0,0,0.5871279239654541,1,0,0.2888178527355194,0,0,0.006870610639452934,0,0,0.5871279239654541,1,OL
201903479,Anthony Laudicina,2019,OT,0.7744,0.0,0,0.5218663215637207,1,0,0.2814730107784271,0,0,0.007152734324336052,0,0,0.5218663215637207,1,OL
201903480,Vic Cutler,2019,OG,0.7744,0.0,0,0.6687967777252197,1,0,0.43943312764167786,0,0,0.0007261739810928702,0,0,0.6687967777252197,1,OL
201903503,Teagan McDonald,2019,OG,0.7733,0.0,0,0.6671634912490845,1,0,0.45398226380348206,0,0,6.352764467010275e-05,0,0,0.6671634912490845,1,OL
201903505,Darrellson Masaniai,2019,OG,0.7733,44.2569,1,0.661846399307251,1,0,0.40167292952537537,0,0,0.0001641647977521643,0,1,0.661846399307251,1,OL
201903514,Fabio Novia,2019,OT,0.7733,0.0,0,0.6996481418609619,1,0,0.39412060379981995,0,0,0.00041739791049622,0,0,0.6996481418609619,1,OL
201903516,Carson Williams,2019,OG,0.7733,0.0,0,0.6002519726753235,1,0,0.19955351948738098,0,0,0.0005253171548247337,0,0,0.6002519726753235,1,OL
201903517,Deiyantei Powell-Woods,2019,OT,0.7733,67.3044,1,0.5085806846618652,1,1,0.2964080572128296,0,0,0.0003628985141403973,0,1,0.5085806846618652,1,OL
201903569,Thor Paglialong,2019,OC,0.77,58.6168,1,0.6313745975494385,1,1,0.3592704236507416,0,0,0.04178060218691826,0,1,0.6313745975494385,1,OL
201903598,Will McDonald,2019,OG,0.77,46.1323,1,0.7467693090438843,1,0,0.37162572145462036,0,0,0.00012684028479270637,0,1,0.7467693090438843,1,OL
201903606,Jon Denny,2019,OT,0.77,0.0,0,0.4616416096687317,0,0,0.36976900696754456,0,0,0.0007551749586127698,0,0,0.4616416096687317,0,OL
201903628,Tyler Connolly,2019,OT,0.77,39.1379,1,0.4756931960582733,0,0,0.4142717123031616,0,0,0.0036685382947325706,0,1,0.4756931960582733,0,OL
201903639,Jake Hill,2019,OG,0.77,0.0,0,0.5785167217254639,1,0,0.362860769033432,0,0,0.0023597953841090202,0,0,0.5785167217254639,1,OL
201903641,Jerry Johnson III,2019,OG,0.77,35.3125,1,0.5064536929130554,1,0,0.406474232673645,0,0,0.0004244985757395625,0,1,0.5064536929130554,1,OL
201903668,Ethan Miner,2019,OG,0.7683,65.1834,1,0.6440366506576538,1,1,0.3753710687160492,0,0,0.0012496326817199588,0,1,0.6440366506576538,1,OL
201903670,Jeremy Jones,2019,OT,0.7683,55.5534,1,0.7159367799758911,1,1,0.43625593185424805,0,0,0.00024663814110681415,0,1,0.7159367799758911,1,OL
201903675,Caleb Herring,2019,OT,0.7683,0.0,0,0.48557189106941223,0,0,0.4450725317001343,0,0,0.0011257580481469631,0,0,0.48557189106941223,0,OL
201903679,AJ Gillie,2019,OG,0.7683,49.6657,1,0.5778746604919434,1,0,0.4323793947696686,0,0,0.00043405743781477213,0,1,0.5778746604919434,1,OL
201903685,J.J. Lippe,2019,OG,0.7683,64.396,1,0.5901110768318176,1,1,0.3980198800563812,0,0,0.001025032252073288,0,1,0.5901110768318176,1,OL
201903745,Bryson Norris,2019,OG,0.7633,0.0,0,0.4400441348552704,0,0,0.1385640650987625,0,0,0.00028085423400625587,0,0,0.4400441348552704,0,OL
201903770,Logan Kallesen,2019,OG,0.76,0.0,0,0.4687057137489319,0,0,0.15223149955272675,0,0,0.00034167870762757957,0,0,0.4687057137489319,0,OL
201903832,Isaac Owusu-Appiah,2019,OT,0.76,36.868,1,0.5758240222930908,1,0,0.21900330483913422,0,0,0.0033832089975476265,0,1,0.5758240222930908,1,OL
201903842,Cole Young,2019,OT,0.76,0.0,0,0.5418693423271179,1,0,0.22511442005634308,0,0,0.000720387848559767,0,0,0.5418693423271179,1,OL
201903845,Connor Hughes,2019,OG,0.76,0.0,0,0.6558992266654968,1,0,0.2838782072067261,0,0,0.00035606365418061614,0,0,0.6558992266654968,1,OL
201903852,Luke Vannest,2019,OT,0.7594,0.0,0,0.5281895995140076,1,0,0.4291587471961975,0,0,0.0009404065785929561,0,0,0.5281895995140076,1,OL
201903853,Rusty Feth,2019,OG,0.7594,67.8756,1,0.5397382378578186,1,1,0.37796634435653687,0,0,0.00037586025428026915,0,1,0.5397382378578186,1,OL
201903854,Jacob Dean,2019,OG,0.7594,0.0,0,0.5115979313850403,1,0,0.45227038860321045,0,0,0.0006795977242290974,0,0,0.5115979313850403,1,OL
201903855,Jack Green,2019,OC,0.7594,30.4218,1,0.7273771166801453,1,0,0.2207513153553009,0,0,0.006862107198685408,0,1,0.7273771166801453,1,OL
201903969,Cole Collins,2019,OG,0.75,0.0,0,0.5813785791397095,1,0,0.23086415231227875,0,0,0.0073723867535591125,0,0,0.5813785791397095,1,OL
201903977,Luke Hallstrom,2019,OG,0.75,50.7561,1,0.6129201054573059,1,1,0.3916718661785126,0,0,0.0004484466044232249,0,1,0.6129201054573059,1,OL
201904018,Marlin Johnson,2019,OT,0.73,0.0,0,0.6731727123260498,1,0,0.43992915749549866,0,0,0.008439388126134872,0,0,0.6731727123260498,1,OL
201904036,DJ Bullard,2019,OG,0.72,0.0,0,0.7337371110916138,1,0,0.2457718402147293,0,0,0.0001424977381248027,0,0,0.7337371110916138,1,OL
201904053,Mark Hiestand,2019,OT,0.71,36.2658,1,0.5174031853675842,1,0,0.4289070963859558,0,0,0.0008073446806520224,0,1,0.5174031853675842,1,OL
202000009,Paris Johnson Jr.,2020,OT,0.9953,62.6174,1,0.969385027885437,1,1,0.846354603767395,1,0,0.060795873403549194,0,1,0.969385027885437,1,OL
202000011,Broderick Jones,2020,OT,0.9947,60.614,1,0.9824262857437134,1,1,0.924257755279541,1,0,0.42917805910110474,0,1,0.9824262857437134,1,OL
202000038,Tate Ratledge,2020,OT,0.9821,67.0605,1,0.9930611252784729,1,1,0.8990911841392517,1,0,0.06357451528310776,0,1,0.9930611252784729,1,OL
202000048,Turner Corcoran,2020,OT,0.9748,78.7474,1,0.9338849186897278,1,1,0.7514653205871582,1,0,0.009578004479408264,0,1,0.9338849186897278,1,OL
202000050,Walker Parks,2020,OT,0.9745,81.1498,1,0.9806540608406067,1,1,0.9258049726486206,1,1,0.012029330246150494,0,1,0.9806540608406067,1,OL
202000060,Sedrick Van Pran,2020,OC,0.9712,74.174,1,0.9846257567405701,1,1,0.9062215089797974,1,0,0.01207791455090046,0,1,0.9846257567405701,1,OL
202000074,Myles Hinton,2020,OT,0.9662,76.0599,1,0.9700161218643188,1,1,0.9076769351959229,1,0,0.009018851444125175,0,1,0.9700161218643188,1,OL
202000083,Trey Wedig,2020,OT,0.9641,64.8326,1,0.9920003414154053,1,1,0.9587104320526123,1,0,0.016595076769590378,0,1,0.9920003414154053,1,OL
202000088,Andrew Gentry,2020,OT,0.9628,64.358,1,0.9900320768356323,1,1,0.90165114402771,1,0,0.009000999853014946,0,1,0.9900320768356323,1,OL
202000090,Nate Anderson,2020,OG,0.9612,63.6287,1,0.9501145482063293,1,1,0.7165696024894714,1,0,0.0450764000415802,0,1,0.9501145482063293,1,OL
202000092,Andrew Raym,2020,OG,0.9576,73.7711,1,0.854282796382904,1,1,0.9004995226860046,1,0,0.030391858890652657,0,1,0.854282796382904,1,OL
202000100,Tosh Baker,2020,OT,0.9549,59.253,1,0.8023269176483154,1,1,0.8177902102470398,1,0,0.0026551045011729,0,1,0.8023269176483154,1,OL
202000103,Paul Tchio,2020,OG,0.9545,54.7412,1,0.937358021736145,1,1,0.8602660894393921,1,0,0.09920809417963028,0,1,0.937358021736145,1,OL
202000104,Jack Nelson,2020,OT,0.9539,78.3746,1,0.9711869955062866,1,1,0.8852709531784058,1,0,0.007257035467773676,0,1,0.9711869955062866,1,OL
202000107,Garrett Hayes,2020,OG,0.9524,60.5848,1,0.949241578578949,1,1,0.921427309513092,1,0,0.011614121496677399,0,1,0.949241578578949,1,OL
202000108,Luke Wypler,2020,OC,0.9523,63.2919,1,0.9460830688476562,1,1,0.8223280310630798,1,0,0.02442590892314911,0,1,0.9460830688476562,1,OL
202000110,Marcus Dumervil,2020,OT,0.9515,62.526,1,0.9681640267372131,1,1,0.9328051805496216,1,0,0.005259976722300053,0,1,0.9681640267372131,1,OL
202000113,Peter Skoronski,2020,OC,0.9502,63.7187,1,0.9297725558280945,1,1,0.8386319279670715,1,0,0.1760948896408081,0,1,0.9297725558280945,1,OL
202000114,Myles Murao,2020,OC,0.9496,49.0859,1,0.976699948310852,1,0,0.7750558257102966,1,0,0.005705114919692278,0,1,0.976699948310852,1,OL
202000119,Chris Morris,2020,OG,0.9482,0.0,0,0.9732865691184998,1,0,0.6874536275863647,1,0,0.006987944710999727,0,0,0.9732865691184998,1,OL
202000128,Jalen Rivers,2020,OT,0.9425,64.0854,1,0.9753283262252808,1,1,0.9271949529647827,1,0,0.04148329421877861,0,1,0.9753283262252808,1,OL
202000140,Chad Lindberg,2020,OT,0.9366,67.3788,1,0.837719738483429,1,1,0.8545899391174316,1,0,0.016961131244897842,0,1,0.837719738483429,1,OL
202000146,Michael Carmody,2020,OT,0.9352,47.9057,1,0.8982187509536743,1,0,0.8640682697296143,1,0,0.036260057240724564,0,1,0.8982187509536743,1,OL
202000149,Mitchell Mayes,2020,OG,0.9347,67.8105,1,0.9219574928283691,1,1,0.8643632531166077,1,0,0.02472340315580368,0,1,0.9219574928283691,1,OL
202000171,Roger Rosengarten,2020,OT,0.9284,60.865,1,0.919768214225769,1,1,0.8819274306297302,1,0,0.029666842892766,0,1,0.919768214225769,1,OL
202000178,Anton Harrison,2020,OT,0.9271,64.9717,1,0.9418367147445679,1,1,0.7825470566749573,1,0,0.02890380099415779,0,1,0.9418367147445679,1,OL
202000188,Aaryn Parks,2020,OG,0.9241,46.7269,1,0.8802956342697144,1,0,0.781304657459259,1,0,0.012616909109055996,0,1,0.8802956342697144,1,OL
202000189,Ozzy Trapilo,2020,OT,0.9241,67.8235,1,0.7224646210670471,1,1,0.6768954992294312,1,0,0.010238445363938808,0,1,0.7224646210670471,1,OL
202000199,Jake Majors,2020,OC,0.9219,83.3584,1,0.8409340977668762,1,1,0.8449971079826355,1,1,0.04077885299921036,0,1,0.8409340977668762,1,OL
202000211,Geirean Hatchett,2020,OG,0.9197,62.3694,1,0.8643378615379333,1,1,0.8013821840286255,1,0,0.1658353954553604,0,1,0.8643378615379333,1,OL
202000218,Aki Ogunbiyi,2020,OG,0.9183,57.7631,1,0.8266469240188599,1,1,0.6327362656593323,1,0,0.005948449019342661,0,1,0.8266469240188599,1,OL
202000235,Ty'Kieast Crawford,2020,OT,0.9151,64.9816,1,0.9510534405708313,1,1,0.7694424986839294,1,0,0.012998007237911224,0,1,0.9510534405708313,1,OL
202000249,Zak Zinter,2020,OG,0.9106,72.633,1,0.8733201026916504,1,1,0.7936750650405884,1,0,0.06168811768293381,0,1,0.8733201026916504,1,OL
202000269,Jaylen Garth,2020,OT,0.9069,52.1006,1,0.6990664601325989,1,1,0.6491742730140686,1,0,0.04613877087831497,0,1,0.6990664601325989,1,OL
202000276,Kevin Pyne,2020,OT,0.9061,0.0,0,0.8142487406730652,1,0,0.7815862894058228,1,0,0.018141895532608032,0,0,0.8142487406730652,1,OL
202000277,Levi Rogers,2020,OG,0.906,69.2483,1,0.8531711101531982,1,1,0.8145554661750793,1,0,0.027466990053653717,0,1,0.8531711101531982,1,OL
202000280,Joshua Braun,2020,OT,0.9049,81.9486,1,0.8663926720619202,1,1,0.7929789423942566,1,1,0.01728176698088646,0,1,0.8663926720619202,1,OL
202000291,Logan Parr,2020,OG,0.9023,70.0271,1,0.8439024686813354,1,1,0.5738215446472168,1,0,0.03527938202023506,0,1,0.8439024686813354,1,OL
202000296,Bryn Tucker,2020,OG,0.9016,52.3094,1,0.8433010578155518,1,1,0.6606300473213196,1,0,0.04059562087059021,0,1,0.8433010578155518,1,OL
202000303,Jonathan Denis,2020,OG,0.901,48.5474,1,0.8702671527862549,1,0,0.6677027940750122,1,0,0.0046420288272202015,0,1,0.8702671527862549,1,OL
202000304,Connor McLaughlin,2020,OT,0.901,69.0988,1,0.8336077332496643,1,1,0.6082487106323242,1,0,0.003266402753069997,0,1,0.8336077332496643,1,OL
202000310,Cooper Mays,2020,OC,0.9002,80.3776,1,0.9102297425270081,1,1,0.8361225724220276,1,1,0.016465874388813972,0,1,0.9102297425270081,1,OL
202000312,Jeff Persi,2020,OT,0.9,0.0,0,0.6919883489608765,1,0,0.42376020550727844,0,0,0.003922787960618734,0,0,0.6919883489608765,1,OL
202000325,Javion Cohen,2020,OT,0.8991,66.9168,1,0.8324167132377625,1,1,0.459961473941803,0,0,0.10174596309661865,0,1,0.8324167132377625,1,OL
202000334,Gus Hartwig,2020,OC,0.8978,80.8283,1,0.9189086556434631,1,1,0.8922450542449951,1,1,0.12488655745983124,0,1,0.9189086556434631,1,OL
202000348,Jonah Monheim,2020,OG,0.8967,79.6967,1,0.8454481363296509,1,1,0.6401944756507874,1,0,0.01859566941857338,0,1,0.8454481363296509,1,OL
202000357,Andrej Karic,2020,OT,0.8959,74.8084,1,0.7273714542388916,1,1,0.6115886569023132,1,0,0.06471056491136551,0,1,0.7273714542388916,1,OL
202000365,Marcus Henderson,2020,OG,0.8947,33.5464,1,0.9091771245002747,1,0,0.7640546560287476,1,0,0.053418733179569244,0,1,0.9091771245002747,1,OL
202000369,John Young,2020,OT,0.8944,58.8023,1,0.8014777302742004,1,1,0.6541922092437744,1,0,0.03373648226261139,0,1,0.8014777302742004,1,OL
202000370,Jimmy Christ,2020,OT,0.8937,56.7492,1,0.7953622937202454,1,1,0.5487613677978516,1,0,0.03306490182876587,0,1,0.7953622937202454,1,OL
202000378,John Williams,2020,OT,0.8933,0.0,0,0.8661556243896484,1,0,0.6812006831169128,1,0,0.2524053454399109,0,0,0.8661556243896484,1,OL
202000382,James Pogorelc,2020,OT,0.8927,42.2641,1,0.7676079273223877,1,0,0.7528033256530762,1,0,0.012662081979215145,0,1,0.7676079273223877,1,OL
202000385,Damieon George Jr.,2020,OT,0.8926,77.7365,1,0.7737453579902649,1,1,0.7255299687385559,1,0,0.0652056410908699,0,1,0.7737453579902649,1,OL
202000396,Drake Metcalf,2020,OC,0.8922,64.2444,1,0.8974802494049072,1,1,0.8033045530319214,1,0,0.08002063632011414,0,1,0.8974802494049072,1,OL
202000403,Olu Fashanu,2020,OT,0.8911,0.0,0,0.8417086601257324,1,0,0.7016681432723999,1,0,0.08118157833814621,0,0,0.8417086601257324,1,OL
202000405,Tyler Elsbury,2020,OG,0.8905,58.0377,1,0.8753789067268372,1,1,0.7952152490615845,1,0,0.3099697232246399,0,1,0.8753789067268372,1,OL
202000407,Deondre Buford,2020,OT,0.8904,72.3457,1,0.7455729246139526,1,1,0.581727147102356,1,0,0.03183184936642647,0,1,0.7455729246139526,1,OL
202000417,Marlon Martinez,2020,OG,0.8895,68.2076,1,0.8993977308273315,1,1,0.7274001240730286,1,0,0.015994476154446602,0,1,0.8993977308273315,1,OL
202000419,Eli Acker,2020,OT,0.8893,67.0124,1,0.7702698707580566,1,1,0.6438013315200806,1,0,0.01727275736629963,0,1,0.7702698707580566,1,OL
202000423,Golden Israel-Achumba,2020,OG,0.8888,36.2854,1,0.7831748127937317,1,0,0.656665027141571,1,0,0.07785754650831223,0,1,0.7831748127937317,1,OL
202000431,Josh Priebe,2020,OG,0.887,77.2861,1,0.867243766784668,1,1,0.7539026737213135,1,0,0.014307210221886635,0,1,0.867243766784668,1,OL
202000434,Reece Atteberry,2020,OC,0.887,59.4032,1,0.9043147563934326,1,1,0.9221279621124268,1,0,0.11487835645675659,0,1,0.9043147563934326,1,OL
202000445,Chris Mayo,2020,OG,0.8867,44.6988,1,0.8416807651519775,1,0,0.6628126502037048,1,0,0.021983103826642036,0,1,0.8416807651519775,1,OL
202000457,Solatoa Moea'i,2020,OT,0.8852,59.784,1,0.8486876487731934,1,1,0.6657874584197998,1,0,0.03466443717479706,0,1,0.8486876487731934,1,OL
202000464,Dallas Fincher,2020,OG,0.8848,56.1037,1,0.7798683643341064,1,1,0.6965621113777161,1,0,0.02922806143760681,0,1,0.7798683643341064,1,OL
202000474,Avery Jernigan,2020,OG,0.8837,0.0,0,0.8712944984436035,1,0,0.6976934671401978,1,0,0.0043716286309063435,0,0,0.8712944984436035,1,OL
202000475,Xavier Hill,2020,OG,0.8837,66.52,1,0.8037548661231995,1,1,0.4989675283432007,0,0,0.0018759730737656355,0,1,0.8037548661231995,1,OL
202000483,Cayden Baker,2020,OT,0.883,46.1525,1,0.8528370261192322,1,0,0.6992053985595703,1,0,0.0066122254356741905,0,1,0.8528370261192322,1,OL
202000486,Kevo Wesley,2020,OC,0.8826,57.429,1,0.950505256652832,1,1,0.9332780241966248,1,0,0.03293409198522568,0,1,0.950505256652832,1,OL
202000491,Tate Johnson,2020,OG,0.8826,60.6067,1,0.8272849321365356,1,1,0.6801872849464417,1,0,0.07377178966999054,0,1,0.8272849321365356,1,OL
202000497,Tyshawn Wannamaker,2020,OG,0.8825,59.158,1,0.9089844226837158,1,1,0.608033299446106,1,0,0.01765427738428116,0,1,0.9089844226837158,1,OL
202000498,Noah Nelson,2020,OT,0.8822,0.0,0,0.771102249622345,1,0,0.654224157333374,1,0,0.006382678169757128,0,0,0.771102249622345,1,OL
202000504,Robert Scott Jr.,2020,OT,0.8815,69.084,1,0.8246707916259766,1,1,0.6069526076316833,1,0,0.007663538679480553,0,1,0.8246707916259766,1,OL
202000506,Josh Fryar,2020,OG,0.8815,79.8928,1,0.8651165962219238,1,1,0.7822544574737549,1,0,0.00617675855755806,0,1,0.8651165962219238,1,OL
202000512,Grant Toutant,2020,OT,0.8811,0.0,0,0.771641194820404,1,0,0.6438805460929871,1,0,0.007140348199754953,0,0,0.771641194820404,1,OL
202000513,Branson Taylor,2020,OT,0.8807,65.587,1,0.7969090938568115,1,1,0.7412377595901489,1,0,0.06611939519643784,0,1,0.7969090938568115,1,OL
202000518,Gaard Memmelaar,2020,OG,0.8804,60.7243,1,0.8913608193397522,1,1,0.6928807497024536,1,0,0.01807897537946701,0,1,0.8913608193397522,1,OL
202000524,Seth McLaughlin,2020,OC,0.8803,85.4786,1,0.8811320662498474,1,1,0.804909884929657,1,1,0.024480532854795456,0,1,0.8811320662498474,1,OL
202000530,Jaylan Jeffers,2020,OT,0.8796,50.9197,1,0.5688360929489136,1,1,0.7115840315818787,1,0,0.012868077494204044,0,1,0.5688360929489136,1,OL
202000533,Austin Blaske,2020,OT,0.8793,67.6305,1,0.6967596411705017,1,1,0.6373490691184998,1,0,0.013877306133508682,0,1,0.6967596411705017,1,OL
202000536,Michael Rankins,2020,OT,0.8793,0.0,0,0.8706115484237671,1,0,0.7805315852165222,1,0,0.08765041828155518,0,0,0.8706115484237671,1,OL
202000548,Trent Pullen,2020,OG,0.8785,0.0,0,0.8524836301803589,1,0,0.7059335112571716,1,0,0.009728425182402134,0,0,0.8524836301803589,1,OL
202000555,Javontez Spraggins,2020,OC,0.8781,83.6128,1,0.947655439376831,1,1,0.8993396162986755,1,1,0.006729434244334698,0,1,0.947655439376831,1,OL
202000561,Jordan Williams,2020,OT,0.8781,80.7506,1,0.7624579668045044,1,1,0.6429834961891174,1,1,0.021733157336711884,0,1,0.7624579668045044,1,OL
202000567,Jalen St. John,2020,OG,0.8778,64.6658,1,0.8878037333488464,1,1,0.7233961820602417,1,0,0.09726949036121368,0,1,0.8878037333488464,1,OL
202000572,Josh Volk,2020,OG,0.877,0.0,0,0.8923581838607788,1,0,0.7997491359710693,1,0,0.1766926795244217,0,0,0.8923581838607788,1,OL
202000576,Brady Ward,2020,OT,0.877,0.0,0,0.7288119196891785,1,0,0.523147463798523,1,0,0.019182227551937103,0,0,0.7288119196891785,1,OL
202000577,Quantavious Leslie,2020,OG,0.877,65.7568,1,0.8298763632774353,1,1,0.7231506705284119,1,0,0.05663539469242096,0,1,0.8298763632774353,1,OL
202000579,Mason Richman,2020,OT,0.8763,73.5142,1,0.7498947381973267,1,1,0.4545157849788666,0,0,0.040054865181446075,0,1,0.7498947381973267,1,OL
202000587,Eli Russ,2020,OG,0.8763,65.4717,1,0.8261201977729797,1,1,0.7371610999107361,1,0,0.019651668146252632,0,1,0.8261201977729797,1,OL
202000588,Zach Frazier,2020,OC,0.8759,74.2016,1,0.9372777938842773,1,1,0.850898265838623,1,0,0.004821807146072388,0,1,0.9372777938842773,1,OL
202000601,Drake Heismeyer,2020,OG,0.8752,60.8576,1,0.8788432478904724,1,1,0.7947045564651489,1,0,0.0087357172742486,0,1,0.8788432478904724,1,OL
202000608,Josh Bankhead,2020,OG,0.8748,40.1573,1,0.8867619037628174,1,0,0.6180760860443115,1,0,0.011485773138701916,0,1,0.8867619037628174,1,OL
202000611,Trey Zimmerman,2020,OT,0.8748,0.0,0,0.8126810789108276,1,0,0.6481825113296509,1,0,0.06628695875406265,0,0,0.8126810789108276,1,OL
202000620,Thomas Shrader,2020,OC,0.8737,61.3022,1,0.9348158240318298,1,1,0.9106996059417725,1,0,0.05682004615664482,0,1,0.9348158240318298,1,OL
202000621,Smart Chibuzo,2020,OG,0.8737,40.3346,1,0.9421164989471436,1,0,0.7849891185760498,1,0,0.010082107037305832,0,1,0.9421164989471436,1,OL
202000622,Altrique Barlow,2020,OG,0.8737,50.0803,1,0.8034645915031433,1,1,0.6722373962402344,1,0,0.006528038997203112,0,1,0.8034645915031433,1,OL
202000634,Trai Jones,2020,OC,0.8727,59.6794,1,0.8515411615371704,1,1,0.9160146117210388,1,0,0.016530998051166534,0,1,0.8515411615371704,1,OL
202000646,Luke Kandra,2020,OG,0.8722,66.566,1,0.8903459310531616,1,1,0.7525139451026917,1,0,0.0603288933634758,0,1,0.8903459310531616,1,OL
202000657,Jeremiah Wright,2020,OG,0.8719,72.3893,1,0.8637663125991821,1,1,0.7301812767982483,1,0,0.02524142898619175,0,1,0.8637663125991821,1,OL
202000663,Mitchell Walters,2020,OT,0.8715,61.9415,1,0.7101852297782898,1,1,0.4900546073913574,0,0,0.011371058411896229,0,1,0.7101852297782898,1,OL
202000668,Michael Nichols,2020,OT,0.8711,67.2306,1,0.8324222564697266,1,1,0.5941246151924133,1,0,0.0161886028945446,0,1,0.8324222564697266,1,OL
202000671,Graham Barton,2020,OG,0.8707,65.2446,1,0.8736673593521118,1,1,0.617256224155426,1,0,0.038423217833042145,0,1,0.8736673593521118,1,OL
202000680,Timothy Lawson,2020,OT,0.8707,0.0,0,0.8611641526222229,1,0,0.6813845038414001,1,0,0.007533688563853502,0,0,0.8611641526222229,1,OL
202000682,Josh Remetich,2020,OG,0.8704,68.1403,1,0.8762038946151733,1,1,0.685842752456665,1,0,0.004888872615993023,0,1,0.8762038946151733,1,OL
202000686,Courtland Ford,2020,OT,0.8704,69.4004,1,0.7611618638038635,1,1,0.6405752301216125,1,0,0.014624394476413727,0,1,0.7611618638038635,1,OL
202000703,Tyler Bailey,2020,OC,0.8693,0.0,0,0.9212005734443665,1,0,0.8537889719009399,1,0,0.011203991249203682,0,0,0.9212005734443665,1,OL
202000704,Joey Wright,2020,OT,0.8693,0.0,0,0.890038251876831,1,0,0.7079711556434631,1,0,0.0317397266626358,0,0,0.890038251876831,1,OL
202000717,Vershon Lee,2020,OG,0.8685,77.69,1,0.8931297659873962,1,1,0.8307474851608276,1,0,0.002960223937407136,0,1,0.8931297659873962,1,OL
202000721,Caadyn Stephen,2020,OT,0.8685,0.0,0,0.8452350497245789,1,0,0.8358749151229858,1,0,0.029001563787460327,0,0,0.8452350497245789,1,OL
202000730,Marcus Harper,2020,OG,0.8685,67.529,1,0.9126424789428711,1,1,0.8220046162605286,1,0,0.08904959261417389,0,1,0.9126424789428711,1,OL
202000734,Alex Conn,2020,OT,0.8685,0.0,0,0.647716224193573,1,0,0.3384248912334442,0,0,0.01797225885093212,0,0,0.647716224193573,1,OL
202000735,Kahlil Benson,2020,OG,0.8685,76.6249,1,0.8305632472038269,1,1,0.6332396268844604,1,0,0.02787628397345543,0,1,0.8305632472038269,1,OL
202000740,Luke Petitbon,2020,OC,0.8685,72.1528,1,0.8671645522117615,1,1,0.657381534576416,1,0,0.005258424673229456,0,1,0.8671645522117615,1,OL
202000742,Jake Wray,2020,OT,0.8685,0.0,0,0.8296201825141907,1,0,0.6435152888298035,1,0,0.024818232282996178,0,0,0.8296201825141907,1,OL
202000744,Talor Warner,2020,OG,0.8684,0.0,0,0.8021987080574036,1,0,0.2641162574291229,0,0,0.003812751267105341,0,0,0.8021987080574036,1,OL
202000746,James Robinson,2020,OG,0.8681,54.0182,1,0.8421299457550049,1,1,0.6506175994873047,1,0,0.014260583557188511,0,1,0.8421299457550049,1,OL
202000759,Martes Lewis,2020,OT,0.8674,67.6688,1,0.7135343551635742,1,1,0.7192066311836243,1,0,0.026143552735447884,0,1,0.7135343551635742,1,OL
202000763,Michael Statham,2020,OT,0.8674,0.0,0,0.838228166103363,1,0,0.6107488870620728,1,0,0.03290993720293045,0,0,0.838228166103363,1,OL
202000771,Richie Leonard IV,2020,OG,0.867,76.3176,1,0.7871493101119995,1,1,0.6467261910438538,1,0,0.002515502041205764,0,1,0.7871493101119995,1,OL
202000777,Paula Vaipulu,2020,OC,0.8667,57.7695,1,0.8638227581977844,1,1,0.8116663098335266,1,0,0.004694206640124321,0,1,0.8638227581977844,1,OL
202000778,Erik Williams,2020,OT,0.8667,0.0,0,0.905569851398468,1,0,0.793133556842804,1,0,0.015265436843037605,0,0,0.905569851398468,1,OL
202000786,Jonathan Adorno,2020,OG,0.8663,57.2605,1,0.8087155818939209,1,1,0.6931827664375305,1,0,0.006512276828289032,0,1,0.8087155818939209,1,OL
202000787,Hayden Pauls,2020,OT,0.8663,0.0,0,0.8070119023323059,1,0,0.4071648120880127,0,0,0.0062761567533016205,0,0,0.8070119023323059,1,OL
202000793,Dylan Barrett,2020,IOL,0.8663,58.1407,1,0.9084742069244385,1,1,0.5897582173347473,1,0,0.006173387169837952,0,1,0.9084742069244385,1,OL
202000795,Tyler Miller,2020,OT,0.8659,79.2628,1,0.6507608294487,1,1,0.7906659245491028,1,0,0.021845625713467598,0,1,0.6507608294487,1,OL
202000797,Zane Herring,2020,OG,0.8659,64.7244,1,0.8790950179100037,1,1,0.7194806933403015,1,0,0.023051954805850983,0,1,0.8790950179100037,1,OL
202000802,Faaope Laloulu,2020,OT,0.8656,56.0977,1,0.7637019753456116,1,1,0.645165205001831,1,0,0.015725193545222282,0,1,0.7637019753456116,1,OL
202000813,Anthony Carter Jr.,2020,OG,0.8652,68.9809,1,0.8365785479545593,1,1,0.7675189971923828,1,0,0.01074434258043766,0,1,0.8365785479545593,1,OL
202000826,Cade Bennett,2020,OG,0.8648,62.5591,1,0.7164683938026428,1,1,0.6532317399978638,1,0,0.042829740792512894,0,1,0.7164683938026428,1,OL
202000828,Tobias Braun,2020,OT,0.8648,36.3731,1,0.42512789368629456,0,0,0.4241105914115906,0,0,0.008662556298077106,0,1,0.42512789368629456,0,OL
202000831,Micah Mazzccua,2020,OG,0.8648,70.9723,1,0.8096144199371338,1,1,0.6279294490814209,1,0,0.038470715284347534,0,1,0.8096144199371338,1,OL
202000833,James McNorton,2020,OT,0.8644,0.0,0,0.6463647484779358,1,0,0.44789445400238037,0,0,0.028202489018440247,0,0,0.6463647484779358,1,OL
202000852,Jakob James,2020,OG,0.8633,56.1634,1,0.8290900588035583,1,1,0.7094699144363403,1,0,0.14733827114105225,0,1,0.8290900588035583,1,OL
202000861,Alex Harrison,2020,OT,0.863,44.7528,1,0.680643618106842,1,0,0.5774052143096924,1,0,0.004868787247687578,0,1,0.680643618106842,1,OL
202000866,Ibrahim Traore,2020,OT,0.863,43.4958,1,0.6949771642684937,1,0,0.5437130331993103,1,0,0.009224331937730312,0,1,0.6949771642684937,1,OL
202000871,Jordan White,2020,OG,0.863,66.7166,1,0.822916567325592,1,1,0.6080603003501892,1,0,0.009630591608583927,0,1,0.822916567325592,1,OL
202000883,Nick Dawkins,2020,OG,0.8622,70.8089,1,0.8520396947860718,1,1,0.690517783164978,1,0,0.05944018438458443,0,1,0.8520396947860718,1,OL
202000901,Grant Jackson,2020,OT,0.8619,50.6744,1,0.7252945899963379,1,1,0.542862594127655,1,0,0.004668728914111853,0,1,0.7252945899963379,1,OL
202000902,Tyler Guyton,2020,OT,0.8617,62.7935,1,0.749230682849884,1,1,0.6273422837257385,1,0,0.025369595736265182,0,1,0.749230682849884,1,OL
202000907,Devin Willock,2020,OT,0.8611,58.9827,1,0.7565898895263672,1,1,0.44885438680648804,0,0,0.010154069401323795,0,1,0.7565898895263672,1,OL
202000909,Addison Penn,2020,OC,0.8607,43.1032,1,0.8427944779396057,1,0,0.7048686146736145,1,0,0.053940776735544205,0,1,0.8427944779396057,1,OL
202000913,Paul Rubelt,2020,OT,0.8607,73.3149,1,0.533552885055542,1,1,0.3994998335838318,0,0,0.0028390868101269007,0,1,0.533552885055542,1,OL
202000921,Jose Mirabal,2020,OG,0.8604,0.0,0,0.7503356337547302,1,0,0.5366438031196594,1,0,0.005487356334924698,0,0,0.7503356337547302,1,OL
202000922,Derek Bowman,2020,OG,0.86,61.9893,1,0.8067986965179443,1,1,0.7278317213058472,1,0,0.045858487486839294,0,1,0.8067986965179443,1,OL
202000934,Joshua Jones,2020,OT,0.8596,0.0,0,0.7238942384719849,1,0,0.5842202305793762,1,0,0.003962690010666847,0,0,0.7238942384719849,1,OL
202000936,Bruno Fina,2020,OG,0.8596,61.7988,1,0.7499657273292542,1,1,0.5038946270942688,1,0,0.0186757855117321,0,1,0.7499657273292542,1,OL
202000942,Carson Lee,2020,OC,0.8593,56.9697,1,0.9119949340820312,1,1,0.6027962565422058,1,0,0.0012446376495063305,0,1,0.9119949340820312,1,OL
202000944,Bryan Felter,2020,OG,0.8593,76.0961,1,0.8090582489967346,1,1,0.6273524165153503,1,0,0.002332608914002776,0,1,0.8090582489967346,1,OL
202000947,Everett Johnson,2020,OT,0.8593,44.2081,1,0.6745223999023438,1,0,0.30001723766326904,0,0,0.00972579326480627,0,1,0.6745223999023438,1,OL
202000954,Chris Washington,2020,OT,0.8589,41.4247,1,0.5443336367607117,1,0,0.20425476133823395,0,0,0.002152784029021859,0,1,0.5443336367607117,1,OL
202000955,Wing Green,2020,OT,0.8589,0.0,0,0.7290855646133423,1,0,0.4934076964855194,0,0,0.0035644543822854757,0,0,0.7290855646133423,1,OL
202000956,Tanor Bortolini,2020,OG,0.8589,64.7735,1,0.8620112538337708,1,1,0.8685988187789917,1,0,0.009767287410795689,0,1,0.8620112538337708,1,OL
202000959,Brady Petersen,2020,OT,0.8589,48.1609,1,0.6206926703453064,1,0,0.563634991645813,1,0,0.004363881889730692,0,1,0.6206926703453064,1,OL
202000961,Garth Barclay,2020,OT,0.8589,0.0,0,0.7219588756561279,1,0,0.6833979487419128,1,0,0.0036696502938866615,0,0,0.7219588756561279,1,OL
202000964,Ray Curry Jr.,2020,OT,0.8589,0.0,0,0.60800701379776,1,0,0.28610914945602417,0,0,0.06907524913549423,0,0,0.60800701379776,1,OL
202000966,Kobe Baynes,2020,OG,0.8589,71.7401,1,0.7462062835693359,1,1,0.492403507232666,0,0,0.002340991050004959,0,1,0.7462062835693359,1,OL
202000971,Aireontae Ersery,2020,OT,0.8585,68.5164,1,0.7662394046783447,1,1,0.5896986126899719,1,0,0.012294843792915344,0,1,0.7662394046783447,1,OL
202000975,Kobe McAllister,2020,OT,0.8585,0.0,0,0.7599694132804871,1,0,0.5058935880661011,1,0,0.029683390632271767,0,0,0.7599694132804871,1,OL
202001001,Brandon Hernandez,2020,OT,0.8574,0.0,0,0.6253448128700256,1,0,0.3118022680282593,0,0,0.006249613594263792,0,0,0.6253448128700256,1,OL
202001002,Carver Willis,2020,OT,0.8574,73.7973,1,0.6001334190368652,1,1,0.4792323708534241,0,0,0.07032297551631927,0,1,0.6001334190368652,1,OL
202001004,Ben Wrather,2020,OG,0.8574,70.2181,1,0.6764838695526123,1,1,0.46989673376083374,0,0,0.05040934681892395,0,1,0.6764838695526123,1,OL
202001006,Jared Bycznski,2020,OG,0.8574,35.7759,1,0.7710173726081848,1,0,0.5732850432395935,1,0,0.07344111800193787,0,1,0.7710173726081848,1,OL
202001020,George Sell,2020,OT,0.857,70.1013,1,0.7761032581329346,1,1,0.4562823176383972,0,0,0.03968002647161484,0,1,0.7761032581329346,1,OL
202001029,Luke Shouse,2020,OT,0.8563,0.0,0,0.5039286613464355,1,0,0.3881279528141022,0,0,0.012717180885374546,0,0,0.5039286613464355,1,OL
202001051,Erin Smith,2020,OT,0.8556,0.0,0,0.7390598058700562,1,0,0.23188769817352295,0,0,0.010748975910246372,0,0,0.7390598058700562,1,OL
202001077,Leke Asenuga,2020,OC,0.855,55.4831,1,0.9105114936828613,1,1,0.7756085395812988,1,0,0.01998266763985157,0,1,0.9105114936828613,1,OL
202001082,Patrick Selna,2020,OT,0.8544,0.0,0,0.5236721038818359,1,0,0.6875045895576477,1,0,0.003927426412701607,0,0,0.5236721038818359,1,OL
202001086,Casey Collier,2020,OT,0.8544,0.0,0,0.7441884279251099,1,0,0.3961327373981476,0,0,0.010668005794286728,0,0,0.7441884279251099,1,OL
202001101,Lloyd Willis,2020,OT,0.8541,54.701,1,0.5218062400817871,1,1,0.300216943025589,0,0,0.007660623639822006,0,1,0.5218062400817871,1,OL
202001112,Caleb Rogers,2020,OT,0.8533,83.2357,1,0.7145654559135437,1,1,0.607590913772583,1,1,0.0014373610028997064,0,1,0.7145654559135437,1,OL
202001122,Trey Leroux,2020,OT,0.8533,0.0,0,0.7178836464881897,1,0,0.42397165298461914,0,0,0.003089932957664132,0,0,0.7178836464881897,1,OL
202001134,Josh Baker,2020,OC,0.8522,75.5051,1,0.8333722352981567,1,1,0.7525148391723633,1,0,0.0032324306666851044,0,1,0.8333722352981567,1,OL
202001139,Bradley Ashmore,2020,OT,0.8522,70.9907,1,0.6217424869537354,1,1,0.4537302255630493,0,0,0.002540362998843193,0,1,0.6217424869537354,1,OL
202001142,Jason Brooks Jr.,2020,OG,0.8522,66.215,1,0.7512909770011902,1,1,0.5858364105224609,1,0,0.005257050506770611,0,1,0.7512909770011902,1,OL
202001153,Gavin Gerhardt,2020,OG,0.8519,76.3931,1,0.7356534600257874,1,1,0.6033763885498047,1,0,0.005701069254428148,0,1,0.7356534600257874,1,OL
202001154,Jestus Johnson,2020,OC,0.8519,47.2859,1,0.8518674373626709,1,0,0.4941917359828949,0,0,0.001915536355227232,0,1,0.8518674373626709,1,OL
202001174,Rashad Green,2020,OG,0.8511,73.6159,1,0.8440417051315308,1,1,0.4952346384525299,0,0,0.0004115703923162073,0,1,0.8440417051315308,1,OL
202001176,Larry Moore,2020,OT,0.8511,55.7712,1,0.6791499257087708,1,1,0.5225659012794495,1,0,0.02185801975429058,0,1,0.6791499257087708,1,OL
202001183,Sam Rengert,2020,OT,0.8511,0.0,0,0.7392926216125488,1,0,0.5400415658950806,1,0,0.0038662459701299667,0,0,0.7392926216125488,1,OL
202001186,Cade Kootsouradis,2020,OT,0.8511,0.0,0,0.5571912527084351,1,0,0.37183642387390137,0,0,0.002349806483834982,0,0,0.5571912527084351,1,OL
202001197,Brian Hannibal,2020,OG,0.8507,40.2166,1,0.8135547041893005,1,0,0.7466000318527222,1,0,0.0008610405493527651,0,1,0.8135547041893005,1,OL
202001201,Santana Saunders,2020,OT,0.85,63.9191,1,0.7607085704803467,1,1,0.5556524395942688,1,0,0.005440278444439173,0,1,0.7607085704803467,1,OL
202001208,Josh Kaltenberger,2020,OC,0.85,62.2227,1,0.8864591121673584,1,1,0.7774790525436401,1,0,0.01507286261767149,0,1,0.8864591121673584,1,OL
202001220,Dwayne Allick Jr.,2020,OG,0.85,67.9543,1,0.7864096164703369,1,1,0.5806330442428589,1,0,0.001359100453555584,0,1,0.7864096164703369,1,OL
202001222,David Hoyt,2020,OT,0.85,45.7852,1,0.6651796102523804,1,0,0.4454317092895508,0,0,0.0032176109962165356,0,1,0.6651796102523804,1,OL
202001228,Andrew Milek,2020,OT,0.85,55.1393,1,0.559980571269989,1,1,0.37970471382141113,0,0,0.005930928513407707,0,1,0.559980571269989,1,OL
202001261,Andres Dewerk,2020,OT,0.8489,40.5101,1,0.6192745566368103,1,0,0.31384313106536865,0,0,0.0025861053727567196,0,1,0.6192745566368103,1,OL
202001262,Khristopher Love,2020,OG,0.8489,0.0,0,0.7360963225364685,1,0,0.3953831195831299,0,0,0.001217762939631939,0,0,0.7360963225364685,1,OL
202001264,Luke Wiginton,2020,OT,0.8485,36.3634,1,0.8462473750114441,1,0,0.47464102506637573,0,0,0.013648192398250103,0,1,0.8462473750114441,1,OL
202001277,Mitchell Gildehaus,2020,OT,0.8481,44.6928,1,0.6436086893081665,1,0,0.4989616572856903,0,0,0.004771876148879528,0,1,0.6436086893081665,1,OL
202001278,Brady Feeney,2020,OG,0.8478,0.0,0,0.8023591041564941,1,0,0.5026435852050781,1,0,0.007038792595267296,0,0,0.8023591041564941,1,OL
202001293,Sam Davis,2020,OG,0.8478,0.0,0,0.8760785460472107,1,0,0.6291882395744324,1,0,0.0020548326428979635,0,0,0.8760785460472107,1,OL
202001310,Julian Ripley,2020,OT,0.8467,0.0,0,0.6194400191307068,1,0,0.5412501692771912,1,0,0.008842317387461662,0,0,0.6194400191307068,1,OL
202001317,Ben Bray,2020,OT,0.8467,48.4206,1,0.6127006411552429,1,0,0.37818098068237305,0,0,0.017338961362838745,0,1,0.6127006411552429,1,OL
202001326,Parker Clements,2020,OT,0.8467,70.773,1,0.7398148775100708,1,1,0.463091641664505,0,0,0.003508341033011675,0,1,0.7398148775100708,1,OL
202001327,Gavin Byers,2020,OG,0.8467,70.3877,1,0.7686127424240112,1,1,0.5479313135147095,1,0,0.04875333979725838,0,1,0.7686127424240112,1,OL
202001329,Owen Snively,2020,OG,0.8467,52.9001,1,0.8094174861907959,1,1,0.5150092840194702,1,0,0.025536341592669487,0,1,0.8094174861907959,1,OL
202001340,David Anderton,2020,OT,0.8467,0.0,0,0.6934452056884766,1,0,0.4597738981246948,0,0,0.0009493554825894535,0,0,0.6934452056884766,1,OL
202001348,Austin Woods,2020,OT,0.8459,0.0,0,0.6209773421287537,1,0,0.442393958568573,0,0,0.00261307624168694,0,0,0.6209773421287537,1,OL
202001351,Calib Perez,2020,OT,0.8459,54.2731,1,0.6860104203224182,1,1,0.5155460238456726,1,0,0.011169537901878357,0,1,0.6860104203224182,1,OL
202001363,Malik McGowan,2020,OG,0.8456,66.7282,1,0.7767892479896545,1,1,0.5449044704437256,1,0,0.006102933548390865,0,1,0.7767892479896545,1,OL
202001368,Arabee Muslim,2020,OG,0.845,41.8082,1,0.625622034072876,1,0,0.6387830972671509,1,0,0.0024947584606707096,0,1,0.625622034072876,1,OL
202001374,Kevin Tyler,2020,OT,0.8448,0.0,0,0.7025510668754578,1,0,0.4476039707660675,0,0,0.006372416857630014,0,0,0.7025510668754578,1,OL
202001376,Witt Mitchum,2020,OT,0.8448,0.0,0,0.48552659153938293,0,0,0.3368717432022095,0,0,0.0038553853519260883,0,0,0.48552659153938293,0,OL
202001383,Joseph Church,2020,OT,0.8444,0.0,0,0.5816035866737366,1,0,0.41733619570732117,0,0,0.0018006388563662767,0,0,0.5816035866737366,1,OL
202001392,Jonah Gambill,2020,OT,0.8444,65.2958,1,0.674676239490509,1,1,0.437858521938324,0,0,0.003999584820121527,0,1,0.674676239490509,1,OL
202001393,Brackston Alford,2020,OG,0.8444,42.8399,1,0.6316048502922058,1,0,0.4549756348133087,0,0,0.006380344275385141,0,1,0.6316048502922058,1,OL
202001402,Wesley Ndago,2020,OC,0.8444,58.6168,1,0.9027765393257141,1,1,0.6607043743133545,1,0,0.00406297855079174,0,1,0.9027765393257141,1,OL
202001407,Leif Magnuson,2020,OG,0.8444,48.7456,1,0.6513161659240723,1,0,0.5150092840194702,1,0,0.018583614379167557,0,1,0.6513161659240723,1,OL
202001410,Nalin Fox,2020,OT,0.8441,0.0,0,0.5911049842834473,1,0,0.5666113495826721,1,0,0.0037809826899319887,0,0,0.5911049842834473,1,OL
202001420,Ben Sparks,2020,OG,0.8433,60.2228,1,0.7036228179931641,1,1,0.41210854053497314,0,0,0.0016106157563626766,0,1,0.7036228179931641,1,OL
202001428,Ben Cox,2020,OT,0.8433,51.6212,1,0.6456393003463745,1,1,0.4794890880584717,0,0,0.002245870651677251,0,1,0.6456393003463745,1,OL
202001430,Woody Jean,2020,OT,0.843,40.8058,1,0.5769773125648499,1,0,0.40345075726509094,0,0,0.003675527172163129,0,1,0.5769773125648499,1,OL
202001438,Mark Pitts,2020,OT,0.8426,36.5754,1,0.588459849357605,1,0,0.3810384273529053,0,0,0.007547787856310606,0,1,0.588459849357605,1,OL
202001442,Kyle Juergens,2020,OG,0.8426,50.0258,1,0.8012112379074097,1,1,0.6806679964065552,1,0,0.0037455023266375065,0,1,0.8012112379074097,1,OL
202001454,Tyrell Lawrence,2020,OG,0.8422,0.0,0,0.787992000579834,1,0,0.7202192544937134,1,0,0.004643778782337904,0,0,0.787992000579834,1,OL
202001475,Kade Bond,2020,OG,0.8417,0.0,0,0.7046840786933899,1,0,0.47699517011642456,0,0,0.005514966789633036,0,0,0.7046840786933899,1,OL
202001478,Gage Saint,2020,OT,0.8417,0.0,0,0.620642900466919,1,0,0.32512810826301575,0,0,0.0029010067228227854,0,0,0.620642900466919,1,OL
202001487,Monroe Mills,2020,OT,0.8411,68.0203,1,0.6546720862388611,1,1,0.3762896955013275,0,0,0.003499991027638316,0,1,0.6546720862388611,1,OL
202001493,Rodrick Tialavea,2020,OT,0.8411,59.1986,1,0.7589670419692993,1,1,0.504841148853302,1,0,0.012158573605120182,0,1,0.7589670419692993,1,OL
202001501,Dirk Nelson,2020,OC,0.8411,34.0594,1,0.908255398273468,1,0,0.5630033612251282,1,0,0.011326780542731285,0,1,0.908255398273468,1,OL
202001503,Cooper Darling,2020,OG,0.8411,0.0,0,0.57033771276474,1,0,0.5036264061927795,1,0,0.011338770389556885,0,0,0.57033771276474,1,OL
202001505,Jackson Stoefen,2020,OT,0.8411,38.9787,1,0.5796599984169006,1,0,0.491119921207428,0,0,0.006899847649037838,0,1,0.5796599984169006,1,OL
202001528,Cedric Melton,2020,OT,0.84,58.7956,1,0.6820724606513977,1,1,0.5348291397094727,1,0,0.04867046698927879,0,1,0.6820724606513977,1,OL
202001533,Julian Polendo,2020,OT,0.84,50.7888,1,0.6022601127624512,1,1,0.56834876537323,1,0,0.004111910704523325,0,1,0.6022601127624512,1,OL
202001538,Jer'marques Bailey,2020,OG,0.84,45.2701,1,0.7821183204650879,1,0,0.6785476207733154,1,0,0.006096811033785343,0,1,0.7821183204650879,1,OL
202001539,Jett Duncan,2020,OG,0.84,61.4789,1,0.781326949596405,1,1,0.5551834106445312,1,0,0.004279561806470156,0,1,0.781326949596405,1,OL
202001545,Jeff Miller,2020,OG,0.84,0.0,0,0.7467527389526367,1,0,0.5891634225845337,1,0,0.0013627081643790007,0,0,0.7467527389526367,1,OL
202001552,Mike Lofton,2020,OG,0.8396,70.3706,1,0.6810672283172607,1,1,0.5438319444656372,1,0,0.002657865872606635,0,1,0.6810672283172607,1,OL
202001568,Dylan Mayginnes,2020,OG,0.8389,0.0,0,0.5013139843940735,1,0,0.5079086422920227,1,0,0.043607719242572784,0,0,0.5013139843940735,1,OL
202001570,Dalton Perdue,2020,OT,0.8389,48.1387,1,0.6387856006622314,1,0,0.2001534253358841,0,0,0.002717840252444148,0,1,0.6387856006622314,1,OL
202001574,Austin Collins,2020,OG,0.8389,67.7975,1,0.8645959496498108,1,1,0.5499995350837708,1,0,0.030872715637087822,0,1,0.8645959496498108,1,OL
202001579,Christian Forbes,2020,OG,0.8389,46.3334,1,0.6573405265808105,1,0,0.5108307003974915,1,0,0.023455431684851646,0,1,0.6573405265808105,1,OL
202001580,Devin Kylany,2020,OG,0.8389,58.769,1,0.7217225432395935,1,1,0.45683056116104126,0,0,0.018412088975310326,0,1,0.7217225432395935,1,OL
202001598,Tunde Fatukasi,2020,OG,0.8381,61.728,1,0.6277315616607666,1,1,0.5148259401321411,1,0,0.010745392180979252,0,1,0.6277315616607666,1,OL
202001601,Nathan Cardona,2020,OG,0.8381,44.1285,1,0.7417938709259033,1,0,0.4955591857433319,0,0,0.015511108562350273,0,1,0.7417938709259033,1,OL
202001607,Justin Stevens,2020,OT,0.8378,0.0,0,0.6427383422851562,1,0,0.4587346911430359,0,0,0.02374703623354435,0,0,0.6427383422851562,1,OL
202001610,Taliese Fuaga,2020,OT,0.8378,61.0145,1,0.6573886871337891,1,1,0.6411391496658325,1,0,0.0018753560725599527,0,1,0.6573886871337891,1,OL
202001622,Cesar Reyes,2020,OG,0.8378,33.5651,1,0.6166398525238037,1,0,0.47339537739753723,0,0,0.026915857568383217,0,1,0.6166398525238037,1,OL
202001644,Chandler Durham,2020,OT,0.837,0.0,0,0.6871475577354431,1,0,0.42521899938583374,0,0,0.0034876095596700907,0,0,0.6871475577354431,1,OL
202001672,Grant Starck,2020,OT,0.8363,64.9917,1,0.5618519186973572,1,1,0.5038039088249207,1,0,0.0038601006381213665,0,1,0.5618519186973572,1,OL
202001674,Samuel Peacock,2020,OT,0.8359,41.4316,1,0.775238573551178,1,0,0.6046884059906006,1,0,0.07578328251838684,0,1,0.775238573551178,1,OL
202001676,Kaden Moore,2020,OT,0.8359,73.6416,1,0.666716992855072,1,1,0.41375601291656494,0,0,0.0012501468881964684,0,1,0.666716992855072,1,OL
202001694,Patrick Barnett,2020,OT,0.8356,37.869,1,0.6869331002235413,1,0,0.4394908845424652,0,0,0.006294278893619776,0,1,0.6869331002235413,1,OL
202001701,Kyle Arnoldi,2020,OG,0.835,44.7797,1,0.7754127383232117,1,0,0.6598640084266663,1,0,0.008320411667227745,0,1,0.7754127383232117,1,OL
202001706,Ugonna Nnanna,2020,OT,0.8348,63.3885,1,0.7068637609481812,1,1,0.40092897415161133,0,0,0.020937543362379074,0,1,0.7068637609481812,1,OL
202001708,Dakota White,2020,OG,0.8348,67.9938,1,0.8071132302284241,1,1,0.5494022965431213,1,0,0.0034700524993240833,0,1,0.8071132302284241,1,OL
202001713,Hadley Panzer,2020,OC,0.8348,75.7769,1,0.7783325910568237,1,1,0.46605604887008667,0,0,0.004218713846057653,0,1,0.7783325910568237,1,OL
202001722,Connor Finucane,2020,OG,0.8341,66.3158,1,0.7824622988700867,1,1,0.4496920704841614,0,0,0.002669290406629443,0,1,0.7824622988700867,1,OL
202001726,Micah Soliai Howlett,2020,OG,0.8337,0.0,0,0.7731519341468811,1,0,0.44287392497062683,0,0,0.0002088848705170676,0,0,0.7731519341468811,1,OL
202001739,Garrett Schwiebert,2020,OT,0.8333,44.9351,1,0.6659418344497681,1,0,0.44023334980010986,0,0,0.008038296364247799,0,1,0.6659418344497681,1,OL
202001741,Monte Williams,2020,OC,0.8333,0.0,0,0.7467679977416992,1,0,0.43371355533599854,0,0,0.0002887652663048357,0,0,0.7467679977416992,1,OL
202001742,Trey Phillippi,2020,OT,0.8333,42.9302,1,0.7009252905845642,1,0,0.5180431604385376,1,0,0.0025171057786792517,0,1,0.7009252905845642,1,OL
202001753,Weston Wallace,2020,OT,0.8333,0.0,0,0.6629382371902466,1,0,0.4859015941619873,0,0,0.002721549477428198,0,0,0.6629382371902466,1,OL
202001754,Jackson Satterwhite,2020,OT,0.8333,36.2462,1,0.6184000372886658,1,0,0.4019782841205597,0,0,0.0011043166741728783,0,1,0.6184000372886658,1,OL
202001759,Michael Leone,2020,OT,0.833,40.2462,1,0.47531089186668396,0,0,0.271910697221756,0,0,0.005406940821558237,0,1,0.47531089186668396,0,OL
202001770,Alex Atcavage,2020,OG,0.8322,59.7211,1,0.532564103603363,1,1,0.2982921302318573,0,0,0.0016772664384916425,0,1,0.532564103603363,1,OL
202001771,Joseph Habinowski,2020,OT,0.8322,56.3794,1,0.6036106944084167,1,1,0.33333075046539307,0,0,0.00015698879724368453,0,1,0.6036106944084167,1,OL
202001783,Adam Karas,2020,OT,0.8317,53.6244,1,0.5853549242019653,1,1,0.3591737151145935,0,0,0.0014133467338979244,0,1,0.5853549242019653,1,OL
202001805,Marcus Bryant,2020,OT,0.8315,70.4049,1,0.8255395889282227,1,1,0.5605804920196533,1,0,0.022125469520688057,0,1,0.8255395889282227,1,OL
202001807,Jaquaez Powell,2020,OC,0.8315,0.0,0,0.8463538289070129,1,0,0.5384976267814636,1,0,0.00027489778585731983,0,0,0.8463538289070129,1,OL
202001809,Miles Zietek,2020,OT,0.8315,0.0,0,0.27850261330604553,0,0,0.19212648272514343,0,0,0.002208016812801361,0,0,0.27850261330604553,0,OL
202001810,Zach Vaughan,2020,OT,0.8315,54.8331,1,0.6319094300270081,1,1,0.575560450553894,1,0,0.04236234724521637,0,1,0.6319094300270081,1,OL
202001811,Frank Poso,2020,OT,0.8315,55.8718,1,0.6024762988090515,1,1,0.3899938464164734,0,0,0.00020783512445632368,0,1,0.6024762988090515,1,OL
202001816,Delmar Glaze,2020,OT,0.8315,60.7391,1,0.453748494386673,0,1,0.44537633657455444,0,0,0.0016426515066996217,0,1,0.453748494386673,0,OL
202001824,Jason Eaton,2020,OT,0.8307,0.0,0,0.6079057455062866,1,0,0.32072871923446655,0,0,0.009182038716971874,0,0,0.6079057455062866,1,OL
202001882,Anthony Patt,2020,OT,0.83,0.0,0,0.5900454521179199,1,0,0.36435842514038086,0,0,0.007936319336295128,0,0,0.5900454521179199,1,OL
202001888,Logan Self,2020,OG,0.83,35.455,1,0.6036468148231506,1,0,0.3860364556312561,0,0,0.003046848578378558,0,1,0.6036468148231506,1,OL
202001894,Jake Griffin,2020,OT,0.83,39.8158,1,0.48538196086883545,0,0,0.36478686332702637,0,0,0.01131450105458498,0,1,0.48538196086883545,0,OL
202001911,Dylan Spencer,2020,OT,0.8293,0.0,0,0.49393582344055176,0,0,0.16412939131259918,0,0,0.0006563412607647479,0,0,0.49393582344055176,0,OL
202001919,Rasheed Miller,2020,OT,0.8289,63.5749,1,0.4364590346813202,0,1,0.3127427101135254,0,0,0.017923781648278236,0,1,0.4364590346813202,0,OL
202001920,Randy Holtz,2020,OT,0.8289,0.0,0,0.8121869564056396,1,0,0.6801322102546692,1,0,0.0020373195875436068,0,0,0.8121869564056396,1,OL
202001921,Nofoafia Tulafono,2020,OG,0.8285,62.4105,1,0.8315771818161011,1,1,0.4124204218387604,0,0,7.85916781751439e-05,0,1,0.8315771818161011,1,OL
202001926,Marcus Miller,2020,OG,0.8283,46.1266,1,0.6290816068649292,1,0,0.4404321312904358,0,0,0.005128967110067606,0,1,0.6290816068649292,1,OL
202001940,Zach Taylor,2020,OT,0.8278,0.0,0,0.5723504424095154,1,0,0.425068736076355,0,0,0.00043920730240643024,0,0,0.5723504424095154,1,OL
202001945,Blaise Sparks,2020,OT,0.8278,0.0,0,0.6046117544174194,1,0,0.3630935847759247,0,0,0.0005168823408894241,0,0,0.6046117544174194,1,OL
202001961,Ethan Mottinger,2020,OT,0.827,67.1817,1,0.6645130515098572,1,1,0.6800889372825623,1,0,0.0018005487509071827,0,1,0.6645130515098572,1,OL
202001964,Chase Little,2020,OT,0.8267,0.0,0,0.589111328125,1,0,0.4051562547683716,0,0,0.002190586179494858,0,0,0.589111328125,1,OL
202001966,Keegan Smith,2020,OG,0.8267,60.9695,1,0.7801913619041443,1,1,0.4689716100692749,0,0,0.00012728154251817614,0,1,0.7801913619041443,1,OL
202002000,Jack McKenzie,2020,OG,0.8259,0.0,0,0.6040914058685303,1,0,0.19366571307182312,0,0,0.0008448424050584435,0,0,0.6040914058685303,1,OL
202002008,Delonus Kabir,2020,OG,0.8259,0.0,0,0.6420784592628479,1,0,0.36427736282348633,0,0,0.00010272429790347815,0,0,0.6420784592628479,1,OL
202002014,Andre Lamas,2020,OG,0.8259,55.337,1,0.6338269710540771,1,1,0.3434757590293884,0,0,0.0049199373461306095,0,1,0.6338269710540771,1,OL
202002031,Dominik Behrens,2020,OT,0.825,0.0,0,0.47118380665779114,0,0,0.2563231289386749,0,0,0.002227563876658678,0,0,0.47118380665779114,0,OL
202002035,Joseph Solomon,2020,OT,0.825,0.0,0,0.8378362059593201,1,0,0.502107560634613,1,0,0.007529817521572113,0,0,0.8378362059593201,1,OL
202002037,Bryce Thoman,2020,OG,0.8248,57.5608,1,0.7822434306144714,1,1,0.5170263051986694,1,0,0.0006437162519432604,0,1,0.7822434306144714,1,OL
202002038,Jerren Gilbert,2020,OC,0.8248,59.0028,1,0.8487883806228638,1,1,0.6971493363380432,1,0,0.0024333747569471598,0,1,0.8487883806228638,1,OL
202002046,Nicholas Martinez,2020,OT,0.8244,0.0,0,0.56111079454422,1,0,0.28272655606269836,0,0,0.0006067747599445283,0,0,0.56111079454422,1,OL
202002066,Isaiah Foote,2020,OG,0.8237,56.5607,1,0.6663234233856201,1,1,0.49429118633270264,0,0,0.0004915051395073533,0,1,0.6663234233856201,1,OL
202002067,Mickey Rewolinski,2020,OT,0.8233,57.5923,1,0.8629263639450073,1,1,0.6550850868225098,1,0,0.04691897705197334,0,1,0.8629263639450073,1,OL
202002074,Keydrell Lewis,2020,OT,0.8233,60.3667,1,0.5769646763801575,1,1,0.4314616322517395,0,0,0.0018890523351728916,0,1,0.5769646763801575,1,OL
202002081,Alani Makihele,2020,OG,0.8226,62.3285,1,0.7071018218994141,1,1,0.5197180509567261,1,0,0.0009565303917042911,0,1,0.7071018218994141,1,OL
202002097,Trey Tuggle,2020,OT,0.8222,59.5961,1,0.5338830351829529,1,1,0.1973837912082672,0,0,0.0046411496587097645,0,1,0.5338830351829529,1,OL
202002101,Jake Renfro,2020,OC,0.8222,64.9019,1,0.816403329372406,1,1,0.7677995562553406,1,0,0.010958243161439896,0,1,0.816403329372406,1,OL
202002121,Gage Gaynor,2020,OC,0.8217,0.0,0,0.6214737296104431,1,0,0.4177647829055786,0,0,0.002212029416114092,0,0,0.6214737296104431,1,OL
202002133,Jonathan Brown,2020,OT,0.8207,51.1051,1,0.6810430884361267,1,1,0.4239352345466614,0,0,0.001130800461396575,0,1,0.6810430884361267,1,OL
202002147,Branson Hickman,2020,OC,0.8204,64.744,1,0.8677041530609131,1,1,0.6636672616004944,1,0,0.0038761089090257883,0,1,0.8677041530609131,1,OL
202002151,Brian Crespo-Jaquez,2020,OT,0.8204,0.0,0,0.6694948673248291,1,0,0.31115394830703735,0,0,0.003632598789408803,0,0,0.6694948673248291,1,OL
202002167,Panda Askew,2020,OG,0.82,61.9096,1,0.880629301071167,1,1,0.5155954360961914,1,0,0.0013446086086332798,0,1,0.880629301071167,1,OL
202002178,Tyshawn Wyatt,2020,OG,0.82,54.4722,1,0.6437709927558899,1,1,0.35990747809410095,0,0,0.0027280075009912252,0,1,0.6437709927558899,1,OL
202002198,Cameron Knight,2020,OG,0.82,37.1358,1,0.7472155690193176,1,0,0.5563231110572815,1,0,0.003425328293815255,0,1,0.7472155690193176,1,OL
202002201,Vinny Sciury,2020,OG,0.82,69.649,1,0.7183205485343933,1,1,0.48168644309043884,0,0,0.0016083646332845092,0,1,0.7183205485343933,1,OL
202002224,Garrett Jones,2020,OG,0.82,40.0043,1,0.6314840316772461,1,0,0.4185616672039032,0,0,0.00021694207680411637,0,1,0.6314840316772461,1,OL
202002227,Seth Williams,2020,OC,0.8196,43.5209,1,0.7405908107757568,1,0,0.5157417058944702,1,0,0.0005144382594153285,0,1,0.7405908107757568,1,OL
202002238,Ryan Spiers,2020,OG,0.8193,0.0,0,0.5878937244415283,1,0,0.19372811913490295,0,0,0.0006723108235746622,0,0,0.5878937244415283,1,OL
202002241,Trey Bedosky,2020,OT,0.8193,58.3026,1,0.5409241318702698,1,1,0.4264104962348938,0,0,0.20532037317752838,0,1,0.5409241318702698,1,OL
202002246,Gerad Christian-Lichtenhan,2020,OT,0.8189,68.2754,1,0.6213495135307312,1,1,0.34949547052383423,0,0,0.0006093339761719108,0,1,0.6213495135307312,1,OL
202002247,Dane Jackson,2020,OC,0.8189,34.6617,1,0.8592344522476196,1,0,0.7592654228210449,1,0,0.001349007012322545,0,1,0.8592344522476196,1,OL
202002255,Joe Horn,2020,OC,0.8183,48.7621,1,0.9107327461242676,1,0,0.7913593053817749,1,0,0.00019882962806150317,0,1,0.9107327461242676,1,OL
202002257,Matthew Lombardi,2020,OT,0.8181,40.8201,1,0.5663927793502808,1,0,0.3289540112018585,0,0,0.002661784878000617,0,1,0.5663927793502808,1,OL
202002261,Christopher Fortin,2020,OT,0.8181,62.8443,1,0.6555571556091309,1,1,0.365331768989563,0,0,0.0077323406003415585,0,1,0.6555571556091309,1,OL
202002265,Bert Hale,2020,OG,0.8181,63.9559,1,0.6358593702316284,1,1,0.38779208064079285,0,0,0.0001583998091518879,0,1,0.6358593702316284,1,OL
202002272,Tanner Wigand,2020,OT,0.8174,40.7341,1,0.8419228792190552,1,0,0.7309063076972961,1,0,0.006521007511764765,0,1,0.8419228792190552,1,OL
202002274,Tommy Lorincz,2020,OT,0.8174,43.0008,1,0.7389156818389893,1,0,0.5127255320549011,1,0,0.006308545358479023,0,1,0.7389156818389893,1,OL
202002288,Shedrick Rhodes Jr.,2020,OT,0.817,62.7766,1,0.5520381927490234,1,1,0.3333445191383362,0,0,0.0010216818191111088,0,1,0.5520381927490234,1,OL
202002298,Tiger Shanks,2020,OT,0.8167,68.5934,1,0.6224440932273865,1,1,0.5636124610900879,1,0,0.002890482312068343,0,1,0.6224440932273865,1,OL
202002303,Reid Holskey,2020,OT,0.8167,68.6498,1,0.7606755495071411,1,1,0.4636911153793335,0,0,0.004606728907674551,0,1,0.7606755495071411,1,OL
202002311,Gabe Cantu,2020,OC,0.8167,41.5488,1,0.7623195052146912,1,0,0.446209579706192,0,0,0.001247807522304356,0,1,0.7623195052146912,1,OL
202002323,Bryce McNair,2020,OT,0.8163,0.0,0,0.7166244387626648,1,0,0.4115680158138275,0,0,0.00041838345350697637,0,0,0.7166244387626648,1,OL
202002331,Bryce Cabeldue,2020,OT,0.8159,82.7716,1,0.7777836322784424,1,1,0.6350599527359009,1,1,0.005781348329037428,0,1,0.7777836322784424,1,OL
202002345,Kohl Herbolsheimer,2020,OG,0.8156,0.0,0,0.6754182577133179,1,0,0.4158309996128082,0,0,0.00030449804035015404,0,0,0.6754182577133179,1,OL
202002360,Adam Vandervest,2020,OT,0.8148,57.2542,1,0.8441435098648071,1,1,0.4282427728176117,0,0,0.007617521565407515,0,1,0.8441435098648071,1,OL
202002363,Savion Washington,2020,OT,0.8148,65.875,1,0.5726943612098694,1,1,0.4461790919303894,0,0,0.000504008203279227,0,1,0.5726943612098694,1,OL
202002391,Anthony Smith,2020,OG,0.8137,0.0,0,0.6779629588127136,1,0,0.4371771812438965,0,0,0.0002547204203438014,0,0,0.6779629588127136,1,OL
202002399,Deondre Doiron,2020,OG,0.8133,0.0,0,0.6818385720252991,1,0,0.342177152633667,0,0,0.0005939509719610214,0,0,0.6818385720252991,1,OL
202002400,Jacob Gardner,2020,OT,0.813,69.1583,1,0.5131592154502869,1,1,0.3062552809715271,0,0,0.00025327346520498395,0,1,0.5131592154502869,1,OL
202002407,Demond Arter,2020,OG,0.8126,0.0,0,0.6451561450958252,1,0,0.3070739507675171,0,0,0.0001491140719735995,0,0,0.6451561450958252,1,OL
202002413,Tyler Pitcel,2020,OT,0.8119,26.5445,1,0.7819947004318237,1,0,0.43190839886665344,0,0,0.011252563446760178,0,1,0.7819947004318237,1,OL
202002418,Jeremiah Banks-Wall,2020,OT,0.8117,54.0634,1,0.7563164234161377,1,1,0.5508847832679749,1,0,0.17078667879104614,0,1,0.7563164234161377,1,OL
202002429,Andrew McMillan,2020,OT,0.8117,0.0,0,0.5737298727035522,1,0,0.10257577151060104,0,0,0.00024219795886892825,0,0,0.5737298727035522,1,OL
202002446,Gregory Brown,2020,OG,0.8117,43.0457,1,0.6656326055526733,1,0,0.49630942940711975,0,0,0.0011399324284866452,0,1,0.6656326055526733,1,OL
202002448,Gabe Brown,2020,OG,0.8117,0.0,0,0.5713024139404297,1,0,0.3938235938549042,0,0,0.0006087204674258828,0,0,0.5713024139404297,1,OL
202002458,Evan Buss,2020,OC,0.8115,63.0233,1,0.7703258395195007,1,1,0.5492080450057983,1,0,0.0028065384831279516,0,1,0.7703258395195007,1,OL
202002461,Jeminai Leuta-Ulu,2020,OG,0.8111,33.8548,1,0.5800170302391052,1,0,0.3571421504020691,0,0,0.0004317395214457065,0,1,0.5800170302391052,1,OL
202002462,Uriah Greene,2020,OG,0.8111,0.0,0,0.6568819880485535,1,0,0.4758108854293823,0,0,0.00046286184806376696,0,0,0.6568819880485535,1,OL
202002487,Aidan Gaines,2020,OC,0.8106,43.2305,1,0.8506416082382202,1,0,0.6157506704330444,1,0,0.0007142355898395181,0,1,0.8506416082382202,1,OL
202002490,Marcellus Marshall,2020,OT,0.8106,74.0102,1,0.6992916464805603,1,1,0.3707544803619385,0,0,0.00034662566031329334,0,1,0.6992916464805603,1,OL
202002495,Mana Taimani,2020,OT,0.8106,0.0,0,0.6144682168960571,1,0,0.3840424716472626,0,0,7.856470620026812e-05,0,0,0.6144682168960571,1,OL
202002501,Tyler Morano,2020,OT,0.8104,57.3789,1,0.659439742565155,1,1,0.5114531517028809,1,0,0.009787424467504025,0,1,0.659439742565155,1,OL
202002565,Justin Williams,2020,OG,0.81,0.0,0,0.6569218635559082,1,0,0.4639621376991272,0,0,0.0004274282546248287,0,0,0.6569218635559082,1,OL
202002576,Tommy Mirabella,2020,OG,0.81,0.0,0,0.5952534675598145,1,0,0.35545676946640015,0,0,0.0007216253434307873,0,0,0.5952534675598145,1,OL
202002585,Malik Williams,2020,OT,0.81,63.7323,1,0.5226528644561768,1,1,0.30404579639434814,0,0,0.001372112543322146,0,1,0.5226528644561768,1,OL
202002588,Austin Reeves,2020,OT,0.81,0.0,0,0.5284560918807983,1,0,0.4857923686504364,0,0,0.05524898320436478,0,0,0.5284560918807983,1,OL
202002590,Grant Copeland,2020,OC,0.81,0.0,0,0.4806785583496094,0,0,0.48908373713493347,0,0,0.03417277708649635,0,0,0.4806785583496094,0,OL
202002598,Dillon Wade,2020,OG,0.81,77.1144,1,0.5225526094436646,1,1,0.382245272397995,0,0,0.0004171502951066941,0,1,0.5225526094436646,1,OL
202002603,Michael Flood,2020,OG,0.81,0.0,0,0.5365578532218933,1,0,0.3968161642551422,0,0,0.0012483906466513872,0,0,0.5365578532218933,1,OL
202002604,Toreon Penright,2020,OT,0.81,54.6494,1,0.5459533929824829,1,1,0.4134056270122528,0,0,0.008011364378035069,0,1,0.5459533929824829,1,OL
202002605,Coleon Smith,2020,OT,0.8096,0.0,0,0.675196647644043,1,0,0.54222571849823,1,0,0.0004918029299005866,0,0,0.675196647644043,1,OL
202002617,Braden Doyle,2020,OG,0.8093,0.0,0,0.8363016247749329,1,0,0.6405720114707947,1,0,0.001319708302617073,0,0,0.8363016247749329,1,OL
202002618,Kyle Kelly,2020,OT,0.8093,0.0,0,0.7468152046203613,1,0,0.3641294836997986,0,0,0.03385373577475548,0,0,0.7468152046203613,1,OL
202002624,Mark Goode,2020,OT,0.8085,53.0498,1,0.6087868809700012,1,1,0.40364259481430054,0,0,0.01975138671696186,0,1,0.6087868809700012,1,OL
202002625,Ronan Chambers,2020,OT,0.8085,59.1512,1,0.6227184534072876,1,1,0.5320320129394531,1,0,0.0036996607668697834,0,1,0.6227184534072876,1,OL
202002628,Brian Kilbane Jr.,2020,OT,0.8083,53.49,1,0.6742491126060486,1,1,0.4336510896682739,0,0,0.0015926212072372437,0,1,0.6742491126060486,1,OL
202002636,Austin Markiewicz,2020,OC,0.8083,0.0,0,0.6962884664535522,1,0,0.42030540108680725,0,0,0.002996985102072358,0,0,0.6962884664535522,1,OL
202002647,Robby Rochester,2020,OT,0.8081,42.7882,1,0.7751100063323975,1,0,0.5858862996101379,1,0,0.0023305071517825127,0,1,0.7751100063323975,1,OL
202002648,Dominic Collado,2020,OG,0.8074,0.0,0,0.8196263313293457,1,0,0.6974689364433289,1,0,0.007173257414251566,0,0,0.8196263313293457,1,OL
202002649,Anthony Vacula,2020,OG,0.8074,0.0,0,0.7816872596740723,1,0,0.4443359673023224,0,0,0.00040339099359698594,0,0,0.7816872596740723,1,OL
202002651,Brady Wilson,2020,OC,0.8074,68.2482,1,0.9092541933059692,1,1,0.4573228061199188,0,0,0.0007517092162743211,0,1,0.9092541933059692,1,OL
202002652,Mason Cook,2020,OG,0.8074,61.6107,1,0.5597805976867676,1,1,0.30242398381233215,0,0,0.010144091211259365,0,1,0.5597805976867676,1,OL
202002674,Ronald Novosedliak,2020,OT,0.8067,0.0,0,0.5172470211982727,1,0,0.3486557602882385,0,0,0.02843177691102028,0,0,0.5172470211982727,1,OL
202002680,Trenton Scott,2020,OT,0.8067,58.9894,1,0.5217209458351135,1,1,0.39928996562957764,0,0,0.0021296031773090363,0,1,0.5217209458351135,1,OL
202002686,Parker Rogers,2020,OT,0.8059,0.0,0,0.6020711660385132,1,0,0.44765689969062805,0,0,0.006402847357094288,0,0,0.6020711660385132,1,OL
202002699,Andy Buttrell,2020,OT,0.8056,0.0,0,0.6169668436050415,1,0,0.388009250164032,0,0,0.0007323365425691009,0,0,0.6169668436050415,1,OL
202002707,Jalen Grant,2020,OG,0.8056,78.072,1,0.7029507756233215,1,1,0.7174249887466431,1,0,0.005961139220744371,0,1,0.7029507756233215,1,OL
202002710,Sean Timmis,2020,OT,0.8056,0.0,0,0.7125460505485535,1,0,0.5945836901664734,1,0,0.0008576285326853395,0,0,0.7125460505485535,1,OL
202002712,Jack Taylor,2020,OT,0.8056,0.0,0,0.542596161365509,1,0,0.3643057942390442,0,0,0.0010930700227618217,0,0,0.542596161365509,1,OL
202002716,Chris Everhart,2020,OG,0.8056,32.1211,1,0.6232973337173462,1,0,0.5230706334114075,1,0,0.00017031012976076454,0,1,0.6232973337173462,1,OL
202002727,Tyler Wagner,2020,OT,0.8052,0.0,0,0.5600283145904541,1,0,0.3456834852695465,0,0,0.0005019906675443053,0,0,0.5600283145904541,1,OL
202002740,Noah Smith,2020,OT,0.8041,62.1984,1,0.5898630619049072,1,1,0.3305353820323944,0,0,0.0009511190582998097,0,1,0.5898630619049072,1,OL
202002742,Zack Early,2020,OT,0.8037,0.0,0,0.6745128035545349,1,0,0.4611668288707733,0,0,0.00030874754884280264,0,0,0.6745128035545349,1,OL
202002745,Charlie Nank,2020,OT,0.8033,49.3487,1,0.6448578238487244,1,0,0.3085111379623413,0,0,0.00019687390886247158,0,1,0.6448578238487244,1,OL
202002747,Seth Thompson,2020,OC,0.8033,42.0374,1,0.6228362917900085,1,0,0.5449071526527405,1,0,0.005722644738852978,0,1,0.6228362917900085,1,OL
202002768,Tyler Thomas,2020,OG,0.8022,0.0,0,0.663608968257904,1,0,0.37268760800361633,0,0,0.000949755369219929,0,0,0.663608968257904,1,OL
202002773,Aaron Porter,2020,OG,0.8019,0.0,0,0.5716134309768677,1,0,0.44267985224723816,0,0,0.00037774574593640864,0,0,0.5716134309768677,1,OL
202002782,Gage Bassham,2020,OT,0.8011,0.0,0,0.5569047927856445,1,0,0.47579044103622437,0,0,0.0001855064183473587,0,0,0.5569047927856445,1,OL
202002786,Nate Heidecker,2020,OT,0.8007,0.0,0,0.6224819421768188,1,0,0.4632926285266876,0,0,0.00370566314086318,0,0,0.6224819421768188,1,OL
202002802,RJ Taylor,2020,OT,0.8006,0.0,0,0.6460347771644592,1,0,0.3644998371601105,0,0,0.00016967830015346408,0,0,0.6460347771644592,1,OL
202002815,Conner Griffin,2020,OG,0.8004,35.9179,1,0.7780175805091858,1,0,0.6050589680671692,1,0,0.0005629212828353047,0,1,0.7780175805091858,1,OL
202002817,Sidney Walker,2020,OC,0.8004,52.2654,1,0.618678629398346,1,1,0.48282137513160706,0,0,0.004388503264635801,0,1,0.618678629398346,1,OL
202002821,Mose Vavao,2020,OG,0.8,66.5545,1,0.6984671950340271,1,1,0.23341231048107147,0,0,0.0002283037028973922,0,1,0.6984671950340271,1,OL
202002864,Colin Moroney,2020,OT,0.8,0.0,0,0.485344797372818,0,0,0.33232298493385315,0,0,0.0007229724433273077,0,0,0.485344797372818,0,OL
202002907,Michael Ford Jr,2020,OG,0.8,81.2331,1,0.8200994729995728,1,1,0.7269144058227539,1,1,0.0007202907581813633,0,1,0.8200994729995728,1,OL
202002921,Walter Stribling,2020,OT,0.8,50.9306,1,0.3573105037212372,0,1,0.3551945388317108,0,0,0.003417553612962365,0,1,0.3573105037212372,0,OL
202002929,Javan Bouton,2020,OG,0.8,0.0,0,0.6710502505302429,1,0,0.5168628692626953,1,0,0.0006275076302699745,0,0,0.6710502505302429,1,OL
202002937,Tyler Stephens,2020,OG,0.8,62.609,1,0.6382938027381897,1,1,0.4214319884777069,0,0,0.0010608859593048692,0,1,0.6382938027381897,1,OL
202002946,Nate Howard,2020,OT,0.8,0.0,0,0.524125337600708,1,0,0.364821195602417,0,0,0.0021883691661059856,0,0,0.524125337600708,1,OL
202002948,JT Zakkak,2020,OG,0.8,0.0,0,0.5830339789390564,1,0,0.12231991440057755,0,0,0.0006503728800453246,0,0,0.5830339789390564,1,OL
202002968,Wyatt Walton,2020,OC,0.8,0.0,0,0.6502599120140076,1,0,0.4836496412754059,0,0,0.0005560279241763055,0,0,0.6502599120140076,1,OL
202002973,Noah Stewart,2020,OT,0.8,36.5083,1,0.6182525157928467,1,0,0.6440441608428955,1,0,0.0025607100687921047,0,1,0.6182525157928467,1,OL
202002989,John Champe,2020,OT,0.7996,70.863,1,0.5409995317459106,1,1,0.3797520697116852,0,0,0.00036852428456768394,0,1,0.5409995317459106,1,OL
202002996,Colt Jackson,2020,OT,0.7985,48.4537,1,0.7061944603919983,1,0,0.43834957480430603,0,0,0.0038347544614225626,0,1,0.7061944603919983,1,OL
202002998,Deacon Allen,2020,OG,0.7985,0.0,0,0.5842189192771912,1,0,0.3702796995639801,0,0,0.00015890342183411121,0,0,0.5842189192771912,1,OL
202003005,Christian Sapp,2020,OG,0.7983,0.0,0,0.6682273149490356,1,0,0.36716175079345703,0,0,0.0002611026866361499,0,0,0.6682273149490356,1,OL
202003006,Ian James,2020,OT,0.7983,0.0,0,0.6752020120620728,1,0,0.3857719600200653,0,0,0.0031131699215620756,0,0,0.6752020120620728,1,OL
202003007,Thor Kracht,2020,OG,0.7983,0.0,0,0.6985659599304199,1,0,0.5538421869277954,1,0,0.004776596091687679,0,0,0.6985659599304199,1,OL
202003008,Caleb Siech,2020,OG,0.7981,39.8952,1,0.4975907504558563,0,0,0.3856137990951538,0,0,0.00018890676437877119,0,1,0.4975907504558563,0,OL
202003010,Kevin Meeder,2020,OT,0.7978,54.1823,1,0.6014646291732788,1,1,0.366451621055603,0,0,0.0002831108868122101,0,1,0.6014646291732788,1,OL
202003060,Jason Morton,2020,OT,0.795,0.0,0,0.6668787598609924,1,0,0.5155134797096252,1,0,0.00022342892771121114,0,0,0.6668787598609924,1,OL
202003064,Matt Fortner,2020,OG,0.7944,0.0,0,0.6797468662261963,1,0,0.5104212164878845,1,0,0.0017757642781361938,0,0,0.6797468662261963,1,OL
202003083,James Faminu,2020,OT,0.7933,54.1738,1,0.4490317404270172,0,1,0.4162694215774536,0,0,0.0014095542719587684,0,1,0.4490317404270172,0,OL
202003087,Peyton Dunn,2020,OG,0.793,69.0692,1,0.5927945971488953,1,1,0.2946966588497162,0,0,0.0005238293670117855,0,1,0.5927945971488953,1,OL
202003109,Ethan Ingram,2020,OG,0.7906,0.0,0,0.5943474769592285,1,0,0.4006088972091675,0,0,0.0009092019172385335,0,0,0.5943474769592285,1,OL
202003200,Max Kalny,2020,OG,0.79,0.0,0,0.4702725112438202,0,0,0.26792898774147034,0,0,0.0008436553762294352,0,0,0.4702725112438202,0,OL
202003212,Colin Hamilton,2020,OT,0.79,0.0,0,0.5291226506233215,1,0,0.3055357038974762,0,0,0.0008787789265625179,0,0,0.5291226506233215,1,OL
202003264,Matthew Heitmann,2020,OT,0.79,0.0,0,0.5213547945022583,1,0,0.2271243929862976,0,0,0.0013716277899220586,0,0,0.5213547945022583,1,OL
202003295,Talyn Hunter,2020,OT,0.79,0.0,0,0.6161520481109619,1,0,0.4982994496822357,0,0,0.004630581941455603,0,0,0.6161520481109619,1,OL
202003318,Nate Williams,2020,OT,0.7896,64.4917,1,0.5356483459472656,1,1,0.3614686131477356,0,0,0.0024690856225788593,0,1,0.5356483459472656,1,OL
202003355,Ethan Crowe,2020,OC,0.7863,63.9651,1,0.6151972413063049,1,1,0.5684234499931335,1,0,0.000734430446755141,0,1,0.6151972413063049,1,OL
202003356,Corey Stewart,2020,OT,0.7856,67.5164,1,0.36324062943458557,0,1,0.24322989583015442,0,0,0.0029684402979910374,0,1,0.36324062943458557,0,OL
202003357,Tony Georges,2020,OG,0.7856,62.989,1,0.5900391340255737,1,1,0.42965710163116455,0,0,0.00042754094465635717,0,1,0.5900391340255737,1,OL
202003380,Costen Cooley,2020,OC,0.7833,55.372,1,0.5480647683143616,1,1,0.48649775981903076,0,0,0.0008134422241710126,0,1,0.5480647683143616,1,OL
202003391,Will Buchanan,2020,OT,0.7822,0.0,0,0.6074932217597961,1,0,0.3332850933074951,0,0,0.0007725190953351557,0,0,0.6074932217597961,1,OL
202003397,Tyler Doty,2020,OT,0.78,63.2308,1,0.4076306223869324,0,1,0.13925719261169434,0,0,0.00046183803351596,0,1,0.4076306223869324,0,OL
202003451,Samuel Todd,2020,OT,0.78,0.0,0,0.5667238235473633,1,0,0.3661308288574219,0,0,0.0011214546393603086,0,0,0.5667238235473633,1,OL
202003473,Kevin Cline,2020,OT,0.78,60.8205,1,0.3585396707057953,0,1,0.3365992605686188,0,0,0.00025362794985994697,0,1,0.3585396707057953,0,OL
202003490,Derrick Graham,2020,OG,0.78,78.9144,1,0.4857928156852722,0,1,0.3641364276409149,0,0,0.0010716277174651623,0,1,0.4857928156852722,0,OL
202003536,Jonny King,2020,OG,0.78,62.2389,1,0.6770032644271851,1,1,0.49168533086776733,0,0,0.00850341934710741,0,1,0.6770032644271851,1,OL
202003555,Alex Wollschlaeger,2020,OT,0.7794,72.7235,1,0.5975731015205383,1,1,0.23518714308738708,0,0,0.008535626344382763,0,1,0.5975731015205383,1,OL
202003559,Chase Mitchell,2020,OT,0.7789,65.4405,1,0.614850640296936,1,1,0.28703027963638306,0,0,0.0002969251072499901,0,1,0.614850640296936,1,OL
202003565,Jack Wilty,2020,OG,0.7783,0.0,0,0.6903364062309265,1,0,0.32359933853149414,0,0,0.0010447242530062795,0,0,0.6903364062309265,1,OL
202003579,Rodney Newsom Jr.,2020,OG,0.7733,55.0582,1,0.5963951349258423,1,1,0.3188183903694153,0,0,0.0007076008478179574,0,1,0.5963951349258423,1,OL
202003599,Ja'von Lyons,2020,OG,0.77,0.0,0,0.6687644720077515,1,0,0.34897899627685547,0,0,0.0005570536013692617,0,0,0.6687644720077515,1,OL
202003650,Sergio Muasau,2020,OG,0.77,59.9455,1,0.7666797637939453,1,1,0.2885891795158386,0,0,0.0002680252946447581,0,1,0.7666797637939453,1,OL
202003687,Jonny Hassard,2020,OG,0.77,68.1806,1,0.6180247664451599,1,1,0.44605886936187744,0,0,0.001025032252073288,0,1,0.6180247664451599,1,OL
202003692,Remon Young,2020,OG,0.77,0.0,0,0.6714528203010559,1,0,0.34792226552963257,0,0,0.0008554065134376287,0,0,0.6714528203010559,1,OL
202003695,Azizi Henry,2020,OG,0.77,43.2813,1,0.5392752885818481,1,0,0.4158811867237091,0,0,0.0005070407642051578,0,1,0.5392752885818481,1,OL
202003697,Jae'vone Brown,2020,OG,0.77,0.0,0,0.7444215416908264,1,0,0.3150244951248169,0,0,0.00013654213398694992,0,0,0.7444215416908264,1,OL
202003713,Chance Carroll,2020,OG,0.7683,58.9492,1,0.6036167740821838,1,1,0.3355350196361542,0,0,0.00031194210168905556,0,1,0.6036167740821838,1,OL
202003732,Chris Hunter,2020,OC,0.7667,0.0,0,0.6914823055267334,1,0,0.26366347074508667,0,0,0.0006906004273332655,0,0,0.6914823055267334,1,OL
202003803,Brent Self,2020,OC,0.76,0.0,0,0.8094916939735413,1,0,0.6272473335266113,1,0,0.01775313727557659,0,0,0.8094916939735413,1,OL
202003827,DJ Bagwell,2020,OG,0.76,0.0,0,0.6118761897087097,1,0,0.4489430785179138,0,0,0.0006910741212777793,0,0,0.6118761897087097,1,OL
202003842,Tex Elliott,2020,OG,0.75,0.0,0,0.6391913890838623,1,0,0.4472564458847046,0,0,0.0009936591377481818,0,0,0.6391913890838623,1,OL
202003849,Kerry Kodanko,2020,OT,0.75,53.4732,1,0.552444577217102,1,1,0.3581617474555969,0,0,0.0007305193576030433,0,1,0.552444577217102,1,OL
202003933,Danny Robinson,2020,OT,0.7,0.0,0,0.319841206073761,0,0,0.133733868598938,0,0,0.0004987832508049905,0,0,0.319841206073761,0,OL
202100003,JC Latham,2021,OT,0.9989,61.0972,1,0.9792596101760864,1,1,0.9192057251930237,1,0,0.010058402083814144,0,1,0.9792596101760864,1,OL
202100006,Tommy Brockermeyer,2021,OT,0.9977,0.0,0,0.9897513389587402,1,0,0.9452584385871887,1,0,0.1197226271033287,0,0,0.9897513389587402,1,OL
202100008,Amarius Mims,2021,OT,0.9956,62.4187,1,0.9913068413734436,1,1,0.8951407074928284,1,0,0.059864580631256104,0,1,0.9913068413734436,1,OL
202100014,Tristan Leigh,2021,OT,0.9921,69.7281,1,0.9412194490432739,1,1,0.919906497001648,1,0,0.08432093262672424,0,1,0.9412194490432739,1,OL
202100016,Nolan Rucci,2021,OT,0.9918,65.1427,1,0.9619680047035217,1,1,0.8192017078399658,1,0,0.03726790472865105,0,1,0.9619680047035217,1,OL
202100019,Donovan Jackson,2021,IOL,0.99,79.4449,1,0.9659802317619324,1,1,0.9719511270523071,1,0,0.01190942618995905,0,1,0.9659802317619324,1,OL
202100036,Kingsley Suamataia,2021,OT,0.9823,50.6962,1,0.9838855266571045,1,1,0.9377289414405823,1,0,0.11490412801504135,0,1,0.9838855266571045,1,OL
202100054,Landon Tengwall,2021,OT,0.9739,44.4029,1,0.9740018248558044,1,0,0.9067220687866211,1,0,0.019526906311511993,0,1,0.9740018248558044,1,OL
202100055,Blake Fisher,2021,OT,0.9738,59.5201,1,0.9843034744262695,1,1,0.897036612033844,1,0,0.028972655534744263,0,1,0.9843034744262695,1,OL
202100060,Rocco Spindler,2021,IOL,0.9713,68.0071,1,0.9926954507827759,1,1,0.8931379318237305,1,0,0.004998633172363043,0,1,0.9926954507827759,1,OL
202100064,Savion Byrd,2021,IOL,0.9706,70.6662,1,0.9623072147369385,1,1,0.9417352080345154,1,0,0.024139806628227234,0,1,0.9623072147369385,1,OL
202100066,Bryce Foster,2021,IOL,0.9703,78.2215,1,0.9683716893196106,1,1,0.9128482341766357,1,0,0.01297091692686081,0,1,0.9683716893196106,1,OL
202100067,Micah Morris,2021,OT,0.9698,74.7783,1,0.9866869449615479,1,1,0.9585278034210205,1,0,0.010157808661460876,0,1,0.9866869449615479,1,OL
202100085,Bram Walden,2021,OT,0.9624,50.4019,1,0.9388704299926758,1,1,0.932811439037323,1,0,0.022004494443535805,0,1,0.9388704299926758,1,OL
202100088,Giovanni El-Hadi,2021,OT,0.9612,72.7463,1,0.9791312217712402,1,1,0.8200139999389648,1,0,0.010075617581605911,0,1,0.9791312217712402,1,OL
202100091,Garrett Dellinger,2021,OT,0.9595,70.3535,1,0.9801387786865234,1,1,0.9554947018623352,1,0,0.008832873776555061,0,1,0.9801387786865234,1,OL
202100098,Dylan Fairchild,2021,IOL,0.9582,67.0967,1,0.9733288884162903,1,1,0.8075164556503296,1,0,0.011247562244534492,0,1,0.9733288884162903,1,OL
202100109,Wyatt Milum,2021,OT,0.9507,74.6004,1,0.8992010354995728,1,1,0.7101360559463501,1,0,0.019954649731516838,0,1,0.8992010354995728,1,OL
202100124,Ben Christman,2021,IOL,0.9437,37.0533,1,0.9573841094970703,1,0,0.8866916298866272,1,0,0.008958696387708187,0,1,0.9573841094970703,1,OL
202100127,Marcus Tate,2021,IOL,0.941,69.385,1,0.9778677225112915,1,1,0.9518791437149048,1,0,0.0015509496442973614,0,1,0.9778677225112915,1,OL
202100131,JP Benzschawel,2021,OT,0.9397,54.8504,1,0.9600345492362976,1,1,0.8787950277328491,1,0,0.0021290124859660864,0,1,0.9600345492362976,1,OL
202100136,Drew Kendall,2021,IOL,0.9392,66.8103,1,0.8724735379219055,1,1,0.6228320598602295,1,0,0.01885185018181801,0,1,0.8724735379219055,1,OL
202100138,Reuben Fatheree II,2021,OT,0.9391,74.3416,1,0.9312185049057007,1,1,0.8665284514427185,1,0,0.0024781334213912487,0,1,0.9312185049057007,1,OL
202100139,Jager Burton,2021,IOL,0.9387,79.3836,1,0.8888911604881287,1,1,0.827163815498352,1,0,0.01441724319010973,0,1,0.8888911604881287,1,OL
202100142,Riley Mahlman,2021,OT,0.9379,76.784,1,0.9473069906234741,1,1,0.7195007801055908,1,0,0.04823550581932068,0,1,0.9473069906234741,1,OL
202100153,David Davidkov,2021,OT,0.9349,0.0,0,0.960681676864624,1,0,0.8553997874259949,1,0,0.18292824923992157,0,0,0.960681676864624,1,OL
202100183,Laurance Seymore,2021,IOL,0.9248,57.3227,1,0.9471169114112854,1,1,0.8040488362312317,1,0,0.04163343459367752,0,1,0.9471169114112854,1,OL
202100184,Owen Prentice,2021,IOL,0.9246,0.0,0,0.8962324261665344,1,0,0.794373631477356,1,0,0.0452837310731411,0,0,0.8962324261665344,1,OL
202100194,James Brockermeyer,2021,IOL,0.9224,62.8867,1,0.6393113732337952,1,1,0.5604994297027588,1,0,0.06393963098526001,0,1,0.6393113732337952,1,OL
202100197,Jackson Powers-Johnson,2021,IOL,0.9216,84.9437,1,0.7802949547767639,1,1,0.7822864651679993,1,1,0.0018386408919468522,0,1,0.7802949547767639,1,OL
202100215,Raheem Anderson II,2021,IOL,0.9178,55.9073,1,0.8944416642189026,1,1,0.7342893481254578,1,0,0.046312179416418076,0,1,0.8944416642189026,1,OL
202100219,Dietrick Pennington,2021,IOL,0.9174,53.6076,1,0.8974837064743042,1,1,0.8122959733009338,1,0,0.012838945724070072,0,1,0.8974837064743042,1,OL
202100232,Teddy Prochazka,2021,OT,0.9145,60.0092,1,0.807161808013916,1,1,0.7367966175079346,1,0,0.004920728970319033,0,1,0.807161808013916,1,OL
202100236,Connor Colby,2021,IOL,0.914,75.0851,1,0.7962511777877808,1,1,0.6152320504188538,1,0,0.0015551983378827572,0,1,0.7962511777877808,1,OL
202100240,Ryan Linthicum,2021,IOL,0.9135,64.5302,1,0.74761962890625,1,1,0.40984562039375305,0,0,0.003664359450340271,0,1,0.74761962890625,1,OL
202100249,Eli Sutton,2021,OT,0.9119,0.0,0,0.8796026706695557,1,0,0.4060458242893219,0,0,0.004545462317764759,0,0,0.8796026706695557,1,OL
202100255,Ezra Dotson-Oyetade,2021,IOL,0.9096,42.284,1,0.6168083548545837,1,0,0.6144668459892273,1,0,0.004262725356966257,0,1,0.6168083548545837,1,OL
202100265,Jaeden Roberts,2021,IOL,0.9084,65.2037,1,0.8035740256309509,1,1,0.6173512935638428,1,0,0.009006764739751816,0,1,0.8035740256309509,1,OL
202100282,Yousef Mugharbil,2021,IOL,0.9057,41.6584,1,0.9321622252464294,1,0,0.797333836555481,1,0,0.048946313560009,0,1,0.9321622252464294,1,OL
202100284,Greg Crippen,2021,IOL,0.9054,72.006,1,0.8795492649078369,1,1,0.6650707125663757,1,0,0.009377379901707172,0,1,0.8795492649078369,1,OL
202100285,Trey Zuhn III,2021,OT,0.9048,80.9867,1,0.6423588395118713,1,1,0.7186814546585083,1,1,0.038724735379219055,0,1,0.6423588395118713,1,OL
202100288,Jonah Miller,2021,IOL,0.904,0.0,0,0.7894927263259888,1,0,0.7823326587677002,1,0,0.06412739306688309,0,0,0.7894927263259888,1,OL
202100306,Zen Michalski,2021,OT,0.9012,66.9884,1,0.8255943059921265,1,1,0.6426057815551758,1,0,0.09464594721794128,0,1,0.8255943059921265,1,OL
202100316,Caleb Johnson,2021,OT,0.9,46.897,1,0.7901609539985657,1,0,0.6714659333229065,1,0,0.032944511622190475,0,1,0.7901609539985657,1,OL
202100330,Rod Orr Jr.,2021,OT,0.8986,38.391,1,0.7117303609848022,1,0,0.6669448614120483,1,0,0.028179001063108444,0,1,0.7117303609848022,1,OL
202100338,Tate Williams,2021,IOL,0.8974,44.524,1,0.7270194888114929,1,0,0.5743972659111023,1,0,0.004466259386390448,0,1,0.7270194888114929,1,OL
202100347,Josh Simmons,2021,IOL,0.8967,62.304,1,0.8286934494972229,1,1,0.5057842135429382,1,0,0.004266850650310516,0,1,0.8286934494972229,1,OL
202100353,Beau Stephens,2021,OT,0.8956,69.0544,1,0.8331732153892517,1,1,0.6565349698066711,1,0,0.15678738057613373,0,1,0.8331732153892517,1,OL
202100354,Caleb Tiernan,2021,OT,0.8956,75.2437,1,0.7886953353881836,1,1,0.5124033093452454,1,0,0.006731865927577019,0,1,0.7886953353881836,1,OL
202100360,Logan Taylor,2021,OT,0.8948,72.3675,1,0.8107551336288452,1,1,0.6777117848396301,1,0,0.04211599379777908,0,1,0.8107551336288452,1,OL
202100365,Michael McLaughlin,2021,OT,0.8938,34.3995,1,0.8348965644836426,1,0,0.625263512134552,1,0,0.019320139661431313,0,1,0.8348965644836426,1,OL
202100386,Mason Murphy,2021,OT,0.8914,77.1569,1,0.7420976758003235,1,1,0.6388837099075317,1,0,0.016673317179083824,0,1,0.7420976758003235,1,OL
202100394,Thomas Cole,2021,OT,0.8904,0.0,0,0.7015464305877686,1,0,0.5942572355270386,1,0,0.0053774528205394745,0,0,0.7015464305877686,1,OL
202100396,Terry Wells,2021,OT,0.8904,0.0,0,0.8986993432044983,1,0,0.6539295315742493,1,0,0.007552846800535917,0,0,0.8986993432044983,1,OL
202100399,Connor Tollison,2021,OT,0.8903,75.6737,1,0.8060978651046753,1,1,0.6706724166870117,1,0,0.06832624226808548,0,1,0.8060978651046753,1,OL
202100400,Joe Alt,2021,OT,0.8901,67.9149,1,0.8004343509674072,1,1,0.6295443773269653,1,0,0.008376218378543854,0,1,0.8004343509674072,1,OL
202100407,Will Parker,2021,OT,0.8893,52.0677,1,0.8209419250488281,1,1,0.5834352970123291,1,0,0.3212142288684845,0,1,0.8209419250488281,1,OL
202100408,Ryan Rodriguez,2021,IOL,0.8893,57.586,1,0.8976590037345886,1,1,0.7037220001220703,1,0,0.006807276513427496,0,1,0.8976590037345886,1,OL
202100414,Remington Strickland,2021,IOL,0.8889,63.196,1,0.8743212819099426,1,1,0.6823026537895203,1,0,0.016277270391583443,0,1,0.8743212819099426,1,OL
202100416,Noah Josey,2021,IOL,0.8889,74.2853,1,0.818162739276886,1,1,0.49928706884384155,0,0,0.016963334754109383,0,1,0.818162739276886,1,OL
202100418,Tristan Bounds,2021,OT,0.8889,52.7174,1,0.773775041103363,1,1,0.6464775800704956,1,0,0.010008386336266994,0,1,0.773775041103363,1,OL
202100428,Geno VanDeMark,2021,IOL,0.8878,72.6781,1,0.7993566989898682,1,1,0.6813849806785583,1,0,0.06499380618333817,0,1,0.7993566989898682,1,OL
202100434,Hayden Conner,2021,OT,0.8873,78.9711,1,0.8477733731269836,1,1,0.6819043755531311,1,0,0.06900757551193237,0,1,0.8477733731269836,1,OL
202100436,Matthew Wykoff,2021,OT,0.887,73.9564,1,0.7937159538269043,1,1,0.6755954027175903,1,0,0.009512524120509624,0,1,0.7937159538269043,1,OL
202100438,Kimo Makane'ole,2021,IOL,0.887,56.6639,1,0.8873180150985718,1,1,0.6943352222442627,1,0,0.006295227445662022,0,1,0.8873180150985718,1,OL
202100450,Jared Wilson,2021,IOL,0.8856,62.6341,1,0.855381965637207,1,1,0.6586217284202576,1,0,0.004751062951982021,0,1,0.855381965637207,1,OL
202100461,Henry Lutovsky,2021,IOL,0.8848,77.2427,1,0.8136902451515198,1,1,0.6799492835998535,1,0,0.015135597437620163,0,1,0.8136902451515198,1,OL
202100464,Andrew Jones,2021,OT,0.8841,0.0,0,0.8349778056144714,1,0,0.6873772740364075,1,0,0.0109577476978302,0,0,0.8349778056144714,1,OL
202100472,Connor Heffernan,2021,IOL,0.8837,0.0,0,0.827754020690918,1,0,0.7195520401000977,1,0,0.020234128460288048,0,0,0.827754020690918,1,OL
202100476,Cullen Montgomery,2021,IOL,0.883,32.4836,1,0.842754602432251,1,0,0.6239796876907349,1,0,0.0035931484308093786,0,1,0.842754602432251,1,OL
202100478,Austin Uke,2021,OT,0.883,48.4427,1,0.7825683355331421,1,0,0.5200677514076233,1,0,0.04051174968481064,0,1,0.7825683355331421,1,OL
202100480,Brody Wisecarver,2021,IOL,0.8826,0.0,0,0.919255256652832,1,0,0.7993289232254028,1,0,0.0022234641946852207,0,0,0.919255256652832,1,OL
202100490,Weston Franklin,2021,IOL,0.8826,71.8617,1,0.8633151650428772,1,1,0.6883572936058044,1,0,0.0014139114646241069,0,1,0.8633151650428772,1,OL
202100506,Cameron James,2021,OT,0.8807,0.0,0,0.8580535650253296,1,0,0.7020353078842163,1,0,0.08799594640731812,0,0,0.8580535650253296,1,OL
202100508,Noah Pulealii,2021,IOL,0.8807,37.4072,1,0.8907628655433655,1,0,0.5831345319747925,1,0,0.0029082957189530134,0,1,0.8907628655433655,1,OL
202100519,Saia Mapakaitolo,2021,OT,0.8804,0.0,0,0.7852415442466736,1,0,0.7073274254798889,1,0,0.006380746141076088,0,0,0.7852415442466736,1,OL
202100525,Enrique Cruz Jr.,2021,OT,0.8796,64.4056,1,0.8849477171897888,1,1,0.7340782284736633,1,0,0.06361817568540573,0,1,0.8849477171897888,1,OL
202100532,Diego Pounds,2021,OT,0.8789,68.7494,1,0.8297474980354309,1,1,0.6673558354377747,1,0,0.04877514764666557,0,1,0.8297474980354309,1,OL
202100539,Gennings Dunker,2021,IOL,0.8785,71.252,1,0.8754264116287231,1,1,0.7429409027099609,1,0,0.027266034856438637,0,1,0.8754264116287231,1,OL
202100549,Cole Carson,2021,OT,0.8781,0.0,0,0.7855314612388611,1,0,0.672652006149292,1,0,0.10253912210464478,0,0,0.7855314612388611,1,OL
202100566,Austin Barber,2021,OT,0.8763,79.7613,1,0.7877901196479797,1,1,0.5686289072036743,1,0,0.024861251935362816,0,1,0.7877901196479797,1,OL
202100575,Bryson Estes,2021,IOL,0.8759,53.6132,1,0.8428981900215149,1,1,0.79599928855896,1,0,0.00660285446792841,0,1,0.8428981900215149,1,OL
202100581,Jayden Williams,2021,OT,0.8756,72.1317,1,0.6715345978736877,1,1,0.5487583875656128,1,0,0.005485584493726492,0,1,0.6715345978736877,1,OL
202100603,Bastian Swinney,2021,IOL,0.8741,59.7072,1,0.8624477982521057,1,1,0.6587234139442444,1,0,0.005003245547413826,0,1,0.8624477982521057,1,OL
202100618,Pat Coogan,2021,IOL,0.8737,77.9261,1,0.911202609539032,1,1,0.7720640301704407,1,0,0.014395792968571186,0,1,0.911202609539032,1,OL
202100622,Tyler Maro,2021,OT,0.8737,56.9944,1,0.7822133898735046,1,1,0.4830625355243683,0,0,0.01239693071693182,0,1,0.7822133898735046,1,OL
202100627,Colby Smith,2021,OT,0.8733,43.9502,1,0.7253174185752869,1,0,0.622959554195404,1,0,0.003621709533035755,0,1,0.7253174185752869,1,OL
202100634,J'Marion Gooch,2021,OT,0.873,0.0,0,0.7368831038475037,1,0,0.41536813974380493,0,0,0.017324017360806465,0,0,0.7368831038475037,1,OL
202100642,Terrence Moore,2021,OT,0.8726,59.2054,1,0.8554815053939819,1,1,0.6841549277305603,1,0,0.04495266452431679,0,1,0.8554815053939819,1,OL
202100646,Garner Langlo,2021,IOL,0.8726,49.0914,1,0.777534544467926,1,0,0.4955618977546692,0,0,0.0009112361003644764,0,1,0.777534544467926,1,OL
202100672,Hugh Laughlin,2021,OT,0.8707,0.0,0,0.7563124299049377,1,0,0.6584639549255371,1,0,0.031373530626297,0,0,0.7563124299049377,1,OL
202100674,Ethan Boyd,2021,OT,0.8707,55.4948,1,0.6934689283370972,1,1,0.579986572265625,1,0,0.0068230596370995045,0,1,0.6934689283370972,1,OL
202100676,Logan Purcell,2021,OT,0.8707,0.0,0,0.8578299880027771,1,0,0.5688101053237915,1,0,0.0018134242855012417,0,0,0.8578299880027771,1,OL
202100698,Jake Slaughter,2021,IOL,0.8693,72.8614,1,0.8564471006393433,1,1,0.6565184593200684,1,0,0.0016618960071355104,0,1,0.8564471006393433,1,OL
202100703,Luke Collinsworth,2021,OT,0.8689,0.0,0,0.7508466839790344,1,0,0.781380295753479,1,0,0.01816493645310402,0,0,0.7508466839790344,1,OL
202100705,Royce White,2021,OT,0.8689,32.4836,1,0.816326916217804,1,0,0.7978713512420654,1,0,0.022112000733613968,0,1,0.816326916217804,1,OL
202100711,Garrett DiGiorgio,2021,OT,0.8685,80.5985,1,0.5336609482765198,1,1,0.4512839615345001,0,1,0.003354361979290843,0,1,0.5336609482765198,1,OL
202100714,Michael Gonzalez,2021,IOL,0.8685,76.4312,1,0.8069577217102051,1,1,0.5815965533256531,1,0,0.003926550038158894,0,1,0.8069577217102051,1,OL
202100726,Mao Glynn II,2021,IOL,0.8681,41.2789,1,0.890079915523529,1,0,0.7159603238105774,1,0,0.008672373369336128,0,1,0.890079915523529,1,OL
202100733,Jack Tucker,2021,OT,0.8674,56.5728,1,0.6863096356391907,1,1,0.621230959892273,1,0,0.037925835698843,0,1,0.6863096356391907,1,OL
202100735,Joshua Sales Jr.,2021,OT,0.8674,57.2729,1,0.8071964383125305,1,1,0.764273464679718,1,0,0.00646015303209424,0,1,0.8071964383125305,1,OL
202100751,Kolinu'u Faaiu,2021,IOL,0.8667,0.0,0,0.8051901459693909,1,0,0.7178361415863037,1,0,0.0024923188611865044,0,0,0.8051901459693909,1,OL
202100758,David Wohlabaugh Jr.,2021,OT,0.8663,50.8706,1,0.8415214419364929,1,1,0.6372654438018799,1,0,0.0069725061766803265,0,1,0.8415214419364929,1,OL
202100764,Jason White,2021,OT,0.8663,0.0,0,0.7727600336074829,1,0,0.5038931965827942,1,0,0.0070242732763290405,0,0,0.7727600336074829,1,OL
202100765,Brandon Honorable,2021,OT,0.8663,0.0,0,0.7967907786369324,1,0,0.644228458404541,1,0,0.004854786209762096,0,0,0.7967907786369324,1,OL
202100766,Noah Bolticoff,2021,IOL,0.8663,37.0901,1,0.41092419624328613,0,0,0.24030865728855133,0,0,0.0014774329029023647,0,1,0.41092419624328613,0,OL
202100768,Jack Leyrer,2021,OT,0.8663,57.124,1,0.7925209403038025,1,1,0.5896744728088379,1,0,0.040642473846673965,0,1,0.7925209403038025,1,OL
202100770,Cedrick Nicely,2021,OT,0.8663,34.5939,1,0.6668447256088257,1,0,0.596764087677002,1,0,0.009771586395800114,0,1,0.6668447256088257,1,OL
202100773,Terrence Enos Jr.,2021,OT,0.8659,57.8904,1,0.8027452230453491,1,1,0.6503177881240845,1,0,0.03899344429373741,0,1,0.8027452230453491,1,OL
202100783,Tomas Rimac,2021,OT,0.8656,74.5421,1,0.8062314987182617,1,1,0.5780812501907349,1,0,0.02180708386003971,0,1,0.8062314987182617,1,OL
202100788,Aaron Gunn,2021,IOL,0.8652,38.9306,1,0.8455768823623657,1,0,0.6850893497467041,1,0,0.0005637204740196466,0,1,0.8455768823623657,1,OL
202100795,Austin Barry,2021,OT,0.8652,0.0,0,0.5785875916481018,1,0,0.5234838724136353,1,0,0.002550639444962144,0,0,0.5785875916481018,1,OL
202100798,Andrew Leingang,2021,IOL,0.8652,68.5794,1,0.741657018661499,1,1,0.49152490496635437,0,0,0.0045305839739739895,0,1,0.741657018661499,1,OL
202100800,Zereoue Williams,2021,OT,0.8652,54.9426,1,0.6442549824714661,1,1,0.6563923954963684,1,0,0.003694098675623536,0,1,0.6442549824714661,1,OL
202100802,Jakiah Leftwich,2021,OT,0.8652,60.3234,1,0.7471522688865662,1,1,0.5905657410621643,1,0,0.014434571377933025,0,1,0.7471522688865662,1,OL
202100808,Ty Buchanan,2021,IOL,0.8648,60.1228,1,0.8011284470558167,1,1,0.5696472525596619,1,0,0.004681464750319719,0,1,0.8011284470558167,1,OL
202100822,Elia Migao,2021,IOL,0.8641,30.9811,1,0.8677578568458557,1,0,0.6223863363265991,1,0,0.006886875256896019,0,1,0.8677578568458557,1,OL
202100828,Isaia Glass,2021,OT,0.8641,72.6105,1,0.7640763521194458,1,1,0.6268011331558228,1,0,0.01822342537343502,0,1,0.7640763521194458,1,OL
202100834,Jacoby Jackson,2021,OT,0.8633,61.5952,1,0.7934399843215942,1,1,0.6441285014152527,1,0,0.3051877021789551,0,1,0.7934399843215942,1,OL
202100835,Thornton Gentry,2021,IOL,0.8633,49.6166,1,0.6498224139213562,1,0,0.5393036007881165,1,0,0.007422822993248701,0,1,0.6498224139213562,1,OL
202100852,Justin Pickett,2021,IOL,0.863,69.9861,1,0.7397944927215576,1,1,0.46837136149406433,0,0,0.0025387639179825783,0,1,0.7397944927215576,1,OL
202100855,Paul Rodriguez,2021,OT,0.863,40.7629,1,0.7796936631202698,1,0,0.6056556701660156,1,0,0.08792604506015778,0,1,0.7796936631202698,1,OL
202100866,Jaden Lindsay,2021,IOL,0.8622,0.0,0,0.6322801113128662,1,0,0.44641387462615967,0,0,0.014818841591477394,0,0,0.6322801113128662,1,OL
202100868,Michael Myslinski,2021,IOL,0.8622,52.0018,1,0.8231522440910339,1,1,0.4650208652019501,0,0,0.0013367325300350785,0,1,0.8231522440910339,1,OL
202100869,Tyler Needham,2021,OT,0.8622,62.5011,1,0.660483717918396,1,1,0.43265092372894287,0,0,0.018833421170711517,0,1,0.660483717918396,1,OL
202100877,Erick Cade,2021,OT,0.8619,45.1608,1,0.8000124096870422,1,0,0.4759669899940491,0,0,0.010992612689733505,0,1,0.8000124096870422,1,OL
202100878,Colin Henrich,2021,IOL,0.8619,0.0,0,0.8367979526519775,1,0,0.5256813168525696,1,0,0.0009167424868792295,0,0,0.8367979526519775,1,OL
202100904,Maximus Gibbs,2021,IOL,0.8607,44.3604,1,0.7707138061523438,1,0,0.5820879340171814,1,0,0.0024982686154544353,0,1,0.7707138061523438,1,OL
202100906,Jaleel Davis,2021,OT,0.8607,53.3559,1,0.8725112080574036,1,1,0.5344081521034241,1,0,0.026430420577526093,0,1,0.8725112080574036,1,OL
202100908,Jaydon Collins,2021,OT,0.8607,34.5712,1,0.7513529658317566,1,0,0.6373218894004822,1,0,0.014299357309937477,0,1,0.7513529658317566,1,OL
202100911,Jim Bonifas,2021,OT,0.8607,66.0163,1,0.7927549481391907,1,1,0.5472428202629089,1,0,0.012743478640913963,0,1,0.7927549481391907,1,OL
202100937,Colston Powers,2021,OT,0.8589,0.0,0,0.7004812955856323,1,0,0.652220606803894,1,0,0.006154047790914774,0,0,0.7004812955856323,1,OL
202100952,Jaelin Alstott-VanDeVanter,2021,OT,0.8589,0.0,0,0.7936976552009583,1,0,0.513651430606842,1,0,0.0039689866825938225,0,0,0.7936976552009583,1,OL
202100958,Anthony Rosas,2021,IOL,0.8585,32.4556,1,0.819452702999115,1,0,0.3543306589126587,0,0,0.0013018015306442976,0,1,0.819452702999115,1,OL
202100982,Vince Fiacable,2021,IOL,0.8578,0.0,0,0.7795189023017883,1,0,0.62046879529953,1,0,0.002829248085618019,0,0,0.7795189023017883,1,OL
202100985,Ty Furnish,2021,IOL,0.8578,69.9697,1,0.7542129158973694,1,1,0.5032343864440918,1,0,0.018104471266269684,0,1,0.7542129158973694,1,OL
202100994,Kenneth Bannister,2021,OT,0.8574,48.3654,1,0.7314557433128357,1,0,0.5632889270782471,1,0,0.013907190412282944,0,1,0.7314557433128357,1,OL
202101018,George Jackson,2021,OT,0.8563,0.0,0,0.8547191023826599,1,0,0.5011036992073059,1,0,0.007874843664467335,0,0,0.8547191023826599,1,OL
202101020,Ethan Mort,2021,OT,0.8563,0.0,0,0.6325098276138306,1,0,0.38291919231414795,0,0,0.00716891884803772,0,0,0.6325098276138306,1,OL
202101025,Charlie Patterson,2021,OT,0.8563,41.153,1,0.5949539542198181,1,0,0.4114494323730469,0,0,0.012166445143520832,0,1,0.5949539542198181,1,OL
202101027,Ross Ulugalu-Maseuli,2021,IOL,0.8563,61.4326,1,0.7526142001152039,1,1,0.3979283273220062,0,0,0.0006740507669746876,0,1,0.7526142001152039,1,OL
202101036,Matt Gulbin,2021,IOL,0.8556,71.68,1,0.606108546257019,1,1,0.521375834941864,1,0,0.004298271611332893,0,1,0.606108546257019,1,OL
202101044,Jackson Carsello,2021,OT,0.8556,64.7048,1,0.8171899914741516,1,1,0.5230755805969238,1,0,0.18398988246917725,0,1,0.8171899914741516,1,OL
202101046,Devon Manuel,2021,OT,0.8556,51.5474,1,0.5959427356719971,1,1,0.5053489208221436,1,0,0.006830547470599413,0,1,0.5959427356719971,1,OL
202101059,Marcus Mbow,2021,OT,0.8556,66.5315,1,0.914766252040863,1,1,0.692027747631073,1,0,0.006676760036498308,0,1,0.914766252040863,1,OL
202101062,Josh Kreutz,2021,IOL,0.8556,75.988,1,0.8941571116447449,1,1,0.7165852785110474,1,0,0.012949238531291485,0,1,0.8941571116447449,1,OL
202101064,Kamron Scott,2021,IOL,0.8556,0.0,0,0.7006361484527588,1,0,0.5520275831222534,1,0,0.0011242422042414546,0,0,0.7006361484527588,1,OL
202101070,Zach Richards,2021,IOL,0.8552,0.0,0,0.7711769342422485,1,0,0.627995491027832,1,0,0.0009929867228493094,0,0,0.7711769342422485,1,OL
202101086,Max Merril,2021,OT,0.8544,0.0,0,0.7237399816513062,1,0,0.5611265301704407,1,0,0.07049746811389923,0,0,0.7237399816513062,1,OL
202101133,Otto Hess,2021,OT,0.8522,53.6412,1,0.8776010274887085,1,1,0.5035582184791565,1,0,0.022060304880142212,0,1,0.8776010274887085,1,OL
202101140,Logan Nobles,2021,OT,0.8522,0.0,0,0.7267225384712219,1,0,0.6098551154136658,1,0,0.006230591796338558,0,0,0.7267225384712219,1,OL
202101149,Braylen Nelson,2021,OT,0.8519,61.6732,1,0.5226460695266724,1,1,0.43676361441612244,0,0,0.002927419263869524,0,1,0.5226460695266724,1,OL
202101157,Ryan Lange,2021,OT,0.8511,0.0,0,0.7073032855987549,1,0,0.588714599609375,1,0,0.003506734501570463,0,0,0.7073032855987549,1,OL
202101159,Ivan Shultz,2021,IOL,0.8511,0.0,0,0.7650508880615234,1,0,0.5479465126991272,1,0,0.0013790446100756526,0,0,0.7650508880615234,1,OL
202101165,Austin Weiner,2021,OT,0.8511,0.0,0,0.410381019115448,0,0,0.504602313041687,1,0,0.0024147387593984604,0,0,0.410381019115448,0,OL
202101187,Albert Reese IV,2021,OT,0.8507,0.0,0,0.672837495803833,1,0,0.3663219213485718,0,0,0.005133317317813635,0,0,0.672837495803833,1,OL
202101200,Leander Wiegand,2021,OT,0.85,0.0,0,0.3287738561630249,0,0,0.36747875809669495,0,0,0.005067166872322559,0,0,0.3287738561630249,0,OL
202101206,Carson Walker,2021,IOL,0.85,0.0,0,0.6903461217880249,1,0,0.4534611999988556,0,0,0.0044565023854374886,0,0,0.6903461217880249,1,OL
202101216,De'Kedrick Sterns,2021,OT,0.85,0.0,0,0.7825368046760559,1,0,0.5546002984046936,1,0,0.013093040324747562,0,0,0.7825368046760559,1,OL
202101218,Lyndon Cooper,2021,IOL,0.85,65.9509,1,0.5773521661758423,1,1,0.4264025092124939,0,0,0.000554154219571501,0,1,0.5773521661758423,1,OL
202101239,JonDarius Morgan,2021,OT,0.8489,59.8541,1,0.6966486573219299,1,1,0.42583194375038147,0,0,0.0005931617924943566,0,1,0.6966486573219299,1,OL
202101242,Armon Bethea,2021,IOL,0.8485,34.7179,1,0.6581432223320007,1,0,0.4689921736717224,0,0,0.0012852773070335388,0,1,0.6581432223320007,1,OL
202101244,Erik Russell,2021,OT,0.8485,56.6092,1,0.7186230421066284,1,1,0.5688386559486389,1,0,0.0012129655806347728,0,1,0.7186230421066284,1,OL
202101246,Mahamane Moussa,2021,OT,0.8485,78.1713,1,0.7534612417221069,1,1,0.5416902899742126,1,0,0.0023532486520707607,0,1,0.7534612417221069,1,OL
202101260,Micah Pettus,2021,OT,0.8478,71.72,1,0.552217960357666,1,1,0.43475183844566345,0,0,0.001319591305218637,0,1,0.552217960357666,1,OL
202101265,Gabe Blair,2021,IOL,0.8478,65.8319,1,0.6307337880134583,1,1,0.4792984127998352,0,0,0.00023933702323120087,0,1,0.6307337880134583,1,OL
202101277,Gabe Cavazos,2021,OT,0.8478,47.1538,1,0.4989650249481201,0,0,0.24584640562534332,0,0,0.00247369147837162,0,1,0.4989650249481201,0,OL
202101291,Josh Thompson,2021,IOL,0.8467,70.4738,1,0.6213188171386719,1,1,0.5454497337341309,1,0,0.004000931512564421,0,1,0.6213188171386719,1,OL
202101299,Adrein Strickland,2021,OT,0.8467,54.3128,1,0.684729814529419,1,1,0.5098416805267334,1,0,0.00916089303791523,0,1,0.684729814529419,1,OL
202101315,Eli Richey,2021,IOL,0.8463,40.7987,1,0.6018471121788025,1,0,0.407668799161911,0,0,0.0027354860212653875,0,1,0.6018471121788025,1,OL
202101316,Ryan Lengyel,2021,OT,0.8463,61.1804,1,0.7253432869911194,1,1,0.531210720539093,1,0,0.013884282670915127,0,1,0.7253432869911194,1,OL
202101329,Dylan Rollins,2021,OT,0.8456,0.0,0,0.6552431583404541,1,0,0.41795700788497925,0,0,0.004755378235131502,0,0,0.6552431583404541,1,OL
202101333,Troy Everett,2021,IOL,0.8456,61.6497,1,0.5897592902183533,1,1,0.505946695804596,1,0,0.000594944751355797,0,1,0.5897592902183533,1,OL
202101360,Dodge Sauser,2021,OT,0.8444,0.0,0,0.6166029572486877,1,0,0.4380434453487396,0,0,0.009560068137943745,0,0,0.6166029572486877,1,OL
202101367,Kalan Ellis,2021,IOL,0.8444,60.7612,1,0.745951235294342,1,1,0.5593064427375793,1,0,0.001700947410427034,0,1,0.745951235294342,1,OL
202101368,Joseph Amos,2021,OT,0.8444,0.0,0,0.6980719566345215,1,0,0.37070605158805847,0,0,0.001667297212406993,0,0,0.6980719566345215,1,OL
202101371,Edgar Amaya,2021,IOL,0.8444,0.0,0,0.6315557956695557,1,0,0.3734028935432434,0,0,0.00048181641614064574,0,0,0.6315557956695557,1,OL
202101378,Robert Wyrsch,2021,OT,0.8441,0.0,0,0.5572717785835266,1,0,0.3315187096595764,0,0,0.0031119626946747303,0,0,0.5572717785835266,1,OL
202101399,Jackson Anderson,2021,IOL,0.8426,0.0,0,0.7158697843551636,1,0,0.5339816808700562,1,0,0.0011311592534184456,0,0,0.7158697843551636,1,OL
202101410,Weston Jones,2021,OT,0.8422,0.0,0,0.6450363397598267,1,0,0.5934757590293884,1,0,0.002460025018081069,0,0,0.6450363397598267,1,OL
202101412,Kevin Wigenton II,2021,IOL,0.8422,60.1085,1,0.49587956070899963,0,1,0.43321338295936584,0,0,0.0035441028885543346,0,1,0.49587956070899963,0,OL
202101415,Chris Adams,2021,OT,0.8422,62.6591,1,0.7656229734420776,1,1,0.6327983736991882,1,0,0.010125095956027508,0,1,0.7656229734420776,1,OL
202101452,Gage Pitchford,2021,OT,0.8411,60.0304,1,0.6160622239112854,1,1,0.436738520860672,0,0,0.005224549677222967,0,1,0.6160622239112854,1,OL
202101465,Rolan Fullwood,2021,IOL,0.8404,34.6053,1,0.6404580473899841,1,0,0.41178375482559204,0,0,0.0009633504669182003,0,1,0.6404580473899841,1,OL
202101466,Dominic Eldridge,2021,OT,0.8404,0.0,0,0.7020276188850403,1,0,0.4973331689834595,0,0,0.01568475551903248,0,0,0.7020276188850403,1,OL
202101469,Ethan Onianwa,2021,IOL,0.8404,62.3367,1,0.6681135296821594,1,1,0.5088605284690857,1,0,0.0012070777593180537,0,1,0.6681135296821594,1,OL
202101471,Brock Dieu,2021,IOL,0.84,62.9976,1,0.7155783772468567,1,1,0.49670955538749695,0,0,0.003835435723885894,0,1,0.7155783772468567,1,OL
202101485,Dylan Jemtegaard,2021,IOL,0.8393,0.0,0,0.5833432674407959,1,0,0.7191743850708008,1,0,0.006670539267361164,0,0,0.5833432674407959,1,OL
202101509,Kyjuan Phillips,2021,IOL,0.8389,0.0,0,0.505342960357666,1,0,0.46491724252700806,0,0,0.0032434698659926653,0,0,0.505342960357666,1,OL
202101511,Gunnar Hansen,2021,IOL,0.8389,77.0722,1,0.5604588985443115,1,1,0.43412119150161743,0,0,0.0017476883949711919,0,1,0.5604588985443115,1,OL
202101512,Ryan O'Hair,2021,OT,0.8389,0.0,0,0.5937659740447998,1,0,0.5052006840705872,1,0,0.007368451450020075,0,0,0.5937659740447998,1,OL
202101526,Richard Pearce,2021,IOL,0.8381,55.2904,1,0.5848422646522522,1,1,0.5105319619178772,1,0,0.0004574419290293008,0,1,0.5848422646522522,1,OL
202101535,Davion Weatherspoon,2021,IOL,0.837,54.7297,1,0.6482032537460327,1,1,0.46763285994529724,0,0,0.0009322411497123539,0,1,0.6482032537460327,1,OL
202101550,Ilija Krajnovic,2021,OT,0.837,0.0,0,0.6002679467201233,1,0,0.5176748037338257,1,0,0.007785831578075886,0,0,0.6002679467201233,1,OL
202101555,Corey Robinson II,2021,OT,0.8367,0.0,0,0.729153037071228,1,0,0.4175238311290741,0,0,0.02284485660493374,0,0,0.729153037071228,1,OL
202101579,Anton Ambuehl,2021,OT,0.8363,53.5711,1,0.6244007349014282,1,1,0.3385835289955139,0,0,0.03142145276069641,0,1,0.6244007349014282,1,OL
202101589,George Miki-Han,2021,IOL,0.8356,40.1387,1,0.8257429003715515,1,0,0.6388416290283203,1,0,0.0004879113403148949,0,1,0.8257429003715515,1,OL
202101598,Ronnie Garza,2021,OT,0.8356,39.401,1,0.6734826564788818,1,0,0.4771457016468048,0,0,0.034099481999874115,0,1,0.6734826564788818,1,OL
202101611,Carson Briggs,2021,OT,0.8348,0.0,0,0.7533740997314453,1,0,0.4707697331905365,0,0,0.003159759333357215,0,0,0.7533740997314453,1,OL
202101622,Cole Best,2021,IOL,0.8348,60.4609,1,0.6030069589614868,1,1,0.31939423084259033,0,0,0.004189257975667715,0,1,0.6030069589614868,1,OL
202101633,Bryce Biggs,2021,OT,0.8337,43.571,1,0.6885443925857544,1,0,0.5280018448829651,1,0,0.017537042498588562,0,1,0.6885443925857544,1,OL
202101635,Josh Atkins,2021,OT,0.8337,65.6716,1,0.6687953472137451,1,1,0.4284305274486542,0,0,0.0011878495570272207,0,1,0.6687953472137451,1,OL
202101639,Andrew Madrigal,2021,IOL,0.8337,65.8642,1,0.5907279849052429,1,1,0.41054561734199524,0,0,0.0006861580186523497,0,1,0.5907279849052429,1,OL
202101642,Makilan Thomas,2021,IOL,0.8337,60.3162,1,0.6353254318237305,1,1,0.12265639007091522,0,0,0.00031726097222417593,0,1,0.6353254318237305,1,OL
202101645,Christian Hilborn,2021,OT,0.8337,70.0518,1,0.7362725734710693,1,1,0.5094876885414124,1,0,0.000976127979811281,0,1,0.7362725734710693,1,OL
202101665,Christien Hawks,2021,OT,0.8333,0.0,0,0.4736182987689972,0,0,0.23536251485347748,0,0,0.0012352272169664502,0,0,0.4736182987689972,0,OL
202101680,Larson Workman,2021,OT,0.8326,0.0,0,0.7001843452453613,1,0,0.3723640441894531,0,0,0.002988462569192052,0,0,0.7001843452453613,1,OL
202101685,Isaiah World,2021,OT,0.8322,71.271,1,0.5485517978668213,1,1,0.31907516717910767,0,0,0.00464383140206337,0,1,0.5485517978668213,1,OL
202101704,Knox Boyd,2021,OT,0.8315,36.108,1,0.6004643440246582,1,0,0.3819076716899872,0,0,0.0011377735063433647,0,1,0.6004643440246582,1,OL
202101709,Dalton Dueweke,2021,IOL,0.8315,0.0,0,0.5437192916870117,1,0,0.33302998542785645,0,0,0.0025901219341903925,0,0,0.5437192916870117,1,OL
202101710,JT Hand,2021,IOL,0.8315,44.6145,1,0.47156184911727905,0,0,0.3356110751628876,0,0,0.0001931901351781562,0,1,0.47156184911727905,0,OL
202101729,Justin Michael,2021,OT,0.8315,0.0,0,0.4464210271835327,0,0,0.31724873185157776,0,0,0.0023553071077913046,0,0,0.4464210271835327,0,OL
202101730,Austyn Kauhi,2021,OT,0.8315,0.0,0,0.5114818811416626,1,0,0.338206022977829,0,0,0.013232724741101265,0,0,0.5114818811416626,1,OL
202101731,Tyler Magnuson,2021,OT,0.8315,0.0,0,0.6293694972991943,1,0,0.2957109212875366,0,0,0.0023553071077913046,0,0,0.6293694972991943,1,OL
202101747,Rayvon Crum,2021,OT,0.8311,0.0,0,0.6356410384178162,1,0,0.38562482595443726,0,0,0.0007945074466988444,0,0,0.6356410384178162,1,OL
202101749,Cole Essek,2021,OT,0.8307,0.0,0,0.37158119678497314,0,0,0.295217901468277,0,0,0.006045590620487928,0,0,0.37158119678497314,0,OL
202101778,Cord Kringlen,2021,OT,0.8293,0.0,0,0.5877251625061035,1,0,0.4113277494907379,0,0,0.003361994866281748,0,0,0.5877251625061035,1,OL
202101779,Zach Barlev,2021,IOL,0.8293,66.0932,1,0.8099405765533447,1,1,0.5252183675765991,1,0,0.011951178312301636,0,1,0.8099405765533447,1,OL
202101783,Canaan Clark,2021,OT,0.8293,0.0,0,0.5577983260154724,1,0,0.39153632521629333,0,0,0.004185186233371496,0,0,0.5577983260154724,1,OL
202101798,Hutson Lillibridge,2021,IOL,0.8281,37.7256,1,0.6841563582420349,1,0,0.40838050842285156,0,0,0.0003351375926285982,0,1,0.6841563582420349,1,OL
202101799,Henry Buckles,2021,IOL,0.8281,0.0,0,0.8055981397628784,1,0,0.5284653902053833,1,0,0.0003187586844433099,0,0,0.8055981397628784,1,OL
202101802,Jayden Ramsey,2021,OT,0.8281,57.916,1,0.537391185760498,1,1,0.20406076312065125,0,0,0.027052756398916245,0,1,0.537391185760498,1,OL
202101807,Jordan Sandlin,2021,OT,0.8281,0.0,0,0.555182695388794,1,0,0.3090099096298218,0,0,0.002867691684514284,0,0,0.555182695388794,1,OL
202101817,Yakiri Walker,2021,IOL,0.8278,58.6697,1,0.5983917713165283,1,1,0.3722456097602844,0,0,0.004498525056988001,0,1,0.5983917713165283,1,OL
202101819,Jimto Obidegwu,2021,OT,0.8278,63.3797,1,0.6548806428909302,1,1,0.4086182117462158,0,0,0.0010812903055921197,0,1,0.6548806428909302,1,OL
202101826,Marquez Bargman,2021,IOL,0.8274,0.0,0,0.5218650102615356,1,0,0.29879897832870483,0,0,0.0001653929939493537,0,0,0.5218650102615356,1,OL
202101831,Drew Cornelius,2021,IOL,0.827,0.0,0,0.6813772916793823,1,0,0.43389201164245605,0,0,0.0016754198586568236,0,0,0.6813772916793823,1,OL
202101834,Almarion Crim,2021,OT,0.8267,0.0,0,0.6986245512962341,1,0,0.3497500717639923,0,0,0.0005202945321798325,0,0,0.6986245512962341,1,OL
202101837,Wes Hoeh,2021,IOL,0.8267,53.1387,1,0.8493307828903198,1,1,0.7252962589263916,1,0,0.024337943643331528,0,1,0.8493307828903198,1,OL
202101853,Will Jones,2021,OT,0.8267,0.0,0,0.6343084573745728,1,0,0.42948269844055176,0,0,0.00423297006636858,0,0,0.6343084573745728,1,OL
202101855,Isaiah Sillemon,2021,IOL,0.8259,54.2277,1,0.4527626037597656,0,1,0.3283859193325043,0,0,0.0004600600223056972,0,1,0.4527626037597656,0,OL
202101860,Kaden Rogers,2021,IOL,0.8259,0.0,0,0.7393524646759033,1,0,0.46464839577674866,0,0,0.0023606643080711365,0,0,0.7393524646759033,1,OL
202101864,Caleb Cook,2021,IOL,0.8259,58.5116,1,0.8390518426895142,1,1,0.5624886155128479,1,0,0.00030833453638479114,0,1,0.8390518426895142,1,OL
202101869,Andrew Kilfoyl,2021,OT,0.8259,56.7797,1,0.5371367335319519,1,1,0.28062883019447327,0,0,0.0015732686733826995,0,1,0.5371367335319519,1,OL
202101874,Alex Padgett,2021,OT,0.8259,62.2714,1,0.6802061200141907,1,1,0.4470761716365814,0,0,0.003606783924624324,0,1,0.6802061200141907,1,OL
202101879,Sione Hingano,2021,OT,0.8259,0.0,0,0.6157194375991821,1,0,0.4440101683139801,0,0,0.002045242115855217,0,0,0.6157194375991821,1,OL
202101896,Danijel Miletic,2021,IOL,0.8248,0.0,0,0.2620977461338043,0,0,0.3160935640335083,0,0,0.00034322161809541285,0,0,0.2620977461338043,0,OL
202101898,Gus Zilinskas,2021,IOL,0.8248,73.3395,1,0.346504271030426,0,1,0.3614954650402069,0,0,0.0008115360978990793,0,1,0.346504271030426,0,OL
202101906,Luke Pinnick,2021,OT,0.8244,0.0,0,0.6367162466049194,1,0,0.3539593517780304,0,0,0.0003673984610941261,0,0,0.6367162466049194,1,OL
202101911,Josh Gesky,2021,OT,0.8244,72.2809,1,0.7146174311637878,1,1,0.5058679580688477,1,0,0.01482477318495512,0,1,0.7146174311637878,1,OL
202101922,John Long,2021,IOL,0.8237,57.6997,1,0.616052508354187,1,1,0.3845210671424866,0,0,0.00014118553372099996,0,1,0.616052508354187,1,OL
202101928,Okino King,2021,IOL,0.8237,48.8225,1,0.6316861510276794,1,0,0.4547421336174011,0,0,0.00013521550863515586,0,1,0.6316861510276794,1,OL
202101935,BJ Ragland,2021,OT,0.823,28.2878,1,0.5080360770225525,1,0,0.185312882065773,0,0,0.0011852516327053308,0,1,0.5080360770225525,1,OL
202101943,Christian Jones,2021,OT,0.8226,57.5986,1,0.6972813010215759,1,1,0.5223523378372192,1,0,0.0008470586617477238,0,1,0.6972813010215759,1,OL
202101946,Jaden Sandlin,2021,IOL,0.8226,0.0,0,0.511135458946228,1,0,0.47171491384506226,0,0,0.019794099032878876,0,0,0.511135458946228,1,OL
202101949,Luke Lapeze,2021,IOL,0.8226,56.982,1,0.6020950078964233,1,1,0.4462706744670868,0,0,0.0012941345339640975,0,1,0.6020950078964233,1,OL
202101971,Chas Collins,2021,OT,0.8217,0.0,0,0.7030327916145325,1,0,0.2954072952270508,0,0,0.00225856713950634,0,0,0.7030327916145325,1,OL
202101995,Caleb Rodkey,2021,IOL,0.8204,46.0805,1,0.6614205837249756,1,0,0.5483593940734863,1,0,0.00010178356023970991,0,1,0.6614205837249756,1,OL
202101998,Reid Gavin,2021,OT,0.8204,41.6105,1,0.6131782531738281,1,0,0.22929562628269196,0,0,0.00018965484923683107,0,1,0.6131782531738281,1,OL
202102022,Nason Simmons,2021,OT,0.82,0.0,0,0.6217139363288879,1,0,0.45378372073173523,0,0,0.002631245879456401,0,0,0.6217139363288879,1,OL
202102025,Keshaun Jones,2021,OT,0.8196,0.0,0,0.7889351844787598,1,0,0.583855152130127,1,0,0.0013448712415993214,0,0,0.7889351844787598,1,OL
202102027,Andrew Adair,2021,IOL,0.8193,48.9598,1,0.7073957920074463,1,0,0.5497125387191772,1,0,0.00027894272352568805,0,1,0.7073957920074463,1,OL
202102037,Will Jados,2021,OT,0.8189,67.1088,1,0.7026628255844116,1,1,0.39025530219078064,0,0,0.0036476398818194866,0,1,0.7026628255844116,1,OL
202102040,Mason Bundy,2021,OT,0.8189,0.0,0,0.5731276273727417,1,0,0.43310052156448364,0,0,0.005356818903237581,0,0,0.5731276273727417,1,OL
202102045,Kai Peterson-Davison,2021,IOL,0.8185,0.0,0,0.7609862685203552,1,0,0.2958320677280426,0,0,0.0005507415626198053,0,0,0.7609862685203552,1,OL
202102072,River Gordon,2021,IOL,0.817,0.0,0,0.6204084753990173,1,0,0.4126130938529968,0,0,0.00030188928940333426,0,0,0.6204084753990173,1,OL
202102075,Nolan Gorczyca,2021,OT,0.817,55.1219,1,0.6520288586616516,1,1,0.356280118227005,0,0,0.014882310293614864,0,1,0.6520288586616516,1,OL
202102094,Jason Amsler,2021,IOL,0.8167,0.0,0,0.5964008569717407,1,0,0.4107184112071991,0,0,0.003967209253460169,0,0,0.5964008569717407,1,OL
202102107,Trevor Jones,2021,IOL,0.8163,0.0,0,0.4704851806163788,0,0,0.3240198493003845,0,0,0.0012819335097447038,0,0,0.4704851806163788,0,OL
202102115,Caden Barnett,2021,OT,0.8159,66.4515,1,0.6953783631324768,1,1,0.4326818585395813,0,0,0.003534475341439247,0,1,0.6953783631324768,1,OL
202102117,Graham Keating,2021,OT,0.8159,38.2822,1,0.5825665593147278,1,0,0.2744729220867157,0,0,0.003509058151394129,0,1,0.5825665593147278,1,OL
202102147,Anthony Tocchini,2021,IOL,0.8148,0.0,0,0.49393123388290405,0,0,0.36628013849258423,0,0,0.000651703157927841,0,0,0.49393123388290405,0,OL
202102152,Phil Jeffs,2021,OT,0.8148,0.0,0,0.40143832564353943,0,0,0.4259626269340515,0,0,0.0006342660053633153,0,0,0.40143832564353943,0,OL
202102162,Anthony Earle,2021,OT,0.8141,0.0,0,0.5029767155647278,1,0,0.39930272102355957,0,0,6.16798279224895e-05,0,0,0.5029767155647278,1,OL
202102165,Drew Hoth,2021,OT,0.8141,38.9146,1,0.570053219795227,1,0,0.4089145064353943,0,0,0.000976366747636348,0,1,0.570053219795227,1,OL
202102168,Riley Starnes,2021,OT,0.8137,0.0,0,0.6928536891937256,1,0,0.43246880173683167,0,0,0.0011733844876289368,0,0,0.6928536891937256,1,OL
202102178,John Hofer,2021,OT,0.813,60.5774,1,0.649383008480072,1,1,0.45187559723854065,0,0,0.0009823724394664168,0,1,0.649383008480072,1,OL
202102192,Kyle Long,2021,OT,0.8119,61.9813,1,0.6336084008216858,1,1,0.38565197587013245,0,0,0.0013375806156545877,0,1,0.6336084008216858,1,OL
202102199,Josh Toner,2021,IOL,0.8117,59.6863,1,0.37396368384361267,0,1,0.2513498365879059,0,0,0.00036994460970163345,0,1,0.37396368384361267,0,OL
202102223,Drew Beckenhaupt,2021,IOL,0.8115,0.0,0,0.5637060403823853,1,0,0.3726925253868103,0,0,0.00024537017452530563,0,0,0.5637060403823853,1,OL
202102226,Mackey Maillho,2021,IOL,0.8115,0.0,0,0.7416364550590515,1,0,0.47248008847236633,0,0,0.00029850381542928517,0,0,0.7416364550590515,1,OL
202102230,Femi Sakiri,2021,IOL,0.8115,0.0,0,0.501177191734314,1,0,0.4187057316303253,0,0,0.0001976401690626517,0,0,0.501177191734314,1,OL
202102231,Jared Morrow,2021,OT,0.8115,0.0,0,0.5765807628631592,1,0,0.408682256937027,0,0,0.0005914512439630926,0,0,0.5765807628631592,1,OL
202102236,Matthew Pajuste,2021,IOL,0.8111,46.6246,1,0.7016615867614746,1,0,0.4976710081100464,0,0,0.0005544685409404337,0,1,0.7016615867614746,1,OL
202102244,Montavious Cunningham,2021,OT,0.8111,55.6945,1,0.5718846917152405,1,1,0.29989445209503174,0,0,0.0002903349231928587,0,1,0.5718846917152405,1,OL
202102259,Wyatt Lawson,2021,IOL,0.81,55.8777,1,0.4516189992427826,0,1,0.28947940468788147,0,0,0.00018112633551936597,0,1,0.4516189992427826,0,OL
202102263,Brandon MacKinnon,2021,OT,0.8096,0.0,0,0.7821882963180542,1,0,0.6108056306838989,1,0,0.0019788991194218397,0,0,0.7821882963180542,1,OL
202102268,Calvin Muraski,2021,OT,0.8093,32.063,1,0.843340277671814,1,0,0.5700591206550598,1,0,0.008649512194097042,0,1,0.843340277671814,1,OL
202102274,Nate Adams,2021,OT,0.8085,0.0,0,0.6115434765815735,1,0,0.40158262848854065,0,0,0.00091805454576388,0,0,0.6115434765815735,1,OL
202102277,Jack Burnett,2021,IOL,0.8083,52.4691,1,0.529636561870575,1,1,0.26304513216018677,0,0,0.00014126634050626308,0,1,0.529636561870575,1,OL
202102280,Pete Nygra,2021,IOL,0.8081,69.3088,1,0.593299925327301,1,1,0.37143170833587646,0,0,0.001094466308131814,0,1,0.593299925327301,1,OL
202102283,Cort Bradley,2021,IOL,0.8081,0.0,0,0.7041033506393433,1,0,0.32844552397727966,0,0,0.00032763363560661674,0,0,0.7041033506393433,1,OL
202102292,Evan Azzara,2021,OT,0.8081,0.0,0,0.48229271173477173,0,0,0.36021971702575684,0,0,0.0010969348950311542,0,0,0.48229271173477173,0,OL
202102303,Daniel Warnsman,2021,OT,0.8074,47.3055,1,0.6777793169021606,1,0,0.4378919303417206,0,0,0.00044400920160114765,0,1,0.6777793169021606,1,OL
202102313,Trevyn Heil,2021,IOL,0.8067,38.4657,1,0.5707637667655945,1,0,0.4062936305999756,0,0,0.00043018412543460727,0,1,0.5707637667655945,1,OL
202102319,Jaxon McBride,2021,OT,0.8067,0.0,0,0.5029541254043579,1,0,0.32702288031578064,0,0,0.0011548366164788604,0,0,0.5029541254043579,1,OL
202102320,Toby Wilson,2021,IOL,0.8067,46.9422,1,0.6353431940078735,1,0,0.36212486028671265,0,0,0.0012284102849662304,0,1,0.6353431940078735,1,OL
202102325,Phil Gunn,2021,IOL,0.8067,0.0,0,0.653202474117279,1,0,0.4518239200115204,0,0,0.0001136635328293778,0,0,0.653202474117279,1,OL
202102326,Cameron Dye,2021,OT,0.8067,0.0,0,0.4772731363773346,0,0,0.3419095277786255,0,0,0.002072528237476945,0,0,0.4772731363773346,0,OL
202102331,Zavier Leonard,2021,OT,0.8063,0.0,0,0.5460144281387329,1,0,0.30893775820732117,0,0,0.00042775864130817354,0,0,0.5460144281387329,1,OL
202102335,Brayden Swartout,2021,OT,0.8063,58.9693,1,0.4924851655960083,0,1,0.40579283237457275,0,0,0.0004463970544748008,0,1,0.4924851655960083,0,OL
202102339,Carlos Peoples,2021,IOL,0.8059,0.0,0,0.6080989241600037,1,0,0.3410777747631073,0,0,0.00023808295372873545,0,0,0.6080989241600037,1,OL
202102366,Trevor Timmons,2021,IOL,0.8052,64.16,1,0.6641885638237,1,1,0.35542047023773193,0,0,0.0002892275806516409,0,1,0.6641885638237,1,OL
202102380,Eric Meeks,2021,IOL,0.8041,53.7984,1,0.5295249819755554,1,1,0.30319055914878845,0,0,0.004541668575257063,0,1,0.5295249819755554,1,OL
202102390,Daniel Ogundipe,2021,OT,0.8033,0.0,0,0.7799627184867859,1,0,0.49039724469184875,0,0,0.0018517844146117568,0,0,0.7799627184867859,1,OL
202102391,Skyler Grant,2021,IOL,0.8033,55.302,1,0.5711938738822937,1,1,0.34087637066841125,0,0,0.0002822662063408643,0,1,0.5711938738822937,1,OL
202102402,Larry Luna,2021,OT,0.8022,0.0,0,0.6001592874526978,1,0,0.3695521652698517,0,0,0.0007375396089628339,0,0,0.6001592874526978,1,OL
202102406,Jalen Johnson,2021,IOL,0.8019,0.0,0,0.46777206659317017,0,0,0.3008791506290436,0,0,0.00013740808935835958,0,0,0.46777206659317017,0,OL
202102416,Jack Walsh,2021,IOL,0.8007,64.039,1,0.739213228225708,1,1,0.6107562184333801,1,0,0.0043221283704042435,0,1,0.739213228225708,1,OL
202102448,Harrison Hayes,2021,OT,0.8,55.4597,1,0.6452578902244568,1,1,0.3267423212528229,0,0,0.013527394272387028,0,1,0.6452578902244568,1,OL
202102451,Rowan McGwin,2021,OT,0.8,0.0,0,0.5933644771575928,1,0,0.42535078525543213,0,0,0.0036418321542441845,0,0,0.5933644771575928,1,OL
202102454,Andrew Vaught,2021,IOL,0.8,0.0,0,0.6146653294563293,1,0,0.41558465361595154,0,0,0.0024271865841001272,0,0,0.6146653294563293,1,OL
202102462,Robert Rigsby,2021,IOL,0.7993,0.0,0,0.5259562730789185,1,0,0.32225000858306885,0,0,7.088368147378787e-05,0,0,0.5259562730789185,1,OL
202102466,Tom Bambrick,2021,IOL,0.7989,0.0,0,0.4609823226928711,0,0,0.4070240259170532,0,0,8.660520688863471e-05,0,0,0.4609823226928711,0,OL
202102474,Brett Johnson,2021,OT,0.7983,0.0,0,0.6258116960525513,1,0,0.3742160499095917,0,0,0.0004186368314549327,0,0,0.6258116960525513,1,OL
202102484,Jez Janvier,2021,OT,0.7974,0.0,0,0.5480427145957947,1,0,0.38942864537239075,0,0,0.0006032308447174728,0,0,0.5480427145957947,1,OL
202102491,Mykal McLeod,2021,OT,0.7967,0.0,0,0.40343305468559265,0,0,0.18997932970523834,0,0,0.0003112751292064786,0,0,0.40343305468559265,0,OL
202102492,Dawson Hildebrand,2021,IOL,0.7967,0.0,0,0.5599942803382874,1,0,0.5161345601081848,1,0,0.00023225815675687045,0,0,0.5599942803382874,1,OL
202102502,Alex Moore,2021,OT,0.7956,49.5974,1,0.6683467030525208,1,0,0.4285167455673218,0,0,0.0009867572225630283,0,1,0.6683467030525208,1,OL
202102516,Ethan Schlundt,2021,OT,0.7956,27.057,1,0.5694417357444763,1,0,0.3965609669685364,0,0,0.0013514921301975846,0,1,0.5694417357444763,1,OL
202102522,Ethan Spoth,2021,IOL,0.7952,56.0798,1,0.5395799875259399,1,1,0.42294836044311523,0,0,0.0002229677775176242,0,1,0.5395799875259399,1,OL
202102555,Ryan Stewart,2021,OT,0.7919,44.2142,1,0.752630352973938,1,0,0.6387664675712585,1,0,0.0027713673189282417,0,1,0.752630352973938,1,OL
202102563,Colin Lyons,2021,IOL,0.7911,53.5516,1,0.6001886129379272,1,1,0.3064550459384918,0,0,0.0004139347583986819,0,1,0.6001886129379272,1,OL
202102572,Braden Bartosh,2021,IOL,0.7906,47.9335,1,0.5476938486099243,1,0,0.39754197001457214,0,0,0.001451403251849115,0,1,0.5476938486099243,1,OL
202102587,David Hixon,2021,OT,0.7894,41.3206,1,0.49003657698631287,0,0,0.390785276889801,0,0,0.0015263967216014862,0,1,0.49003657698631287,0,OL
202102604,Sam Floysand,2021,IOL,0.7856,40.2092,1,0.5306357145309448,1,0,0.36435601115226746,0,0,0.005946233402937651,0,1,0.5306357145309448,1,OL
202102612,Jake Skelly,2021,OT,0.7852,28.1618,1,0.5697160959243774,1,0,0.2668983042240143,0,0,0.004299734719097614,0,1,0.5697160959243774,1,OL
202102638,Kolby Borders,2021,IOL,0.783,60.8353,1,0.5266848206520081,1,1,0.4647967517375946,0,0,0.0006072772666811943,0,1,0.5266848206520081,1,OL
202102644,Evan Brown,2021,OT,0.7794,0.0,0,0.5662662982940674,1,0,0.4498192071914673,0,0,0.0017072635237127542,0,0,0.5662662982940674,1,OL
202102658,Jackson Kohal,2021,IOL,0.7783,46.9705,1,0.42151105403900146,0,0,0.2308192402124405,0,0,0.0004978883662261069,0,1,0.42151105403900146,0,OL
202102669,Cade Zimmerly,2021,IOL,0.7783,55.2322,1,0.45608872175216675,0,1,0.4353362023830414,0,0,0.0021527553908526897,0,1,0.45608872175216675,0,OL
202102693,Arrison Cole,2021,OT,0.7733,0.0,0,0.46473923325538635,0,0,0.19983257353305817,0,0,0.0010985557455569506,0,0,0.46473923325538635,0,OL
202102694,Bill Katsigiannis,2021,IOL,0.7733,49.7803,1,0.43150022625923157,0,0,0.43982499837875366,0,0,0.005252243019640446,0,1,0.43150022625923157,0,OL
202102695,Joseph Immediato,2021,IOL,0.7733,50.5054,1,0.519231379032135,1,1,0.3326607346534729,0,0,0.000302196538541466,0,1,0.519231379032135,1,OL
202102696,Kenyatta Brannon,2021,IOL,0.7694,0.0,0,0.6734840273857117,1,0,0.28601986169815063,0,0,0.0027301267255097628,0,0,0.6734840273857117,1,OL
202102708,Andrew Threatt,2021,OT,0.7633,0.0,0,0.715171217918396,1,0,0.3858508765697479,0,0,0.0058799730613827705,0,0,0.715171217918396,1,OL
202200010,DJ Campbell,2022,IOL,0.9944,79.5694,1,0.962857723236084,1,1,0.8524433970451355,1,0,0.008129709400236607,0,1,0.962857723236084,1,OL
202200013,Zach Rice,2022,OT,0.9937,45.6046,1,0.9894118905067444,1,0,0.8716545104980469,1,0,0.03940312936902046,0,1,0.9894118905067444,1,OL
202200016,Josh Conerly Jr.,2022,OT,0.9918,69.5083,1,0.9795591831207275,1,1,0.9790690541267395,1,0,0.1717156171798706,0,1,0.9795591831207275,1,OL
202200033,Kelvin Banks Jr.,2022,OT,0.9842,100.0,1,0.9916784763336182,1,1,0.893951952457428,1,1,0.02479594014585018,0,1,0.9916784763336182,1,OL
202200036,Will Campbell,2022,OT,0.983,69.744,1,0.9923673272132874,1,1,0.922427773475647,1,0,0.16816546022891998,0,1,0.9923673272132874,1,OL
202200037,Elijah Pritchett,2022,OT,0.9825,64.9517,1,0.9519374370574951,1,1,0.833055317401886,1,0,0.03678717836737633,0,1,0.9519374370574951,1,OL
202200038,Kiyaunta Goodwin,2022,OT,0.9823,39.3425,1,0.983144998550415,1,0,0.9762822985649109,1,0,0.042332664132118225,0,1,0.983144998550415,1,OL
202200045,Earnest Greene III,2022,IOL,0.9805,63.3621,1,0.9808849096298218,1,1,0.9066181778907776,1,0,0.0141448387876153,0,1,0.9808849096298218,1,OL
202200057,Tyler Booker,2022,OT,0.9766,64.9617,1,0.9902477860450745,1,1,0.9590743184089661,1,0,0.01495144609361887,0,1,0.9902477860450745,1,OL
202200064,Kam Dewberry,2022,IOL,0.9723,75.1481,1,0.9668743014335632,1,1,0.8622955083847046,1,0,0.0017696712166070938,0,1,0.9668743014335632,1,OL
202200069,PJ Williams,2022,OT,0.9711,64.132,1,0.9114616513252258,1,1,0.8653400540351868,1,0,0.1411346197128296,0,1,0.9114616513252258,1,OL
202200085,Joe Brunner,2022,OT,0.9633,64.5109,1,0.9898320436477661,1,1,0.9413707256317139,1,0,0.007343716453760862,0,1,0.9898320436477661,1,OL
202200091,Neto Umeozulu,2022,IOL,0.9599,55.0177,1,0.889689564704895,1,1,0.8832966089248657,1,0,0.02401837334036827,0,1,0.889689564704895,1,OL
202200104,Tegra Tshabola,2022,OT,0.9557,68.8067,1,0.9696601033210754,1,1,0.9616883993148804,1,0,0.12474051117897034,0,1,0.9696601033210754,1,OL
202200110,Emery Jones Jr.,2022,IOL,0.9549,70.6485,1,0.9731302857398987,1,1,0.8991166353225708,1,0,0.0060984292067587376,0,1,0.9731302857398987,1,OL
202200112,Aamil Wagner,2022,OT,0.9548,66.1595,1,0.9227926731109619,1,1,0.6180217266082764,1,0,0.01903683878481388,0,1,0.9227926731109619,1,OL
202200122,Drew Shelton,2022,OT,0.9512,74.0372,1,0.9594964385032654,1,1,0.8508864045143127,1,0,0.030260832980275154,0,1,0.9594964385032654,1,OL
202200138,Jake Taylor,2022,OT,0.9431,54.0239,1,0.9527056813240051,1,1,0.7523185014724731,1,0,0.020144091919064522,0,1,0.9527056813240051,1,OL
202200143,Addison Nichols,2022,IOL,0.9422,63.7731,1,0.9730839133262634,1,1,0.9075073599815369,1,0,0.002953717950731516,0,1,0.9730839133262634,1,OL
202200149,Billy Schrauth,2022,IOL,0.9402,61.3864,1,0.9710795879364014,1,1,0.9615357518196106,1,0,0.01430757250636816,0,1,0.9710795879364014,1,OL
202200152,Julian Armella,2022,IOL,0.9395,56.8654,1,0.9574119448661804,1,1,0.8630338311195374,1,0,0.005056021735072136,0,1,0.9574119448661804,1,OL
202200153,Collin Sadler,2022,OT,0.9394,59.9879,1,0.945824921131134,1,1,0.8285929560661316,1,0,0.01577363722026348,0,1,0.945824921131134,1,OL
202200177,Carson Hinzman,2022,IOL,0.93,70.4393,1,0.9460574388504028,1,1,0.9530753493309021,1,0,0.002857108833268285,0,1,0.9460574388504028,1,OL
202200191,Dave Iuli,2022,IOL,0.9238,67.6178,1,0.8786489367485046,1,1,0.7040894627571106,1,0,0.003146493574604392,0,1,0.8786489367485046,1,OL
202200208,Blake Miller,2022,OT,0.9187,78.5316,1,0.8905187249183655,1,1,0.6675440073013306,1,0,0.4165498614311218,0,1,0.8905187249183655,1,OL
202200214,Jacob Allen,2022,IOL,0.9173,0.0,0,0.7378376126289368,1,0,0.3862811326980591,0,0,0.04850466176867485,0,0,0.7378376126289368,1,OL
202200223,Ty Chan,2022,OT,0.915,56.9574,1,0.9049573540687561,1,1,0.8532806634902954,1,0,0.03439776226878166,0,1,0.9049573540687561,1,OL
202200230,Deshawn Woods,2022,IOL,0.914,0.0,0,0.7793640494346619,1,0,0.5845779180526733,1,0,0.023118972778320312,0,0,0.7793640494346619,1,OL
202200244,George Fitzpatrick,2022,OT,0.9111,52.607,1,0.6239014267921448,1,1,0.5033473372459412,1,0,0.04359759762883186,0,1,0.6239014267921448,1,OL
202200258,Jacob Sexton,2022,OT,0.909,59.6933,1,0.7200636863708496,1,1,0.5361677408218384,1,0,0.015334445051848888,0,1,0.7200636863708496,1,OL
202200266,Hunter Erb,2022,OT,0.9079,48.806,1,0.5119062662124634,1,0,0.6206051707267761,1,0,0.018409132957458496,0,1,0.5119062662124634,1,OL
202200268,Fisher Anderson,2022,OT,0.9068,61.9574,1,0.6057689785957336,1,1,0.25668126344680786,0,0,0.040381841361522675,0,1,0.6057689785957336,1,OL
202200269,Malik Agbo,2022,OT,0.9064,64.4246,1,0.9220111966133118,1,1,0.7632805109024048,1,0,0.018683791160583496,0,1,0.9220111966133118,1,OL
202200291,E'Marion Harris,2022,OT,0.9023,62.4929,1,0.7704206109046936,1,1,0.6013774871826172,1,0,0.045126643031835556,0,1,0.7704206109046936,1,OL
202200305,Lucas Heyer,2022,OT,0.901,0.0,0,0.8412240743637085,1,0,0.681979238986969,1,0,0.012500472366809845,0,0,0.8412240743637085,1,OL
202200308,E.J. Harris,2022,OT,0.9008,48.7401,1,0.7285845875740051,1,0,0.4781120717525482,0,0,0.13233062624931335,0,1,0.7285845875740051,1,OL
202200339,Andrew Chamblee,2022,OT,0.8983,61.4403,1,0.7150818705558777,1,1,0.4367133378982544,0,0,0.03077128157019615,0,1,0.7150818705558777,1,OL
202200348,Grant Bingham,2022,OT,0.8978,0.0,0,0.8652688264846802,1,0,0.8429518938064575,1,0,0.020419510081410408,0,0,0.8652688264846802,1,OL
202200353,Aliou Bah,2022,OT,0.8971,61.9494,1,0.8299095630645752,1,1,0.47568726539611816,0,0,0.06271307170391083,0,1,0.8299095630645752,1,OL
202200358,Qae'Shon Sapp,2022,OT,0.8967,38.0537,1,0.6792059540748596,1,0,0.48982563614845276,0,0,0.10560818016529083,0,1,0.6792059540748596,1,OL
202200360,Ryan Baer,2022,OT,0.8967,66.67,1,0.8363363146781921,1,1,0.6473053693771362,1,0,0.04126952588558197,0,1,0.8363363146781921,1,OL
202200362,Cole Hutson,2022,IOL,0.8965,75.4388,1,0.8847309350967407,1,1,0.6231333613395691,1,0,0.004561759531497955,0,1,0.8847309350967407,1,OL
202200366,Jaylen Early,2022,IOL,0.8961,57.2791,1,0.9032003879547119,1,1,0.6960581541061401,1,0,0.0017143584555014968,0,1,0.9032003879547119,1,OL
202200373,Patrick Kutas,2022,IOL,0.8946,61.4866,1,0.7183884382247925,1,1,0.737659215927124,1,0,0.005877576302736998,0,1,0.7183884382247925,1,OL
202200396,George Maile,2022,IOL,0.8926,57.2978,1,0.8769670128822327,1,1,0.7082250118255615,1,0,0.008764013648033142,0,1,0.8769670128822327,1,OL
202200426,Jacob Hood,2022,OT,0.8902,35.7247,1,0.6651630401611328,1,0,0.5982792377471924,1,0,0.04147407039999962,0,1,0.6651630401611328,1,OL
202200460,Trent Ramsey,2022,OT,0.8867,45.8549,1,0.8826059103012085,1,0,0.5587406754493713,1,0,0.008736233226954937,0,1,0.8826059103012085,1,OL
202200461,DJ Moore,2022,IOL,0.8867,0.0,0,0.8978942036628723,1,0,0.7735946774482727,1,0,0.010847236029803753,0,0,0.8978942036628723,1,OL
202200474,Lucas Taylor,2022,IOL,0.8859,0.0,0,0.8877766728401184,1,0,0.6592725515365601,1,0,0.003977531101554632,0,0,0.8877766728401184,1,OL
202200499,Jacarrius Peak,2022,IOL,0.8841,66.7399,1,0.8547645211219788,1,1,0.6989227533340454,1,0,0.003327127080410719,0,1,0.8547645211219788,1,OL
202200501,Demetrius Hunter,2022,IOL,0.884,60.7169,1,0.857683539390564,1,1,0.5815345644950867,1,0,0.001027952297590673,0,1,0.857683539390564,1,OL
202200505,Jalen Klemm,2022,OT,0.8837,55.445,1,0.687784731388092,1,1,0.6417616009712219,1,0,0.0733916312456131,0,1,0.687784731388092,1,OL
202200508,Mark Nabou Jr.,2022,IOL,0.8837,62.6675,1,0.8094172477722168,1,1,0.6807169914245605,1,0,0.00854750256985426,0,1,0.8094172477722168,1,OL
202200512,Armand Membou,2022,IOL,0.8837,67.0004,1,0.8969486355781555,1,1,0.6432089805603027,1,0,0.0022234641946852207,0,1,0.8969486355781555,1,OL
202200521,Ashton Craig,2022,OT,0.883,55.4129,1,0.8474959135055542,1,1,0.7225412726402283,1,0,0.015371071174740791,0,1,0.8474959135055542,1,OL
202200523,Deuce McGuire,2022,OT,0.8826,49.3323,1,0.6917828917503357,1,0,0.7115278840065002,1,0,0.04820886626839638,0,1,0.6917828917503357,1,OL
202200531,Parker Brailsford,2022,IOL,0.8826,73.1446,1,0.7585657238960266,1,1,0.5819814205169678,1,0,0.007500763516873121,0,1,0.7585657238960266,1,OL
202200539,Tyler Gibson,2022,OT,0.8822,54.8619,1,0.8029268383979797,1,1,0.6945939064025879,1,0,0.04632585868239403,0,1,0.8029268383979797,1,OL
202200549,Johnny Dickson III,2022,IOL,0.8815,55.7889,1,0.8599346280097961,1,1,0.6654252409934998,1,0,0.0012073300313204527,0,1,0.8599346280097961,1,OL
202200556,Ryan Brubaker,2022,OT,0.8815,41.6857,1,0.761335551738739,1,0,0.6827564239501953,1,0,0.009073506109416485,0,1,0.761335551738739,1,OL
202200563,Leyton Nelson,2022,OT,0.8804,44.8605,1,0.8315820693969727,1,0,0.6045244932174683,1,0,0.0020586387254297733,0,1,0.8315820693969727,1,OL
202200576,Nikolas Hall,2022,OT,0.8796,0.0,0,0.8541551232337952,1,0,0.6436313986778259,1,0,0.013901811093091965,0,0,0.8541551232337952,1,OL
202200581,Daughtry Richardson,2022,OT,0.8793,53.1165,1,0.8598426580429077,1,1,0.6230553984642029,1,0,0.011993149295449257,0,1,0.8598426580429077,1,OL
202200596,Sam Yoon,2022,OT,0.8785,60.9545,1,0.7001193761825562,1,1,0.5787617564201355,1,0,0.016503825783729553,0,1,0.7001193761825562,1,OL
202200603,Connor Robertson,2022,IOL,0.8781,59.0096,1,0.8848527073860168,1,1,0.6730441451072693,1,0,0.018956990912556648,0,1,0.8848527073860168,1,OL
202200604,Michael Wooten,2022,OT,0.8781,55.6121,1,0.7539816498756409,1,1,0.5181936025619507,1,0,0.024769475683569908,0,1,0.7539816498756409,1,OL
202200609,Jonah Savaiinaea,2022,IOL,0.8781,58.5378,1,0.8633573651313782,1,1,0.7719074487686157,1,0,0.002916447352617979,0,1,0.8633573651313782,1,OL
202200621,Landen Livingston,2022,IOL,0.8774,57.2916,1,0.8770824074745178,1,1,0.7228273749351501,1,0,0.016086474061012268,0,1,0.8770824074745178,1,OL
202200624,Cam East,2022,OT,0.877,49.5701,1,0.6749569773674011,1,0,0.4800204038619995,0,0,0.009258311241865158,0,1,0.6749569773674011,1,OL
202200632,Andre Roye Jr.,2022,OT,0.8763,59.8611,1,0.7903286814689636,1,1,0.5843462347984314,1,0,0.06535495072603226,0,1,0.7903286814689636,1,OL
202200661,Nick Herzog,2022,OT,0.8752,48.2162,1,0.6463122367858887,1,0,0.41722553968429565,0,0,0.021711984649300575,0,1,0.6463122367858887,1,OL
202200664,Drew Bobo,2022,OT,0.8748,64.6951,1,0.7275241613388062,1,1,0.5370184183120728,1,0,0.012921190820634365,0,1,0.7275241613388062,1,OL
202200672,Jackson Brown,2022,OT,0.8748,51.0451,1,0.619205117225647,1,1,0.5061476230621338,1,0,0.007335625123232603,0,1,0.619205117225647,1,OL
202200677,Alessandro Lorenzetti,2022,OT,0.8741,0.0,0,0.7778759002685547,1,0,0.6529002785682678,1,0,0.02784586139023304,0,0,0.7778759002685547,1,OL
202200686,Sioape Vatikani,2022,IOL,0.8741,66.1042,1,0.8366860151290894,1,1,0.6887425184249878,1,0,0.0014172629453241825,0,1,0.8366860151290894,1,OL
202200699,Jalen Farmer,2022,IOL,0.8737,64.1506,1,0.8131961822509766,1,1,0.6790857911109924,1,0,0.0020270717795938253,0,1,0.8131961822509766,1,OL
202200701,Steven Nahmias,2022,IOL,0.8737,0.0,0,0.8901107907295227,1,0,0.8081027269363403,1,0,0.0034516826272010803,0,0,0.8901107907295227,1,OL
202200708,Bo Bordelon,2022,OT,0.873,67.4536,1,0.724918782711029,1,1,0.5713744759559631,1,0,0.005789194721728563,0,1,0.724918782711029,1,OL
202200712,Kwabena Asamoah,2022,IOL,0.873,71.4632,1,0.8979009985923767,1,1,0.7403448820114136,1,0,0.019893214106559753,0,1,0.8979009985923767,1,OL
202200720,Avery Henry,2022,OT,0.8726,0.0,0,0.859868049621582,1,0,0.7819660902023315,1,0,0.05820884555578232,0,0,0.859868049621582,1,OL
202200728,Kenji Swanson,2022,OT,0.8726,0.0,0,0.7879534959793091,1,0,0.6790944337844849,1,0,0.011567054316401482,0,0,0.7879534959793091,1,OL
202200729,Carter Smith,2022,OT,0.8724,89.3119,1,0.9103484749794006,1,1,0.6828905344009399,1,1,0.008818937465548515,0,1,0.9103484749794006,1,OL
202200735,Mo Clipper Jr.,2022,IOL,0.8719,57.3664,1,0.8929742574691772,1,1,0.6990201473236084,1,0,0.010833313688635826,0,1,0.8929742574691772,1,OL
202200739,Dylan Lopez,2022,IOL,0.8719,38.3116,1,0.9159824848175049,1,0,0.7352451682090759,1,0,0.004289322067052126,0,1,0.9159824848175049,1,OL
202200741,Matthew McCoy,2022,OT,0.8719,68.4124,1,0.834159255027771,1,1,0.6582466959953308,1,0,0.004680804908275604,0,1,0.834159255027771,1,OL
202200747,Braelin Moore,2022,IOL,0.8715,69.9209,1,0.8348779082298279,1,1,0.677374005317688,1,0,0.00403215829282999,0,1,0.8348779082298279,1,OL
202200748,Gavin Broscious,2022,IOL,0.8715,52.6732,1,0.7993634343147278,1,1,0.6807356476783752,1,0,0.004452681168913841,0,1,0.7993634343147278,1,OL
202200749,Grayson Stovall,2022,IOL,0.8715,48.7896,1,0.7831868529319763,1,0,0.729721188545227,1,0,0.0041078319773077965,0,1,0.7831868529319763,1,OL
202200753,Trevyon Green,2022,OT,0.8715,56.7187,1,0.7436599731445312,1,1,0.5096443891525269,1,0,0.030272990465164185,0,1,0.7436599731445312,1,OL
202200762,Grayson Mains,2022,OT,0.8707,56.5062,1,0.7194181680679321,1,1,0.5702036023139954,1,0,0.006634925026446581,0,1,0.7194181680679321,1,OL
202200781,Austin Kawecki,2022,OT,0.8693,58.3091,1,0.7299264073371887,1,1,0.5920341610908508,1,0,0.01514359563589096,0,1,0.7299264073371887,1,OL
202200782,Griffin Scroggs,2022,IOL,0.8693,54.4608,1,0.8005768656730652,1,1,0.6276705861091614,1,0,0.01019119843840599,0,1,0.8005768656730652,1,OL
202200783,Sullivan Weidman,2022,OT,0.8693,51.3452,1,0.8654983043670654,1,1,0.6853162050247192,1,0,0.034493766725063324,0,1,0.8654983043670654,1,OL
202200802,Jude Bowry,2022,OT,0.8685,61.2793,1,0.7156849503517151,1,1,0.4421822726726532,0,0,0.00949512142688036,0,1,0.7156849503517151,1,OL
202200803,Tristan Wilson,2022,IOL,0.8685,52.5077,1,0.8675971031188965,1,1,0.8029114603996277,1,0,0.008720518089830875,0,1,0.8675971031188965,1,OL
202200817,Kaden Sieracki,2022,OT,0.8681,63.9743,1,0.7500923275947571,1,1,0.5937107801437378,1,0,0.013166713528335094,0,1,0.7500923275947571,1,OL
202200818,Kawika Rogers,2022,OT,0.8681,65.1023,1,0.7597455978393555,1,1,0.6492781639099121,1,0,0.04504955932497978,0,1,0.7597455978393555,1,OL
202200820,Val Erickson,2022,OT,0.8681,51.6349,1,0.8838335275650024,1,1,0.7418737411499023,1,0,0.02615494467318058,0,1,0.8838335275650024,1,OL
202200825,Grayson Morgan,2022,OT,0.8674,45.7213,1,0.6808716058731079,1,0,0.2931562066078186,0,0,0.00617312453687191,0,1,0.6808716058731079,1,OL
202200847,Luka Vincic,2022,OT,0.8667,57.8394,1,0.728989839553833,1,1,0.5579015612602234,1,0,0.0032462256494909525,0,1,0.728989839553833,1,OL
202200850,Masai Reddick,2022,OT,0.8667,0.0,0,0.8047167658805847,1,0,0.6815640926361084,1,0,0.002181277610361576,0,0,0.8047167658805847,1,OL
202200851,Jake Maikkula,2022,OT,0.8663,63.5303,1,0.6749966144561768,1,1,0.6457968354225159,1,0,0.00426785321906209,0,1,0.6749966144561768,1,OL
202200860,Kale Krogh,2022,OT,0.8663,0.0,0,0.729750394821167,1,0,0.6059098243713379,1,0,0.00652948347851634,0,0,0.729750394821167,1,OL
202200870,Ethan Green,2022,OT,0.8656,44.8545,1,0.8370373845100403,1,0,0.7164090275764465,1,0,0.003304287325590849,0,1,0.8370373845100403,1,OL
202200877,Brian Grant,2022,OT,0.8652,51.1651,1,0.8069469332695007,1,1,0.5980997681617737,1,0,0.011954281479120255,0,1,0.8069469332695007,1,OL
202200878,Xavier Chaplin,2022,OT,0.8652,68.1941,1,0.7243898510932922,1,1,0.4931976795196533,0,0,0.02793421968817711,0,1,0.7243898510932922,1,OL
202200882,Derrell Johnson II,2022,IOL,0.8652,34.2014,1,0.8096394538879395,1,0,0.6515060663223267,1,0,0.00234233564697206,0,1,0.8096394538879395,1,OL
202200890,Joey Okla,2022,IOL,0.8648,0.0,0,0.9236614108085632,1,0,0.8636376857757568,1,0,0.009900405071675777,0,0,0.9236614108085632,1,OL
202200901,Izaiah Reed,2022,OT,0.8641,0.0,0,0.589729905128479,1,0,0.4445137679576874,0,0,0.2819802761077881,0,0,0.589729905128479,1,OL
202200918,Snoop Leota-Amaama,2022,IOL,0.8637,45.5052,1,0.8470132946968079,1,0,0.6765848994255066,1,0,0.00428921589627862,0,1,0.8470132946968079,1,OL
202200920,Eli Henderson,2022,IOL,0.8637,0.0,0,0.8206742405891418,1,0,0.6195793747901917,1,0,0.015718434005975723,0,0,0.8206742405891418,1,OL
202200923,Jack Dotzler,2022,OT,0.8633,52.9721,1,0.8626097440719604,1,1,0.6851007342338562,1,0,0.009651625528931618,0,1,0.8626097440719604,1,OL
202200932,Justin Kanyuk,2022,OT,0.863,0.0,0,0.7202858924865723,1,0,0.5513781309127808,1,0,0.013769323006272316,0,0,0.7202858924865723,1,OL
202200933,Maleek McNeil,2022,OT,0.863,0.0,0,0.8050404787063599,1,0,0.5610683560371399,1,0,0.02047741785645485,0,0,0.8050404787063599,1,OL
202200935,Jackson Pruitt,2022,IOL,0.863,55.6239,1,0.8155581951141357,1,1,0.6839061379432678,1,0,0.015326369553804398,0,1,0.8155581951141357,1,OL
202200941,Taj White,2022,OT,0.863,66.8457,1,0.6084999442100525,1,1,0.470490962266922,0,0,0.018599949777126312,0,1,0.6084999442100525,1,OL
202200943,Erik Gray,2022,IOL,0.863,0.0,0,0.8066315650939941,1,0,0.6399359703063965,1,0,0.02402445487678051,0,0,0.8066315650939941,1,OL
202200954,Ashton Lepo,2022,OT,0.8622,61.7359,1,0.6405996084213257,1,1,0.5201806426048279,1,0,0.002846787916496396,0,1,0.6405996084213257,1,OL
202200966,Magnus Moller,2022,OT,0.8611,0.0,0,0.8350525498390198,1,0,0.6108914017677307,1,0,0.008018423803150654,0,0,0.8350525498390198,1,OL
202200968,Alvin Ebosele,2022,OT,0.8611,62.0935,1,0.7375905513763428,1,1,0.6068532466888428,1,0,0.017383433878421783,0,1,0.7375905513763428,1,OL
202200984,Coleton Price,2022,IOL,0.8607,64.3485,1,0.7986370921134949,1,1,0.5148404240608215,1,0,0.004218751564621925,0,1,0.7986370921134949,1,OL
202200992,Jacob Sacra,2022,OT,0.8604,48.9214,1,0.7185503840446472,1,0,0.6213900446891785,1,0,0.021553603932261467,0,1,0.7185503840446472,1,OL
202201015,Connor Jones,2022,OT,0.8596,39.1933,1,0.6582164764404297,1,0,0.4295726418495178,0,0,0.0038527236320078373,0,1,0.6582164764404297,1,OL
202201018,Jakson LaHue,2022,OT,0.8596,0.0,0,0.7476877570152283,1,0,0.5511841773986816,1,0,0.013351699337363243,0,0,0.7476877570152283,1,OL
202201019,Braden Miller,2022,OT,0.8596,50.1294,1,0.533135712146759,1,1,0.425582617521286,0,0,0.0039466326124966145,0,1,0.533135712146759,1,OL
202201023,David Conner,2022,OT,0.8593,0.0,0,0.6917331218719482,1,0,0.4163731038570404,0,0,0.01119036041200161,0,0,0.6917331218719482,1,OL
202201025,Preston Cushman,2022,OT,0.8593,57.725,1,0.6770778894424438,1,1,0.4268057644367218,0,0,0.005469930823892355,0,1,0.6770778894424438,1,OL
202201036,Bray Lynch,2022,OT,0.8589,63.7912,1,0.7682875990867615,1,1,0.5908926725387573,1,0,0.014828875660896301,0,1,0.7682875990867615,1,OL
202201047,Hunter Whitenack,2022,OT,0.8585,55.8836,1,0.7511738538742065,1,1,0.44314879179000854,0,0,0.005712419748306274,0,1,0.7511738538742065,1,OL
202201051,Cason Henry,2022,OT,0.8585,58.0056,1,0.7203719615936279,1,1,0.4470283091068268,0,0,0.03702613338828087,0,1,0.7203719615936279,1,OL
202201052,Deylin Hasert,2022,IOL,0.8585,35.2004,1,0.7831738591194153,1,0,0.5813391804695129,1,0,0.004241788759827614,0,1,0.7831738591194153,1,OL
202201064,Keith Olson,2022,OT,0.8578,53.4341,1,0.6419780850410461,1,1,0.4686656594276428,0,0,0.012338976375758648,0,1,0.6419780850410461,1,OL
202201066,Matt Fries,2022,OT,0.8578,0.0,0,0.7615858316421509,1,0,0.3617579936981201,0,0,0.0063322666101157665,0,0,0.7615858316421509,1,OL
202201073,Tevin Shaw,2022,IOL,0.8574,37.3534,1,0.707834780216217,1,0,0.536387026309967,1,0,0.0031979915220290422,0,1,0.707834780216217,1,OL
202201076,Kanaya Charlton,2022,IOL,0.8574,35.3496,1,0.8856939077377319,1,0,0.6228562593460083,1,0,0.00598085718229413,0,1,0.8856939077377319,1,OL
202201079,Chad Schuster,2022,OT,0.8574,53.3281,1,0.8905642628669739,1,1,0.8653035163879395,1,0,0.004373654723167419,0,1,0.8905642628669739,1,OL
202201081,Kristian Phillips,2022,IOL,0.857,52.8834,1,0.814397931098938,1,1,0.5631110072135925,1,0,0.015586968511343002,0,1,0.814397931098938,1,OL
202201089,McKale Boley,2022,OT,0.8567,67.7846,1,0.6526055932044983,1,1,0.15271297097206116,0,0,0.007365494966506958,0,1,0.6526055932044983,1,OL
202201096,Eric Wilder,2022,OT,0.8567,0.0,0,0.8374578356742859,1,0,0.7016202211380005,1,0,0.005477269180119038,0,0,0.8374578356742859,1,OL
202201120,Jack Funke,2022,OT,0.8556,41.8217,1,0.8331971168518066,1,0,0.7427695989608765,1,0,0.01762530766427517,0,1,0.8331971168518066,1,OL
202201122,Joe De Croce,2022,OT,0.8556,0.0,0,0.6358305811882019,1,0,0.43602779507637024,0,0,0.005352762993425131,0,0,0.6358305811882019,1,OL
202201127,Carter Edwards,2022,OT,0.8556,0.0,0,0.687123715877533,1,0,0.5084314346313477,1,0,0.00612938916310668,0,0,0.687123715877533,1,OL
202201129,Brandon Best,2022,IOL,0.8552,52.0512,1,0.7103004455566406,1,1,0.594317615032196,1,0,0.0016760810976848006,0,1,0.7103004455566406,1,OL
202201132,Ka'Marii Landers,2022,OT,0.8552,41.1143,1,0.6990845203399658,1,0,0.5774790644645691,1,0,0.013314806856215,0,1,0.6990845203399658,1,OL
202201137,Miguel Maldonado,2022,IOL,0.8548,0.0,0,0.6728069186210632,1,0,0.4519459307193756,0,0,0.0012980871833860874,0,0,0.6728069186210632,1,OL
202201140,Ashton Beers,2022,IOL,0.8544,60.2085,1,0.7747300267219543,1,1,0.8086963295936584,1,0,0.011133703403174877,0,1,0.7747300267219543,1,OL
202201143,Coltin Deery,2022,IOL,0.8544,71.4438,1,0.6619723439216614,1,1,0.5050292015075684,1,0,0.006177083123475313,0,1,0.6619723439216614,1,OL
202201144,Sheridan Wilson,2022,IOL,0.8544,60.3523,1,0.6992106437683105,1,1,0.5737713575363159,1,0,0.012258290313184261,0,1,0.6992106437683105,1,OL
202201145,Matt Craycraft,2022,OT,0.8544,62.1015,1,0.6172957420349121,1,1,0.5395331382751465,1,0,0.007638666313141584,0,1,0.6172957420349121,1,OL
202201149,Tim Dawn,2022,IOL,0.8541,0.0,0,0.6055094599723816,1,0,0.4407835304737091,0,0,0.0047377608716487885,0,0,0.6055094599723816,1,OL
202201156,Anez Cooper,2022,OT,0.8541,75.5721,1,0.7161750197410583,1,1,0.5571835041046143,1,0,0.011838285252451897,0,1,0.7161750197410583,1,OL
202201158,Brian Parker II,2022,OT,0.8541,67.1209,1,0.6843445301055908,1,1,0.527376651763916,1,0,0.007824153639376163,0,1,0.6843445301055908,1,OL
202201161,Jackson Cannon,2022,OT,0.8533,0.0,0,0.7109026908874512,1,0,0.5236347913742065,1,0,0.005282534286379814,0,0,0.7109026908874512,1,OL
202201163,Kage Casey,2022,OT,0.8533,64.32,1,0.5692942142486572,1,1,0.7126954197883606,1,0,0.002695794217288494,0,1,0.5692942142486572,1,OL
202201170,Joey Baker,2022,OT,0.8533,0.0,0,0.7785670757293701,1,0,0.6588568091392517,1,0,0.0012551771942526102,0,0,0.7785670757293701,1,OL
202201192,Bryce Simpson,2022,OT,0.8522,0.0,0,0.7298505306243896,1,0,0.547910749912262,1,0,0.0032339044846594334,0,0,0.7298505306243896,1,OL
202201198,Nelson Monegro,2022,OT,0.8522,0.0,0,0.5504079461097717,1,0,0.36534470319747925,0,0,0.006104296538978815,0,0,0.5504079461097717,1,OL
202201215,Seth Martin,2022,IOL,0.8519,0.0,0,0.5967540144920349,1,0,0.5938392877578735,1,0,0.0029982547275722027,0,0,0.5967540144920349,1,OL
202201218,Tyler Knaak,2022,OT,0.8519,51.9031,1,0.7036907076835632,1,1,0.4093034863471985,0,0,0.0031478041782975197,0,1,0.7036907076835632,1,OL
202201221,Laakea Kapoi,2022,OT,0.8519,0.0,0,0.6785498857498169,1,0,0.700454592704773,1,0,0.0004811557591892779,0,0,0.6785498857498169,1,OL
202201224,Josh Anderson,2022,IOL,0.8517,51.5856,1,0.6037341952323914,1,1,0.5062687993049622,1,0,0.0021340916864573956,0,1,0.6037341952323914,1,OL
202201225,Davis Dotson,2022,OT,0.8517,40.9199,1,0.6799970269203186,1,0,0.4447677433490753,0,0,0.005978315137326717,0,1,0.6799970269203186,1,OL
202201232,Cross Watson,2022,OT,0.8511,0.0,0,0.6507532596588135,1,0,0.49349305033683777,0,0,0.005440278444439173,0,0,0.6507532596588135,1,OL
202201233,Tavo Motu'apuaka,2022,OT,0.8511,52.5352,1,0.619731605052948,1,1,0.49237051606178284,0,0,0.0018191463313996792,0,1,0.619731605052948,1,OL
202201234,Ja'Kavion Nonar,2022,OT,0.8511,50.8161,1,0.5978459119796753,1,1,0.2226042002439499,0,0,0.0013395082205533981,0,1,0.5978459119796753,1,OL
202201238,Christian Williams,2022,IOL,0.8511,52.9056,1,0.6110780239105225,1,1,0.4804847836494446,0,0,0.0004818026500288397,0,1,0.6110780239105225,1,OL
202201241,John Pastore,2022,IOL,0.8511,56.6457,1,0.5969994068145752,1,1,0.466745525598526,0,0,0.0025554881431162357,0,1,0.5969994068145752,1,OL
202201251,James Livingston,2022,OT,0.8504,41.3137,1,0.5979441404342651,1,0,0.40592706203460693,0,0,0.00418643606826663,0,1,0.5979441404342651,1,OL
202201257,Nick Morrow,2022,OT,0.85,54.9657,1,0.4870813190937042,0,1,0.6386219263076782,1,0,0.002301478525623679,0,1,0.4870813190937042,0,OL
202201258,Klabron Pollard,2022,OT,0.85,46.0862,1,0.4154961109161377,0,0,0.349508672952652,0,0,0.0037410424556583166,0,1,0.4154961109161377,0,OL
202201265,Drake Bequeaith,2022,OT,0.85,50.7234,1,0.6602604985237122,1,1,0.5344489216804504,1,0,0.020702721551060677,0,1,0.6602604985237122,1,OL
202201269,Travis Gray,2022,OT,0.85,0.0,0,0.643051028251648,1,0,0.5933138728141785,1,0,0.004547188524156809,0,0,0.643051028251648,1,OL
202201272,Van Wells,2022,IOL,0.85,70.5607,1,0.7031514048576355,1,1,0.49834194779396057,0,0,0.0016639670357108116,0,1,0.7031514048576355,1,OL
202201276,Rylan Vann,2022,IOL,0.85,38.5401,1,0.7498487830162048,1,0,0.6485927700996399,1,0,0.0007896492606960237,0,1,0.7498487830162048,1,OL
202201281,Weylin Lapuaho,2022,IOL,0.85,70.2687,1,0.558941662311554,1,1,0.6695706844329834,1,0,0.0018372542690485716,0,1,0.558941662311554,1,OL
202201287,Jonathan Harder,2022,OT,0.8493,49.469,1,0.781194269657135,1,0,0.6000540256500244,1,0,0.007654577028006315,0,1,0.781194269657135,1,OL
202201305,Karson Jones,2022,OT,0.8489,29.0459,1,0.721728503704071,1,0,0.45270487666130066,0,0,0.0071732779033482075,0,1,0.721728503704071,1,OL
202201306,Tony Nelson,2022,OT,0.8489,53.5964,1,0.679670512676239,1,1,0.40877845883369446,0,0,0.005858757998794317,0,1,0.679670512676239,1,OL
202201315,Nathan Elu,2022,OT,0.8481,49.0092,1,0.6301409602165222,1,0,0.344491183757782,0,0,0.008155257441103458,0,1,0.6301409602165222,1,OL
202201329,Vince Carpenter,2022,OT,0.8478,0.0,0,0.4617029130458832,0,0,0.3553716242313385,0,0,0.008833909407258034,0,0,0.4617029130458832,0,OL
202201340,Andre Oben,2022,OT,0.8478,0.0,0,0.6066858768463135,1,0,0.44690942764282227,0,0,0.002680488396435976,0,0,0.6066858768463135,1,OL
202201361,Uluakinofo Taliauli,2022,IOL,0.8467,38.9226,1,0.6740310192108154,1,0,0.4289959669113159,0,0,0.000952478963881731,0,1,0.6740310192108154,1,OL
202201365,Emir Stinette,2022,IOL,0.8467,0.0,0,0.8024613261222839,1,0,0.5400069952011108,1,0,0.0011898487573489547,0,0,0.8024613261222839,1,OL
202201366,Johnny Garrett,2022,OT,0.8467,62.7178,1,0.6377664804458618,1,1,0.64862060546875,1,0,0.003807768691331148,0,1,0.6377664804458618,1,OL
202201390,Jacob Waller,2022,OT,0.8456,36.7932,1,0.6715020537376404,1,0,0.4817114472389221,0,0,0.0042117806151509285,0,1,0.6715020537376404,1,OL
202201393,Jimmy Liston,2022,IOL,0.8456,48.9653,1,0.7767835855484009,1,0,0.7025599479675293,1,0,0.009490897879004478,0,1,0.7767835855484009,1,OL
202201417,Caden Kitler,2022,IOL,0.8444,62.802,1,0.6349954009056091,1,1,0.45390069484710693,0,0,0.0022353800013661385,0,1,0.6349954009056091,1,OL
202201418,Aubrey Scott,2022,OT,0.8444,0.0,0,0.6691036224365234,1,0,0.5096665024757385,1,0,0.0005984285962767899,0,0,0.6691036224365234,1,OL
202201424,Mason Mennell,2022,IOL,0.8444,0.0,0,0.7185614109039307,1,0,0.5503825545310974,1,0,0.0007843074854463339,0,0,0.7185614109039307,1,OL
202201433,Hunter McLain,2022,IOL,0.8433,0.0,0,0.6729462146759033,1,0,0.6815747022628784,1,0,0.0023127924650907516,0,0,0.6729462146759033,1,OL
202201435,Curtis Peagler,2022,IOL,0.8433,52.3314,1,0.6125344634056091,1,1,0.4172000586986542,0,0,0.0016344212926924229,0,1,0.6125344634056091,1,OL
202201436,Keon Kindred,2022,OT,0.8433,35.0491,1,0.6608386635780334,1,0,0.41887497901916504,0,0,0.006318204570561647,0,1,0.6608386635780334,1,OL
202201437,Max Cabana,2022,OT,0.8433,0.0,0,0.7416263818740845,1,0,0.7721160054206848,1,0,0.003804160049185157,0,0,0.7416263818740845,1,OL
202201439,Jai Rodriquez,2022,OT,0.8433,0.0,0,0.466156542301178,0,0,0.389813631772995,0,0,0.008639324456453323,0,0,0.466156542301178,0,OL
202201451,Levi Harber,2022,OT,0.8426,0.0,0,0.6520677804946899,1,0,0.5761086344718933,1,0,0.0031708511523902416,0,0,0.6520677804946899,1,OL
202201453,Houston Curry,2022,OT,0.8422,36.4602,1,0.5879136323928833,1,0,0.3533009886741638,0,0,0.0011150249047204852,0,1,0.5879136323928833,1,OL
202201481,Ben Rios,2022,OT,0.8415,55.2787,1,0.729270875453949,1,1,0.5986576676368713,1,0,0.03139352798461914,0,1,0.729270875453949,1,OL
202201483,Jacob Strand,2022,OT,0.8415,52.3204,1,0.6067599058151245,1,1,0.49090856313705444,0,0,0.003910018131136894,0,1,0.6067599058151245,1,OL
202201484,Peter Falaniko,2022,IOL,0.8415,0.0,0,0.7819551229476929,1,0,0.6669840812683105,1,0,0.0003808879409916699,0,0,0.7819551229476929,1,OL
202201488,Roger Carreon,2022,OT,0.8415,61.3941,1,0.6428593397140503,1,1,0.4779510498046875,0,0,0.02467324770987034,0,1,0.6428593397140503,1,OL
202201492,Bobby Mooney,2022,OT,0.8411,0.0,0,0.549566924571991,1,0,0.5738500952720642,1,0,0.00433032400906086,0,0,0.549566924571991,1,OL
202201497,Zack Miller,2022,OT,0.8406,38.6387,1,0.578045129776001,1,0,0.29765284061431885,0,0,0.00479724770411849,0,1,0.578045129776001,1,OL
202201507,Martin Koivisto,2022,IOL,0.84,55.4246,1,0.6807581186294556,1,1,0.3978685438632965,0,0,0.006277322303503752,0,1,0.6807581186294556,1,OL
202201509,Marcus Simien,2022,IOL,0.8393,0.0,0,0.5949954390525818,1,0,0.36707133054733276,0,0,0.001267321058548987,0,0,0.5949954390525818,1,OL
202201511,Wil Saxton,2022,IOL,0.8393,55.0235,1,0.496387779712677,0,1,0.2570740580558777,0,0,0.0020921125542372465,0,1,0.496387779712677,0,OL
202201522,Chase Jessup,2022,IOL,0.8389,0.0,0,0.6633427143096924,1,0,0.2669455111026764,0,0,0.020946357399225235,0,0,0.6633427143096924,1,OL
202201526,Tyson Molio’o,2022,IOL,0.8381,0.0,0,0.8192038536071777,1,0,0.4734991788864136,0,0,0.001757791847921908,0,0,0.8192038536071777,1,OL
202201535,Stephen Gales,2022,OT,0.8378,52.4085,1,0.7005252838134766,1,1,0.42820248007774353,0,0,0.016567271202802658,0,1,0.7005252838134766,1,OL
202201545,Kaden Weatherby,2022,OT,0.8378,0.0,0,0.5813456773757935,1,0,0.5215045213699341,1,0,0.0026105744764208794,0,0,0.5813456773757935,1,OL
202201549,Cade Goldman,2022,OT,0.8378,0.0,0,0.4145227074623108,0,0,0.4360939860343933,0,0,0.004239396657794714,0,0,0.4145227074623108,0,OL
202201553,Rhett Larson,2022,IOL,0.8378,57.8521,1,0.6195449829101562,1,1,0.44559332728385925,0,0,0.002626588800922036,0,1,0.6195449829101562,1,OL
202201557,Keylen Davis,2022,OT,0.8374,56.5425,1,0.6931378841400146,1,1,0.5396062135696411,1,0,0.02537454292178154,0,1,0.6931378841400146,1,OL
202201560,Drew Azzopardi,2022,OT,0.837,62.3122,1,0.6371206045150757,1,1,0.4507327079772949,0,0,0.0037967616226524115,0,1,0.6371206045150757,1,OL
202201561,Vae Soifua,2022,IOL,0.837,0.0,0,0.7332128882408142,1,0,0.6314791440963745,1,0,0.005808752495795488,0,0,0.7332128882408142,1,OL
202201568,Nate Maier,2022,OT,0.837,0.0,0,0.6482535600662231,1,0,0.35993048548698425,0,0,0.0035274571273475885,0,0,0.6482535600662231,1,OL
202201569,Brady Ploucha,2022,OT,0.837,54.2844,1,0.679209291934967,1,1,0.4783347547054291,0,0,0.03509806469082832,0,1,0.679209291934967,1,OL
202201607,Kamron Barnes,2022,IOL,0.8356,0.0,0,0.5759627819061279,1,0,0.2510720193386078,0,0,0.005354456137865782,0,0,0.5759627819061279,1,OL
202201611,Charlie Katarincic,2022,IOL,0.8356,0.0,0,0.7888516783714294,1,0,0.5925094485282898,1,0,0.004025006201118231,0,0,0.7888516783714294,1,OL
202201612,Calvin Harvey,2022,OT,0.8356,0.0,0,0.840786874294281,1,0,0.5516597628593445,1,0,0.0024618429597467184,0,0,0.840786874294281,1,OL
202201613,Dantae Chin,2022,IOL,0.8356,55.3195,1,0.5423062443733215,1,1,0.3600037693977356,0,0,0.005318580660969019,0,1,0.5423062443733215,1,OL
202201622,David Siegel,2022,OT,0.8348,35.3284,1,0.7665452361106873,1,0,0.4451605975627899,0,0,0.03746390342712402,0,1,0.7665452361106873,1,OL
202201626,Quinton Harris,2022,OT,0.8348,51.6403,1,0.7700132727622986,1,1,0.3501710891723633,0,0,0.005168034695088863,0,1,0.7700132727622986,1,OL
202201639,Ryan Gunter,2022,OT,0.8337,0.0,0,0.7341312766075134,1,0,0.41894593834877014,0,0,0.008482948876917362,0,0,0.7341312766075134,1,OL
202201640,Noah McKinney,2022,OT,0.8337,49.9004,1,0.820218563079834,1,0,0.4712923467159271,0,0,0.0026158601976931095,0,1,0.820218563079834,1,OL
202201642,Kyron Barnes,2022,OT,0.8333,0.0,0,0.5764136910438538,1,0,0.11583799868822098,0,0,0.0005620473530143499,0,0,0.5764136910438538,1,OL
202201644,Noah DeMeritt,2022,IOL,0.8333,41.3762,1,0.6553909182548523,1,0,0.42331111431121826,0,0,0.0002822820970322937,0,1,0.6553909182548523,1,OL
202201647,Saidou Ba,2022,OT,0.833,0.0,0,0.5298540592193604,1,0,0.17221838235855103,0,0,0.002626142930239439,0,0,0.5298540592193604,1,OL
202201655,Gavin Rohrs,2022,IOL,0.8326,50.2166,1,0.4618009030818939,0,1,0.3580724000930786,0,0,0.00030783083639107645,0,1,0.4618009030818939,0,OL
202201657,Keanon McNally,2022,OT,0.8326,43.696,1,0.8254807591438293,1,0,0.5805345177650452,1,0,0.002247702796012163,0,1,0.8254807591438293,1,OL
202201662,Hall Schmidt,2022,OT,0.8326,50.8106,1,0.5338088274002075,1,1,0.3227686285972595,0,0,0.001256063929758966,0,1,0.5338088274002075,1,OL
202201691,Keylan Rutledge,2022,OT,0.8315,68.33,1,0.5380527973175049,1,1,0.3885895907878876,0,0,0.0005285599618218839,0,1,0.5380527973175049,1,OL
202201699,Clayton Leonard,2022,IOL,0.8311,0.0,0,0.7143044471740723,1,0,0.5006120204925537,1,0,0.007169848307967186,0,0,0.7143044471740723,1,OL
202201700,Miguel Cedeno,2022,OT,0.8311,49.4308,1,0.5931685566902161,1,0,0.23241044580936432,0,0,0.0031729647889733315,0,1,0.5931685566902161,1,OL
202201702,Dawson Alters,2022,IOL,0.8311,0.0,0,0.6210970878601074,1,0,0.39773911237716675,0,0,0.000684762024320662,0,0,0.6210970878601074,1,OL
202201703,Rambo Mageo,2022,IOL,0.8311,0.0,0,0.565260648727417,1,0,0.3587454855442047,0,0,0.00022978369088377804,0,0,0.565260648727417,1,OL
202201708,Malachi Carney,2022,OT,0.8306,62.1176,1,0.5449227094650269,1,1,0.39381569623947144,0,0,0.0006499688606709242,0,1,0.5449227094650269,1,OL
202201734,Nick Del Grande,2022,OT,0.8293,0.0,0,0.5152115225791931,1,0,0.44781336188316345,0,0,0.016089975833892822,0,0,0.5152115225791931,1,OL
202201743,Spencer Alvarez,2022,OT,0.8285,0.0,0,0.695024847984314,1,0,0.42267152667045593,0,0,0.004264675080776215,0,0,0.695024847984314,1,OL
202201748,Sam Secrest,2022,IOL,0.8281,45.1341,1,0.676847517490387,1,0,0.49251776933670044,0,0,0.003966979216784239,0,1,0.676847517490387,1,OL
202201769,Tellek Lockette,2022,IOL,0.8267,61.9176,1,0.4846976101398468,0,1,0.35271456837654114,0,0,0.0007280535064637661,0,1,0.4846976101398468,0,OL
202201788,Bryant Williams,2022,OT,0.8263,43.8265,1,0.5803012251853943,1,0,0.3774035573005676,0,0,0.0030659895855933428,0,1,0.5803012251853943,1,OL
202201789,Joe Cruz,2022,OT,0.8263,64.7931,1,0.6281935572624207,1,1,0.3851224184036255,0,0,0.004857703577727079,0,1,0.6281935572624207,1,OL
202201792,Jalen Slappy,2022,OT,0.8259,61.8621,1,0.791557788848877,1,1,0.5400223135948181,1,0,0.004949331283569336,0,1,0.791557788848877,1,OL
202201798,Mateo Guevara,2022,IOL,0.8259,56.5183,1,0.6125528216362,1,1,0.35709285736083984,0,0,0.0005201048916205764,0,1,0.6125528216362,1,OL
202201804,Brady Wayburn,2022,OT,0.8259,49.9985,1,0.6152922511100769,1,0,0.5011606812477112,1,0,0.004314986988902092,0,1,0.6152922511100769,1,OL
202201805,Wendell Moe Jr.,2022,IOL,0.8256,68.1135,1,0.6342734098434448,1,1,0.35942837595939636,0,0,0.00019349930516909808,0,1,0.6342734098434448,1,OL
202201815,Jacob Reece,2022,IOL,0.8252,0.0,0,0.713403046131134,1,0,0.62937331199646,1,0,0.0015527789946645498,0,0,0.713403046131134,1,OL
202201817,Teague Andersen,2022,IOL,0.8252,61.6029,1,0.525174617767334,1,1,0.41382572054862976,0,0,0.0010802833130583167,0,1,0.525174617767334,1,OL
202201818,Eric Smith,2022,OT,0.8248,52.0347,1,0.7521504759788513,1,1,0.43235692381858826,0,0,0.003992511425167322,0,1,0.7521504759788513,1,OL
202201823,Taran Tyo,2022,IOL,0.8244,63.4062,1,0.6392025351524353,1,1,0.4474916160106659,0,0,0.0009388582548126578,0,1,0.6392025351524353,1,OL
202201828,Dameon Smallwood,2022,IOL,0.8244,0.0,0,0.700036346912384,1,0,0.382964164018631,0,0,0.00031495370785705745,0,0,0.700036346912384,1,OL
202201829,Bryce Radford,2022,OT,0.8241,40.6333,1,0.7001692056655884,1,0,0.5197702646255493,1,0,0.0032486645504832268,0,1,0.7001692056655884,1,OL
202201831,Ethan Lang,2022,IOL,0.8241,0.0,0,0.7266258597373962,1,0,0.3725081980228424,0,0,0.00021499942522495985,0,0,0.7266258597373962,1,OL
202201841,Nick Bryan,2022,IOL,0.8226,39.2837,1,0.6485878229141235,1,0,0.40799978375434875,0,0,0.0015550998505204916,0,1,0.6485878229141235,1,OL
202201853,Chase Sweigart,2022,OT,0.8217,39.6749,1,0.6182277202606201,1,0,0.4595049321651459,0,0,0.0009819082915782928,0,1,0.6182277202606201,1,OL
202201856,Blake Steen,2022,OT,0.8217,57.4227,1,0.542620062828064,1,1,0.29926714301109314,0,0,0.0024862138088792562,0,1,0.542620062828064,1,OL
202201870,Franklin Richardson,2022,OT,0.8215,0.0,0,0.785252571105957,1,0,0.34397009015083313,0,0,0.0011751714628189802,0,0,0.785252571105957,1,OL
202201872,Chase Presnell,2022,OT,0.8215,0.0,0,0.7139387130737305,1,0,0.47582197189331055,0,0,0.002641174243763089,0,0,0.7139387130737305,1,OL
202201873,Eli Samples,2022,OT,0.8215,42.472,1,0.6952540874481201,1,0,0.4075641632080078,0,0,0.0004486276884563267,0,1,0.6952540874481201,1,OL
202201877,Jake Steele,2022,OT,0.8211,52.5628,1,0.5285093188285828,1,1,0.39205053448677063,0,0,0.02857586368918419,0,1,0.5285093188285828,1,OL
202201878,Alex Heininger,2022,OT,0.8211,45.6805,1,0.6705325245857239,1,0,0.46679574251174927,0,0,0.007597391027957201,0,1,0.6705325245857239,1,OL
202201895,John Bock II,2022,IOL,0.82,53.7535,1,0.42178091406822205,0,1,0.3245011568069458,0,0,9.97715033008717e-05,0,1,0.42178091406822205,0,OL
202201902,Abiathar Curry,2022,OT,0.8194,49.6111,1,0.8469113707542419,1,0,0.7568882703781128,1,0,0.007572133094072342,0,1,0.8469113707542419,1,OL
202201906,Kyndall McKenzie,2022,IOL,0.8193,29.954,1,0.6941290497779846,1,0,0.1539856195449829,0,0,6.491837848443538e-05,0,1,0.6941290497779846,1,OL
202201909,Landon Roaten,2022,OT,0.8185,35.6939,1,0.6367275714874268,1,0,0.4059407413005829,0,0,0.0006169886328279972,0,1,0.6367275714874268,1,OL
202201910,Matthew Yuschak,2022,IOL,0.8185,0.0,0,0.6486327648162842,1,0,0.3457762598991394,0,0,0.0006728153093717992,0,0,0.6486327648162842,1,OL
202201918,Deandre Marshall,2022,IOL,0.817,57.8076,1,0.6583018898963928,1,1,0.44122445583343506,0,0,0.00040039196028374135,0,1,0.6583018898963928,1,OL
202201922,Howard Sampson,2022,OT,0.8167,59.5339,1,0.6614786982536316,1,1,0.5021495223045349,1,0,0.0006940130842849612,0,1,0.6614786982536316,1,OL
202201929,Brad Harris,2022,IOL,0.8167,0.0,0,0.45684629678726196,0,0,0.4524385631084442,0,0,0.017136313021183014,0,0,0.45684629678726196,0,OL
202201936,Aaron Karas,2022,OT,0.8163,61.3481,1,0.3466612696647644,0,1,0.3522004783153534,0,0,0.0008122323197312653,0,1,0.3466612696647644,0,OL
202201942,Pichon Wimbley,2022,IOL,0.8159,67.4036,1,0.7138050198554993,1,1,0.46293917298316956,0,0,0.00010411807306809351,0,1,0.7138050198554993,1,OL
202201948,Rex Johnsen,2022,IOL,0.8156,53.7816,1,0.539589524269104,1,1,0.33958396315574646,0,0,0.0005016603390686214,0,1,0.539589524269104,1,OL
202201951,Mykel Janise,2022,OT,0.8156,0.0,0,0.6404215693473816,1,0,0.4543290138244629,0,0,0.0037572586443275213,0,0,0.6404215693473816,1,OL
202201952,Mack Indestad,2022,OT,0.8156,46.6075,1,0.6534064412117004,1,0,0.4333760142326355,0,0,0.007570130750536919,0,1,0.6534064412117004,1,OL
202201958,Christopher Hood,2022,OT,0.8148,54.8677,1,0.7434635758399963,1,1,0.7135125994682312,1,0,0.0017639633733779192,0,1,0.7434635758399963,1,OL
202201961,Denaris DeRosa,2022,IOL,0.8144,43.7644,1,0.48459863662719727,0,0,0.3067494034767151,0,0,0.0004456260066945106,0,1,0.48459863662719727,0,OL
202201964,Evan Wibberley,2022,OT,0.8141,57.0992,1,0.6622472405433655,1,1,0.41067859530448914,0,0,0.00294509413652122,0,1,0.6622472405433655,1,OL
202201967,Chauncey Kamakea,2022,IOL,0.8141,0.0,0,0.5967103242874146,1,0,0.26520153880119324,0,0,0.00019192221225239336,0,0,0.5967103242874146,1,OL
202201972,Samora Ezekiel,2022,OT,0.8133,0.0,0,0.5885288715362549,1,0,0.4117248058319092,0,0,0.000411453889682889,0,0,0.5885288715362549,1,OL
202201974,Makhete Gueye,2022,OT,0.8133,41.9568,1,0.5915350914001465,1,0,0.3974531590938568,0,0,0.005026658531278372,0,1,0.5915350914001465,1,OL
202201987,Caron McNair,2022,IOL,0.8117,0.0,0,0.6164824962615967,1,0,0.2950327694416046,0,0,0.0032389701809734106,0,0,0.6164824962615967,1,OL
202202009,Sully Burns,2022,OT,0.8115,53.0332,1,0.6165451407432556,1,1,0.3721131682395935,0,0,0.0010193119524046779,0,1,0.6165451407432556,1,OL
202202010,Trent Fraley,2022,IOL,0.8115,0.0,0,0.751858651638031,1,0,0.5039780735969543,1,0,0.0004715295508503914,0,0,0.751858651638031,1,OL
202202011,Luke Slusher,2022,OT,0.8115,0.0,0,0.7247095108032227,1,0,0.3808833956718445,0,0,0.0006909140502102673,0,0,0.7247095108032227,1,OL
202202020,Luke Jones,2022,OT,0.8106,45.965,1,0.5282105207443237,1,0,0.3612597584724426,0,0,0.0003034364781342447,0,1,0.5282105207443237,1,OL
202202021,Drew Terrill,2022,OT,0.8104,56.7858,1,0.715937614440918,1,1,0.5648807287216187,1,0,0.0075055635534226894,0,1,0.715937614440918,1,OL
202202026,Kenton Jerido,2022,IOL,0.8096,56.2113,1,0.5286605954170227,1,1,0.4061267077922821,0,0,0.00014697179722134024,0,1,0.5286605954170227,1,OL
202202045,Tariq Montgomery,2022,OT,0.8081,52.0128,1,0.5271674990653992,1,1,0.4710720479488373,0,0,0.00045031256740912795,0,1,0.5271674990653992,1,OL
202202046,Garrett Masterson,2022,OT,0.8081,55.7771,1,0.6439721584320068,1,1,0.3733570873737335,0,0,0.0020721605978906155,0,1,0.6439721584320068,1,OL
202202064,Donald Dixon,2022,IOL,0.8056,0.0,0,0.5399898290634155,1,0,0.22645191848278046,0,0,0.00030284113017842174,0,0,0.5399898290634155,1,OL
202202076,Maarten Woudsma,2022,IOL,0.8044,63.764,1,0.5217573642730713,1,1,0.365948349237442,0,0,0.0003721899993252009,0,1,0.5217573642730713,1,OL
202202081,Mason Howard,2022,IOL,0.8044,0.0,0,0.5399779081344604,1,0,0.5509198904037476,1,0,0.00444316491484642,0,0,0.5399779081344604,1,OL
202202084,Aleric Watson,2022,OT,0.8041,47.839,1,0.2598346173763275,0,0,0.22220882773399353,0,0,0.0022382321767508984,0,1,0.2598346173763275,0,OL
202202088,Kauasi Hansen,2022,OT,0.8033,0.0,0,0.6469751000404358,1,0,0.431121826171875,0,0,0.00036852428456768394,0,0,0.6469751000404358,1,OL
202202095,Brock Burns,2022,IOL,0.8017,0.0,0,0.3810776472091675,0,0,0.10884818434715271,0,0,0.00016728338960092515,0,0,0.3810776472091675,0,OL
202202108,Kendall Stanley,2022,OT,0.8006,56.8042,1,0.5464546084403992,1,1,0.5587179660797119,1,0,0.0012294943444430828,0,1,0.5464546084403992,1,OL
202202109,Trevor Shaw,2022,OT,0.8006,29.5659,1,0.5095458626747131,1,0,0.4362221658229828,0,0,0.0006168571999296546,0,1,0.5095458626747131,1,OL
202202112,Evan Malcore,2022,OT,0.8006,57.2107,1,0.3757428526878357,0,1,0.2362717092037201,0,0,0.011899818666279316,0,1,0.3757428526878357,0,OL
202202116,Kyler Gibson,2022,OT,0.7994,38.8824,1,0.5476850867271423,1,0,0.22743043303489685,0,0,0.007093491964042187,0,1,0.5476850867271423,1,OL
202202123,Dustyn Morell,2022,OT,0.7983,56.2173,1,0.7006170153617859,1,1,0.3108973503112793,0,0,0.004844699054956436,0,1,0.7006170153617859,1,OL
202202136,David Hensley,2022,IOL,0.7956,0.0,0,0.5603054165840149,1,0,0.3322564363479614,0,0,3.917953290510923e-05,0,0,0.5603054165840149,1,OL
202202137,Daniel Ademisoye,2022,OT,0.7956,0.0,0,0.5362338423728943,1,0,0.33688995242118835,0,0,8.73064564075321e-05,0,0,0.5362338423728943,1,OL
202202145,Cooper Sheehan,2022,OT,0.7944,45.9187,1,0.6853662729263306,1,0,0.4659419357776642,0,0,0.0092634791508317,0,1,0.6853662729263306,1,OL
202202155,Naeer Jackson,2022,OT,0.7922,54.3811,1,0.6308623552322388,1,1,0.2715424597263336,0,0,0.0004060484643559903,0,1,0.6308623552322388,1,OL
202202168,Tanyon Zachary,2022,IOL,0.7894,0.0,0,0.5996152758598328,1,0,0.35429057478904724,0,0,0.00046200468204915524,0,0,0.5996152758598328,1,OL
202202174,Omari Allen,2022,IOL,0.7883,0.0,0,0.594710648059845,1,0,0.45194581151008606,0,0,0.00023606311879120767,0,0,0.594710648059845,1,OL
202202186,Giuseppe Gottfried,2022,IOL,0.7856,0.0,0,0.7314210534095764,1,0,0.4006494879722595,0,0,0.0004230092163197696,0,0,0.7314210534095764,1,OL
202202197,Matai Bell,2022,OT,0.7833,29.28,1,0.561693549156189,1,0,0.3181793987751007,0,0,0.00010926637332886457,0,1,0.561693549156189,1,OL
202202206,Ethan Spencer,2022,IOL,0.7833,49.9604,1,0.6664007902145386,1,0,0.5528789758682251,1,0,0.0018129124073311687,0,1,0.6664007902145386,1,OL
202202214,Cayden Romero,2022,IOL,0.7783,0.0,0,0.5950977802276611,1,0,0.6303361058235168,1,0,0.00025562301743775606,0,0,0.5950977802276611,1,OL
202202215,Alec Johnson,2022,IOL,0.7783,59.0971,1,0.5097553133964539,1,1,0.3653251826763153,0,0,0.0006504835328087211,0,1,0.5097553133964539,1,OL
202202221,Tyler Leinberger,2022,OT,0.7733,0.0,0,0.5292120575904846,1,0,0.2830493748188019,0,0,0.00016601836250629276,0,0,0.5292120575904846,1,OL
