player_id,name,year,position,rating,target_career_score_0_100,y_true_ge20,y_pred_prob_ge20_raw,y_pred_class_ge20_raw,y_true_ge50,y_pred_prob_ge50_raw,y_pred_class_ge50_raw,y_true_ge80,y_pred_prob_ge80_raw,y_pred_class_ge80_raw,y_true_binary,y_pred_prob_raw,y_pred_class_raw,position_group
201500063,Alize Mack,2015,TE,0.9693,65.4437,1,0.9376029372215271,1,1,0.9430840611457825,1,0,0.0738988146185875,0,1,0.9376029372215271,1,TE
201500145,Hale Hentges,2015,TE,0.935,68.5328,1,0.9582297801971436,1,1,0.9171592593193054,1,0,0.46258801221847534,0,1,0.9582297801971436,1,TE
201500186,Jackson Harris,2015,TE,0.922,68.6635,1,0.9863588213920593,1,1,0.9782916307449341,1,0,0.05861822888255119,0,1,0.9863588213920593,1,TE
201500192,Garrett Williams,2015,TE,0.9218,67.3618,1,0.9221154451370239,1,1,0.8764017224311829,1,0,0.020685652270913124,0,1,0.9221154451370239,1,TE
201500200,Will Gragg,2015,TE,0.9196,60.8941,1,0.9858371019363403,1,1,0.8021969795227051,1,0,0.008704408071935177,0,1,0.9858371019363403,1,TE
201500212,Tyler Petite,2015,TE,0.9155,70.2594,1,0.8996430039405823,1,1,0.4365689754486084,0,0,0.3287181556224823,0,1,0.8996430039405823,1,TE
201500226,Jordan Davis,2015,TE,0.9117,66.7624,1,0.909037709236145,1,1,0.8449029326438904,1,0,0.030601533129811287,0,1,0.909037709236145,1,TE
201500286,CJ Conrad,2015,TE,0.9018,72.6464,1,0.8433569669723511,1,1,0.7905189990997314,1,0,0.05005687102675438,0,1,0.8433569669723511,1,TE
201500311,Tyrone Wheatley Jr.,2015,TE,0.8983,57.3433,1,0.591246485710144,1,1,0.7316104173660278,1,0,0.023419175297021866,0,1,0.591246485710144,1,TE
201500342,Kyle Penniston,2015,TE,0.8925,61.6953,1,0.932397186756134,1,1,0.45835065841674805,0,0,0.14631249010562897,0,1,0.932397186756134,1,TE
201500465,Jalen Wilkerson,2015,TE,0.8758,30.3089,1,0.9730302691459656,1,0,0.8629962205886841,1,0,0.06234090402722359,0,1,0.9730302691459656,1,TE
201500509,A.J. Alexander,2015,TE,0.8722,50.0679,1,0.8879109621047974,1,1,0.7993828654289246,1,0,0.0031267013400793076,0,1,0.8879109621047974,1,TE
201500565,Austin Cantrell,2015,TE,0.8677,64.1087,1,0.3815467059612274,0,1,0.318344384431839,0,0,0.001304020406678319,0,1,0.3815467059612274,0,TE
201500617,Jalen Harris,2015,TE,0.8644,70.2211,1,0.8974451422691345,1,1,0.833008885383606,1,0,0.006881179753690958,0,1,0.8974451422691345,1,TE
201500640,David Edwards,2015,TE,0.8631,0.0,0,0.9264633059501648,1,0,0.7635841965675354,1,0,0.0038232337683439255,0,0,0.9264633059501648,1,TE
201500644,Jacob Breeland,2015,TE,0.8631,77.5854,1,0.9621622562408447,1,1,0.8045534491539001,1,0,0.006890437100082636,0,1,0.9621622562408447,1,TE
201500661,Nick Bowers,2015,TE,0.8622,58.736,1,0.7838789224624634,1,1,0.6187474727630615,1,0,0.005230704788118601,0,1,0.7838789224624634,1,TE
201500731,Tommy Hudson,2015,TE,0.8597,62.8874,1,0.7251361608505249,1,1,0.7509329915046692,1,0,0.009771844372153282,0,1,0.7251361608505249,1,TE
201500783,Camrin Knight,2015,TE,0.8572,53.0857,1,0.7844880819320679,1,1,0.5890238285064697,1,0,0.05640989914536476,0,1,0.7844880819320679,1,TE
201500824,Noah Togiai,2015,TE,0.8556,75.3689,1,0.8897548913955688,1,1,0.6203025579452515,1,0,0.0029197714757174253,0,1,0.8897548913955688,1,TE
201500833,Matt Snyder,2015,TE,0.855,38.6384,1,0.6230776906013489,1,0,0.7215578556060791,1,0,0.002676126081496477,0,1,0.6230776906013489,1,TE
201500867,Matt Pistone,2015,TE,0.8533,59.7521,1,0.9033849835395813,1,1,0.44183114171028137,0,0,0.0027048371266573668,0,1,0.9033849835395813,1,TE
201501103,Kyle Markway,2015,TE,0.8442,65.5695,1,0.5840619802474976,1,1,0.41192910075187683,0,0,0.012257527559995651,0,1,0.5840619802474976,1,TE
201501107,Brion Anduze,2015,TE,0.8442,0.0,0,0.7962993383407593,1,0,0.7716227769851685,1,0,0.010784114710986614,0,0,0.7962993383407593,1,TE
201501124,Chris Cunningham,2015,TE,0.8433,65.4186,1,0.6843223571777344,1,1,0.48971807956695557,0,0,0.06475485861301422,0,1,0.6843223571777344,1,TE
201501131,Michael Neal,2015,TE,0.8433,0.0,0,0.915964663028717,1,0,0.6830794215202332,1,0,0.015423929318785667,0,0,0.915964663028717,1,TE
201501177,Jamie Nunley,2015,TE,0.8417,52.7981,1,0.6880101561546326,1,1,0.6273700594902039,1,0,0.0037558418698608875,0,1,0.6880101561546326,1,TE
201501184,Nakia Griffin-Stewart,2015,TE,0.8414,62.783,1,0.7920373678207397,1,1,0.30826443433761597,0,0,0.009462408721446991,0,1,0.7920373678207397,1,TE
201501221,Hanner Shipley,2015,TE,0.8392,0.0,0,0.7958938479423523,1,0,0.36468392610549927,0,0,0.06299656629562378,0,0,0.7958938479423523,1,TE
201501239,Jared Rice,2015,TE,0.8389,72.7461,1,0.6718859076499939,1,1,0.6825103163719177,1,0,0.018247835338115692,0,1,0.6718859076499939,1,TE
201501262,Chris Garrison,2015,TE,0.8375,51.8407,1,0.6977120637893677,1,1,0.44177019596099854,0,0,0.0020732947159558535,0,1,0.6977120637893677,1,TE
201501263,Connor Redmond,2015,TE,0.8375,0.0,0,0.7902629375457764,1,0,0.5282496809959412,1,0,0.0661274790763855,0,0,0.7902629375457764,1,TE
201501280,Anthony Folkerts,2015,TE,0.8369,0.0,0,0.7380225658416748,1,0,0.6894657015800476,1,0,0.012100083753466606,0,0,0.7380225658416748,1,TE
201501304,Hunter Herndon,2015,TE,0.8361,0.0,0,0.8739372491836548,1,0,0.6084122061729431,1,0,0.011798528023064137,0,0,0.8739372491836548,1,TE
201501314,Caleb Reams,2015,TE,0.8358,51.7411,1,0.7907983064651489,1,1,0.5978299975395203,1,0,0.004109492059797049,0,1,0.7907983064651489,1,TE
201501354,Austin Dorris,2015,TE,0.8342,57.9241,1,0.7920848727226257,1,1,0.5284155011177063,1,0,0.015922432765364647,0,1,0.7920848727226257,1,TE
201501482,Doug Bates,2015,TE,0.8294,0.0,0,0.6015713214874268,1,0,0.4541015923023224,0,0,0.030343366786837578,0,0,0.6015713214874268,1,TE
201501492,Mitchell Wilcox,2015,TE,0.8289,63.3988,1,0.6008597612380981,1,1,0.40747135877609253,0,0,0.030836675316095352,0,1,0.6008597612380981,1,TE
201501515,Nate Vejvoda,2015,TE,0.8278,0.0,0,0.7774930596351624,1,0,0.4773319661617279,0,0,0.161741241812706,0,0,0.7774930596351624,1,TE
201501521,Jake Burt,2015,TE,0.8275,62.5966,1,0.7970703840255737,1,1,0.583075225353241,1,0,0.021427830681204796,0,1,0.7970703840255737,1,TE
201501536,Carlos Robinson,2015,TE,0.8264,0.0,0,0.933875560760498,1,0,0.6610345840454102,1,0,0.01920604705810547,0,0,0.933875560760498,1,TE
201501576,Bryce Witham,2015,TE,0.8244,58.2523,1,0.5135628581047058,1,1,0.5817328095436096,1,0,0.05291011184453964,0,1,0.5135628581047058,1,TE
201501671,Richard Burney,2015,TE,0.8192,53.8683,1,0.7688848376274109,1,1,0.27860063314437866,0,0,0.013196815736591816,0,1,0.7688848376274109,1,TE
201501713,Kyle Anderton,2015,TE,0.8169,46.6704,1,0.7269760370254517,1,0,0.09068337082862854,0,0,0.02368120104074478,0,1,0.7269760370254517,1,TE
201501768,Jace Sternberger,2015,TE,0.8139,86.122,1,0.712655246257782,1,1,0.49184614419937134,0,1,0.0013348350767046213,0,1,0.712655246257782,1,TE
201501811,Austin Ervin,2015,TE,0.8115,0.0,0,0.6872628927230835,1,0,0.584134578704834,1,0,0.006208440288901329,0,0,0.6872628927230835,1,TE
201501899,Chris Bounds,2015,TE,0.8078,57.7615,1,0.6978896856307983,1,1,0.12425564229488373,0,0,0.003740445477887988,0,1,0.6978896856307983,1,TE
201501955,Daniel Crawford,2015,TE,0.8056,60.7083,1,0.2720104157924652,0,1,0.2892207205295563,0,0,0.002712253713980317,0,1,0.2720104157924652,0,TE
201501961,Brycen Hopkins,2015,TE,0.8053,88.9048,1,0.7294774055480957,1,1,0.2472875863313675,0,1,0.00542028434574604,0,1,0.7294774055480957,1,TE
201502017,Foster Moreau,2015,TE,0.8026,69.6633,1,0.5553141832351685,1,1,0.4100501835346222,0,0,0.03442821651697159,0,1,0.5553141832351685,1,TE
201502065,Hunter Thedford,2015,TE,0.8003,58.1699,1,0.817395031452179,1,1,0.6608936190605164,1,0,0.0011149287456646562,0,1,0.817395031452179,1,TE
201502157,Hasani Smith,2015,TE,0.7967,0.0,0,0.8776885271072388,1,0,0.7199181914329529,1,0,0.004314706195145845,0,0,0.8776885271072388,1,TE
201502195,Josiah Deguara,2015,TE,0.7952,70.3365,1,0.34709808230400085,0,1,0.4378063678741455,0,0,0.002755500143393874,0,1,0.34709808230400085,0,TE
201502222,Montrice Johns,2015,TE,0.7933,0.0,0,0.7326314449310303,1,0,0.23013468086719513,0,0,0.002612123265862465,0,0,0.7326314449310303,1,TE
201502254,Josh Oliver,2015,TE,0.7919,62.8247,1,0.6690614223480225,1,1,0.26273614168167114,0,0,0.0014200385194271803,0,1,0.6690614223480225,1,TE
201502257,Alexx Zielinski,2015,TE,0.7919,43.287,1,0.4181629419326782,0,0,0.37318629026412964,0,0,0.0057850987650454044,0,1,0.4181629419326782,0,TE
201502261,Matt Seybert,2015,TE,0.7917,53.8975,1,0.27801594138145447,0,1,0.41681939363479614,0,0,0.0015307327266782522,0,1,0.27801594138145447,0,TE
201502266,Parker Underwood,2015,TE,0.7914,0.0,0,0.7077891230583191,1,0,0.3059128522872925,0,0,0.0021171264816075563,0,0,0.7077891230583191,1,TE
201502270,Jamarion Johnson,2015,TE,0.7914,0.0,0,0.9033582210540771,1,0,0.5035160779953003,1,0,0.0075907278805971146,0,0,0.9033582210540771,1,TE
201502302,Jess Trussell,2015,TE,0.7897,53.0713,1,0.9348790645599365,1,1,0.6429399847984314,1,0,0.00477761123329401,0,1,0.9348790645599365,1,TE
201502509,Ian Campbell,2015,TE,0.78,0.0,0,0.7536332607269287,1,0,0.3331015110015869,0,0,0.06468375772237778,0,0,0.7536332607269287,1,TE
201502568,Tyler Mabry,2015,TE,0.7793,63.0985,1,0.682218611240387,1,1,0.23617656528949738,0,0,0.004604162648320198,0,1,0.682218611240387,1,TE
201502574,Kyle Schrank,2015,TE,0.7785,55.8627,1,0.9237035512924194,1,1,0.5230810046195984,1,0,0.005555673036724329,0,1,0.9237035512924194,1,TE
201502607,Nijee Cox,2015,TE,0.7783,33.4314,1,0.7497170567512512,1,0,0.4131008982658386,0,0,0.0011278887977823615,0,1,0.7497170567512512,1,TE
201502626,Eli Wolf,2015,TE,0.7778,63.4205,1,0.775976300239563,1,1,0.7338072657585144,1,0,0.006513514090329409,0,1,0.775976300239563,1,TE
201502700,Nate Heaps,2015,TE,0.7733,0.0,0,0.825677216053009,1,0,0.26359063386917114,0,0,0.0009977701120078564,0,0,0.825677216053009,1,TE
201502722,Chris Minter,2015,TE,0.7726,61.8915,1,0.7684874534606934,1,1,0.639846682548523,1,0,0.0008844537660479546,0,1,0.7684874534606934,1,TE
201502731,Collin Reed,2015,TE,0.7719,59.9825,1,0.6931118965148926,1,1,0.48194292187690735,0,0,0.0014674544800072908,0,1,0.6931118965148926,1,TE
201502733,Kevin Ackerman,2015,TE,0.7719,38.7798,1,0.7940088510513306,1,0,0.725482702255249,1,0,0.005008178763091564,0,1,0.7940088510513306,1,TE
201502798,Bryce Kemp,2015,TE,0.7685,59.007,1,0.7004652619361877,1,1,0.1458224356174469,0,0,0.00775018148124218,0,1,0.7004652619361877,1,TE
201502803,Roy Pugh,2015,TE,0.7685,0.0,0,0.5273363590240479,1,0,0.2821372151374817,0,0,0.004902760032564402,0,0,0.5273363590240479,1,TE
201502831,Mac Carey,2015,TE,0.7678,0.0,0,0.5936028957366943,1,0,0.16842034459114075,0,0,0.0017338250763714314,0,0,0.5936028957366943,1,TE
201502957,Moses Marshall,2015,TE,0.7667,0.0,0,0.5511479377746582,1,0,0.3241705596446991,0,0,0.0017822420923039317,0,0,0.5511479377746582,1,TE
201503055,Sebastian Sock,2015,TE,0.7667,0.0,0,0.5408143401145935,1,0,0.11577744036912918,0,0,0.0032050416339188814,0,0,0.5408143401145935,1,TE
201503064,Brandon Junk,2015,TE,0.7667,54.8247,1,0.5020967125892639,1,1,0.194520965218544,0,0,0.0013417968293651938,0,1,0.5020967125892639,1,TE
201503102,Nico Lima,2015,TE,0.7644,0.0,0,0.3463054895401001,0,0,0.024187952280044556,0,0,0.0030040189158171415,0,0,0.3463054895401001,0,TE
201503127,Kelvin Smith,2015,TE,0.7633,61.5206,1,0.3523626923561096,0,1,0.088706374168396,0,0,0.001322209951467812,0,1,0.3523626923561096,0,TE
201503144,Avery Cagle,2015,TE,0.7633,0.0,0,0.6096187829971313,1,0,0.36956706643104553,0,0,0.011574133299291134,0,0,0.6096187829971313,1,TE
201503148,Zordan Holman,2015,TE,0.7633,0.0,0,0.7627954483032227,1,0,0.2679539918899536,0,0,0.0033466233871877193,0,0,0.7627954483032227,1,TE
201503210,Cole Ford,2015,TE,0.7583,35.7306,1,0.4826076626777649,0,0,0.3886294960975647,0,0,0.007937915623188019,0,1,0.4826076626777649,0,TE
201503224,Danny Annee,2015,TE,0.7578,0.0,0,0.5723428726196289,1,0,0.4859734773635864,0,0,0.006312806159257889,0,0,0.5723428726196289,1,TE
201503249,Kobe Idumwonyi,2015,TE,0.7533,0.0,0,0.6485642790794373,1,0,0.2972118556499481,0,0,0.0024190465919673443,0,0,0.6485642790794373,1,TE
201503276,Erik Beilman,2015,TE,0.7533,51.159,1,0.6746270060539246,1,1,0.3646208345890045,0,0,0.003237498691305518,0,1,0.6746270060539246,1,TE
201503284,Ryan Deshotel,2015,TE,0.7533,0.0,0,0.7294497489929199,1,0,0.20283208787441254,0,0,0.0014483366394415498,0,0,0.7294497489929199,1,TE
201503329,Jackson Solbeck,2015,TE,0.7483,47.5965,1,0.6212941408157349,1,0,0.34806185960769653,0,0,0.0026029301807284355,0,1,0.6212941408157349,1,TE
201503334,Reagan Heddins,2015,TE,0.7483,34.567,1,0.4741846024990082,0,0,0.32848629355430603,0,0,0.00466178497299552,0,1,0.4741846024990082,0,TE
201503340,Danny Pinter,2015,TE,0.7483,53.9267,1,0.8292842507362366,1,1,0.3503236174583435,0,0,0.003913196735084057,0,1,0.8292842507362366,1,TE
201503369,Sam Girodot,2015,TE,0.7433,0.0,0,0.785056471824646,1,0,0.1685652732849121,0,0,0.001929507707245648,0,0,0.785056471824646,1,TE
201503562,Travis Reynolds,2015,TE,0.7,55.7866,1,0.6458174586296082,1,1,0.47247156500816345,0,0,0.0033466233871877193,0,1,0.6458174586296082,1,TE
201600014,Isaac Nauta,2016,TE,0.9904,74.522,1,0.9532486200332642,1,1,0.9199187755584717,1,0,0.03614817559719086,0,1,0.9532486200332642,1,TE
201600038,Kaden Smith,2016,TE,0.9801,78.4677,1,0.9590847492218018,1,1,0.9512138962745667,1,0,0.22098521888256073,0,1,0.9590847492218018,1,TE
201600076,Devin Asiasi,2016,TE,0.9633,73.4234,1,0.8952140808105469,1,1,0.9446322917938232,1,0,0.014393431134521961,0,1,0.8952140808105469,1,TE
201600120,Jake Hausmann,2016,TE,0.9439,54.8544,1,0.8392475843429565,1,1,0.8766443729400635,1,0,0.2061043083667755,0,1,0.8392475843429565,1,TE
201600150,Naseir Upshur,2016,TE,0.9341,54.9885,1,0.9082017540931702,1,1,0.9799838662147522,1,0,0.05124828964471817,0,1,0.9082017540931702,1,TE
201600167,Octavious Cooley,2016,TE,0.9289,61.9112,1,0.9241126775741577,1,1,0.8637477159500122,1,0,0.018442410975694656,0,1,0.9241126775741577,1,TE
201600191,Luke Farrell,2016,TE,0.9233,68.1496,1,0.8131204843521118,1,1,0.8100410103797913,1,0,0.006362361833453178,0,1,0.8131204843521118,1,TE
201600235,Jamal Pettigrew,2016,TE,0.9124,57.4874,1,0.9751521348953247,1,1,0.9484504461288452,1,0,0.013219045475125313,0,1,0.9751521348953247,1,TE
201600272,Cary Angeline,2016,TE,0.9064,73.1042,1,0.9451446533203125,1,1,0.9573757648468018,1,0,0.013158810324966908,0,1,0.9451446533203125,1,TE
201600315,Jacob Mathis,2016,TE,0.8953,54.7505,1,0.9310953617095947,1,1,0.7080988883972168,1,0,0.022575419396162033,0,1,0.9310953617095947,1,TE
201600320,Kierre Hawkins,2016,TE,0.895,0.0,0,0.8660964369773865,1,0,0.7278299927711487,1,0,0.03568943589925766,0,0,0.8660964369773865,1,TE
201600324,Gabe Angel,2016,TE,0.8943,34.7552,1,0.8759531378746033,1,0,0.8986877799034119,1,0,0.05170547217130661,0,1,0.8759531378746033,1,TE
201600333,Mark Birmingham,2016,TE,0.8935,54.6764,1,0.9219382405281067,1,1,0.6659241318702698,1,0,0.0028501630295068026,0,1,0.9219382405281067,1,TE
201600352,Nick Eubanks,2016,TE,0.8893,64.5239,1,0.9240517020225525,1,1,0.500577986240387,1,0,0.053155332803726196,0,1,0.9240517020225525,1,TE
201600371,Miller Forristall,2016,TE,0.8853,65.9808,1,0.872467577457428,1,1,0.4186168611049652,0,0,0.02537688985466957,0,1,0.872467577457428,1,TE
201600386,Thaddeus Moss,2016,TE,0.8836,56.7585,1,0.6320050358772278,1,1,0.28494036197662354,0,0,0.004652768839150667,0,1,0.6320050358772278,1,TE
201600447,Garrett Walston,2016,TE,0.8772,66.9306,1,0.9801801443099976,1,1,0.8786022663116455,1,0,0.09879209101200104,0,1,0.9801801443099976,1,TE
201600505,Danny Dalton,2016,TE,0.8722,49.0739,1,0.9381378293037415,1,0,0.8018380999565125,1,0,0.013960625976324081,0,1,0.9381378293037415,1,TE
201600521,J.C. Chalk,2016,TE,0.8703,68.2125,1,0.6092984676361084,1,1,0.32466769218444824,0,0,0.0037830700166523457,0,1,0.6092984676361084,1,TE
201600524,Irv Smith Jr.,2016,TE,0.8703,73.6989,1,0.8816278576850891,1,1,0.7295669913291931,1,0,0.0030161249451339245,0,1,0.8816278576850891,1,TE
201600543,Cam McCormick,2016,TE,0.8686,69.2033,1,0.8316357731819153,1,1,0.5825061202049255,1,0,0.017116976901888847,0,1,0.8316357731819153,1,TE
201600544,Brendan Scales,2016,TE,0.8686,41.0175,1,0.8140787482261658,1,0,0.6085227727890015,1,0,0.003166034584864974,0,1,0.8140787482261658,1,TE
201600546,Chase Allen,2016,TE,0.8686,71.4855,1,0.7219887375831604,1,1,0.283048540353775,0,0,0.006449954584240913,0,1,0.7219887375831604,1,TE
201600570,Scooter Harrington,2016,TE,0.8664,65.2694,1,0.9314000606536865,1,1,0.6552563905715942,1,0,0.0029329208191484213,0,1,0.9314000606536865,1,TE
201600596,Noah Davis,2016,TE,0.8644,58.518,1,0.8391357064247131,1,1,0.608616292476654,1,0,0.0039406949654221535,0,1,0.8391357064247131,1,TE
201600614,Albert Okwuegbunam,2016,TE,0.8636,81.7681,1,0.9526243209838867,1,1,0.7805841565132141,1,1,0.00035831244895234704,0,1,0.9526243209838867,1,TE
201600619,Jared Bubak,2016,TE,0.8631,42.1966,1,0.9414589405059814,1,0,0.5970736742019653,1,0,0.003456342499703169,0,1,0.9414589405059814,1,TE
201600620,Evan Hinson,2016,TE,0.8631,49.685,1,0.9698916077613831,1,0,0.6050219535827637,1,0,0.009251267649233341,0,1,0.9698916077613831,1,TE
201600628,Michael Irvin II,2016,TE,0.8628,56.9784,1,0.9115965366363525,1,1,0.5037896633148193,1,0,0.0022488173563033342,0,1,0.9115965366363525,1,TE
201600638,Jake Hescock,2016,TE,0.8622,62.8038,1,0.9176742434501648,1,1,0.7194534540176392,1,0,0.006365865468978882,0,1,0.9176742434501648,1,TE
201600657,Austin Pope,2016,TE,0.8614,61.7343,1,0.9085975885391235,1,1,0.5778765082359314,1,0,0.00039398850640282035,0,1,0.9085975885391235,1,TE
201600672,Jordan Wilson,2016,TE,0.8603,67.932,1,0.9226818084716797,1,1,0.8193820118904114,1,0,0.018318161368370056,0,1,0.9226818084716797,1,TE
201600697,Christian Roberson,2016,TE,0.8589,43.6407,1,0.9282255172729492,1,0,0.733391523361206,1,0,0.0016798945143818855,0,1,0.9282255172729492,1,TE
201600730,Noah Turner,2016,TE,0.8569,43.8793,1,0.8416182994842529,1,0,0.6828234791755676,1,0,0.0003610731801018119,0,1,0.8416182994842529,1,TE
201600770,Jack Stoll,2016,TE,0.8556,67.6283,1,0.9057521224021912,1,1,0.8335216641426086,1,0,0.06013359874486923,0,1,0.9057521224021912,1,TE
201600801,Donte Coleman,2016,TE,0.8539,0.0,0,0.9514126181602478,1,0,0.6425359845161438,1,0,0.001360258087515831,0,0,0.9514126181602478,1,TE
201600844,Sean McKeon,2016,TE,0.8522,67.1299,1,0.9133175611495972,1,1,0.3983222544193268,0,0,0.005270778201520443,0,1,0.9133175611495972,1,TE
201600867,Jacob Kizer,2016,TE,0.8511,59.2125,1,0.9452744126319885,1,1,0.6697688102722168,1,0,0.005160448141396046,0,1,0.9452744126319885,1,TE
201600955,Cole Fotheringham,2016,TE,0.8472,64.7124,1,0.8669732809066772,1,1,0.44184204936027527,0,0,0.0017108968459069729,0,1,0.8669732809066772,1,TE
201600958,Eric Eshoo,2016,TE,0.8472,0.0,0,0.9528523087501526,1,0,0.5910075902938843,1,0,0.006548189092427492,0,0,0.9528523087501526,1,TE
201600985,Brandon Chapman,2016,TE,0.8458,66.5966,1,0.6704365015029907,1,1,0.47037333250045776,0,0,0.001479158760048449,0,1,0.6704365015029907,1,TE
201601013,Shaun Beyer,2016,TE,0.8447,63.2694,1,0.5998309254646301,1,1,0.381629079580307,0,0,0.008215231820940971,0,1,0.5998309254646301,1,TE
201601269,Grayson Gunter,2016,TE,0.8339,69.1,1,0.7428586483001709,1,1,0.7322383522987366,1,0,0.032914452254772186,0,1,0.7428586483001709,1,TE
201601271,Parker Houston,2016,TE,0.8337,64.6651,1,0.7841078639030457,1,1,0.5368949770927429,1,0,0.006567549426108599,0,1,0.7841078639030457,1,TE
201601302,Riley Sharp,2016,TE,0.8333,57.3913,1,0.6955111026763916,1,1,0.387879878282547,0,0,0.015910452231764793,0,1,0.6955111026763916,1,TE
201601365,Ray Marten,2016,TE,0.8322,57.0574,1,0.6912242770195007,1,1,0.34423959255218506,0,0,0.00403765169903636,0,1,0.6912242770195007,1,TE
201601384,Dylan Autenrieth,2016,TE,0.8317,60.9876,1,0.394937664270401,0,1,0.11393547803163528,0,0,0.01269984245300293,0,1,0.394937664270401,0,TE
201601386,Bryce Mortenson,2016,TE,0.8315,34.3484,1,0.6761416792869568,1,0,0.33906519412994385,0,0,0.012303764000535011,0,1,0.6761416792869568,1,TE
201601406,John Bates,2016,TE,0.8308,63.1837,1,0.38517045974731445,0,1,0.26839008927345276,0,0,0.027395909652113914,0,1,0.38517045974731445,0,TE
201601448,Turner Cockrell,2016,TE,0.8286,0.0,0,0.6324421763420105,1,0,0.5824037194252014,1,0,0.016031568869948387,0,0,0.6324421763420105,1,TE
201601459,Jay Rose,2016,TE,0.8281,62.7622,1,0.690171480178833,1,1,0.5921666026115417,1,0,0.16899077594280243,0,1,0.690171480178833,1,TE
201601464,T.J. Hockenson,2016,TE,0.8278,85.7715,1,0.7048302888870239,1,1,0.5155370235443115,1,1,0.0012681414373219013,0,1,0.7048302888870239,1,TE
201601468,Justin Rigg,2016,TE,0.8275,70.9761,1,0.6836559176445007,1,1,0.6332152485847473,1,0,0.022308237850666046,0,1,0.6836559176445007,1,TE
201601538,Sam Letton,2016,TE,0.825,44.6769,1,0.8190814852714539,1,0,0.3508448600769043,0,0,0.0015334192430600524,0,1,0.8190814852714539,1,TE
201601555,Nick Lenners,2016,TE,0.8242,61.405,1,0.8090243935585022,1,1,0.6645520925521851,1,0,0.031152989715337753,0,1,0.8090243935585022,1,TE
201601670,Zach Cousar,2016,TE,0.8194,39.2657,1,0.6358200311660767,1,0,0.5742329955101013,1,0,0.02738375775516033,0,1,0.6358200311660767,1,TE
201601694,Corey Rau,2016,TE,0.8178,34.2654,1,0.5753516554832458,1,0,0.5404193997383118,1,0,0.0029562734998762608,0,1,0.5753516554832458,1,TE
201601745,Giovanni Fauolo,2016,TE,0.8156,62.5761,1,0.7793606519699097,1,1,0.3816289007663727,0,0,0.0006369234761223197,0,1,0.7793606519699097,1,TE
201601892,Brett Borske,2016,TE,0.8103,57.4073,1,0.5819713473320007,1,1,0.2810998558998108,0,0,0.003509700298309326,0,1,0.5819713473320007,1,TE
201601921,Christian Baumgardner,2016,TE,0.8094,0.0,0,0.6671711802482605,1,0,0.6961606740951538,1,0,0.01416612509638071,0,0,0.6671711802482605,1,TE
201601937,Hank Tuipulotu,2016,TE,0.8083,25.9014,1,0.7945502400398254,1,0,0.8251683115959167,1,0,0.010194243863224983,0,1,0.7945502400398254,1,TE
201601967,Bruno Labelle,2016,TE,0.8067,63.7717,1,0.7883958220481873,1,1,0.3593895733356476,0,0,0.008174916729331017,0,1,0.7883958220481873,1,TE
201601968,Kyle Speas,2016,TE,0.8067,0.0,0,0.9119403958320618,1,0,0.34198397397994995,0,0,0.04606432840228081,0,0,0.9119403958320618,1,TE
201601989,Korab Idrizi,2016,TE,0.8053,61.8324,1,0.41384685039520264,0,1,0.2541848123073578,0,0,0.00664230203256011,0,1,0.41384685039520264,0,TE
201602045,Anthony Watley,2016,TE,0.8026,51.2015,1,0.8341144323348999,1,1,0.5600605607032776,1,0,0.0015127654187381268,0,1,0.8341144323348999,1,TE
201602084,Mark Michaud,2016,TE,0.8006,38.7798,1,0.7912837266921997,1,0,0.6114897131919861,1,0,0.04027436301112175,0,1,0.7912837266921997,1,TE
201602113,Bapa Falemaka,2016,TE,0.8,24.8359,1,0.874854564666748,1,0,0.622346043586731,1,0,0.01588696800172329,0,1,0.874854564666748,1,TE
201602134,Griffin Palmer,2016,TE,0.7986,48.7602,1,0.8896963596343994,1,0,0.7733320593833923,1,0,0.00533584039658308,0,1,0.8896963596343994,1,TE
201602148,Billy Humphreys,2016,TE,0.7983,62.3921,1,0.5707886815071106,1,1,0.240740105509758,0,0,0.0062368158251047134,0,1,0.5707886815071106,1,TE
201602232,Avien Peah,2016,TE,0.7933,47.2482,1,0.621895432472229,1,0,0.5303286910057068,1,0,0.0007667387253604829,0,1,0.621895432472229,1,TE
201602275,Kyle Fourtenbary,2016,TE,0.7919,55.0332,1,0.7059460878372192,1,1,0.7111107707023621,1,0,0.002121963305398822,0,1,0.7059460878372192,1,TE
201602286,Taylor Edwards,2016,TE,0.7911,51.0597,1,0.41514864563941956,0,1,0.45534461736679077,0,0,0.0016011648112908006,0,1,0.41514864563941956,0,TE
201602287,Thomas Cole,2016,TE,0.7911,0.0,0,0.7674520015716553,1,0,0.5124950408935547,1,0,0.0016425303183495998,0,0,0.7674520015716553,1,TE
201602339,Blake Kern,2016,TE,0.79,64.8316,1,0.7788448929786682,1,1,0.38816899061203003,0,0,0.0015108457300812006,0,1,0.7788448929786682,1,TE
201602366,Noah Barnes,2016,TE,0.7893,58.8881,1,0.9435259699821472,1,1,0.8475273847579956,1,0,0.039564117789268494,0,1,0.9435259699821472,1,TE
201602376,Josh Pederson,2016,TE,0.7893,60.8196,1,0.9111260175704956,1,1,0.5381187796592712,1,0,0.008462566882371902,0,1,0.9111260175704956,1,TE
201602531,Mitchell Brinkman,2016,TE,0.7859,66.9024,1,0.7463636994361877,1,1,0.3940211534500122,0,0,0.0009335802169516683,0,1,0.7463636994361877,1,TE
201602545,Clay Alexander,2016,TE,0.7856,0.0,0,0.8734800219535828,1,0,0.8239139914512634,1,0,0.003560891142114997,0,0,0.8734800219535828,1,TE
201602551,John Raine,2016,TE,0.7852,63.5075,1,0.5761560201644897,1,1,0.37172505259513855,0,0,0.0009834559168666601,0,1,0.5761560201644897,1,TE
201602554,Steve Petrick,2016,TE,0.7847,0.0,0,0.6665972471237183,1,0,0.6033186316490173,1,0,0.004500883165746927,0,0,0.6665972471237183,1,TE
201602594,Austin Conrad,2016,TE,0.7826,41.1773,1,0.5595567226409912,1,0,0.47714194655418396,0,0,0.002079724334180355,0,1,0.5595567226409912,1,TE
201602602,Dylan Koch,2016,TE,0.7826,45.8322,1,0.44619452953338623,0,0,0.4353559911251068,0,0,0.06376110762357712,0,1,0.44619452953338623,0,TE
201602606,Andrew Homer,2016,TE,0.7826,60.5794,1,0.3597063720226288,0,1,0.19856633245944977,0,0,0.010257587768137455,0,1,0.3597063720226288,0,TE
201602630,Tyler Lamm,2016,TE,0.7819,59.0924,1,0.5352862477302551,1,1,0.36416247487068176,0,0,0.0026481884997338057,0,1,0.5352862477302551,1,TE
201602800,Zac Crosby,2016,TE,0.7759,53.0137,1,0.5949193835258484,1,1,0.7467051148414612,1,0,0.006983042228966951,0,1,0.5949193835258484,1,TE
201602802,Ryan Carriere,2016,TE,0.7759,58.0713,1,0.6063234210014343,1,1,0.42586028575897217,0,0,0.010693006217479706,0,1,0.6063234210014343,1,TE
201602825,Sean Dykes,2016,TE,0.7752,76.9669,1,0.7336111664772034,1,1,0.4345191717147827,0,0,0.0011650065425783396,0,1,0.7336111664772034,1,TE
201602829,Nate Swart,2016,TE,0.7752,0.0,0,0.8491342067718506,1,0,0.7204968333244324,1,0,0.04427337273955345,0,0,0.8491342067718506,1,TE
201602873,Eric Weber,2016,TE,0.7733,0.0,0,0.7013929486274719,1,0,0.7111164331436157,1,0,0.006348269525915384,0,0,0.7013929486274719,1,TE
201602903,Johnny Lumpkin,2016,TE,0.7733,64.7362,1,0.6497654914855957,1,1,0.6603323817253113,1,0,0.003710623364895582,0,1,0.6497654914855957,1,TE
201602912,Javonis Isaac,2016,TE,0.7719,59.0411,1,0.6246188282966614,1,1,0.3133499324321747,0,0,0.002257106127217412,0,1,0.6246188282966614,1,TE
201602918,Brendon Rushing,2016,TE,0.7719,51.3718,1,0.45769017934799194,0,1,0.6254158020019531,1,0,0.009359837509691715,0,1,0.45769017934799194,0,TE
201602930,Shaun Bonner,2016,TE,0.7719,29.6445,1,0.4788248836994171,0,0,0.5210668444633484,1,0,0.008369918912649155,0,1,0.4788248836994171,0,TE
201602968,Khameron Taylor,2016,TE,0.7694,50.7337,1,0.6407435536384583,1,1,0.38079068064689636,0,0,0.004010297358036041,0,1,0.6407435536384583,1,TE
201602987,Cameron Woodard,2016,TE,0.7685,32.2373,1,0.6861135959625244,1,0,0.054238270968198776,0,0,0.0036763898096978664,0,1,0.6861135959625244,1,TE
201603053,Matt Heuerman,2016,TE,0.7667,0.0,0,0.4423723518848419,0,0,0.4297682046890259,0,0,0.005072845611721277,0,0,0.4423723518848419,0,TE
201603137,Conner Edmonds,2016,TE,0.7667,0.0,0,0.7006776928901672,1,0,0.2014642357826233,0,0,0.015408888459205627,0,0,0.7006776928901672,1,TE
201603315,Geoffrey Kirk,2016,TE,0.7667,0.0,0,0.6141396760940552,1,0,0.3226010203361511,0,0,0.002379082143306732,0,0,0.6141396760940552,1,TE
201603347,Gabe Lloyd,2016,TE,0.7667,48.5029,1,0.5567980408668518,1,0,0.3418431580066681,0,0,0.014426873996853828,0,1,0.5567980408668518,1,TE
201603441,Zac Lefebvre,2016,TE,0.7667,58.418,1,0.7060243487358093,1,1,0.15679830312728882,0,0,0.010283350013196468,0,1,0.7060243487358093,1,TE
201603553,Cody Markel,2016,TE,0.7667,53.3311,1,0.46462950110435486,0,1,0.3331056535243988,0,0,0.004065561108291149,0,1,0.46462950110435486,0,TE
201603657,David Fitzwater,2016,TE,0.7644,41.195,1,0.5815622210502625,1,0,0.4805476665496826,0,0,0.050686802715063095,0,1,0.5815622210502625,1,TE
201603685,Rhett Myers,2016,TE,0.7633,39.3437,1,0.41619551181793213,0,0,0.1688365638256073,0,0,0.00427582673728466,0,1,0.41619551181793213,0,TE
201603764,Harrison Bryant,2016,TE,0.7583,84.2874,1,0.4612962603569031,0,1,0.09119156748056412,0,1,0.00433952733874321,0,1,0.4612962603569031,0,TE
201603781,Kylen Granson,2016,TE,0.7578,78.3641,1,0.2607356905937195,0,1,0.2209421992301941,0,0,0.003412006888538599,0,1,0.2607356905937195,0,TE
201603788,Bryce Roberts,2016,TE,0.7544,50.2379,1,0.31757834553718567,0,1,0.31522342562675476,0,0,0.003619356546550989,0,1,0.31757834553718567,0,TE
201603808,Trace Kochevar,2016,TE,0.7533,0.0,0,0.7023563385009766,1,0,0.6644814610481262,1,0,0.0018306883284822106,0,0,0.7023563385009766,1,TE
201700036,Colby Parkinson,2017,TE,0.9826,79.9796,1,0.880551278591156,1,1,0.848562479019165,1,0,0.08447873592376709,0,1,0.880551278591156,1,TE
201700071,Brock Wright,2017,TE,0.9669,68.3715,1,0.937092661857605,1,1,0.9455663561820984,1,0,0.021742111071944237,0,1,0.937092661857605,1,TE
201700082,Cole Kmet,2017,TE,0.9609,64.2917,1,0.9234182238578796,1,1,0.866777241230011,1,0,0.3693414032459259,0,1,0.9234182238578796,1,TE
201700143,Josh Falo,2017,TE,0.9363,67.1586,1,0.9840608239173889,1,1,0.9696502089500427,1,0,0.040632668882608414,0,1,0.9840608239173889,1,TE
201700161,Hunter Bryant,2017,TE,0.9321,77.7723,1,0.8272144198417664,1,1,0.8244370818138123,1,0,0.04387601464986801,0,1,0.8272144198417664,1,TE
201700229,Grant Calcaterra,2017,TE,0.9131,77.4033,1,0.9642021656036377,1,1,0.7667789459228516,1,0,0.02333812043070793,0,1,0.9642021656036377,1,TE
201700278,Matt Dotson,2017,TE,0.9016,65.3687,1,0.8920742869377136,1,1,0.7816935181617737,1,0,0.061002109199762344,0,1,0.8920742869377136,1,TE
201700291,Charles Reeves,2017,TE,0.899,0.0,0,0.8812155723571777,1,0,0.9458320140838623,1,0,0.13697059452533722,0,0,0.8812155723571777,1,TE
201700293,Kemore Gamble,2017,TE,0.8987,71.0175,1,0.839266836643219,1,1,0.740716278553009,1,0,0.0032764533534646034,0,1,0.839266836643219,1,TE
201700295,Major Tennison,2017,TE,0.8985,59.7169,1,0.9691768884658813,1,1,0.9627441167831421,1,0,0.0537135973572731,0,1,0.9691768884658813,1,TE
201700304,Jimmy Jaggers,2017,TE,0.8967,0.0,0,0.9450367093086243,1,0,0.6817963123321533,1,0,0.01307890098541975,0,0,0.9450367093086243,1,TE
201700339,Kedrick James,2017,TE,0.8922,42.8137,1,0.960383951663971,1,0,0.8431749939918518,1,0,0.004268663935363293,0,1,0.960383951663971,1,TE
201700351,Jake Ferguson,2017,TE,0.8906,87.3329,1,0.925392210483551,1,1,0.649461030960083,1,1,0.0030417991802096367,0,1,0.925392210483551,1,TE
201700392,Jake Marwede,2017,TE,0.8846,59.1266,1,0.6991168260574341,1,1,0.4611341655254364,0,0,0.020801527425646782,0,1,0.6991168260574341,1,TE
201700416,Tre' McKitty,2017,TE,0.8816,67.1012,1,0.853841245174408,1,1,0.8394192457199097,1,0,0.010278851725161076,0,1,0.853841245174408,1,TE
201700420,Will Register,2017,TE,0.8807,51.6985,1,0.909619927406311,1,1,0.7937829494476318,1,0,0.00481610419228673,0,1,0.909619927406311,1,TE
201700442,Drake Deiuliis,2017,TE,0.8767,61.8127,1,0.909979522228241,1,1,0.8254518508911133,1,0,0.030594011768698692,0,1,0.909979522228241,1,TE
201700483,Camron Horry,2017,TE,0.8728,35.9756,1,0.898667573928833,1,0,0.7003124952316284,1,0,0.0699559822678566,0,1,0.898667573928833,1,TE
201700496,Reese Leitao,2017,TE,0.8717,51.4285,1,0.9140596389770508,1,1,0.8849285840988159,1,0,0.00326845096424222,0,1,0.9140596389770508,1,TE
201700497,Alexander Marshall,2017,TE,0.8717,0.0,0,0.9755523800849915,1,0,0.394226610660553,0,0,0.0022363702300935984,0,0,0.9755523800849915,1,TE
201700507,Brian Polendey,2017,TE,0.8711,61.2331,1,0.9727035164833069,1,1,0.7824913263320923,1,0,0.01257302612066269,0,1,0.9727035164833069,1,TE
201700569,Erik Krommenhoek,2017,TE,0.8669,69.8458,1,0.7458112239837646,1,1,0.389608234167099,0,0,0.005284032318741083,0,1,0.7458112239837646,1,TE
201700588,Cade Otton,2017,TE,0.8653,72.597,1,0.9499729871749878,1,1,0.6400870084762573,1,0,0.00035831244895234704,0,1,0.9499729871749878,1,TE
201700598,Moses Robinson-Carr,2017,TE,0.8644,48.7745,1,0.747987687587738,1,0,0.747422993183136,1,0,0.0023940429091453552,0,1,0.747987687587738,1,TE
201700611,Tucker Fisk,2017,TE,0.8636,62.3515,1,0.22469259798526764,0,1,0.15001927316188812,0,0,0.0010923107620328665,0,1,0.22469259798526764,0,TE
201700625,Kemari Averett,2017,TE,0.8628,52.8412,1,0.8382683992385864,1,1,0.5642168521881104,1,0,0.012206418439745903,0,1,0.8382683992385864,1,TE
201700639,Jeremiah Hall,2017,TE,0.8619,73.6431,1,0.9176787734031677,1,1,0.632806122303009,1,0,0.003862710203975439,0,1,0.9176787734031677,1,TE
201700641,Jared Poplawski,2017,TE,0.8619,38.217,1,0.9012632966041565,1,0,0.7003040313720703,1,0,0.005124513991177082,0,1,0.9012632966041565,1,TE
201700655,Trey Pugh,2017,TE,0.8611,52.2398,1,0.9249308705329895,1,1,0.850439727306366,1,0,0.0513145811855793,0,1,0.9249308705329895,1,TE
201700677,Chase Rogers,2017,TE,0.86,54.2634,1,0.8816524147987366,1,1,0.5881310105323792,1,0,0.0008800664800219238,0,1,0.8816524147987366,1,TE
201700693,Keynel McZeal,2017,TE,0.8594,0.0,0,0.9789586067199707,1,0,0.725593626499176,1,0,0.017516203224658966,0,0,0.9789586067199707,1,TE
201700706,Kurt Rafdal,2017,TE,0.8589,67.3911,1,0.8426017165184021,1,1,0.7300965189933777,1,0,0.003569708438590169,0,1,0.8426017165184021,1,TE
201700746,Bryce Wolma,2017,TE,0.8564,67.3325,1,0.8284798860549927,1,1,0.6897883415222168,1,0,0.003543808124959469,0,1,0.8284798860549927,1,TE
201700757,Jack Camper,2017,TE,0.8558,0.0,0,0.9178104996681213,1,0,0.5967186093330383,1,0,0.002123850164934993,0,0,0.9178104996681213,1,TE
201700809,Austin Allen,2017,TE,0.8539,67.7792,1,0.9424067139625549,1,1,0.3364373445510864,0,0,0.005967822391539812,0,1,0.9424067139625549,1,TE
201700911,Lecitus Smith,2017,TE,0.85,0.0,0,0.37478938698768616,0,0,0.16795490682125092,0,0,0.005933827720582485,0,0,0.37478938698768616,0,TE
201700917,Jacob Paulson,2017,TE,0.8497,57.1682,1,0.6190275549888611,1,1,0.49362850189208984,0,0,0.007234469056129456,0,1,0.6190275549888611,1,TE
201700918,Damien Darden,2017,TE,0.8497,24.2007,1,0.759075403213501,1,0,0.7015547752380371,1,0,0.0015170180704444647,0,1,0.759075403213501,1,TE
201700976,Cade Brewer,2017,TE,0.8475,71.0591,1,0.7908299565315247,1,1,0.2632305920124054,0,0,0.014311568811535835,0,1,0.7908299565315247,1,TE
201700992,Lou Dorsey,2017,TE,0.8469,70.8122,1,0.8792335987091064,1,1,0.347301721572876,0,0,0.005944877862930298,0,1,0.8792335987091064,1,TE
201701010,Carson Terrell,2017,TE,0.8464,64.9036,1,0.8818960189819336,1,1,0.5933041572570801,1,0,0.0012439318234100938,0,1,0.8818960189819336,1,TE
201701013,Keegan Cossou,2017,TE,0.8463,51.2299,1,0.837716817855835,1,1,0.6565665006637573,1,0,0.06068790331482887,0,1,0.837716817855835,1,TE
201701023,Parker Eichenberger,2017,TE,0.8458,62.3312,1,0.9416435360908508,1,1,0.5041459798812866,1,0,0.00799667090177536,0,1,0.9416435360908508,1,TE
201701040,Andrew Park,2017,TE,0.845,0.0,0,0.7587120532989502,1,0,0.6522758603096008,1,0,0.005325749982148409,0,0,0.7587120532989502,1,TE
201701050,James Brown,2017,TE,0.8447,0.0,0,0.841395914554596,1,0,0.7173863053321838,1,0,0.011715911328792572,0,0,0.841395914554596,1,TE
201701063,Grant Carrigan,2017,TE,0.8442,53.6936,1,0.6827771663665771,1,1,0.8668030500411987,1,0,0.00627082958817482,0,1,0.6827771663665771,1,TE
201701070,Peyton Hendershot,2017,TE,0.8436,84.0317,1,0.8376604318618774,1,1,0.5858511328697205,1,1,0.006464472971856594,0,1,0.8376604318618774,1,TE
201701095,Mitch Lewis,2017,TE,0.843,32.0023,1,0.7621670961380005,1,0,0.44777894020080566,0,0,0.005469676572829485,0,1,0.7621670961380005,1,TE
201701181,Charlie Kolar,2017,TE,0.8392,92.2815,1,0.8054282665252686,1,1,0.591991126537323,1,1,0.0015973253175616264,0,1,0.8054282665252686,1,TE
201701208,Ben Moos,2017,TE,0.8383,0.0,0,0.7129908800125122,1,0,0.7727144360542297,1,0,0.007068331353366375,0,0,0.7129908800125122,1,TE
201701404,Drew Rosi,2017,TE,0.8317,63.5841,1,0.6025902628898621,1,1,0.22273878753185272,0,0,0.0012705789413303137,0,1,0.6025902628898621,1,TE
201701422,Adam Boselli,2017,TE,0.8306,47.9287,1,0.35630348324775696,0,0,0.34824761748313904,0,0,0.011503316462039948,0,1,0.35630348324775696,0,TE
201701433,Bentley Hanshaw,2017,TE,0.83,54.9289,1,0.5148156881332397,1,1,0.23743599653244019,0,0,0.009494902566075325,0,1,0.5148156881332397,1,TE
201701441,Noah Gray,2017,TE,0.8289,66.8182,1,0.5330443978309631,1,1,0.3793588876724243,0,0,0.024195486679673195,0,1,0.5330443978309631,1,TE
201701442,Chance McLeod,2017,TE,0.8289,36.7313,1,0.8008274435997009,1,0,0.3850904107093811,0,0,0.003759917337447405,0,1,0.8008274435997009,1,TE
201701479,Tyler Sear,2017,TE,0.8275,50.6487,1,0.3390970230102539,0,1,0.6551888585090637,1,0,0.09704078733921051,0,1,0.3390970230102539,0,TE
201701493,Griffin Hammer,2017,TE,0.8267,37.3169,1,0.6978093981742859,1,0,0.38041454553604126,0,0,0.0179029181599617,0,1,0.6978093981742859,1,TE
201701494,Patrick Brown,2017,TE,0.8267,0.0,0,0.7538031339645386,1,0,0.4952528178691864,0,0,0.0020137231331318617,0,0,0.7538031339645386,1,TE
201701496,John Samuel Shenker,2017,TE,0.8267,72.8469,1,0.5254994034767151,1,1,0.29585835337638855,0,0,0.006847382988780737,0,1,0.5254994034767151,1,TE
201701549,Devin Miller,2017,TE,0.8241,63.5294,1,0.8342254161834717,1,1,0.5179182887077332,1,0,0.02644341066479683,0,1,0.8342254161834717,1,TE
201701574,Aaron Hackett,2017,TE,0.8228,65.7222,1,0.8694408535957336,1,1,0.7296549677848816,1,0,0.0185684971511364,0,1,0.8694408535957336,1,TE
201701609,Wil Huber,2017,TE,0.8215,55.2728,1,0.7027757167816162,1,1,0.560771644115448,1,0,0.10064975917339325,0,1,0.7027757167816162,1,TE
201701625,Hunter Long,2017,TE,0.8211,75.8654,1,0.7222667336463928,1,1,0.49950945377349854,0,0,0.024929333478212357,0,1,0.7222667336463928,1,TE
201701667,Isaac Rex,2017,TE,0.8189,79.7239,1,0.824664294719696,1,1,0.24710112810134888,0,0,0.001780570950359106,0,1,0.824664294719696,1,TE
201701693,Cameron Butler,2017,TE,0.8181,60.8754,1,0.6311583518981934,1,1,0.28887617588043213,0,0,0.014892401173710823,0,1,0.6311583518981934,1,TE
201701740,Nathan Bursch,2017,TE,0.8161,0.0,0,0.8119861483573914,1,0,0.2232392281293869,0,0,0.019057326018810272,0,0,0.8119861483573914,1,TE
201701746,Frederick Lloyd,2017,TE,0.8156,24.0331,1,0.2776278853416443,0,0,0.3253539800643921,0,0,0.03264841064810753,0,1,0.2776278853416443,0,TE
201701749,Kade Greeley,2017,TE,0.8156,34.0411,1,0.8152512907981873,1,0,0.2888149619102478,0,0,0.011231324635446072,0,1,0.8152512907981873,1,TE
201701765,Liam Soraghan,2017,TE,0.8148,62.4736,1,0.7342934608459473,1,1,0.5507951974868774,1,0,0.01324957050383091,0,1,0.7342934608459473,1,TE
201701782,Tyler Henderson,2017,TE,0.8142,55.939,1,0.8761624693870544,1,1,0.46957141160964966,0,0,0.08673088252544403,0,1,0.8761624693870544,1,TE
201701795,Tyler Eiguren,2017,TE,0.8133,45.6671,1,0.7704039216041565,1,0,0.4801836609840393,0,0,0.009478024207055569,0,1,0.7704039216041565,1,TE
201701997,Travis Vokolek,2017,TE,0.8053,68.087,1,0.713111937046051,1,1,0.26932284235954285,0,0,0.03324442729353905,0,1,0.713111937046051,1,TE
201702063,Tyce Daniel,2017,TE,0.8026,50.9605,1,0.29015910625457764,0,1,0.41634446382522583,0,0,0.0020788011606782675,0,1,0.29015910625457764,0,TE
201702065,Mark Walton,2017,TE,0.8026,0.0,0,0.8570093512535095,1,0,0.4460812509059906,0,0,0.030111707746982574,0,0,0.8570093512535095,1,TE
201702078,Roger Carter,2017,TE,0.8019,63.9955,1,0.7854796648025513,1,1,0.5178027749061584,1,0,0.0010185756254941225,0,1,0.7854796648025513,1,TE
201702293,Baron Odom,2017,TE,0.7933,0.0,0,0.8898646235466003,1,0,0.7399148344993591,1,0,0.007461643312126398,0,0,0.8898646235466003,1,TE
201702294,Joeseph Sewell,2017,TE,0.7933,36.3586,1,0.9022329449653625,1,0,0.11350821703672409,0,0,0.0012968032388016582,0,1,0.9022329449653625,1,TE
201702312,Jared Edwards,2017,TE,0.7926,0.0,0,0.6698275208473206,1,0,0.05647403374314308,0,0,0.009188557043671608,0,0,0.6698275208473206,1,TE
201702467,Adam Mehelic,2017,TE,0.7878,53.6645,1,0.577763020992279,1,1,0.5609355568885803,1,0,0.0038151571061462164,0,1,0.577763020992279,1,TE
201702469,Jamal Turner,2017,TE,0.7878,64.6887,1,0.6653174161911011,1,1,0.6949642896652222,1,0,0.0015535753918811679,0,1,0.6653174161911011,1,TE
201702515,Daniel Peabody,2017,TE,0.7859,0.0,0,0.5830262303352356,1,0,0.5598774552345276,1,0,0.001784011721611023,0,0,0.5830262303352356,1,TE
201702522,Emil Moody,2017,TE,0.7859,0.0,0,0.7578372359275818,1,0,0.6732953190803528,1,0,0.008905485272407532,0,0,0.7578372359275818,1,TE
201702637,Xander Yarberough,2017,TE,0.7826,46.6484,1,0.7404558658599854,1,0,0.4923804998397827,0,0,0.0017957158852368593,0,1,0.7404558658599854,1,TE
201702652,Ryan Fitton,2017,TE,0.7819,0.0,0,0.6368849873542786,1,0,0.341938853263855,0,0,0.012818106450140476,0,0,0.6368849873542786,1,TE
201702660,Bernhard Raimann,2017,TE,0.7811,54.1021,1,0.5553354620933533,1,1,0.6102830171585083,1,0,0.001558782416395843,0,1,0.5553354620933533,1,TE
201702690,Andre Landry,2017,TE,0.78,0.0,0,0.6298444867134094,1,0,0.4174482822418213,0,0,0.0014106930466368794,0,0,0.6298444867134094,1,TE
201702730,Logan Peterson,2017,TE,0.7793,50.1529,1,0.7403813600540161,1,1,0.334665983915329,0,0,0.001322209951467812,0,1,0.7403813600540161,1,TE
201702822,Nate Weinman,2017,TE,0.7778,50.2663,1,0.6158968210220337,1,1,0.3989998400211334,0,0,0.0026462613604962826,0,1,0.6158968210220337,1,TE
201702840,Chris Cameron,2017,TE,0.7759,52.4971,1,0.890470027923584,1,1,0.7609542012214661,1,0,0.018216971307992935,0,1,0.890470027923584,1,TE
201702999,Brandt Peterson,2017,TE,0.7719,0.0,0,0.9015229344367981,1,0,0.7509593367576599,1,0,0.0027301786467432976,0,0,0.9015229344367981,1,TE
201703034,Kyle McCombs,2017,TE,0.7711,46.2347,1,0.7565171122550964,1,0,0.40546897053718567,0,0,0.0025667373556643724,0,1,0.7565171122550964,1,TE
201703102,Jaeger Bull,2017,TE,0.7685,66.2715,1,0.611124575138092,1,1,0.19911058247089386,0,0,0.0032802284695208073,0,1,0.611124575138092,1,TE
201703151,Keion White,2017,TE,0.7683,35.9998,1,0.7368905544281006,1,0,0.13038404285907745,0,0,0.002605719491839409,0,1,0.7368905544281006,1,TE
201703173,Jackson Parks,2017,TE,0.7678,0.0,0,0.38692426681518555,0,0,0.24026045203208923,0,0,0.0007473514415323734,0,0,0.38692426681518555,0,TE
201703771,Kris Leach,2017,TE,0.7644,58.905,1,0.7514222860336304,1,1,0.23805102705955505,0,0,0.031844306737184525,0,1,0.7514222860336304,1,TE
201703781,Alex Oelsner,2017,TE,0.7644,0.0,0,0.49650517106056213,0,0,0.16382957994937897,0,0,0.00516144186258316,0,0,0.49650517106056213,0,TE
201703799,Nathan Monnin,2017,TE,0.7644,48.331,1,0.8348708152770996,1,0,0.06364661455154419,0,0,0.01663157343864441,0,1,0.8348708152770996,1,TE
201703834,Cameron Darling,2017,TE,0.7633,45.1525,1,0.2766583561897278,0,0,0.36657798290252686,0,0,0.0027301786467432976,0,1,0.2766583561897278,0,TE
201703851,Michael Goff,2017,TE,0.7619,0.0,0,0.9094216227531433,1,0,0.35324323177337646,0,0,0.0017878770595416427,0,0,0.9094216227531433,1,TE
201703883,Julien Bourassa,2017,TE,0.7611,41.7014,1,0.6172472238540649,1,0,0.4103306233882904,0,0,0.03289410471916199,0,1,0.6172472238540649,1,TE
201703908,Powers Warren,2017,TE,0.76,29.7727,1,0.3091869354248047,0,0,0.07646998018026352,0,0,0.00298619014210999,0,1,0.3091869354248047,0,TE
201703973,Gunnar Oakes,2017,TE,0.7583,60.9127,1,0.4994717538356781,0,1,0.39096471667289734,0,0,0.0064130485989153385,0,1,0.4994717538356781,0,TE
201704078,Antoine Shaw,2017,TE,0.7533,0.0,0,0.30476921796798706,0,0,0.23667897284030914,0,0,0.010258483700454235,0,0,0.30476921796798706,0,TE
201800033,Brevin Jordan,2018,TE,0.982,79.24,1,0.9603148102760315,1,1,0.9767622351646423,1,0,0.10094347596168518,0,1,0.9603148102760315,1,TE
201800037,Jeremy Ruckert,2018,TE,0.981,73.4778,1,0.965878427028656,1,1,0.9865642786026001,1,0,0.060056574642658234,0,1,0.965878427028656,1,TE
201800051,Luke Ford,2018,TE,0.9753,65.825,1,0.9734583497047424,1,1,0.9824479222297668,1,0,0.007780319079756737,0,1,0.9734583497047424,1,TE
201800150,Zack Kuntz,2018,TE,0.9377,60.3421,1,0.922476589679718,1,1,0.9657391309738159,1,0,0.1066313087940216,0,1,0.922476589679718,1,TE
201800162,Kyle Pitts,2018,TE,0.9334,93.7009,1,0.9880169630050659,1,1,0.9864698052406311,1,1,0.022595245391130447,0,1,0.9880169630050659,1,TE
201800168,Mustapha Muhammad,2018,TE,0.9318,0.0,0,0.9838694930076599,1,0,0.9789701104164124,1,0,0.030520522966980934,0,0,0.9838694930076599,1,TE
201800193,Cam Jurgens,2018,TE,0.9227,0.0,0,0.9927079081535339,1,0,0.710663378238678,1,0,0.040426433086395264,0,0,0.9927079081535339,1,TE
201800211,Will Mallory,2018,TE,0.9183,77.0521,1,0.9602343440055847,1,1,0.8930409550666809,1,0,0.2841769754886627,0,1,0.9602343440055847,1,TE
201800224,Pat Freiermuth,2018,TE,0.9149,83.1075,1,0.8734421133995056,1,1,0.6884758472442627,1,1,0.02312951348721981,0,1,0.8734421133995056,1,TE
201800227,Malcolm Epps,2018,TE,0.9137,67.2743,1,0.9499803781509399,1,1,0.8945080637931824,1,0,0.0170097928494215,0,1,0.9499803781509399,1,TE
201800244,Spencer Webb,2018,TE,0.9103,57.5034,1,0.9838228821754456,1,1,0.8686685562133789,1,0,0.0689348429441452,0,1,0.9838228821754456,1,TE
201800250,Trenton Gillison,2018,TE,0.9089,59.5591,1,0.9396502375602722,1,1,0.8452008366584778,1,0,0.004891710355877876,0,1,0.9396502375602722,1,TE
201800260,Michael Ezeike,2018,TE,0.9075,54.2487,1,0.9673741459846497,1,1,0.9015423059463501,1,0,0.014873749576508999,0,1,0.9673741459846497,1,TE
201800283,George Takacs,2018,TE,0.9031,65.7735,1,0.9631397128105164,1,1,0.8957065343856812,1,0,0.011472944170236588,0,1,0.9631397128105164,1,TE
201800290,Camren McDonald,2018,TE,0.9023,70.5319,1,0.9669327735900879,1,1,0.9407171607017517,1,0,0.002834338927641511,0,1,0.9669327735900879,1,TE
201800299,Leonard Taylor,2018,TE,0.8999,68.7627,1,0.944371223449707,1,1,0.9635847210884094,1,0,0.00476472545415163,0,1,0.944371223449707,1,TE
201800316,John FitzPatrick,2018,TE,0.8975,66.2448,1,0.7306821346282959,1,1,0.820263683795929,1,0,0.010266290977597237,0,1,0.7306821346282959,1,TE
201800393,McCallan Castles,2018,TE,0.8884,34.0128,1,0.8932626247406006,1,0,0.802046537399292,1,0,0.013320798054337502,0,1,0.8932626247406006,1,TE
201800412,Josh Whyle,2018,TE,0.8863,71.2699,1,0.8306185603141785,1,1,0.6702286601066589,1,0,0.031854014843702316,0,1,0.8306185603141785,1,TE
201800483,Tyneil Hopper,2018,TE,0.8804,65.8767,1,0.9181368947029114,1,1,0.8624038100242615,1,0,0.015700723975896835,0,1,0.9181368947029114,1,TE
201800490,Tommy Tremble,2018,TE,0.8797,55.7258,1,0.9169342517852783,1,1,0.8385782837867737,1,0,0.04058457165956497,0,1,0.9169342517852783,1,TE
201800518,Geor'quarius Spivey,2018,TE,0.8775,66.4601,1,0.9560777544975281,1,1,0.9212241172790527,1,0,0.0179360993206501,0,1,0.9560777544975281,1,TE
201800530,Chigoziem Okonkwo,2018,TE,0.8763,64.9277,1,0.9564707279205322,1,1,0.882735013961792,1,0,0.02625930681824684,0,1,0.9564707279205322,1,TE
201800569,Matt Alaimo,2018,TE,0.8742,69.2727,1,0.9600841999053955,1,1,0.6756277680397034,1,0,0.008022468537092209,0,1,0.9600841999053955,1,TE
201800588,Brenden Bates,2018,TE,0.873,67.0156,1,0.8891660571098328,1,1,0.46278226375579834,0,0,0.011271949857473373,0,1,0.8891660571098328,1,TE
201800601,Glenn Beal,2018,TE,0.8723,54.5728,1,0.8252636790275574,1,1,0.43047305941581726,0,0,0.03174891695380211,0,1,0.8252636790275574,1,TE
201800602,Gavin Schoenwald,2018,TE,0.8722,62.6379,1,0.8661378026008606,1,1,0.7953097820281982,1,0,0.2336031049489975,0,1,0.8661378026008606,1,TE
201800632,Zach Sheffer,2018,TE,0.8709,0.0,0,0.9701878428459167,1,0,0.7138918042182922,1,0,0.001138867111876607,0,0,0.9701878428459167,1,TE
201800636,Dante Zanders,2018,TE,0.8709,55.8932,1,0.7610383033752441,1,1,0.42719021439552307,0,0,0.033983178436756134,0,1,0.7610383033752441,1,TE
201800648,Bralen Taylor,2018,TE,0.8689,0.0,0,0.8883313536643982,1,0,0.5975010991096497,1,0,0.0034522241912782192,0,0,0.8883313536643982,1,TE
201800659,Mike O'Laughlin,2018,TE,0.8688,66.007,1,0.8185712695121765,1,1,0.6109569668769836,1,0,0.0018453949596732855,0,1,0.8185712695121765,1,TE
201800679,Nic McTear,2018,TE,0.8675,0.0,0,0.7855059504508972,1,0,0.44901904463768005,0,0,0.00038812585989944637,0,0,0.7855059504508972,1,TE
201800690,Michael Parker,2018,TE,0.8674,0.0,0,0.9231423139572144,1,0,0.8718456625938416,1,0,0.011284195818006992,0,0,0.9231423139572144,1,TE
201800699,Keaton Upshaw,2018,TE,0.8667,66.1385,1,0.7286510467529297,1,1,0.5508831143379211,1,0,0.012472191825509071,0,1,0.7286510467529297,1,TE
201800719,Christoph Henle,2018,TE,0.8654,62.9294,1,0.7045688629150391,1,1,0.6824367642402649,1,0,0.0047185663133859634,0,1,0.7045688629150391,1,TE
201800720,Jacob Warren,2018,TE,0.8654,70.8529,1,0.7686411142349243,1,1,0.5249814391136169,1,0,0.004936860874295235,0,1,0.7686411142349243,1,TE
201800755,Ben Bresnahan,2018,TE,0.8635,66.6241,1,0.9318868517875671,1,1,0.5841240882873535,1,0,0.09180145710706711,0,1,0.9318868517875671,1,TE
201800757,Ben Sims,2018,TE,0.8634,74.6467,1,0.8016135692596436,1,1,0.5845921635627747,1,0,0.0026091148611158133,0,1,0.8016135692596436,1,TE
201800796,Luke Schoonmaker,2018,TE,0.8614,67.84,1,0.9652751684188843,1,1,0.7535561323165894,1,0,0.03820842131972313,0,1,0.9652751684188843,1,TE
201800805,Brevyn Spann-Ford,2018,TE,0.8606,70.6112,1,0.9494444131851196,1,1,0.4249579906463623,0,0,0.0007447173702530563,0,1,0.9494444131851196,1,TE
201800858,Braden Galloway,2018,TE,0.8585,59.9291,1,0.8663357496261597,1,1,0.7879706621170044,1,0,0.026024479418992996,0,1,0.8663357496261597,1,TE
201800867,Messiah Swinson,2018,TE,0.858,68.3395,1,0.8544573783874512,1,1,0.7182714939117432,1,0,0.005912254098802805,0,1,0.8544573783874512,1,TE
201801001,Isaiah Smalls,2018,TE,0.8527,48.5602,1,0.9010187387466431,1,0,0.651631236076355,1,0,0.0002696315641514957,0,1,0.9010187387466431,1,TE
201801003,Dallin Holker,2018,TE,0.8527,72.4503,1,0.9484941959381104,1,1,0.7281375527381897,1,0,0.012010682374238968,0,1,0.9484941959381104,1,TE
201801096,Katerian Legrone,2018,TE,0.8492,0.0,0,0.7572580575942993,1,0,0.42385098338127136,0,0,0.0037632090970873833,0,0,0.7572580575942993,1,TE
201801141,Joey Luchetti,2018,TE,0.8474,45.8172,1,0.7233190536499023,1,0,0.6962809562683105,1,0,0.003319754032418132,0,1,0.7233190536499023,1,TE
201801161,Cole Turner,2018,TE,0.8466,79.3578,1,0.8060593605041504,1,1,0.24709352850914001,0,0,0.0025934597942978144,0,1,0.8060593605041504,1,TE
201801178,Anthony Torres,2018,TE,0.8464,68.1182,1,0.9073209762573242,1,1,0.5617722272872925,1,0,0.0024568054359406233,0,1,0.9073209762573242,1,TE
201801182,Maleak Bryant,2018,TE,0.8464,43.1736,1,0.798540472984314,1,0,0.5064229965209961,1,0,0.011995109729468822,0,1,0.798540472984314,1,TE
201801214,David Priebe,2018,TE,0.8451,50.3371,1,0.7814694046974182,1,1,0.5757832527160645,1,0,0.003928143065422773,0,1,0.7814694046974182,1,TE
201801216,Zamari Ellis,2018,TE,0.8451,0.0,0,0.6716039776802063,1,0,0.5240586400032043,1,0,0.02005520835518837,0,0,0.6716039776802063,1,TE
201801250,Jack Cravaack,2018,TE,0.8431,33.1904,1,0.7270568013191223,1,0,0.7489493489265442,1,0,0.05676090717315674,0,1,0.7270568013191223,1,TE
201801277,Jake Peters,2018,TE,0.8423,0.0,0,0.8733015656471252,1,0,0.6179595589637756,1,0,0.04735172912478447,0,0,0.8733015656471252,1,TE
201801381,Brayden Willis,2018,TE,0.8385,73.0004,1,0.6566599607467651,1,1,0.5167819857597351,1,0,0.0071457247249782085,0,1,0.6566599607467651,1,TE
201801382,Matt Bjorson,2018,TE,0.8385,69.4484,1,0.8661995530128479,1,1,0.6561609506607056,1,0,0.01790524087846279,0,1,0.8661995530128479,1,TE
201801446,Chris Carter,2018,TE,0.8364,64.086,1,0.36727121472358704,0,1,0.6221743822097778,1,0,0.00837891548871994,0,1,0.36727121472358704,0,TE
201801478,Brad Cumbest,2018,TE,0.8343,51.4853,1,0.8079187273979187,1,1,0.5766333937644958,1,0,0.022496100515127182,0,1,0.8079187273979187,1,TE
201801496,Christian Trahan,2018,TE,0.8335,68.0247,1,0.8608651757240295,1,1,0.7589014172554016,1,0,0.010651425458490849,0,1,0.8608651757240295,1,TE
201801529,Cole Ramseyer,2018,TE,0.8316,0.0,0,0.6230476498603821,1,0,0.36475053429603577,0,0,0.008774010464549065,0,0,0.6230476498603821,1,TE
201801554,Daniel Barker,2018,TE,0.8314,70.651,1,0.6367989778518677,1,1,0.3190174698829651,0,0,0.07358279079198837,0,1,0.6367989778518677,1,TE
201801556,Trey McBride,2018,TE,0.8311,85.4418,1,0.7294870615005493,1,1,0.4599534869194031,0,1,0.0016111111035570502,0,1,0.7294870615005493,1,TE
201801581,Blake Whiteheart,2018,TE,0.8302,63.4857,1,0.8197218775749207,1,1,0.1413344442844391,0,0,0.02732696570456028,0,1,0.8197218775749207,1,TE
201801670,Ben Redding,2018,TE,0.8255,64.8077,1,0.673106849193573,1,1,0.41044557094573975,0,0,0.003779440186917782,0,1,0.673106849193573,1,TE
201801689,Alex Morgan,2018,TE,0.8254,31.3729,1,0.5939082503318787,1,0,0.4786123037338257,0,0,0.026644974946975708,0,1,0.5939082503318787,1,TE
201801722,Lee Payton,2018,TE,0.8227,0.0,0,0.7021109461784363,1,0,0.6244621872901917,1,0,0.014826619066298008,0,0,0.7021109461784363,1,TE
201801763,Payne Durham,2018,TE,0.8205,81.9426,1,0.641075074672699,1,1,0.32548099756240845,0,1,0.003915887326002121,0,1,0.641075074672699,1,TE
201801829,Spencer Wells,2018,TE,0.8193,0.0,0,0.7876060009002686,1,0,0.5819684863090515,1,0,0.007924371398985386,0,0,0.7876060009002686,1,TE
201802028,Jerrod Clark,2018,TE,0.8098,0.0,0,0.7886666655540466,1,0,0.6797744035720825,1,0,0.01214758213609457,0,0,0.7886666655540466,1,TE
201802030,Trey Ross,2018,TE,0.8098,48.7317,1,0.6072679758071899,1,0,0.4738553464412689,0,0,0.027608700096607208,0,1,0.6072679758071899,1,TE
201802088,Tyrick James,2018,TE,0.8065,69.809,1,0.596873939037323,1,1,0.22161251306533813,0,0,0.0007768368814140558,0,1,0.596873939037323,1,TE
201802102,Jacob Kainer,2018,TE,0.8064,0.0,0,0.7803297638893127,1,0,0.4570561647415161,0,0,0.0023793140426278114,0,0,0.7803297638893127,1,TE
201802111,Johnny Bogle,2018,TE,0.8064,37.4706,1,0.7950502038002014,1,0,0.23484671115875244,0,0,0.002170237945392728,0,1,0.7950502038002014,1,TE
201802146,Dylan OQuinn,2018,TE,0.8054,0.0,0,0.610032320022583,1,0,0.14296358823776245,0,0,0.013124154880642891,0,0,0.610032320022583,1,TE
201802154,Aaron Jarman,2018,TE,0.8054,49.7985,1,0.6723232269287109,1,0,0.18040001392364502,0,0,0.004838266409933567,0,1,0.6723232269287109,1,TE
201802156,Jake Papez,2018,TE,0.8054,0.0,0,0.7872180938720703,1,0,0.3928726017475128,0,0,0.0026481884997338057,0,0,0.7872180938720703,1,TE
201802237,Alec Burton,2018,TE,0.8004,54.6172,1,0.8232077360153198,1,1,0.4075494408607483,0,0,0.01065016444772482,0,1,0.8232077360153198,1,TE
201802273,Max Janes,2018,TE,0.7998,48.8886,1,0.339212566614151,0,0,0.31856003403663635,0,0,0.0009054806432686746,0,1,0.339212566614151,0,TE
201802278,Gary Williams,2018,TE,0.7998,55.7106,1,0.665524959564209,1,1,0.23330141603946686,0,0,0.002117349999025464,0,1,0.665524959564209,1,TE
201802286,Wes Obermeier,2018,TE,0.7998,0.0,0,0.9371278285980225,1,0,0.5133359432220459,1,0,0.0012667810078710318,0,0,0.9371278285980225,1,TE
201802294,Jay Gibson,2018,TE,0.7998,22.1016,1,0.5297653675079346,1,0,0.16635756194591522,0,0,0.002800728427246213,0,1,0.5297653675079346,1,TE
201802312,Adam Meyer,2018,TE,0.7998,0.0,0,0.9178385138511658,1,0,0.47046270966529846,0,0,0.0036104496102780104,0,0,0.9178385138511658,1,TE
201802356,Reed Tyler,2018,TE,0.7953,61.3284,1,0.45048049092292786,0,1,0.267909973859787,0,0,0.006353441625833511,0,1,0.45048049092292786,0,TE
201802359,Daniel Bellinger,2018,TE,0.7953,62.17,1,0.8166007399559021,1,1,0.40237948298454285,0,0,0.004678535275161266,0,1,0.8166007399559021,1,TE
201802375,Jacob Cassidy,2018,TE,0.7953,0.0,0,0.8745749592781067,1,0,0.7275061011314392,1,0,0.0018644256051629782,0,0,0.8745749592781067,1,TE
201802389,Jackson Lanam,2018,TE,0.7953,54.1607,1,0.7010097503662109,1,1,0.6113197207450867,1,0,0.00402311235666275,0,1,0.7010097503662109,1,TE
201802463,Henry Teeter,2018,TE,0.7903,63.8832,1,0.5719283223152161,1,1,0.6886666417121887,1,0,0.009095242246985435,0,1,0.5719283223152161,1,TE
201802486,Herman McCray,2018,TE,0.7903,18.1028,0,0.9137941002845764,1,0,0.5650169253349304,1,0,0.0024004618171602488,0,0,0.9137941002845764,1,TE
201802523,Jackson Marcotte,2018,TE,0.7898,55.6499,1,0.9472905993461609,1,1,0.7877709865570068,1,0,0.0015535753918811679,0,1,0.9472905993461609,1,TE
201802574,Jeffrey Jones Jr.,2018,TE,0.7898,28.7415,1,0.8484556674957275,1,0,0.31846731901168823,0,0,0.011289686895906925,0,1,0.8484556674957275,1,TE
201802703,Garrett Sapp,2018,TE,0.7842,0.0,0,0.691632091999054,1,0,0.3490380048751831,0,0,0.004528122488409281,0,0,0.691632091999054,1,TE
201802712,James Palmer,2018,TE,0.7842,59.594,1,0.2681364119052887,0,1,0.4489169716835022,0,0,0.0056298221461474895,0,1,0.2681364119052887,0,TE
201802713,Dalton May,2018,TE,0.7842,0.0,0,0.6407745480537415,1,0,0.34224748611450195,0,0,0.002868985990062356,0,0,0.6407745480537415,1,TE
201802734,Grant Miles,2018,TE,0.7803,0.0,0,0.3971998393535614,0,0,0.20306254923343658,0,0,0.0020169252529740334,0,0,0.3971998393535614,0,TE
201802857,Hayden Werbecks,2018,TE,0.7798,0.0,0,0.5469591617584229,1,0,0.23758432269096375,0,0,0.015604413114488125,0,0,0.5469591617584229,1,TE
201802879,James Lachey,2018,TE,0.7792,0.0,0,0.6550842523574829,1,0,0.36691591143608093,0,0,0.000893410702701658,0,0,0.6550842523574829,1,TE
201802911,Kameron Wilson,2018,TE,0.7752,52.1684,1,0.8960134387016296,1,1,0.9382531642913818,1,0,0.03404856473207474,0,1,0.8960134387016296,1,TE
201802995,Robert French,2018,TE,0.7731,54.0289,1,0.7102813124656677,1,1,0.3041650056838989,0,0,0.002410209272056818,0,1,0.7102813124656677,1,TE
201803082,Mark Williams,2018,TE,0.7697,38.4034,1,0.4427237808704376,0,0,0.5539851188659668,1,0,0.0026481884997338057,0,1,0.4427237808704376,0,TE
201803084,Dane Saltarelli,2018,TE,0.7697,0.0,0,0.8929954171180725,1,0,0.5518819689750671,1,0,0.005008178763091564,0,0,0.8929954171180725,1,TE
201803126,Davin Dyal,2018,TE,0.7691,0.0,0,0.4483012855052948,0,0,0.25412413477897644,0,0,0.0028291591443121433,0,0,0.4483012855052948,0,TE
201803173,David O'Meara,2018,TE,0.7681,49.33,1,0.6886077523231506,1,0,0.24324461817741394,0,0,0.003237955505028367,0,1,0.6886077523231506,1,TE
201803487,Donta Anthony,2018,TE,0.7497,50.7763,1,0.5198279619216919,1,1,0.6325974464416504,1,0,0.010283350013196468,0,1,0.5198279619216919,1,TE
201803535,Jonathan Elder,2018,TE,0.7497,0.0,0,0.7421307563781738,1,0,0.1799120455980301,0,0,0.0070691280998289585,0,0,0.7421307563781738,1,TE
201803553,Cole Burnison,2018,TE,0.7497,52.0686,1,0.7712964415550232,1,1,0.21302765607833862,0,0,0.020313944667577744,0,1,0.7712964415550232,1,TE
201803565,Kyle Wakefield,2018,TE,0.7497,44.3041,1,0.550502598285675,1,0,0.3078184723854065,0,0,0.00407316954806447,0,1,0.550502598285675,1,TE
201803841,Jason Lloyd,2018,TE,0.6996,29.3384,1,0.637921929359436,1,0,0.35274702310562134,0,0,0.003585385624319315,0,1,0.637921929359436,1,TE
201900053,Baylor Cupp,2019,TE,0.9731,61.3476,1,0.9632027745246887,1,1,0.954014003276825,1,0,0.02225257270038128,0,1,0.9632027745246887,1,TE
201900105,Keon Zipperer,2019,TE,0.9542,66.7903,1,0.9062341451644897,1,1,0.930000364780426,1,0,0.11796905845403671,0,1,0.9062341451644897,1,TE
201900121,Austin Stogner,2019,TE,0.9467,71.3986,1,0.9784537553787231,1,1,0.9643073678016663,1,0,0.09165212512016296,0,1,0.9784537553787231,1,TE
201900132,Hudson Henry,2019,TE,0.9422,61.0064,1,0.9452670812606812,1,1,0.9069986343383789,1,0,0.3331993818283081,0,1,0.9452670812606812,1,TE
201900172,Brayden Liebrock,2019,TE,0.9307,39.7669,1,0.9330529570579529,1,0,0.8760945796966553,1,0,0.04173145070672035,0,1,0.9330529570579529,1,TE
201900210,Grayson Boomer,2019,TE,0.9169,0.0,0,0.9763953685760498,1,0,0.8531966209411621,1,0,0.22355885803699493,0,0,0.9763953685760498,1,TE
201900218,Jude Wolfe,2019,TE,0.9147,62.8456,1,0.9127681851387024,1,1,0.9729525446891785,1,0,0.01468137837946415,0,1,0.9127681851387024,1,TE
201900231,Patrick Herbert,2019,TE,0.9131,0.0,0,0.9717392325401306,1,0,0.819627583026886,1,0,0.07222684472799301,0,0,0.9717392325401306,1,TE
201900245,Ryland Goede,2019,TE,0.9112,64.4306,1,0.9818376898765564,1,1,0.9255751371383667,1,0,0.019228197634220123,0,1,0.9818376898765564,1,TE
201900278,Jaelyn Lay,2019,TE,0.9058,57.1207,1,0.9688951373100281,1,1,0.9507958889007568,1,0,0.009113925509154797,0,1,0.9688951373100281,1,TE
201900292,Jahleel Billingsley,2019,TE,0.904,62.5145,1,0.9740954637527466,1,1,0.9571675658226013,1,0,0.004033198114484549,0,1,0.9740954637527466,1,TE
201900334,Erick All,2019,TE,0.8978,66.1916,1,0.48415806889533997,0,1,0.5197824239730835,1,0,0.01668126881122589,0,1,0.48415806889533997,0,TE
201900344,Brenton Strange,2019,TE,0.8972,74.9018,1,0.9245599508285522,1,1,0.6971459984779358,1,0,0.13777780532836914,0,1,0.9245599508285522,1,TE
201900349,Jalen Wydermyer,2019,TE,0.8967,82.8972,1,0.7204232215881348,1,1,0.6622459888458252,1,1,0.012594996951520443,0,1,0.7204232215881348,1,TE
201900368,Jackson Lowe,2019,TE,0.8947,0.0,0,0.905328094959259,1,0,0.7517457008361816,1,0,0.23685841262340546,0,0,0.905328094959259,1,TE
201900401,Tyler Fromm,2019,TE,0.8922,69.238,1,0.9158697128295898,1,1,0.7100318074226379,1,0,0.02796727418899536,0,1,0.9158697128295898,1,TE
201900402,Michael Martinez,2019,TE,0.8922,53.7809,1,0.7692046761512756,1,1,0.8642933964729309,1,0,0.0065077743493020535,0,1,0.7692046761512756,1,TE
201900440,Chris Hickman,2019,TE,0.8893,48.9029,1,0.9689899682998657,1,0,0.749356210231781,1,0,0.12106315046548843,0,1,0.9689899682998657,1,TE
201900445,Traevon Kenion,2019,TE,0.8893,59.4893,1,0.9794207215309143,1,1,0.12595783174037933,0,0,0.0022276306990534067,0,1,0.9794207215309143,1,TE
201900459,Bradley Archer,2019,TE,0.8881,58.6183,1,0.7702651619911194,1,1,0.2121504694223404,0,0,0.0006598859326913953,0,1,0.7702651619911194,1,TE
201900463,Ethan Rae,2019,TE,0.8878,0.0,0,0.966974139213562,1,0,0.7778293490409851,1,0,0.0006500103627331555,0,0,0.966974139213562,1,TE
201900467,Hayden Rucci,2019,TE,0.8878,62.0103,1,0.9440065026283264,1,1,0.728952169418335,1,0,0.05944627895951271,0,1,0.9440065026283264,1,TE
201900516,Kyle Bilodeau,2019,TE,0.8841,45.907,1,0.7595885992050171,1,0,0.8277071118354797,1,0,0.019519146531820297,0,1,0.7595885992050171,1,TE
201900582,Larry Hodges,2019,TE,0.8793,50.0395,1,0.8435375690460205,1,1,0.90401691198349,1,0,0.0004767541540786624,0,1,0.8435375690460205,1,TE
201900585,Cormontae Hamilton,2019,TE,0.8789,0.0,0,0.9604790806770325,1,0,0.5882527828216553,1,0,0.003424695460125804,0,0,0.9604790806770325,1,TE
201900667,Thomas Gordon,2019,TE,0.8741,67.5091,1,0.9677727818489075,1,1,0.6209610104560852,1,0,0.003211713396012783,0,1,0.9677727818489075,1,TE
201900684,KeShawn Toney,2019,TE,0.873,36.639,1,0.9228565096855164,1,0,0.900848925113678,1,0,0.0064047775231301785,0,1,0.9228565096855164,1,TE
201900690,Jared Wiley,2019,TE,0.8726,81.1151,1,0.9654093384742737,1,1,0.7346638441085815,1,1,0.019208939746022224,0,1,0.9654093384742737,1,TE
201900715,Luke Deal,2019,TE,0.8719,72.1172,1,0.8351176381111145,1,1,0.8108088374137878,1,0,0.00411722157150507,0,1,0.8351176381111145,1,TE
201900731,Brett Seither,2019,TE,0.8707,67.6884,1,0.8023667335510254,1,1,0.5209698677062988,1,0,0.012977524660527706,0,1,0.8023667335510254,1,TE
201900745,Justin Stephens,2019,TE,0.8707,41.5281,1,0.9152153134346008,1,0,0.6104671359062195,1,0,0.011923928745090961,0,1,0.9152153134346008,1,TE
201900763,Luke Musgrave,2019,TE,0.8696,59.5067,1,0.8206124305725098,1,1,0.49152642488479614,0,0,0.014204273000359535,0,1,0.8206124305725098,1,TE
201900775,Tyler Foster,2019,TE,0.8689,57.8915,1,0.7623134255409241,1,1,0.46640950441360474,0,0,0.01183357834815979,0,1,0.7623134255409241,1,TE
201900784,Nick Gallo,2019,TE,0.8685,63.7495,1,0.7950509190559387,1,1,0.5550058484077454,1,0,0.0023989607580006123,0,1,0.7950509190559387,1,TE
201900805,Davis Allen,2019,TE,0.8674,69.0658,1,0.8566781878471375,1,1,0.21936695277690887,0,0,0.028446028009057045,0,1,0.8566781878471375,1,TE
201900807,Sean Brown,2019,TE,0.8674,0.0,0,0.7744706869125366,1,0,0.8927498459815979,1,0,0.030517011880874634,0,0,0.7744706869125366,1,TE
201900836,Jason Collier,2019,TE,0.8656,0.0,0,0.5731614232063293,1,0,0.8144445419311523,1,0,0.003894393565133214,0,0,0.5731614232063293,1,TE
201900883,Sam Snyder,2019,TE,0.8637,0.0,0,0.9698916077613831,1,0,0.697465717792511,1,0,0.06160631775856018,0,0,0.9698916077613831,1,TE
201900926,Josiah Miamen,2019,TE,0.8611,53.8537,1,0.9786152839660645,1,1,0.8857693672180176,1,0,0.05497287958860397,0,1,0.9786152839660645,1,TE
201900955,Garrett Miller,2019,TE,0.86,62.1901,1,0.9675689339637756,1,1,0.8655672073364258,1,0,0.0003462045860942453,0,1,0.9675689339637756,1,TE
201900974,Konner Fox,2019,TE,0.8589,55.9849,1,0.8985385894775391,1,1,0.6478973627090454,1,0,0.04470568522810936,0,1,0.8985385894775391,1,TE
201900990,Kamari Morales,2019,TE,0.8585,70.8938,1,0.8551470041275024,1,1,0.6411420702934265,1,0,0.001264107646420598,0,1,0.8551470041275024,1,TE
201901026,Elijah Mojarro,2019,TE,0.8567,64.0181,1,0.8703925013542175,1,1,0.6122682690620422,1,0,0.04789390042424202,0,1,0.8703925013542175,1,TE
201901051,Niko Hea,2019,TE,0.8556,60.1076,1,0.9008402228355408,1,1,0.5576397180557251,1,0,0.00782396923750639,0,1,0.9008402228355408,1,TE
201901085,Skylar Loving-Black,2019,TE,0.8544,53.0569,1,0.8948818445205688,1,1,0.47492995858192444,0,0,0.0014860540395602584,0,1,0.8948818445205688,1,TE
201901092,Clay Cundiff,2019,TE,0.8541,46.0711,1,0.8125055432319641,1,0,0.7449339032173157,1,0,0.006172694265842438,0,1,0.8125055432319641,1,TE
201901093,Simon Gonzalez,2019,TE,0.8541,40.9461,1,0.9485893249511719,1,0,0.5398737788200378,1,0,0.0014969020849093795,0,1,0.9485893249511719,1,TE
201901148,Luke Baker,2019,TE,0.8522,37.6445,1,0.8507370948791504,1,0,0.6583161354064941,1,0,0.012745710089802742,0,1,0.8507370948791504,1,TE
201901171,Sam LaPorta,2019,TE,0.8511,76.6354,1,0.9260560274124146,1,1,0.5722358822822571,1,0,0.042365286499261856,0,1,0.9260560274124146,1,TE
201901212,Gary Cooper,2019,TE,0.85,31.3005,1,0.8295882344245911,1,0,0.5119221806526184,1,0,0.0035931842867285013,0,1,0.8295882344245911,1,TE
201901225,Joseph Hocker,2019,TE,0.8489,0.0,0,0.8922411799430847,1,0,0.5590614676475525,1,0,0.0017613087547942996,0,0,0.8922411799430847,1,TE
201901245,Dylan Deveney,2019,TE,0.8481,54.3663,1,0.5430658459663391,1,1,0.28074952960014343,0,0,0.003717971034348011,0,1,0.5430658459663391,1,TE
201901281,Cameron Hite,2019,TE,0.847,65.7478,1,0.8716331720352173,1,1,0.3288005292415619,0,0,0.0016343396855518222,0,1,0.8716331720352173,1,TE
201901328,Asher Alberding,2019,TE,0.8456,61.7539,1,0.864978015422821,1,1,0.4286344647407532,0,0,0.006061186548322439,0,1,0.864978015422821,1,TE
201901357,Thomas Nance,2019,TE,0.8444,0.0,0,0.7470399141311646,1,0,0.47862792015075684,0,0,0.004823159892112017,0,0,0.7470399141311646,1,TE
201901410,Henry Ikahihifo,2019,TE,0.8417,47.4806,1,0.5631460547447205,1,0,0.5158543586730957,1,0,0.023124627768993378,0,1,0.5631460547447205,1,TE
201901415,Jarius Thomas,2019,TE,0.8417,0.0,0,0.8951224684715271,1,0,0.156397745013237,0,0,0.009439886547625065,0,0,0.8951224684715271,1,TE
201901421,Drew Martin,2019,TE,0.8411,21.1495,1,0.742344319820404,1,0,0.6005634069442749,1,0,0.0023199133574962616,0,1,0.742344319820404,1,TE
201901455,Simon Dellinger,2019,TE,0.84,32.7242,1,0.8982133269309998,1,0,0.6142070889472961,1,0,0.06881314516067505,0,1,0.8982133269309998,1,TE
201901490,Matt Smith,2019,TE,0.8381,50.2946,1,0.7422225475311279,1,1,0.6694499254226685,1,0,0.03049682080745697,0,1,0.7422225475311279,1,TE
201901691,Kyle Patterson,2019,TE,0.8317,45.5467,1,0.8647382855415344,1,0,0.730983555316925,1,0,0.002192405518144369,0,1,0.8647382855415344,1,TE
201901704,Kyle Helbig,2019,TE,0.8317,26.7216,1,0.8438125252723694,1,0,0.22217018902301788,0,0,0.0034926875960081816,0,1,0.8438125252723694,1,TE
201901772,Jacob Orlando,2019,TE,0.83,56.6491,1,0.7448921799659729,1,1,0.5672253370285034,1,0,0.0333685539662838,0,1,0.7448921799659729,1,TE
201901774,Drelyn Ford,2019,TE,0.83,0.0,0,0.7636425495147705,1,0,0.6032045483589172,1,0,0.043883975595235825,0,0,0.7636425495147705,1,TE
201901785,Luke Benson,2019,TE,0.8293,70.4142,1,0.58360755443573,1,1,0.43375319242477417,0,0,0.010853741317987442,0,1,0.58360755443573,1,TE
201901794,Tyler Devera,2019,TE,0.8281,0.0,0,0.750842273235321,1,0,0.4358057975769043,0,0,0.10786588490009308,0,0,0.750842273235321,1,TE
201901803,Griffin Moore,2019,TE,0.8281,55.0183,1,0.7075346112251282,1,1,0.3864078223705292,0,0,0.10085870325565338,0,1,0.7075346112251282,1,TE
201901904,Anthony Landphere,2019,TE,0.8237,0.0,0,0.8572192788124084,1,0,0.7249097228050232,1,0,0.0352250374853611,0,0,0.8572192788124084,1,TE
201901907,Neal Johnson,2019,TE,0.8237,67.4795,1,0.5723319053649902,1,1,0.47160616517066956,0,0,0.005602189339697361,0,1,0.5723319053649902,1,TE
201901929,Keshon Williams,2019,TE,0.8217,0.0,0,0.7351468205451965,1,0,0.6098229289054871,1,0,0.001916301203891635,0,0,0.7351468205451965,1,TE
201901936,Beau Johnson,2019,TE,0.8217,66.165,1,0.7852621674537659,1,1,0.5120189785957336,1,0,0.002964678918942809,0,1,0.7852621674537659,1,TE
201902044,Austin White,2019,TE,0.82,30.0239,1,0.7735598087310791,1,0,0.4606410562992096,0,0,0.004450189881026745,0,1,0.7735598087310791,1,TE
201902070,Ricky Kofoed,2019,TE,0.8181,0.0,0,0.9097320437431335,1,0,0.5984098315238953,1,0,0.006504519376903772,0,0,0.9097320437431335,1,TE
201902071,Malik Jackson,2019,TE,0.8181,40.5305,1,0.9274168610572815,1,0,0.5490441918373108,1,0,0.06479908525943756,0,1,0.9274168610572815,1,TE
201902105,Jack Bradley,2019,TE,0.8167,63.5841,1,0.681569516658783,1,1,0.31156444549560547,0,0,0.0016489310655742884,0,1,0.681569516658783,1,TE
201902150,Kamareon Williams,2019,TE,0.8156,49.6992,1,0.7809159755706787,1,0,0.6036809682846069,1,0,0.007550434675067663,0,1,0.7809159755706787,1,TE
201902171,Rahmod Smith,2019,TE,0.8144,40.3839,1,0.716520369052887,1,0,0.525769054889679,1,0,0.029016949236392975,0,1,0.716520369052887,1,TE
201902182,Mason Fairchild,2019,TE,0.813,71.6172,1,0.38887321949005127,0,1,0.3515300750732422,0,0,0.024283671751618385,0,1,0.38887321949005127,0,TE
201902263,Jayce Medlock,2019,TE,0.8106,45.5316,1,0.8329758048057556,1,0,0.7317100763320923,1,0,0.007414326071739197,0,1,0.8329758048057556,1,TE
201902294,Cam Sanders,2019,TE,0.81,0.0,0,0.8197401762008667,1,0,0.2695687413215637,0,0,0.028077291324734688,0,0,0.8197401762008667,1,TE
201902322,Quentin Moore,2019,TE,0.81,65.0487,1,0.4018625020980835,0,1,0.18868224322795868,0,0,0.02185245044529438,0,1,0.4018625020980835,0,TE
201902348,Carter Wheat,2019,TE,0.8096,55.8475,1,0.6687039732933044,1,1,0.3837810456752777,0,0,0.11057773232460022,0,1,0.6687039732933044,1,TE
201902410,Rhett Williams,2019,TE,0.8056,46.1307,1,0.8472703099250793,1,0,0.638496994972229,1,0,0.005982127506285906,0,1,0.8472703099250793,1,TE
201902415,Joey Carroll,2019,TE,0.8056,0.0,0,0.6851587295532227,1,0,0.42319726943969727,0,0,0.0029461346566677094,0,0,0.6851587295532227,1,TE
201902441,Spencer Witter,2019,TE,0.8056,58.0221,1,0.8222393989562988,1,1,0.36261969804763794,0,0,0.0908195748925209,0,1,0.8222393989562988,1,TE
201902459,Casey Clanton,2019,TE,0.8044,0.0,0,0.639875590801239,1,0,0.36963731050491333,0,0,0.002942700870335102,0,0,0.639875590801239,1,TE
201902538,Hayden Hagler,2019,TE,0.8006,34.9668,1,0.7059429287910461,1,0,0.39257267117500305,0,0,0.0036137548740953207,0,1,0.7059429287910461,1,TE
201902552,Oscar Cardenas,2019,TE,0.8006,67.8096,1,0.4492727220058441,0,1,0.33191177248954773,0,0,0.002867134055122733,0,1,0.4492727220058441,0,TE
201902560,Tyler Stephens,2019,TE,0.8006,45.5617,1,0.8487313985824585,1,0,0.6282224655151367,1,0,0.005117405671626329,0,1,0.8487313985824585,1,TE
201902600,Koby Gross,2019,TE,0.8,38.465,1,0.6509464979171753,1,0,0.41609278321266174,0,0,0.00199194741435349,0,1,0.6509464979171753,1,TE
201902636,Brandon Hubicz,2019,TE,0.8,0.0,0,0.8959030508995056,1,0,0.513264536857605,1,0,0.001048717531375587,0,0,0.8959030508995056,1,TE
201902804,Conner Richardson,2019,TE,0.7944,0.0,0,0.745932936668396,1,0,0.574788510799408,1,0,0.002271947916597128,0,0,0.745932936668396,1,TE
201902924,Billy Riviere,2019,TE,0.79,59.4371,1,0.6986367702484131,1,1,0.21102280914783478,0,0,0.0026481884997338057,0,1,0.6986367702484131,1,TE
201902926,Michael Vice,2019,TE,0.79,47.4081,1,0.7932787537574768,1,0,0.8352491855621338,1,0,0.0014106930466368794,0,1,0.7932787537574768,1,TE
201902933,Caden Blum,2019,TE,0.79,41.4933,1,0.5132874250411987,1,0,0.45759400725364685,0,0,0.004349288064986467,0,1,0.5132874250411987,1,TE
201903042,Hayden Junker,2019,TE,0.7894,55.9085,1,0.8076335191726685,1,1,0.2835961878299713,0,0,0.000637632270809263,0,1,0.8076335191726685,1,TE
201903189,Duncan Smith,2019,TE,0.7833,0.0,0,0.5472044348716736,1,0,0.35445287823677063,0,0,0.0017808268312364817,0,0,0.5472044348716736,1,TE
201903212,Jaylan Williams,2019,TE,0.7833,0.0,0,0.6882157325744629,1,0,0.31251800060272217,0,0,0.015082824975252151,0,0,0.6882157325744629,1,TE
201903416,Isaac Abel,2019,TE,0.7794,0.0,0,0.8162705302238464,1,0,0.6713119149208069,1,0,0.0017623258754611015,0,0,0.8162705302238464,1,TE
201903435,Connor McIntee,2019,TE,0.7783,31.9684,1,0.7651126384735107,1,0,0.5067574381828308,1,0,0.0033609645906835794,0,1,0.7651126384735107,1,TE
201903513,Chase Hancock,2019,TE,0.7733,53.5629,1,0.7961501479148865,1,1,0.26451414823532104,0,0,0.0017866845009848475,0,1,0.7961501479148865,1,TE
201903530,Michael Churich,2019,TE,0.77,54.0728,1,0.4594644606113434,0,1,0.10870742052793503,0,0,0.0037666731514036655,0,1,0.4594644606113434,0,TE
201903688,Christian Sims,2019,TE,0.7683,59.4719,1,0.3738236427307129,0,1,0.1571292281150818,0,0,0.004055691882967949,0,1,0.3738236427307129,0,TE
201903850,Payton Bunch,2019,TE,0.76,0.0,0,0.2585277259349823,0,0,0.39698779582977295,0,0,0.006599145941436291,0,0,0.2585277259349823,0,TE
201903876,Julian Lopez,2019,TE,0.7583,49.0881,1,0.23043322563171387,0,0,0.4880525469779968,0,0,0.0009188814437948167,0,1,0.23043322563171387,0,TE
201904057,Mike York,2019,TE,0.7,0.0,0,0.933075487613678,1,0,0.5295805335044861,1,0,0.0031775773968547583,0,0,0.933075487613678,1,TE
202000005,Arik Gilbert,2020,TE,0.9972,72.7964,1,0.9002259373664856,1,1,0.9608950614929199,1,0,0.14889295399188995,0,1,0.9002259373664856,1,TE
202000032,Michael Mayer,2020,TE,0.9833,89.5574,1,0.9154746532440186,1,1,0.9418988823890686,1,1,0.027151046320796013,0,1,0.9154746532440186,1,TE
202000072,Theo Johnson,2020,TE,0.9664,76.0133,1,0.9865759015083313,1,1,0.9719550609588623,1,0,0.01402425579726696,0,1,0.9865759015083313,1,TE
202000175,Maliq Carr,2020,TE,0.9278,68.7295,1,0.7049181461334229,1,1,0.6201456189155579,1,0,0.192195326089859,0,1,0.7049181461334229,1,TE
202000190,Jalin Conyers,2020,TE,0.9238,74.3386,1,0.965154767036438,1,1,0.8023916482925415,1,0,0.011452870443463326,0,1,0.965154767036438,1,TE
202000240,Kevin Bauman,2020,TE,0.9129,58.956,1,0.9409704804420471,1,1,0.8834044337272644,1,0,0.04455079883337021,0,1,0.9409704804420471,1,TE
202000300,Mark Redman,2020,TE,0.9012,66.7346,1,0.9926002025604248,1,1,0.8649848103523254,1,0,0.011685165576636791,0,1,0.9926002025604248,1,TE
202000341,Brandon Frazier,2020,TE,0.8975,70.7717,1,0.8982760310173035,1,1,0.8968325853347778,1,0,0.014378516934812069,0,1,0.8982760310173035,1,TE
202000356,Jack Yary,2020,TE,0.8959,0.0,0,0.7919632792472839,1,0,0.7197685837745667,1,0,0.04065048694610596,0,0,0.7919632792472839,1,TE
202000380,Luke Lachey,2020,TE,0.8928,64.5943,1,0.9404625296592712,1,1,0.6058700084686279,1,0,0.013296521268785,0,1,0.9404625296592712,1,TE
202000397,Matthew Hibner,2020,TE,0.8918,68.5653,1,0.8851146101951599,1,1,0.7015262246131897,1,0,0.0059068757109344006,0,1,0.8851146101951599,1,TE
202000401,Lukas Ungar,2020,TE,0.8911,54.558,1,0.9687020182609558,1,1,0.6515228748321533,1,0,0.033004030585289,0,1,0.9687020182609558,1,TE
202000406,Joe Royer,2020,TE,0.8904,73.2093,1,0.8950434923171997,1,1,0.5044086575508118,1,0,0.22090396285057068,0,1,0.8950434923171997,1,TE
202000412,Dominic Mammarelli,2020,TE,0.89,53.4179,1,0.9409343004226685,1,1,0.8446984887123108,1,0,0.003486429573968053,0,1,0.9409343004226685,1,TE
202000420,Kole Taylor,2020,TE,0.8889,62.4328,1,0.9545612335205078,1,1,0.7650479078292847,1,0,0.020748190581798553,0,1,0.9545612335205078,1,TE
202000439,John Copenhaver,2020,TE,0.887,67.5984,1,0.9653924703598022,1,1,0.7230613231658936,1,0,0.006804991513490677,0,1,0.9653924703598022,1,TE
202000451,Ben Yurosek,2020,TE,0.8859,78.5729,1,0.8958390355110168,1,1,0.5263984203338623,1,0,0.0037745421286672354,0,1,0.8958390355110168,1,TE
202000489,Caden Clark,2020,TE,0.8826,0.0,0,0.8745582699775696,1,0,0.8421911001205444,1,0,0.001181966857984662,0,0,0.8745582699775696,1,TE
202000519,Elijah Yelverton,2020,TE,0.8804,33.7548,1,0.9631231427192688,1,0,0.9019134640693665,1,0,0.15823204815387726,0,1,0.9631231427192688,1,TE
202000551,Tyler Warren,2020,TE,0.8785,100.0,1,0.8553626537322998,1,1,0.9039496183395386,1,1,0.0029116866644471884,0,1,0.8553626537322998,1,TE
202000584,Sage Ennis,2020,TE,0.8763,70.5715,1,0.9392860531806946,1,1,0.8263456225395203,1,0,0.0019553133752197027,0,1,0.9392860531806946,1,TE
202000589,Blake Smith,2020,TE,0.8759,55.0482,1,0.7292879223823547,1,1,0.45130956172943115,0,0,0.004185899626463652,0,1,0.7292879223823547,1,TE
202000637,Drake Dabney,2020,TE,0.8726,69.3076,1,0.9667702913284302,1,1,0.7788655161857605,1,0,0.003518822602927685,0,1,0.9667702913284302,1,TE
202000640,Quinton Stewart,2020,TE,0.8726,66.1121,1,0.9329847693443298,1,1,0.7784096598625183,1,0,0.010176941752433777,0,1,0.9329847693443298,1,TE
202000672,Allen Horace,2020,TE,0.8707,0.0,0,0.893800675868988,1,0,0.5086694359779358,1,0,0.002257399260997772,0,0,0.893800675868988,1,TE
202000679,Kendall Karr,2020,TE,0.8707,58.6351,1,0.7703295946121216,1,1,0.45631125569343567,0,0,0.00776027562096715,0,1,0.7703295946121216,1,TE
202000718,Cam Large,2020,TE,0.8685,0.0,0,0.8131200075149536,1,0,0.48219624161720276,0,0,0.03276394307613373,0,0,0.8131200075149536,1,TE
202000719,Tommy Guajardo,2020,TE,0.8685,0.0,0,0.8107073903083801,1,0,0.5382592082023621,1,0,0.0009836727986112237,0,0,0.8107073903083801,1,TE
202000753,Caleb Fauria,2020,TE,0.8678,49.8836,1,0.8480917811393738,1,0,0.3964184522628784,0,0,0.010288558900356293,0,1,0.8480917811393738,1,TE
202000770,Jonathan Odom,2020,TE,0.867,55.5893,1,0.4751415550708771,0,1,0.8731237649917603,1,0,0.043709274381399155,0,1,0.4751415550708771,0,TE
202000785,Charlie Gordinier,2020,TE,0.8663,22.2118,1,0.875590443611145,1,0,0.7949632406234741,1,0,0.006519561167806387,0,1,0.875590443611145,1,TE
202000827,Diego LaMonica,2020,TE,0.8648,0.0,0,0.970460057258606,1,0,0.639397382736206,1,0,0.010994230397045612,0,0,0.970460057258606,1,TE
202000836,Steven Mahar Jr.,2020,TE,0.8641,54.8693,1,0.9180258512496948,1,1,0.7653902173042297,1,0,0.2894672155380249,0,1,0.9180258512496948,1,TE
202000873,Will Swanson,2020,TE,0.863,71.1429,1,0.9276101589202881,1,1,0.41775861382484436,0,0,0.0068175652995705605,0,1,0.9276101589202881,1,TE
202000895,Clay Caudill,2020,TE,0.8619,0.0,0,0.7934290766716003,1,0,0.7632554769515991,1,0,0.0007023189682513475,0,0,0.7934290766716003,1,TE
202000937,Billy Ward,2020,TE,0.8596,53.6064,1,0.8431653380393982,1,1,0.27493035793304443,0,0,0.002205244032666087,0,1,0.8431653380393982,1,TE
202000940,Carter Boatwright,2020,TE,0.8596,48.417,1,0.9217184782028198,1,0,0.5464904308319092,1,0,0.005857985932379961,0,1,0.9217184782028198,1,TE
202000994,DaMarcus Thomas,2020,TE,0.8578,60.2335,1,0.6673835515975952,1,1,0.7221515774726868,1,0,0.004887592513114214,0,1,0.6673835515975952,1,TE
202001017,Mason West,2020,TE,0.8574,0.0,0,0.9505095481872559,1,0,0.7411953210830688,1,0,0.0013131415471434593,0,0,0.9505095481872559,1,TE
202001057,Will Huggins,2020,TE,0.8556,55.3329,1,0.8655579686164856,1,1,0.6748082041740417,1,0,0.0052177393808960915,0,1,0.8655579686164856,1,TE
202001085,Joshua Rawlings,2020,TE,0.8544,53.1578,1,0.850476086139679,1,1,0.8368344306945801,1,0,0.001826005638577044,0,1,0.850476086139679,1,TE
202001104,Alex Lines,2020,TE,0.8533,56.8055,1,0.9225051999092102,1,1,0.36509987711906433,0,0,0.003662488656118512,0,1,0.9225051999092102,1,TE
202001109,John Holcomb,2020,TE,0.8533,45.0151,1,0.8830945491790771,1,0,0.4075215458869934,0,0,0.0030553508549928665,0,1,0.8830945491790771,1,TE
202001135,AJ Barner,2020,TE,0.8522,68.7959,1,0.8771927356719971,1,1,0.7553827166557312,1,0,0.11251389235258102,0,1,0.8771927356719971,1,TE
202001168,Jake Overman,2020,TE,0.8511,69.9942,1,0.9061722755432129,1,1,0.5162770748138428,1,0,0.0009604759397916496,0,1,0.9061722755432129,1,TE
202001180,Trevor Kardell,2020,TE,0.8511,68.6307,1,0.9712424874305725,1,1,0.7462306618690491,1,0,0.046843402087688446,0,1,0.9712424874305725,1,TE
202001182,Hans Lillis,2020,TE,0.8511,52.2683,1,0.9477488994598389,1,1,0.6936260461807251,1,0,0.009520741179585457,0,1,0.9477488994598389,1,TE
202001184,Hunter Welcing,2020,TE,0.8511,63.205,1,0.948488175868988,1,1,0.4217514991760254,0,0,0.004965980537235737,0,1,0.948488175868988,1,TE
202001227,Trey Boll,2020,TE,0.85,55.3028,1,0.9504778981208801,1,1,0.4751647412776947,0,0,0.003792477073147893,0,1,0.9504778981208801,1,TE
202001236,Shane Calhoun,2020,TE,0.85,67.2163,1,0.6634412407875061,1,1,0.449499249458313,0,0,0.0017189065692946315,0,1,0.6634412407875061,1,TE
202001245,Marshall Lang,2020,TE,0.8496,68.8628,1,0.8648379445075989,1,1,0.5629705190658569,1,0,0.07096346467733383,0,1,0.8648379445075989,1,TE
202001290,Charles Finley,2020,TE,0.8478,41.1064,1,0.8492000699043274,1,0,0.4258153438568115,0,0,0.007478524465113878,0,1,0.8492000699043274,1,TE
202001306,Sam Daugstrup,2020,TE,0.8474,0.0,0,0.7580230236053467,1,0,0.5808287262916565,1,0,0.0016846522921696305,0,0,0.7580230236053467,1,TE
202001334,Levi Gazarek,2020,TE,0.8467,62.6172,1,0.8604189157485962,1,1,0.4931197464466095,0,0,0.00027166205109097064,0,1,0.8604189157485962,1,TE
202001440,Roberto Miranda,2020,TE,0.8426,58.2358,1,0.7494325041770935,1,1,0.5139868855476379,1,0,0.07383447140455246,0,1,0.7494325041770935,1,TE
202001477,Deyunkrea Lewis,2020,TE,0.8417,57.9078,1,0.8657376170158386,1,1,0.8525870442390442,1,0,0.003066594712436199,0,1,0.8657376170158386,1,TE
202001554,Taylor Thompson,2020,TE,0.8393,55.5591,1,0.8429859280586243,1,1,0.8434349298477173,1,0,0.0014218904543668032,0,1,0.8429859280586243,1,TE
202001563,Christian Lee,2020,TE,0.8389,46.5453,1,0.8701265454292297,1,0,0.39616894721984863,0,0,0.006046461407095194,0,1,0.8701265454292297,1,TE
202001565,Austin Henderson,2020,TE,0.8389,59.0753,1,0.7157741785049438,1,1,0.562649667263031,1,0,0.004808942787349224,0,1,0.7157741785049438,1,TE
202001625,Desmond Daniels,2020,TE,0.8374,0.0,0,0.6939654350280762,1,0,0.3792422115802765,0,0,0.005416879430413246,0,0,0.6939654350280762,1,TE
202001675,Michael Frogge,2020,TE,0.8359,50.6771,1,0.6631460785865784,1,1,0.5638324618339539,1,0,0.029597612097859383,0,1,0.6631460785865784,1,TE
202001680,Reggie Brown,2020,TE,0.8356,62.6792,1,0.835041880607605,1,1,0.47936809062957764,0,0,0.0005933557404205203,0,1,0.835041880607605,1,TE
202001740,James Bomba,2020,TE,0.8333,64.3148,1,0.849666953086853,1,1,0.7661849856376648,1,0,0.004746902734041214,0,1,0.849666953086853,1,TE
202001769,Kaleo Ballungay,2020,TE,0.8322,62.8665,1,0.7639586329460144,1,1,0.49534159898757935,0,0,0.0024011917412281036,0,1,0.7639586329460144,1,TE
202001835,Ezemdi Udoh,2020,TE,0.8304,0.0,0,0.7436489462852478,1,0,0.1982937753200531,0,0,0.02161279320716858,0,0,0.7436489462852478,1,TE
202001836,Cole Finney,2020,TE,0.8304,58.1863,1,0.8328965306282043,1,1,0.4077209532260895,0,0,0.0840471088886261,0,1,0.8328965306282043,1,TE
202001837,Matt Lowe,2020,TE,0.8304,1.0,0,0.7271795272827148,1,0,0.36782434582710266,0,0,0.015419702045619488,0,0,0.7271795272827148,1,TE
202001840,Griffin Little,2020,TE,0.8304,44.46,1,0.820385217666626,1,0,0.47212812304496765,0,0,0.003929622936993837,0,1,0.820385217666626,1,TE
202001870,James Phillips,2020,TE,0.83,0.0,0,0.8118668794631958,1,0,0.6515823602676392,1,0,0.0005881052347831428,0,0,0.8118668794631958,1,TE
202001904,Donta Armstrong,2020,TE,0.83,39.4987,1,0.5269339084625244,1,0,0.5169385671615601,1,0,0.022225158289074898,0,1,0.5269339084625244,1,TE
202001927,Nate Kamper,2020,TE,0.8283,0.0,0,0.5129614472389221,1,0,0.21806463599205017,0,0,0.012257695198059082,0,0,0.5129614472389221,1,TE
202001936,Mitch Bartol,2020,TE,0.8281,52.4255,1,0.5717297196388245,1,1,0.407629132270813,0,0,0.035967860370874405,0,1,0.5717297196388245,1,TE
202001939,Collin Sutherland,2020,TE,0.8281,0.0,0,0.8529847860336304,1,0,0.5738056302070618,1,0,0.033273953944444656,0,0,0.8529847860336304,1,TE
202001960,Jake Ray,2020,TE,0.827,0.0,0,0.9055125713348389,1,0,0.8105962872505188,1,0,0.01162796188145876,0,0,0.9055125713348389,1,TE
202001968,Tommy Spencer,2020,TE,0.8267,47.19,1,0.7927994132041931,1,0,0.5620360374450684,1,0,0.009684780612587929,0,1,0.7927994132041931,1,TE
202002015,Jay Rudolph,2020,TE,0.8259,54.44,1,0.5288463830947876,1,1,0.18887212872505188,0,0,0.021912941709160805,0,1,0.5288463830947876,1,TE
202002069,Jackson Manning,2020,TE,0.8233,48.8458,1,0.8082341551780701,1,0,0.5265556573867798,1,0,0.14814232289791107,0,1,0.8082341551780701,1,TE
202002071,Bayne Tryon,2020,TE,0.8233,54.6024,1,0.5569821000099182,1,1,0.4759998321533203,0,0,0.001821136218495667,0,1,0.5569821000099182,1,TE
202002082,Christian Moore,2020,TE,0.8226,62.5555,1,0.5461482405662537,1,1,0.38109922409057617,0,0,0.014374347403645515,0,1,0.5461482405662537,1,TE
202002086,Brendan Heatherman,2020,TE,0.8226,0.0,0,0.8414904475212097,1,0,0.6770302653312683,1,0,0.030451111495494843,0,0,0.8414904475212097,1,TE
202002091,Eli Wilson,2020,TE,0.8222,63.1197,1,0.6563533544540405,1,1,0.5078793168067932,1,0,0.04088002070784569,0,1,0.6563533544540405,1,TE
202002196,Broc Lane,2020,TE,0.82,60.7268,1,0.5670585036277771,1,1,0.20642982423305511,0,0,0.0020063319243490696,0,1,0.5670585036277771,1,TE
202002233,Russell Corrigan,2020,TE,0.8193,0.0,0,0.4936912953853607,0,0,0.302039235830307,0,0,0.001029341947287321,0,0,0.4936912953853607,0,TE
202002235,Dan Dishman,2020,TE,0.8193,64.3841,1,0.4613863229751587,0,1,0.32800328731536865,0,0,0.020344575867056847,0,1,0.4613863229751587,0,TE
202002254,Jacob Hopper,2020,TE,0.8183,58.973,1,0.8446333408355713,1,1,0.8073923587799072,1,0,0.0061626192182302475,0,1,0.8446333408355713,1,TE
202002346,Jesse Sanders,2020,TE,0.8156,0.0,0,0.7590191960334778,1,0,0.5065634846687317,1,0,0.00432042358443141,0,0,0.7590191960334778,1,TE
202002354,Louis Passarello,2020,TE,0.8148,30.6247,1,0.37597551941871643,0,0,0.2137933075428009,0,0,0.011268038302659988,0,1,0.37597551941871643,0,TE
202002395,Mitchell Sellers,2020,TE,0.8133,0.0,0,0.8636103272438049,1,0,0.3819189965724945,0,0,0.004837614484131336,0,0,0.8636103272438049,1,TE
202002403,Kris Byrd,2020,TE,0.813,55.1229,1,0.8099396228790283,1,1,0.7760660648345947,1,0,0.04253927990794182,0,1,0.8099396228790283,1,TE
202002592,Dylan Walker,2020,TE,0.81,0.0,0,0.5652569532394409,1,0,0.5141202211380005,1,0,0.0132964588701725,0,0,0.5652569532394409,1,TE
202002599,Conner Kinslow,2020,TE,0.81,34.9406,1,0.5862864255905151,1,0,0.38632017374038696,0,0,0.004393089096993208,0,1,0.5862864255905151,1,TE
202002614,Rivaldo Fairweather,2020,TE,0.8094,74.2784,1,0.619257926940918,1,1,0.30627328157424927,0,0,0.048670168966054916,0,1,0.619257926940918,1,TE
202002682,Christian Sabatini,2020,TE,0.8063,0.0,0,0.583480954170227,1,0,0.5968526601791382,1,0,0.0019020576728507876,0,0,0.583480954170227,1,TE
202002757,Noah Patty,2020,TE,0.8033,0.0,0,0.7563268542289734,1,0,0.5160564184188843,1,0,0.03168245032429695,0,0,0.7563268542289734,1,TE
202002764,Jake Novotny,2020,TE,0.803,0.0,0,0.7617259621620178,1,0,0.4979448616504669,0,0,0.013086135499179363,0,0,0.7617259621620178,1,TE
202002899,Jere Getzinger,2020,TE,0.8,58.2854,1,0.5156113505363464,1,1,0.49354878067970276,0,0,0.001513491733931005,0,1,0.5156113505363464,1,TE
202002972,Nick Miles,2020,TE,0.8,59.2641,1,0.858008086681366,1,1,0.4923270642757416,0,0,0.00491295987740159,0,1,0.858008086681366,1,TE
202002982,Jake Clemons,2020,TE,0.8,61.2522,1,0.7335060834884644,1,1,0.4997223913669586,0,0,0.0012944734189659357,0,1,0.7335060834884644,1,TE
202003009,Maximilian Mang,2020,TE,0.7978,68.0558,1,0.7844088673591614,1,1,0.6588085293769836,1,0,0.002271947916597128,0,1,0.7844088673591614,1,TE
202003081,Tristian Brank,2020,TE,0.7933,55.3931,1,0.7684158086776733,1,1,0.14727871119976044,0,0,0.0056180753745138645,0,1,0.7684158086776733,1,TE
202003092,Mitchel Collier,2020,TE,0.7919,44.1475,1,0.9250897169113159,1,0,0.6109809875488281,1,0,0.0426715724170208,0,1,0.9250897169113159,1,TE
202003166,Wyatt Schroeder,2020,TE,0.79,23.5967,1,0.7977794408798218,1,0,0.25498121976852417,0,0,0.04057886451482773,0,1,0.7977794408798218,1,TE
202003232,August Drews,2020,TE,0.79,41.9418,1,0.8032174110412598,1,0,0.3546430766582489,0,0,0.0077942050993442535,0,1,0.8032174110412598,1,TE
202003269,Connor Witthoft,2020,TE,0.79,53.65,1,0.9186229705810547,1,1,0.616471529006958,1,0,0.016189849004149437,0,1,0.9186229705810547,1,TE
202003316,Aaron Greene,2020,TE,0.79,38.506,1,0.6025487780570984,1,0,0.12378943711519241,0,0,0.009985992684960365,0,1,0.6025487780570984,1,TE
202003358,Trevor Borland,2020,TE,0.7856,60.7639,1,0.861979067325592,1,1,0.6570948362350464,1,0,0.01454959437251091,0,1,0.861979067325592,1,TE
202003386,Sam Olson,2020,TE,0.7833,65.7993,1,0.8715047240257263,1,1,0.48240187764167786,0,0,0.01339509803801775,0,1,0.8715047240257263,1,TE
202003653,Bryce Boyer,2020,TE,0.77,24.525,1,0.5986835360527039,1,0,0.5641607642173767,1,0,0.010108926333487034,0,1,0.5986835360527039,1,TE
202003809,Cole Mitchell,2020,TE,0.76,0.0,0,0.6412268877029419,1,0,0.21476638317108154,0,0,0.007729245349764824,0,0,0.6412268877029419,1,TE
202003868,Nick Dottore,2020,TE,0.75,0.0,0,0.5285218954086304,1,0,0.4027438461780548,0,0,0.003782865358516574,0,0,0.5285218954086304,1,TE
202100061,Jake Briningstool,2021,TE,0.9713,80.8121,1,0.9577168226242065,1,1,0.9305031895637512,1,1,0.013323072344064713,0,1,0.9577168226242065,1,TE
202100093,Thomas Fidone II,2021,TE,0.9593,0.0,0,0.9668145775794983,1,0,0.9816032648086548,1,0,0.16702985763549805,0,0,0.9668145775794983,1,TE
202100105,Brock Bowers,2021,TE,0.9531,95.7824,1,0.9282567501068115,1,1,0.9334526062011719,1,1,0.06580524891614914,0,1,0.9282567501068115,1,TE
202100130,Michael Trigg,2021,TE,0.9402,80.3826,1,0.8534370064735413,1,1,0.9236431121826172,1,1,0.022919751703739166,0,1,0.8534370064735413,1,TE
202100160,Moliki Matavao,2021,TE,0.9324,68.8293,1,0.9811776876449585,1,1,0.9563479423522949,1,0,0.04857511445879936,0,1,0.9811776876449585,1,TE
202100201,Elijah Arroyo,2021,TE,0.9212,61.3667,1,0.9286148548126221,1,1,0.8352452516555786,1,0,0.1064445897936821,0,1,0.9286148548126221,1,TE
202100207,Jermaine Terry II,2021,TE,0.9196,65.5443,1,0.7653006911277771,1,1,0.8487347960472107,1,0,0.040871862322092056,0,1,0.7653006911277771,1,TE
202100209,Hudson Wolfe,2021,TE,0.9193,45.2742,1,0.8659221529960632,1,0,0.9116588830947876,1,0,0.04570744186639786,0,1,0.8659221529960632,1,TE
202100216,Terrance Ferguson,2021,TE,0.9178,83.7867,1,0.7358214259147644,1,1,0.4135912358760834,0,1,0.22355885803699493,0,1,0.7358214259147644,1,TE
202100238,Cane Berrong,2021,TE,0.9137,46.4715,1,0.9062457084655762,1,0,0.8199976682662964,1,0,0.005850476212799549,0,1,0.9062457084655762,1,TE
202100257,Louis Hansen,2021,TE,0.909,57.3274,1,0.9325860738754272,1,1,0.8433278203010559,1,0,0.005439048167318106,0,1,0.9325860738754272,1,TE
202100332,Gage Wilcox,2021,TE,0.8985,0.0,0,0.9377821087837219,1,0,0.9610770344734192,1,0,0.004602873232215643,0,0,0.9377821087837219,1,TE
202100336,Bryson Nesbit,2021,TE,0.8978,78.062,1,0.8405062556266785,1,1,0.8804863095283508,1,0,0.03757940232753754,0,1,0.8405062556266785,1,TE
202100389,Sam Hart,2021,TE,0.8911,46.9784,1,0.9604302048683167,1,0,0.7916655540466309,1,0,0.10249323397874832,0,1,0.9604302048683167,1,TE
202100419,Erik Olsen,2021,TE,0.8889,49.3868,1,0.9360476136207581,1,0,0.6186311841011047,1,0,0.055981747806072235,0,1,0.9360476136207581,1,TE
202100425,Miles Campbell,2021,TE,0.8881,32.7875,1,0.7946184277534485,1,0,0.8359794020652771,1,0,0.0017010722076520324,0,1,0.7946184277534485,1,TE
202100431,Nick Elksnis,2021,TE,0.8877,56.6335,1,0.9063485264778137,1,1,0.5435398817062378,1,0,0.010691098868846893,0,1,0.9063485264778137,1,TE
202100457,Jack Pugh,2021,TE,0.8852,0.0,0,0.6420431137084961,1,0,0.4346572160720825,0,0,0.023290807381272316,0,0,0.6420431137084961,1,TE
202100483,Jordan Dingle,2021,TE,0.8826,69.9197,1,0.8490538597106934,1,1,0.8471316695213318,1,0,0.009514798410236835,0,1,0.8490538597106934,1,TE
202100484,Lake McRee,2021,TE,0.8826,75.5075,1,0.9044765830039978,1,1,0.7036443948745728,1,0,0.0026828960981220007,0,1,0.9044765830039978,1,TE
202100504,Isaac Vaha,2021,TE,0.8815,0.0,0,0.8953626751899719,1,0,0.7855403423309326,1,0,0.06059402599930763,0,0,0.8953626751899719,1,TE
202100505,Mitchell Evans,2021,TE,0.8815,67.9013,1,0.4104767441749573,0,1,0.23464937508106232,0,0,0.002186447847634554,0,1,0.4104767441749573,0,TE
202100516,James Carnie,2021,TE,0.8804,0.0,0,0.9612258076667786,1,0,0.8496968150138855,1,0,0.0049687521532177925,0,0,0.9612258076667786,1,TE
202100554,Tyler Moore,2021,TE,0.8774,67.1874,1,0.9234517216682434,1,1,0.8775588870048523,1,0,0.07207051664590836,0,1,0.9234517216682434,1,TE
202100557,River Helms,2021,TE,0.877,51.5422,1,0.980434775352478,1,1,0.9617292284965515,1,0,0.026371367275714874,0,1,0.980434775352478,1,TE
202100593,Landen King,2021,TE,0.8748,54.7653,1,0.9564541578292847,1,1,0.6539838910102844,1,0,0.04778965562582016,0,1,0.9564541578292847,1,TE
202100601,Jackson West,2021,TE,0.8741,61.2141,1,0.9739592671394348,1,1,0.9215057492256165,1,0,0.0052601988427340984,0,1,0.9739592671394348,1,TE
202100630,Robbie Ouzts,2021,TE,0.873,67.3034,1,0.9301964044570923,1,1,0.6886768341064453,1,0,0.014104287140071392,0,1,0.9301964044570923,1,TE
202100641,Jameson Geers,2021,TE,0.8726,67.0726,1,0.9013726115226746,1,1,0.7348030209541321,1,0,0.016250988468527794,0,1,0.9013726115226746,1,TE
202100667,Khalil Dinkins,2021,TE,0.8711,69.3427,1,0.8679123520851135,1,1,0.6345083713531494,1,0,0.0025261358823627234,0,1,0.8679123520851135,1,TE
202100668,Gunnar Helm,2021,TE,0.8711,76.3961,1,0.9140581488609314,1,1,0.8109042048454285,1,0,0.2336031049489975,0,1,0.9140581488609314,1,TE
202100694,Jed Castles,2021,TE,0.87,25.3513,1,0.8717752695083618,1,0,0.4780055284500122,0,0,0.021034125238656998,0,1,0.8717752695083618,1,TE
202100727,Fernando Garza III,2021,TE,0.8681,47.2337,1,0.6791584491729736,1,0,0.5475903153419495,1,0,0.007333990186452866,0,1,0.6791584491729736,1,TE
202100739,Aaron Steinfeldt,2021,TE,0.8674,55.2878,1,0.815484344959259,1,1,0.5012726187705994,1,0,0.0018453949596732855,0,1,0.815484344959259,1,TE
202100740,Fred Seabrough,2021,TE,0.8674,48.2665,1,0.7005430459976196,1,0,0.41809749603271484,0,0,0.0044215028174221516,0,1,0.7005430459976196,1,TE
202100807,Victor Mullen,2021,TE,0.8648,0.0,0,0.7270100712776184,1,0,0.43888410925865173,0,0,0.010502338409423828,0,0,0.7270100712776184,1,TE
202100812,Mason Tharp,2021,TE,0.8644,66.0594,1,0.9528671503067017,1,1,0.5184863209724426,1,0,0.09420540928840637,0,1,0.9528671503067017,1,TE
202100819,Kahlil Brantley,2021,TE,0.8641,56.4624,1,0.8726611733436584,1,1,0.5763818025588989,1,0,0.011663999408483505,0,1,0.8726611733436584,1,TE
202100842,AJ Rollins,2021,TE,0.863,43.7841,1,0.9315069913864136,1,0,0.3306313455104828,0,0,0.0031694420613348484,0,1,0.9315069913864136,1,TE
202100860,Cedric Seabrough,2021,TE,0.8628,48.2665,1,0.9200923442840576,1,0,0.6291350722312927,1,0,0.003180895699188113,0,1,0.9200923442840576,1,TE
202100883,Victor Wikstrom,2021,TE,0.8611,34.6211,1,0.9631828665733337,1,0,0.7497199773788452,1,0,0.0016612309264019132,0,1,0.9631828665733337,1,TE
202100894,Weston Wolff,2021,TE,0.8607,52.6976,1,0.9451685547828674,1,1,0.6091446876525879,1,0,0.006535582710057497,0,1,0.9451685547828674,1,TE
202100909,CJ Dippre,2021,TE,0.8607,68.8963,1,0.93083655834198,1,1,0.8952541351318359,1,0,0.005653847008943558,0,1,0.93083655834198,1,TE
202100912,Ryan Hoerstkamp,2021,TE,0.8607,53.2011,1,0.9589589834213257,1,1,0.7686396241188049,1,0,0.008349870331585407,0,1,0.9589589834213257,1,TE
202100920,Var'Keyes Gumms,2021,TE,0.86,60.1795,1,0.948724627494812,1,1,0.4380159378051758,0,0,0.0011435154592618346,0,1,0.948724627494812,1,TE
202100931,Gunnar Greenwald,2021,TE,0.8596,58.8711,1,0.9756014943122864,1,1,0.7265836596488953,1,0,0.007833736017346382,0,1,0.9756014943122864,1,TE
202100932,Treylan Davis,2021,TE,0.8596,64.2228,1,0.9139494299888611,1,1,0.691908597946167,1,0,0.012922906316816807,0,1,0.9139494299888611,1,TE
202100992,Erin Outley,2021,TE,0.8574,0.0,0,0.17755761742591858,0,0,0.21803699433803558,0,0,0.0029334938153624535,0,0,0.17755761742591858,0,TE
202101056,Gavin McKay,2021,TE,0.8556,0.0,0,0.9547324776649475,1,0,0.7027390003204346,1,0,0.002774119144305587,0,0,0.9547324776649475,1,TE
202101117,Keleki Latu,2021,TE,0.853,63.7939,1,0.9296658039093018,1,1,0.6333417892456055,1,0,0.0049194772727787495,0,1,0.9296658039093018,1,TE
202101132,Charlie Browder,2021,TE,0.8522,44.5686,1,0.9377864003181458,1,0,0.6250470876693726,1,0,0.012311995029449463,0,1,0.9377864003181458,1,TE
202101167,Jake Renda,2021,TE,0.8511,36.2162,1,0.804442822933197,1,0,0.7895224094390869,1,0,0.0028581288643181324,0,1,0.804442822933197,1,TE
202101189,LeRon Husbands,2021,TE,0.85,45.9817,1,0.9476620554924011,1,0,0.69121253490448,1,0,0.002347309375181794,0,1,0.9476620554924011,1,TE
202101257,Jack Witmer,2021,TE,0.8478,48.245,1,0.8741075992584229,1,0,0.6000234484672546,1,0,0.019851982593536377,0,1,0.8741075992584229,1,TE
202101322,J.T. Byrne,2021,TE,0.8459,60.6345,1,0.8846170902252197,1,1,0.7136238217353821,1,0,0.0007991936290636659,0,1,0.8846170902252197,1,TE
202101335,Gavin Bartholomew,2021,TE,0.8456,73.5325,1,0.747546911239624,1,1,0.7018865942955017,1,0,0.009110420942306519,0,1,0.747546911239624,1,TE
202101336,Colby Powers,2021,TE,0.8452,40.9103,1,0.6306344270706177,1,0,0.47325316071510315,0,0,0.0012205388629809022,0,1,0.6306344270706177,1,TE
202101414,Devean Deal,2021,TE,0.8422,26.7814,1,0.7344114780426025,1,0,0.47370848059654236,0,0,0.05376167967915535,0,1,0.7344114780426025,1,TE
202101431,Joey Bearns III,2021,TE,0.8415,58.5013,1,0.3725608289241791,0,1,0.3260667324066162,0,0,0.002183315809816122,0,1,0.3725608289241791,0,TE
202101437,Matt Lauter,2021,TE,0.8415,65.9547,1,0.7842990756034851,1,1,0.6404627561569214,1,0,0.0015469923382624984,0,1,0.7842990756034851,1,TE
202101447,Bryce Butler,2021,TE,0.8411,55.2428,1,0.7155026197433472,1,1,0.2906739115715027,0,0,0.01898110844194889,0,1,0.7155026197433472,1,TE
202101491,Errington McRae,2021,TE,0.8389,0.0,0,0.7552701234817505,1,0,0.5907515287399292,1,0,0.008124389685690403,0,0,0.7552701234817505,1,TE
202101492,Mason Brotherton,2021,TE,0.8389,0.0,0,0.5408584475517273,1,0,0.5419774055480957,1,0,0.02300528809428215,0,0,0.5408584475517273,1,TE
202101514,Landon Morris,2021,TE,0.8389,51.8834,1,0.8576433658599854,1,1,0.7642259001731873,1,0,0.018229234963655472,0,1,0.8576433658599854,1,TE
202101634,Daniel Pilgrim,2021,TE,0.8337,0.0,0,0.718987226486206,1,0,0.7420757412910461,1,0,0.005731773562729359,0,0,0.718987226486206,1,TE
202101643,Banks Pope,2021,TE,0.8337,53.3167,1,0.8135930299758911,1,1,0.741977870464325,1,0,0.001360806985758245,0,1,0.8135930299758911,1,TE
202101661,Gus McGee,2021,TE,0.8333,59.6291,1,0.8326954245567322,1,1,0.42371371388435364,0,0,0.001057203859090805,0,1,0.8326954245567322,1,TE
202101667,Gavin Ellis,2021,TE,0.8333,48.1876,1,0.7357719540596008,1,0,0.5638324618339539,1,0,0.059384603053331375,0,1,0.7357719540596008,1,TE
202101673,Jared Gibble,2021,TE,0.8326,42.2472,1,0.9240568280220032,1,0,0.502857506275177,1,0,0.03239446505904198,0,1,0.9240568280220032,1,TE
202101700,Curtis Nixon,2021,TE,0.8317,0.0,0,0.8925758600234985,1,0,0.6626498699188232,1,0,0.007441128604114056,0,0,0.8925758600234985,1,TE
202101714,Shaun Grayson,2021,TE,0.8315,34.9143,1,0.8291965126991272,1,0,0.5320613980293274,1,0,0.023467229679226875,0,1,0.8291965126991272,1,TE
202101753,Drake Martinez,2021,TE,0.8304,0.0,0,0.8175221085548401,1,0,0.36098235845565796,0,0,0.004729186184704304,0,0,0.8175221085548401,1,TE
202101757,Jaggar Hebeisen,2021,TE,0.8304,48.0582,1,0.766011118888855,1,0,0.4273011088371277,0,0,0.05552387982606888,0,1,0.766011118888855,1,TE
202101784,Drayton Charlton-Perrin,2021,TE,0.8293,0.0,0,0.6783609986305237,1,0,0.6332693696022034,1,0,0.035967860370874405,0,0,0.6783609986305237,1,TE
202101823,Jathan Caldwell,2021,TE,0.8274,0.0,0,0.7287368178367615,1,0,0.39653441309928894,0,0,0.003806695807725191,0,0,0.7287368178367615,1,TE
202101873,Jacob Pasley,2021,TE,0.8259,40.4756,1,0.8426247239112854,1,0,0.5057189464569092,1,0,0.00475984625518322,0,1,0.8426247239112854,1,TE
202101890,Alec Palella,2021,TE,0.8252,32.4997,1,0.7676471471786499,1,0,0.42627838253974915,0,0,0.030165966600179672,0,1,0.7676471471786499,1,TE
202101914,David Larkins,2021,TE,0.8241,61.7148,1,0.7483041882514954,1,1,0.4680033326148987,0,0,0.0313291996717453,0,1,0.7483041882514954,1,TE
202101942,Tre Watson,2021,TE,0.8226,63.3124,1,0.378431499004364,0,1,0.45187029242515564,0,0,0.011744395829737186,0,1,0.378431499004364,0,TE
202101947,Cameron Harpole,2021,TE,0.8226,65.0244,1,0.6424224376678467,1,1,0.4462571442127228,0,0,0.005470729898661375,0,1,0.6424224376678467,1,TE
202101960,Carson Williams,2021,TE,0.8219,0.0,0,0.7928403615951538,1,0,0.7335231304168701,1,0,0.017813215032219887,0,0,0.7928403615951538,1,TE
202101972,Jacob Trussell,2021,TE,0.8215,0.0,0,0.8711022138595581,1,0,0.5679389238357544,1,0,0.010556364431977272,0,0,0.8711022138595581,1,TE
202101991,JP Murphy,2021,TE,0.8204,0.0,0,0.6610666513442993,1,0,0.5747386813163757,1,0,0.02728019654750824,0,0,0.6610666513442993,1,TE
202102004,Ryan Mosesso,2021,TE,0.8204,0.0,0,0.7583863139152527,1,0,0.7506551146507263,1,0,0.10260223597288132,0,0,0.7583863139152527,1,TE
202102020,William Ford,2021,TE,0.82,0.0,0,0.9338254332542419,1,0,0.5234026908874512,1,0,0.07853097468614578,0,0,0.9338254332542419,1,TE
202102032,JohnMichael Gyllenborg,2021,TE,0.8193,60.0897,1,0.6803084015846252,1,1,0.39620059728622437,0,0,0.0038481990341097116,0,1,0.6803084015846252,1,TE
202102044,Tanner Arkin,2021,TE,0.8185,68.4357,1,0.7513477206230164,1,1,0.3943382501602173,0,0,0.02474161982536316,0,1,0.7513477206230164,1,TE
202102048,Emmanual Stevenson,2021,TE,0.8183,60.2516,1,0.7390218377113342,1,1,0.822074294090271,1,0,0.014892401173710823,0,1,0.7390218377113342,1,TE
202102102,Zach Horton,2021,TE,0.8167,59.2469,1,0.6442189812660217,1,1,0.5746586322784424,1,0,0.006306088529527187,0,1,0.6442189812660217,1,TE
202102142,Cole Rusk,2021,TE,0.8148,49.919,1,0.7834680676460266,1,0,0.3518182635307312,0,0,0.0682661384344101,0,1,0.7834680676460266,1,TE
202102161,Austin Smith,2021,TE,0.8144,59.3851,1,0.6191379427909851,1,1,0.3300125300884247,0,0,0.031675975769758224,0,1,0.6191379427909851,1,TE
202102195,Blake Nelson,2021,TE,0.8117,0.0,0,0.7168357372283936,1,0,0.433749794960022,0,0,0.007106844335794449,0,0,0.7168357372283936,1,TE
202102214,Andreas Paaske,2021,TE,0.8117,57.4553,1,0.8152729868888855,1,1,0.512057900428772,1,0,0.005221240222454071,0,1,0.8152729868888855,1,TE
202102220,Rylan Green,2021,TE,0.8115,58.8372,1,0.7637545466423035,1,1,0.4070720970630646,0,0,0.003558484371751547,0,1,0.7637545466423035,1,TE
202102233,Hunter Marcom,2021,TE,0.8115,0.0,0,0.7814677953720093,1,0,0.6540900468826294,1,0,0.005454800091683865,0,0,0.7814677953720093,1,TE
202102269,Colin Weber,2021,TE,0.8093,64.5005,1,0.6158758997917175,1,1,0.33238446712493896,0,0,0.004264254122972488,0,1,0.6158758997917175,1,TE
202102278,Brody Dalton,2021,TE,0.8083,65.3438,1,0.8756563067436218,1,1,0.7679527401924133,1,0,0.11176259815692902,0,1,0.8756563067436218,1,TE
202102337,Kadinn Morris,2021,TE,0.8059,56.1228,1,0.8376927971839905,1,1,0.4649959206581116,0,0,0.04032418504357338,0,1,0.8376927971839905,1,TE
202102365,Jaedyn McKinstry,2021,TE,0.8056,41.5629,1,0.9143697023391724,1,0,0.5188218951225281,1,0,0.014294808730483055,0,1,0.9143697023391724,1,TE
202102374,Zachary Russell,2021,TE,0.8048,16.1646,0,0.5963684320449829,1,0,0.6311270594596863,1,0,0.0040717171505093575,0,0,0.5963684320449829,1,TE
202102395,Justin Morris,2021,TE,0.8026,40.8475,1,0.4895019233226776,0,0,0.568385660648346,1,0,0.007556636817753315,0,1,0.4895019233226776,0,TE
202102503,Parker Menefee,2021,TE,0.7956,52.1185,1,0.8294317126274109,1,1,0.37689846754074097,0,0,0.003329485422000289,0,1,0.8294317126274109,1,TE
202102564,Blake Kosin,2021,TE,0.7907,0.0,0,0.9190598726272583,1,0,0.6730666160583496,1,0,0.003589783562347293,0,0,0.9190598726272583,1,TE
202102692,Matthew Monaghan,2021,TE,0.7733,0.0,0,0.8406824469566345,1,0,0.5354412198066711,1,0,0.005696708336472511,0,0,0.8406824469566345,1,TE
202200095,Jake Johnson,2022,TE,0.9587,63.0772,1,0.8716891407966614,1,1,0.9582063555717468,1,0,0.24344153702259064,0,1,0.8716891407966614,1,TE
202200100,Oscar Delp,2022,TE,0.9577,71.3555,1,0.9034857749938965,1,1,0.9526507258415222,1,0,0.10499315708875656,0,1,0.9034857749938965,1,TE
202200102,Jaleel Skinner,2022,TE,0.9562,62.1499,1,0.9825403094291687,1,1,0.9128541946411133,1,0,0.30711016058921814,0,1,0.9825403094291687,1,TE
202200105,Donovan Green,2022,TE,0.9554,57.9567,1,0.9213225841522217,1,1,0.9386736154556274,1,0,0.3037503659725189,0,1,0.9213225841522217,1,TE
202200173,Eli Raridon,2022,TE,0.931,66.7069,1,0.9231616854667664,1,1,0.8863933086395264,1,0,0.08008038252592087,0,1,0.9231616854667664,1,TE
202200216,Theo Melin Ohrstrom,2022,TE,0.9162,64.1999,1,0.9337973594665527,1,1,0.9277253746986389,1,0,0.031986888498067856,0,1,0.9337973594665527,1,TE
202200236,Keyan Burnett,2022,TE,0.9127,61.1572,1,0.9588416218757629,1,1,0.785612165927887,1,0,0.009754211641848087,0,1,0.9588416218757629,1,TE
202200248,Jack Pedersen,2022,TE,0.9107,57.9404,1,0.9292306303977966,1,1,0.8816958665847778,1,0,0.00574762187898159,0,1,0.9292306303977966,1,TE
202200252,Jerry Cross,2022,TE,0.9099,52.0116,1,0.9423731565475464,1,1,0.8911905288696289,1,0,0.005294968839734793,0,1,0.9423731565475464,1,TE
202200259,Ryan Otton,2022,TE,0.9085,29.815,1,0.9758233428001404,1,0,0.9754586815834045,1,0,0.02630431577563286,0,1,0.9758233428001404,1,TE
202200288,Holden Staes,2022,TE,0.9026,69.5195,1,0.9447929859161377,1,1,0.849903404712677,1,0,0.04069502279162407,0,1,0.9447929859161377,1,TE
202200296,Sam Roush,2022,TE,0.9018,72.4989,1,0.9681896567344666,1,1,0.8104793429374695,1,0,0.07072828710079193,0,1,0.9681896567344666,1,TE
202200300,Elijah Brown,2022,TE,0.9012,37.072,1,0.8066893219947815,1,0,0.9458320140838623,1,0,0.1963661164045334,0,1,0.8066893219947815,1,TE
202200303,Colston Loveland,2022,TE,0.9011,83.5516,1,0.9332007765769958,1,1,0.7144572138786316,1,1,0.02531295269727707,0,1,0.9332007765769958,1,TE
202200306,Carsen Ryan,2022,TE,0.901,71.9322,1,0.982703447341919,1,1,0.8749685883522034,1,0,0.0499744676053524,0,1,0.982703447341919,1,TE
202200314,Benji Gosnell,2022,TE,0.9,64.4772,1,0.9304412603378296,1,1,0.8727068305015564,1,0,0.2736336886882782,0,1,0.9304412603378296,1,TE
202200319,Kaden Helms,2022,TE,0.9,55.6727,1,0.9881316423416138,1,1,0.8867377042770386,1,0,0.018678072839975357,0,1,0.9881316423416138,1,TE
202200345,RJ Maryland,2022,TE,0.8978,78.8984,1,0.887709379196167,1,1,0.7068093419075012,1,0,0.00206206738948822,0,1,0.887709379196167,1,TE
202200408,Bennett Christian,2022,TE,0.8917,60.6714,1,0.963435709476471,1,1,0.7768360376358032,1,0,0.03585166856646538,0,1,0.963435709476471,1,TE
202200427,Jason Llewellyn,2022,TE,0.89,61.4242,1,0.9165279269218445,1,1,0.5400931239128113,1,0,0.011378404684364796,0,1,0.9165279269218445,1,TE
202200447,Matt Ragan,2022,TE,0.8881,31.587,1,0.9699714779853821,1,0,0.5831387042999268,1,0,0.038747791200876236,0,1,0.9699714779853821,1,TE
202200466,Andre Dollar,2022,TE,0.8859,55.078,1,0.7331709861755371,1,1,0.4964841902256012,0,0,0.023587128147482872,0,1,0.7331709861755371,1,TE
202200492,Mason Taylor,2022,TE,0.885,79.5996,1,0.5195001363754272,1,1,0.5308287143707275,1,0,0.005976883694529533,0,1,0.5195001363754272,1,TE
202200497,Andrew Keller,2022,TE,0.8848,0.0,0,0.9420040249824524,1,0,0.8064412474632263,1,0,0.0179360993206501,0,0,0.9420040249824524,1,TE
202200498,Corbin Page,2022,TE,0.8848,0.0,0,0.7403725981712341,1,0,0.31380948424339294,0,0,0.021057305857539177,0,0,0.7403725981712341,1,TE
202200503,Brody Foley,2022,TE,0.8837,71.7959,1,0.7498708963394165,1,1,0.6404987573623657,1,0,0.00660580163821578,0,1,0.7498708963394165,1,TE
202200527,Jack Nickel,2022,TE,0.8826,51.4995,1,0.8860739469528198,1,1,0.7202746272087097,1,0,0.007467580959200859,0,1,0.8860739469528198,1,TE
202200547,Kelsey Johnson,2022,TE,0.8815,63.617,1,0.8965651392936707,1,1,0.6901121139526367,1,0,0.0017819564091041684,0,1,0.8965651392936707,1,TE
202200623,Danny Lewis Jr.,2022,TE,0.877,59.8227,1,0.8295917510986328,1,1,0.5169471502304077,1,0,0.003993930295109749,0,1,0.8295917510986328,1,TE
202200644,Ty Washington,2022,TE,0.8759,61.3859,1,0.9638487696647644,1,1,0.7138804793357849,1,0,0.011041402816772461,0,1,0.9638487696647644,1,TE
202200647,Dae'Quan Wright,2022,TE,0.8756,78.1613,1,0.9444659948348999,1,1,0.462304025888443,0,0,0.02219340018928051,0,1,0.9444659948348999,1,TE
202200675,CJ Hawkins,2022,TE,0.8744,43.4162,1,0.9539893865585327,1,0,0.874028742313385,1,0,0.01543507818132639,0,1,0.9539893865585327,1,TE
202200768,Ryan Miller,2022,TE,0.8704,0.0,0,0.857522189617157,1,0,0.5327739715576172,1,0,0.02615339495241642,0,0,0.857522189617157,1,TE
202200770,Miller McCrumby,2022,TE,0.8704,58.8034,1,0.8825659155845642,1,1,0.5802130699157715,1,0,0.0030110434163361788,0,1,0.8825659155845642,1,TE
202200771,Blake Gunter,2022,TE,0.8704,32.8347,1,0.6397095322608948,1,0,0.5079231858253479,1,0,0.002244751201942563,0,1,0.6397095322608948,1,TE
202200776,Cael Vanderbush,2022,TE,0.8696,0.0,0,0.82597815990448,1,0,0.5924012064933777,1,0,0.004437521565705538,0,0,0.82597815990448,1,TE
202200804,Jeremiah Franklin,2022,TE,0.8685,66.6516,1,0.7861467003822327,1,1,0.5127558708190918,1,0,0.05273010581731796,0,1,0.7861467003822327,1,TE
202200806,Charlie Kenrich,2022,TE,0.8685,0.0,0,0.5263460874557495,1,0,0.32370707392692566,0,0,0.0003171097778249532,0,0,0.5263460874557495,1,TE
202200814,Chris Petrucci,2022,TE,0.8685,27.5766,1,0.7621516585350037,1,0,0.5026869177818298,1,0,0.048691168427467346,0,1,0.7621516585350037,1,TE
202200815,Max Whisner,2022,TE,0.8685,40.8205,1,0.6984409689903259,1,0,0.4099024534225464,0,0,0.00873161293566227,0,1,0.6984409689903259,1,TE
202200849,Jack Velling,2022,TE,0.8667,82.122,1,0.8895377516746521,1,1,0.6106521487236023,1,1,0.006519561167806387,0,1,0.8895377516746521,1,TE
202200858,Karson Gay,2022,TE,0.8663,26.0331,1,0.724304735660553,1,0,0.31051871180534363,0,0,0.010121841914951801,0,1,0.724304735660553,1,TE
202200887,Cole Spence,2022,TE,0.8648,58.0385,1,0.8528848886489868,1,1,0.4706369638442993,0,0,0.009895559400320053,0,1,0.8528848886489868,1,TE
202200904,Austin Terry,2022,TE,0.8641,56.0461,1,0.9339747428894043,1,1,0.7295504808425903,1,0,0.038889430463314056,0,1,0.9339747428894043,1,TE
202200940,CJ Donaldson,2022,TE,0.863,41.2126,1,0.9432704448699951,1,0,0.617702066898346,1,0,0.002180059440433979,0,1,0.9432704448699951,1,TE
202201006,Kyirin Heath,2022,TE,0.86,59.2986,1,0.9434042572975159,1,1,0.78924959897995,1,0,0.0029584751464426517,0,1,0.9434042572975159,1,TE
202201016,Sean Sallis,2022,TE,0.8596,44.8925,1,0.8975543975830078,1,0,0.7839855551719666,1,0,0.002428817329928279,0,1,0.8975543975830078,1,TE
202201048,Harrison Saint Germain,2022,TE,0.8585,62.0501,1,0.8470439910888672,1,1,0.7101888656616211,1,0,0.0027048371266573668,0,1,0.8470439910888672,1,TE
202201049,Michael Masunas,2022,TE,0.8585,58.335,1,0.8894364833831787,1,1,0.493617445230484,0,0,0.006900157779455185,0,1,0.8894364833831787,1,TE
202201050,Chase Androff,2022,TE,0.8585,0.0,0,0.8912949562072754,1,0,0.7164013981819153,1,0,0.003661103779450059,0,0,0.8912949562072754,1,TE
202201063,Cody Mladenka,2022,TE,0.8578,41.6322,1,0.870271623134613,1,0,0.5481240749359131,1,0,0.002359760692343116,0,1,0.870271623134613,1,TE
202201074,Nate Kurisky,2022,TE,0.8574,64.976,1,0.9108166098594666,1,1,0.5725218057632446,1,0,0.001259239623323083,0,1,0.9108166098594666,1,TE
202201085,Zach Courtney,2022,TE,0.8567,51.7269,1,0.8811638951301575,1,1,0.504065990447998,1,0,0.00457367766648531,0,1,0.8811638951301575,1,TE
202201090,Brodie Tagaloa,2022,TE,0.8567,0.0,0,0.5811491012573242,1,0,0.48384788632392883,0,0,0.002250573830679059,0,0,0.5811491012573242,1,TE
202201126,Toby Payne,2022,TE,0.8556,57.2477,1,0.9524407982826233,1,1,0.7144869565963745,1,0,0.0645974799990654,0,1,0.9524407982826233,1,TE
202201146,Gabe Burkle,2022,TE,0.8544,63.5512,1,0.8768198490142822,1,1,0.6735131740570068,1,0,0.011259871535003185,0,1,0.8768198490142822,1,TE
202201162,Owen Anderson,2022,TE,0.8533,51.4143,1,0.8961015343666077,1,1,0.5954495668411255,1,0,0.003984719980508089,0,1,0.8961015343666077,1,TE
202201167,Brayden Loftin,2022,TE,0.8533,57.4393,1,0.9215502142906189,1,1,0.7626417875289917,1,0,0.003509970149025321,0,1,0.9215502142906189,1,TE
202201194,Logan Tanner,2022,TE,0.8522,39.9748,1,0.9610368609428406,1,0,0.5934450626373291,1,0,0.03642033413052559,0,1,0.9610368609428406,1,TE
202201197,Addison Ostrenga,2022,TE,0.8522,60.801,1,0.9370430707931519,1,1,0.5434569716453552,1,0,0.00034515364677645266,0,1,0.9370430707931519,1,TE
202201206,Max Klare,2022,TE,0.8522,80.1112,1,0.9026509523391724,1,1,0.6904476284980774,1,1,0.0050477199256420135,0,1,0.9026509523391724,1,TE
202201231,Jackson Long,2022,TE,0.8511,31.6222,1,0.8255049586296082,1,0,0.5392542481422424,1,0,0.00042196610593236983,0,1,0.8255049586296082,1,TE
202201250,Jake McTaggart,2022,TE,0.8504,0.0,0,0.9402045011520386,1,0,0.8109514713287354,1,0,0.004608388524502516,0,0,0.9402045011520386,1,TE
202201261,Mike Higgins,2022,TE,0.85,55.6954,1,0.8699815273284912,1,1,0.5917958617210388,1,0,0.004847424570471048,0,1,0.8699815273284912,1,TE
202201263,Jake Taylor,2022,TE,0.85,59.3678,1,0.8569834232330322,1,1,0.5983107686042786,1,0,0.0059951418079435825,0,1,0.8569834232330322,1,TE
202201291,JT Seagreaves,2022,TE,0.8493,50.1671,1,0.8894119262695312,1,1,0.42914992570877075,0,0,0.01106213964521885,0,1,0.8894119262695312,1,TE
202201327,Jerrale Powers,2022,TE,0.8478,0.0,0,0.845974326133728,1,0,0.4338260591030121,0,0,0.005399627611041069,0,0,0.845974326133728,1,TE
202201339,Tyler Powell,2022,TE,0.8478,48.5316,1,0.8736251592636108,1,0,0.3721342384815216,0,0,0.011259871535003185,0,1,0.8736251592636108,1,TE
202201350,Tajae Broadie,2022,TE,0.8474,21.5224,1,0.7771966457366943,1,0,0.7563827633857727,1,0,0.0009005946922115982,0,1,0.7771966457366943,1,TE
202201352,Nathan Jones,2022,TE,0.847,35.681,1,0.7657524347305298,1,0,0.5751364827156067,1,0,0.0025773162487894297,0,1,0.7657524347305298,1,TE
202201355,Henry Boyer,2022,TE,0.8467,63.4639,1,0.456727534532547,0,1,0.503849446773529,1,0,0.003830777946859598,0,1,0.456727534532547,0,TE
202201367,Josh Sapp,2022,TE,0.8467,63.9056,1,0.7493221759796143,1,1,0.5579162836074829,1,0,0.0019083732040598989,0,1,0.7493221759796143,1,TE
202201370,Gracen Bell,2022,TE,0.8467,0.0,0,0.9643898010253906,1,0,0.6998111009597778,1,0,0.005493159871548414,0,0,0.9643898010253906,1,TE
202201375,Jordan Williams,2022,TE,0.8463,44.0058,1,0.818588137626648,1,0,0.7763192653656006,1,0,0.00588188273832202,0,1,0.818588137626648,1,TE
202201396,Grant Stevens,2022,TE,0.8456,38.5672,1,0.8289837837219238,1,0,0.5500228404998779,1,0,0.005038807168602943,0,1,0.8289837837219238,1,TE
202201399,Max Reese,2022,TE,0.8456,56.1843,1,0.8933306336402893,1,1,0.2342316210269928,0,0,0.003919541835784912,0,1,0.8933306336402893,1,TE
202201431,Harry Lodge,2022,TE,0.8433,52.5973,1,0.8236026763916016,1,1,0.4608626067638397,0,0,0.00801472645252943,0,1,0.8236026763916016,1,TE
202201455,Houston Thomas,2022,TE,0.8422,59.8581,1,0.7250464558601379,1,1,0.23516200482845306,0,0,0.004407011438161135,0,1,0.7250464558601379,1,TE
202201464,Will Dixon,2022,TE,0.8417,34.648,1,0.5989035964012146,1,0,0.5363630056381226,1,0,0.028439242392778397,0,1,0.5989035964012146,1,TE
202201466,Naivyan Cargill,2022,TE,0.8417,0.0,0,0.9368866086006165,1,0,0.40972667932510376,0,0,0.0022306840401142836,0,0,0.9368866086006165,1,TE
202201508,Terrance Carter Jr.,2022,TE,0.8393,77.2256,1,0.5975548624992371,1,1,0.44871026277542114,0,0,0.002561047440394759,0,1,0.5975548624992371,1,TE
202201555,Garrett Oakley,2022,TE,0.8374,76.0883,1,0.617986261844635,1,1,0.4105229675769806,0,0,0.009508145041763783,0,1,0.617986261844635,1,TE
202201592,Nason Coleman,2022,TE,0.8367,0.0,0,0.6276118755340576,1,0,0.4801153540611267,0,0,0.003957401029765606,0,0,0.6276118755340576,1,TE
202201654,Marquell Darnell,2022,TE,0.8328,0.0,0,0.9311888217926025,1,0,0.7116261720657349,1,0,0.007288842927664518,0,0,0.9311888217926025,1,TE
202201692,Tabry Shettron,2022,TE,0.8315,0.0,0,0.7858564257621765,1,0,0.39983177185058594,0,0,0.006120080593973398,0,0,0.7858564257621765,1,TE
202201695,Bryan Henry,2022,TE,0.8315,47.2191,1,0.7311659455299377,1,0,0.47151806950569153,0,0,0.006152589805424213,0,1,0.7311659455299377,1,TE
202201768,J.C. Sivley,2022,TE,0.8267,51.1448,1,0.7321351170539856,1,1,0.811769425868988,1,0,0.02480919659137726,0,1,0.7321351170539856,1,TE
202201808,Marcus Vinson,2022,TE,0.8256,50.4929,1,0.682608425617218,1,1,0.12539486587047577,0,0,0.0032879735808819532,0,1,0.682608425617218,1,TE
202201834,Cam Ball,2022,TE,0.8237,60.3784,1,0.8756040334701538,1,1,0.6870742440223694,1,0,0.004439947195351124,0,1,0.8756040334701538,1,TE
202201874,Hayden Hansen,2022,TE,0.8215,65.9027,1,0.6190126538276672,1,1,0.6841097474098206,1,0,0.03255442529916763,0,1,0.6190126538276672,1,TE
202201894,Connor Vaughn,2022,TE,0.82,45.4712,1,0.6610904932022095,1,0,0.5070438981056213,1,0,0.10416243225336075,0,1,0.6610904932022095,1,TE
202201920,Teigan Martin,2022,TE,0.817,0.0,0,0.8863806128501892,1,0,0.3267180919647217,0,0,0.01037206593900919,0,0,0.8863806128501892,1,TE
202201954,Kendrick Rucker,2022,TE,0.8156,0.0,0,0.782852828502655,1,0,0.3243044912815094,0,0,0.04470584914088249,0,0,0.782852828502655,1,TE
202201965,Max Sullivan,2022,TE,0.8141,31.4089,1,0.843484103679657,1,0,0.38621947169303894,0,0,0.004484666045755148,0,1,0.843484103679657,1,TE
202202001,Thomas Jewett,2022,TE,0.8117,46.205,1,0.6461203098297119,1,0,0.5074621438980103,1,0,0.007928184233605862,0,1,0.6461203098297119,1,TE
202202029,Tyler Dostin,2022,TE,0.8096,0.0,0,0.83183354139328,1,0,0.3122894763946533,0,0,0.0006252027815207839,0,0,0.83183354139328,1,TE
202202037,Luke Seib,2022,TE,0.8093,31.8485,1,0.6538709998130798,1,0,0.4688946008682251,0,0,0.006438542157411575,0,1,0.6538709998130798,1,TE
202202047,John Locke Jr.,2022,TE,0.8067,50.5071,1,0.6436827182769775,1,1,0.3119622766971588,0,0,0.006313383113592863,0,1,0.6436827182769775,1,TE
202202069,Mohammed Hazime,2022,TE,0.8056,39.8428,1,0.5828078985214233,1,0,0.3431023955345154,0,0,0.0908195748925209,0,1,0.5828078985214233,1,TE
202202071,Zach Person,2022,TE,0.8052,0.0,0,0.493447482585907,0,0,0.3840315341949463,0,0,0.00896927434951067,0,0,0.493447482585907,0,TE
202202120,Avion McBride,2022,TE,0.7989,58.1534,1,0.7438761591911316,1,1,0.3017323613166809,0,0,0.006561338901519775,0,1,0.7438761591911316,1,TE
202202125,John Grant III,2022,TE,0.7983,0.0,0,0.9138659834861755,1,0,0.8606325387954712,1,0,0.04148048907518387,0,0,0.9138659834861755,1,TE
202202179,Isaac Schoenfeld,2022,TE,0.7883,51.9404,1,0.5098967552185059,1,1,0.412364661693573,0,0,0.0074234032072126865,0,1,0.5098967552185059,1,TE
202202198,Bruin Fleischmann,2022,TE,0.7833,52.1185,1,0.4556562602519989,0,1,0.779319167137146,1,0,0.0162886343896389,0,1,0.4556562602519989,0,TE
